request,latency,mem
epigenomics_6811_entry_0,1.0,1.0
epigenomics_6811_fastqSplit_0,70.45175460819476,106.56479686519134
epigenomics_6811_fastqSplit_1,50.126572127797445,103.20534746878484
epigenomics_6811_filterContams_0,23.913417228290932,62.593885391096435
epigenomics_6811_filterContams_1,17.345153987614324,60.77799784483091
epigenomics_6811_filterContams_2,18.914804718682444,76.64284284215839
epigenomics_6811_filterContams_3,18.83776156277243,54.89727880745414
epigenomics_6811_filterContams_4,20.375622999382145,62.14841574873014
epigenomics_6811_filterContams_5,19.01432297337408,65.67995251721567
epigenomics_6811_filterContams_6,18.289094512843675,60.74550316651306
epigenomics_6811_filterContams_7,20.480572699587466,66.33972114745815
epigenomics_6811_filterContams_8,21.851947977671912,49.007702791870344
epigenomics_6811_filterContams_9,18.97696869133418,71.27807875189761
epigenomics_6811_filterContams_10,21.12061193720653,46.57548059368721
epigenomics_6811_filterContams_11,19.080274251646046,57.944518565145174
epigenomics_6811_filterContams_12,16.37184682496198,46.13898812969498
epigenomics_6811_filterContams_13,17.026473361593716,56.16543014658973
epigenomics_6811_filterContams_14,20.088268426937667,68.71025856626304
epigenomics_6811_filterContams_15,23.71248119171072,54.0053484067293
epigenomics_6811_filterContams_16,21.790539991670634,80.00812830791313
epigenomics_6811_filterContams_17,23.80054430748679,74.24135342981498
epigenomics_6811_filterContams_18,23.234839682409117,69.93973938275599
epigenomics_6811_filterContams_19,17.439841756769614,59.17296639119942
epigenomics_6811_filterContams_20,21.13154800972802,61.158282129696765
epigenomics_6811_filterContams_21,19.557485222018386,77.07842135318617
epigenomics_6811_filterContams_22,21.30308511345445,66.78413450819606
epigenomics_6811_filterContams_23,19.32517015014034,61.62300965630014
epigenomics_6811_filterContams_24,23.06405352893686,60.25711426810259
epigenomics_6811_filterContams_25,23.77576069752461,82.95185867363858
epigenomics_6811_filterContams_26,21.04690963616552,52.675739339768015
epigenomics_6811_filterContams_27,19.370147095384667,53.528106590021864
epigenomics_6811_filterContams_28,20.692196988345284,55.234670275231295
epigenomics_6811_filterContams_29,17.575108083643208,57.964708026535604
epigenomics_6811_filterContams_30,18.48093380048105,68.27185886660199
epigenomics_6811_filterContams_31,21.97744452613059,62.37321174220927
epigenomics_6811_filterContams_32,20.161968345443885,68.91972956460734
epigenomics_6811_filterContams_33,17.551792009538303,51.70030989084373
epigenomics_6811_filterContams_34,15.38484139495134,78.88888549129564
epigenomics_6811_filterContams_35,18.50879521055016,72.04442941460452
epigenomics_6811_filterContams_36,17.999051758187502,60.80104334052634
epigenomics_6811_filterContams_37,20.155283413476774,77.9075209536606
epigenomics_6811_filterContams_38,17.320258790859427,69.68065450521613
epigenomics_6811_filterContams_39,22.207658273217337,67.89174949775268
epigenomics_6811_filterContams_40,21.152932875725046,73.18287359582597
epigenomics_6811_filterContams_41,14.963856527178784,66.2079157606799
epigenomics_6811_filterContams_42,25.844449302110927,71.4035866535608
epigenomics_6811_filterContams_43,23.739146024629367,57.86017994262317
epigenomics_6811_filterContams_44,12.41631818143772,75.41392885337493
epigenomics_6811_filterContams_45,21.519600268391223,67.95452921325152
epigenomics_6811_filterContams_46,17.963532067070837,54.68098882824222
epigenomics_6811_filterContams_47,17.759780704736443,63.90127910626222
epigenomics_6811_filterContams_48,18.99594727081481,72.82629955470922
epigenomics_6811_filterContams_49,17.155529711906038,64.3082761291336
epigenomics_6811_filterContams_50,19.859913068270313,71.66479939339175
epigenomics_6811_filterContams_51,25.492907532272188,72.7599452449273
epigenomics_6811_filterContams_52,19.40151978772231,60.93480539512311
epigenomics_6811_filterContams_53,19.896631938615858,60.2559544998926
epigenomics_6811_filterContams_54,13.464945812157694,59.41656600954623
epigenomics_6811_filterContams_55,18.69607716745628,57.41366771023375
epigenomics_6811_filterContams_56,25.205463052370455,77.31710733779043
epigenomics_6811_filterContams_57,22.653763114334033,63.769537411454216
epigenomics_6811_filterContams_58,23.432067886133858,67.39875899709932
epigenomics_6811_filterContams_59,16.985384425736733,53.03503763478621
epigenomics_6811_filterContams_60,19.401827114566682,56.40158579308602
epigenomics_6811_filterContams_61,21.009929712149187,55.69181864393675
epigenomics_6811_filterContams_62,18.153395595427995,74.98785428942175
epigenomics_6811_filterContams_63,18.530747165430476,54.5766488790888
epigenomics_6811_filterContams_64,20.707545917601983,65.70251231428776
epigenomics_6811_filterContams_65,16.532801106084136,65.86421311717898
epigenomics_6811_filterContams_66,16.706177319718474,66.29784272979903
epigenomics_6811_filterContams_67,16.27608544707363,68.87584964840404
epigenomics_6811_filterContams_68,20.674414962826486,67.71173973196413
epigenomics_6811_filterContams_69,23.812761889437812,74.00792342196814
epigenomics_6811_filterContams_70,17.474252452445207,42.7071126660688
epigenomics_6811_filterContams_71,23.676483698605608,67.4343171595741
epigenomics_6811_filterContams_72,18.264120797219395,67.62041145569815
epigenomics_6811_filterContams_73,17.807383699535063,61.65138740185926
epigenomics_6811_filterContams_74,17.683139451931275,55.158113863595005
epigenomics_6811_filterContams_75,17.9333728859172,74.52825414101717
epigenomics_6811_filterContams_76,20.1614478339814,54.298687197493116
epigenomics_6811_filterContams_77,19.66083029618688,73.81036457941123
epigenomics_6811_filterContams_78,23.75801742780068,71.1116161871703
epigenomics_6811_filterContams_79,17.58323419218882,52.761357139495416
epigenomics_6811_filterContams_80,24.43971097247716,62.89580641489749
epigenomics_6811_filterContams_81,12.165898904042894,66.03815586830993
epigenomics_6811_filterContams_82,22.542202019768073,57.7629776211918
epigenomics_6811_filterContams_83,15.846340022618836,60.896861806508696
epigenomics_6811_filterContams_84,18.832076671071874,77.75494185465038
epigenomics_6811_filterContams_85,20.052215925574064,72.1832367840725
epigenomics_6811_filterContams_86,18.120065246508414,66.50449762180303
epigenomics_6811_filterContams_87,21.70274571251445,76.50995822370461
epigenomics_6811_filterContams_88,19.25177058916757,66.07866147109172
epigenomics_6811_filterContams_89,19.006052358558513,59.172965815723614
epigenomics_6811_filterContams_90,18.722201131700853,72.18014379437649
epigenomics_6811_filterContams_91,17.47694098858217,65.8869396945895
epigenomics_6811_filterContams_92,18.205274643984612,69.933901031393
epigenomics_6811_filterContams_93,17.519425354022136,73.73743860390829
epigenomics_6811_filterContams_94,18.485042471896453,71.3723841279897
epigenomics_6811_filterContams_95,17.45316593421286,69.05166652271005
epigenomics_6811_filterContams_96,24.51508108696918,75.54323385036969
epigenomics_6811_filterContams_97,19.9628475322232,61.68494620113707
epigenomics_6811_filterContams_98,19.217178402668516,57.28500152499236
epigenomics_6811_filterContams_99,18.519189506007695,66.66741765528805
epigenomics_6811_filterContams_100,19.39776837538411,67.75622730123855
epigenomics_6811_filterContams_101,17.16353536656237,62.40694132282314
epigenomics_6811_filterContams_102,19.231216356628792,60.46731771481868
epigenomics_6811_filterContams_103,16.876629266016806,51.7533390532141
epigenomics_6811_filterContams_104,17.98117795925234,65.28381686073779
epigenomics_6811_filterContams_105,20.770701475668385,72.98769668425923
epigenomics_6811_filterContams_106,19.03982128200084,59.8249929077549
epigenomics_6811_filterContams_107,18.320863258906467,47.71820357433588
epigenomics_6811_filterContams_108,21.71196974232004,86.7369108896184
epigenomics_6811_filterContams_109,20.003059746020327,75.24243701138691
epigenomics_6811_filterContams_110,20.18393368408427,66.94873874774731
epigenomics_6811_filterContams_111,19.309661910918965,71.3217876200514
epigenomics_6811_filterContams_112,19.709196229840828,71.90334016377783
epigenomics_6811_filterContams_113,22.97423537671932,66.70156361711274
epigenomics_6811_filterContams_114,21.90091795278949,77.2618970238733
epigenomics_6811_filterContams_115,20.056624984979944,65.9779668225746
epigenomics_6811_filterContams_116,18.136035432430464,54.689298062067955
epigenomics_6811_filterContams_117,19.31885624696897,75.70626823958821
epigenomics_6811_filterContams_118,15.953750607317563,56.89626713452802
epigenomics_6811_filterContams_119,18.577173772986146,63.689176403145424
epigenomics_6811_filterContams_120,22.92529647085784,66.58962011335619
epigenomics_6811_filterContams_121,18.688162624382638,64.02655664025117
epigenomics_6811_filterContams_122,17.089082289490825,60.42400768717969
epigenomics_6811_filterContams_123,19.670166219596158,56.73900478983404
epigenomics_6811_filterContams_124,22.89295796776157,66.90752327611308
epigenomics_6811_filterContams_125,23.23255748485838,52.89230746029912
epigenomics_6811_filterContams_126,24.05230604171193,72.77007309293752
epigenomics_6811_filterContams_127,16.809709674795908,60.90854317890414
epigenomics_6811_filterContams_128,25.111813240022013,69.56084851548736
epigenomics_6811_filterContams_129,16.674088016163545,65.58053287184575
epigenomics_6811_filterContams_130,23.031505735652754,68.12735506926401
epigenomics_6811_filterContams_131,23.698518406981194,62.35555614135056
epigenomics_6811_filterContams_132,19.5015077089445,65.20638083845851
epigenomics_6811_filterContams_133,16.645589664943927,56.29704092668169
epigenomics_6811_filterContams_134,24.222809536105675,55.533487455887965
epigenomics_6811_filterContams_135,17.60804185383474,88.16233514170321
epigenomics_6811_filterContams_136,20.849372347560887,72.39640914852245
epigenomics_6811_filterContams_137,20.386421578733813,66.315499255245
epigenomics_6811_filterContams_138,21.547939831830174,65.43834127225834
epigenomics_6811_filterContams_139,19.14366370116163,73.67183553365476
epigenomics_6811_filterContams_140,20.891410439760648,58.495091666403646
epigenomics_6811_filterContams_141,17.79998105781758,58.97477729663139
epigenomics_6811_filterContams_142,20.106096715827665,64.12994971639
epigenomics_6811_filterContams_143,16.79932585169014,63.54845992990577
epigenomics_6811_filterContams_144,23.428365429833356,58.144576611777225
epigenomics_6811_filterContams_145,23.15104448030828,62.51222144847348
epigenomics_6811_filterContams_146,20.86045417777475,61.50374915140489
epigenomics_6811_filterContams_147,22.296263174528388,66.90255666514835
epigenomics_6811_filterContams_148,26.72114732953885,58.77991555556767
epigenomics_6811_filterContams_149,21.6252289523588,71.11641042915005
epigenomics_6811_filterContams_150,18.146353911353287,56.28699954778734
epigenomics_6811_filterContams_151,20.227373808402717,65.6002313231951
epigenomics_6811_filterContams_152,18.08167671217853,66.76355930373828
epigenomics_6811_filterContams_153,19.331843624322463,68.32161592260803
epigenomics_6811_filterContams_154,20.135591990822547,68.97759585771266
epigenomics_6811_filterContams_155,16.784263273862624,86.28356882481125
epigenomics_6811_filterContams_156,19.54800911087525,62.369808965042324
epigenomics_6811_filterContams_157,15.297991261853412,63.04501870632572
epigenomics_6811_filterContams_158,21.004981631394905,64.85963768056926
epigenomics_6811_filterContams_159,25.174573795594203,59.30102885539422
epigenomics_6811_filterContams_160,15.099012962164695,71.73985889102715
epigenomics_6811_filterContams_161,20.958347586940793,65.4744764905017
epigenomics_6811_filterContams_162,21.490950914075707,61.81290509553761
epigenomics_6811_filterContams_163,22.393760824182944,61.51127470284657
epigenomics_6811_filterContams_164,17.993008069689758,64.51604424512567
epigenomics_6811_filterContams_165,19.666543721969337,64.88040817854271
epigenomics_6811_filterContams_166,18.55102866917135,57.31299003543482
epigenomics_6811_filterContams_167,20.722372215725272,63.39444925396332
epigenomics_6811_filterContams_168,15.466708688954279,66.9220794975288
epigenomics_6811_filterContams_169,18.738532168425117,66.32045953989368
epigenomics_6811_filterContams_170,18.918499863814123,65.68022880918535
epigenomics_6811_filterContams_171,26.204095535634774,68.72378311973108
epigenomics_6811_filterContams_172,17.544781651841006,56.233911402470994
epigenomics_6811_filterContams_173,17.413048042497643,62.44707976196223
epigenomics_6811_filterContams_174,26.317692075063846,74.00955064195574
epigenomics_6811_filterContams_175,20.085493701471265,77.09938857864788
epigenomics_6811_filterContams_176,27.894602669092187,52.675843209616914
epigenomics_6811_filterContams_177,19.647842799499657,58.87552206223941
epigenomics_6811_filterContams_178,19.2819320557541,65.5738852523408
epigenomics_6811_filterContams_179,19.05751413279661,76.97591591802616
epigenomics_6811_filterContams_180,20.34924108336631,56.36171329047699
epigenomics_6811_filterContams_181,19.761514983421733,73.42072221135145
epigenomics_6811_filterContams_182,21.068944725904927,63.79951286561802
epigenomics_6811_filterContams_183,18.950168595483873,62.56564294328291
epigenomics_6811_filterContams_184,21.495506530511726,80.32958466085245
epigenomics_6811_filterContams_185,13.007415534607624,55.98186001849235
epigenomics_6811_filterContams_186,15.245810454819612,67.97249046096942
epigenomics_6811_filterContams_187,16.68558285283454,66.38249075002172
epigenomics_6811_filterContams_188,15.945919734259059,75.55146939176826
epigenomics_6811_filterContams_189,16.05327824879647,69.09825021780313
epigenomics_6811_filterContams_190,22.079635951266145,64.56830641894076
epigenomics_6811_filterContams_191,19.161142700987543,55.68668598504838
epigenomics_6811_filterContams_192,17.438145463019328,59.91481696849128
epigenomics_6811_filterContams_193,18.879222474711717,59.623844346577854
epigenomics_6811_filterContams_194,15.334880392172154,81.28415475779595
epigenomics_6811_filterContams_195,24.22870544205905,67.14968630116547
epigenomics_6811_filterContams_196,18.668964256407257,59.034865955853554
epigenomics_6811_filterContams_197,19.91535699864998,60.2323583299674
epigenomics_6811_filterContams_198,23.48058364917599,58.30752913274978
epigenomics_6811_filterContams_199,18.031198570525273,62.33275832606733
epigenomics_6811_filterContams_200,20.56731751647252,63.4363597445609
epigenomics_6811_filterContams_201,22.306921702008253,77.02057081130552
epigenomics_6811_filterContams_202,19.242198458593766,64.25580583332618
epigenomics_6811_filterContams_203,22.669452141910845,67.6560325940731
epigenomics_6811_filterContams_204,19.878228810859834,72.60229939618463
epigenomics_6811_filterContams_205,26.864351787856513,79.51776858485391
epigenomics_6811_filterContams_206,22.595923012257973,77.48383400865445
epigenomics_6811_filterContams_207,22.07171476344314,72.75890997876742
epigenomics_6811_filterContams_208,20.433102567343397,61.98163007464335
epigenomics_6811_filterContams_209,21.732830271653544,60.209450348362274
epigenomics_6811_filterContams_210,16.404332809455408,66.96838515788797
epigenomics_6811_filterContams_211,18.32588262620477,75.058653319241
epigenomics_6811_filterContams_212,20.024394015020146,61.83626278904329
epigenomics_6811_filterContams_213,21.449115586644876,74.47491190298199
epigenomics_6811_filterContams_214,20.916775375137696,67.38641386525843
epigenomics_6811_filterContams_215,23.243611434150964,68.67487727273563
epigenomics_6811_filterContams_216,21.824941064517443,53.338675843179644
epigenomics_6811_filterContams_217,19.322469949246532,63.86216255450046
epigenomics_6811_filterContams_218,27.367554486905966,59.83809158955473
epigenomics_6811_filterContams_219,24.346547453498577,71.20825828992612
epigenomics_6811_filterContams_220,16.496017416290584,76.17684019512836
epigenomics_6811_filterContams_221,23.32211736160189,62.77591566559864
epigenomics_6811_filterContams_222,20.270734317077576,71.38011857001617
epigenomics_6811_filterContams_223,18.31383900797562,60.521095316390294
epigenomics_6811_filterContams_224,22.549477266384393,69.35673340804867
epigenomics_6811_filterContams_225,17.362192725783526,69.72915302076316
epigenomics_6811_filterContams_226,23.230645290408404,74.07282934803442
epigenomics_6811_filterContams_227,23.903638531004756,67.62831848080135
epigenomics_6811_filterContams_228,11.95712248936256,60.73527596769225
epigenomics_6811_filterContams_229,17.62736665153767,58.36480649148199
epigenomics_6811_filterContams_230,25.396122512073436,58.038764754878706
epigenomics_6811_filterContams_231,23.32160050635713,69.84970114006241
epigenomics_6811_filterContams_232,19.525205619591212,70.7750827659792
epigenomics_6811_filterContams_233,18.93547718340649,76.9249510120682
epigenomics_6811_filterContams_234,26.017197808288635,65.03113605664029
epigenomics_6811_filterContams_235,15.301398424889264,55.13350549854227
epigenomics_6811_filterContams_236,18.863606036953282,60.15374128751873
epigenomics_6811_filterContams_237,20.00534781178108,78.93406956323545
epigenomics_6811_filterContams_238,27.715121691007482,57.075044357016196
epigenomics_6811_filterContams_239,20.36280040069234,65.04599292420379
epigenomics_6811_filterContams_240,20.001200764103242,50.71420400481022
epigenomics_6811_filterContams_241,22.713463500966512,51.68518725211601
epigenomics_6811_filterContams_242,19.329686863042376,68.54691792053188
epigenomics_6811_filterContams_243,21.14766742232323,57.241487649044934
epigenomics_6811_filterContams_244,19.780499878144777,60.395208282443036
epigenomics_6811_filterContams_245,18.382332685794044,64.0371293310393
epigenomics_6811_filterContams_246,22.61398917991565,68.59828697382429
epigenomics_6811_filterContams_247,28.924163885496583,61.85263133069612
epigenomics_6811_filterContams_248,17.48992005993197,67.18447252081805
epigenomics_6811_filterContams_249,24.990802692829565,74.92832443048253
epigenomics_6811_filterContams_250,19.120097541931024,62.720457707627375
epigenomics_6811_filterContams_251,15.880929522789502,74.68369745117187
epigenomics_6811_filterContams_252,20.722630473762397,61.6768030968235
epigenomics_6811_filterContams_253,19.82985806671114,75.75030166015475
epigenomics_6811_filterContams_254,22.88595174266822,69.31869163725594
epigenomics_6811_filterContams_255,23.45056726012548,64.22299198394096
epigenomics_6811_filterContams_256,19.41855385495524,73.09462164262682
epigenomics_6811_filterContams_257,18.779085874118042,63.07810236547004
epigenomics_6811_filterContams_258,18.566084789306792,71.0161353344541
epigenomics_6811_filterContams_259,16.361430340130518,61.68801947843045
epigenomics_6811_filterContams_260,23.615835034086214,77.44545782917521
epigenomics_6811_filterContams_261,20.404515244968177,65.70875573791012
epigenomics_6811_filterContams_262,15.616237048261777,58.50250500873076
epigenomics_6811_filterContams_263,21.23612363535766,71.07880793573365
epigenomics_6811_filterContams_264,21.709050378238757,58.187832274833504
epigenomics_6811_filterContams_265,23.887531956225306,60.967879111635334
epigenomics_6811_filterContams_266,18.4715294719876,57.52453900983544
epigenomics_6811_filterContams_267,21.446236842563764,60.028819910886696
epigenomics_6811_filterContams_268,21.537157839403875,75.01172882606447
epigenomics_6811_filterContams_269,17.43782463161079,54.04323073519434
epigenomics_6811_filterContams_270,25.835665777592826,66.7040484561431
epigenomics_6811_filterContams_271,20.220374798187866,65.71877860826167
epigenomics_6811_filterContams_272,20.29849772526736,69.61922417442071
epigenomics_6811_filterContams_273,18.76926585432804,65.80896502981771
epigenomics_6811_filterContams_274,19.79007806748107,43.145819042182225
epigenomics_6811_filterContams_275,21.868388728136246,58.18328882098745
epigenomics_6811_filterContams_276,17.74727912998159,66.78921101597231
epigenomics_6811_filterContams_277,19.314405577906403,72.47198924965564
epigenomics_6811_filterContams_278,22.5274752388709,59.186963160314356
epigenomics_6811_filterContams_279,20.895921184721274,74.61621673839839
epigenomics_6811_filterContams_280,19.996153761513657,64.9564893577439
epigenomics_6811_filterContams_281,23.143125101052522,64.1060954578017
epigenomics_6811_filterContams_282,18.225363253234267,62.9292661435781
epigenomics_6811_filterContams_283,17.26478229549988,72.57787444528816
epigenomics_6811_filterContams_284,15.714397062012246,58.11929597921281
epigenomics_6811_filterContams_285,17.150796538360172,69.05725394785719
epigenomics_6811_filterContams_286,21.847302542464277,63.58582198225854
epigenomics_6811_filterContams_287,22.221187630671984,53.785540493572995
epigenomics_6811_filterContams_288,21.616236444354556,66.74832461287116
epigenomics_6811_filterContams_289,21.371409766658978,71.43937859455231
epigenomics_6811_filterContams_290,15.63314823995195,64.51342479169757
epigenomics_6811_filterContams_291,22.925461525698736,66.63487187547786
epigenomics_6811_filterContams_292,24.98583232908722,59.238887935738006
epigenomics_6811_filterContams_293,24.47848053005137,76.63230421904153
epigenomics_6811_filterContams_294,25.27890973235426,66.58396161735014
epigenomics_6811_filterContams_295,19.55179190481536,71.49620918137214
epigenomics_6811_filterContams_296,19.719040777084807,59.64953394655373
epigenomics_6811_filterContams_297,16.443728459558898,59.023339519202764
epigenomics_6811_filterContams_298,22.611973529936048,60.72236808281929
epigenomics_6811_filterContams_299,15.064419420657448,52.666066489709436
epigenomics_6811_filterContams_300,20.16053926559072,64.17675792856694
epigenomics_6811_filterContams_301,15.917959273980985,75.16596607728582
epigenomics_6811_filterContams_302,22.190319548759646,64.66848870811016
epigenomics_6811_filterContams_303,23.858726517639916,65.43868101203284
epigenomics_6811_filterContams_304,19.942569266916127,76.42952374006052
epigenomics_6811_filterContams_305,23.50964552106897,68.20282350282963
epigenomics_6811_filterContams_306,18.68711983643858,69.02517885276717
epigenomics_6811_filterContams_307,23.70343377038742,69.29495246931047
epigenomics_6811_filterContams_308,9.937902694640707,67.93927908267824
epigenomics_6811_filterContams_309,20.907320702946645,69.69788157634446
epigenomics_6811_filterContams_310,23.402870393711968,66.94346955468566
epigenomics_6811_filterContams_311,21.718318584559306,61.831781290730284
epigenomics_6811_filterContams_312,24.85359108109732,62.488617202038625
epigenomics_6811_filterContams_313,22.763735987196483,73.19535296473924
epigenomics_6811_filterContams_314,14.23309413136999,52.99626760658254
epigenomics_6811_filterContams_315,18.21505439508404,56.728181861983174
epigenomics_6811_filterContams_316,15.412998365394248,65.18585851899103
epigenomics_6811_filterContams_317,25.2704728277424,72.43082803949359
epigenomics_6811_filterContams_318,20.762854967082713,61.149617144174655
epigenomics_6811_filterContams_319,18.498157643692068,70.207268752165
epigenomics_6811_filterContams_320,22.7414929282731,71.71285890160595
epigenomics_6811_filterContams_321,19.89994618491006,71.16672505478753
epigenomics_6811_filterContams_322,21.64295958440032,45.560573432897975
epigenomics_6811_filterContams_323,22.484614744819943,62.49225620661809
epigenomics_6811_filterContams_324,17.828396469070107,70.70563004637633
epigenomics_6811_filterContams_325,19.70623464273757,62.00139008774256
epigenomics_6811_filterContams_326,21.997314827443265,55.13602158096215
epigenomics_6811_filterContams_327,25.385788299507443,67.66903779932196
epigenomics_6811_filterContams_328,16.9740674371832,53.33343314667609
epigenomics_6811_filterContams_329,13.361910932683218,59.61045795034964
epigenomics_6811_filterContams_330,15.329253055208925,63.09173391328624
epigenomics_6811_filterContams_331,21.36460426316026,59.2986458603123
epigenomics_6811_filterContams_332,20.667239081880382,63.82206075463033
epigenomics_6811_filterContams_333,14.041572887013924,59.19425993037864
epigenomics_6811_filterContams_334,14.056005041984914,74.0747653688222
epigenomics_6811_filterContams_335,19.213613385210465,66.6909618904847
epigenomics_6811_filterContams_336,16.193178823654804,70.91125287534145
epigenomics_6811_filterContams_337,21.530878866573712,64.46274382786407
epigenomics_6811_filterContams_338,18.88566415403742,64.06495585473989
epigenomics_6811_filterContams_339,20.296294481616695,65.28950167254382
epigenomics_6811_filterContams_340,16.839689079642937,72.95187931217033
epigenomics_6811_filterContams_341,23.604431025048967,61.135509274303566
epigenomics_6811_filterContams_342,20.985076811212462,59.77146479342079
epigenomics_6811_filterContams_343,20.150612898631152,52.341978256473716
epigenomics_6811_filterContams_344,19.938715326912533,59.86462037078044
epigenomics_6811_filterContams_345,17.401927831391482,70.01431622127637
epigenomics_6811_filterContams_346,21.372666352187583,51.37096300023479
epigenomics_6811_filterContams_347,21.227432283568266,55.61073570161138
epigenomics_6811_filterContams_348,17.96537188240675,59.25021511867082
epigenomics_6811_filterContams_349,17.815520937458746,65.61840563005883
epigenomics_6811_filterContams_350,14.497567716111952,67.40879934662368
epigenomics_6811_filterContams_351,21.076447994336153,62.10086240127466
epigenomics_6811_filterContams_352,19.885576225475617,78.63038092651233
epigenomics_6811_filterContams_353,22.837345472697223,75.15027723760427
epigenomics_6811_filterContams_354,23.17900252155659,64.94862158544065
epigenomics_6811_filterContams_355,20.735967389848426,69.13397677067964
epigenomics_6811_filterContams_356,15.461323480989765,61.44273563501282
epigenomics_6811_filterContams_357,16.85564314037763,68.51894324808207
epigenomics_6811_filterContams_358,19.926955365940046,50.357062179657234
epigenomics_6811_filterContams_359,21.988762597275116,67.75070244345484
epigenomics_6811_filterContams_360,20.387423491643084,70.37561706761622
epigenomics_6811_filterContams_361,17.690275843323004,56.71511685889136
epigenomics_6811_filterContams_362,18.734691303232488,80.62023077486127
epigenomics_6811_filterContams_363,21.189297414740032,68.3263342463745
epigenomics_6811_filterContams_364,17.67685809522249,55.881112560360194
epigenomics_6811_filterContams_365,20.268461638167043,61.140376361954665
epigenomics_6811_filterContams_366,19.32805672917016,71.14911299349232
epigenomics_6811_filterContams_367,18.70872704776168,63.25854687166993
epigenomics_6811_filterContams_368,22.129197174479714,70.97424267898761
epigenomics_6811_filterContams_369,18.510129044198433,72.47592959105546
epigenomics_6811_filterContams_370,16.609600493390175,54.275985127497755
epigenomics_6811_filterContams_371,22.26838755921431,72.01655894543036
epigenomics_6811_filterContams_372,13.575227401011723,84.51225596705117
epigenomics_6811_filterContams_373,22.43222066889936,60.677575560903875
epigenomics_6811_filterContams_374,21.84893095863959,55.723004089676884
epigenomics_6811_filterContams_375,18.608266834119163,73.09689283452332
epigenomics_6811_filterContams_376,22.588834962905715,61.479352591071326
epigenomics_6811_filterContams_377,21.424556010414396,63.9684149816078
epigenomics_6811_filterContams_378,17.211660793529255,71.29580460959704
epigenomics_6811_filterContams_379,19.61634038404481,56.97827837523391
epigenomics_6811_filterContams_380,22.320461146224588,61.78502137117123
epigenomics_6811_filterContams_381,18.82830499435589,72.16075228639872
epigenomics_6811_filterContams_382,17.919365177356593,60.41892080557072
epigenomics_6811_filterContams_383,20.75694892235811,80.77368591423958
epigenomics_6811_filterContams_384,17.958314244436203,56.710796747409574
epigenomics_6811_filterContams_385,15.690136407241143,64.83851527084546
epigenomics_6811_filterContams_386,15.294946228515277,76.48743502247211
epigenomics_6811_filterContams_387,20.530880267744244,65.04822179234127
epigenomics_6811_filterContams_388,20.241103485106944,61.05324108184143
epigenomics_6811_filterContams_389,18.339586979682068,69.53140321447532
epigenomics_6811_filterContams_390,16.053958755446764,69.69150507596595
epigenomics_6811_filterContams_391,13.825867138430329,68.02664957390414
epigenomics_6811_filterContams_392,20.133701456936,67.61819031494018
epigenomics_6811_filterContams_393,23.55612413916618,61.455249016579664
epigenomics_6811_filterContams_394,18.191430873133804,72.23135648111915
epigenomics_6811_filterContams_395,20.820566739828095,47.77916525820596
epigenomics_6811_filterContams_396,19.399998959797152,66.3815447486407
epigenomics_6811_filterContams_397,19.56612202949823,68.6000235300004
epigenomics_6811_filterContams_398,17.45405669113405,44.16052751063948
epigenomics_6811_filterContams_399,22.418149999167746,63.9656092381288
epigenomics_6811_filterContams_400,22.422322608815147,46.72341510166166
epigenomics_6811_filterContams_401,16.331745847862294,68.20701521310019
epigenomics_6811_filterContams_402,15.84027660071808,65.18868500809846
epigenomics_6811_filterContams_403,18.026695557940435,67.1944022584087
epigenomics_6811_filterContams_404,21.59026991414207,81.48851149518457
epigenomics_6811_filterContams_405,21.598527119419057,70.56429548009089
epigenomics_6811_filterContams_406,22.618195094069332,60.62281453990764
epigenomics_6811_filterContams_407,22.236627771895638,66.11028050497437
epigenomics_6811_filterContams_408,28.860408034329637,65.19171023360013
epigenomics_6811_filterContams_409,12.342283181813057,65.76269144274782
epigenomics_6811_filterContams_410,23.67267343038615,66.29323294739237
epigenomics_6811_filterContams_411,17.945322565861822,60.69019815902486
epigenomics_6811_filterContams_412,21.589272209088243,68.21666563999588
epigenomics_6811_filterContams_413,18.755524838606235,67.34065756551445
epigenomics_6811_filterContams_414,20.254145141936583,64.59953075786771
epigenomics_6811_filterContams_415,19.13642816806307,69.539304689239
epigenomics_6811_filterContams_416,21.016863383919322,71.0505882818762
epigenomics_6811_filterContams_417,19.198111426993414,64.94780899846572
epigenomics_6811_filterContams_418,22.284999884628697,70.32779554269916
epigenomics_6811_filterContams_419,20.585881338022055,70.36383066822737
epigenomics_6811_filterContams_420,21.377230234052966,67.11348637986099
epigenomics_6811_filterContams_421,17.011142265930783,72.06381721900144
epigenomics_6811_filterContams_422,22.71173180704193,67.67953074535228
epigenomics_6811_filterContams_423,14.011397038909783,56.71058118963585
epigenomics_6811_filterContams_424,16.452462497684735,73.79197586674478
epigenomics_6811_filterContams_425,20.119192546727735,65.40407505190954
epigenomics_6811_filterContams_426,16.204557850764715,78.30896430955741
epigenomics_6811_filterContams_427,17.920560543350167,68.5701242994168
epigenomics_6811_filterContams_428,17.12607579054848,76.78847562829117
epigenomics_6811_filterContams_429,22.90407882874016,76.78208730119646
epigenomics_6811_filterContams_430,20.40209413593618,64.2237501571065
epigenomics_6811_filterContams_431,14.852697764242873,73.92995375178067
epigenomics_6811_filterContams_432,15.450892172074065,70.42017139021199
epigenomics_6811_filterContams_433,19.287538300977282,54.35666428763048
epigenomics_6811_filterContams_434,19.319425341658523,66.39479183893229
epigenomics_6811_filterContams_435,20.129995028350855,65.19338258641844
epigenomics_6811_filterContams_436,19.941283867364422,68.43604801920294
epigenomics_6811_filterContams_437,21.978869386088217,73.15935191693461
epigenomics_6811_filterContams_438,20.039857133652152,61.35279630769257
epigenomics_6811_filterContams_439,16.862097295961327,53.55493852681039
epigenomics_6811_filterContams_440,19.092619657793016,65.06959735843995
epigenomics_6811_filterContams_441,19.28069391240856,69.95722646708329
epigenomics_6811_filterContams_442,26.333112752586324,72.42349696797656
epigenomics_6811_filterContams_443,22.65363285323706,54.767005539876905
epigenomics_6811_filterContams_444,26.90331267204395,75.86953370154298
epigenomics_6811_filterContams_445,21.451678212822777,64.7944857212204
epigenomics_6811_filterContams_446,12.68249184086905,59.852832720145294
epigenomics_6811_filterContams_447,22.608324936709387,63.828662048654316
epigenomics_6811_filterContams_448,20.32222619955404,75.70069267489036
epigenomics_6811_filterContams_449,17.48379571695265,57.28447404196706
epigenomics_6811_filterContams_450,17.724133325015277,63.853441254687354
epigenomics_6811_filterContams_451,18.51758737543617,68.44277829304761
epigenomics_6811_filterContams_452,17.215655869873693,70.8493861829917
epigenomics_6811_filterContams_453,24.129454511872627,55.20973219829949
epigenomics_6811_filterContams_454,13.510557691805113,60.77578091093445
epigenomics_6811_filterContams_455,16.190782061344564,54.8379503541867
epigenomics_6811_filterContams_456,19.509321774264443,59.765967629289165
epigenomics_6811_filterContams_457,21.800256541399865,66.30475270493638
epigenomics_6811_filterContams_458,20.80217276066657,45.05621723717125
epigenomics_6811_filterContams_459,20.794613225092878,60.35086128826292
epigenomics_6811_filterContams_460,25.083437435574986,73.46007008886662
epigenomics_6811_filterContams_461,23.557666406140616,57.58844552745346
epigenomics_6811_filterContams_462,17.446061951016382,50.7265401007538
epigenomics_6811_filterContams_463,22.40142924438203,76.87573683404993
epigenomics_6811_filterContams_464,23.41309890559943,61.303042646444574
epigenomics_6811_filterContams_465,18.120801070977237,53.05051359284812
epigenomics_6811_filterContams_466,25.05595990837047,60.038788905144955
epigenomics_6811_filterContams_467,18.418729519248146,70.00303794811487
epigenomics_6811_filterContams_468,15.484731003054614,79.28209266531627
epigenomics_6811_filterContams_469,16.053642241236012,64.63298249233172
epigenomics_6811_filterContams_470,20.628560150229724,64.96573458511168
epigenomics_6811_filterContams_471,22.687108940298927,60.194974131425596
epigenomics_6811_filterContams_472,18.695811750853032,76.58744719299986
epigenomics_6811_filterContams_473,18.38520853768756,72.95407609119204
epigenomics_6811_filterContams_474,20.68462614730182,59.46414414669863
epigenomics_6811_filterContams_475,22.77758067127354,63.49644803189041
epigenomics_6811_filterContams_476,25.154220135427565,58.59999314841566
epigenomics_6811_filterContams_477,21.15520089205883,67.90749398478027
epigenomics_6811_filterContams_478,20.697414224665017,68.59906031933869
epigenomics_6811_filterContams_479,21.91351601974355,69.49258039772751
epigenomics_6811_filterContams_480,18.384826155352485,72.5449561248638
epigenomics_6811_filterContams_481,14.687754355922394,68.29014569032324
epigenomics_6811_filterContams_482,22.4229839682864,60.45821651884215
epigenomics_6811_filterContams_483,23.65347995713875,59.06077565061648
epigenomics_6811_filterContams_484,16.380859672098087,52.68442696930215
epigenomics_6811_filterContams_485,22.755264752368937,67.90309172524067
epigenomics_6811_filterContams_486,21.493452743462164,63.20168333750984
epigenomics_6811_filterContams_487,21.15623715977164,70.28612191850317
epigenomics_6811_filterContams_488,23.65145625037124,73.89079975981852
epigenomics_6811_filterContams_489,14.602161789679894,72.26373407721202
epigenomics_6811_filterContams_490,18.267928195603474,61.73766036606926
epigenomics_6811_filterContams_491,18.202183858334894,61.1253240437763
epigenomics_6811_filterContams_492,23.227748622712067,67.97824360995587
epigenomics_6811_filterContams_493,18.149019302313896,79.0719151896666
epigenomics_6811_filterContams_494,20.358247107028554,65.83346110764364
epigenomics_6811_filterContams_495,18.752249084180374,67.16182302500934
epigenomics_6811_filterContams_496,15.80028449181358,61.23483452689455
epigenomics_6811_filterContams_497,19.809725523845298,78.13352021585938
epigenomics_6811_filterContams_498,18.979764784488733,66.38705822809082
epigenomics_6811_filterContams_499,14.085306255890153,62.76547714877861
epigenomics_6811_sol2sanger_0,71.90190666207249,43.54700336046866
epigenomics_6811_sol2sanger_1,79.35620489212613,31.115685822240483
epigenomics_6811_sol2sanger_2,79.09602294975326,56.17419062608805
epigenomics_6811_sol2sanger_3,75.24564521847111,40.200118970068615
epigenomics_6811_sol2sanger_4,82.85531120299356,50.68592408702287
epigenomics_6811_sol2sanger_5,82.584630547151,50.39293584796137
epigenomics_6811_sol2sanger_6,66.68660178225994,43.74739195389649
epigenomics_6811_sol2sanger_7,86.5055786488208,32.98323990964049
epigenomics_6811_sol2sanger_8,84.77985922402385,55.744312601104745
epigenomics_6811_sol2sanger_9,82.68614204029959,47.6405563156277
epigenomics_6811_sol2sanger_10,86.67554971212027,45.780151648192046
epigenomics_6811_sol2sanger_11,75.42318826956172,45.135026804970266
epigenomics_6811_sol2sanger_12,80.66570451560442,35.68276837922956
epigenomics_6811_sol2sanger_13,80.58663419907069,52.36505629311211
epigenomics_6811_sol2sanger_14,72.7690358934832,45.31337782188407
epigenomics_6811_sol2sanger_15,78.41481764519719,42.682416695540006
epigenomics_6811_sol2sanger_16,76.87549449177847,56.18280031055083
epigenomics_6811_sol2sanger_17,70.62736182962203,48.68566063441884
epigenomics_6811_sol2sanger_18,81.47096485209798,35.82298363780218
epigenomics_6811_sol2sanger_19,87.22412976957722,47.20043540827923
epigenomics_6811_sol2sanger_20,90.8240634087429,42.23804970783617
epigenomics_6811_sol2sanger_21,77.78386414598077,40.3080774583196
epigenomics_6811_sol2sanger_22,79.57376682072173,47.50548731368823
epigenomics_6811_sol2sanger_23,82.54107432144983,61.726255052052835
epigenomics_6811_sol2sanger_24,80.98116915720125,44.98051461342369
epigenomics_6811_sol2sanger_25,70.01695736144502,46.559204758317314
epigenomics_6811_sol2sanger_26,77.00396724434633,45.40519302718545
epigenomics_6811_sol2sanger_27,79.79166747162812,67.76265676869811
epigenomics_6811_sol2sanger_28,72.67035387951753,38.10955073026719
epigenomics_6811_sol2sanger_29,78.75500425097457,45.02397188401014
epigenomics_6811_sol2sanger_30,83.55653640912041,37.19318699787448
epigenomics_6811_sol2sanger_31,74.40510011229779,36.66602894619358
epigenomics_6811_sol2sanger_32,80.58839348023393,38.397856327026105
epigenomics_6811_sol2sanger_33,80.43998905349527,36.39490171691226
epigenomics_6811_sol2sanger_34,83.60931942526692,41.625012747648285
epigenomics_6811_sol2sanger_35,73.79804565174958,44.69460631119918
epigenomics_6811_sol2sanger_36,78.61202861399008,48.429128561014444
epigenomics_6811_sol2sanger_37,88.7970923096967,37.75150535141314
epigenomics_6811_sol2sanger_38,73.68242293759852,44.69875480877102
epigenomics_6811_sol2sanger_39,85.08653803478371,37.486751875103664
epigenomics_6811_sol2sanger_40,67.35800420063588,58.68902775247683
epigenomics_6811_sol2sanger_41,80.34864690315469,38.77952917958558
epigenomics_6811_sol2sanger_42,90.77307971986417,56.78052418946296
epigenomics_6811_sol2sanger_43,80.10465398805394,57.63372803257079
epigenomics_6811_sol2sanger_44,72.00593818036158,52.28809769312352
epigenomics_6811_sol2sanger_45,82.59669547732453,53.88403654079915
epigenomics_6811_sol2sanger_46,78.67584832577576,38.312073046365235
epigenomics_6811_sol2sanger_47,68.70435267637494,46.44905724074488
epigenomics_6811_sol2sanger_48,86.37411336245505,44.98511820192935
epigenomics_6811_sol2sanger_49,93.27548388534379,60.55684154931478
epigenomics_6811_sol2sanger_50,75.57647615921246,33.61328262191151
epigenomics_6811_sol2sanger_51,84.418629067503,38.311141576500155
epigenomics_6811_sol2sanger_52,76.99746275534412,45.18201220086115
epigenomics_6811_sol2sanger_53,75.11049793319165,58.79140470011049
epigenomics_6811_sol2sanger_54,81.21168978443006,46.77599873469806
epigenomics_6811_sol2sanger_55,79.32827163039278,35.34740695076091
epigenomics_6811_sol2sanger_56,81.86713336339336,48.06714395364181
epigenomics_6811_sol2sanger_57,80.4195069548485,51.665860792992845
epigenomics_6811_sol2sanger_58,86.34543881764313,51.827803759556005
epigenomics_6811_sol2sanger_59,76.67772507881388,45.52127027746919
epigenomics_6811_sol2sanger_60,78.68187769884416,39.00168967104658
epigenomics_6811_sol2sanger_61,81.4283704686902,32.719582149604264
epigenomics_6811_sol2sanger_62,81.90479933491739,51.608696608786964
epigenomics_6811_sol2sanger_63,83.13123587097361,55.69253076111868
epigenomics_6811_sol2sanger_64,80.8770639298397,53.41685091514057
epigenomics_6811_sol2sanger_65,83.54290999779366,46.85666838524146
epigenomics_6811_sol2sanger_66,76.24878210762986,61.572015434909474
epigenomics_6811_sol2sanger_67,84.02102506490287,37.89332838221856
epigenomics_6811_sol2sanger_68,78.7229753977226,42.73651568258343
epigenomics_6811_sol2sanger_69,74.79649251695722,55.195527272171304
epigenomics_6811_sol2sanger_70,80.41055940177495,41.07572717164421
epigenomics_6811_sol2sanger_71,78.37926223216785,44.58445132841732
epigenomics_6811_sol2sanger_72,86.98928706611078,36.84307532781855
epigenomics_6811_sol2sanger_73,77.43415565835775,29.90447959981605
epigenomics_6811_sol2sanger_74,86.24255790965496,44.24819004239609
epigenomics_6811_sol2sanger_75,81.41455540172069,30.39214133104465
epigenomics_6811_sol2sanger_76,74.76885001491974,40.91454827271701
epigenomics_6811_sol2sanger_77,81.2916808955445,53.02597346439485
epigenomics_6811_sol2sanger_78,81.90808872562829,54.03444358149863
epigenomics_6811_sol2sanger_79,82.13595068577344,47.46033231456128
epigenomics_6811_sol2sanger_80,85.16478561848908,36.721010443619264
epigenomics_6811_sol2sanger_81,75.51371081611182,50.62122367086192
epigenomics_6811_sol2sanger_82,75.39687348400344,32.64282019332624
epigenomics_6811_sol2sanger_83,87.20494047418087,51.36204706139502
epigenomics_6811_sol2sanger_84,88.49961668192523,49.30625821133832
epigenomics_6811_sol2sanger_85,86.04454944447295,30.45750032005772
epigenomics_6811_sol2sanger_86,88.67400513460433,46.42570562022041
epigenomics_6811_sol2sanger_87,69.71436579126548,38.26586180315035
epigenomics_6811_sol2sanger_88,87.17019519773076,48.80031826015401
epigenomics_6811_sol2sanger_89,77.52222586201123,37.62829460839359
epigenomics_6811_sol2sanger_90,86.78233907602257,48.22396488152699
epigenomics_6811_sol2sanger_91,76.40763940843387,44.51889679161287
epigenomics_6811_sol2sanger_92,70.12914740845451,47.892035501120276
epigenomics_6811_sol2sanger_93,75.77600949525764,48.50462021976059
epigenomics_6811_sol2sanger_94,85.4353080888373,44.6860582299439
epigenomics_6811_sol2sanger_95,81.41225474251085,39.46622821160711
epigenomics_6811_sol2sanger_96,85.98113036753709,51.22665610295846
epigenomics_6811_sol2sanger_97,73.12996560739519,59.340955241236664
epigenomics_6811_sol2sanger_98,74.50558994828815,46.311611756166805
epigenomics_6811_sol2sanger_99,81.74331700049365,38.12458368867552
epigenomics_6811_sol2sanger_100,91.3076367119579,29.6826047197246
epigenomics_6811_sol2sanger_101,83.21454588328783,42.75372966103958
epigenomics_6811_sol2sanger_102,83.84918283438869,43.249728753258765
epigenomics_6811_sol2sanger_103,77.57397354858641,55.945095071301374
epigenomics_6811_sol2sanger_104,65.65695395954437,54.57950411481968
epigenomics_6811_sol2sanger_105,74.04883749209169,58.08444689576234
epigenomics_6811_sol2sanger_106,83.90236816564125,47.75682460985044
epigenomics_6811_sol2sanger_107,79.64730042009018,50.011657054078725
epigenomics_6811_sol2sanger_108,79.39207777654993,54.46287412764438
epigenomics_6811_sol2sanger_109,88.26196354788661,42.40943676866209
epigenomics_6811_sol2sanger_110,76.23001048802782,34.104408080215634
epigenomics_6811_sol2sanger_111,88.67345364715156,43.01251514090936
epigenomics_6811_sol2sanger_112,75.49083115649655,30.541227468103642
epigenomics_6811_sol2sanger_113,79.07599106442686,43.759669829480515
epigenomics_6811_sol2sanger_114,81.3641882522471,56.32315591622769
epigenomics_6811_sol2sanger_115,68.85615319336955,53.42043055304661
epigenomics_6811_sol2sanger_116,87.97483455076006,43.911495821288014
epigenomics_6811_sol2sanger_117,79.88691549213918,54.520320860685004
epigenomics_6811_sol2sanger_118,81.74241303759095,53.58910700545743
epigenomics_6811_sol2sanger_119,80.79437608598813,58.76722952868403
epigenomics_6811_sol2sanger_120,85.62872659612196,46.44455326906497
epigenomics_6811_sol2sanger_121,83.22052508652445,44.57661725988827
epigenomics_6811_sol2sanger_122,90.05857379858602,41.16109687753416
epigenomics_6811_sol2sanger_123,83.02460515896074,37.00416876042904
epigenomics_6811_sol2sanger_124,83.16035838490949,37.880118809809105
epigenomics_6811_sol2sanger_125,91.24779899001732,52.351304220576054
epigenomics_6811_sol2sanger_126,79.80775054423907,45.002105813354
epigenomics_6811_sol2sanger_127,89.00390735164152,51.594212615143476
epigenomics_6811_sol2sanger_128,82.75942009573353,29.790500896729842
epigenomics_6811_sol2sanger_129,71.98337122093325,44.35301178793918
epigenomics_6811_sol2sanger_130,76.36588144569536,35.667354099774705
epigenomics_6811_sol2sanger_131,81.40086788318095,56.743900493671276
epigenomics_6811_sol2sanger_132,69.5544852876764,43.833554729733414
epigenomics_6811_sol2sanger_133,81.87439702290926,42.89311823851065
epigenomics_6811_sol2sanger_134,80.62355239948367,44.31783069285129
epigenomics_6811_sol2sanger_135,79.33165398920008,46.16647068196528
epigenomics_6811_sol2sanger_136,78.84858755481616,51.69389310927245
epigenomics_6811_sol2sanger_137,76.17635171233067,40.12633703234356
epigenomics_6811_sol2sanger_138,80.80390208783513,50.91010504699537
epigenomics_6811_sol2sanger_139,78.4052493454778,42.17336057466554
epigenomics_6811_sol2sanger_140,82.57607507703388,35.625013972932436
epigenomics_6811_sol2sanger_141,81.53538586624738,39.894516896982
epigenomics_6811_sol2sanger_142,69.9658133132226,53.87321958823551
epigenomics_6811_sol2sanger_143,85.1245073439919,41.319935100826214
epigenomics_6811_sol2sanger_144,85.58296905612387,46.37150499323893
epigenomics_6811_sol2sanger_145,77.17525134426239,54.450730149732294
epigenomics_6811_sol2sanger_146,81.7822302246401,38.415952554301356
epigenomics_6811_sol2sanger_147,79.01880453063902,41.53077928431612
epigenomics_6811_sol2sanger_148,84.60779439110333,29.73219062594352
epigenomics_6811_sol2sanger_149,81.3861864677089,41.04750997536744
epigenomics_6811_sol2sanger_150,82.57981836580049,32.70768918497188
epigenomics_6811_sol2sanger_151,82.2207827832334,42.787547285897425
epigenomics_6811_sol2sanger_152,84.68114313270995,45.9310108341462
epigenomics_6811_sol2sanger_153,86.56427361338959,40.15804207970737
epigenomics_6811_sol2sanger_154,87.84513488664601,36.83039072050522
epigenomics_6811_sol2sanger_155,79.04019553807224,55.02259936527065
epigenomics_6811_sol2sanger_156,70.15384378487123,26.10184204195802
epigenomics_6811_sol2sanger_157,80.2123239041178,45.40364009765264
epigenomics_6811_sol2sanger_158,86.01634529319507,49.64990126162904
epigenomics_6811_sol2sanger_159,77.41201861442434,49.23972026881129
epigenomics_6811_sol2sanger_160,83.02317035836668,31.500936647422044
epigenomics_6811_sol2sanger_161,82.11937368112739,64.96229423406362
epigenomics_6811_sol2sanger_162,83.85948745885918,50.124111505642304
epigenomics_6811_sol2sanger_163,72.18431056880272,44.58094649566968
epigenomics_6811_sol2sanger_164,83.3585088447459,46.069508945670734
epigenomics_6811_sol2sanger_165,87.57903061289467,47.69122669874924
epigenomics_6811_sol2sanger_166,84.13854499617557,47.30105727111403
epigenomics_6811_sol2sanger_167,67.6620650210846,49.96497427483466
epigenomics_6811_sol2sanger_168,83.04473824954414,53.326905953053874
epigenomics_6811_sol2sanger_169,74.87953804557976,46.64209668323209
epigenomics_6811_sol2sanger_170,74.15931646888217,56.82844135258364
epigenomics_6811_sol2sanger_171,79.41586439889205,48.7154910664211
epigenomics_6811_sol2sanger_172,78.24299643207333,32.939546274900295
epigenomics_6811_sol2sanger_173,90.1673001738644,53.713681651285356
epigenomics_6811_sol2sanger_174,90.1639620866066,52.698015065682156
epigenomics_6811_sol2sanger_175,83.15917510145192,51.43760705551057
epigenomics_6811_sol2sanger_176,78.14995128044198,53.58707349436571
epigenomics_6811_sol2sanger_177,81.48196892256183,45.20613243122146
epigenomics_6811_sol2sanger_178,83.72907221670825,48.3333814466423
epigenomics_6811_sol2sanger_179,79.42195591381385,51.780085833671095
epigenomics_6811_sol2sanger_180,78.66947538344758,53.32211932212961
epigenomics_6811_sol2sanger_181,88.12894620011107,45.072620966552044
epigenomics_6811_sol2sanger_182,77.26821401610867,52.598491561022556
epigenomics_6811_sol2sanger_183,76.6941916207383,48.45199243442355
epigenomics_6811_sol2sanger_184,71.80636002838325,48.859678206925324
epigenomics_6811_sol2sanger_185,86.9004895124487,39.912443175755065
epigenomics_6811_sol2sanger_186,79.87838203165512,44.95054703304113
epigenomics_6811_sol2sanger_187,79.96538995157277,37.294035484464146
epigenomics_6811_sol2sanger_188,86.38726090234304,29.159419258141753
epigenomics_6811_sol2sanger_189,73.00900198246386,49.965885841895556
epigenomics_6811_sol2sanger_190,87.49610672306258,59.336276469323415
epigenomics_6811_sol2sanger_191,88.59226288284735,38.143476721144594
epigenomics_6811_sol2sanger_192,84.04720176395743,31.31351855262602
epigenomics_6811_sol2sanger_193,84.76572111759754,61.13268822538785
epigenomics_6811_sol2sanger_194,76.67236304830683,34.045177708657675
epigenomics_6811_sol2sanger_195,79.1309992140824,40.40020511956984
epigenomics_6811_sol2sanger_196,78.40747309841078,41.84704355805177
epigenomics_6811_sol2sanger_197,79.65611165786528,39.363434128118804
epigenomics_6811_sol2sanger_198,87.25637873562161,50.03589422581249
epigenomics_6811_sol2sanger_199,78.40737432745755,61.337410170177506
epigenomics_6811_sol2sanger_200,86.88479719614399,25.316341235581614
epigenomics_6811_sol2sanger_201,81.47616891115982,44.93644614384469
epigenomics_6811_sol2sanger_202,83.85699931101473,43.19487084299153
epigenomics_6811_sol2sanger_203,73.56494525992596,48.796544442278574
epigenomics_6811_sol2sanger_204,84.92848232956946,45.954863233496376
epigenomics_6811_sol2sanger_205,81.29146729869335,35.887767397314555
epigenomics_6811_sol2sanger_206,75.74012845938688,43.259403272560874
epigenomics_6811_sol2sanger_207,83.51742766607309,39.845635705034354
epigenomics_6811_sol2sanger_208,73.58254357046307,40.357691943140765
epigenomics_6811_sol2sanger_209,89.89246985491397,62.03170268403224
epigenomics_6811_sol2sanger_210,86.20585670482205,46.16694797645608
epigenomics_6811_sol2sanger_211,78.90496475147026,39.113482125388614
epigenomics_6811_sol2sanger_212,70.02617731723754,51.53906546505353
epigenomics_6811_sol2sanger_213,70.9390561865149,38.64555338286442
epigenomics_6811_sol2sanger_214,79.40250190499539,48.136365321888476
epigenomics_6811_sol2sanger_215,84.62921363005958,39.52391171662391
epigenomics_6811_sol2sanger_216,82.19572172257978,38.62734013379064
epigenomics_6811_sol2sanger_217,77.89948332509861,51.05752705400075
epigenomics_6811_sol2sanger_218,71.09251536913192,56.01298765085063
epigenomics_6811_sol2sanger_219,82.72139876600941,32.96250163910624
epigenomics_6811_sol2sanger_220,76.17293294036791,39.966975862108434
epigenomics_6811_sol2sanger_221,79.13812221316226,63.41489916899381
epigenomics_6811_sol2sanger_222,75.91787953174851,46.094498819915096
epigenomics_6811_sol2sanger_223,74.00068147204718,50.88099571086494
epigenomics_6811_sol2sanger_224,80.45343248538207,49.93785377996842
epigenomics_6811_sol2sanger_225,86.56143998982994,53.108093388696105
epigenomics_6811_sol2sanger_226,77.45593685723045,42.08547670470727
epigenomics_6811_sol2sanger_227,75.19992143874398,35.77018244540184
epigenomics_6811_sol2sanger_228,75.80048712833367,49.64557965197628
epigenomics_6811_sol2sanger_229,83.37307254729863,43.621885418738756
epigenomics_6811_sol2sanger_230,80.61719460943374,35.122478430833105
epigenomics_6811_sol2sanger_231,79.67087214928688,46.92921532983672
epigenomics_6811_sol2sanger_232,72.57919274473755,58.60615111126563
epigenomics_6811_sol2sanger_233,82.77993460655537,50.7569207070602
epigenomics_6811_sol2sanger_234,76.4659289340968,54.38553851575239
epigenomics_6811_sol2sanger_235,79.09783538938308,36.87108314790541
epigenomics_6811_sol2sanger_236,77.83767075782343,43.69577768359736
epigenomics_6811_sol2sanger_237,76.00835299993614,56.744103594926386
epigenomics_6811_sol2sanger_238,82.83939198718292,59.79165225878408
epigenomics_6811_sol2sanger_239,74.4273844684295,50.88337137711785
epigenomics_6811_sol2sanger_240,78.04246659833072,48.3526225524681
epigenomics_6811_sol2sanger_241,79.63360034589927,44.07587560087805
epigenomics_6811_sol2sanger_242,79.60370068604409,36.2425558595167
epigenomics_6811_sol2sanger_243,85.44151351328885,43.56068331365903
epigenomics_6811_sol2sanger_244,85.44603299399812,46.58271309454401
epigenomics_6811_sol2sanger_245,83.19481415428105,44.09682726445016
epigenomics_6811_sol2sanger_246,78.24758756853139,41.85947323697291
epigenomics_6811_sol2sanger_247,72.15533727733802,54.1650297042268
epigenomics_6811_sol2sanger_248,77.32869755812524,54.188805483327286
epigenomics_6811_sol2sanger_249,82.08147306785236,37.55075490643607
epigenomics_6811_sol2sanger_250,76.37419940387831,38.21137418089883
epigenomics_6811_sol2sanger_251,83.2604260811699,50.24590949209413
epigenomics_6811_sol2sanger_252,77.2177603188556,58.078859983861584
epigenomics_6811_sol2sanger_253,76.16376178331046,26.99570602529797
epigenomics_6811_sol2sanger_254,86.33788622413701,36.9473503770391
epigenomics_6811_sol2sanger_255,80.51982503563436,36.46256814106022
epigenomics_6811_sol2sanger_256,84.82209177759451,39.35431455766658
epigenomics_6811_sol2sanger_257,75.10191892719588,30.74215231531811
epigenomics_6811_sol2sanger_258,69.3141457734242,45.76547742733062
epigenomics_6811_sol2sanger_259,87.94615677995203,42.62206516309429
epigenomics_6811_sol2sanger_260,90.82701641145962,50.740339855963086
epigenomics_6811_sol2sanger_261,75.31862595408646,35.41763611241887
epigenomics_6811_sol2sanger_262,78.14942983552571,30.54360840692995
epigenomics_6811_sol2sanger_263,80.23310014508166,33.75419783579898
epigenomics_6811_sol2sanger_264,77.33751176942263,43.92344335462482
epigenomics_6811_sol2sanger_265,78.83733685870679,39.367531178976265
epigenomics_6811_sol2sanger_266,80.37634349701868,46.26324342707812
epigenomics_6811_sol2sanger_267,80.43365989676569,42.409711525631145
epigenomics_6811_sol2sanger_268,80.9719485626541,54.24344563379375
epigenomics_6811_sol2sanger_269,77.97520651461858,44.73460186658826
epigenomics_6811_sol2sanger_270,73.71426936219612,45.81577212703657
epigenomics_6811_sol2sanger_271,84.7605801405949,50.6862158144458
epigenomics_6811_sol2sanger_272,77.05523684128282,45.92011318852697
epigenomics_6811_sol2sanger_273,82.96885706283375,40.18926258040646
epigenomics_6811_sol2sanger_274,78.69453733436494,33.6709401095785
epigenomics_6811_sol2sanger_275,73.88751224237042,37.32092973369431
epigenomics_6811_sol2sanger_276,74.67742660045475,57.58827430068957
epigenomics_6811_sol2sanger_277,81.22126203692625,54.44120825701005
epigenomics_6811_sol2sanger_278,85.44368203522689,45.25647070135732
epigenomics_6811_sol2sanger_279,87.89705302728802,48.71215846784128
epigenomics_6811_sol2sanger_280,83.05091339065339,42.511550326394186
epigenomics_6811_sol2sanger_281,79.94240153379748,53.87557977617452
epigenomics_6811_sol2sanger_282,79.73600541692852,42.69864659728704
epigenomics_6811_sol2sanger_283,82.45771744914188,50.793734736366005
epigenomics_6811_sol2sanger_284,81.28071016601785,35.33058874595849
epigenomics_6811_sol2sanger_285,95.1110211124187,47.446943335147296
epigenomics_6811_sol2sanger_286,85.32800061889537,42.36491434387574
epigenomics_6811_sol2sanger_287,83.23150003335222,48.367145419448995
epigenomics_6811_sol2sanger_288,79.77444024084522,45.25122161220037
epigenomics_6811_sol2sanger_289,78.02900102853984,58.39202495544429
epigenomics_6811_sol2sanger_290,77.39221479305004,51.470354131330616
epigenomics_6811_sol2sanger_291,82.71196953050914,50.849530050696984
epigenomics_6811_sol2sanger_292,81.18393097177088,49.235297630203085
epigenomics_6811_sol2sanger_293,74.78382622254797,61.11531678990405
epigenomics_6811_sol2sanger_294,72.43892018375153,46.00429825843787
epigenomics_6811_sol2sanger_295,76.37580603024645,42.12830789538086
epigenomics_6811_sol2sanger_296,70.82958951821445,41.01650963156732
epigenomics_6811_sol2sanger_297,75.51002359151268,43.6290612549325
epigenomics_6811_sol2sanger_298,82.7959522779843,51.174436742837116
epigenomics_6811_sol2sanger_299,86.57155318396444,46.448731550602524
epigenomics_6811_sol2sanger_300,69.13057485776892,45.67889113347439
epigenomics_6811_sol2sanger_301,83.43495017142176,47.77504094328977
epigenomics_6811_sol2sanger_302,83.64448884105413,39.715313968745846
epigenomics_6811_sol2sanger_303,82.44312521969832,49.7735282240772
epigenomics_6811_sol2sanger_304,77.3241883105856,31.076460719761577
epigenomics_6811_sol2sanger_305,76.85885737055746,47.98649163280496
epigenomics_6811_sol2sanger_306,87.93883046592417,45.42517282595822
epigenomics_6811_sol2sanger_307,76.71960432997095,41.400155379661534
epigenomics_6811_sol2sanger_308,83.39595845086704,37.779926260883684
epigenomics_6811_sol2sanger_309,78.2132192856373,61.35034050540586
epigenomics_6811_sol2sanger_310,84.70052469829257,51.064726314762964
epigenomics_6811_sol2sanger_311,78.71911893028181,47.65675861629945
epigenomics_6811_sol2sanger_312,81.53920257189435,49.64794882920293
epigenomics_6811_sol2sanger_313,77.66978396141828,44.80474925875348
epigenomics_6811_sol2sanger_314,75.60639634940519,58.767574951790756
epigenomics_6811_sol2sanger_315,79.23420968294373,51.346852105652765
epigenomics_6811_sol2sanger_316,81.78791375792365,58.64368940091718
epigenomics_6811_sol2sanger_317,83.34241436318597,48.49851020340441
epigenomics_6811_sol2sanger_318,78.7414194021228,42.80670544896072
epigenomics_6811_sol2sanger_319,87.02694241166341,34.2914737225903
epigenomics_6811_sol2sanger_320,80.85934542285594,56.19657262013618
epigenomics_6811_sol2sanger_321,86.41817118543732,46.63259038803089
epigenomics_6811_sol2sanger_322,87.12036159552893,65.94145937112839
epigenomics_6811_sol2sanger_323,70.19109517056081,36.24343618592276
epigenomics_6811_sol2sanger_324,76.70230318633527,53.085719017332764
epigenomics_6811_sol2sanger_325,69.77196285449496,44.974906829564645
epigenomics_6811_sol2sanger_326,78.08242789723359,50.94903563381836
epigenomics_6811_sol2sanger_327,87.01360912019143,40.7603055710001
epigenomics_6811_sol2sanger_328,78.63160385289198,55.447231436802895
epigenomics_6811_sol2sanger_329,76.79299135317817,41.047726632638906
epigenomics_6811_sol2sanger_330,78.95724324551843,34.771853503748936
epigenomics_6811_sol2sanger_331,72.7557436518722,32.65723262633083
epigenomics_6811_sol2sanger_332,79.15647613589456,46.59908201031887
epigenomics_6811_sol2sanger_333,83.53910335615741,48.185442457046605
epigenomics_6811_sol2sanger_334,88.37068254529113,30.913993195956788
epigenomics_6811_sol2sanger_335,72.81963563684063,53.67388429146379
epigenomics_6811_sol2sanger_336,87.21838189970708,55.566673602701826
epigenomics_6811_sol2sanger_337,83.57104166774255,46.68586283102499
epigenomics_6811_sol2sanger_338,81.20471243660191,44.17203538699563
epigenomics_6811_sol2sanger_339,77.390205097674,47.52477291931391
epigenomics_6811_sol2sanger_340,76.94470639482401,50.91324957827226
epigenomics_6811_sol2sanger_341,73.51700573503689,51.98096886594879
epigenomics_6811_sol2sanger_342,72.98364219760253,49.54730584539411
epigenomics_6811_sol2sanger_343,77.29384998572458,63.02747971176166
epigenomics_6811_sol2sanger_344,80.11461426142081,45.277302885082904
epigenomics_6811_sol2sanger_345,82.51044002434202,32.88486493678837
epigenomics_6811_sol2sanger_346,71.0672475554329,52.42839277880526
epigenomics_6811_sol2sanger_347,75.38280601130867,49.21444237278503
epigenomics_6811_sol2sanger_348,75.22774859909315,49.97428004371173
epigenomics_6811_sol2sanger_349,83.34422272140554,42.31843912190322
epigenomics_6811_sol2sanger_350,79.29215443934719,56.134642128956315
epigenomics_6811_sol2sanger_351,85.60305702929327,30.983421714217762
epigenomics_6811_sol2sanger_352,91.27068989290508,42.597006643344855
epigenomics_6811_sol2sanger_353,88.34537837741925,54.82723394410509
epigenomics_6811_sol2sanger_354,87.74077179366938,53.092151722876295
epigenomics_6811_sol2sanger_355,66.9861864684721,40.43119138576075
epigenomics_6811_sol2sanger_356,78.40884809403416,32.35704684115562
epigenomics_6811_sol2sanger_357,80.1523642012613,49.8097196676517
epigenomics_6811_sol2sanger_358,84.19670628495349,48.33134632189566
epigenomics_6811_sol2sanger_359,81.9931976032974,56.592342074791745
epigenomics_6811_sol2sanger_360,79.83748019213404,40.8861895968238
epigenomics_6811_sol2sanger_361,81.09705487262927,42.77896117570147
epigenomics_6811_sol2sanger_362,76.77855904322611,43.56047684265063
epigenomics_6811_sol2sanger_363,78.8968603686707,44.090945266128664
epigenomics_6811_sol2sanger_364,80.6978494609874,60.30607169298124
epigenomics_6811_sol2sanger_365,73.93668237439432,44.97672397564264
epigenomics_6811_sol2sanger_366,87.35793057311378,44.532938811684204
epigenomics_6811_sol2sanger_367,80.04652234009754,55.079766262299096
epigenomics_6811_sol2sanger_368,83.7176172721231,39.38256718114669
epigenomics_6811_sol2sanger_369,79.3765538970098,52.348408076381176
epigenomics_6811_sol2sanger_370,79.00844678092346,37.929375095770865
epigenomics_6811_sol2sanger_371,74.12056019306553,40.85589122536756
epigenomics_6811_sol2sanger_372,84.70410271924098,46.36605382118354
epigenomics_6811_sol2sanger_373,87.3666502152214,58.82432809548696
epigenomics_6811_sol2sanger_374,72.98741258553613,51.83372222918365
epigenomics_6811_sol2sanger_375,84.8586974884425,46.21727973125619
epigenomics_6811_sol2sanger_376,72.85969279971408,62.238491972568625
epigenomics_6811_sol2sanger_377,66.90709804342629,48.23624382092218
epigenomics_6811_sol2sanger_378,73.01624327092821,42.54395507370011
epigenomics_6811_sol2sanger_379,69.47724070739734,46.355102826866755
epigenomics_6811_sol2sanger_380,75.142062359178,40.337055741164576
epigenomics_6811_sol2sanger_381,82.07282643213713,50.82732946078136
epigenomics_6811_sol2sanger_382,69.83775355781457,55.218787036737474
epigenomics_6811_sol2sanger_383,85.39626952074308,49.34402048486268
epigenomics_6811_sol2sanger_384,82.90865782316571,37.92394215362464
epigenomics_6811_sol2sanger_385,84.14349425223617,52.52865778133447
epigenomics_6811_sol2sanger_386,88.37237965168778,44.295304487903046
epigenomics_6811_sol2sanger_387,78.7315207674205,54.47792923788566
epigenomics_6811_sol2sanger_388,86.47421904109922,55.489867102800446
epigenomics_6811_sol2sanger_389,75.58889015117728,54.82525208746457
epigenomics_6811_sol2sanger_390,84.07904023278637,41.873670609255925
epigenomics_6811_sol2sanger_391,72.7632651316039,51.77959734946215
epigenomics_6811_sol2sanger_392,76.92847857610185,61.03692460435249
epigenomics_6811_sol2sanger_393,71.62312939661844,39.023083560403485
epigenomics_6811_sol2sanger_394,70.85811549403812,47.25990344231974
epigenomics_6811_sol2sanger_395,76.26278269485316,64.67746639031033
epigenomics_6811_sol2sanger_396,80.5322635344956,61.19201771449359
epigenomics_6811_sol2sanger_397,77.0476464236025,56.558381904565316
epigenomics_6811_sol2sanger_398,79.85889072376338,53.68661295340922
epigenomics_6811_sol2sanger_399,86.18042815351158,54.624532494030106
epigenomics_6811_sol2sanger_400,84.42512414708729,42.85551603634302
epigenomics_6811_sol2sanger_401,78.14761710964063,50.39415013040891
epigenomics_6811_sol2sanger_402,78.70245105441995,49.12072205973779
epigenomics_6811_sol2sanger_403,84.37962901848599,38.36359124226848
epigenomics_6811_sol2sanger_404,83.53284213216611,36.970033541749025
epigenomics_6811_sol2sanger_405,77.53284984677393,52.52064346370674
epigenomics_6811_sol2sanger_406,87.22657558003573,48.33017046744001
epigenomics_6811_sol2sanger_407,88.96071977001253,46.30977855826592
epigenomics_6811_sol2sanger_408,85.20398617624144,46.55154106906647
epigenomics_6811_sol2sanger_409,86.88411231858947,53.74305159327815
epigenomics_6811_sol2sanger_410,67.81847498079233,32.098728784895485
epigenomics_6811_sol2sanger_411,85.59017010000038,51.835217235535005
epigenomics_6811_sol2sanger_412,82.43843348698717,44.40322728562187
epigenomics_6811_sol2sanger_413,76.69861615419873,31.233710016669228
epigenomics_6811_sol2sanger_414,78.00602601046032,45.981835776746664
epigenomics_6811_sol2sanger_415,80.32454526124185,48.582455082580005
epigenomics_6811_sol2sanger_416,75.07821220920738,56.49902713962305
epigenomics_6811_sol2sanger_417,90.38405506792225,37.307482268233464
epigenomics_6811_sol2sanger_418,79.54507869442536,58.523033925226585
epigenomics_6811_sol2sanger_419,78.13649928369288,52.87445240914952
epigenomics_6811_sol2sanger_420,91.6035727701611,41.83968332104415
epigenomics_6811_sol2sanger_421,75.07970025515286,48.60465310969578
epigenomics_6811_sol2sanger_422,81.49568884958128,37.704827681897264
epigenomics_6811_sol2sanger_423,81.62385163017338,42.55606527445111
epigenomics_6811_sol2sanger_424,82.07935113630492,53.20858789821324
epigenomics_6811_sol2sanger_425,87.67809436020187,48.60201054753859
epigenomics_6811_sol2sanger_426,83.33835090307343,48.030518109021294
epigenomics_6811_sol2sanger_427,85.62723554981639,42.15271993363992
epigenomics_6811_sol2sanger_428,72.52941695454427,62.4546476661416
epigenomics_6811_sol2sanger_429,83.05701974890921,52.61611432067896
epigenomics_6811_sol2sanger_430,78.65990637833781,46.820039478582196
epigenomics_6811_sol2sanger_431,95.15937457104039,49.01304942635742
epigenomics_6811_sol2sanger_432,79.33799777466044,31.54635768743545
epigenomics_6811_sol2sanger_433,80.1967361335898,45.291095912589235
epigenomics_6811_sol2sanger_434,75.49789490079665,56.69246035997285
epigenomics_6811_sol2sanger_435,78.83476844534026,57.98876299374147
epigenomics_6811_sol2sanger_436,78.53753357908417,37.11514101565945
epigenomics_6811_sol2sanger_437,81.57423947140282,48.66938909997674
epigenomics_6811_sol2sanger_438,86.45342780723803,64.43044043456094
epigenomics_6811_sol2sanger_439,82.9099487436118,42.31655848356293
epigenomics_6811_sol2sanger_440,84.08249103679769,31.393023481291795
epigenomics_6811_sol2sanger_441,77.8637012710361,55.232820244723634
epigenomics_6811_sol2sanger_442,79.40712566057182,37.8727409215585
epigenomics_6811_sol2sanger_443,80.14239030860199,36.19203568010796
epigenomics_6811_sol2sanger_444,76.35232118443766,36.84337630187232
epigenomics_6811_sol2sanger_445,84.98159195060843,36.004470614329094
epigenomics_6811_sol2sanger_446,71.55850700578765,35.255879824456684
epigenomics_6811_sol2sanger_447,79.98055127481567,51.683352726575585
epigenomics_6811_sol2sanger_448,81.26165312517526,35.690962536915194
epigenomics_6811_sol2sanger_449,74.08610955494487,51.00557639065272
epigenomics_6811_sol2sanger_450,78.5655861369819,58.52771244671885
epigenomics_6811_sol2sanger_451,85.98850349831929,57.889792083825235
epigenomics_6811_sol2sanger_452,84.3812864390969,69.79075634355732
epigenomics_6811_sol2sanger_453,78.33063979423044,46.48186083928242
epigenomics_6811_sol2sanger_454,74.22126782818245,40.65855667505169
epigenomics_6811_sol2sanger_455,83.7084300866662,46.43098210691537
epigenomics_6811_sol2sanger_456,86.59376625087201,42.655517269513716
epigenomics_6811_sol2sanger_457,75.93262367919459,52.44188302739863
epigenomics_6811_sol2sanger_458,88.6998776370342,52.67804944561599
epigenomics_6811_sol2sanger_459,77.49638904490764,54.91336117211992
epigenomics_6811_sol2sanger_460,85.63646929006654,49.6849610583822
epigenomics_6811_sol2sanger_461,68.18239293839434,46.39718896418944
epigenomics_6811_sol2sanger_462,82.34495870238166,52.168737227305094
epigenomics_6811_sol2sanger_463,87.54319883342767,59.203291461729584
epigenomics_6811_sol2sanger_464,78.22240452787376,54.15892895209084
epigenomics_6811_sol2sanger_465,81.02284131525622,43.794688373235694
epigenomics_6811_sol2sanger_466,83.36150258142702,53.8310294971204
epigenomics_6811_sol2sanger_467,84.39124467915161,45.42706328028377
epigenomics_6811_sol2sanger_468,84.16595530315146,32.514902444678555
epigenomics_6811_sol2sanger_469,83.38719248265197,50.61983737946527
epigenomics_6811_sol2sanger_470,74.19712759302952,48.26291017174886
epigenomics_6811_sol2sanger_471,81.94422620246662,40.6156526159641
epigenomics_6811_sol2sanger_472,83.7731109040796,33.591795859440396
epigenomics_6811_sol2sanger_473,79.07018295018952,42.76028716420768
epigenomics_6811_sol2sanger_474,74.49673203268027,49.620955676889935
epigenomics_6811_sol2sanger_475,76.33032779922155,50.280818601744414
epigenomics_6811_sol2sanger_476,77.67618836491027,38.39507677683009
epigenomics_6811_sol2sanger_477,75.08481083640496,54.110265559765246
epigenomics_6811_sol2sanger_478,76.83718058139664,37.20892815384634
epigenomics_6811_sol2sanger_479,83.14720597964993,54.87283838440941
epigenomics_6811_sol2sanger_480,85.83512085749342,47.184076975737945
epigenomics_6811_sol2sanger_481,90.26894232401656,44.15236163906945
epigenomics_6811_sol2sanger_482,82.48518048251343,58.46548210959657
epigenomics_6811_sol2sanger_483,73.78542450097777,42.771167536137845
epigenomics_6811_sol2sanger_484,71.19749823552847,47.863452851104725
epigenomics_6811_sol2sanger_485,83.3792528617046,49.714151897698926
epigenomics_6811_sol2sanger_486,85.93277916218557,55.44795467516913
epigenomics_6811_sol2sanger_487,79.88623900260642,51.19892885277203
epigenomics_6811_sol2sanger_488,74.58825342896651,40.363433132927895
epigenomics_6811_sol2sanger_489,79.25191632799587,47.28626539760367
epigenomics_6811_sol2sanger_490,67.67817282023913,34.82554545080613
epigenomics_6811_sol2sanger_491,74.61390792924014,59.91000860535455
epigenomics_6811_sol2sanger_492,90.065457238553,56.55288994547284
epigenomics_6811_sol2sanger_493,88.69595757765269,52.847652367171094
epigenomics_6811_sol2sanger_494,73.99715210341286,66.87007329051005
epigenomics_6811_sol2sanger_495,79.97853204698734,55.274939497011054
epigenomics_6811_sol2sanger_496,73.83465417302993,61.34486427720856
epigenomics_6811_sol2sanger_497,78.83680108044099,48.57636953731694
epigenomics_6811_sol2sanger_498,83.01835117462879,42.62173861168209
epigenomics_6811_sol2sanger_499,79.88805077051664,26.26298496015321
epigenomics_6811_fast2bfq_0,43.098607143476386,84.93315971194366
epigenomics_6811_fast2bfq_1,51.64249082114948,99.05252927331064
epigenomics_6811_fast2bfq_2,41.567264778385095,73.68857814653121
epigenomics_6811_fast2bfq_3,39.23378745796717,76.55685969557558
epigenomics_6811_fast2bfq_4,47.09390437114021,80.1375342615913
epigenomics_6811_fast2bfq_5,40.42634355013997,88.84371177810958
epigenomics_6811_fast2bfq_6,57.179917750674775,84.78577763069806
epigenomics_6811_fast2bfq_7,45.487211831433655,69.74193620350451
epigenomics_6811_fast2bfq_8,42.39812096222235,80.59275844797295
epigenomics_6811_fast2bfq_9,52.276059111389436,86.57242255250225
epigenomics_6811_fast2bfq_10,34.94470811091751,78.63842455501931
epigenomics_6811_fast2bfq_11,43.22733509643855,82.39701078551828
epigenomics_6811_fast2bfq_12,49.64856155977598,81.97932577518962
epigenomics_6811_fast2bfq_13,39.562998116198315,85.75196835403302
epigenomics_6811_fast2bfq_14,52.265554668964235,79.08928296120811
epigenomics_6811_fast2bfq_15,45.09273051210561,89.454680929561
epigenomics_6811_fast2bfq_16,52.316827044345395,73.782435416472
epigenomics_6811_fast2bfq_17,54.74121887846258,84.01333506769001
epigenomics_6811_fast2bfq_18,44.82821123909801,85.83402821708344
epigenomics_6811_fast2bfq_19,47.08206954640329,73.5892605617818
epigenomics_6811_fast2bfq_20,42.999295392834334,87.59520886294109
epigenomics_6811_fast2bfq_21,45.63856774504644,91.24662495718776
epigenomics_6811_fast2bfq_22,41.855225827389454,62.95650062392889
epigenomics_6811_fast2bfq_23,33.1272072485601,94.33345835147988
epigenomics_6811_fast2bfq_24,43.35881763706398,83.38501855742987
epigenomics_6811_fast2bfq_25,37.27038869594544,84.37267903875474
epigenomics_6811_fast2bfq_26,41.77293147603322,83.28149433499215
epigenomics_6811_fast2bfq_27,48.80445252271938,75.0539692049859
epigenomics_6811_fast2bfq_28,49.77463076229819,81.61548598654224
epigenomics_6811_fast2bfq_29,40.49263259760394,75.03595826971326
epigenomics_6811_fast2bfq_30,57.86596060906514,71.63902616027434
epigenomics_6811_fast2bfq_31,48.87619579468155,84.55523584942405
epigenomics_6811_fast2bfq_32,53.14488078591119,80.1500753500754
epigenomics_6811_fast2bfq_33,42.685009569406716,72.9254169999216
epigenomics_6811_fast2bfq_34,52.738797303548864,75.57352566188472
epigenomics_6811_fast2bfq_35,38.9342838079619,83.09916828744544
epigenomics_6811_fast2bfq_36,42.90161126080457,76.609314636795
epigenomics_6811_fast2bfq_37,57.414467658961364,85.11213325961258
epigenomics_6811_fast2bfq_38,53.80487051906014,86.52932408221774
epigenomics_6811_fast2bfq_39,39.48863866667453,81.67868036351322
epigenomics_6811_fast2bfq_40,35.73110331690393,65.87130586377637
epigenomics_6811_fast2bfq_41,34.85500643678062,82.6492882368442
epigenomics_6811_fast2bfq_42,46.71934488654767,75.28318595191698
epigenomics_6811_fast2bfq_43,50.00565490815505,83.9014833918645
epigenomics_6811_fast2bfq_44,57.06662672796159,77.34288392359156
epigenomics_6811_fast2bfq_45,39.508172180545,79.04238400973523
epigenomics_6811_fast2bfq_46,53.889139604324484,73.03466453885693
epigenomics_6811_fast2bfq_47,47.93706199592463,72.23776078782345
epigenomics_6811_fast2bfq_48,56.079590690216946,74.69090891250323
epigenomics_6811_fast2bfq_49,50.77892492521463,76.04465681597621
epigenomics_6811_fast2bfq_50,51.10287563613014,88.88123827945219
epigenomics_6811_fast2bfq_51,64.59828364691313,87.2137601833686
epigenomics_6811_fast2bfq_52,43.07220177686587,75.38915663224049
epigenomics_6811_fast2bfq_53,49.41471068573551,74.9522447733192
epigenomics_6811_fast2bfq_54,46.651163108432016,78.79359084579235
epigenomics_6811_fast2bfq_55,45.70492622027333,74.85825674413547
epigenomics_6811_fast2bfq_56,39.601808650140015,97.68733050954143
epigenomics_6811_fast2bfq_57,34.93335749980605,82.16814157410697
epigenomics_6811_fast2bfq_58,43.27833325947004,78.05111292043186
epigenomics_6811_fast2bfq_59,44.53341648847527,75.03871289603745
epigenomics_6811_fast2bfq_60,45.20702094545136,93.58437174402268
epigenomics_6811_fast2bfq_61,56.01578091352485,77.73930776246388
epigenomics_6811_fast2bfq_62,32.55056398117144,73.24291964976537
epigenomics_6811_fast2bfq_63,41.0575052153634,79.22005244749691
epigenomics_6811_fast2bfq_64,41.994204225365316,72.4631970778038
epigenomics_6811_fast2bfq_65,33.115059608201236,74.74891726084094
epigenomics_6811_fast2bfq_66,47.56362158638148,74.99147361932414
epigenomics_6811_fast2bfq_67,46.731131829295926,71.75114312388298
epigenomics_6811_fast2bfq_68,47.30358885585352,81.90237893303163
epigenomics_6811_fast2bfq_69,45.32898762766085,89.02155054161432
epigenomics_6811_fast2bfq_70,41.82755838819981,72.40043643681963
epigenomics_6811_fast2bfq_71,44.21410836604665,82.053830514949
epigenomics_6811_fast2bfq_72,31.344454402415472,89.55026795188209
epigenomics_6811_fast2bfq_73,32.80789538856027,90.18029398482484
epigenomics_6811_fast2bfq_74,53.268273170692694,83.69273626513028
epigenomics_6811_fast2bfq_75,47.96773033936135,65.58451158013344
epigenomics_6811_fast2bfq_76,38.07940348327835,80.5737380704299
epigenomics_6811_fast2bfq_77,43.19535889395716,80.73737781721269
epigenomics_6811_fast2bfq_78,33.991876477180426,74.3869757537143
epigenomics_6811_fast2bfq_79,40.17043065285315,85.32572135292043
epigenomics_6811_fast2bfq_80,47.57836858077884,78.18548169484893
epigenomics_6811_fast2bfq_81,44.078839735590655,70.00139592674253
epigenomics_6811_fast2bfq_82,51.58517278796736,90.95604152347138
epigenomics_6811_fast2bfq_83,41.51267989694505,90.20629858969164
epigenomics_6811_fast2bfq_84,48.43291698209259,85.68448337766326
epigenomics_6811_fast2bfq_85,53.82857025624901,75.85259967090737
epigenomics_6811_fast2bfq_86,43.79121671874915,75.1698116546436
epigenomics_6811_fast2bfq_87,50.92273730991987,76.9511902812416
epigenomics_6811_fast2bfq_88,51.80405863427825,87.76449400096762
epigenomics_6811_fast2bfq_89,45.33821942839189,79.12966708520513
epigenomics_6811_fast2bfq_90,45.64537589952557,71.79892079557473
epigenomics_6811_fast2bfq_91,60.259740279320475,71.21973930134727
epigenomics_6811_fast2bfq_92,50.9438476653626,71.9853787360519
epigenomics_6811_fast2bfq_93,42.870221643065626,88.57415526955664
epigenomics_6811_fast2bfq_94,61.42959798534761,84.70938665989715
epigenomics_6811_fast2bfq_95,45.2310805382373,75.57503486721487
epigenomics_6811_fast2bfq_96,29.39783105101267,94.16722389665098
epigenomics_6811_fast2bfq_97,38.48262277346882,73.71373584665294
epigenomics_6811_fast2bfq_98,37.63883894876182,89.66633675325323
epigenomics_6811_fast2bfq_99,48.2160412589158,65.2143653966117
epigenomics_6811_fast2bfq_100,48.808015480447786,78.72791060100526
epigenomics_6811_fast2bfq_101,50.22962177826733,94.643249898386
epigenomics_6811_fast2bfq_102,45.4799733104836,89.7394000335898
epigenomics_6811_fast2bfq_103,45.13751690675658,89.98386695660213
epigenomics_6811_fast2bfq_104,32.838328387317354,90.866872105336
epigenomics_6811_fast2bfq_105,43.88770665458581,80.72611452520968
epigenomics_6811_fast2bfq_106,43.04362729258419,76.80925621335614
epigenomics_6811_fast2bfq_107,54.38718840631789,73.28939060986079
epigenomics_6811_fast2bfq_108,48.522477450006114,89.25014295397895
epigenomics_6811_fast2bfq_109,52.13312884776726,75.8580427179558
epigenomics_6811_fast2bfq_110,32.963078713715845,83.80540827263015
epigenomics_6811_fast2bfq_111,40.77320735147718,91.19394525082835
epigenomics_6811_fast2bfq_112,46.35573020078172,87.42897005636557
epigenomics_6811_fast2bfq_113,58.97932053788445,79.24520159440095
epigenomics_6811_fast2bfq_114,56.68507574597605,76.65570471007493
epigenomics_6811_fast2bfq_115,46.87111678805506,64.75536779466525
epigenomics_6811_fast2bfq_116,53.20555085453786,89.5848706333924
epigenomics_6811_fast2bfq_117,40.96662911871767,82.87392517432525
epigenomics_6811_fast2bfq_118,62.59718840384176,75.18979633691039
epigenomics_6811_fast2bfq_119,54.94536705258944,87.358981741845
epigenomics_6811_fast2bfq_120,38.79336481179478,80.36604798210858
epigenomics_6811_fast2bfq_121,29.99120334229788,77.30372041072027
epigenomics_6811_fast2bfq_122,39.08542845163534,95.52287810788782
epigenomics_6811_fast2bfq_123,39.448904696919286,77.73809594668136
epigenomics_6811_fast2bfq_124,29.11330267607979,73.7942853593328
epigenomics_6811_fast2bfq_125,47.01472306759482,81.99448915245155
epigenomics_6811_fast2bfq_126,47.685777633814006,82.6038723055896
epigenomics_6811_fast2bfq_127,44.18494341775926,74.42074885534193
epigenomics_6811_fast2bfq_128,41.35487573994737,77.93667530215329
epigenomics_6811_fast2bfq_129,43.818425392100956,84.65340972686752
epigenomics_6811_fast2bfq_130,32.72889285811827,72.55622873958163
epigenomics_6811_fast2bfq_131,44.44303393624941,86.05448829147682
epigenomics_6811_fast2bfq_132,35.638525679960324,80.77587591567479
epigenomics_6811_fast2bfq_133,57.6481069897476,96.42684850748434
epigenomics_6811_fast2bfq_134,26.651357944519813,73.77742958966178
epigenomics_6811_fast2bfq_135,34.04201280811015,78.76918334022072
epigenomics_6811_fast2bfq_136,43.12848593420695,79.63048954103621
epigenomics_6811_fast2bfq_137,40.18027257413881,81.39280120147335
epigenomics_6811_fast2bfq_138,38.80500008137387,77.86476491060627
epigenomics_6811_fast2bfq_139,55.21180670122121,76.88338971026086
epigenomics_6811_fast2bfq_140,40.82145503371318,73.50517846643488
epigenomics_6811_fast2bfq_141,38.77319465006114,69.71205663529896
epigenomics_6811_fast2bfq_142,44.5366985015458,87.75180724288428
epigenomics_6811_fast2bfq_143,51.69563524530007,79.81693310304907
epigenomics_6811_fast2bfq_144,47.27032578810711,67.25319385382598
epigenomics_6811_fast2bfq_145,52.311538259164955,73.81853219432234
epigenomics_6811_fast2bfq_146,40.02636570562956,84.45464900840095
epigenomics_6811_fast2bfq_147,39.479460429379365,87.51565147460732
epigenomics_6811_fast2bfq_148,51.01156761149363,72.39110141963275
epigenomics_6811_fast2bfq_149,44.092665873190214,77.78257072575333
epigenomics_6811_fast2bfq_150,38.3112011868993,79.72172631435383
epigenomics_6811_fast2bfq_151,37.299702332741525,84.21691699702528
epigenomics_6811_fast2bfq_152,38.599366018630384,87.77302331624563
epigenomics_6811_fast2bfq_153,52.14876130851406,80.38546130360645
epigenomics_6811_fast2bfq_154,50.57376297544538,80.37470176861721
epigenomics_6811_fast2bfq_155,40.010297288154085,86.37254347341819
epigenomics_6811_fast2bfq_156,40.83315700512489,75.99651724684315
epigenomics_6811_fast2bfq_157,46.42213258996993,77.58413700354083
epigenomics_6811_fast2bfq_158,37.615199925882344,83.19653231543177
epigenomics_6811_fast2bfq_159,37.845408574982024,70.03331331898401
epigenomics_6811_fast2bfq_160,40.51411401197568,80.67025017647066
epigenomics_6811_fast2bfq_161,43.486365123376885,76.27574345397298
epigenomics_6811_fast2bfq_162,48.27162034940114,75.65851800630317
epigenomics_6811_fast2bfq_163,43.5245600364702,76.36055912633275
epigenomics_6811_fast2bfq_164,39.33409769274998,72.50157657015687
epigenomics_6811_fast2bfq_165,56.49770172464939,82.08934330739993
epigenomics_6811_fast2bfq_166,53.203320843156675,76.6345344544192
epigenomics_6811_fast2bfq_167,52.33946337003777,92.62719879795185
epigenomics_6811_fast2bfq_168,45.325865885106644,76.98912720160031
epigenomics_6811_fast2bfq_169,42.07198460520829,72.58509563215637
epigenomics_6811_fast2bfq_170,45.79812517064143,70.51178325708284
epigenomics_6811_fast2bfq_171,40.282513405698644,87.51922812809157
epigenomics_6811_fast2bfq_172,39.90279675374903,80.94500660328191
epigenomics_6811_fast2bfq_173,52.88851144525585,87.06213928712053
epigenomics_6811_fast2bfq_174,48.681848628959656,77.90302458555807
epigenomics_6811_fast2bfq_175,47.90251970580887,76.50455971150589
epigenomics_6811_fast2bfq_176,53.94077474969371,89.33311165766763
epigenomics_6811_fast2bfq_177,49.660399543616606,88.73520074593573
epigenomics_6811_fast2bfq_178,44.658056139075974,70.72069299935735
epigenomics_6811_fast2bfq_179,46.69048392496755,79.79066149951736
epigenomics_6811_fast2bfq_180,42.70818041581886,82.3317356626478
epigenomics_6811_fast2bfq_181,49.43635235021468,80.3208195995737
epigenomics_6811_fast2bfq_182,55.831880779184715,78.00224268610346
epigenomics_6811_fast2bfq_183,51.43739058141801,67.63903875493725
epigenomics_6811_fast2bfq_184,51.44554747563289,80.44586152540504
epigenomics_6811_fast2bfq_185,31.888485610507026,77.1083331626688
epigenomics_6811_fast2bfq_186,43.78608603768272,76.31956899515387
epigenomics_6811_fast2bfq_187,41.3720112131441,66.7463186286223
epigenomics_6811_fast2bfq_188,47.15238345949888,86.02504010545111
epigenomics_6811_fast2bfq_189,52.946294862388726,81.49865409871798
epigenomics_6811_fast2bfq_190,50.7111227551202,68.28552585312191
epigenomics_6811_fast2bfq_191,43.12597087494774,80.97431531728614
epigenomics_6811_fast2bfq_192,53.06795976458263,83.4221630875238
epigenomics_6811_fast2bfq_193,37.68122455528254,86.6053128334766
epigenomics_6811_fast2bfq_194,54.22401962095678,86.71498853802608
epigenomics_6811_fast2bfq_195,62.8139005891838,82.69230290383288
epigenomics_6811_fast2bfq_196,51.525568391835954,74.30450546499024
epigenomics_6811_fast2bfq_197,30.216677161488104,86.0799042214138
epigenomics_6811_fast2bfq_198,44.58248994822291,87.11219584997923
epigenomics_6811_fast2bfq_199,57.780094007792364,81.20330108233955
epigenomics_6811_fast2bfq_200,46.780415268319715,84.61919863260049
epigenomics_6811_fast2bfq_201,38.969322872344335,83.79189445913062
epigenomics_6811_fast2bfq_202,51.526881653098684,94.13391039644286
epigenomics_6811_fast2bfq_203,41.98634197881348,77.27641845077284
epigenomics_6811_fast2bfq_204,47.9681481374626,89.5597141510173
epigenomics_6811_fast2bfq_205,35.666757831332646,83.0783153141815
epigenomics_6811_fast2bfq_206,40.29791673996351,86.23164772066255
epigenomics_6811_fast2bfq_207,39.15795527201965,76.82135046263441
epigenomics_6811_fast2bfq_208,47.44930530918257,67.70091159183627
epigenomics_6811_fast2bfq_209,47.931886116475816,91.59389087792694
epigenomics_6811_fast2bfq_210,52.86431046119965,82.82413988540102
epigenomics_6811_fast2bfq_211,33.42208805934447,77.99543536855717
epigenomics_6811_fast2bfq_212,32.64155257387199,84.2793485188346
epigenomics_6811_fast2bfq_213,49.37924238357646,72.65430331043666
epigenomics_6811_fast2bfq_214,54.44146230712702,73.16728900294147
epigenomics_6811_fast2bfq_215,45.99101233968221,82.62808363223346
epigenomics_6811_fast2bfq_216,47.93248127216876,75.31275926195333
epigenomics_6811_fast2bfq_217,56.81436236717102,91.82031666340028
epigenomics_6811_fast2bfq_218,42.39627039161024,77.38767975024695
epigenomics_6811_fast2bfq_219,42.42403516163379,84.95302649562636
epigenomics_6811_fast2bfq_220,52.9509215658096,77.67918846939297
epigenomics_6811_fast2bfq_221,48.73201762321058,78.63389920335523
epigenomics_6811_fast2bfq_222,39.28080349468069,75.2628571971803
epigenomics_6811_fast2bfq_223,55.362076685177875,69.07595869201334
epigenomics_6811_fast2bfq_224,47.86201886133656,71.87696074252145
epigenomics_6811_fast2bfq_225,42.058137898605494,78.58999847741875
epigenomics_6811_fast2bfq_226,41.92973685045306,83.23682778588072
epigenomics_6811_fast2bfq_227,48.463914108809306,93.06092164186589
epigenomics_6811_fast2bfq_228,57.90985314254125,92.4994023688931
epigenomics_6811_fast2bfq_229,38.37620414452596,76.23909828518457
epigenomics_6811_fast2bfq_230,52.32356427669163,98.32982544079478
epigenomics_6811_fast2bfq_231,51.849315670278486,78.89929263234718
epigenomics_6811_fast2bfq_232,49.90698881495124,76.00420718989137
epigenomics_6811_fast2bfq_233,51.6955287143303,88.82401585173433
epigenomics_6811_fast2bfq_234,41.06545319486678,78.27221255645989
epigenomics_6811_fast2bfq_235,34.30830061589727,79.17016725931303
epigenomics_6811_fast2bfq_236,39.92492935522791,77.75379421360483
epigenomics_6811_fast2bfq_237,52.753768415584894,78.94382939469827
epigenomics_6811_fast2bfq_238,40.577808591555815,92.96775320247549
epigenomics_6811_fast2bfq_239,50.19204323656241,86.28424145840872
epigenomics_6811_fast2bfq_240,31.88205980224748,70.4868564564486
epigenomics_6811_fast2bfq_241,40.885820907857294,90.6123081997741
epigenomics_6811_fast2bfq_242,29.284163369548935,95.93361280771437
epigenomics_6811_fast2bfq_243,42.09304608542918,79.48518432107907
epigenomics_6811_fast2bfq_244,53.083024845032085,79.48290110503275
epigenomics_6811_fast2bfq_245,45.63901468713138,80.86281675567004
epigenomics_6811_fast2bfq_246,43.7020940719902,84.38869361875439
epigenomics_6811_fast2bfq_247,34.506671122537185,76.61208742667164
epigenomics_6811_fast2bfq_248,46.46203308854713,85.28216010851715
epigenomics_6811_fast2bfq_249,39.11155758146362,82.28178783773899
epigenomics_6811_fast2bfq_250,51.17220468452175,82.1485309070284
epigenomics_6811_fast2bfq_251,44.13531263819999,85.66616431007272
epigenomics_6811_fast2bfq_252,35.07700707207317,81.54472894836779
epigenomics_6811_fast2bfq_253,41.52655332284862,82.89035207733757
epigenomics_6811_fast2bfq_254,43.49283726220912,74.45894825455474
epigenomics_6811_fast2bfq_255,36.218133793990674,86.76420670128574
epigenomics_6811_fast2bfq_256,58.10013490669814,82.30808478594793
epigenomics_6811_fast2bfq_257,56.45605064417576,85.60667791216315
epigenomics_6811_fast2bfq_258,46.43802654120659,85.93804769218448
epigenomics_6811_fast2bfq_259,46.93957610205053,79.28026094035661
epigenomics_6811_fast2bfq_260,45.94893950252842,86.25031220134662
epigenomics_6811_fast2bfq_261,49.03064554951164,71.18230218486067
epigenomics_6811_fast2bfq_262,50.974290092228216,76.57665794498723
epigenomics_6811_fast2bfq_263,46.347268987160916,77.0669862183689
epigenomics_6811_fast2bfq_264,52.126416974006915,81.6279214640547
epigenomics_6811_fast2bfq_265,51.04678506635568,87.1303158127457
epigenomics_6811_fast2bfq_266,49.75195830371768,88.40209782508899
epigenomics_6811_fast2bfq_267,41.643612111970256,74.3171730183679
epigenomics_6811_fast2bfq_268,46.30959330721553,77.65770308250274
epigenomics_6811_fast2bfq_269,52.67868587456746,83.5488705787234
epigenomics_6811_fast2bfq_270,48.9056510988996,76.72320469310789
epigenomics_6811_fast2bfq_271,46.92396232916191,83.42582083123351
epigenomics_6811_fast2bfq_272,61.116048915159425,82.45898420134324
epigenomics_6811_fast2bfq_273,28.835844257722734,85.12966283493296
epigenomics_6811_fast2bfq_274,45.130308143429154,90.85011264891867
epigenomics_6811_fast2bfq_275,46.908033872248645,79.7151439657713
epigenomics_6811_fast2bfq_276,40.22120424151011,82.8627583929975
epigenomics_6811_fast2bfq_277,41.025170817285215,81.81011213158823
epigenomics_6811_fast2bfq_278,54.12705130678414,76.61960659892551
epigenomics_6811_fast2bfq_279,56.174541627326086,79.24922133783711
epigenomics_6811_fast2bfq_280,48.9630098307072,84.2258336018424
epigenomics_6811_fast2bfq_281,41.64167744460531,77.3724284744668
epigenomics_6811_fast2bfq_282,52.8716078035309,68.59575296275978
epigenomics_6811_fast2bfq_283,51.296869665295404,79.50802254768138
epigenomics_6811_fast2bfq_284,50.06438477406413,83.62527839994708
epigenomics_6811_fast2bfq_285,58.40706688056696,80.39651198771978
epigenomics_6811_fast2bfq_286,48.00420341148608,73.64884783129743
epigenomics_6811_fast2bfq_287,41.48242765487045,101.97598818418533
epigenomics_6811_fast2bfq_288,34.55668016916468,84.5841977814676
epigenomics_6811_fast2bfq_289,47.843127158993305,88.45663938497484
epigenomics_6811_fast2bfq_290,56.29949273109969,82.28280022200876
epigenomics_6811_fast2bfq_291,45.453191313835404,67.39712967447588
epigenomics_6811_fast2bfq_292,36.655967288530036,71.14451636470568
epigenomics_6811_fast2bfq_293,49.66497849389691,88.05654228311238
epigenomics_6811_fast2bfq_294,45.065521315612024,65.82454957097599
epigenomics_6811_fast2bfq_295,39.99268987771221,85.1522252589868
epigenomics_6811_fast2bfq_296,39.20072308875969,88.7592967087466
epigenomics_6811_fast2bfq_297,59.22076796103436,80.09083827168256
epigenomics_6811_fast2bfq_298,51.204724308527766,78.08925890357017
epigenomics_6811_fast2bfq_299,47.70049932308712,70.27106608667856
epigenomics_6811_fast2bfq_300,51.98654818681302,92.7473282648918
epigenomics_6811_fast2bfq_301,45.133003469582,79.63164651425998
epigenomics_6811_fast2bfq_302,38.725320074209456,84.0817537633899
epigenomics_6811_fast2bfq_303,35.4131297049485,85.67821453879831
epigenomics_6811_fast2bfq_304,38.790144546611316,76.25836331072402
epigenomics_6811_fast2bfq_305,35.67292284331248,80.93459356452597
epigenomics_6811_fast2bfq_306,46.88680632977167,83.49461969801229
epigenomics_6811_fast2bfq_307,32.67688563266849,68.32545407774727
epigenomics_6811_fast2bfq_308,48.987889305246476,78.767011622194
epigenomics_6811_fast2bfq_309,45.28012583357987,65.85181434275006
epigenomics_6811_fast2bfq_310,45.86661006877196,86.33051570263655
epigenomics_6811_fast2bfq_311,46.04732294159408,77.71441812388876
epigenomics_6811_fast2bfq_312,54.569506217302276,74.47893596370047
epigenomics_6811_fast2bfq_313,52.32210312479231,75.71184018633413
epigenomics_6811_fast2bfq_314,44.18349828568464,83.30615521616492
epigenomics_6811_fast2bfq_315,51.06963330123081,73.54191570085587
epigenomics_6811_fast2bfq_316,56.14280484354655,87.55907531251196
epigenomics_6811_fast2bfq_317,32.25510274564819,79.99832006582054
epigenomics_6811_fast2bfq_318,49.71204876431136,77.04023548853422
epigenomics_6811_fast2bfq_319,46.22366248955397,77.2907639566383
epigenomics_6811_fast2bfq_320,55.565047173309765,71.92917713439067
epigenomics_6811_fast2bfq_321,56.145202348140764,72.07275250117819
epigenomics_6811_fast2bfq_322,53.041051668886084,71.95153268523545
epigenomics_6811_fast2bfq_323,40.14071409447093,64.8690564073743
epigenomics_6811_fast2bfq_324,48.636542227768125,84.66717180233272
epigenomics_6811_fast2bfq_325,48.33194335388536,74.55286599477031
epigenomics_6811_fast2bfq_326,49.070173028409826,79.1107839338751
epigenomics_6811_fast2bfq_327,36.24473487748341,81.62674048345033
epigenomics_6811_fast2bfq_328,41.3325136327457,86.7540018245684
epigenomics_6811_fast2bfq_329,43.88976567504558,68.46489180863344
epigenomics_6811_fast2bfq_330,52.307390332420354,81.20791574616582
epigenomics_6811_fast2bfq_331,40.39287902350192,95.34021285384537
epigenomics_6811_fast2bfq_332,52.59707465911396,90.46815238102076
epigenomics_6811_fast2bfq_333,32.17388391675045,66.38904049777065
epigenomics_6811_fast2bfq_334,51.21213153966017,81.86071062163046
epigenomics_6811_fast2bfq_335,36.3076051031325,83.75011168061897
epigenomics_6811_fast2bfq_336,40.74029985973132,85.23264414906414
epigenomics_6811_fast2bfq_337,51.683690556905134,70.46755686327297
epigenomics_6811_fast2bfq_338,49.972712613919455,83.20210616028517
epigenomics_6811_fast2bfq_339,38.52322982013336,83.40972356368538
epigenomics_6811_fast2bfq_340,39.26687925794764,77.68681570410506
epigenomics_6811_fast2bfq_341,51.252902952705895,82.27972747006237
epigenomics_6811_fast2bfq_342,40.78523987450333,85.39878708961164
epigenomics_6811_fast2bfq_343,55.099254716932485,77.24491779910265
epigenomics_6811_fast2bfq_344,51.62904792098156,98.21399362493227
epigenomics_6811_fast2bfq_345,51.92224342843079,82.10799727448806
epigenomics_6811_fast2bfq_346,50.96648855103265,90.40433232310595
epigenomics_6811_fast2bfq_347,51.733533561503286,72.25273775563514
epigenomics_6811_fast2bfq_348,42.862512678339144,89.24204098955168
epigenomics_6811_fast2bfq_349,37.44970787744749,80.7093833352197
epigenomics_6811_fast2bfq_350,43.351380656129805,83.9839440887243
epigenomics_6811_fast2bfq_351,36.937253429979606,87.69549659489951
epigenomics_6811_fast2bfq_352,55.042115005956006,80.44026915763513
epigenomics_6811_fast2bfq_353,50.33499069149267,84.62586240677913
epigenomics_6811_fast2bfq_354,38.240372879730586,86.33747296488906
epigenomics_6811_fast2bfq_355,46.44656972329174,76.82283537413561
epigenomics_6811_fast2bfq_356,44.74968207858685,82.8691070432636
epigenomics_6811_fast2bfq_357,51.05801450273718,86.30090059503969
epigenomics_6811_fast2bfq_358,46.758717674020126,90.84276034394125
epigenomics_6811_fast2bfq_359,32.65161729070629,92.49331157410653
epigenomics_6811_fast2bfq_360,34.52471436661309,70.38686037072023
epigenomics_6811_fast2bfq_361,46.84897549713116,83.29991962370768
epigenomics_6811_fast2bfq_362,54.858867348360775,87.05366082729275
epigenomics_6811_fast2bfq_363,41.26269832703826,77.43231314934727
epigenomics_6811_fast2bfq_364,42.37256235581979,77.66994748694547
epigenomics_6811_fast2bfq_365,43.84803067821612,86.11364640025948
epigenomics_6811_fast2bfq_366,37.25617742563479,77.2975361476388
epigenomics_6811_fast2bfq_367,51.59206527114105,76.99495566069177
epigenomics_6811_fast2bfq_368,42.010125059038735,85.13689629346463
epigenomics_6811_fast2bfq_369,46.399559204869114,84.79745913572374
epigenomics_6811_fast2bfq_370,45.96213953234915,60.94305118679608
epigenomics_6811_fast2bfq_371,41.19715972369959,80.15679347984172
epigenomics_6811_fast2bfq_372,35.048873711873426,83.63020407549648
epigenomics_6811_fast2bfq_373,35.04062994661399,68.21485761762935
epigenomics_6811_fast2bfq_374,46.9856508532377,70.56036258619571
epigenomics_6811_fast2bfq_375,44.74242265564629,75.82765783458555
epigenomics_6811_fast2bfq_376,40.37502459376314,75.31593662540027
epigenomics_6811_fast2bfq_377,40.04037097113822,73.17420213525385
epigenomics_6811_fast2bfq_378,33.69581880488421,94.37853025815993
epigenomics_6811_fast2bfq_379,58.194860038204695,81.20484270514469
epigenomics_6811_fast2bfq_380,37.77116647314289,94.68052431426253
epigenomics_6811_fast2bfq_381,51.73054069303618,86.36450636472223
epigenomics_6811_fast2bfq_382,46.89517164685749,72.82842974810586
epigenomics_6811_fast2bfq_383,35.336423172640096,65.52320491771633
epigenomics_6811_fast2bfq_384,58.39059226107325,87.54794875632253
epigenomics_6811_fast2bfq_385,51.31860839489844,83.65821053901242
epigenomics_6811_fast2bfq_386,36.674725458794576,87.53568845958765
epigenomics_6811_fast2bfq_387,40.13371271768885,66.67460006474562
epigenomics_6811_fast2bfq_388,48.94764721793039,79.91639550578617
epigenomics_6811_fast2bfq_389,47.48779152108168,74.57611725238608
epigenomics_6811_fast2bfq_390,49.0024657628514,69.79575995516771
epigenomics_6811_fast2bfq_391,52.44797698475865,83.74800619171921
epigenomics_6811_fast2bfq_392,44.10408397990141,74.10567932234825
epigenomics_6811_fast2bfq_393,43.51974746958058,74.71540032135205
epigenomics_6811_fast2bfq_394,45.839378227665065,66.51282465683403
epigenomics_6811_fast2bfq_395,48.21950109540823,72.9196620846142
epigenomics_6811_fast2bfq_396,38.153309951627406,71.46360404286281
epigenomics_6811_fast2bfq_397,42.6346659610318,91.15765594325902
epigenomics_6811_fast2bfq_398,39.30970748868722,65.41148245766942
epigenomics_6811_fast2bfq_399,30.883801819628594,73.90247743681891
epigenomics_6811_fast2bfq_400,50.599996535782076,92.43321278788841
epigenomics_6811_fast2bfq_401,39.991295997861826,89.60269368880442
epigenomics_6811_fast2bfq_402,50.31813532057585,87.03924790886688
epigenomics_6811_fast2bfq_403,55.1168437703141,87.2930211770254
epigenomics_6811_fast2bfq_404,39.41373627748797,79.88374387992206
epigenomics_6811_fast2bfq_405,47.180293806203636,69.18075274040272
epigenomics_6811_fast2bfq_406,56.1524129922705,67.17827355689016
epigenomics_6811_fast2bfq_407,52.644119406124666,78.87353295210907
epigenomics_6811_fast2bfq_408,54.31945480070907,89.34538972883544
epigenomics_6811_fast2bfq_409,42.221985188438026,74.6166052425921
epigenomics_6811_fast2bfq_410,44.245129846920555,69.1542564276816
epigenomics_6811_fast2bfq_411,46.47821168244397,85.16159493676648
epigenomics_6811_fast2bfq_412,40.75330751227642,75.70264311606267
epigenomics_6811_fast2bfq_413,61.0140425706968,79.93794690127092
epigenomics_6811_fast2bfq_414,50.92956172499383,82.72346104651717
epigenomics_6811_fast2bfq_415,54.75181621709659,73.39459216567776
epigenomics_6811_fast2bfq_416,47.55784813504515,87.1176420375072
epigenomics_6811_fast2bfq_417,59.04514576529873,86.86176330034849
epigenomics_6811_fast2bfq_418,34.81709129735691,80.56136578809766
epigenomics_6811_fast2bfq_419,49.04300614144173,81.13664812599319
epigenomics_6811_fast2bfq_420,41.65884882169071,80.21260487432997
epigenomics_6811_fast2bfq_421,44.695357086961415,80.07951058595066
epigenomics_6811_fast2bfq_422,39.24023006295053,84.5086181865463
epigenomics_6811_fast2bfq_423,47.33272350381073,76.6913545471034
epigenomics_6811_fast2bfq_424,48.70124286988512,67.31071372649114
epigenomics_6811_fast2bfq_425,47.12070292084978,77.13190562985633
epigenomics_6811_fast2bfq_426,43.19885799908739,75.5166210962408
epigenomics_6811_fast2bfq_427,48.04734077300121,77.25262004618656
epigenomics_6811_fast2bfq_428,34.615270877935465,76.89770450110709
epigenomics_6811_fast2bfq_429,46.259049814883625,79.65819285285198
epigenomics_6811_fast2bfq_430,48.94184263706402,65.42892205489117
epigenomics_6811_fast2bfq_431,39.855308813855174,80.6721468446655
epigenomics_6811_fast2bfq_432,41.42462669249678,82.10354401841944
epigenomics_6811_fast2bfq_433,42.50313754108212,84.14494789126014
epigenomics_6811_fast2bfq_434,37.33379553885211,88.62214013147054
epigenomics_6811_fast2bfq_435,42.121020216135925,72.81763793656965
epigenomics_6811_fast2bfq_436,29.448474702538935,72.86745947467323
epigenomics_6811_fast2bfq_437,50.07874332979106,76.3844334382136
epigenomics_6811_fast2bfq_438,38.33787805195927,80.1118375620332
epigenomics_6811_fast2bfq_439,45.63316833315564,79.73977621017139
epigenomics_6811_fast2bfq_440,33.10088777865154,80.45723268883572
epigenomics_6811_fast2bfq_441,48.50414911565885,84.71395007167764
epigenomics_6811_fast2bfq_442,41.640499771545386,90.30111022695431
epigenomics_6811_fast2bfq_443,48.566843316766686,77.22835264874804
epigenomics_6811_fast2bfq_444,40.41108439854572,78.43412431473199
epigenomics_6811_fast2bfq_445,48.096465510769136,77.04827003325704
epigenomics_6811_fast2bfq_446,47.666327252735236,74.70370155100845
epigenomics_6811_fast2bfq_447,38.466313232998296,83.40959842001466
epigenomics_6811_fast2bfq_448,62.14041541898902,78.62633084140597
epigenomics_6811_fast2bfq_449,51.64897598593985,79.0306468532732
epigenomics_6811_fast2bfq_450,44.22853546946947,76.6616153704962
epigenomics_6811_fast2bfq_451,44.231349417533075,86.45575611787368
epigenomics_6811_fast2bfq_452,48.499086373053956,91.61295190542238
epigenomics_6811_fast2bfq_453,37.70054333303034,79.245744205551
epigenomics_6811_fast2bfq_454,53.681606544500454,86.87547420316406
epigenomics_6811_fast2bfq_455,46.158680983467264,89.35505345326341
epigenomics_6811_fast2bfq_456,41.34773171126488,79.10071791109792
epigenomics_6811_fast2bfq_457,41.11559122519569,79.7099825411231
epigenomics_6811_fast2bfq_458,38.6771568067063,85.99855452636224
epigenomics_6811_fast2bfq_459,41.163498918517746,85.86028731203855
epigenomics_6811_fast2bfq_460,48.90277346493132,83.04247674279837
epigenomics_6811_fast2bfq_461,37.853873585319086,90.99247959508814
epigenomics_6811_fast2bfq_462,45.346396471502274,91.42922074940358
epigenomics_6811_fast2bfq_463,48.994800492423906,75.20072674347273
epigenomics_6811_fast2bfq_464,48.83470928880836,82.0225728048232
epigenomics_6811_fast2bfq_465,38.53091384048896,80.06887626161475
epigenomics_6811_fast2bfq_466,44.57458673000059,72.51535675220262
epigenomics_6811_fast2bfq_467,40.63263728628676,74.94003034489816
epigenomics_6811_fast2bfq_468,48.202970176524836,94.4647042397682
epigenomics_6811_fast2bfq_469,38.922451196041905,81.9295865496751
epigenomics_6811_fast2bfq_470,43.230121497759384,82.08117053263234
epigenomics_6811_fast2bfq_471,42.73927660421373,68.46091182766487
epigenomics_6811_fast2bfq_472,48.235182375470835,79.87061986091318
epigenomics_6811_fast2bfq_473,32.012930886428855,77.16277668450337
epigenomics_6811_fast2bfq_474,42.68912528262424,88.81340022377191
epigenomics_6811_fast2bfq_475,50.569139919674306,93.41541165806377
epigenomics_6811_fast2bfq_476,34.80351907414521,78.54020316197257
epigenomics_6811_fast2bfq_477,42.69619809774379,86.21495984669109
epigenomics_6811_fast2bfq_478,47.57301241596243,75.55153771554072
epigenomics_6811_fast2bfq_479,32.099903725934276,70.32547727967648
epigenomics_6811_fast2bfq_480,41.80844610433892,91.96601666609088
epigenomics_6811_fast2bfq_481,48.26291358703583,87.76930190132647
epigenomics_6811_fast2bfq_482,49.071945499526336,80.36195103689452
epigenomics_6811_fast2bfq_483,40.688468278264025,71.60542675722893
epigenomics_6811_fast2bfq_484,45.63325445645339,61.612910648435204
epigenomics_6811_fast2bfq_485,49.29432569314174,71.44372080965096
epigenomics_6811_fast2bfq_486,44.234753943631105,82.17143879279104
epigenomics_6811_fast2bfq_487,45.8041472646394,74.6008388973511
epigenomics_6811_fast2bfq_488,41.5504857022297,72.44688156550102
epigenomics_6811_fast2bfq_489,41.9624644194273,66.65935375439133
epigenomics_6811_fast2bfq_490,42.21732342083681,78.25230218256597
epigenomics_6811_fast2bfq_491,46.14444754895947,73.9546676102165
epigenomics_6811_fast2bfq_492,28.873928048131436,78.1763964464719
epigenomics_6811_fast2bfq_493,49.66462938421716,69.10173331147641
epigenomics_6811_fast2bfq_494,48.17909017020131,82.1612762972669
epigenomics_6811_fast2bfq_495,40.04053444073239,81.23229891000224
epigenomics_6811_fast2bfq_496,51.962250849431385,83.66472744426683
epigenomics_6811_fast2bfq_497,41.88501045993827,83.43443605793479
epigenomics_6811_fast2bfq_498,39.627845246184016,76.02814274371096
epigenomics_6811_fast2bfq_499,35.34004534590594,84.85437754421137
epigenomics_6811_map_0,9920.80356549906,183.89938476184665
epigenomics_6811_map_1,9970.39976276671,188.66357290024985
epigenomics_6811_map_2,9068.486026962219,187.07225307713978
epigenomics_6811_map_3,10749.658711664772,185.84250508063687
epigenomics_6811_map_4,10030.114689920736,190.65598983394344
epigenomics_6811_map_5,9287.937177795524,178.23176546471456
epigenomics_6811_map_6,9273.195666459107,189.19314453710174
epigenomics_6811_map_7,9957.736229844862,180.7796452603442
epigenomics_6811_map_8,10282.022858658122,182.70324889827634
epigenomics_6811_map_9,9869.217877447949,179.44717003203274
epigenomics_6811_map_10,10780.403471171165,184.46747663770515
epigenomics_6811_map_11,9561.39398708792,191.51572507923572
epigenomics_6811_map_12,9693.485412544429,184.2014305537748
epigenomics_6811_map_13,10451.05889955731,192.34266807340097
epigenomics_6811_map_14,10935.118698295471,192.63416159987173
epigenomics_6811_map_15,9356.332795530361,188.61387989076349
epigenomics_6811_map_16,9665.871051546896,196.45309846422626
epigenomics_6811_map_17,9926.932773210558,192.33943080976056
epigenomics_6811_map_18,9944.808049093543,187.03964906959735
epigenomics_6811_map_19,9588.849652048719,187.13289049705918
epigenomics_6811_map_20,9607.247894883569,180.2298316544444
epigenomics_6811_map_21,10185.583656133327,188.36595501672642
epigenomics_6811_map_22,10420.453616700826,188.85512814979023
epigenomics_6811_map_23,9961.721057570681,182.04365787606372
epigenomics_6811_map_24,9436.046825110017,182.9951559257523
epigenomics_6811_map_25,10374.81676221421,189.04003003370508
epigenomics_6811_map_26,9717.662668185603,182.87781984647626
epigenomics_6811_map_27,9605.041296802428,188.176499087153
epigenomics_6811_map_28,9590.271934089966,190.2991373424586
epigenomics_6811_map_29,10316.293352480567,179.94114590053903
epigenomics_6811_map_30,9886.146750417949,181.14632358096958
epigenomics_6811_map_31,10010.111672739687,179.9932328628956
epigenomics_6811_map_32,10428.332766642536,185.99608746145773
epigenomics_6811_map_33,10335.74499456618,175.84311546599196
epigenomics_6811_map_34,9880.455998668553,186.58821756420087
epigenomics_6811_map_35,9858.847030829855,190.15538693793192
epigenomics_6811_map_36,10049.99900631341,177.20425081579774
epigenomics_6811_map_37,9592.394482018777,178.14783378609695
epigenomics_6811_map_38,10757.488695681715,184.47227357749702
epigenomics_6811_map_39,9964.559168516627,185.38050071302212
epigenomics_6811_map_40,10021.65563580638,186.3061272716015
epigenomics_6811_map_41,10334.444286688527,186.86609598007885
epigenomics_6811_map_42,10488.414582881727,192.83457902966254
epigenomics_6811_map_43,9656.290817158482,189.63090332699986
epigenomics_6811_map_44,9960.553404711158,186.1015626854032
epigenomics_6811_map_45,10968.767892128237,183.2418012859602
epigenomics_6811_map_46,9567.63172545641,181.2111499948471
epigenomics_6811_map_47,10287.210734909382,181.93181491111514
epigenomics_6811_map_48,9639.36338339201,181.5148277421733
epigenomics_6811_map_49,9510.615574243795,188.69857707622032
epigenomics_6811_map_50,11204.680270240478,182.9832908156149
epigenomics_6811_map_51,10510.369027396997,178.3580846011187
epigenomics_6811_map_52,8950.470359863142,185.4914654597662
epigenomics_6811_map_53,9759.820788310011,179.71650525130127
epigenomics_6811_map_54,9492.72124138026,184.26082793944371
epigenomics_6811_map_55,10153.245842554848,186.194560199121
epigenomics_6811_map_56,9747.99027089636,181.41243476344354
epigenomics_6811_map_57,8542.040740814235,187.8822677580217
epigenomics_6811_map_58,9958.122565143583,179.76097995366388
epigenomics_6811_map_59,10311.589200447801,181.30520181997642
epigenomics_6811_map_60,9442.531021030729,187.48419479694604
epigenomics_6811_map_61,10676.432021397057,191.95844539654368
epigenomics_6811_map_62,10227.237384534075,187.2892810957668
epigenomics_6811_map_63,9535.332942054309,182.5841463061326
epigenomics_6811_map_64,9834.902368605093,177.46802901083325
epigenomics_6811_map_65,10012.43941207806,185.29488898952417
epigenomics_6811_map_66,11077.5713182488,183.51197418695685
epigenomics_6811_map_67,9646.82574580148,186.7735069584154
epigenomics_6811_map_68,10604.042350059346,184.62077536314195
epigenomics_6811_map_69,9585.565063384278,176.77663640369423
epigenomics_6811_map_70,9558.253668032692,177.58700629331216
epigenomics_6811_map_71,10556.87169724899,185.2073503632615
epigenomics_6811_map_72,9921.327411566548,182.80216619232039
epigenomics_6811_map_73,9370.19581959417,181.61104681867096
epigenomics_6811_map_74,10010.304752884198,185.85142243968096
epigenomics_6811_map_75,9775.229404865828,174.46896547532694
epigenomics_6811_map_76,10085.765370150919,189.1844500955636
epigenomics_6811_map_77,9242.826965890958,181.4575090902144
epigenomics_6811_map_78,9908.886563940197,189.41552647043008
epigenomics_6811_map_79,10370.687811116031,176.22887238877982
epigenomics_6811_map_80,10118.619612975788,186.7266614548016
epigenomics_6811_map_81,9422.814489676006,194.26017450296555
epigenomics_6811_map_82,10334.018447065419,169.25207697036555
epigenomics_6811_map_83,10273.19354294304,179.93082729405128
epigenomics_6811_map_84,9934.393598233395,190.25382474036041
epigenomics_6811_map_85,10070.750746877375,186.08650843860434
epigenomics_6811_map_86,10123.928576831093,184.59386986535185
epigenomics_6811_map_87,10737.311120788921,180.909959575555
epigenomics_6811_map_88,10057.956626076584,185.0024577340025
epigenomics_6811_map_89,10521.299969495336,189.34653982309248
epigenomics_6811_map_90,9770.397010381295,186.89375555064154
epigenomics_6811_map_91,10379.848019603383,175.97943400071242
epigenomics_6811_map_92,10377.713824985009,181.49568145597917
epigenomics_6811_map_93,9526.40062766561,188.67791371079173
epigenomics_6811_map_94,8426.925218658236,183.32734580377513
epigenomics_6811_map_95,10133.28238296763,185.48216423619408
epigenomics_6811_map_96,10103.762205120202,176.49961896139467
epigenomics_6811_map_97,9984.259705924022,184.41749901325926
epigenomics_6811_map_98,10916.423400059559,174.10366447456028
epigenomics_6811_map_99,9128.659899869153,184.34418136019463
epigenomics_6811_map_100,10662.218964777303,184.96905696969867
epigenomics_6811_map_101,10221.312400052293,186.59565195327625
epigenomics_6811_map_102,10603.356340467783,189.1151904379053
epigenomics_6811_map_103,9764.744256193915,183.00364115912032
epigenomics_6811_map_104,9733.698564659875,181.0947372511341
epigenomics_6811_map_105,9656.104191250646,187.23553251028383
epigenomics_6811_map_106,10006.753358994116,175.19271708097557
epigenomics_6811_map_107,9948.421240033387,190.5768752938425
epigenomics_6811_map_108,10536.530693322993,188.85680987329374
epigenomics_6811_map_109,10872.518809507284,190.59294591684483
epigenomics_6811_map_110,10718.775169103603,189.45162038703904
epigenomics_6811_map_111,10200.324604371075,174.51427233684336
epigenomics_6811_map_112,9511.83899281478,185.42993035700417
epigenomics_6811_map_113,9450.896402783786,195.87828974461328
epigenomics_6811_map_114,10383.776019398401,182.64775887461676
epigenomics_6811_map_115,9545.623195263204,191.07432321634622
epigenomics_6811_map_116,9414.15577413906,173.2119145151218
epigenomics_6811_map_117,11609.895856843497,176.93736825683467
epigenomics_6811_map_118,9466.009593766194,188.57237884991537
epigenomics_6811_map_119,9611.509357077155,187.7255352749731
epigenomics_6811_map_120,10036.31676899346,190.39136207241228
epigenomics_6811_map_121,9650.224528810128,180.5364780092089
epigenomics_6811_map_122,9431.090326143105,188.27702493147524
epigenomics_6811_map_123,10219.989797689394,186.174873105731
epigenomics_6811_map_124,10196.456809357089,179.4588185313062
epigenomics_6811_map_125,9023.333161842475,186.08416431260449
epigenomics_6811_map_126,10283.444878339413,177.36296443116217
epigenomics_6811_map_127,9919.276553448373,181.58632317251596
epigenomics_6811_map_128,10510.774154511757,194.3441238443071
epigenomics_6811_map_129,9722.607236139378,180.99374339470074
epigenomics_6811_map_130,9926.82517703867,185.0644584252436
epigenomics_6811_map_131,9423.846396089035,183.42806180107206
epigenomics_6811_map_132,9820.09313890963,178.98849147573566
epigenomics_6811_map_133,10265.390278205925,183.62717444888037
epigenomics_6811_map_134,9977.976752669085,191.1782834306376
epigenomics_6811_map_135,9811.855711820032,199.0351978076409
epigenomics_6811_map_136,9387.14460039102,175.69471232788595
epigenomics_6811_map_137,10625.61161219651,178.7313012852142
epigenomics_6811_map_138,10327.179522133074,185.25838613165268
epigenomics_6811_map_139,9127.999394537917,185.62089945305428
epigenomics_6811_map_140,10658.012548046381,184.55911785243444
epigenomics_6811_map_141,9706.318383969323,192.2537474827427
epigenomics_6811_map_142,10526.265936832857,184.60075788418737
epigenomics_6811_map_143,9954.22055460343,193.10502134677856
epigenomics_6811_map_144,10465.832789087275,190.5391558537347
epigenomics_6811_map_145,10233.69711917618,173.03139287124782
epigenomics_6811_map_146,9677.20104669636,182.6792216571066
epigenomics_6811_map_147,9825.845282474791,185.0750697960479
epigenomics_6811_map_148,9677.785314547307,185.27480513309024
epigenomics_6811_map_149,9149.552505106029,184.07914191563688
epigenomics_6811_map_150,10086.702258681538,185.55095759025107
epigenomics_6811_map_151,10138.324443641945,185.70098238326932
epigenomics_6811_map_152,10062.546576587953,187.376661379265
epigenomics_6811_map_153,9858.396155043478,182.05260251894606
epigenomics_6811_map_154,9903.62351825082,185.43847678818065
epigenomics_6811_map_155,10388.67422394478,176.65169737887774
epigenomics_6811_map_156,9803.764197478258,180.51628116416336
epigenomics_6811_map_157,10936.870367041924,187.07539376080274
epigenomics_6811_map_158,10497.453090942248,191.5378675906994
epigenomics_6811_map_159,10526.121614651669,191.72347873891502
epigenomics_6811_map_160,10336.964274247148,181.81414537516466
epigenomics_6811_map_161,10520.04206594719,189.24757398462887
epigenomics_6811_map_162,11264.364024427163,188.36917971136364
epigenomics_6811_map_163,9710.463934209822,189.4945669809643
epigenomics_6811_map_164,9602.969715127581,188.68459913738667
epigenomics_6811_map_165,10378.685077789989,185.72898846037143
epigenomics_6811_map_166,9813.108732909704,189.1946170946602
epigenomics_6811_map_167,9900.307552938464,177.86808619119435
epigenomics_6811_map_168,9904.876881555127,178.63149764788605
epigenomics_6811_map_169,9043.829280039696,175.4161056543791
epigenomics_6811_map_170,8859.400753838132,193.57101788437532
epigenomics_6811_map_171,9518.67347050866,183.98216017039528
epigenomics_6811_map_172,9554.450545742024,188.88897907350176
epigenomics_6811_map_173,10411.993716016033,177.56878147997628
epigenomics_6811_map_174,9025.60368444938,179.94658580058476
epigenomics_6811_map_175,9767.015879527618,179.81467077631902
epigenomics_6811_map_176,9550.090545672296,181.4134045169181
epigenomics_6811_map_177,10108.955005709542,187.7652062998671
epigenomics_6811_map_178,11061.171703664915,185.0524872393411
epigenomics_6811_map_179,10290.82076500784,190.0002825869543
epigenomics_6811_map_180,10453.068191974551,199.01354800612896
epigenomics_6811_map_181,9528.339092520511,186.33749367231
epigenomics_6811_map_182,9635.408759320386,180.38623129651444
epigenomics_6811_map_183,9176.187771044904,187.44637902504084
epigenomics_6811_map_184,10174.603972077524,183.27483050437607
epigenomics_6811_map_185,9497.401075891055,176.52529523453723
epigenomics_6811_map_186,9748.639291643749,183.53128199152087
epigenomics_6811_map_187,10690.618566920148,179.48526796770975
epigenomics_6811_map_188,8884.272514067938,186.43128894672319
epigenomics_6811_map_189,10607.997534422077,189.19957261644396
epigenomics_6811_map_190,10013.868583830446,182.3637652802292
epigenomics_6811_map_191,10368.570852411629,188.72950044850487
epigenomics_6811_map_192,9396.389013684644,192.02533743157204
epigenomics_6811_map_193,9810.212617706655,185.83083075790506
epigenomics_6811_map_194,10444.655963395355,180.24478922542778
epigenomics_6811_map_195,10484.540233371761,189.17002889286164
epigenomics_6811_map_196,9264.335357095239,184.73300136893627
epigenomics_6811_map_197,10195.415035483007,189.3076744546813
epigenomics_6811_map_198,10384.512380537144,185.8728195798156
epigenomics_6811_map_199,10223.220086652304,182.78584960319367
epigenomics_6811_map_200,10028.980484859703,183.83254764928395
epigenomics_6811_map_201,10390.086205903383,184.9533536630321
epigenomics_6811_map_202,9431.150891187863,183.24723867025634
epigenomics_6811_map_203,10429.253953482585,186.3051050536693
epigenomics_6811_map_204,10380.14931066505,187.7217914667865
epigenomics_6811_map_205,9173.085379915583,185.984525813382
epigenomics_6811_map_206,9634.515718302882,192.96358767179277
epigenomics_6811_map_207,10733.718262191096,180.1151611392718
epigenomics_6811_map_208,9479.63651770648,183.04147708812476
epigenomics_6811_map_209,9393.952038705958,185.26594130772548
epigenomics_6811_map_210,10424.85198868086,179.013600271018
epigenomics_6811_map_211,9782.526422749164,187.0050081186071
epigenomics_6811_map_212,10437.624409656768,174.25582361404798
epigenomics_6811_map_213,10233.66345364277,183.93080174815412
epigenomics_6811_map_214,10192.463372265494,185.90016830103895
epigenomics_6811_map_215,9704.62576243639,192.8087489252306
epigenomics_6811_map_216,9645.3850832859,186.94608930622667
epigenomics_6811_map_217,10047.523884820457,182.051890165997
epigenomics_6811_map_218,9865.98774728895,177.97666943535333
epigenomics_6811_map_219,10796.123196488652,178.14361161233714
epigenomics_6811_map_220,10168.504137120195,177.3250950699624
epigenomics_6811_map_221,10677.69792800287,186.1044355659361
epigenomics_6811_map_222,10620.659191400822,183.06013025950028
epigenomics_6811_map_223,9688.9961522543,186.34955418033695
epigenomics_6811_map_224,10215.640139837133,184.24518113375254
epigenomics_6811_map_225,9617.206419886172,177.3770718752637
epigenomics_6811_map_226,10414.880516284702,175.27425722704706
epigenomics_6811_map_227,10472.772776281205,190.76954675491973
epigenomics_6811_map_228,9490.32477317093,185.7027976967297
epigenomics_6811_map_229,9719.472601546793,183.63127153784936
epigenomics_6811_map_230,9330.252622200585,184.32047500140095
epigenomics_6811_map_231,10361.203641402353,193.13362889934902
epigenomics_6811_map_232,10015.090652298974,182.1610889379743
epigenomics_6811_map_233,10741.9463997407,191.80384654837422
epigenomics_6811_map_234,10445.85753849261,187.9307556810392
epigenomics_6811_map_235,9796.855750316856,185.6291872427097
epigenomics_6811_map_236,10661.50959913633,188.56900802347099
epigenomics_6811_map_237,8891.377327946091,180.48387448839054
epigenomics_6811_map_238,10296.501657818462,190.60615107587296
epigenomics_6811_map_239,10739.60348994245,192.2286818934297
epigenomics_6811_map_240,10008.084581752277,188.69218123779703
epigenomics_6811_map_241,9846.690419483884,180.594299269738
epigenomics_6811_map_242,9738.123791368544,190.85637783366784
epigenomics_6811_map_243,10837.055265242529,186.30960738078727
epigenomics_6811_map_244,10270.952048279754,189.11858215302388
epigenomics_6811_map_245,9618.714466539737,185.81542363853148
epigenomics_6811_map_246,9007.620025910104,183.41959649135003
epigenomics_6811_map_247,9250.672715669183,179.90848871145863
epigenomics_6811_map_248,10129.772417339393,189.97708538915077
epigenomics_6811_map_249,9909.870647932661,178.3479278426186
epigenomics_6811_map_250,11046.097333816797,182.5635395568977
epigenomics_6811_map_251,10319.93236421192,185.12278065394327
epigenomics_6811_map_252,9196.477358009704,184.39294344922672
epigenomics_6811_map_253,9206.542589157434,190.33625521022722
epigenomics_6811_map_254,10251.50622755365,183.68726449409704
epigenomics_6811_map_255,10153.928086672751,185.0147029798027
epigenomics_6811_map_256,10162.498896993431,189.32880437850017
epigenomics_6811_map_257,9844.548015927809,183.4282175504695
epigenomics_6811_map_258,9481.256578454913,188.67098123483234
epigenomics_6811_map_259,9747.969965781678,176.10922207314076
epigenomics_6811_map_260,10888.30198582893,184.14131331068268
epigenomics_6811_map_261,10272.586693167365,180.8975605826046
epigenomics_6811_map_262,9528.430728942274,193.77075234875912
epigenomics_6811_map_263,10768.57571782622,186.6933147955114
epigenomics_6811_map_264,10522.13958045137,189.56274637274498
epigenomics_6811_map_265,9365.053368921323,181.42522074925975
epigenomics_6811_map_266,9490.551877836828,175.56580438533283
epigenomics_6811_map_267,10379.883473718084,181.8278757972626
epigenomics_6811_map_268,10823.901617819914,192.60446380550655
epigenomics_6811_map_269,9553.388297889054,185.8866370277569
epigenomics_6811_map_270,10554.941011403182,180.43673251843236
epigenomics_6811_map_271,9912.04526605452,188.61664605820366
epigenomics_6811_map_272,10344.965293527323,184.49268254192955
epigenomics_6811_map_273,10134.494738033436,191.0590429674445
epigenomics_6811_map_274,10209.236973444882,192.02856598547777
epigenomics_6811_map_275,9772.93867601032,184.7922214975928
epigenomics_6811_map_276,10121.425138359142,180.6016031783317
epigenomics_6811_map_277,9674.135874978972,182.7368545945511
epigenomics_6811_map_278,9069.690257176662,181.99218239516676
epigenomics_6811_map_279,9698.695766687912,183.72633971201674
epigenomics_6811_map_280,10441.7625103941,182.53581864445184
epigenomics_6811_map_281,10854.626006697057,191.6973760588663
epigenomics_6811_map_282,10394.779683543926,185.30959048232586
epigenomics_6811_map_283,10447.584943746457,190.98493433557016
epigenomics_6811_map_284,10161.853237522097,180.89437720118252
epigenomics_6811_map_285,9667.706970467683,178.10456585818028
epigenomics_6811_map_286,9416.432056851447,193.0671108106577
epigenomics_6811_map_287,10091.657978325506,185.79888321536183
epigenomics_6811_map_288,9654.656324056628,187.42362497660315
epigenomics_6811_map_289,10279.718177772282,186.30402863814126
epigenomics_6811_map_290,10149.957936446986,183.54028248734775
epigenomics_6811_map_291,9536.58055672388,176.7464819678012
epigenomics_6811_map_292,9583.39673412763,187.1781873913752
epigenomics_6811_map_293,9848.762622850962,189.75355376267026
epigenomics_6811_map_294,10278.64916145409,190.01273513381892
epigenomics_6811_map_295,9248.005531721541,177.4827223074445
epigenomics_6811_map_296,9960.67707995846,178.35250479787868
epigenomics_6811_map_297,8738.870447780053,192.35145785702477
epigenomics_6811_map_298,11073.405028854602,187.84625095951031
epigenomics_6811_map_299,9403.416106594943,177.1089292446568
epigenomics_6811_map_300,9969.428086174648,192.05052999624655
epigenomics_6811_map_301,10230.502781408544,187.17476221452463
epigenomics_6811_map_302,10065.120222826492,191.03844075390415
epigenomics_6811_map_303,9646.109571313758,182.5443441113339
epigenomics_6811_map_304,10215.53117343259,178.07752528509917
epigenomics_6811_map_305,9168.0566994673,185.87694569382631
epigenomics_6811_map_306,10055.811822084255,193.10655020497634
epigenomics_6811_map_307,10957.324855972562,187.3228331234391
epigenomics_6811_map_308,10347.720385566077,177.68208325484122
epigenomics_6811_map_309,9768.767524898114,183.18697769211693
epigenomics_6811_map_310,9846.246064143503,181.80650083726053
epigenomics_6811_map_311,9824.22928002255,191.99211767441378
epigenomics_6811_map_312,10795.50489197367,187.67155535901216
epigenomics_6811_map_313,11550.411557815154,184.05093496674982
epigenomics_6811_map_314,9837.51665243796,185.75675575990317
epigenomics_6811_map_315,9810.715588818912,194.5401681943492
epigenomics_6811_map_316,9680.239911748688,182.42246792244063
epigenomics_6811_map_317,10483.333670358288,184.83467806781883
epigenomics_6811_map_318,10223.118257444776,182.7211291119721
epigenomics_6811_map_319,9713.476136383539,181.12097429809563
epigenomics_6811_map_320,9953.8628637642,191.4722823629771
epigenomics_6811_map_321,10192.565726980265,188.37988555872013
epigenomics_6811_map_322,9152.237554142335,173.5353191631665
epigenomics_6811_map_323,10191.483007605966,188.2061673665575
epigenomics_6811_map_324,9718.811881533082,178.80864023634788
epigenomics_6811_map_325,9238.399227295782,181.0103670376719
epigenomics_6811_map_326,10095.640361771473,183.26060927338924
epigenomics_6811_map_327,10548.37734362593,182.5792490757139
epigenomics_6811_map_328,10582.857992358817,177.81853431722797
epigenomics_6811_map_329,10426.522655358815,184.6515578771476
epigenomics_6811_map_330,9574.12113046373,196.2676372138775
epigenomics_6811_map_331,9815.567331433114,189.09267622246344
epigenomics_6811_map_332,10478.812441011498,177.97335068588774
epigenomics_6811_map_333,9833.637480867248,182.14127085495588
epigenomics_6811_map_334,10478.971953932873,178.52842889888117
epigenomics_6811_map_335,9171.362925018402,173.69246037683706
epigenomics_6811_map_336,10490.205888506232,182.1189885690343
epigenomics_6811_map_337,10326.09607385545,179.12579891171575
epigenomics_6811_map_338,9778.547281865413,188.23006721921718
epigenomics_6811_map_339,10616.030693224626,182.82365640198253
epigenomics_6811_map_340,9987.208646867144,177.80044126012504
epigenomics_6811_map_341,10868.198335624053,179.4422092995154
epigenomics_6811_map_342,9860.267454958965,187.83057844188306
epigenomics_6811_map_343,9800.029149934515,178.50721630869424
epigenomics_6811_map_344,10012.979752736532,188.46893871670102
epigenomics_6811_map_345,10725.895153060419,182.0635726789131
epigenomics_6811_map_346,9677.160299206145,175.42928457814483
epigenomics_6811_map_347,10286.805453183293,185.2202345182716
epigenomics_6811_map_348,10141.051529950384,181.26353442903095
epigenomics_6811_map_349,9824.759647996283,183.84887643712577
epigenomics_6811_map_350,9496.392580171098,184.45346978995593
epigenomics_6811_map_351,10611.153955625017,175.7960969420819
epigenomics_6811_map_352,10043.175879926055,193.9996642918971
epigenomics_6811_map_353,10016.058197303451,181.86149111636527
epigenomics_6811_map_354,9619.46360121609,182.07546242582035
epigenomics_6811_map_355,9796.568763609774,187.44486763721585
epigenomics_6811_map_356,10089.664275717816,183.58417601260905
epigenomics_6811_map_357,10323.22993689887,183.37314774640433
epigenomics_6811_map_358,9932.86330120134,184.59280843357718
epigenomics_6811_map_359,10131.027456748901,192.36305639458539
epigenomics_6811_map_360,9964.872103493315,187.40747702008258
epigenomics_6811_map_361,10890.270215201266,180.56872337609917
epigenomics_6811_map_362,9161.03383221978,179.82089037107139
epigenomics_6811_map_363,10003.798860544539,187.06484152863766
epigenomics_6811_map_364,9617.992197272324,185.70334513399766
epigenomics_6811_map_365,10245.09930668155,191.28543306057836
epigenomics_6811_map_366,10547.263412243172,176.95956033401814
epigenomics_6811_map_367,10119.914634393219,184.44022549143634
epigenomics_6811_map_368,9348.208179883688,188.67404189265517
epigenomics_6811_map_369,10326.104785663774,174.16435287652655
epigenomics_6811_map_370,10058.665760256947,185.40501354149026
epigenomics_6811_map_371,10571.83560461195,186.0189534291884
epigenomics_6811_map_372,9394.286681492567,185.26067528567415
epigenomics_6811_map_373,9728.487440910667,189.65348511486994
epigenomics_6811_map_374,10604.770981885546,184.2662759233205
epigenomics_6811_map_375,10348.62068912368,181.32042393556063
epigenomics_6811_map_376,9604.886510166074,182.33638804382065
epigenomics_6811_map_377,10299.65580644549,189.04590556751177
epigenomics_6811_map_378,9871.795229624211,189.89665907029337
epigenomics_6811_map_379,9712.70499451682,188.775933111859
epigenomics_6811_map_380,9755.61579035265,188.36141200975447
epigenomics_6811_map_381,10064.82203982782,182.171692582867
epigenomics_6811_map_382,10075.439079261107,183.85328154507854
epigenomics_6811_map_383,10613.789126566182,183.13822567598663
epigenomics_6811_map_384,10214.82389243048,184.84578907380342
epigenomics_6811_map_385,9087.560456506526,183.25576699959427
epigenomics_6811_map_386,10196.068646412481,186.78385663472835
epigenomics_6811_map_387,9670.370053689116,183.665885833446
epigenomics_6811_map_388,10361.89051707083,181.65575483844472
epigenomics_6811_map_389,10347.113482145027,188.24240519151886
epigenomics_6811_map_390,10656.159382188749,184.4758698507763
epigenomics_6811_map_391,10513.307231956354,195.82092836161368
epigenomics_6811_map_392,9588.60243268537,183.07202661772695
epigenomics_6811_map_393,9475.552185861688,182.0033391009592
epigenomics_6811_map_394,9901.120914180787,195.2667376359999
epigenomics_6811_map_395,10776.221048939697,181.18358864540753
epigenomics_6811_map_396,9256.039718977449,193.5637517880501
epigenomics_6811_map_397,9922.506595036466,182.71702577423403
epigenomics_6811_map_398,10501.534527721376,182.7658356460848
epigenomics_6811_map_399,10705.41370010436,185.2584278415346
epigenomics_6811_map_400,10226.558075268002,185.88701854538454
epigenomics_6811_map_401,9312.815719031818,194.9890743949491
epigenomics_6811_map_402,9393.606329334065,185.9574428135441
epigenomics_6811_map_403,9330.137357921754,186.81629488950423
epigenomics_6811_map_404,10085.180919626348,175.75007724523002
epigenomics_6811_map_405,8760.410575141883,190.65225820792313
epigenomics_6811_map_406,10809.850235324657,184.13672935183155
epigenomics_6811_map_407,8851.498156015374,184.40381866944549
epigenomics_6811_map_408,9627.907043494866,175.02205292326448
epigenomics_6811_map_409,9941.97644204772,183.2255562900466
epigenomics_6811_map_410,10643.239312066195,181.07240313725012
epigenomics_6811_map_411,9901.029786636924,193.31454150016725
epigenomics_6811_map_412,10222.24198624377,183.7740324076953
epigenomics_6811_map_413,10209.678038437909,180.34865882650004
epigenomics_6811_map_414,10145.44840008738,182.4016962706056
epigenomics_6811_map_415,9228.648681625975,190.0560195353499
epigenomics_6811_map_416,10104.863033794842,184.68416259577762
epigenomics_6811_map_417,9910.533647871986,188.4204435350054
epigenomics_6811_map_418,10118.087578596653,179.0277014026599
epigenomics_6811_map_419,10548.85878254161,178.8898545856603
epigenomics_6811_map_420,10223.176250121622,190.35228654304706
epigenomics_6811_map_421,10096.46348051144,193.1050141973735
epigenomics_6811_map_422,9625.853958290374,185.5379453768511
epigenomics_6811_map_423,10206.154362068513,187.5206551698487
epigenomics_6811_map_424,10071.608285109203,188.92463145969663
epigenomics_6811_map_425,9997.222521232763,190.8443721947343
epigenomics_6811_map_426,10020.044997277937,186.38810367940027
epigenomics_6811_map_427,10389.165132218197,191.729205691644
epigenomics_6811_map_428,10599.451889611766,184.87492425712142
epigenomics_6811_map_429,9728.614042264517,189.28270202841992
epigenomics_6811_map_430,10663.886396798498,185.34471742618874
epigenomics_6811_map_431,9251.153112860831,188.98947728432066
epigenomics_6811_map_432,10043.01210359684,193.0511160593657
epigenomics_6811_map_433,10078.940527100525,187.84870131214456
epigenomics_6811_map_434,9844.127912595033,181.34131873808897
epigenomics_6811_map_435,10855.908851025217,190.15479880550294
epigenomics_6811_map_436,10095.435638879511,181.29506320630833
epigenomics_6811_map_437,9682.864305137497,185.30308543935138
epigenomics_6811_map_438,9378.653618653072,179.7734841037103
epigenomics_6811_map_439,9880.8192504592,177.50981889123082
epigenomics_6811_map_440,10160.80132638006,178.8444532748001
epigenomics_6811_map_441,10091.433956376377,188.81549782772345
epigenomics_6811_map_442,10050.370242120918,191.82058585296357
epigenomics_6811_map_443,10475.076922523629,182.2688413836767
epigenomics_6811_map_444,9870.142617334137,179.35437745697376
epigenomics_6811_map_445,10033.40676400464,182.45933885897844
epigenomics_6811_map_446,10901.582009444615,187.22351133087577
epigenomics_6811_map_447,10149.97600690715,182.0234682564755
epigenomics_6811_map_448,9929.634924829408,178.23906489428146
epigenomics_6811_map_449,9389.773622306708,175.73051485639235
epigenomics_6811_map_450,9462.291200025342,179.3361579327481
epigenomics_6811_map_451,10037.081901800757,187.98450657185091
epigenomics_6811_map_452,9636.194913398165,181.2481103184664
epigenomics_6811_map_453,10067.317468287087,180.60705264017136
epigenomics_6811_map_454,10735.258450506584,188.38535975552375
epigenomics_6811_map_455,9619.755786973567,190.8856769683449
epigenomics_6811_map_456,9932.43743767716,185.2542362469569
epigenomics_6811_map_457,9375.07872988715,195.33463088637987
epigenomics_6811_map_458,10254.663701622714,183.4443403408672
epigenomics_6811_map_459,10202.121810373212,186.2072788007597
epigenomics_6811_map_460,10157.508067856174,178.5412425894412
epigenomics_6811_map_461,9785.68574684164,182.34636474426702
epigenomics_6811_map_462,10120.692577445774,183.58110621678006
epigenomics_6811_map_463,10248.488558389128,181.72403881467642
epigenomics_6811_map_464,10207.219124556776,188.0178286542727
epigenomics_6811_map_465,10214.081336116438,188.71735761202052
epigenomics_6811_map_466,10178.961286192756,181.52950383351094
epigenomics_6811_map_467,9435.477496465755,187.37460256903015
epigenomics_6811_map_468,9486.207218559739,181.81824478767524
epigenomics_6811_map_469,10091.61181903403,177.88000934178189
epigenomics_6811_map_470,10030.230771622511,176.5210722545779
epigenomics_6811_map_471,10237.08258150452,184.58268710678735
epigenomics_6811_map_472,9462.948359060283,186.8782856616758
epigenomics_6811_map_473,10244.050194511072,183.57707289030748
epigenomics_6811_map_474,10562.184237055282,188.03999044739658
epigenomics_6811_map_475,10703.492734437566,183.80434321980633
epigenomics_6811_map_476,9815.577573781537,182.04505667003033
epigenomics_6811_map_477,9465.161177814201,180.99514207927055
epigenomics_6811_map_478,10534.866889242785,183.69811496935435
epigenomics_6811_map_479,10448.480082356835,179.9445371679424
epigenomics_6811_map_480,10937.974872170182,190.6284179166747
epigenomics_6811_map_481,8808.820225093346,177.9991537944451
epigenomics_6811_map_482,10490.078594646242,184.25072798451117
epigenomics_6811_map_483,9720.04812468763,188.95499321314085
epigenomics_6811_map_484,9563.829226149008,183.8095429795475
epigenomics_6811_map_485,10245.030027278146,189.5285167882811
epigenomics_6811_map_486,9842.353997082279,185.4717337016801
epigenomics_6811_map_487,10222.984931434146,189.16301354235364
epigenomics_6811_map_488,10497.39016215245,187.46851059597782
epigenomics_6811_map_489,9395.566778731018,195.19803453591933
epigenomics_6811_map_490,10627.49770094125,185.75830007582883
epigenomics_6811_map_491,11141.02588029759,178.0704626614836
epigenomics_6811_map_492,10596.956544246628,183.41974032349555
epigenomics_6811_map_493,9589.464488362599,183.50617400819826
epigenomics_6811_map_494,9917.362024137752,177.994051389969
epigenomics_6811_map_495,9530.843395909458,185.1841997645803
epigenomics_6811_map_496,10481.979186183335,192.69525133486567
epigenomics_6811_map_497,9593.475057987787,182.4112355305132
epigenomics_6811_map_498,10573.728996417123,186.2225571956218
epigenomics_6811_map_499,10416.681105685384,176.0090220706053
epigenomics_6811_mapMerge1_0,130.8463778003657,122.00028568420322
epigenomics_6811_mapMerge1_1,113.86029144000139,145.76587477517626
epigenomics_6811_mapMerge2_0,126.34585921809416,114.81163761221852
epigenomics_6811_chr21_0,195.68051519025013,61.618296813742376
epigenomics_6811_pileup_0,239.9788983100498,92.42625891813152
