request,latency,mem
epigenomics_6583_entry_0,1.0,1.0
epigenomics_6583_fastqSplit_0,58.973895874379444,100.23682291736775
epigenomics_6583_fastqSplit_1,75.9929843262248,118.6077224760343
epigenomics_6583_filterContams_0,23.20336528172051,56.83760117045841
epigenomics_6583_filterContams_1,17.375351792568797,66.61190253157724
epigenomics_6583_filterContams_2,17.43007154521905,59.81442821275894
epigenomics_6583_filterContams_3,20.04614335545637,66.27065485832073
epigenomics_6583_filterContams_4,22.547858566927683,75.14095807709664
epigenomics_6583_filterContams_5,15.156104683301374,64.70111344738804
epigenomics_6583_filterContams_6,19.992826758719815,70.08190938050093
epigenomics_6583_filterContams_7,14.764692127781458,61.74213821968305
epigenomics_6583_filterContams_8,24.705355741755746,66.89872857178057
epigenomics_6583_filterContams_9,18.6756300940797,67.68361113567755
epigenomics_6583_filterContams_10,24.018302435786403,58.969904284593945
epigenomics_6583_filterContams_11,17.94292779173766,63.37800668091938
epigenomics_6583_filterContams_12,19.280943770926868,65.0129722510506
epigenomics_6583_filterContams_13,16.26205884260817,60.96948562098816
epigenomics_6583_filterContams_14,20.89998213319521,55.27860258975578
epigenomics_6583_filterContams_15,18.264098456126774,60.95387591116585
epigenomics_6583_filterContams_16,27.228368436597616,83.2283775205722
epigenomics_6583_filterContams_17,19.309010587253006,59.70714295561371
epigenomics_6583_filterContams_18,20.875457409507007,69.35215592437875
epigenomics_6583_filterContams_19,19.52255547509865,66.58840073270605
epigenomics_6583_filterContams_20,23.430837436188757,61.50361747110568
epigenomics_6583_filterContams_21,15.357906020352447,65.88989868762445
epigenomics_6583_filterContams_22,24.291017146879412,70.88331802763555
epigenomics_6583_filterContams_23,19.204702333378236,60.3580382712875
epigenomics_6583_filterContams_24,16.60996890539092,50.83163236656169
epigenomics_6583_filterContams_25,26.151988244703688,64.18488597616087
epigenomics_6583_filterContams_26,19.305276259332413,65.27289482486151
epigenomics_6583_filterContams_27,17.69868538422067,50.67472296219098
epigenomics_6583_filterContams_28,25.807861708516267,66.22097534201708
epigenomics_6583_filterContams_29,20.622684847329833,64.41223878249944
epigenomics_6583_filterContams_30,23.444009341847277,49.04640696994341
epigenomics_6583_filterContams_31,24.60349777165937,68.80554814569152
epigenomics_6583_filterContams_32,22.141083417449092,62.91704214246515
epigenomics_6583_filterContams_33,23.50481315383575,69.33476635892634
epigenomics_6583_filterContams_34,18.057948834180294,62.28723842533369
epigenomics_6583_filterContams_35,19.271024480219932,75.28876987068293
epigenomics_6583_filterContams_36,22.772281575862905,73.04283487542567
epigenomics_6583_filterContams_37,24.549581909203898,71.64816131425916
epigenomics_6583_filterContams_38,21.861519176335957,62.654650226019236
epigenomics_6583_filterContams_39,22.230723797982588,71.00865226501523
epigenomics_6583_filterContams_40,21.963246776618444,57.164888927702115
epigenomics_6583_filterContams_41,20.14623081779003,60.47562304134837
epigenomics_6583_filterContams_42,21.64103343187585,67.42977263440791
epigenomics_6583_filterContams_43,21.459156983049063,66.80504958961592
epigenomics_6583_filterContams_44,21.962455647091147,70.72176383003162
epigenomics_6583_filterContams_45,18.84666266336633,62.540005410686284
epigenomics_6583_filterContams_46,21.13755193892778,63.031086914026005
epigenomics_6583_filterContams_47,20.86802251421862,59.71133556524001
epigenomics_6583_filterContams_48,17.41957211592888,58.73724244767996
epigenomics_6583_filterContams_49,18.08291443466404,75.59852716275337
epigenomics_6583_filterContams_50,22.31463059652461,67.98477285215019
epigenomics_6583_filterContams_51,16.212843747448943,57.83133493763614
epigenomics_6583_filterContams_52,24.673211084151692,68.40735483672356
epigenomics_6583_filterContams_53,27.842369111559655,73.07181296967815
epigenomics_6583_filterContams_54,24.047492183680777,71.10723509037626
epigenomics_6583_filterContams_55,23.65344099695636,52.95670245575183
epigenomics_6583_filterContams_56,19.651367294423157,62.99694649383813
epigenomics_6583_filterContams_57,23.099196661478963,63.25756238978198
epigenomics_6583_filterContams_58,25.289737203927345,75.3753263177455
epigenomics_6583_filterContams_59,19.65145948519369,63.062000242387136
epigenomics_6583_filterContams_60,16.944073683084024,56.46513536814121
epigenomics_6583_filterContams_61,18.619389443700687,68.65538766642479
epigenomics_6583_filterContams_62,17.640534346048575,60.610025952938635
epigenomics_6583_filterContams_63,18.84183169410226,71.44416992851893
epigenomics_6583_filterContams_64,18.129442275614547,68.05542452710375
epigenomics_6583_filterContams_65,21.819555706459987,60.99056590048717
epigenomics_6583_filterContams_66,21.230204615128454,87.31232566663533
epigenomics_6583_filterContams_67,19.629156077351283,64.43259311643462
epigenomics_6583_filterContams_68,20.94396029741885,65.56508601262472
epigenomics_6583_filterContams_69,20.58791267684628,64.29477367460743
epigenomics_6583_filterContams_70,16.487141378151513,70.38794216871763
epigenomics_6583_filterContams_71,20.09541411422173,66.36387531725897
epigenomics_6583_filterContams_72,19.308797125466274,66.42121496543862
epigenomics_6583_filterContams_73,13.794028097696092,62.119782921946864
epigenomics_6583_filterContams_74,23.41128833831182,62.15383569533758
epigenomics_6583_filterContams_75,16.02574370496264,71.7118748139855
epigenomics_6583_filterContams_76,19.533528064145706,52.1533506419143
epigenomics_6583_filterContams_77,19.683581077052104,69.54488783409059
epigenomics_6583_filterContams_78,21.209117080318656,63.03268957002569
epigenomics_6583_filterContams_79,17.782269659181228,56.63125606251731
epigenomics_6583_filterContams_80,22.065015547672413,72.62339554298374
epigenomics_6583_filterContams_81,18.642975426718348,62.939347618779664
epigenomics_6583_filterContams_82,17.950082476037696,53.13726874598066
epigenomics_6583_filterContams_83,19.01061617167496,79.70071973184051
epigenomics_6583_filterContams_84,16.585092893682138,63.212091014831564
epigenomics_6583_filterContams_85,21.236290264320264,64.93369606532414
epigenomics_6583_filterContams_86,20.265585879155847,78.47934795106379
epigenomics_6583_filterContams_87,19.919432159855205,55.92087285933752
epigenomics_6583_filterContams_88,16.038765282601535,61.36479079378844
epigenomics_6583_filterContams_89,19.413428496109113,60.29311466351504
epigenomics_6583_filterContams_90,17.21646035755115,57.721904594021524
epigenomics_6583_filterContams_91,18.38169615081905,69.95044326750141
epigenomics_6583_filterContams_92,21.02929298692959,57.23247146024669
epigenomics_6583_filterContams_93,14.880684843337482,61.820100298684785
epigenomics_6583_filterContams_94,22.962935773852955,67.060354071822
epigenomics_6583_filterContams_95,18.872134841878236,60.74618809531868
epigenomics_6583_filterContams_96,19.08213924635468,74.51752658597681
epigenomics_6583_filterContams_97,20.287298164748684,65.88925725725065
epigenomics_6583_filterContams_98,16.198758875770615,53.00117161582839
epigenomics_6583_filterContams_99,19.483688363662846,55.222320208103916
epigenomics_6583_filterContams_100,24.759554801007603,63.85934017986385
epigenomics_6583_filterContams_101,19.56470609998742,66.42109787017388
epigenomics_6583_filterContams_102,18.820206186759883,70.63138892266562
epigenomics_6583_filterContams_103,20.939560956732766,75.93261798220482
epigenomics_6583_filterContams_104,23.053369783319372,62.24891491965874
epigenomics_6583_filterContams_105,18.25646093153732,58.651759842643244
epigenomics_6583_filterContams_106,24.23316257741394,57.81074298683095
epigenomics_6583_filterContams_107,17.723269331470775,49.55412509346854
epigenomics_6583_filterContams_108,22.109152425091505,59.56968752141953
epigenomics_6583_filterContams_109,19.814589486002703,59.58703119030546
epigenomics_6583_filterContams_110,19.543343448066604,77.00442059106288
epigenomics_6583_filterContams_111,18.99105072078798,75.97754331097146
epigenomics_6583_filterContams_112,21.336454408297314,82.24401555595546
epigenomics_6583_filterContams_113,21.05587974014962,68.4073209488043
epigenomics_6583_filterContams_114,20.213258624670374,58.19487396728137
epigenomics_6583_filterContams_115,22.821174658339512,57.54686506247479
epigenomics_6583_filterContams_116,18.061371936850012,72.3107874442809
epigenomics_6583_filterContams_117,14.341004884672204,66.65366670197639
epigenomics_6583_filterContams_118,19.641886936799356,62.17404941980795
epigenomics_6583_filterContams_119,21.640759490103157,81.4006047059105
epigenomics_6583_filterContams_120,16.39919281027708,77.50450579955847
epigenomics_6583_filterContams_121,20.764447882792556,76.73770202744774
epigenomics_6583_filterContams_122,18.821008756397273,71.06179561620026
epigenomics_6583_filterContams_123,17.71813639860897,61.11154324607147
epigenomics_6583_filterContams_124,20.40061559621219,67.48863453205593
epigenomics_6583_filterContams_125,20.361651251299772,62.7033909882472
epigenomics_6583_filterContams_126,22.25248806208914,48.57780926877186
epigenomics_6583_filterContams_127,21.04853466355229,61.90953199335288
epigenomics_6583_filterContams_128,20.881220427073693,66.13168039574722
epigenomics_6583_filterContams_129,24.542894685401933,60.421589418552145
epigenomics_6583_filterContams_130,21.623405490575642,44.908718426042626
epigenomics_6583_filterContams_131,18.8458335525832,59.6209861293212
epigenomics_6583_filterContams_132,26.58414993857425,75.8630347385295
epigenomics_6583_filterContams_133,18.454551567920518,78.77963134331034
epigenomics_6583_filterContams_134,19.137053039011743,61.70266272907505
epigenomics_6583_filterContams_135,19.839210481544164,61.09908278154602
epigenomics_6583_filterContams_136,22.45820208076689,66.94314286814287
epigenomics_6583_filterContams_137,19.726123731717152,56.961928121326025
epigenomics_6583_filterContams_138,20.137573479443734,64.57853912689639
epigenomics_6583_filterContams_139,16.38937210954332,63.16811083087933
epigenomics_6583_filterContams_140,16.322899413256962,69.67561775487955
epigenomics_6583_filterContams_141,24.877495768272475,64.19867058981654
epigenomics_6583_filterContams_142,16.97559325456974,69.83722412855593
epigenomics_6583_filterContams_143,13.793988209787555,69.86415620562222
epigenomics_6583_filterContams_144,20.00201716924841,65.36769628959465
epigenomics_6583_filterContams_145,22.718286067219054,58.19601518652727
epigenomics_6583_filterContams_146,21.640284878915473,74.99254621508042
epigenomics_6583_filterContams_147,15.217313252765754,61.08218689224785
epigenomics_6583_filterContams_148,20.366416122977757,63.11098487257907
epigenomics_6583_filterContams_149,19.94793598082928,78.31573772270005
epigenomics_6583_filterContams_150,19.71622113937771,63.673697020350005
epigenomics_6583_filterContams_151,12.463332433140295,65.37588360492505
epigenomics_6583_filterContams_152,23.67544785538314,65.61042536769617
epigenomics_6583_filterContams_153,16.17111747213359,68.0617083229623
epigenomics_6583_filterContams_154,23.306384143163058,66.36760256547798
epigenomics_6583_filterContams_155,25.558122156901867,77.48186876234315
epigenomics_6583_filterContams_156,18.52312405798883,69.2806966995242
epigenomics_6583_filterContams_157,27.77593791094337,72.21675448323349
epigenomics_6583_filterContams_158,15.168959887170296,67.17148572488043
epigenomics_6583_filterContams_159,23.64964426386032,75.41331715934005
epigenomics_6583_filterContams_160,20.37016686534653,48.602970886519714
epigenomics_6583_filterContams_161,18.533674469714725,68.93409766022322
epigenomics_6583_filterContams_162,21.317060177011655,61.03412625070222
epigenomics_6583_filterContams_163,16.161760894419906,53.84824173820016
epigenomics_6583_filterContams_164,17.31534056851243,77.21120852641798
epigenomics_6583_filterContams_165,15.40175615348521,55.87996603099194
epigenomics_6583_filterContams_166,18.79325887586338,62.75201734124541
epigenomics_6583_filterContams_167,21.212924912847033,68.12529029975235
epigenomics_6583_filterContams_168,20.13925347017262,64.96212297572735
epigenomics_6583_filterContams_169,21.249076502268274,68.22192294639979
epigenomics_6583_filterContams_170,18.932730446113858,66.29179354586762
epigenomics_6583_filterContams_171,19.345590464015434,73.34133707255431
epigenomics_6583_filterContams_172,22.027421719225853,68.6515013468954
epigenomics_6583_filterContams_173,18.575037691282155,85.16799597178347
epigenomics_6583_filterContams_174,18.987572750822455,56.50227276909029
epigenomics_6583_filterContams_175,18.350514097469176,64.84243015777557
epigenomics_6583_filterContams_176,21.02806844734907,66.09181447107765
epigenomics_6583_filterContams_177,17.98827268282437,74.37734833478815
epigenomics_6583_filterContams_178,16.817291132135168,54.97331195343648
epigenomics_6583_filterContams_179,19.112908061758883,68.86260311872964
epigenomics_6583_filterContams_180,23.787614856483323,70.40303007735152
epigenomics_6583_filterContams_181,20.342244941259054,60.89068592970219
epigenomics_6583_filterContams_182,20.269362499030848,63.966226048215354
epigenomics_6583_filterContams_183,18.465353036418996,57.61713889530578
epigenomics_6583_filterContams_184,16.480415288958692,75.85128250790552
epigenomics_6583_filterContams_185,19.339305402517116,59.92402355393318
epigenomics_6583_filterContams_186,22.043864868913857,65.09667676043611
epigenomics_6583_filterContams_187,15.67561391276394,59.59563199719618
epigenomics_6583_filterContams_188,20.45198124369822,71.5241140459749
epigenomics_6583_filterContams_189,20.97543101023338,73.60436647294863
epigenomics_6583_filterContams_190,15.286477376730957,73.8656280807292
epigenomics_6583_filterContams_191,18.755349361579924,65.39262404590134
epigenomics_6583_filterContams_192,24.71009080312198,67.010263860041
epigenomics_6583_filterContams_193,19.50342693476953,66.37841990817384
epigenomics_6583_filterContams_194,16.46822625606823,55.93467528464674
epigenomics_6583_filterContams_195,17.53553634488256,49.17104175043365
epigenomics_6583_filterContams_196,17.077702343497727,64.77952421518535
epigenomics_6583_filterContams_197,16.410848211354608,65.15735557962759
epigenomics_6583_filterContams_198,18.622339279865184,63.00956260219085
epigenomics_6583_filterContams_199,14.025099736142678,58.41957703783544
epigenomics_6583_filterContams_200,17.275904315026352,66.33720078787934
epigenomics_6583_filterContams_201,22.070105364798795,82.49315911135193
epigenomics_6583_filterContams_202,18.541740613078776,63.91401564471598
epigenomics_6583_filterContams_203,12.696556574121031,63.63790384825504
epigenomics_6583_filterContams_204,19.87081103570254,64.24988310060488
epigenomics_6583_filterContams_205,24.255813650017892,55.963204412604554
epigenomics_6583_filterContams_206,15.11298734923243,73.6770123674371
epigenomics_6583_filterContams_207,23.588104683660035,72.49470340481005
epigenomics_6583_filterContams_208,16.656623984938957,71.55066974741118
epigenomics_6583_filterContams_209,21.185760455032415,72.3442829448815
epigenomics_6583_filterContams_210,22.844083120869396,58.46795789042778
epigenomics_6583_filterContams_211,23.788659100742723,51.694261770107786
epigenomics_6583_filterContams_212,21.282532194277863,55.12369849091259
epigenomics_6583_filterContams_213,19.572379810451963,76.4631007091995
epigenomics_6583_filterContams_214,19.846435666061268,58.07715756336561
epigenomics_6583_filterContams_215,21.08588710659554,65.84003183760673
epigenomics_6583_filterContams_216,21.030056649216434,65.43969991083425
epigenomics_6583_filterContams_217,18.855539366409722,58.822596313028114
epigenomics_6583_filterContams_218,19.619735814087868,59.81393253161623
epigenomics_6583_filterContams_219,19.610682366135972,65.15337230256901
epigenomics_6583_filterContams_220,17.057473771543563,61.72618878686315
epigenomics_6583_filterContams_221,18.876727369229858,59.999178756332384
epigenomics_6583_filterContams_222,23.124128276961116,73.18250537829988
epigenomics_6583_filterContams_223,18.924733351660212,69.42057992233832
epigenomics_6583_filterContams_224,19.476957746700574,76.43925553251118
epigenomics_6583_filterContams_225,19.990187819558074,56.12385113579336
epigenomics_6583_filterContams_226,19.23848374027643,71.83873136931508
epigenomics_6583_filterContams_227,19.51999392704955,65.73745259679436
epigenomics_6583_filterContams_228,18.399146125677866,63.141728248440124
epigenomics_6583_filterContams_229,18.89195893192333,76.40167760159635
epigenomics_6583_filterContams_230,18.720928257313805,75.56083454885638
epigenomics_6583_filterContams_231,16.210779635781087,58.3981851890203
epigenomics_6583_filterContams_232,20.503551563803985,69.02870826617774
epigenomics_6583_filterContams_233,14.117060485896411,46.80463265761353
epigenomics_6583_filterContams_234,21.30123662731489,57.69529983534459
epigenomics_6583_filterContams_235,23.519434277900306,47.13688218741365
epigenomics_6583_filterContams_236,23.488318497521423,70.92757088436552
epigenomics_6583_filterContams_237,19.47968027483433,60.316371404239845
epigenomics_6583_filterContams_238,18.31401657555244,56.25544480204392
epigenomics_6583_filterContams_239,15.252197636086544,72.55593301506318
epigenomics_6583_filterContams_240,16.65430958638111,58.43051339158896
epigenomics_6583_filterContams_241,21.40282848388279,79.74648544986191
epigenomics_6583_filterContams_242,21.274274968650946,58.483906526245356
epigenomics_6583_filterContams_243,19.991928452297355,56.96668330406974
epigenomics_6583_filterContams_244,20.338999003615296,84.63823106764809
epigenomics_6583_filterContams_245,17.607584973684986,71.60548590623615
epigenomics_6583_filterContams_246,21.367139980999397,53.137482259940754
epigenomics_6583_filterContams_247,14.926511143941912,69.2146995122651
epigenomics_6583_filterContams_248,14.822461344220704,60.201420117406535
epigenomics_6583_filterContams_249,15.08925721942877,65.00426927025202
epigenomics_6583_filterContams_250,18.55106524027661,64.97475137802387
epigenomics_6583_filterContams_251,24.212151917167496,60.83372461682106
epigenomics_6583_filterContams_252,20.554454648866262,64.84564084636652
epigenomics_6583_filterContams_253,23.61334652006649,61.97710475109653
epigenomics_6583_filterContams_254,19.055890645392545,57.92175788200639
epigenomics_6583_filterContams_255,21.730922374349305,58.25690817353555
epigenomics_6583_filterContams_256,18.659816569067473,71.65651565894635
epigenomics_6583_filterContams_257,19.112256017620865,56.25456551017045
epigenomics_6583_filterContams_258,18.256965165532588,64.14507087960064
epigenomics_6583_filterContams_259,18.018656353721536,73.3057572348198
epigenomics_6583_filterContams_260,20.11915669134973,80.02765854271772
epigenomics_6583_filterContams_261,21.35052717096248,70.1557500220539
epigenomics_6583_filterContams_262,20.295203024525268,56.91332361073983
epigenomics_6583_filterContams_263,20.20769585716358,71.54920162909129
epigenomics_6583_filterContams_264,16.48494439154156,69.59235298197747
epigenomics_6583_filterContams_265,16.975046861343476,68.14415026833115
epigenomics_6583_filterContams_266,21.374558416352404,63.488545111405735
epigenomics_6583_filterContams_267,26.422539997002108,59.55358392942498
epigenomics_6583_filterContams_268,20.243421215433926,78.24286776518258
epigenomics_6583_filterContams_269,23.00370387329225,68.89853077668926
epigenomics_6583_filterContams_270,18.334400011453145,67.66156860947349
epigenomics_6583_filterContams_271,18.774806098786062,63.4054600936518
epigenomics_6583_filterContams_272,23.74662027621696,70.31032059898334
epigenomics_6583_filterContams_273,14.606230402939923,56.050459232381
epigenomics_6583_filterContams_274,17.988208236043075,49.45563689936854
epigenomics_6583_filterContams_275,22.923410077827867,67.94790680525647
epigenomics_6583_filterContams_276,22.006361088964855,61.99420250772064
epigenomics_6583_filterContams_277,24.114945765530237,64.93214707446005
epigenomics_6583_filterContams_278,21.09319987798221,48.323778836201384
epigenomics_6583_filterContams_279,24.14589422065886,77.42204813020365
epigenomics_6583_filterContams_280,24.396881313617772,65.2743013335044
epigenomics_6583_filterContams_281,25.26181450307395,64.73445867679493
epigenomics_6583_filterContams_282,17.635429975694365,61.25430556379228
epigenomics_6583_filterContams_283,17.831210414305666,67.451182581966
epigenomics_6583_filterContams_284,19.731310901412606,66.36712284062214
epigenomics_6583_filterContams_285,20.246794416091724,66.8210786571062
epigenomics_6583_filterContams_286,20.880233917300732,74.2996531645214
epigenomics_6583_filterContams_287,24.372581271198072,71.7014103471771
epigenomics_6583_filterContams_288,18.34937936871806,64.8882077566202
epigenomics_6583_filterContams_289,20.942289498150778,59.16323796063302
epigenomics_6583_filterContams_290,19.617984818027825,61.796497127288504
epigenomics_6583_filterContams_291,23.52169564688975,65.45216850277293
epigenomics_6583_filterContams_292,16.068490529625866,59.572152473113064
epigenomics_6583_filterContams_293,19.110446292397093,65.0467284451322
epigenomics_6583_filterContams_294,16.400820792525302,73.11553133849064
epigenomics_6583_filterContams_295,20.968464490275007,54.280768461781086
epigenomics_6583_filterContams_296,19.937286053738003,66.05304290914044
epigenomics_6583_filterContams_297,15.485186854043896,56.23443987305612
epigenomics_6583_filterContams_298,23.175882859922417,64.95914636345383
epigenomics_6583_filterContams_299,17.5736566489852,74.36008350941613
epigenomics_6583_filterContams_300,18.09719306703949,61.52404569093242
epigenomics_6583_filterContams_301,16.64311442557215,68.0097068186107
epigenomics_6583_filterContams_302,14.144409985436829,59.803945210827955
epigenomics_6583_filterContams_303,21.546378140032438,59.57434562841032
epigenomics_6583_filterContams_304,18.01893077032714,59.387030179658524
epigenomics_6583_filterContams_305,20.522775633312293,75.77738431425618
epigenomics_6583_filterContams_306,22.306326669238626,55.38012012243845
epigenomics_6583_filterContams_307,20.658450351444724,74.83403218350523
epigenomics_6583_filterContams_308,22.796669771839557,73.56230680729327
epigenomics_6583_filterContams_309,23.764822234783505,67.21951542273904
epigenomics_6583_filterContams_310,20.953548995247495,69.26555981223707
epigenomics_6583_filterContams_311,18.900476163581676,55.26449089048188
epigenomics_6583_filterContams_312,15.413338448435926,61.436485383823516
epigenomics_6583_filterContams_313,17.485821750965926,57.954479848759526
epigenomics_6583_filterContams_314,16.502649446504094,47.14057765674183
epigenomics_6583_filterContams_315,23.5005686547566,48.20416853569256
epigenomics_6583_filterContams_316,19.795109708864903,63.479323583199466
epigenomics_6583_filterContams_317,21.823389840127774,65.4296162972669
epigenomics_6583_filterContams_318,22.560485813001385,56.67642027314596
epigenomics_6583_filterContams_319,19.289701892744432,78.07368123619509
epigenomics_6583_filterContams_320,24.03572417209045,63.60688909155724
epigenomics_6583_filterContams_321,20.675011129727537,69.44484768867092
epigenomics_6583_filterContams_322,28.902934060967475,75.85268234237705
epigenomics_6583_filterContams_323,21.713072911680122,56.01122089373192
epigenomics_6583_filterContams_324,16.450635166096717,60.98256880299786
epigenomics_6583_filterContams_325,13.843265423826741,66.49687765004549
epigenomics_6583_filterContams_326,21.255477761824743,62.370907849655545
epigenomics_6583_filterContams_327,18.24592790175213,68.51225658197068
epigenomics_6583_filterContams_328,17.613896853811294,65.27663478780256
epigenomics_6583_filterContams_329,24.710565680200226,61.51328267685752
epigenomics_6583_filterContams_330,14.18592261642273,59.292969532390146
epigenomics_6583_filterContams_331,18.082731065833265,64.43398858229439
epigenomics_6583_filterContams_332,19.830240749547947,60.43459742503495
epigenomics_6583_filterContams_333,26.561323681078008,89.19600050951345
epigenomics_6583_filterContams_334,18.08325908446305,69.57026915977724
epigenomics_6583_filterContams_335,16.76828214823707,68.78403521605338
epigenomics_6583_filterContams_336,20.635390298337278,66.90727784774965
epigenomics_6583_filterContams_337,17.563532627087202,66.65498964743108
epigenomics_6583_filterContams_338,13.15083683160399,63.066559919845034
epigenomics_6583_filterContams_339,19.743095763435928,57.25555762132677
epigenomics_6583_filterContams_340,19.867485712199265,68.84872442306056
epigenomics_6583_filterContams_341,16.608894226148664,73.03764792042425
epigenomics_6583_filterContams_342,22.25799541618638,68.19741892898045
epigenomics_6583_filterContams_343,16.633417326534023,62.35374039378727
epigenomics_6583_filterContams_344,24.293790716746976,52.39349847755366
epigenomics_6583_filterContams_345,17.726600563637717,60.0436171237029
epigenomics_6583_filterContams_346,25.82106235834795,71.43117495253615
epigenomics_6583_filterContams_347,22.468233232634216,61.84244501702094
epigenomics_6583_filterContams_348,18.74259860668604,52.76800559559457
epigenomics_6583_filterContams_349,23.81942355053956,64.03562880580961
epigenomics_6583_filterContams_350,17.589176232451447,62.23015186352168
epigenomics_6583_filterContams_351,21.366239260334424,56.766237354199696
epigenomics_6583_filterContams_352,18.620536313729055,70.43363789071338
epigenomics_6583_filterContams_353,16.44054319829076,82.41027127543386
epigenomics_6583_filterContams_354,18.244015675750305,56.451405578808306
epigenomics_6583_filterContams_355,18.656289537371503,71.74801172765672
epigenomics_6583_filterContams_356,21.446912304096074,64.29253898375089
epigenomics_6583_filterContams_357,21.364626106450913,72.39466454192298
epigenomics_6583_filterContams_358,19.209307731227497,62.03378097956044
epigenomics_6583_filterContams_359,12.914632893453028,53.72869012288487
epigenomics_6583_filterContams_360,20.772444459152076,70.3107390505432
epigenomics_6583_filterContams_361,18.67367986007794,76.47947890526687
epigenomics_6583_filterContams_362,18.51963263779251,73.33320314173454
epigenomics_6583_filterContams_363,19.547235504196333,69.6379531936577
epigenomics_6583_filterContams_364,26.501455500563033,70.25837418999112
epigenomics_6583_filterContams_365,16.77936404801131,66.3079637643616
epigenomics_6583_filterContams_366,23.614364495828063,69.16277213644085
epigenomics_6583_filterContams_367,23.628115955467806,68.31749983568163
epigenomics_6583_filterContams_368,16.807392581764493,71.41816161802502
epigenomics_6583_filterContams_369,17.95974789237887,68.9728796336524
epigenomics_6583_filterContams_370,19.014024425492064,54.61925340662564
epigenomics_6583_filterContams_371,24.946052936744753,67.54723394577792
epigenomics_6583_filterContams_372,16.05286799970403,76.37992913309563
epigenomics_6583_filterContams_373,15.732950612990889,69.56812166940351
epigenomics_6583_filterContams_374,19.66926153217766,62.43455658588384
epigenomics_6583_filterContams_375,21.763670020096285,65.86144041584076
epigenomics_6583_filterContams_376,23.373322012177567,59.70532000660983
epigenomics_6583_filterContams_377,16.963511399672633,77.78924624044498
epigenomics_6583_filterContams_378,24.38411422689554,74.2712109396206
epigenomics_6583_filterContams_379,17.12061068351276,61.83406102053611
epigenomics_6583_filterContams_380,20.383667220170445,77.90239759310352
epigenomics_6583_filterContams_381,15.847509520591238,69.17367597933811
epigenomics_6583_filterContams_382,18.30669895619107,67.68946930736199
epigenomics_6583_filterContams_383,25.874026926569343,75.2235185552723
epigenomics_6583_filterContams_384,20.681180112726896,74.77306021486345
epigenomics_6583_filterContams_385,22.97703851375343,73.41237175320671
epigenomics_6583_filterContams_386,20.81182369058731,51.547463565508416
epigenomics_6583_filterContams_387,16.55335313629463,71.43636929763272
epigenomics_6583_filterContams_388,26.793749086331147,73.62652948808453
epigenomics_6583_filterContams_389,20.178470325789597,49.49743398985287
epigenomics_6583_filterContams_390,20.708133614371153,72.85298818718678
epigenomics_6583_filterContams_391,19.841935834448076,63.09463875737331
epigenomics_6583_filterContams_392,19.17238925699953,59.377013913395245
epigenomics_6583_filterContams_393,16.477041631203242,57.33717928662864
epigenomics_6583_filterContams_394,23.972469436516988,77.51919831324942
epigenomics_6583_filterContams_395,19.643550137056117,72.00805658915982
epigenomics_6583_filterContams_396,27.172244580909634,70.69751195950452
epigenomics_6583_filterContams_397,18.275860690436915,51.40109471641291
epigenomics_6583_filterContams_398,20.10977597094729,54.17287694191158
epigenomics_6583_filterContams_399,21.57845148082187,79.3850914621047
epigenomics_6583_filterContams_400,21.20356671411991,82.57266317502348
epigenomics_6583_filterContams_401,17.010952060440445,58.373209316540645
epigenomics_6583_filterContams_402,21.61149279994605,64.13642696685325
epigenomics_6583_filterContams_403,22.158333615842878,73.25094464520572
epigenomics_6583_filterContams_404,22.79735482843674,74.8429318352693
epigenomics_6583_filterContams_405,16.244677401143804,58.869202903917056
epigenomics_6583_filterContams_406,20.95063001726474,43.25581103214273
epigenomics_6583_filterContams_407,20.223068459479336,66.80902856199381
epigenomics_6583_filterContams_408,20.489897629487636,58.38827905027982
epigenomics_6583_filterContams_409,21.838645671802013,50.29312058566549
epigenomics_6583_filterContams_410,15.721973653414654,65.3570655774506
epigenomics_6583_filterContams_411,23.77881738890624,64.82666719532102
epigenomics_6583_filterContams_412,18.7368260971988,59.986111238013535
epigenomics_6583_filterContams_413,15.787159153372386,62.673674370990604
epigenomics_6583_filterContams_414,19.340666190804665,74.18390708548517
epigenomics_6583_filterContams_415,20.905701693873823,62.494272910275825
epigenomics_6583_filterContams_416,18.984001146954895,78.35749726676141
epigenomics_6583_filterContams_417,16.16091386567086,61.34493220286978
epigenomics_6583_filterContams_418,20.563117708984176,75.04849820694382
epigenomics_6583_filterContams_419,22.69553049559297,64.32780080617756
epigenomics_6583_filterContams_420,17.83877103389504,65.19475842238491
epigenomics_6583_filterContams_421,20.868266038954186,78.94642716553071
epigenomics_6583_filterContams_422,22.03985139814617,55.998025343058764
epigenomics_6583_filterContams_423,18.58492811834085,69.67681442333397
epigenomics_6583_filterContams_424,21.456332459236528,62.122579820756386
epigenomics_6583_filterContams_425,17.5932758796685,68.97660166133431
epigenomics_6583_filterContams_426,17.01863616543684,68.29640723481538
epigenomics_6583_filterContams_427,13.132347051876588,72.03032507182303
epigenomics_6583_filterContams_428,20.589098287505028,68.56110007594074
epigenomics_6583_filterContams_429,20.58203080983913,60.919937787087875
epigenomics_6583_filterContams_430,16.800520417418692,48.69568689922329
epigenomics_6583_filterContams_431,20.13651964622581,63.94154276740764
epigenomics_6583_filterContams_432,20.77252535411799,75.43447771105967
epigenomics_6583_filterContams_433,19.1302972979147,62.80360794909742
epigenomics_6583_filterContams_434,20.148717775579133,87.31311746517058
epigenomics_6583_filterContams_435,22.327912636044886,67.76111339061498
epigenomics_6583_filterContams_436,22.285231171510613,58.383292936302354
epigenomics_6583_filterContams_437,19.434301481940015,64.5867039454097
epigenomics_6583_filterContams_438,22.84881264981118,72.02471491158502
epigenomics_6583_filterContams_439,19.919539245736868,59.82943553892424
epigenomics_6583_filterContams_440,14.984138344612418,65.55826988089213
epigenomics_6583_filterContams_441,22.359961725169295,61.57552417862007
epigenomics_6583_filterContams_442,14.183228146259752,66.25968102478183
epigenomics_6583_filterContams_443,28.592545716973508,55.134182197228405
epigenomics_6583_filterContams_444,18.110951580712754,74.59320633727097
epigenomics_6583_filterContams_445,22.463314862429456,62.615169042348626
epigenomics_6583_filterContams_446,21.611105214624665,57.7024090233787
epigenomics_6583_filterContams_447,17.254251991159364,53.504668616862595
epigenomics_6583_filterContams_448,25.088618451163416,66.53255682010148
epigenomics_6583_filterContams_449,17.98691411605764,65.2220991061725
epigenomics_6583_filterContams_450,23.925338982827192,55.87667626424263
epigenomics_6583_filterContams_451,18.41838621725628,52.520848017708396
epigenomics_6583_filterContams_452,18.861573314609547,71.81624104578296
epigenomics_6583_filterContams_453,15.935809409737523,73.4139020692145
epigenomics_6583_filterContams_454,21.481200374054346,71.89828302755056
epigenomics_6583_filterContams_455,25.054585294857098,68.7265502389726
epigenomics_6583_filterContams_456,25.41011682702525,66.90599958793548
epigenomics_6583_filterContams_457,21.009237229246395,72.14016385772621
epigenomics_6583_filterContams_458,19.76490247985367,68.86521962240363
epigenomics_6583_filterContams_459,18.838576905623267,69.56392248478011
epigenomics_6583_filterContams_460,17.58468731755252,70.60890876571389
epigenomics_6583_filterContams_461,20.664315894005856,77.91205513790374
epigenomics_6583_filterContams_462,20.89116026627392,57.158463765226784
epigenomics_6583_filterContams_463,20.791424761960798,60.769677670957506
epigenomics_6583_filterContams_464,17.757866803127044,62.7284950620874
epigenomics_6583_filterContams_465,18.43034399853282,59.94969929140189
epigenomics_6583_filterContams_466,21.13290923699286,61.96232243824801
epigenomics_6583_filterContams_467,20.124799446580013,78.47344424330518
epigenomics_6583_filterContams_468,14.417189842071307,53.54375401026452
epigenomics_6583_filterContams_469,18.629972661409365,84.19278322436351
epigenomics_6583_filterContams_470,17.570009414861577,63.037714826928045
epigenomics_6583_filterContams_471,20.02507549375274,67.52562308613331
epigenomics_6583_filterContams_472,14.813577117507332,62.26784342567757
epigenomics_6583_filterContams_473,18.23556713994609,90.09199611940554
epigenomics_6583_filterContams_474,17.00670516425096,67.76971904257238
epigenomics_6583_filterContams_475,22.285545433209446,56.540013694798105
epigenomics_6583_filterContams_476,21.433848482815897,74.72857853422884
epigenomics_6583_filterContams_477,24.249830738265352,69.48767327465912
epigenomics_6583_filterContams_478,25.17112356368797,66.67750949595485
epigenomics_6583_filterContams_479,19.14162476695424,72.33872330663375
epigenomics_6583_filterContams_480,20.968774994452765,77.20701340702057
epigenomics_6583_filterContams_481,17.232208319135303,80.05047329042435
epigenomics_6583_filterContams_482,16.928700376368376,66.79141888025279
epigenomics_6583_filterContams_483,18.12945816083082,74.44688881987571
epigenomics_6583_filterContams_484,23.45096789012024,60.97538907189103
epigenomics_6583_filterContams_485,17.05687383316116,72.5229567639037
epigenomics_6583_filterContams_486,13.26565930300514,79.72363450204821
epigenomics_6583_filterContams_487,15.042446063291548,57.44907739766434
epigenomics_6583_filterContams_488,20.43622015789953,58.62221635006899
epigenomics_6583_filterContams_489,18.330629767567828,65.89149961530747
epigenomics_6583_filterContams_490,23.12916354224165,66.69092677618828
epigenomics_6583_filterContams_491,18.14988157868664,58.397078104624356
epigenomics_6583_filterContams_492,27.949099424530402,58.19442609100555
epigenomics_6583_filterContams_493,22.435031877530033,59.4315214281436
epigenomics_6583_filterContams_494,21.247548672196626,64.20965665477736
epigenomics_6583_filterContams_495,21.391198032575847,64.88910647579645
epigenomics_6583_filterContams_496,20.14259029817425,67.70657424346184
epigenomics_6583_filterContams_497,17.688501283651394,59.408964873638645
epigenomics_6583_filterContams_498,17.86320626574877,66.12086997169446
epigenomics_6583_filterContams_499,24.301453678065823,58.85371285858619
epigenomics_6583_sol2sanger_0,74.86429927015752,37.03651297263778
epigenomics_6583_sol2sanger_1,75.42008462915979,34.077036434588315
epigenomics_6583_sol2sanger_2,82.16104197092022,49.42075718348123
epigenomics_6583_sol2sanger_3,75.64412153906521,33.25945501562444
epigenomics_6583_sol2sanger_4,78.43220860895123,47.09676235997997
epigenomics_6583_sol2sanger_5,75.23718665958634,55.847675093241406
epigenomics_6583_sol2sanger_6,83.89656853657603,47.47827391910633
epigenomics_6583_sol2sanger_7,91.00363002266718,49.67881561266068
epigenomics_6583_sol2sanger_8,78.64060369549776,41.03317346825987
epigenomics_6583_sol2sanger_9,76.73474814010724,42.373399148305985
epigenomics_6583_sol2sanger_10,78.73612491266837,49.43241530651825
epigenomics_6583_sol2sanger_11,79.25710944196703,43.9796632707855
epigenomics_6583_sol2sanger_12,80.26321529487012,40.41603121244081
epigenomics_6583_sol2sanger_13,75.62111266195653,45.42635784732255
epigenomics_6583_sol2sanger_14,82.0624007099529,47.63421079856734
epigenomics_6583_sol2sanger_15,73.95413940605306,34.7827646881827
epigenomics_6583_sol2sanger_16,79.7757958182731,63.770293639567285
epigenomics_6583_sol2sanger_17,83.6804201050841,52.94807080941845
epigenomics_6583_sol2sanger_18,83.09196940701574,46.29601732565044
epigenomics_6583_sol2sanger_19,82.13780739208912,43.80763808091023
epigenomics_6583_sol2sanger_20,82.29398177778548,38.90116368979042
epigenomics_6583_sol2sanger_21,85.97014540821593,56.958818021302676
epigenomics_6583_sol2sanger_22,81.27304226016413,51.92895447528631
epigenomics_6583_sol2sanger_23,73.06874954003283,38.41801685201323
epigenomics_6583_sol2sanger_24,89.36964498338273,26.2940661936547
epigenomics_6583_sol2sanger_25,79.41036161323348,54.02030088113906
epigenomics_6583_sol2sanger_26,74.85869567925765,50.06417572168256
epigenomics_6583_sol2sanger_27,74.83766528017357,44.66905614112425
epigenomics_6583_sol2sanger_28,79.84521709262654,40.98352784772387
epigenomics_6583_sol2sanger_29,80.88799487242144,33.56196848547852
epigenomics_6583_sol2sanger_30,79.30823410125046,53.33433907163868
epigenomics_6583_sol2sanger_31,77.91731783682869,63.14888092702594
epigenomics_6583_sol2sanger_32,82.3630832483935,52.19004649074947
epigenomics_6583_sol2sanger_33,86.74219738952344,37.31343060112051
epigenomics_6583_sol2sanger_34,77.28838013416645,49.44748075968215
epigenomics_6583_sol2sanger_35,79.6223093193244,39.03321604269204
epigenomics_6583_sol2sanger_36,71.9144246158773,51.64434335059105
epigenomics_6583_sol2sanger_37,81.76998125464745,34.7917579868022
epigenomics_6583_sol2sanger_38,77.41928075643234,59.63986261022521
epigenomics_6583_sol2sanger_39,81.64734888122628,38.49705894343346
epigenomics_6583_sol2sanger_40,75.3827352471104,24.35427948008056
epigenomics_6583_sol2sanger_41,79.45734397064363,53.10166429020612
epigenomics_6583_sol2sanger_42,83.56097340424917,41.48268443093336
epigenomics_6583_sol2sanger_43,70.30202752128588,49.986656334986215
epigenomics_6583_sol2sanger_44,79.04227517706398,50.00364540380366
epigenomics_6583_sol2sanger_45,77.89220743246663,37.617450835116045
epigenomics_6583_sol2sanger_46,83.5262154356564,51.05834081072034
epigenomics_6583_sol2sanger_47,94.14810460154057,58.29654307459465
epigenomics_6583_sol2sanger_48,75.39226376626013,37.33329744306419
epigenomics_6583_sol2sanger_49,84.31230278431856,49.622390157608706
epigenomics_6583_sol2sanger_50,79.38384900965985,27.282500692066836
epigenomics_6583_sol2sanger_51,76.81676532744774,36.849081311275356
epigenomics_6583_sol2sanger_52,79.42517134006467,47.56585081907578
epigenomics_6583_sol2sanger_53,81.44092899693254,42.19386833270584
epigenomics_6583_sol2sanger_54,82.43435536901126,31.859100665235957
epigenomics_6583_sol2sanger_55,90.92140551194493,36.10054218836714
epigenomics_6583_sol2sanger_56,86.75230061994286,46.05260661842479
epigenomics_6583_sol2sanger_57,81.0588256412411,50.68150146635142
epigenomics_6583_sol2sanger_58,79.59796933484546,41.70807283359393
epigenomics_6583_sol2sanger_59,85.21378126758701,29.636755062081473
epigenomics_6583_sol2sanger_60,70.56763255887151,53.05002226112952
epigenomics_6583_sol2sanger_61,77.24036643812171,57.83805084878267
epigenomics_6583_sol2sanger_62,83.11578692647593,61.441897032072134
epigenomics_6583_sol2sanger_63,76.38600859460466,45.47462804454305
epigenomics_6583_sol2sanger_64,79.26118814144009,43.234249735480525
epigenomics_6583_sol2sanger_65,84.44034599425459,51.46025134340346
epigenomics_6583_sol2sanger_66,74.10501064685013,27.174031474572395
epigenomics_6583_sol2sanger_67,86.19823654959853,31.69894516500899
epigenomics_6583_sol2sanger_68,78.56433942516611,30.700591192240537
epigenomics_6583_sol2sanger_69,74.10466747448011,38.94644042367468
epigenomics_6583_sol2sanger_70,82.45303641652981,34.22966634573637
epigenomics_6583_sol2sanger_71,79.50424821465938,39.869017340480084
epigenomics_6583_sol2sanger_72,81.40044692094733,43.677599646071855
epigenomics_6583_sol2sanger_73,87.13768655406568,37.00761815719235
epigenomics_6583_sol2sanger_74,74.16040560837777,35.24089381031016
epigenomics_6583_sol2sanger_75,81.98222773422668,42.44945136852328
epigenomics_6583_sol2sanger_76,74.23308998666874,55.544226144712994
epigenomics_6583_sol2sanger_77,83.82693218377067,41.155117760227995
epigenomics_6583_sol2sanger_78,76.34147825469095,61.33437511456097
epigenomics_6583_sol2sanger_79,77.72100003379889,43.841707314589236
epigenomics_6583_sol2sanger_80,79.41694440427065,40.05093438743972
epigenomics_6583_sol2sanger_81,75.86908549151288,47.72517310842983
epigenomics_6583_sol2sanger_82,81.15506625631326,42.24509380577509
epigenomics_6583_sol2sanger_83,86.45264976314233,52.402408814838104
epigenomics_6583_sol2sanger_84,72.59924140510084,38.452124388296006
epigenomics_6583_sol2sanger_85,80.77206604694847,43.497395524672164
epigenomics_6583_sol2sanger_86,79.39336705872292,41.962623180887306
epigenomics_6583_sol2sanger_87,82.8072873831671,40.38539936503306
epigenomics_6583_sol2sanger_88,76.3291365051855,63.54961581878578
epigenomics_6583_sol2sanger_89,77.5923259089067,45.22210037190889
epigenomics_6583_sol2sanger_90,81.85252900123426,28.172069983244352
epigenomics_6583_sol2sanger_91,75.3170807419197,33.26287234794452
epigenomics_6583_sol2sanger_92,79.10888925211981,36.16932582140147
epigenomics_6583_sol2sanger_93,76.46722013018125,40.84792131339352
epigenomics_6583_sol2sanger_94,80.91030561159228,41.837811733972615
epigenomics_6583_sol2sanger_95,76.34055454281608,38.36008607825917
epigenomics_6583_sol2sanger_96,76.7610529067671,44.302155696481925
epigenomics_6583_sol2sanger_97,83.05819615113707,61.98500887006281
epigenomics_6583_sol2sanger_98,75.2428608124752,60.493950972751946
epigenomics_6583_sol2sanger_99,80.3518170811173,42.907906509771415
epigenomics_6583_sol2sanger_100,80.76424927747246,42.12808232456443
epigenomics_6583_sol2sanger_101,82.1137555650381,57.93055444142908
epigenomics_6583_sol2sanger_102,78.156649331983,45.87022878834355
epigenomics_6583_sol2sanger_103,79.76671089316449,48.67406062707968
epigenomics_6583_sol2sanger_104,80.57276627475376,48.409627739189425
epigenomics_6583_sol2sanger_105,88.35566955696305,46.915248578347736
epigenomics_6583_sol2sanger_106,75.06748070275475,49.39717657406208
epigenomics_6583_sol2sanger_107,78.74875868681228,40.476691358646136
epigenomics_6583_sol2sanger_108,75.64560954058904,45.06337439587175
epigenomics_6583_sol2sanger_109,75.74061725400543,52.170052446196685
epigenomics_6583_sol2sanger_110,81.96431997242533,24.507958002521857
epigenomics_6583_sol2sanger_111,75.01411029040162,33.51408693338914
epigenomics_6583_sol2sanger_112,77.03039051500217,44.112476656013854
epigenomics_6583_sol2sanger_113,80.65598196670317,41.331274324644056
epigenomics_6583_sol2sanger_114,82.85475572284795,50.98394039176035
epigenomics_6583_sol2sanger_115,87.15344437288309,39.19008052554687
epigenomics_6583_sol2sanger_116,76.27873404459625,40.37631592594862
epigenomics_6583_sol2sanger_117,86.24902968752995,46.78421441155278
epigenomics_6583_sol2sanger_118,89.5370542331014,47.12844041828125
epigenomics_6583_sol2sanger_119,78.21416607053492,55.436150285497725
epigenomics_6583_sol2sanger_120,80.5039133277364,53.21424400290371
epigenomics_6583_sol2sanger_121,77.41721592363123,50.03170865971714
epigenomics_6583_sol2sanger_122,72.90381698285962,53.0042152597115
epigenomics_6583_sol2sanger_123,78.67941594409356,53.215456883857996
epigenomics_6583_sol2sanger_124,80.71783495295676,56.04699142246103
epigenomics_6583_sol2sanger_125,76.2895683952568,42.39783896942626
epigenomics_6583_sol2sanger_126,80.24187392508911,46.10935437180221
epigenomics_6583_sol2sanger_127,73.92095627048175,46.07666924612906
epigenomics_6583_sol2sanger_128,86.1092869904638,49.76760690577619
epigenomics_6583_sol2sanger_129,79.43778778702732,30.73513547953197
epigenomics_6583_sol2sanger_130,68.22437783817614,46.50120202348827
epigenomics_6583_sol2sanger_131,80.52308879412816,41.45301332117663
epigenomics_6583_sol2sanger_132,84.33073741916144,51.16564570609947
epigenomics_6583_sol2sanger_133,87.82481494163767,18.91074072855276
epigenomics_6583_sol2sanger_134,74.7499569483144,55.863645332209764
epigenomics_6583_sol2sanger_135,75.16827230264809,48.96630256228382
epigenomics_6583_sol2sanger_136,82.05396162582119,38.071091626261946
epigenomics_6583_sol2sanger_137,79.41331643655654,32.89691673017241
epigenomics_6583_sol2sanger_138,85.92285130401173,48.15100761810574
epigenomics_6583_sol2sanger_139,87.33329482691732,57.94904762571814
epigenomics_6583_sol2sanger_140,79.17369882243365,34.68514590179834
epigenomics_6583_sol2sanger_141,87.01316641666716,32.348860700696605
epigenomics_6583_sol2sanger_142,83.03170247327799,57.73817608295392
epigenomics_6583_sol2sanger_143,80.67324525557392,60.16672760799707
epigenomics_6583_sol2sanger_144,83.93577399177751,43.025169872906204
epigenomics_6583_sol2sanger_145,83.2366246510748,33.19279984950708
epigenomics_6583_sol2sanger_146,79.70240069514234,54.11239089268088
epigenomics_6583_sol2sanger_147,81.93919628236237,41.731234632578705
epigenomics_6583_sol2sanger_148,72.57208122179546,42.94327909288472
epigenomics_6583_sol2sanger_149,81.24919348754837,57.45047542777006
epigenomics_6583_sol2sanger_150,82.55793530822488,51.759998518081645
epigenomics_6583_sol2sanger_151,72.19400531090452,56.86548029454479
epigenomics_6583_sol2sanger_152,90.90189524480108,48.65066189192555
epigenomics_6583_sol2sanger_153,82.85821293546519,55.7272138882342
epigenomics_6583_sol2sanger_154,87.92650560046869,56.94701810212179
epigenomics_6583_sol2sanger_155,84.96661892922263,44.35888269552058
epigenomics_6583_sol2sanger_156,82.10139460075779,49.18225004333905
epigenomics_6583_sol2sanger_157,92.81584575480784,56.052006367367305
epigenomics_6583_sol2sanger_158,83.28899252718922,40.43620939959419
epigenomics_6583_sol2sanger_159,79.39790431906555,70.67191345498068
epigenomics_6583_sol2sanger_160,73.47004941961248,39.3789136533922
epigenomics_6583_sol2sanger_161,86.37392160437123,47.59554042999622
epigenomics_6583_sol2sanger_162,75.12647396966442,42.85668923426799
epigenomics_6583_sol2sanger_163,86.88938385532516,53.72911807190619
epigenomics_6583_sol2sanger_164,70.75715843614341,57.48137084004165
epigenomics_6583_sol2sanger_165,78.03961572469291,42.86579579958211
epigenomics_6583_sol2sanger_166,78.21993735768628,57.20782649895265
epigenomics_6583_sol2sanger_167,84.77135632581222,50.57961544679932
epigenomics_6583_sol2sanger_168,92.16030229652885,49.00112324394286
epigenomics_6583_sol2sanger_169,85.21972919509719,42.225535942239084
epigenomics_6583_sol2sanger_170,80.5206907914175,32.07929260803147
epigenomics_6583_sol2sanger_171,75.11169666258395,40.32030186070142
epigenomics_6583_sol2sanger_172,81.22370698085165,42.62183079713491
epigenomics_6583_sol2sanger_173,79.92691086857616,48.063273414493395
epigenomics_6583_sol2sanger_174,75.59317281023162,47.25949830674905
epigenomics_6583_sol2sanger_175,80.61834305881952,60.06991653840197
epigenomics_6583_sol2sanger_176,84.56398600677133,46.54364268101246
epigenomics_6583_sol2sanger_177,74.99142814248015,40.13587024866918
epigenomics_6583_sol2sanger_178,83.61790325720573,54.94343995634286
epigenomics_6583_sol2sanger_179,84.156517402379,34.969155652358815
epigenomics_6583_sol2sanger_180,75.62025897661181,42.399640172781254
epigenomics_6583_sol2sanger_181,81.43662391510809,45.956791202701766
epigenomics_6583_sol2sanger_182,69.72129675889703,45.44174358126537
epigenomics_6583_sol2sanger_183,75.96308242196896,46.8713833749225
epigenomics_6583_sol2sanger_184,80.72459141469649,40.617682730901436
epigenomics_6583_sol2sanger_185,85.98183750771544,39.042170359936094
epigenomics_6583_sol2sanger_186,80.2536062262127,27.64063778861757
epigenomics_6583_sol2sanger_187,70.97649552725797,47.53693568925216
epigenomics_6583_sol2sanger_188,96.1288062063169,42.08381050666524
epigenomics_6583_sol2sanger_189,77.7654432280287,28.340357274641157
epigenomics_6583_sol2sanger_190,87.8351662969881,49.61517323537844
epigenomics_6583_sol2sanger_191,77.78689483105389,52.08738210529523
epigenomics_6583_sol2sanger_192,78.92681137195488,53.8917855123539
epigenomics_6583_sol2sanger_193,85.80946390488084,43.40832095337583
epigenomics_6583_sol2sanger_194,77.4725110203882,41.48013700245
epigenomics_6583_sol2sanger_195,78.07336963296945,54.29753681409309
epigenomics_6583_sol2sanger_196,78.69478681952528,49.036353293857175
epigenomics_6583_sol2sanger_197,83.87902617089006,53.2007919271532
epigenomics_6583_sol2sanger_198,80.16833687011203,37.07248119973925
epigenomics_6583_sol2sanger_199,74.8708564126333,54.469894636373596
epigenomics_6583_sol2sanger_200,77.78964578800351,37.16462607937528
epigenomics_6583_sol2sanger_201,84.90573300665295,40.500394657389116
epigenomics_6583_sol2sanger_202,69.9797392273231,31.95721334309668
epigenomics_6583_sol2sanger_203,78.96457629240683,55.533380814081795
epigenomics_6583_sol2sanger_204,77.01473925314693,44.71582925414212
epigenomics_6583_sol2sanger_205,79.79746049471328,55.3705791133855
epigenomics_6583_sol2sanger_206,79.63008655562523,32.58702535243936
epigenomics_6583_sol2sanger_207,83.29342499901992,51.15866369770798
epigenomics_6583_sol2sanger_208,91.66547401926118,41.84913285300248
epigenomics_6583_sol2sanger_209,81.06369501620013,52.977428352556785
epigenomics_6583_sol2sanger_210,79.02660979880012,40.06639119817228
epigenomics_6583_sol2sanger_211,91.63175066195826,38.23528613916159
epigenomics_6583_sol2sanger_212,83.06938358182015,41.46037098918601
epigenomics_6583_sol2sanger_213,82.7722841582358,34.37928511467623
epigenomics_6583_sol2sanger_214,75.32689472913556,58.62548544396698
epigenomics_6583_sol2sanger_215,82.44268070379599,39.035999155398734
epigenomics_6583_sol2sanger_216,92.83578808419567,61.16797720815774
epigenomics_6583_sol2sanger_217,70.42226837649055,38.15476275165456
epigenomics_6583_sol2sanger_218,76.11941965369395,46.75028015016175
epigenomics_6583_sol2sanger_219,74.9421545501809,46.03632298621796
epigenomics_6583_sol2sanger_220,75.69862185565731,53.96108067882635
epigenomics_6583_sol2sanger_221,86.85026428436962,39.47157466808189
epigenomics_6583_sol2sanger_222,83.18896137851502,40.830266683671226
epigenomics_6583_sol2sanger_223,81.62916805273721,52.6610504547028
epigenomics_6583_sol2sanger_224,82.83434524360999,62.212867050433715
epigenomics_6583_sol2sanger_225,81.18658352577924,30.1188878814246
epigenomics_6583_sol2sanger_226,74.87806380206308,48.10675481115062
epigenomics_6583_sol2sanger_227,76.8982885060836,46.934916554718335
epigenomics_6583_sol2sanger_228,83.09200174563475,39.120159319343095
epigenomics_6583_sol2sanger_229,81.60990273060857,41.6749363372892
epigenomics_6583_sol2sanger_230,77.32518113580772,37.95772524727907
epigenomics_6583_sol2sanger_231,82.19052663432203,53.1544154450818
epigenomics_6583_sol2sanger_232,74.80579795666154,49.83135482367567
epigenomics_6583_sol2sanger_233,77.35110248587179,47.467359355679825
epigenomics_6583_sol2sanger_234,85.42828474033483,47.087642818143124
epigenomics_6583_sol2sanger_235,82.24117405459121,56.239698533892124
epigenomics_6583_sol2sanger_236,84.32712732706938,48.20099148604452
epigenomics_6583_sol2sanger_237,82.815844905928,33.795555042912845
epigenomics_6583_sol2sanger_238,79.42892296275885,47.495528812859774
epigenomics_6583_sol2sanger_239,82.11983655103107,47.97819932244775
epigenomics_6583_sol2sanger_240,83.32391589739021,45.430549880911634
epigenomics_6583_sol2sanger_241,89.57442485043478,31.246653478499553
epigenomics_6583_sol2sanger_242,85.17004241373925,47.28489013842069
epigenomics_6583_sol2sanger_243,78.92640494978964,48.038628531489366
epigenomics_6583_sol2sanger_244,83.54668706592214,43.308117846174454
epigenomics_6583_sol2sanger_245,78.3645656729638,46.78784904603733
epigenomics_6583_sol2sanger_246,81.95875843133497,47.51308847258621
epigenomics_6583_sol2sanger_247,70.9045466209235,38.25028700914282
epigenomics_6583_sol2sanger_248,82.24987483817267,53.68511421771652
epigenomics_6583_sol2sanger_249,91.11631058344128,52.38012221964531
epigenomics_6583_sol2sanger_250,77.33491803743647,55.081531302885466
epigenomics_6583_sol2sanger_251,74.27196114747349,49.702366447886725
epigenomics_6583_sol2sanger_252,82.23406421996003,44.27202126387179
epigenomics_6583_sol2sanger_253,86.19350551763591,39.11546835240995
epigenomics_6583_sol2sanger_254,81.15351539023844,43.50060511828691
epigenomics_6583_sol2sanger_255,77.44267094381469,42.71767632764934
epigenomics_6583_sol2sanger_256,85.10906499903201,64.74297789065054
epigenomics_6583_sol2sanger_257,68.06246029481501,42.137148118540274
epigenomics_6583_sol2sanger_258,87.60613141788426,51.39923961313634
epigenomics_6583_sol2sanger_259,72.62758282658817,38.16423284525312
epigenomics_6583_sol2sanger_260,82.10605360387183,46.48522384852836
epigenomics_6583_sol2sanger_261,81.21343486077814,51.07508123951966
epigenomics_6583_sol2sanger_262,77.85686365549344,51.94177469916715
epigenomics_6583_sol2sanger_263,78.34798202464314,46.19794844161364
epigenomics_6583_sol2sanger_264,77.94094535174479,48.653307044784455
epigenomics_6583_sol2sanger_265,79.48135722242182,37.38255485826194
epigenomics_6583_sol2sanger_266,78.48392153968452,41.49324428497686
epigenomics_6583_sol2sanger_267,82.9215698503872,48.95182365011179
epigenomics_6583_sol2sanger_268,83.17666073797363,41.884971645896464
epigenomics_6583_sol2sanger_269,86.5378452108863,37.89401902096833
epigenomics_6583_sol2sanger_270,84.12617607100594,65.57577003106516
epigenomics_6583_sol2sanger_271,80.12048374277516,37.51704367178141
epigenomics_6583_sol2sanger_272,83.52150175444287,44.75277370022961
epigenomics_6583_sol2sanger_273,79.9596633333711,44.12678938178543
epigenomics_6583_sol2sanger_274,82.33976195498794,43.524800499381755
epigenomics_6583_sol2sanger_275,73.90779923933769,53.6524261547951
epigenomics_6583_sol2sanger_276,80.01637425634584,48.72183394590184
epigenomics_6583_sol2sanger_277,92.9273658759576,36.71024943801173
epigenomics_6583_sol2sanger_278,86.55673174194582,34.62497463384898
epigenomics_6583_sol2sanger_279,77.72776398159507,42.10010479977035
epigenomics_6583_sol2sanger_280,79.25129153893964,47.72397995227488
epigenomics_6583_sol2sanger_281,87.3177948425755,43.14000387979876
epigenomics_6583_sol2sanger_282,83.42622869404639,55.93895048774212
epigenomics_6583_sol2sanger_283,82.97090331518302,58.98409883576228
epigenomics_6583_sol2sanger_284,76.42746942789881,53.10394394306621
epigenomics_6583_sol2sanger_285,78.39385244577566,52.66307138229595
epigenomics_6583_sol2sanger_286,82.6523447602184,44.03363499270007
epigenomics_6583_sol2sanger_287,69.84545081040429,57.62351224244133
epigenomics_6583_sol2sanger_288,77.089224691477,42.79282845334873
epigenomics_6583_sol2sanger_289,71.05104334086901,39.88399263572825
epigenomics_6583_sol2sanger_290,74.9664446153821,49.21207707181714
epigenomics_6583_sol2sanger_291,77.18672227026447,32.78630763340149
epigenomics_6583_sol2sanger_292,86.32868201013746,45.77195562352043
epigenomics_6583_sol2sanger_293,86.78776919421134,62.45307336963087
epigenomics_6583_sol2sanger_294,88.2232795622966,47.0383589645791
epigenomics_6583_sol2sanger_295,74.56523723298622,48.3857624039979
epigenomics_6583_sol2sanger_296,83.23281498552548,30.428969495072664
epigenomics_6583_sol2sanger_297,81.26791868657315,33.57189058849422
epigenomics_6583_sol2sanger_298,79.31694974201842,57.35875981641334
epigenomics_6583_sol2sanger_299,80.2869437712625,51.276751721173255
epigenomics_6583_sol2sanger_300,74.76142627642766,32.80591127224369
epigenomics_6583_sol2sanger_301,79.51159383974729,45.619210911641176
epigenomics_6583_sol2sanger_302,76.92947996992916,36.273582936504994
epigenomics_6583_sol2sanger_303,68.4692894101756,31.48612299923751
epigenomics_6583_sol2sanger_304,81.03053738531686,45.88805452184026
epigenomics_6583_sol2sanger_305,82.39975641753097,44.25524620934427
epigenomics_6583_sol2sanger_306,86.16161774888677,49.530575979362396
epigenomics_6583_sol2sanger_307,78.08370962832784,47.54784002938572
epigenomics_6583_sol2sanger_308,75.04898911589714,46.288090430638505
epigenomics_6583_sol2sanger_309,79.87044376772481,33.904900366982844
epigenomics_6583_sol2sanger_310,82.18053065350361,38.32358084918995
epigenomics_6583_sol2sanger_311,77.79481899701747,32.93462672104785
epigenomics_6583_sol2sanger_312,78.57598084552433,50.254634994286114
epigenomics_6583_sol2sanger_313,74.61866249456176,54.56291459726957
epigenomics_6583_sol2sanger_314,85.05663367138327,43.8378969768004
epigenomics_6583_sol2sanger_315,75.21167092610632,46.027026718451246
epigenomics_6583_sol2sanger_316,85.74967130841235,45.922602303642776
epigenomics_6583_sol2sanger_317,79.2640279167307,34.30884875545248
epigenomics_6583_sol2sanger_318,77.55022243958472,38.98592571954966
epigenomics_6583_sol2sanger_319,86.73471509815676,45.37755867685065
epigenomics_6583_sol2sanger_320,70.05037228122876,49.018080528251645
epigenomics_6583_sol2sanger_321,81.79323321997232,47.95409974744959
epigenomics_6583_sol2sanger_322,90.6926794562001,50.80314338491057
epigenomics_6583_sol2sanger_323,68.93248675071528,39.423208301613464
epigenomics_6583_sol2sanger_324,88.21742429212358,29.792575684538956
epigenomics_6583_sol2sanger_325,85.10788419515512,50.914735865947875
epigenomics_6583_sol2sanger_326,70.61720741535713,53.53669722550729
epigenomics_6583_sol2sanger_327,81.12480365361394,47.53986521911191
epigenomics_6583_sol2sanger_328,74.50136129153739,57.62703676488564
epigenomics_6583_sol2sanger_329,85.7045874590951,52.38305261600459
epigenomics_6583_sol2sanger_330,68.96100706698262,41.22333977071549
epigenomics_6583_sol2sanger_331,76.55160607080482,63.42171884631269
epigenomics_6583_sol2sanger_332,73.27114911800068,27.02161318523874
epigenomics_6583_sol2sanger_333,85.82207330746475,57.4962019657589
epigenomics_6583_sol2sanger_334,91.34285061035845,35.19358438111232
epigenomics_6583_sol2sanger_335,85.14535093601478,40.12179969649876
epigenomics_6583_sol2sanger_336,74.88480952542855,42.476708888253334
epigenomics_6583_sol2sanger_337,80.18923803724215,35.383044017913846
epigenomics_6583_sol2sanger_338,77.06112697115472,43.33546798259503
epigenomics_6583_sol2sanger_339,82.50202574377859,39.58716185358877
epigenomics_6583_sol2sanger_340,68.58550198773678,39.69308424894946
epigenomics_6583_sol2sanger_341,78.6764964941201,35.985303355158486
epigenomics_6583_sol2sanger_342,77.73567693318017,40.81154369747125
epigenomics_6583_sol2sanger_343,77.9607583905184,48.85674187155825
epigenomics_6583_sol2sanger_344,79.94474749848199,41.77926182958022
epigenomics_6583_sol2sanger_345,77.58710572123258,49.67627483009191
epigenomics_6583_sol2sanger_346,81.9281770613208,48.4881766058594
epigenomics_6583_sol2sanger_347,78.46941391922911,34.32996065277433
epigenomics_6583_sol2sanger_348,67.43379297268852,46.709446859719336
epigenomics_6583_sol2sanger_349,81.55888285146628,42.273223991508154
epigenomics_6583_sol2sanger_350,87.82242689923189,47.17956614435601
epigenomics_6583_sol2sanger_351,77.31492369702885,41.15928255438407
epigenomics_6583_sol2sanger_352,74.7435367544614,40.681814706361145
epigenomics_6583_sol2sanger_353,75.50578914781144,41.53673402811763
epigenomics_6583_sol2sanger_354,75.83541089585921,56.20789915597238
epigenomics_6583_sol2sanger_355,73.16644489080025,31.86364954032961
epigenomics_6583_sol2sanger_356,84.93278714839137,63.45717534613861
epigenomics_6583_sol2sanger_357,87.42395711413745,50.03449278358613
epigenomics_6583_sol2sanger_358,77.85341207708449,61.06380543204966
epigenomics_6583_sol2sanger_359,78.4083785860478,56.82194432676044
epigenomics_6583_sol2sanger_360,85.89429299066839,60.327422463454965
epigenomics_6583_sol2sanger_361,80.39268525661244,53.95045337248672
epigenomics_6583_sol2sanger_362,79.43952172838432,38.63830871822208
epigenomics_6583_sol2sanger_363,72.03446023970564,36.46588851321224
epigenomics_6583_sol2sanger_364,79.90064052203311,43.84440409414507
epigenomics_6583_sol2sanger_365,82.11971107271073,37.70917029880758
epigenomics_6583_sol2sanger_366,89.29389835468287,51.66130254530516
epigenomics_6583_sol2sanger_367,79.27377488604105,62.577581787153974
epigenomics_6583_sol2sanger_368,78.40771384301597,47.99619355435284
epigenomics_6583_sol2sanger_369,83.5892607565822,52.54404763865846
epigenomics_6583_sol2sanger_370,77.14705213361654,52.48407544872648
epigenomics_6583_sol2sanger_371,82.2540838287782,49.60585866855567
epigenomics_6583_sol2sanger_372,78.04815984039806,40.7690142276728
epigenomics_6583_sol2sanger_373,79.39706305147591,46.550208579797804
epigenomics_6583_sol2sanger_374,89.1279025375693,37.56126444774959
epigenomics_6583_sol2sanger_375,85.60526667923548,36.46557221320964
epigenomics_6583_sol2sanger_376,85.31614650181965,31.124238988185866
epigenomics_6583_sol2sanger_377,81.83686053015687,49.63993273122665
epigenomics_6583_sol2sanger_378,86.46854346633373,47.537106544668866
epigenomics_6583_sol2sanger_379,76.76594583536311,49.51259744797938
epigenomics_6583_sol2sanger_380,70.93347264137225,39.65604905658774
epigenomics_6583_sol2sanger_381,72.03685411313818,37.1284986944522
epigenomics_6583_sol2sanger_382,79.61827152831448,44.15034791184124
epigenomics_6583_sol2sanger_383,81.8389144037316,52.7684314433171
epigenomics_6583_sol2sanger_384,86.46372342718138,52.03799944401113
epigenomics_6583_sol2sanger_385,88.96023942424863,48.03677593045615
epigenomics_6583_sol2sanger_386,75.48406439705097,34.458569091982625
epigenomics_6583_sol2sanger_387,80.43586040365003,44.878560269111794
epigenomics_6583_sol2sanger_388,73.83366486393928,41.29591923867621
epigenomics_6583_sol2sanger_389,87.03712920886967,47.47652798990794
epigenomics_6583_sol2sanger_390,68.15434747989015,34.08703525836639
epigenomics_6583_sol2sanger_391,72.58285674329714,41.61429733170287
epigenomics_6583_sol2sanger_392,82.17136894679427,47.214358408967115
epigenomics_6583_sol2sanger_393,78.5012163449624,21.168103525811304
epigenomics_6583_sol2sanger_394,80.62439263302889,50.456584234830245
epigenomics_6583_sol2sanger_395,78.25085528872867,50.2117855817153
epigenomics_6583_sol2sanger_396,77.82460236446435,28.50142249641382
epigenomics_6583_sol2sanger_397,92.30382289103872,44.321460687941745
epigenomics_6583_sol2sanger_398,74.90672125600571,52.85163852183492
epigenomics_6583_sol2sanger_399,83.20919473485691,43.82547069933524
epigenomics_6583_sol2sanger_400,79.07297351878464,46.36654948430438
epigenomics_6583_sol2sanger_401,76.2011477772055,39.56469538126463
epigenomics_6583_sol2sanger_402,80.34848447902745,47.564852697831576
epigenomics_6583_sol2sanger_403,79.91783875307112,49.16283608443775
epigenomics_6583_sol2sanger_404,82.27178175356171,44.873612006558574
epigenomics_6583_sol2sanger_405,83.96919103125771,36.96330499461273
epigenomics_6583_sol2sanger_406,81.42608928506255,43.57533707669999
epigenomics_6583_sol2sanger_407,74.29241708575296,53.75867552500095
epigenomics_6583_sol2sanger_408,83.11370554744596,48.98013696287992
epigenomics_6583_sol2sanger_409,79.26911935823085,48.81442816465088
epigenomics_6583_sol2sanger_410,79.04668680407899,34.15821128771258
epigenomics_6583_sol2sanger_411,84.2637257677463,39.31762456530568
epigenomics_6583_sol2sanger_412,71.8036229310249,47.46768832166622
epigenomics_6583_sol2sanger_413,78.67734154125839,51.22529558927704
epigenomics_6583_sol2sanger_414,76.34221891069694,40.155252867596374
epigenomics_6583_sol2sanger_415,72.30899445321533,57.101219010435806
epigenomics_6583_sol2sanger_416,79.58058989721685,30.10640551162771
epigenomics_6583_sol2sanger_417,83.38437828498613,56.05847456467178
epigenomics_6583_sol2sanger_418,83.77679432330264,62.718653210069476
epigenomics_6583_sol2sanger_419,79.41507969933342,49.292508835140545
epigenomics_6583_sol2sanger_420,80.3202107510908,36.60291216042822
epigenomics_6583_sol2sanger_421,76.1030523744097,48.858673130108976
epigenomics_6583_sol2sanger_422,87.86840418174731,44.889952837730576
epigenomics_6583_sol2sanger_423,75.70003775452011,53.39743397849044
epigenomics_6583_sol2sanger_424,77.87627624846759,47.753511547356396
epigenomics_6583_sol2sanger_425,81.73356586589902,46.16792252295699
epigenomics_6583_sol2sanger_426,73.24518359416415,51.47383343575999
epigenomics_6583_sol2sanger_427,89.50953591308516,45.2130992530943
epigenomics_6583_sol2sanger_428,86.36254871973193,40.99709574574511
epigenomics_6583_sol2sanger_429,82.39809792153477,34.574601259443824
epigenomics_6583_sol2sanger_430,71.92444409408282,29.53315150404253
epigenomics_6583_sol2sanger_431,77.78268529483078,56.190973273130105
epigenomics_6583_sol2sanger_432,81.00187521207322,48.50037729236371
epigenomics_6583_sol2sanger_433,79.57832551559504,49.29201975331155
epigenomics_6583_sol2sanger_434,80.13897182841573,55.917141408186325
epigenomics_6583_sol2sanger_435,81.16277823141984,51.13756726591692
epigenomics_6583_sol2sanger_436,82.71772271476037,46.56032633068514
epigenomics_6583_sol2sanger_437,74.21167552246092,50.67681329475767
epigenomics_6583_sol2sanger_438,85.57011301229862,56.536472082518934
epigenomics_6583_sol2sanger_439,81.00272085504295,46.23471280594977
epigenomics_6583_sol2sanger_440,75.0716137410745,47.822059427014764
epigenomics_6583_sol2sanger_441,81.87182516377742,52.0660746122129
epigenomics_6583_sol2sanger_442,81.61571877814696,43.24297644297002
epigenomics_6583_sol2sanger_443,73.68692319541736,41.13243606367985
epigenomics_6583_sol2sanger_444,78.67354248771966,42.88807634516023
epigenomics_6583_sol2sanger_445,83.19595030522088,49.55903772119921
epigenomics_6583_sol2sanger_446,84.36908758314999,56.176831805641186
epigenomics_6583_sol2sanger_447,72.1197285194509,53.843540156488174
epigenomics_6583_sol2sanger_448,83.70114514601883,56.12768048435067
epigenomics_6583_sol2sanger_449,72.04120824428884,41.84308217049622
epigenomics_6583_sol2sanger_450,76.81415061753,41.58250963599611
epigenomics_6583_sol2sanger_451,82.51532971326785,26.42226943366967
epigenomics_6583_sol2sanger_452,85.69669177996788,34.290300813401146
epigenomics_6583_sol2sanger_453,85.27721956852234,54.257668595524805
epigenomics_6583_sol2sanger_454,71.62955477172584,50.512170107486654
epigenomics_6583_sol2sanger_455,78.17758500814236,45.31981332876699
epigenomics_6583_sol2sanger_456,87.33597923467221,51.381553620756776
epigenomics_6583_sol2sanger_457,82.51621701470182,33.01260796317675
epigenomics_6583_sol2sanger_458,75.3939828159153,37.36409121443404
epigenomics_6583_sol2sanger_459,87.04715601759185,37.26053710526297
epigenomics_6583_sol2sanger_460,84.83808218562297,46.679531057710975
epigenomics_6583_sol2sanger_461,73.3609010176839,48.753009786164526
epigenomics_6583_sol2sanger_462,85.43068772582058,53.714985851662476
epigenomics_6583_sol2sanger_463,83.78784142758232,39.78478950409494
epigenomics_6583_sol2sanger_464,80.39545579895771,33.36970108156014
epigenomics_6583_sol2sanger_465,80.75318921699493,49.79893037080336
epigenomics_6583_sol2sanger_466,85.40539184960683,44.35280473869719
epigenomics_6583_sol2sanger_467,82.03880400894339,34.573258219794546
epigenomics_6583_sol2sanger_468,76.70480763052282,52.784959321695474
epigenomics_6583_sol2sanger_469,73.35920130715347,33.648537602374496
epigenomics_6583_sol2sanger_470,82.09325310975032,44.736255769040895
epigenomics_6583_sol2sanger_471,86.66541611304888,38.6485635127165
epigenomics_6583_sol2sanger_472,76.5652134095585,43.52269729736989
epigenomics_6583_sol2sanger_473,77.81021577081083,53.858557391349876
epigenomics_6583_sol2sanger_474,78.44653856257361,56.43320800356646
epigenomics_6583_sol2sanger_475,79.15446799907889,44.23667185818441
epigenomics_6583_sol2sanger_476,80.39848569295998,51.55503993642358
epigenomics_6583_sol2sanger_477,76.37539375158951,46.44716993490609
epigenomics_6583_sol2sanger_478,84.85930184394003,51.17604666154202
epigenomics_6583_sol2sanger_479,73.14992568223849,38.570764772689955
epigenomics_6583_sol2sanger_480,81.5379876694186,44.17989849787071
epigenomics_6583_sol2sanger_481,82.02904462190016,39.51557323837255
epigenomics_6583_sol2sanger_482,74.8200791624692,39.157985108856046
epigenomics_6583_sol2sanger_483,80.47799237076279,38.39746107652651
epigenomics_6583_sol2sanger_484,80.41162581030154,53.780987657163855
epigenomics_6583_sol2sanger_485,78.49780697235012,42.470271204892114
epigenomics_6583_sol2sanger_486,76.61830620858616,48.43636542540715
epigenomics_6583_sol2sanger_487,80.80757503288035,48.777934168999536
epigenomics_6583_sol2sanger_488,85.78754120522684,37.271366454218914
epigenomics_6583_sol2sanger_489,83.83241241242216,52.92987414800904
epigenomics_6583_sol2sanger_490,90.93133877817141,40.24820775734983
epigenomics_6583_sol2sanger_491,77.74860888096094,36.738831087466885
epigenomics_6583_sol2sanger_492,80.25631036481253,51.871007573936005
epigenomics_6583_sol2sanger_493,79.41772191726406,44.47736354197831
epigenomics_6583_sol2sanger_494,80.9958142416235,37.644868526517406
epigenomics_6583_sol2sanger_495,88.28928586960666,36.27111178998928
epigenomics_6583_sol2sanger_496,84.4996457546104,52.910253382661686
epigenomics_6583_sol2sanger_497,78.40545819859969,47.198341082780125
epigenomics_6583_sol2sanger_498,74.59718251013099,49.361124774894066
epigenomics_6583_sol2sanger_499,77.55070621387972,51.04465901641928
epigenomics_6583_fast2bfq_0,43.042809229492164,83.8407198381602
epigenomics_6583_fast2bfq_1,35.95124024480152,74.78661295601088
epigenomics_6583_fast2bfq_2,39.41008092030995,84.23474375206257
epigenomics_6583_fast2bfq_3,54.027481345977996,87.18603757971351
epigenomics_6583_fast2bfq_4,34.14250356715545,82.44307792565903
epigenomics_6583_fast2bfq_5,57.66106958904749,94.59342918575925
epigenomics_6583_fast2bfq_6,37.51286161851787,76.42507092421356
epigenomics_6583_fast2bfq_7,40.005169075283035,80.14857007799174
epigenomics_6583_fast2bfq_8,42.12251326295922,72.6522953335678
epigenomics_6583_fast2bfq_9,46.335417533787925,82.58811744346889
epigenomics_6583_fast2bfq_10,39.28397741446481,88.81510432387361
epigenomics_6583_fast2bfq_11,47.96663347165378,86.85730428690405
epigenomics_6583_fast2bfq_12,47.47563896330951,82.34841969386255
epigenomics_6583_fast2bfq_13,41.18440432694706,83.05849158705888
epigenomics_6583_fast2bfq_14,37.24692098121629,82.52429480727545
epigenomics_6583_fast2bfq_15,38.02309022165791,84.77331790467147
epigenomics_6583_fast2bfq_16,40.235104665227404,63.71866360530937
epigenomics_6583_fast2bfq_17,33.246390549397915,81.36268350707343
epigenomics_6583_fast2bfq_18,42.19450593722331,83.97127468561615
epigenomics_6583_fast2bfq_19,39.023942377333,84.99785414949214
epigenomics_6583_fast2bfq_20,48.52105244813396,91.21621003336978
epigenomics_6583_fast2bfq_21,42.640715553499874,72.77466900421808
epigenomics_6583_fast2bfq_22,44.88838999068598,80.74806551464422
epigenomics_6583_fast2bfq_23,50.79236171864153,82.06450517309767
epigenomics_6583_fast2bfq_24,38.93236732153521,66.04656117046918
epigenomics_6583_fast2bfq_25,33.23424363136966,87.41331475638424
epigenomics_6583_fast2bfq_26,36.21991276434119,78.80606535925496
epigenomics_6583_fast2bfq_27,36.93003600820222,72.06427779656228
epigenomics_6583_fast2bfq_28,50.48115457474579,87.79693005305568
epigenomics_6583_fast2bfq_29,43.67175103315395,79.04108145433078
epigenomics_6583_fast2bfq_30,49.42978038989112,68.52257987291554
epigenomics_6583_fast2bfq_31,42.75666489843702,86.8408552612263
epigenomics_6583_fast2bfq_32,28.42986781553704,69.19206631490692
epigenomics_6583_fast2bfq_33,37.77663630521496,79.41513098511096
epigenomics_6583_fast2bfq_34,46.46453199950824,81.18518511566819
epigenomics_6583_fast2bfq_35,48.82114480216774,83.75637860009255
epigenomics_6583_fast2bfq_36,38.62143179372142,77.99981635022371
epigenomics_6583_fast2bfq_37,54.073215230598365,88.31822917774251
epigenomics_6583_fast2bfq_38,45.89477407052812,82.71736062166727
epigenomics_6583_fast2bfq_39,45.03991577846927,82.37601145634679
epigenomics_6583_fast2bfq_40,40.28230806633427,80.03148312429873
epigenomics_6583_fast2bfq_41,43.52237195289063,77.46987370165913
epigenomics_6583_fast2bfq_42,46.78399196658525,82.95693611270438
epigenomics_6583_fast2bfq_43,42.36196298339636,77.97828996270968
epigenomics_6583_fast2bfq_44,44.01322069434727,75.25735606838457
epigenomics_6583_fast2bfq_45,43.35994344304143,85.51006142491008
epigenomics_6583_fast2bfq_46,49.46653721902811,81.42788845281049
epigenomics_6583_fast2bfq_47,42.8525021310499,85.98769219829747
epigenomics_6583_fast2bfq_48,48.97257084148136,86.6464238526562
epigenomics_6583_fast2bfq_49,30.268462369833586,73.27941520481805
epigenomics_6583_fast2bfq_50,37.78706844467408,83.9849880308494
epigenomics_6583_fast2bfq_51,41.08810331146324,80.65508889893272
epigenomics_6583_fast2bfq_52,48.55051772177822,58.881487901832806
epigenomics_6583_fast2bfq_53,51.97751976828294,67.4491462639387
epigenomics_6583_fast2bfq_54,41.46791127529758,86.2521565736552
epigenomics_6583_fast2bfq_55,48.43502087484716,77.4691404437282
epigenomics_6583_fast2bfq_56,57.44585327888839,83.08055783000366
epigenomics_6583_fast2bfq_57,50.016765218963386,70.40942773773978
epigenomics_6583_fast2bfq_58,43.58288472312813,76.58191153742791
epigenomics_6583_fast2bfq_59,58.83909751738187,83.7714159712248
epigenomics_6583_fast2bfq_60,41.64466593976607,63.111147256783845
epigenomics_6583_fast2bfq_61,54.75574147117076,79.17419372283386
epigenomics_6583_fast2bfq_62,50.16610870864353,78.9345750744378
epigenomics_6583_fast2bfq_63,33.43813230674846,89.69280185109325
epigenomics_6583_fast2bfq_64,55.89512693534391,79.088692917969
epigenomics_6583_fast2bfq_65,42.139459294035646,77.40304816322472
epigenomics_6583_fast2bfq_66,41.877181791220735,84.04312461851164
epigenomics_6583_fast2bfq_67,45.55812074882936,88.70892067570074
epigenomics_6583_fast2bfq_68,39.799876681414965,93.27420469037138
epigenomics_6583_fast2bfq_69,40.045608924581025,88.87649740781926
epigenomics_6583_fast2bfq_70,45.96192955983122,67.87960433124545
epigenomics_6583_fast2bfq_71,48.114541357881315,71.44303240921953
epigenomics_6583_fast2bfq_72,43.958810820065864,81.21153110473668
epigenomics_6583_fast2bfq_73,46.83289858179875,94.8061455628309
epigenomics_6583_fast2bfq_74,42.95045159094451,84.04360874519288
epigenomics_6583_fast2bfq_75,58.16616728531899,85.02000395011706
epigenomics_6583_fast2bfq_76,34.58854659455963,82.26112735711774
epigenomics_6583_fast2bfq_77,56.73026580269162,69.57359246361568
epigenomics_6583_fast2bfq_78,58.38327446463535,74.24068047702008
epigenomics_6583_fast2bfq_79,38.22603859620484,76.96420003050665
epigenomics_6583_fast2bfq_80,47.71280149367629,83.94213927068472
epigenomics_6583_fast2bfq_81,50.23277830184184,76.44711320768312
epigenomics_6583_fast2bfq_82,47.13250708708432,69.5151273211137
epigenomics_6583_fast2bfq_83,46.42175935093998,77.8942385124771
epigenomics_6583_fast2bfq_84,41.561911131652245,78.5249608235166
epigenomics_6583_fast2bfq_85,38.89005522273426,77.35175543237327
epigenomics_6583_fast2bfq_86,38.158918736368264,73.43328081159956
epigenomics_6583_fast2bfq_87,46.46203254410292,85.44308528101722
epigenomics_6583_fast2bfq_88,34.914291197186586,74.70202743162186
epigenomics_6583_fast2bfq_89,43.447326887326,71.6958613535543
epigenomics_6583_fast2bfq_90,52.79202898589704,86.08724153804235
epigenomics_6583_fast2bfq_91,54.6854379420722,86.28530211215714
epigenomics_6583_fast2bfq_92,46.08622088317129,76.89842693770096
epigenomics_6583_fast2bfq_93,35.09538607348008,78.87511011101061
epigenomics_6583_fast2bfq_94,41.709549975204446,83.50124568436362
epigenomics_6583_fast2bfq_95,45.497749207977854,77.14675687899631
epigenomics_6583_fast2bfq_96,43.45382709475804,75.83081488982792
epigenomics_6583_fast2bfq_97,45.72776656634392,82.53307526059336
epigenomics_6583_fast2bfq_98,32.34586036463517,86.54479337865389
epigenomics_6583_fast2bfq_99,49.15322122948069,74.89134870743514
epigenomics_6583_fast2bfq_100,46.62211619907502,92.21062923789138
epigenomics_6583_fast2bfq_101,44.015018581330565,85.81544982835774
epigenomics_6583_fast2bfq_102,51.1610235303024,78.70795775887353
epigenomics_6583_fast2bfq_103,56.12581951933137,84.64869719511577
epigenomics_6583_fast2bfq_104,52.2314751389805,85.7576557259543
epigenomics_6583_fast2bfq_105,42.006537364196625,82.13314244336743
epigenomics_6583_fast2bfq_106,44.53061577528042,67.3465737335381
epigenomics_6583_fast2bfq_107,59.40686898557934,84.51440864389778
epigenomics_6583_fast2bfq_108,52.66776576577401,78.27334128283594
epigenomics_6583_fast2bfq_109,40.20964529200298,87.62108075585776
epigenomics_6583_fast2bfq_110,43.83833163804435,75.42485198362974
epigenomics_6583_fast2bfq_111,52.05465705204614,76.6372736499509
epigenomics_6583_fast2bfq_112,47.3801692326226,87.01579849938251
epigenomics_6583_fast2bfq_113,42.30123960710462,82.99333142275479
epigenomics_6583_fast2bfq_114,51.455035772687665,76.48019016098404
epigenomics_6583_fast2bfq_115,42.47429423892354,68.77902892140843
epigenomics_6583_fast2bfq_116,47.42640868894984,82.72716648394854
epigenomics_6583_fast2bfq_117,43.178657304248766,82.07323245712732
epigenomics_6583_fast2bfq_118,45.20999171706969,85.7099368207786
epigenomics_6583_fast2bfq_119,48.91094173495457,77.82400295218689
epigenomics_6583_fast2bfq_120,46.88835925503447,80.00946482894635
epigenomics_6583_fast2bfq_121,50.323997532037936,65.86669022680994
epigenomics_6583_fast2bfq_122,37.63028718726963,82.68952378374391
epigenomics_6583_fast2bfq_123,48.766702718627755,85.40274141081268
epigenomics_6583_fast2bfq_124,50.55798619011827,73.82502085767422
epigenomics_6583_fast2bfq_125,48.76637511502683,78.35716429812886
epigenomics_6583_fast2bfq_126,35.8098705754915,89.74800661012164
epigenomics_6583_fast2bfq_127,31.124216732800637,82.22953851121171
epigenomics_6583_fast2bfq_128,46.694187562454,90.83370937090639
epigenomics_6583_fast2bfq_129,56.75002844370944,85.46312296072676
epigenomics_6583_fast2bfq_130,46.66982985670336,73.72067262283375
epigenomics_6583_fast2bfq_131,34.548194834122675,79.01001420323949
epigenomics_6583_fast2bfq_132,31.95969877247767,66.87734217931414
epigenomics_6583_fast2bfq_133,43.61782931032754,85.74468702907542
epigenomics_6583_fast2bfq_134,49.40156693279968,82.55589684495298
epigenomics_6583_fast2bfq_135,41.926034721140546,81.32690281111029
epigenomics_6583_fast2bfq_136,43.582056668996124,72.87160910681841
epigenomics_6583_fast2bfq_137,49.476569009662136,79.42954376970468
epigenomics_6583_fast2bfq_138,50.90772873173841,85.67029444759514
epigenomics_6583_fast2bfq_139,43.397197395073555,79.1198879669273
epigenomics_6583_fast2bfq_140,51.780900137680604,81.34157015327862
epigenomics_6583_fast2bfq_141,32.75762702164406,75.07588064948044
epigenomics_6583_fast2bfq_142,39.27462686636327,84.87596248972426
epigenomics_6583_fast2bfq_143,43.73325481608154,83.90764163928749
epigenomics_6583_fast2bfq_144,44.42350847824704,91.11705272783888
epigenomics_6583_fast2bfq_145,30.71539730985549,88.22287114612136
epigenomics_6583_fast2bfq_146,46.19060199178192,89.99668161669
epigenomics_6583_fast2bfq_147,42.18404665130588,75.25236554929448
epigenomics_6583_fast2bfq_148,62.208384133927,73.68254549774501
epigenomics_6583_fast2bfq_149,45.413223535106894,77.71367008819435
epigenomics_6583_fast2bfq_150,50.775623333631735,96.36091506339942
epigenomics_6583_fast2bfq_151,29.994973373196366,77.48327882140427
epigenomics_6583_fast2bfq_152,62.51844433390162,77.03917528588504
epigenomics_6583_fast2bfq_153,44.385950028708066,77.54057130801685
epigenomics_6583_fast2bfq_154,45.59593497991258,77.6885634491447
epigenomics_6583_fast2bfq_155,43.66454962334804,86.0166844626269
epigenomics_6583_fast2bfq_156,38.11120537813005,85.18769291309341
epigenomics_6583_fast2bfq_157,32.599096354406974,86.5893557680914
epigenomics_6583_fast2bfq_158,50.8705629264612,76.73349570414503
epigenomics_6583_fast2bfq_159,49.683207247448884,87.43089878949793
epigenomics_6583_fast2bfq_160,47.38892130966553,81.59583434955978
epigenomics_6583_fast2bfq_161,37.04837696604567,67.37204883247655
epigenomics_6583_fast2bfq_162,49.13059015359426,85.56733901948948
epigenomics_6583_fast2bfq_163,44.2594384932525,73.86270443912747
epigenomics_6583_fast2bfq_164,51.62574027819876,79.99025065668681
epigenomics_6583_fast2bfq_165,45.74324967835685,87.92776629499724
epigenomics_6583_fast2bfq_166,52.49470791780408,78.5788754338072
epigenomics_6583_fast2bfq_167,45.8576341101123,78.0236681353166
epigenomics_6583_fast2bfq_168,48.76222387494891,78.31026062836393
epigenomics_6583_fast2bfq_169,53.85394340105001,80.18043707997062
epigenomics_6583_fast2bfq_170,36.30611091809911,76.29392306519595
epigenomics_6583_fast2bfq_171,47.58236202733718,79.8151782804984
epigenomics_6583_fast2bfq_172,47.348895944566564,84.54573627037654
epigenomics_6583_fast2bfq_173,48.44138416073656,75.36664826797487
epigenomics_6583_fast2bfq_174,43.18278353539907,81.02552924842772
epigenomics_6583_fast2bfq_175,46.22700071440002,75.79008884198319
epigenomics_6583_fast2bfq_176,38.54054232257697,89.57653758882513
epigenomics_6583_fast2bfq_177,49.328376303576526,82.90086905994343
epigenomics_6583_fast2bfq_178,36.111207066653826,84.67958761041767
epigenomics_6583_fast2bfq_179,56.543144465791016,71.994298324248
epigenomics_6583_fast2bfq_180,54.89586262913433,77.02044080280133
epigenomics_6583_fast2bfq_181,43.07130119333188,90.53332568836487
epigenomics_6583_fast2bfq_182,45.2330113717792,85.01089228433932
epigenomics_6583_fast2bfq_183,45.87525636124214,92.22500267626562
epigenomics_6583_fast2bfq_184,31.853558106272327,87.77517456958762
epigenomics_6583_fast2bfq_185,57.56092333836781,71.49149060571023
epigenomics_6583_fast2bfq_186,44.47655817975049,77.97173124414037
epigenomics_6583_fast2bfq_187,53.48997629811796,84.31756093272058
epigenomics_6583_fast2bfq_188,40.418243464782286,88.2229231897738
epigenomics_6583_fast2bfq_189,47.48420237056009,79.43519487789779
epigenomics_6583_fast2bfq_190,46.90856459492323,86.90953016733778
epigenomics_6583_fast2bfq_191,37.23286842796433,78.78255874426056
epigenomics_6583_fast2bfq_192,47.84916401991585,83.51011733339192
epigenomics_6583_fast2bfq_193,44.66504732544351,83.02323356851011
epigenomics_6583_fast2bfq_194,50.68115272950047,81.93263767689321
epigenomics_6583_fast2bfq_195,40.021193072014256,89.22977748366016
epigenomics_6583_fast2bfq_196,51.79553874646166,81.67879436013865
epigenomics_6583_fast2bfq_197,50.614591812528886,80.9384894260426
epigenomics_6583_fast2bfq_198,45.15824644608016,90.99212948829073
epigenomics_6583_fast2bfq_199,44.71017452185348,75.97908713219117
epigenomics_6583_fast2bfq_200,42.09681306542659,90.64811571384647
epigenomics_6583_fast2bfq_201,55.86158530911841,82.55619739471429
epigenomics_6583_fast2bfq_202,42.27889971928175,77.80251533114594
epigenomics_6583_fast2bfq_203,44.2125266576356,89.76668665711655
epigenomics_6583_fast2bfq_204,47.292039672035784,80.93666974503302
epigenomics_6583_fast2bfq_205,30.32332516927486,71.88675239272597
epigenomics_6583_fast2bfq_206,43.94367942714098,73.03886643364696
epigenomics_6583_fast2bfq_207,44.67097321532893,76.44303154229944
epigenomics_6583_fast2bfq_208,52.87088110921593,76.33831080528175
epigenomics_6583_fast2bfq_209,43.16330041483119,79.67187211844262
epigenomics_6583_fast2bfq_210,37.91028563805811,86.26949465938608
epigenomics_6583_fast2bfq_211,37.54116021664011,82.917040666263
epigenomics_6583_fast2bfq_212,48.83359226722388,81.71868283734534
epigenomics_6583_fast2bfq_213,56.06674202258431,72.83388430682427
epigenomics_6583_fast2bfq_214,57.58469553549655,81.32778842254254
epigenomics_6583_fast2bfq_215,37.21742743398912,76.32821627321165
epigenomics_6583_fast2bfq_216,52.76868614837864,75.66258222009904
epigenomics_6583_fast2bfq_217,51.804258709909675,78.8617355416732
epigenomics_6583_fast2bfq_218,39.511450668692056,82.23427521440718
epigenomics_6583_fast2bfq_219,34.21213632014977,81.38125925949248
epigenomics_6583_fast2bfq_220,48.68461082987942,83.92275346899694
epigenomics_6583_fast2bfq_221,42.57703121225149,85.08813565766019
epigenomics_6583_fast2bfq_222,46.329012105673,75.07808148756241
epigenomics_6583_fast2bfq_223,44.87154448993345,78.68315322862621
epigenomics_6583_fast2bfq_224,36.2000355994962,73.31817492376186
epigenomics_6583_fast2bfq_225,28.980728196234857,84.96073737775478
epigenomics_6583_fast2bfq_226,38.00938326893967,71.9755347656219
epigenomics_6583_fast2bfq_227,52.01162062294419,73.551469902527
epigenomics_6583_fast2bfq_228,45.17479208684438,71.3625186742273
epigenomics_6583_fast2bfq_229,56.27360597887561,72.13141177358764
epigenomics_6583_fast2bfq_230,48.47704259799133,84.67177570997916
epigenomics_6583_fast2bfq_231,46.175852789189165,66.80798683554147
epigenomics_6583_fast2bfq_232,46.340696974301316,78.48443898180616
epigenomics_6583_fast2bfq_233,44.300968305188064,73.21048187479653
epigenomics_6583_fast2bfq_234,50.30920258553692,82.02244527195768
epigenomics_6583_fast2bfq_235,36.36702201024998,69.6610963066507
epigenomics_6583_fast2bfq_236,45.13105879808887,91.09114510038063
epigenomics_6583_fast2bfq_237,38.89902741578835,76.18795266190901
epigenomics_6583_fast2bfq_238,42.05418079227651,72.17951417456268
epigenomics_6583_fast2bfq_239,42.09742211663563,68.58866211567533
epigenomics_6583_fast2bfq_240,41.03876255765892,72.96591532721627
epigenomics_6583_fast2bfq_241,48.975464016259124,96.50137731800922
epigenomics_6583_fast2bfq_242,50.50589108629802,82.02861078065243
epigenomics_6583_fast2bfq_243,35.70686926205461,92.84339473539308
epigenomics_6583_fast2bfq_244,38.44449237405529,94.90526369421119
epigenomics_6583_fast2bfq_245,44.9744457850059,81.80021477138402
epigenomics_6583_fast2bfq_246,36.39775620292538,73.21402276431562
epigenomics_6583_fast2bfq_247,38.709079565577795,80.69478857945307
epigenomics_6583_fast2bfq_248,46.054679049609085,81.7461240189067
epigenomics_6583_fast2bfq_249,43.53523612541254,73.26130867835717
epigenomics_6583_fast2bfq_250,54.54216692082436,88.38687319921445
epigenomics_6583_fast2bfq_251,42.66693187923158,76.28056749248661
epigenomics_6583_fast2bfq_252,42.34515515921472,86.12537206602144
epigenomics_6583_fast2bfq_253,40.25724234126757,77.74766855770132
epigenomics_6583_fast2bfq_254,49.70402909971548,83.12028523775378
epigenomics_6583_fast2bfq_255,55.25853388990072,69.84559474357498
epigenomics_6583_fast2bfq_256,53.01641974664618,78.6387272011932
epigenomics_6583_fast2bfq_257,40.38094602683932,87.25272456937218
epigenomics_6583_fast2bfq_258,39.9708948641844,85.54113221126309
epigenomics_6583_fast2bfq_259,45.971825182586805,79.51668726613408
epigenomics_6583_fast2bfq_260,43.366447149326476,88.5144737829743
epigenomics_6583_fast2bfq_261,44.44987524714368,82.34940127669807
epigenomics_6583_fast2bfq_262,42.02190977387812,71.00730254836506
epigenomics_6583_fast2bfq_263,47.67898910935973,80.2120789662549
epigenomics_6583_fast2bfq_264,45.03591842681647,82.87957508857676
epigenomics_6583_fast2bfq_265,44.30932133045064,70.92593836610017
epigenomics_6583_fast2bfq_266,40.0299803082557,84.6700844439056
epigenomics_6583_fast2bfq_267,40.35349628375704,62.84229477275493
epigenomics_6583_fast2bfq_268,47.32754620782285,87.98324252788173
epigenomics_6583_fast2bfq_269,48.52251378731705,73.45424842584262
epigenomics_6583_fast2bfq_270,58.28703147811454,88.04701932686675
epigenomics_6583_fast2bfq_271,39.278148120094684,73.42690519827782
epigenomics_6583_fast2bfq_272,44.489634424814945,82.00090583161068
epigenomics_6583_fast2bfq_273,51.792260330147876,79.61898006843168
epigenomics_6583_fast2bfq_274,53.80663249962868,76.36070861165538
epigenomics_6583_fast2bfq_275,43.472964439372895,84.41252357771627
epigenomics_6583_fast2bfq_276,43.68143031271887,77.98666827504158
epigenomics_6583_fast2bfq_277,48.507625356907475,72.76743304065309
epigenomics_6583_fast2bfq_278,41.98013247853632,80.97918140269435
epigenomics_6583_fast2bfq_279,39.576571378565866,73.99993999242312
epigenomics_6583_fast2bfq_280,48.98831935418721,81.64787999510378
epigenomics_6583_fast2bfq_281,38.876954723093235,71.25516469261451
epigenomics_6583_fast2bfq_282,40.92942181637032,78.4611101340682
epigenomics_6583_fast2bfq_283,37.83734365828052,84.37915551433856
epigenomics_6583_fast2bfq_284,55.349477580996925,88.30350443183069
epigenomics_6583_fast2bfq_285,57.820892153643626,75.68879714141805
epigenomics_6583_fast2bfq_286,60.60311911376922,80.99545474049293
epigenomics_6583_fast2bfq_287,37.27804601377695,85.60783035982828
epigenomics_6583_fast2bfq_288,46.90146984941494,82.6087626277768
epigenomics_6583_fast2bfq_289,36.16094498845939,73.0253880764773
epigenomics_6583_fast2bfq_290,40.18592635001287,70.09650633020465
epigenomics_6583_fast2bfq_291,44.08503773095344,82.66130987672976
epigenomics_6583_fast2bfq_292,56.37094968327824,90.8844044064924
epigenomics_6583_fast2bfq_293,28.8154664102269,78.1613667210789
epigenomics_6583_fast2bfq_294,50.427231657402125,87.08378825313717
epigenomics_6583_fast2bfq_295,42.52291452455272,84.59006798446701
epigenomics_6583_fast2bfq_296,29.62766066257858,74.39834658100122
epigenomics_6583_fast2bfq_297,46.26389361396549,82.34950722663102
epigenomics_6583_fast2bfq_298,36.98173980290535,73.03059597891217
epigenomics_6583_fast2bfq_299,43.82141989045683,89.32053731234937
epigenomics_6583_fast2bfq_300,42.90714530336133,79.23657160363672
epigenomics_6583_fast2bfq_301,48.5327944258528,74.1778513426669
epigenomics_6583_fast2bfq_302,59.4464686548895,93.48114035071227
epigenomics_6583_fast2bfq_303,43.49368799199984,78.0238247629066
epigenomics_6583_fast2bfq_304,28.27276229903392,81.78265505474101
epigenomics_6583_fast2bfq_305,62.42920479577715,77.33361557761036
epigenomics_6583_fast2bfq_306,43.66947311428639,75.37691075150154
epigenomics_6583_fast2bfq_307,51.505265126175445,71.21356634599945
epigenomics_6583_fast2bfq_308,47.06693919906225,83.4214495537556
epigenomics_6583_fast2bfq_309,46.68308838423042,87.98561965197918
epigenomics_6583_fast2bfq_310,55.5549810006286,77.01547713731466
epigenomics_6583_fast2bfq_311,43.940030817037815,75.02183660717361
epigenomics_6583_fast2bfq_312,44.93609007622173,80.34884768769993
epigenomics_6583_fast2bfq_313,42.27892477676395,84.97811926097701
epigenomics_6583_fast2bfq_314,44.482987803047905,82.59089778060715
epigenomics_6583_fast2bfq_315,37.197793549543015,80.97588509476816
epigenomics_6583_fast2bfq_316,42.74911621864277,95.50764944027416
epigenomics_6583_fast2bfq_317,41.432979143106174,74.49154117668864
epigenomics_6583_fast2bfq_318,33.681120753488884,70.06379819238596
epigenomics_6583_fast2bfq_319,43.729301920325824,57.48628983743191
epigenomics_6583_fast2bfq_320,45.923575203179126,79.34110281490491
epigenomics_6583_fast2bfq_321,47.22835797447639,73.0336219338658
epigenomics_6583_fast2bfq_322,38.33000401004529,69.88065971678668
epigenomics_6583_fast2bfq_323,39.437189057534255,86.42285521684154
epigenomics_6583_fast2bfq_324,28.220750301192513,81.59227900130031
epigenomics_6583_fast2bfq_325,45.86475837893662,69.44261593666315
epigenomics_6583_fast2bfq_326,51.12718253011956,78.08411682699877
epigenomics_6583_fast2bfq_327,43.17634805331144,88.55081903627007
epigenomics_6583_fast2bfq_328,43.49728715952555,73.9769153041981
epigenomics_6583_fast2bfq_329,39.69590459337883,72.26825169144921
epigenomics_6583_fast2bfq_330,42.99540244309038,70.4886069727273
epigenomics_6583_fast2bfq_331,38.6403390760949,79.24010038313864
epigenomics_6583_fast2bfq_332,49.72935899468918,93.3416787145247
epigenomics_6583_fast2bfq_333,46.95956192806273,81.31823621239391
epigenomics_6583_fast2bfq_334,54.650039086693326,83.97954682014668
epigenomics_6583_fast2bfq_335,45.18370905745104,89.40406816254821
epigenomics_6583_fast2bfq_336,44.753513216129925,80.67297398490469
epigenomics_6583_fast2bfq_337,44.33486506450862,71.9856851344582
epigenomics_6583_fast2bfq_338,36.97172396806567,83.74229469374316
epigenomics_6583_fast2bfq_339,43.358243074176194,84.94018325339988
epigenomics_6583_fast2bfq_340,30.900188611782223,76.20687959796301
epigenomics_6583_fast2bfq_341,48.90821957390055,70.62518834388429
epigenomics_6583_fast2bfq_342,51.21966825585665,82.98284599859095
epigenomics_6583_fast2bfq_343,29.616913074007577,72.25583100399048
epigenomics_6583_fast2bfq_344,39.29349455759742,88.71618306635847
epigenomics_6583_fast2bfq_345,58.502142408835745,67.27487500911106
epigenomics_6583_fast2bfq_346,42.46739165034072,79.68835466233548
epigenomics_6583_fast2bfq_347,51.37595355412243,76.6808659774735
epigenomics_6583_fast2bfq_348,37.760968573628745,73.4583099240362
epigenomics_6583_fast2bfq_349,48.308214253222864,74.60501521450514
epigenomics_6583_fast2bfq_350,42.20916421521075,75.1863089466111
epigenomics_6583_fast2bfq_351,56.88504575671432,73.97012901998426
epigenomics_6583_fast2bfq_352,41.68646318344878,73.20129165980181
epigenomics_6583_fast2bfq_353,44.98525265727696,87.52632890484686
epigenomics_6583_fast2bfq_354,44.53120394806103,82.92901916025508
epigenomics_6583_fast2bfq_355,37.69606516523082,81.5923026583269
epigenomics_6583_fast2bfq_356,45.86181980161813,71.5215847255722
epigenomics_6583_fast2bfq_357,55.19052144902155,80.01489169958596
epigenomics_6583_fast2bfq_358,51.80864002656039,73.20411200526202
epigenomics_6583_fast2bfq_359,50.11511562815306,79.60571393038478
epigenomics_6583_fast2bfq_360,30.984436193851536,81.93197888628715
epigenomics_6583_fast2bfq_361,56.27283759098257,78.1691005084868
epigenomics_6583_fast2bfq_362,55.23627512706295,89.77912671755372
epigenomics_6583_fast2bfq_363,45.41710523427385,81.0973452805898
epigenomics_6583_fast2bfq_364,39.57428867572363,80.381738394968
epigenomics_6583_fast2bfq_365,47.48494118242525,93.38663312816131
epigenomics_6583_fast2bfq_366,55.7366423135147,72.84502017794601
epigenomics_6583_fast2bfq_367,53.680337946138266,72.84774418615751
epigenomics_6583_fast2bfq_368,66.52138479931722,71.88048690074197
epigenomics_6583_fast2bfq_369,30.025005659261037,78.30575214848916
epigenomics_6583_fast2bfq_370,43.51935079280756,80.56117042078449
epigenomics_6583_fast2bfq_371,46.497136614645775,87.47680799427559
epigenomics_6583_fast2bfq_372,46.680547457934935,86.35508008581782
epigenomics_6583_fast2bfq_373,50.89109970076927,84.18673875113392
epigenomics_6583_fast2bfq_374,41.87775611225064,78.02467916687971
epigenomics_6583_fast2bfq_375,34.43574473332976,84.26154862352305
epigenomics_6583_fast2bfq_376,54.47315834541321,92.26577564817137
epigenomics_6583_fast2bfq_377,38.54020542192817,77.18792683514945
epigenomics_6583_fast2bfq_378,52.15963281119999,75.97217054623243
epigenomics_6583_fast2bfq_379,53.24581739912098,85.00060771365406
epigenomics_6583_fast2bfq_380,52.31199001937283,68.6029800379712
epigenomics_6583_fast2bfq_381,39.59879254173158,78.98462494181335
epigenomics_6583_fast2bfq_382,40.67520907954242,77.72920877495746
epigenomics_6583_fast2bfq_383,41.271327331522045,82.12636789958334
epigenomics_6583_fast2bfq_384,41.5127078719794,80.37612269138057
epigenomics_6583_fast2bfq_385,45.42487345087338,83.61395497513968
epigenomics_6583_fast2bfq_386,35.10649121206946,84.08674015518535
epigenomics_6583_fast2bfq_387,42.11878670932559,90.36884563514506
epigenomics_6583_fast2bfq_388,40.1888278653193,67.80235309979668
epigenomics_6583_fast2bfq_389,53.16720966197129,85.6979606910681
epigenomics_6583_fast2bfq_390,50.072206986805654,72.50921797256538
epigenomics_6583_fast2bfq_391,49.029772708288036,88.9014938107224
epigenomics_6583_fast2bfq_392,37.77590461859809,82.35773756935619
epigenomics_6583_fast2bfq_393,39.41241257321482,88.9164266232765
epigenomics_6583_fast2bfq_394,50.15612080687762,84.45559951426638
epigenomics_6583_fast2bfq_395,57.43952271421071,76.97527608954364
epigenomics_6583_fast2bfq_396,50.481952111877796,79.77631889399554
epigenomics_6583_fast2bfq_397,51.204703127781144,84.72007903814469
epigenomics_6583_fast2bfq_398,58.985378936005716,84.2042843341605
epigenomics_6583_fast2bfq_399,46.299275162865165,79.00854700690961
epigenomics_6583_fast2bfq_400,50.19469123080706,76.65147786420165
epigenomics_6583_fast2bfq_401,40.34732236213905,81.93319734008575
epigenomics_6583_fast2bfq_402,43.79541669815727,78.2348949499936
epigenomics_6583_fast2bfq_403,38.89710885462982,74.39019334543302
epigenomics_6583_fast2bfq_404,44.04608736971304,74.98007880859825
epigenomics_6583_fast2bfq_405,50.1866259148532,78.81071211640736
epigenomics_6583_fast2bfq_406,43.094292842056305,83.00610047383549
epigenomics_6583_fast2bfq_407,48.87146393788705,71.64320406142771
epigenomics_6583_fast2bfq_408,59.04035030297214,86.91074507016074
epigenomics_6583_fast2bfq_409,40.46553466754456,82.91973563570065
epigenomics_6583_fast2bfq_410,49.45540869273816,86.85105048275494
epigenomics_6583_fast2bfq_411,48.115103731135655,73.9234685307753
epigenomics_6583_fast2bfq_412,50.58522056470759,85.00444568540686
epigenomics_6583_fast2bfq_413,43.136460412967956,72.8816266760646
epigenomics_6583_fast2bfq_414,43.666573307397286,80.03383986411174
epigenomics_6583_fast2bfq_415,53.97767507140361,75.64139310886229
epigenomics_6583_fast2bfq_416,54.739187869500476,90.41185552684645
epigenomics_6583_fast2bfq_417,50.77750551497455,81.15436124163679
epigenomics_6583_fast2bfq_418,46.13619242550788,79.95120415757277
epigenomics_6583_fast2bfq_419,40.42724670593311,69.34817234041887
epigenomics_6583_fast2bfq_420,39.03038247480322,89.92751943653757
epigenomics_6583_fast2bfq_421,57.22594218131856,83.75547612384649
epigenomics_6583_fast2bfq_422,49.689602269888034,87.3721868198545
epigenomics_6583_fast2bfq_423,46.59643772705377,78.03616838297464
epigenomics_6583_fast2bfq_424,38.41692620897142,81.45509433870681
epigenomics_6583_fast2bfq_425,45.283162940840356,75.54178099387082
epigenomics_6583_fast2bfq_426,54.41010519363111,73.45695237083353
epigenomics_6583_fast2bfq_427,39.35243305250517,84.1718304309716
epigenomics_6583_fast2bfq_428,45.63227463724055,80.56119222312017
epigenomics_6583_fast2bfq_429,34.55523173051445,88.58807763177263
epigenomics_6583_fast2bfq_430,38.56784522025259,75.62050436652325
epigenomics_6583_fast2bfq_431,56.44763234458432,82.97125258685236
epigenomics_6583_fast2bfq_432,44.273223820696934,86.43594179483493
epigenomics_6583_fast2bfq_433,57.268449761157356,77.37285905732469
epigenomics_6583_fast2bfq_434,41.86040836296413,77.80997732034524
epigenomics_6583_fast2bfq_435,44.41222758320823,85.78161091747204
epigenomics_6583_fast2bfq_436,36.38465020375952,80.52970137632632
epigenomics_6583_fast2bfq_437,45.19363944954594,72.74192193293207
epigenomics_6583_fast2bfq_438,38.04036432483049,86.78576323227927
epigenomics_6583_fast2bfq_439,51.16833476391598,81.23956841480656
epigenomics_6583_fast2bfq_440,32.33175929443232,65.16270731760324
epigenomics_6583_fast2bfq_441,47.293784871992855,85.40405205458579
epigenomics_6583_fast2bfq_442,42.89801607209213,60.77508517320038
epigenomics_6583_fast2bfq_443,53.91264430825284,78.89945273507841
epigenomics_6583_fast2bfq_444,45.67267896877262,79.70782582802303
epigenomics_6583_fast2bfq_445,40.77340057326854,82.17918326555458
epigenomics_6583_fast2bfq_446,50.13599463438119,85.04449101827056
epigenomics_6583_fast2bfq_447,39.728515081808425,90.33287046850403
epigenomics_6583_fast2bfq_448,43.83621552713728,73.91673279032103
epigenomics_6583_fast2bfq_449,57.78645134413259,73.44628147207993
epigenomics_6583_fast2bfq_450,36.528427246597644,88.30779253655876
epigenomics_6583_fast2bfq_451,28.079435049713158,76.77730081827613
epigenomics_6583_fast2bfq_452,46.55129619306336,81.1685013455269
epigenomics_6583_fast2bfq_453,39.863894403657994,80.61826264976828
epigenomics_6583_fast2bfq_454,51.675845322081834,80.54663373420831
epigenomics_6583_fast2bfq_455,57.97718259734776,74.71096634857139
epigenomics_6583_fast2bfq_456,44.71642259339089,62.115085832868644
epigenomics_6583_fast2bfq_457,61.599705187002264,74.87164249301357
epigenomics_6583_fast2bfq_458,53.686499841659455,85.76308825667589
epigenomics_6583_fast2bfq_459,42.92502371248345,76.07250503992412
epigenomics_6583_fast2bfq_460,46.79361057730875,82.8858968778445
epigenomics_6583_fast2bfq_461,39.52005705345084,76.56128919503047
epigenomics_6583_fast2bfq_462,46.768637291564865,84.46638856451096
epigenomics_6583_fast2bfq_463,43.67774869556345,83.68917921672102
epigenomics_6583_fast2bfq_464,47.53999908561834,78.21320923602416
epigenomics_6583_fast2bfq_465,50.21936560438327,79.4141152974276
epigenomics_6583_fast2bfq_466,39.3724153403855,78.8178050201092
epigenomics_6583_fast2bfq_467,58.99057342397556,80.24196904428294
epigenomics_6583_fast2bfq_468,41.058496814763956,83.67020531904281
epigenomics_6583_fast2bfq_469,46.98185965221926,76.42188778818851
epigenomics_6583_fast2bfq_470,39.71854280920154,92.05322033727514
epigenomics_6583_fast2bfq_471,38.971936305958145,88.0747942122202
epigenomics_6583_fast2bfq_472,48.64663973275378,85.30570019472896
epigenomics_6583_fast2bfq_473,39.94181532710746,81.42839621848027
epigenomics_6583_fast2bfq_474,35.162230273820484,74.06886744653441
epigenomics_6583_fast2bfq_475,40.56570611970392,83.28183462222495
epigenomics_6583_fast2bfq_476,42.25119731011118,77.71572466988523
epigenomics_6583_fast2bfq_477,55.27312217568964,87.11445438114936
epigenomics_6583_fast2bfq_478,31.692203717776568,73.20302061320812
epigenomics_6583_fast2bfq_479,46.89262621422838,90.42558164687604
epigenomics_6583_fast2bfq_480,36.95648706228462,68.71629794298441
epigenomics_6583_fast2bfq_481,38.57107824196068,76.15604693250776
epigenomics_6583_fast2bfq_482,46.62653808566639,76.59008154927734
epigenomics_6583_fast2bfq_483,39.139258972300055,71.02540022236514
epigenomics_6583_fast2bfq_484,48.3067636824499,96.35617752134715
epigenomics_6583_fast2bfq_485,56.28987222548335,82.13116525939957
epigenomics_6583_fast2bfq_486,45.6544384435114,77.5572713039948
epigenomics_6583_fast2bfq_487,52.38694496917373,83.1468847934836
epigenomics_6583_fast2bfq_488,43.93925281706415,84.573337781281
epigenomics_6583_fast2bfq_489,48.94662659303259,86.6136191464409
epigenomics_6583_fast2bfq_490,48.610881155287686,86.60698040702528
epigenomics_6583_fast2bfq_491,40.56584271414189,71.49230944698414
epigenomics_6583_fast2bfq_492,40.24311077097733,78.9335822288671
epigenomics_6583_fast2bfq_493,46.58035344513179,89.57614844974809
epigenomics_6583_fast2bfq_494,54.644446103530775,81.27202115546928
epigenomics_6583_fast2bfq_495,45.558036319218544,82.9530310345887
epigenomics_6583_fast2bfq_496,49.08946221249087,81.36455383286328
epigenomics_6583_fast2bfq_497,49.35321242879816,85.26182649494626
epigenomics_6583_fast2bfq_498,36.1478250142385,77.55946020916443
epigenomics_6583_fast2bfq_499,35.80002537675573,76.5811658262081
epigenomics_6583_map_0,10378.43263394638,193.46346931910517
epigenomics_6583_map_1,9859.888221604288,189.44153590738523
epigenomics_6583_map_2,9743.17025885455,187.27401116530115
epigenomics_6583_map_3,10026.803612921622,183.61401211673171
epigenomics_6583_map_4,9842.552658752913,194.74035998876144
epigenomics_6583_map_5,9961.90138636971,189.80423040722093
epigenomics_6583_map_6,8963.600586300194,178.3611421578457
epigenomics_6583_map_7,10714.962356243777,188.30606756028197
epigenomics_6583_map_8,10488.992588395044,176.25060598233628
epigenomics_6583_map_9,10548.70861862137,185.38350713875533
epigenomics_6583_map_10,9301.127996217827,197.7199418451222
epigenomics_6583_map_11,9516.16110100085,193.44090031809037
epigenomics_6583_map_12,10112.282590085131,191.74603518347965
epigenomics_6583_map_13,9356.839605043273,188.51719862388717
epigenomics_6583_map_14,9914.129139074239,180.23450287784877
epigenomics_6583_map_15,9780.984939128044,194.0137860424517
epigenomics_6583_map_16,9524.640170306577,189.5358109648278
epigenomics_6583_map_17,10130.236015387523,178.85403715229086
epigenomics_6583_map_18,9684.631455115521,186.6044108317832
epigenomics_6583_map_19,10077.570975201479,187.0211716739722
epigenomics_6583_map_20,10162.758934589456,183.4922583792818
epigenomics_6583_map_21,10347.016127734028,186.05256347734863
epigenomics_6583_map_22,9366.769923353888,181.51240576568875
epigenomics_6583_map_23,9943.642924297972,189.50382815192208
epigenomics_6583_map_24,10282.054273483986,193.46078981963632
epigenomics_6583_map_25,10067.608479287157,181.50376643214094
epigenomics_6583_map_26,9511.02055935618,187.59346624556864
epigenomics_6583_map_27,10422.127775231327,177.70966830610888
epigenomics_6583_map_28,10088.019468117925,176.02371817630353
epigenomics_6583_map_29,10664.50684323286,182.05900989396895
epigenomics_6583_map_30,10667.116883257935,191.11363718257408
epigenomics_6583_map_31,9996.277531142827,186.0023235703114
epigenomics_6583_map_32,10788.469279455552,181.3828219831999
epigenomics_6583_map_33,10218.335559077057,181.7501763722802
epigenomics_6583_map_34,9295.740751690628,174.50567338595854
epigenomics_6583_map_35,9669.018945192433,176.25014377113916
epigenomics_6583_map_36,10086.149274122447,192.12011561222852
epigenomics_6583_map_37,8995.588267142659,187.6932736896647
epigenomics_6583_map_38,10121.159439841827,186.0724936625781
epigenomics_6583_map_39,10390.735659460981,184.4211103818391
epigenomics_6583_map_40,10328.868745307876,190.4810348433189
epigenomics_6583_map_41,10175.46632710296,177.1875796859921
epigenomics_6583_map_42,10694.52732967799,178.37929400547827
epigenomics_6583_map_43,11385.171216966495,180.6061267109311
epigenomics_6583_map_44,11220.981566959887,186.95904046355022
epigenomics_6583_map_45,9773.34983815243,178.94233021395985
epigenomics_6583_map_46,10958.813467205195,184.41092137519004
epigenomics_6583_map_47,10780.854798630264,190.5250352151182
epigenomics_6583_map_48,10109.229831191578,188.565605221209
epigenomics_6583_map_49,9151.994140902705,176.9469934587019
epigenomics_6583_map_50,10321.750045993998,193.19243779470906
epigenomics_6583_map_51,10959.172780361803,181.6449819729896
epigenomics_6583_map_52,10352.015711683174,183.36461003195456
epigenomics_6583_map_53,10013.111591665032,194.22987783013372
epigenomics_6583_map_54,9782.093697389746,189.30407362974705
epigenomics_6583_map_55,10905.168503521218,186.95534706920972
epigenomics_6583_map_56,10178.763175671313,181.1629739617268
epigenomics_6583_map_57,9867.718303294212,186.37183395010837
epigenomics_6583_map_58,10932.276824063403,179.47254558345566
epigenomics_6583_map_59,10365.976013818123,185.703232236247
epigenomics_6583_map_60,9382.282788816008,189.72064317730943
epigenomics_6583_map_61,8829.217302498002,176.9051798350621
epigenomics_6583_map_62,10891.340088798059,185.57913152566977
epigenomics_6583_map_63,10297.336666612926,185.8478184795551
epigenomics_6583_map_64,9836.443995563031,182.87592889005376
epigenomics_6583_map_65,9782.425982508421,182.84543075093566
epigenomics_6583_map_66,10312.250642048197,193.8283557156207
epigenomics_6583_map_67,10571.355125210088,181.66699816533716
epigenomics_6583_map_68,10076.865352708834,199.34672461377917
epigenomics_6583_map_69,10229.263098798105,183.61565905603464
epigenomics_6583_map_70,10801.034283941612,184.6288330250485
epigenomics_6583_map_71,9057.269690899553,188.1920493632892
epigenomics_6583_map_72,10037.331034053455,181.57434523536725
epigenomics_6583_map_73,9600.549803361577,180.235484238565
epigenomics_6583_map_74,9416.109843488674,185.2889937447319
epigenomics_6583_map_75,9778.365359306737,188.14912047102888
epigenomics_6583_map_76,10241.138075431603,174.5626221475657
epigenomics_6583_map_77,9992.101867907195,186.21025668294726
epigenomics_6583_map_78,10441.872697219575,187.55604149486953
epigenomics_6583_map_79,9926.195844370983,187.6197035420289
epigenomics_6583_map_80,9926.046952111647,179.7230562842949
epigenomics_6583_map_81,9394.639153737902,179.70808148396043
epigenomics_6583_map_82,9625.822781373068,180.79859428165696
epigenomics_6583_map_83,9760.35627110603,184.64237362138445
epigenomics_6583_map_84,9607.091627511272,182.51372352397368
epigenomics_6583_map_85,10164.820595019659,187.44876878926536
epigenomics_6583_map_86,9178.694796241552,182.81669218880805
epigenomics_6583_map_87,9804.481572482884,186.75451514229982
epigenomics_6583_map_88,9628.736801274275,187.731950802756
epigenomics_6583_map_89,10427.679403044442,179.89908564428103
epigenomics_6583_map_90,9643.772180097703,179.034508666625
epigenomics_6583_map_91,10683.405186053413,179.60973373674756
epigenomics_6583_map_92,9837.958061611664,186.74931465674717
epigenomics_6583_map_93,10503.939253252365,176.27099467427394
epigenomics_6583_map_94,10985.768244290186,186.1230455402595
epigenomics_6583_map_95,9814.539225188362,187.35965184089898
epigenomics_6583_map_96,11362.814909693363,184.84228202683693
epigenomics_6583_map_97,9722.483882651199,183.07770877098707
epigenomics_6583_map_98,8981.658215689624,184.8313051677151
epigenomics_6583_map_99,9916.83171397497,187.13480819990176
epigenomics_6583_map_100,10052.514153982911,184.04342057906624
epigenomics_6583_map_101,10614.538037839888,177.64337879878457
epigenomics_6583_map_102,10294.248971438903,185.08726621957993
epigenomics_6583_map_103,10219.927130156475,190.62235860525072
epigenomics_6583_map_104,9985.263192251057,195.19951047358217
epigenomics_6583_map_105,9792.859961838405,178.12951854677542
epigenomics_6583_map_106,9744.506697512863,179.02202451058972
epigenomics_6583_map_107,9239.79759505891,186.70532084576982
epigenomics_6583_map_108,10509.469918944455,183.87767218973372
epigenomics_6583_map_109,9886.078593419277,196.48169852620973
epigenomics_6583_map_110,9468.07168722309,178.6125633902479
epigenomics_6583_map_111,10925.947999624866,190.7671441028349
epigenomics_6583_map_112,10934.667099284938,183.9245549420992
epigenomics_6583_map_113,9348.460456724613,184.02380796205637
epigenomics_6583_map_114,10164.112723551669,189.53144823823484
epigenomics_6583_map_115,11052.471491239765,183.04551264810618
epigenomics_6583_map_116,10323.745969378995,184.3153440102971
epigenomics_6583_map_117,10060.106253509612,184.71080572531937
epigenomics_6583_map_118,10156.832857798901,191.75359768996816
epigenomics_6583_map_119,9790.49025539176,185.2725363200744
epigenomics_6583_map_120,9958.23865640928,188.95404244592947
epigenomics_6583_map_121,10871.383029238963,184.22683632749056
epigenomics_6583_map_122,10108.386300878521,176.81904099177092
epigenomics_6583_map_123,9199.498745938356,185.82971953719687
epigenomics_6583_map_124,10154.881128358977,190.89373934816194
epigenomics_6583_map_125,10148.485769653498,188.09041772995107
epigenomics_6583_map_126,10018.937629694221,181.30885273119492
epigenomics_6583_map_127,9518.902822493843,183.2458674972391
epigenomics_6583_map_128,9766.788571176454,176.85102472887596
epigenomics_6583_map_129,10172.339214138587,178.4769287255976
epigenomics_6583_map_130,9809.566005593973,191.3929864852756
epigenomics_6583_map_131,10009.67445414783,184.7039070781343
epigenomics_6583_map_132,10018.98732235974,174.03570696739357
epigenomics_6583_map_133,10257.385073272808,181.29327805207345
epigenomics_6583_map_134,10144.959994392659,189.48384992310616
epigenomics_6583_map_135,10344.838690383967,187.23779077285963
epigenomics_6583_map_136,10064.37409486128,185.71819181208073
epigenomics_6583_map_137,9372.939060136074,191.97875982836484
epigenomics_6583_map_138,10092.68653210586,189.00278696477764
epigenomics_6583_map_139,9744.287063663547,181.56685723500112
epigenomics_6583_map_140,10106.367934375818,180.1984176974196
epigenomics_6583_map_141,10874.880679553746,187.0074928860617
epigenomics_6583_map_142,10965.8632144548,183.52861377726543
epigenomics_6583_map_143,10559.54546725456,178.32036406318613
epigenomics_6583_map_144,11209.26713630068,181.61791200367765
epigenomics_6583_map_145,10530.412933958407,199.35303558282223
epigenomics_6583_map_146,9804.499925671762,181.9495325964772
epigenomics_6583_map_147,10445.011238889198,189.4904838826267
epigenomics_6583_map_148,10109.427944683328,188.29767613501286
epigenomics_6583_map_149,10185.806003430642,190.5855481414979
epigenomics_6583_map_150,9706.550063709705,189.52252177326292
epigenomics_6583_map_151,9942.883685334727,179.17529192140793
epigenomics_6583_map_152,9932.127779209728,192.2122915078132
epigenomics_6583_map_153,11399.803819860183,177.7845598443839
epigenomics_6583_map_154,10203.585214920633,186.06927745398553
epigenomics_6583_map_155,9417.109741335393,194.6376572592086
epigenomics_6583_map_156,9464.236677817265,174.0478944734486
epigenomics_6583_map_157,9577.485376468292,188.03330472471276
epigenomics_6583_map_158,9214.352849276995,194.10043154639047
epigenomics_6583_map_159,10076.206318891545,185.45258274276168
epigenomics_6583_map_160,10164.693405944108,188.5773183787004
epigenomics_6583_map_161,10050.85488559484,186.33219633336222
epigenomics_6583_map_162,10448.264452733565,191.03448344007947
epigenomics_6583_map_163,9682.580997378662,187.58761758086814
epigenomics_6583_map_164,10027.665840088013,189.6186570316189
epigenomics_6583_map_165,10041.962137943663,180.07170864987788
epigenomics_6583_map_166,9635.21781608444,185.78395532382896
epigenomics_6583_map_167,10062.141174536058,182.6686782438382
epigenomics_6583_map_168,9876.130065053296,187.61759477035127
epigenomics_6583_map_169,10707.290363325827,185.9275516452241
epigenomics_6583_map_170,9834.245801314122,186.30962078982864
epigenomics_6583_map_171,9800.359809067799,183.506619225608
epigenomics_6583_map_172,9760.522469763378,180.5427135965033
epigenomics_6583_map_173,10166.984350230314,182.20180381909938
epigenomics_6583_map_174,9262.90524546787,186.27747753221524
epigenomics_6583_map_175,9119.492853285119,187.32393726877922
epigenomics_6583_map_176,10485.736610370495,194.6356488943681
epigenomics_6583_map_177,9811.09167375499,187.29551496543246
epigenomics_6583_map_178,9576.190061594543,184.43994919755258
epigenomics_6583_map_179,9493.138936508289,188.58965576290353
epigenomics_6583_map_180,10083.714318422932,188.00028740454474
epigenomics_6583_map_181,9496.189884460224,184.84811773585724
epigenomics_6583_map_182,10191.818148388054,183.22398400388215
epigenomics_6583_map_183,10053.774321916155,184.7216187197028
epigenomics_6583_map_184,10212.267758696094,184.42222212128965
epigenomics_6583_map_185,9786.753095570752,186.5751866964554
epigenomics_6583_map_186,10131.483039681076,195.54144333019957
epigenomics_6583_map_187,9395.717308005007,186.91271980540225
epigenomics_6583_map_188,9572.236246938322,182.32219868560313
epigenomics_6583_map_189,10176.1599761604,185.5948202282604
epigenomics_6583_map_190,10330.260659364187,177.62665805571987
epigenomics_6583_map_191,9377.873756518164,191.55160000074235
epigenomics_6583_map_192,9429.388692687096,178.95836748136946
epigenomics_6583_map_193,10076.374235521429,175.8348802820012
epigenomics_6583_map_194,10176.683387199251,181.81534727334378
epigenomics_6583_map_195,9306.356768216368,188.34826061971353
epigenomics_6583_map_196,10340.535436404412,184.79817065728838
epigenomics_6583_map_197,10545.226157818906,176.58594164121027
epigenomics_6583_map_198,10314.117604476549,187.90109687697878
epigenomics_6583_map_199,9339.769362896626,186.36917816628187
epigenomics_6583_map_200,9936.610695318386,181.20070794088193
epigenomics_6583_map_201,9930.6073340502,186.1569625802723
epigenomics_6583_map_202,10278.758952484355,185.029299736856
epigenomics_6583_map_203,9642.550561313044,183.1080481620908
epigenomics_6583_map_204,9887.810468005917,184.00475871832964
epigenomics_6583_map_205,9796.284240971449,195.46804739926864
epigenomics_6583_map_206,9701.940395915828,183.91334282880084
epigenomics_6583_map_207,10944.256937458933,182.35781513569947
epigenomics_6583_map_208,9670.386202566404,182.9473227109347
epigenomics_6583_map_209,10474.132282092995,179.48922098210306
epigenomics_6583_map_210,9499.899682373647,184.15733634862758
epigenomics_6583_map_211,9263.397328999152,184.8795311293871
epigenomics_6583_map_212,9434.268724019985,176.3211007085132
epigenomics_6583_map_213,9969.820831767758,189.7147248428226
epigenomics_6583_map_214,10747.885035230009,188.7843155441349
epigenomics_6583_map_215,9791.35109131555,191.6881047933327
epigenomics_6583_map_216,9604.88169611241,184.530314779515
epigenomics_6583_map_217,9907.508692497118,180.01201536428758
epigenomics_6583_map_218,10852.93681879186,187.1139037411602
epigenomics_6583_map_219,10008.454734260036,200.83712187235557
epigenomics_6583_map_220,10008.897846144395,182.14070622507353
epigenomics_6583_map_221,10863.186015803,190.2596712728941
epigenomics_6583_map_222,10157.270955022375,188.760240277157
epigenomics_6583_map_223,10535.767141720635,185.36687991569772
epigenomics_6583_map_224,9399.846600786375,187.39206172229484
epigenomics_6583_map_225,10215.250473739685,183.3046715963828
epigenomics_6583_map_226,10383.354497560269,175.979175644867
epigenomics_6583_map_227,10694.082251453126,181.74800938658427
epigenomics_6583_map_228,10883.762749629537,179.545475561405
epigenomics_6583_map_229,9173.428259624461,180.4330078560662
epigenomics_6583_map_230,10058.124490922826,188.42216943580294
epigenomics_6583_map_231,10626.556006269402,175.02738339676364
epigenomics_6583_map_232,9973.57369816572,189.598946677098
epigenomics_6583_map_233,9717.88548958552,181.3400200171163
epigenomics_6583_map_234,9754.931040152718,182.54905631565103
epigenomics_6583_map_235,10508.945113058619,184.26636391714482
epigenomics_6583_map_236,10595.239406317083,185.30547100405607
epigenomics_6583_map_237,9740.96225097899,192.01896163667902
epigenomics_6583_map_238,10274.346648352728,189.3837159507513
epigenomics_6583_map_239,10431.91625491746,190.39426501997198
epigenomics_6583_map_240,10405.295918683749,178.48917948977348
epigenomics_6583_map_241,9821.011946399272,182.83764318798688
epigenomics_6583_map_242,10257.732250567597,181.94408587692698
epigenomics_6583_map_243,10513.218016385628,187.41532003813833
epigenomics_6583_map_244,9638.616222227043,177.00723258661193
epigenomics_6583_map_245,10159.722884037259,183.10160760636913
epigenomics_6583_map_246,10472.672223871134,182.39061890893413
epigenomics_6583_map_247,9110.290817605082,169.37485509040405
epigenomics_6583_map_248,10114.819790997195,172.29701611059835
epigenomics_6583_map_249,10378.028908406006,188.4393478981071
epigenomics_6583_map_250,10411.801678144288,181.11142450090105
epigenomics_6583_map_251,9312.248812687852,183.60324430766076
epigenomics_6583_map_252,10166.290973465437,183.6930065904118
epigenomics_6583_map_253,9663.334742796198,185.68046010137863
epigenomics_6583_map_254,10573.309014408393,189.51001066113142
epigenomics_6583_map_255,10171.728391334082,197.66645414941885
epigenomics_6583_map_256,10099.369420009345,188.12059504706278
epigenomics_6583_map_257,10430.30914644387,187.7788306100897
epigenomics_6583_map_258,8846.482737686609,185.63599996808966
epigenomics_6583_map_259,10472.362850468531,186.26632149775514
epigenomics_6583_map_260,10453.82726961924,183.3042593037087
epigenomics_6583_map_261,9279.794022857914,183.24070212976284
epigenomics_6583_map_262,8983.410454357489,180.83985305972723
epigenomics_6583_map_263,9812.666015985626,180.46820618453654
epigenomics_6583_map_264,10726.465951588098,193.0958080729481
epigenomics_6583_map_265,9447.741646189717,188.8254235420707
epigenomics_6583_map_266,10275.859714988092,180.82509146412968
epigenomics_6583_map_267,9939.919212623681,180.6276185897427
epigenomics_6583_map_268,10311.95286978102,188.76498364267917
epigenomics_6583_map_269,10928.075684978381,189.07564370033163
epigenomics_6583_map_270,9420.813384826832,179.13597220605112
epigenomics_6583_map_271,9733.239238886246,184.42487718471955
epigenomics_6583_map_272,9992.784250627205,194.60272242128468
epigenomics_6583_map_273,9720.670002167184,182.58617030671712
epigenomics_6583_map_274,9264.266589598932,185.2875088069815
epigenomics_6583_map_275,9924.033320600905,185.80241595491782
epigenomics_6583_map_276,10091.625638694135,182.06718385494284
epigenomics_6583_map_277,9887.898317811896,189.54631901685576
epigenomics_6583_map_278,11299.027362287743,181.1036230003407
epigenomics_6583_map_279,10111.96481850702,183.82907450080316
epigenomics_6583_map_280,10322.562667757913,182.14268571569085
epigenomics_6583_map_281,9322.930594502073,186.5827287551188
epigenomics_6583_map_282,9743.905315170798,187.5819638895354
epigenomics_6583_map_283,10558.985826519855,189.93357311783706
epigenomics_6583_map_284,10808.889227086003,189.52564707831746
epigenomics_6583_map_285,10235.149724511535,182.4122375386501
epigenomics_6583_map_286,9495.75200879114,189.11685616093848
epigenomics_6583_map_287,9472.95294593352,186.2842676509066
epigenomics_6583_map_288,8748.536893606566,191.78011518376525
epigenomics_6583_map_289,9661.838442516213,182.54921197842475
epigenomics_6583_map_290,10476.765779838699,183.88790849205893
epigenomics_6583_map_291,9529.095227290478,185.4002769375909
epigenomics_6583_map_292,9246.626502166124,182.60423246238642
epigenomics_6583_map_293,10413.572644734038,189.5608433580755
epigenomics_6583_map_294,8990.248488293755,182.8512446530906
epigenomics_6583_map_295,9661.89653182431,183.9089105048036
epigenomics_6583_map_296,9890.474554774413,188.4070076762894
epigenomics_6583_map_297,10474.990841012444,184.2295802548667
epigenomics_6583_map_298,9912.415969279404,190.5665855483207
epigenomics_6583_map_299,9317.62303602426,188.13796267402086
epigenomics_6583_map_300,8897.787412837859,185.6514247031366
epigenomics_6583_map_301,9578.131510252544,185.08246814879777
epigenomics_6583_map_302,9997.578396738318,193.8072385259448
epigenomics_6583_map_303,9740.569723901464,184.6230962271651
epigenomics_6583_map_304,10504.59796390802,185.60057277944145
epigenomics_6583_map_305,9984.807593668274,184.6562776088804
epigenomics_6583_map_306,9977.2229843507,183.13828815452433
epigenomics_6583_map_307,9879.04040761021,191.5212022459439
epigenomics_6583_map_308,10025.21336326439,184.60472355860722
epigenomics_6583_map_309,9457.884838064592,178.88058763597206
epigenomics_6583_map_310,9468.362511048457,182.6400421312473
epigenomics_6583_map_311,10410.14730838875,190.46359058773112
epigenomics_6583_map_312,9377.613773134857,188.53745424215919
epigenomics_6583_map_313,11048.227123580058,177.77294518745188
epigenomics_6583_map_314,10074.209900837046,184.0995829434729
epigenomics_6583_map_315,10056.686688578357,182.13200585607822
epigenomics_6583_map_316,9601.43722647696,184.4703173292279
epigenomics_6583_map_317,9225.788000142811,182.94304609079427
epigenomics_6583_map_318,9582.989707863762,191.16564422959442
epigenomics_6583_map_319,9979.13890914175,185.85401895979226
epigenomics_6583_map_320,11364.343443265836,186.10931921132686
epigenomics_6583_map_321,10709.888719999588,175.84650648669697
epigenomics_6583_map_322,10431.932367404623,191.06119470314107
epigenomics_6583_map_323,10113.85383243712,176.7865918284177
epigenomics_6583_map_324,9563.029411706591,176.00941855326997
epigenomics_6583_map_325,11057.451312936297,178.17131423215886
epigenomics_6583_map_326,10241.452107596264,185.84136454411217
epigenomics_6583_map_327,9257.55937586025,184.48915712621474
epigenomics_6583_map_328,9444.54678218589,184.3299321238112
epigenomics_6583_map_329,9820.826699429608,185.465947756817
epigenomics_6583_map_330,10690.679673160965,179.8965780329699
epigenomics_6583_map_331,10823.16453355812,193.02375900437872
epigenomics_6583_map_332,9993.97785944239,182.80320361143825
epigenomics_6583_map_333,9878.851355938863,182.49558079780365
epigenomics_6583_map_334,9167.84554379994,182.88229130554663
epigenomics_6583_map_335,9785.998847959718,185.14559591124916
epigenomics_6583_map_336,10926.530323317094,187.9777960802634
epigenomics_6583_map_337,10521.759854857712,183.54193484188673
epigenomics_6583_map_338,10176.957842016272,186.1670846597554
epigenomics_6583_map_339,9963.424305455563,192.92495601806502
epigenomics_6583_map_340,10098.334618802523,185.34271737171596
epigenomics_6583_map_341,10370.238458367461,184.85651247220164
epigenomics_6583_map_342,9426.675965673443,188.25433595270806
epigenomics_6583_map_343,9916.33200758524,176.56258833253142
epigenomics_6583_map_344,10129.656202222604,180.38558399271932
epigenomics_6583_map_345,9557.247217208755,186.0802123340672
epigenomics_6583_map_346,9974.170411727431,195.99466149039594
epigenomics_6583_map_347,10615.084743532438,186.01026828256005
epigenomics_6583_map_348,9365.479880761977,185.35188493102984
epigenomics_6583_map_349,10468.916038657952,180.06146180525346
epigenomics_6583_map_350,9920.339012879705,189.51263699353703
epigenomics_6583_map_351,10363.781093260217,179.0880980357067
epigenomics_6583_map_352,10443.726518946916,185.3475548528937
epigenomics_6583_map_353,9575.816016310737,188.05341610607243
epigenomics_6583_map_354,10031.19436356767,180.1456236983327
epigenomics_6583_map_355,9128.087803398143,184.31197574133878
epigenomics_6583_map_356,10143.277717630252,186.06321534190704
epigenomics_6583_map_357,10147.474493465226,185.9735768189748
epigenomics_6583_map_358,9103.544081667664,179.14672444315894
epigenomics_6583_map_359,10851.75792609249,191.67284147525973
epigenomics_6583_map_360,9696.104743932878,180.77848459650582
epigenomics_6583_map_361,10125.519766428848,187.56765196475723
epigenomics_6583_map_362,9554.508854016216,181.25062421410377
epigenomics_6583_map_363,10225.174668045085,183.20286054149202
epigenomics_6583_map_364,9385.773836337776,181.4871979761203
epigenomics_6583_map_365,10318.399118901478,190.10018826201977
epigenomics_6583_map_366,10754.6639847456,181.71194991700932
epigenomics_6583_map_367,10202.911223376226,175.42734132149133
epigenomics_6583_map_368,8939.193540457281,183.0628162643904
epigenomics_6583_map_369,9891.926047829285,183.32097337932376
epigenomics_6583_map_370,8713.546662181574,180.0885281739743
epigenomics_6583_map_371,9511.506150925015,179.0458443390186
epigenomics_6583_map_372,10125.60529286039,174.49546793390476
epigenomics_6583_map_373,9738.347997862391,195.84983311894703
epigenomics_6583_map_374,9371.900168128379,190.07122304459708
epigenomics_6583_map_375,10073.59787153794,182.75829565018137
epigenomics_6583_map_376,10600.68336482671,180.5845104919327
epigenomics_6583_map_377,10353.85163612049,184.78827824103794
epigenomics_6583_map_378,9599.385866706058,190.14726679720854
epigenomics_6583_map_379,9686.743519951104,184.88953507219125
epigenomics_6583_map_380,9587.537169556299,188.9419063755394
epigenomics_6583_map_381,9375.20496544331,187.67730523275344
epigenomics_6583_map_382,10504.322655975839,183.69974383414228
epigenomics_6583_map_383,10119.203361775888,188.7462930619006
epigenomics_6583_map_384,10309.252764267447,179.17282832106258
epigenomics_6583_map_385,10903.29179859744,178.91204659243218
epigenomics_6583_map_386,9623.20316978498,182.68113529535813
epigenomics_6583_map_387,10233.281310431084,194.11587452555278
epigenomics_6583_map_388,9458.121132407923,192.1254248740527
epigenomics_6583_map_389,9516.508253549482,181.13555922762222
epigenomics_6583_map_390,9841.051628142774,189.21924129304008
epigenomics_6583_map_391,10025.738040922637,181.0023468969543
epigenomics_6583_map_392,9199.290730913712,173.09376338638197
epigenomics_6583_map_393,10133.48317990386,181.1291811338005
epigenomics_6583_map_394,10556.998216458313,185.02067206013007
epigenomics_6583_map_395,9277.585643458746,189.44122531726825
epigenomics_6583_map_396,9397.022327663042,190.88137683337433
epigenomics_6583_map_397,10384.192823119585,190.70141998376656
epigenomics_6583_map_398,10319.52856482357,187.77759536157498
epigenomics_6583_map_399,9013.210605745964,175.79136418998868
epigenomics_6583_map_400,9876.051324693533,181.79105003333328
epigenomics_6583_map_401,9699.795100940199,183.55171675461344
epigenomics_6583_map_402,9846.483782802285,191.5303328573819
epigenomics_6583_map_403,9060.378989511599,184.94451438784756
epigenomics_6583_map_404,10124.560994536561,184.66931710567704
epigenomics_6583_map_405,9393.134797854693,185.8444410501099
epigenomics_6583_map_406,10153.986672104182,185.46173018920214
epigenomics_6583_map_407,9737.506277587343,190.71203388566082
epigenomics_6583_map_408,9925.147479227566,183.83063370741766
epigenomics_6583_map_409,9248.725886607994,186.48587160773172
epigenomics_6583_map_410,9889.426379732007,178.23782369038548
epigenomics_6583_map_411,10269.288500816569,182.87857258489123
epigenomics_6583_map_412,10363.507783161487,184.59012093676876
epigenomics_6583_map_413,10044.619382959125,184.24189440629544
epigenomics_6583_map_414,9280.845195732436,188.08829801795315
epigenomics_6583_map_415,9374.045711609762,189.62190414623603
epigenomics_6583_map_416,9426.559634550284,185.38474331368067
epigenomics_6583_map_417,10557.220967930525,182.97189879755805
epigenomics_6583_map_418,9952.142838601967,183.0580539303506
epigenomics_6583_map_419,9883.240250743767,176.68846756944433
epigenomics_6583_map_420,9911.903994448989,189.17364326434807
epigenomics_6583_map_421,9524.134571654204,185.41837973974506
epigenomics_6583_map_422,9775.94492456924,190.9033822113313
epigenomics_6583_map_423,10253.352298548567,176.99415283230908
epigenomics_6583_map_424,9847.054815747539,184.58171269046312
epigenomics_6583_map_425,9429.35959616631,183.70345650786464
epigenomics_6583_map_426,10385.285692442692,195.5520281609811
epigenomics_6583_map_427,9780.251170683658,190.02499207011468
epigenomics_6583_map_428,10307.916218029304,186.23809934265986
epigenomics_6583_map_429,10172.69894248448,180.40255230587488
epigenomics_6583_map_430,9569.391747805194,193.42512993729846
epigenomics_6583_map_431,10588.337095295234,177.1699778706755
epigenomics_6583_map_432,8912.546049477663,188.15447218492582
epigenomics_6583_map_433,10366.364394536764,182.88241117661602
epigenomics_6583_map_434,10379.230176061188,181.68343940778084
epigenomics_6583_map_435,9347.941370822968,185.6504082751279
epigenomics_6583_map_436,9298.055524729101,185.57653427030476
epigenomics_6583_map_437,9781.458817261622,184.80467277968563
epigenomics_6583_map_438,9759.754122430339,190.3334204543313
epigenomics_6583_map_439,10300.74370389809,188.1651119488755
epigenomics_6583_map_440,9771.068600937288,189.1696913312183
epigenomics_6583_map_441,10819.435173765602,177.88237285391722
epigenomics_6583_map_442,9709.84940132358,181.42401464328518
epigenomics_6583_map_443,9595.080186497187,189.73745379071653
epigenomics_6583_map_444,10075.97068115624,185.11052495818953
epigenomics_6583_map_445,9683.530316663213,190.6783714373372
epigenomics_6583_map_446,9996.08170281234,191.89265306373835
epigenomics_6583_map_447,9790.627530647682,189.3160331657976
epigenomics_6583_map_448,10085.64387686121,180.98438215716317
epigenomics_6583_map_449,9942.688804613297,178.7024477396774
epigenomics_6583_map_450,10604.00140737242,183.7310333520552
epigenomics_6583_map_451,9119.532117110768,179.1807910028786
epigenomics_6583_map_452,9583.354691576531,182.16892957751935
epigenomics_6583_map_453,10418.636354230135,189.21326568424243
epigenomics_6583_map_454,9983.730366169075,178.20611854698527
epigenomics_6583_map_455,10726.908346042092,183.25897190108319
epigenomics_6583_map_456,10436.93890463832,193.28167466689138
epigenomics_6583_map_457,9861.368817247088,192.2339357778998
epigenomics_6583_map_458,9588.582919419807,179.58463683608704
epigenomics_6583_map_459,10608.747206359325,179.15065335469083
epigenomics_6583_map_460,10145.67458170111,179.6046460551959
epigenomics_6583_map_461,10100.668246262174,183.8045842885612
epigenomics_6583_map_462,9430.439782525129,185.98549517061056
epigenomics_6583_map_463,9844.662859217291,186.94335151872076
epigenomics_6583_map_464,10619.269188477752,183.76332898014843
epigenomics_6583_map_465,9629.5734404711,177.1467883573814
epigenomics_6583_map_466,10494.002059909239,180.54856485386807
epigenomics_6583_map_467,10617.824051736574,184.2138177642543
epigenomics_6583_map_468,9748.645015182023,175.02962404084758
epigenomics_6583_map_469,10453.119612201857,181.00723592923228
epigenomics_6583_map_470,9764.16809459136,170.7907168826184
epigenomics_6583_map_471,10252.7752288415,189.90281629243935
epigenomics_6583_map_472,10023.394921247895,176.9544495316557
epigenomics_6583_map_473,9467.97225239549,190.91292479769174
epigenomics_6583_map_474,9858.83394105535,179.3453519206342
epigenomics_6583_map_475,9786.521623730776,178.0953704320327
epigenomics_6583_map_476,9634.913741772025,188.8712044267432
epigenomics_6583_map_477,9648.726248732577,184.36095991176717
epigenomics_6583_map_478,10066.355925287926,194.71991177363296
epigenomics_6583_map_479,9873.535405501703,181.44911562862512
epigenomics_6583_map_480,9859.746814058652,179.3506461108216
epigenomics_6583_map_481,10237.62917425301,181.83854004789382
epigenomics_6583_map_482,9636.0824705261,184.88648523275873
epigenomics_6583_map_483,9989.248578772762,191.22032968234765
epigenomics_6583_map_484,9894.99507634627,184.2418864994944
epigenomics_6583_map_485,10160.712298635995,185.7681067794352
epigenomics_6583_map_486,10005.276811912003,175.46225768810402
epigenomics_6583_map_487,9641.79201807227,185.25851326047763
epigenomics_6583_map_488,10333.858702325775,185.78165977347672
epigenomics_6583_map_489,9782.013740483875,188.82339487357828
epigenomics_6583_map_490,11058.685743681945,184.70388111065876
epigenomics_6583_map_491,9437.008858146715,181.37953570715484
epigenomics_6583_map_492,10056.740643074578,179.0921981209312
epigenomics_6583_map_493,10315.733536442169,183.57058741872024
epigenomics_6583_map_494,10014.708596289103,178.89522860751183
epigenomics_6583_map_495,9049.675241579238,178.392519916752
epigenomics_6583_map_496,10128.94866340748,184.1421243065352
epigenomics_6583_map_497,9665.656104088024,183.5485770782076
epigenomics_6583_map_498,10056.724395489915,177.44118928709753
epigenomics_6583_map_499,9728.02264718813,181.91040610980525
epigenomics_6583_mapMerge1_0,117.55769844677614,96.52824679830897
epigenomics_6583_mapMerge1_1,90.83479120201764,111.65389943689603
epigenomics_6583_mapMerge2_0,123.57152228783846,105.84955150272886
epigenomics_6583_chr21_0,166.52203443591102,60.20073848747198
epigenomics_6583_pileup_0,245.18645392160738,82.0975155819448
