request,latency,mem
epigenomics_4693_entry_0,1.0,1.0
epigenomics_4693_fastqSplit_0,60.40371257934757,106.87214669099487
epigenomics_4693_fastqSplit_1,63.90288288555357,119.21228035073133
epigenomics_4693_filterContams_0,13.545617596704405,53.55013478295364
epigenomics_4693_filterContams_1,20.27146864074676,72.08675032421662
epigenomics_4693_filterContams_2,17.66157277604003,55.474943185697505
epigenomics_4693_filterContams_3,21.337610885168914,68.09013402704278
epigenomics_4693_filterContams_4,23.61044348048749,76.22755127958197
epigenomics_4693_filterContams_5,22.892582074595108,75.02558938612292
epigenomics_4693_filterContams_6,19.5947462871486,77.80416234355297
epigenomics_4693_filterContams_7,20.92811403834453,79.87954967321174
epigenomics_4693_filterContams_8,17.539551847709326,66.33326149775309
epigenomics_4693_filterContams_9,21.20430002677447,61.02363408538764
epigenomics_4693_filterContams_10,15.988006232560608,58.18322276076721
epigenomics_4693_filterContams_11,19.283111419199376,63.55864049891983
epigenomics_4693_filterContams_12,19.398234982436175,59.47115003370862
epigenomics_4693_filterContams_13,16.639302111492377,78.20094735188096
epigenomics_4693_filterContams_14,23.347949363706388,61.948105488083655
epigenomics_4693_filterContams_15,20.553082594144215,62.82454999758169
epigenomics_4693_filterContams_16,25.127160650683532,67.15331607717894
epigenomics_4693_filterContams_17,19.668384941225774,68.50174321185757
epigenomics_4693_filterContams_18,15.415621142969893,68.43817728539445
epigenomics_4693_filterContams_19,21.216254128748304,55.23806418848906
epigenomics_4693_filterContams_20,23.006909520878615,44.18865906858387
epigenomics_4693_filterContams_21,22.383197976026334,60.53264411452769
epigenomics_4693_filterContams_22,19.021261293704722,68.96848805117955
epigenomics_4693_filterContams_23,18.567686118504135,69.10730796393545
epigenomics_4693_filterContams_24,21.686837015470466,60.92456011762108
epigenomics_4693_filterContams_25,19.784460739515737,54.52507902889449
epigenomics_4693_filterContams_26,21.886925148529983,72.53033648987184
epigenomics_4693_filterContams_27,21.03943187309043,68.91437493356526
epigenomics_4693_filterContams_28,17.322522059794906,59.898530841539916
epigenomics_4693_filterContams_29,20.658997643881012,50.639967686167914
epigenomics_4693_filterContams_30,24.34606025919431,57.065258524273624
epigenomics_4693_filterContams_31,21.48133624999408,69.52673088909427
epigenomics_4693_filterContams_32,14.939083826529371,65.58090338672774
epigenomics_4693_filterContams_33,17.01736029688184,53.68495238848319
epigenomics_4693_filterContams_34,21.580508171995543,60.53695631346274
epigenomics_4693_filterContams_35,16.857413455537387,81.5911102270598
epigenomics_4693_filterContams_36,18.55908630111888,50.342216094183826
epigenomics_4693_filterContams_37,19.097666518938727,60.985650960687664
epigenomics_4693_filterContams_38,20.649749393294343,59.992776177265526
epigenomics_4693_filterContams_39,17.8111907570525,82.4103590509045
epigenomics_4693_filterContams_40,19.69569212893011,54.777593707781605
epigenomics_4693_filterContams_41,18.580856182311766,80.72219935371014
epigenomics_4693_filterContams_42,17.210055602849025,66.43709805411056
epigenomics_4693_filterContams_43,20.844693257049364,69.67865267382439
epigenomics_4693_filterContams_44,20.15885561614314,50.80168502143653
epigenomics_4693_filterContams_45,20.324455392310956,73.90832450330444
epigenomics_4693_filterContams_46,24.020700041172155,65.37190360972552
epigenomics_4693_filterContams_47,14.036946359223482,70.21582621658429
epigenomics_4693_filterContams_48,19.322401524475133,72.89597360024115
epigenomics_4693_filterContams_49,17.692393439193722,73.93988696810268
epigenomics_4693_filterContams_50,19.59804940945041,77.92626117333207
epigenomics_4693_filterContams_51,19.992975077759446,68.99079559394694
epigenomics_4693_filterContams_52,21.343060297713226,65.81048659314494
epigenomics_4693_filterContams_53,25.9184698564546,52.668086197986256
epigenomics_4693_filterContams_54,25.52283320658441,50.25153804462066
epigenomics_4693_filterContams_55,22.840266411041338,72.29544024362022
epigenomics_4693_filterContams_56,19.2554847504091,67.65103796405988
epigenomics_4693_filterContams_57,19.490336067728652,65.17815671686276
epigenomics_4693_filterContams_58,26.913053879797783,58.60032340735169
epigenomics_4693_filterContams_59,22.736378384996264,64.89397793536675
epigenomics_4693_filterContams_60,24.401422179144006,74.59081144637726
epigenomics_4693_filterContams_61,15.27813729702855,57.05911414989163
epigenomics_4693_filterContams_62,18.63358927611173,66.82313865083168
epigenomics_4693_filterContams_63,17.583454991705047,62.40404336593021
epigenomics_4693_filterContams_64,22.605693186501053,60.873870845026595
epigenomics_4693_filterContams_65,20.76341187014265,60.22565857409232
epigenomics_4693_filterContams_66,23.941280505120474,57.65113005479741
epigenomics_4693_filterContams_67,20.103194037362343,49.71293914144309
epigenomics_4693_filterContams_68,22.190708652192598,73.84646091035091
epigenomics_4693_filterContams_69,15.759336455060023,79.74231538833163
epigenomics_4693_filterContams_70,20.37199294664776,56.471688202678685
epigenomics_4693_filterContams_71,25.90187911494263,73.76569183511948
epigenomics_4693_filterContams_72,14.302216055056792,61.91759414399692
epigenomics_4693_filterContams_73,15.797584209409074,53.75588393697329
epigenomics_4693_filterContams_74,14.422441275754892,77.48788651499086
epigenomics_4693_filterContams_75,19.95450637937916,64.63875972084848
epigenomics_4693_filterContams_76,20.223278959285228,52.59061402293214
epigenomics_4693_filterContams_77,22.49897478205112,50.199132334414976
epigenomics_4693_filterContams_78,20.640052760716117,77.49622356039058
epigenomics_4693_filterContams_79,12.888573427266424,73.71226089423746
epigenomics_4693_filterContams_80,23.69060238785935,56.625697057250406
epigenomics_4693_filterContams_81,15.5768339198848,73.05554197212469
epigenomics_4693_filterContams_82,23.27524930926595,68.30520976233068
epigenomics_4693_filterContams_83,16.893479609167052,71.32120724887379
epigenomics_4693_filterContams_84,19.931211712068823,68.54960860966146
epigenomics_4693_filterContams_85,21.880349386399082,71.81002647850403
epigenomics_4693_filterContams_86,20.504058481658564,56.96269262676578
epigenomics_4693_filterContams_87,16.945915289383297,54.06985739609897
epigenomics_4693_filterContams_88,24.01716216309827,66.78568544130037
epigenomics_4693_filterContams_89,20.353573114876326,56.69087848124059
epigenomics_4693_filterContams_90,22.238663203449676,88.50283786329356
epigenomics_4693_filterContams_91,21.3107188495638,56.05132853070248
epigenomics_4693_filterContams_92,19.301369620696406,63.10485323891655
epigenomics_4693_filterContams_93,20.82640864340297,65.8825483563668
epigenomics_4693_filterContams_94,22.11815084216292,60.29603780480194
epigenomics_4693_filterContams_95,23.20371041605178,64.66564540994135
epigenomics_4693_filterContams_96,17.35262466385746,68.9965979527026
epigenomics_4693_filterContams_97,15.983136681189833,64.22096863240594
epigenomics_4693_filterContams_98,25.320498500555857,70.34780655806011
epigenomics_4693_filterContams_99,11.916681992033958,59.20026008808234
epigenomics_4693_filterContams_100,22.977972742789497,69.74189203513795
epigenomics_4693_filterContams_101,16.682986735980002,59.70684201029409
epigenomics_4693_filterContams_102,16.441760925561404,62.710433381926514
epigenomics_4693_filterContams_103,17.785870519672258,69.97601355692309
epigenomics_4693_filterContams_104,23.86658960966484,72.70877835358628
epigenomics_4693_filterContams_105,21.92678517498068,63.37449928271686
epigenomics_4693_filterContams_106,18.51366023504904,70.41826083757445
epigenomics_4693_filterContams_107,17.324316387144357,58.97918927118323
epigenomics_4693_filterContams_108,23.04640153216449,68.36771890437333
epigenomics_4693_filterContams_109,20.074657779090703,78.42224575235116
epigenomics_4693_filterContams_110,21.702484863631586,72.63910575835959
epigenomics_4693_filterContams_111,22.56172164623862,62.26672359071868
epigenomics_4693_filterContams_112,22.24187506633535,55.161472764557246
epigenomics_4693_filterContams_113,20.085073947581243,74.1098803737042
epigenomics_4693_filterContams_114,19.02567914941189,68.26502503943802
epigenomics_4693_filterContams_115,23.036796115137808,65.22701024245835
epigenomics_4693_filterContams_116,21.3167992328592,78.56813108719176
epigenomics_4693_filterContams_117,17.410814644556975,65.02280429546275
epigenomics_4693_filterContams_118,13.716791694391546,57.915700206460144
epigenomics_4693_filterContams_119,15.795020288685624,57.07868609471349
epigenomics_4693_filterContams_120,12.70891347935196,76.27662783724348
epigenomics_4693_filterContams_121,21.84127426171003,73.01671907541605
epigenomics_4693_filterContams_122,18.719982120789794,66.26884491439705
epigenomics_4693_filterContams_123,14.950216260078173,57.854625406659586
epigenomics_4693_filterContams_124,16.860473253808696,62.299135379998255
epigenomics_4693_filterContams_125,21.546055040450486,73.46845275307535
epigenomics_4693_filterContams_126,20.73610122078453,65.78776074122896
epigenomics_4693_filterContams_127,20.92271461360473,65.3743591303028
epigenomics_4693_filterContams_128,22.1782603323558,66.27610869406956
epigenomics_4693_filterContams_129,14.260819367001455,71.7053300296211
epigenomics_4693_filterContams_130,20.485412036413916,59.63106476904704
epigenomics_4693_filterContams_131,23.991535080279107,70.19567329936991
epigenomics_4693_filterContams_132,14.947544864862447,70.67306886080895
epigenomics_4693_filterContams_133,17.729775744468256,64.65307418404967
epigenomics_4693_filterContams_134,20.697673563534092,67.54436208600691
epigenomics_4693_filterContams_135,16.18430648862056,71.27907317006499
epigenomics_4693_filterContams_136,20.50476833299093,56.68481523231532
epigenomics_4693_filterContams_137,20.054965738278216,66.34465893791376
epigenomics_4693_filterContams_138,19.96959437284289,65.24596583069375
epigenomics_4693_filterContams_139,25.10894224518728,64.2691567812773
epigenomics_4693_filterContams_140,18.445573843267127,57.74151481237346
epigenomics_4693_filterContams_141,21.09060575981017,74.23414153704131
epigenomics_4693_filterContams_142,15.458625743131497,58.367091843368485
epigenomics_4693_filterContams_143,29.05270513444635,71.57469737467474
epigenomics_4693_filterContams_144,19.97321693110635,57.66296490735131
epigenomics_4693_filterContams_145,26.433977788784386,58.663288833888984
epigenomics_4693_filterContams_146,18.775234554380415,65.0173596947677
epigenomics_4693_filterContams_147,17.382757027077936,68.84495442432903
epigenomics_4693_filterContams_148,19.25645980135943,67.21585498595176
epigenomics_4693_filterContams_149,21.1065492905387,65.60127299720016
epigenomics_4693_filterContams_150,26.709415555411024,52.631414726013034
epigenomics_4693_filterContams_151,23.6016098811602,56.56821690982807
epigenomics_4693_filterContams_152,20.640281487731663,69.42168531931358
epigenomics_4693_filterContams_153,22.89159033982326,83.48393063232393
epigenomics_4693_filterContams_154,21.475952016250393,64.35547331937153
epigenomics_4693_filterContams_155,18.757912382651565,63.21874457799181
epigenomics_4693_filterContams_156,17.5949148871733,51.0266675820434
epigenomics_4693_filterContams_157,15.724872297377159,62.31187572877203
epigenomics_4693_filterContams_158,16.560258250049316,67.73814809203685
epigenomics_4693_filterContams_159,20.367582535921972,58.29762164029344
epigenomics_4693_filterContams_160,18.054104809942675,79.67755576487586
epigenomics_4693_filterContams_161,20.44112185221907,65.23549513161221
epigenomics_4693_filterContams_162,19.832763114629966,56.86793479814743
epigenomics_4693_filterContams_163,15.955336347613345,67.30763104414874
epigenomics_4693_filterContams_164,23.252533405519877,67.39005671954125
epigenomics_4693_filterContams_165,17.589701144093073,62.535673794355255
epigenomics_4693_filterContams_166,17.01064178572547,63.940433641066
epigenomics_4693_filterContams_167,24.628071459707442,74.76439841565893
epigenomics_4693_filterContams_168,18.233640870640926,73.17345902605628
epigenomics_4693_filterContams_169,15.091581560897252,59.30221832553266
epigenomics_4693_filterContams_170,19.483485591541033,61.19816037051194
epigenomics_4693_filterContams_171,21.52516892908441,58.132073626139984
epigenomics_4693_filterContams_172,18.60576646693678,70.80844860189566
epigenomics_4693_filterContams_173,21.085721964937683,63.11406397873935
epigenomics_4693_filterContams_174,23.48278539959811,79.77882562776567
epigenomics_4693_filterContams_175,20.21319185561944,67.37915973937714
epigenomics_4693_filterContams_176,17.16389719164422,59.768933809743245
epigenomics_4693_filterContams_177,20.441452051442887,65.811113573448
epigenomics_4693_filterContams_178,18.494217730789423,58.828725889063364
epigenomics_4693_filterContams_179,21.66276455823242,62.455519487167784
epigenomics_4693_filterContams_180,18.797686570124338,46.9075694435257
epigenomics_4693_filterContams_181,15.106190690533047,83.48863599091658
epigenomics_4693_filterContams_182,22.533916942760627,70.01261265212369
epigenomics_4693_filterContams_183,23.39576865646803,67.81362069234926
epigenomics_4693_filterContams_184,20.0830041306803,67.59994613711565
epigenomics_4693_filterContams_185,19.555595266149687,53.465105313536725
epigenomics_4693_filterContams_186,21.270323124097594,59.25553541006417
epigenomics_4693_filterContams_187,17.988933165549266,55.30710564423918
epigenomics_4693_filterContams_188,21.156977175134664,63.50170419265279
epigenomics_4693_filterContams_189,23.050021835211147,69.03593569916778
epigenomics_4693_filterContams_190,25.181003031442764,73.41836471113392
epigenomics_4693_filterContams_191,21.64160471222649,54.158567087035905
epigenomics_4693_filterContams_192,18.90821801635902,67.88575148703805
epigenomics_4693_filterContams_193,23.82706631376515,68.42716760921917
epigenomics_4693_filterContams_194,16.302867308978193,65.75102653649132
epigenomics_4693_filterContams_195,22.944456859379144,67.44786065081635
epigenomics_4693_filterContams_196,19.89528091853961,65.45470286673986
epigenomics_4693_filterContams_197,19.14983457809016,59.140723899578035
epigenomics_4693_filterContams_198,20.50592984678897,69.11080957319479
epigenomics_4693_filterContams_199,20.86446445704543,74.48584701774378
epigenomics_4693_filterContams_200,24.737813379902633,56.827008967941936
epigenomics_4693_filterContams_201,20.517858974660957,73.1921534225975
epigenomics_4693_filterContams_202,19.081370187802523,68.88523291834122
epigenomics_4693_filterContams_203,17.160967854423845,60.70961003192235
epigenomics_4693_filterContams_204,22.130035109272445,57.18517451801959
epigenomics_4693_filterContams_205,17.73820772680455,70.03039997366166
epigenomics_4693_filterContams_206,16.819755624449588,72.88118304457271
epigenomics_4693_filterContams_207,20.161233212281598,61.58495172709816
epigenomics_4693_filterContams_208,19.49970111816815,61.203113916943714
epigenomics_4693_filterContams_209,17.63220086237559,73.81292215366703
epigenomics_4693_filterContams_210,19.70092424070268,77.13473165615825
epigenomics_4693_filterContams_211,21.340325664769278,52.72928448117082
epigenomics_4693_filterContams_212,13.991366384675183,76.16963415771622
epigenomics_4693_filterContams_213,25.372609905020763,65.64043565924136
epigenomics_4693_filterContams_214,20.838070587125113,72.00087714681999
epigenomics_4693_filterContams_215,14.516424913713774,57.25619649717298
epigenomics_4693_filterContams_216,21.407515673019827,59.08048664856229
epigenomics_4693_filterContams_217,19.917170166211793,71.43263674192487
epigenomics_4693_filterContams_218,17.41683945948356,67.44494985849013
epigenomics_4693_filterContams_219,20.02918982930147,53.654122043248506
epigenomics_4693_filterContams_220,21.362284268434294,61.212136705228325
epigenomics_4693_filterContams_221,21.206608089551093,54.076437140753804
epigenomics_4693_filterContams_222,23.451949844699715,65.43869755795107
epigenomics_4693_filterContams_223,21.202073849569206,52.86696626593797
epigenomics_4693_filterContams_224,20.41887903782682,69.20072674750138
epigenomics_4693_filterContams_225,20.951727383810663,68.14152542829258
epigenomics_4693_filterContams_226,20.980101076447987,66.51099637334043
epigenomics_4693_filterContams_227,17.57322797390154,54.60879798591851
epigenomics_4693_filterContams_228,15.769019205086797,57.7367651582725
epigenomics_4693_filterContams_229,22.58938177384583,77.67684428008712
epigenomics_4693_filterContams_230,20.699615741815894,67.0282692308414
epigenomics_4693_filterContams_231,18.216830503948735,51.38600011331862
epigenomics_4693_filterContams_232,20.89543420455155,68.94856637143714
epigenomics_4693_filterContams_233,19.209388035872685,51.28501710847291
epigenomics_4693_filterContams_234,17.977373302946617,61.90313118613872
epigenomics_4693_filterContams_235,20.736853722232127,73.92373278831252
epigenomics_4693_filterContams_236,16.98916441786405,60.980232622966966
epigenomics_4693_filterContams_237,19.533463014928817,59.055243792390534
epigenomics_4693_filterContams_238,20.515820002850152,57.656842211137125
epigenomics_4693_filterContams_239,25.517991707595307,64.99580477521809
epigenomics_4693_filterContams_240,20.371257197058732,46.3222270504775
epigenomics_4693_filterContams_241,21.873378861229266,59.93672554256563
epigenomics_4693_filterContams_242,18.171998775570962,65.97707051411602
epigenomics_4693_filterContams_243,19.023371546600057,62.33519302705859
epigenomics_4693_filterContams_244,17.495862270030724,74.49192454178832
epigenomics_4693_filterContams_245,20.273806367803026,67.67090082694719
epigenomics_4693_filterContams_246,18.99531724324313,72.84684150544058
epigenomics_4693_filterContams_247,24.53864549119389,62.87176357668986
epigenomics_4693_filterContams_248,18.542357673571082,67.37840902377856
epigenomics_4693_filterContams_249,20.471022002554058,61.327315883162456
epigenomics_4693_filterContams_250,21.034900171115332,67.78714922292421
epigenomics_4693_filterContams_251,22.79762202748188,66.4398335978164
epigenomics_4693_filterContams_252,22.691986499254643,51.71119276844246
epigenomics_4693_filterContams_253,23.302884332675998,68.35978606049409
epigenomics_4693_filterContams_254,19.324506786509925,73.30994417563448
epigenomics_4693_filterContams_255,23.200562834703582,63.43020562766566
epigenomics_4693_filterContams_256,22.02039910333343,62.273610241937455
epigenomics_4693_filterContams_257,19.463909179613513,48.131301759771674
epigenomics_4693_filterContams_258,25.089022071506314,61.132113785696454
epigenomics_4693_filterContams_259,20.075862665020068,64.86268403844188
epigenomics_4693_filterContams_260,23.56725678091107,74.04278830938175
epigenomics_4693_filterContams_261,20.21122461573217,72.84785355365197
epigenomics_4693_filterContams_262,22.01395449296514,67.13741399386323
epigenomics_4693_filterContams_263,22.892628515593113,62.331213169324336
epigenomics_4693_filterContams_264,19.215214233154263,61.871307221359636
epigenomics_4693_filterContams_265,23.8145595597538,63.868613440650655
epigenomics_4693_filterContams_266,19.39444905352041,67.01937039066152
epigenomics_4693_filterContams_267,14.721065957487621,65.55326019559347
epigenomics_4693_filterContams_268,21.437332135980384,60.14403849023009
epigenomics_4693_filterContams_269,19.446965000767133,65.4268924519794
epigenomics_4693_filterContams_270,22.81300617738502,59.741889459732164
epigenomics_4693_filterContams_271,18.75378156296819,58.08209924570126
epigenomics_4693_filterContams_272,22.524191874911597,68.96148956350177
epigenomics_4693_filterContams_273,19.88471542175089,77.12912738004677
epigenomics_4693_filterContams_274,23.43795626354537,63.22199734701816
epigenomics_4693_filterContams_275,22.063089666640977,64.36760095230439
epigenomics_4693_filterContams_276,15.590992918642293,66.58861793109496
epigenomics_4693_filterContams_277,15.460545394758752,70.79044544493422
epigenomics_4693_filterContams_278,16.85840887928443,70.34660312259408
epigenomics_4693_filterContams_279,17.197460317281358,65.21028071492103
epigenomics_4693_filterContams_280,16.656939497561613,64.59795653142017
epigenomics_4693_filterContams_281,21.19380721580286,78.80461705890917
epigenomics_4693_filterContams_282,24.2499748406762,66.82348308154792
epigenomics_4693_filterContams_283,17.42623802758241,72.91294426577312
epigenomics_4693_filterContams_284,21.67953329827193,70.20816414699883
epigenomics_4693_filterContams_285,22.281415745332357,62.81419816721718
epigenomics_4693_filterContams_286,18.938988002681192,68.19367483504519
epigenomics_4693_filterContams_287,21.14021530370077,64.9407943366446
epigenomics_4693_filterContams_288,19.014397909618236,63.254897149555376
epigenomics_4693_filterContams_289,20.57787301465371,67.50116271029523
epigenomics_4693_filterContams_290,20.32502421137255,71.7460516483083
epigenomics_4693_filterContams_291,19.879631485264426,51.236800844333956
epigenomics_4693_filterContams_292,15.026439692949664,73.78504610115773
epigenomics_4693_filterContams_293,20.238952475029166,53.577395821830955
epigenomics_4693_filterContams_294,18.832943621285896,73.23402535278134
epigenomics_4693_filterContams_295,22.08782960822373,83.19263246306215
epigenomics_4693_filterContams_296,20.808775629757584,52.535904629095455
epigenomics_4693_filterContams_297,24.882339559839494,64.91009585527678
epigenomics_4693_filterContams_298,22.52764018075845,54.65405377960201
epigenomics_4693_filterContams_299,21.24053359839089,52.51458299565776
epigenomics_4693_filterContams_300,22.914261262730218,69.96233393116704
epigenomics_4693_filterContams_301,21.56334462836238,59.665731584636774
epigenomics_4693_filterContams_302,18.007663351451544,75.47155177850371
epigenomics_4693_filterContams_303,21.978104437417603,61.05958611031975
epigenomics_4693_filterContams_304,23.53992955866257,64.36417577505658
epigenomics_4693_filterContams_305,19.60486504090203,58.47845650748582
epigenomics_4693_filterContams_306,21.479099778186573,60.483941349579226
epigenomics_4693_filterContams_307,19.952976896794443,69.77210115253868
epigenomics_4693_filterContams_308,21.641035732686895,52.66557183867198
epigenomics_4693_filterContams_309,18.561606242101384,64.59888713321573
epigenomics_4693_filterContams_310,17.410891300715168,83.08684626503691
epigenomics_4693_filterContams_311,14.711831197605438,58.00024293947231
epigenomics_4693_filterContams_312,22.222549979111726,80.27003871730878
epigenomics_4693_filterContams_313,19.559028172210102,66.49356318578371
epigenomics_4693_filterContams_314,18.88115949853403,55.04585552894677
epigenomics_4693_filterContams_315,24.667279120549402,57.62804549799822
epigenomics_4693_filterContams_316,22.018487017174454,66.69894429532219
epigenomics_4693_filterContams_317,17.087263872927426,72.37334570689957
epigenomics_4693_filterContams_318,22.845833250065976,58.30959622800795
epigenomics_4693_filterContams_319,22.641084127346417,52.47921621392814
epigenomics_4693_filterContams_320,21.669980338344462,69.46778557333792
epigenomics_4693_filterContams_321,16.342156361763735,70.12056123778402
epigenomics_4693_filterContams_322,16.840007584871852,60.49316972995044
epigenomics_4693_filterContams_323,18.502735864614362,68.6701502636035
epigenomics_4693_filterContams_324,17.89381070562751,61.98293676670583
epigenomics_4693_filterContams_325,17.952740247635834,64.61870236085879
epigenomics_4693_filterContams_326,20.84098414406817,63.85217208547837
epigenomics_4693_filterContams_327,22.38045105984854,58.8514335512031
epigenomics_4693_filterContams_328,24.633341393297382,62.3771999607907
epigenomics_4693_filterContams_329,23.94636737194841,59.85070445625631
epigenomics_4693_filterContams_330,22.22469828082282,68.45890104526956
epigenomics_4693_filterContams_331,22.235814591528104,63.7404075143595
epigenomics_4693_filterContams_332,18.279718441843706,70.28563541384727
epigenomics_4693_filterContams_333,15.961332065953698,69.39101148440614
epigenomics_4693_filterContams_334,19.43407615088835,63.27924592264134
epigenomics_4693_filterContams_335,24.793928244170736,64.6780767906796
epigenomics_4693_filterContams_336,19.10433947452352,63.933111914649274
epigenomics_4693_filterContams_337,16.199340271787733,62.52878534279707
epigenomics_4693_filterContams_338,18.833738643387044,60.350668476837185
epigenomics_4693_filterContams_339,25.498050091053482,59.328797907426846
epigenomics_4693_filterContams_340,16.43189060661443,61.422771735799294
epigenomics_4693_filterContams_341,17.43042042128605,50.549796612618515
epigenomics_4693_filterContams_342,14.323590401486484,64.20491052656294
epigenomics_4693_filterContams_343,19.755691703351108,60.73859551778154
epigenomics_4693_filterContams_344,21.26961726620619,65.27502944185079
epigenomics_4693_filterContams_345,22.152034024454395,67.70294427690862
epigenomics_4693_filterContams_346,18.664527178155303,70.13446645786338
epigenomics_4693_filterContams_347,18.510513116248127,61.565725559250446
epigenomics_4693_filterContams_348,22.74925959593636,65.31729480743506
epigenomics_4693_filterContams_349,21.40210851016802,70.2921169153388
epigenomics_4693_filterContams_350,15.453059055058983,61.55863473522392
epigenomics_4693_filterContams_351,17.416088876941384,64.8439420947443
epigenomics_4693_filterContams_352,20.693621350132414,63.44127162250088
epigenomics_4693_filterContams_353,19.79160670703098,50.71286233581246
epigenomics_4693_filterContams_354,23.56357886998558,68.19288854218836
epigenomics_4693_filterContams_355,23.773963209647803,60.75781946674256
epigenomics_4693_filterContams_356,22.744832129239295,73.59168366627624
epigenomics_4693_filterContams_357,19.709110584950416,58.816672047037564
epigenomics_4693_filterContams_358,16.738906783921404,50.8500503304251
epigenomics_4693_filterContams_359,20.669198449547252,64.47412843951119
epigenomics_4693_filterContams_360,23.45508203115506,61.571897503326895
epigenomics_4693_filterContams_361,17.680185343096646,49.410967604593004
epigenomics_4693_filterContams_362,20.553837441988527,60.51040103366676
epigenomics_4693_filterContams_363,23.686377652049703,58.66928202346476
epigenomics_4693_filterContams_364,18.607903342268035,70.89697190060437
epigenomics_4693_filterContams_365,23.182116845950716,64.43321267687986
epigenomics_4693_filterContams_366,22.083116665880343,74.08692374648552
epigenomics_4693_filterContams_367,18.766099309107165,84.40743904539644
epigenomics_4693_filterContams_368,16.911652575881615,59.907996951055836
epigenomics_4693_filterContams_369,16.72541998246794,56.543004326062785
epigenomics_4693_filterContams_370,15.844490109245314,78.22769686947883
epigenomics_4693_filterContams_371,21.27580707269868,73.34119511007123
epigenomics_4693_filterContams_372,25.1196880889349,64.23684182985701
epigenomics_4693_filterContams_373,23.421578473895735,69.33467892203949
epigenomics_4693_filterContams_374,22.460496272010683,70.87716809959919
epigenomics_4693_filterContams_375,15.59272001293101,64.67735969074441
epigenomics_4693_filterContams_376,25.359931112268264,54.728783270736095
epigenomics_4693_filterContams_377,19.615014332941964,79.82980517549939
epigenomics_4693_filterContams_378,22.179675455481245,60.23887474538159
epigenomics_4693_filterContams_379,22.604946961679055,71.5112048236494
epigenomics_4693_filterContams_380,18.64027867698633,61.78393153271471
epigenomics_4693_filterContams_381,18.520670401318718,74.92677626453795
epigenomics_4693_filterContams_382,20.72419075624768,73.56107108019042
epigenomics_4693_filterContams_383,18.547698295255202,61.5629150180473
epigenomics_4693_filterContams_384,16.935641462901202,77.30078746871531
epigenomics_4693_filterContams_385,21.510885844848065,59.80396906765932
epigenomics_4693_filterContams_386,19.90652096748326,69.75918762166103
epigenomics_4693_filterContams_387,24.999157033779344,64.75007174749635
epigenomics_4693_filterContams_388,22.511139442090922,60.122809390670156
epigenomics_4693_filterContams_389,18.32529721156789,59.93668711191553
epigenomics_4693_filterContams_390,19.13558702956291,62.03762935037018
epigenomics_4693_filterContams_391,18.952846359077377,63.28040519037968
epigenomics_4693_filterContams_392,19.968154091264925,81.73960508503626
epigenomics_4693_filterContams_393,18.419972319702218,69.35597696660155
epigenomics_4693_filterContams_394,19.53886593747721,71.38324070637165
epigenomics_4693_filterContams_395,18.84503136260768,62.85542332213342
epigenomics_4693_filterContams_396,21.62728185954013,68.75449594593395
epigenomics_4693_filterContams_397,15.737449124278518,66.21159633409361
epigenomics_4693_filterContams_398,21.413427686274495,73.13782318020343
epigenomics_4693_filterContams_399,26.022241504820556,75.53790470332828
epigenomics_4693_filterContams_400,19.278364284336835,66.79347906708112
epigenomics_4693_filterContams_401,24.167054616112416,62.71453262797842
epigenomics_4693_filterContams_402,13.179665733188077,58.80778881268637
epigenomics_4693_filterContams_403,23.4199830401694,79.65417930318924
epigenomics_4693_filterContams_404,27.072677923581328,57.72614939624384
epigenomics_4693_filterContams_405,18.96053230782795,60.36463714212286
epigenomics_4693_filterContams_406,21.57919457289627,57.32270074982574
epigenomics_4693_filterContams_407,21.857525808201146,50.7570136674489
epigenomics_4693_filterContams_408,20.811658374872717,58.40623299718652
epigenomics_4693_filterContams_409,19.98791158442934,57.02236480236683
epigenomics_4693_filterContams_410,20.26203299291031,58.21069907045204
epigenomics_4693_filterContams_411,18.01549560067482,74.54799028838825
epigenomics_4693_filterContams_412,18.915997472260017,69.13321786648555
epigenomics_4693_filterContams_413,21.46901989967965,65.33561012696418
epigenomics_4693_filterContams_414,19.435292204899255,84.08680212328397
epigenomics_4693_filterContams_415,15.738282715325827,73.7227514170984
epigenomics_4693_filterContams_416,19.93615566597611,75.64900939373234
epigenomics_4693_filterContams_417,17.393657524072516,77.63247931127913
epigenomics_4693_filterContams_418,16.110358089538245,75.55517547673831
epigenomics_4693_filterContams_419,23.954117854471754,64.08948097749591
epigenomics_4693_filterContams_420,21.798664900052568,61.76798276029094
epigenomics_4693_filterContams_421,19.598488959885668,54.20695497224501
epigenomics_4693_filterContams_422,18.9651640623043,69.99956060017158
epigenomics_4693_filterContams_423,21.536023473117606,67.19056908614445
epigenomics_4693_filterContams_424,25.467782800902018,75.17551916132803
epigenomics_4693_filterContams_425,21.58907482263858,63.564266985632585
epigenomics_4693_filterContams_426,21.611649929359366,85.0218637274292
epigenomics_4693_filterContams_427,19.487847640894625,42.80278685697492
epigenomics_4693_filterContams_428,20.12384314279923,50.02651694097419
epigenomics_4693_filterContams_429,15.411857387697241,69.18799842579384
epigenomics_4693_filterContams_430,20.01821751443213,72.72891113275435
epigenomics_4693_filterContams_431,21.733371166040822,80.12343130920382
epigenomics_4693_filterContams_432,23.648126621517633,61.228153085259464
epigenomics_4693_filterContams_433,24.634227739065814,68.08115502253344
epigenomics_4693_filterContams_434,14.688369471753745,64.19716276914795
epigenomics_4693_filterContams_435,20.419789161448463,73.40591800229649
epigenomics_4693_filterContams_436,18.63876542209018,72.98896936451018
epigenomics_4693_filterContams_437,19.395571464983046,71.61790238958318
epigenomics_4693_filterContams_438,19.206895455954133,64.27710946244291
epigenomics_4693_filterContams_439,15.301105328713179,58.58680777431304
epigenomics_4693_filterContams_440,20.066855522163046,67.77019532030664
epigenomics_4693_filterContams_441,15.59475026776388,48.43742612076126
epigenomics_4693_filterContams_442,18.306413012734566,60.86070186639018
epigenomics_4693_filterContams_443,19.587606792880756,57.46176753951883
epigenomics_4693_filterContams_444,15.53981753609234,62.34106058462321
epigenomics_4693_filterContams_445,16.22745840480278,52.497487510181756
epigenomics_4693_filterContams_446,19.493699464157693,82.9513795256045
epigenomics_4693_filterContams_447,21.54175286142945,58.03371932638446
epigenomics_4693_filterContams_448,18.110760147708387,48.99866014433459
epigenomics_4693_filterContams_449,14.673589850894725,74.19026992585509
epigenomics_4693_filterContams_450,19.808394233486847,77.05972629882365
epigenomics_4693_filterContams_451,17.005797182399444,66.91119242528552
epigenomics_4693_filterContams_452,25.741983926201044,65.05431143480898
epigenomics_4693_filterContams_453,21.635201434667025,58.60264690913422
epigenomics_4693_filterContams_454,23.475183833214157,66.47835913011676
epigenomics_4693_filterContams_455,22.074011074693043,67.03797337199053
epigenomics_4693_filterContams_456,17.5823135999075,73.94502155022977
epigenomics_4693_filterContams_457,23.93356334705735,63.616700602817836
epigenomics_4693_filterContams_458,18.725765967789478,64.31792344408593
epigenomics_4693_filterContams_459,18.887191690368983,60.1588124218695
epigenomics_4693_filterContams_460,19.161244407083142,68.5109725594502
epigenomics_4693_filterContams_461,24.779704772060445,65.57560960044084
epigenomics_4693_filterContams_462,20.818403689896837,68.47493441256765
epigenomics_4693_filterContams_463,20.241203252446308,58.07305454532364
epigenomics_4693_filterContams_464,20.243883351569394,70.19985993773204
epigenomics_4693_filterContams_465,21.716865469369893,60.70991365884744
epigenomics_4693_filterContams_466,19.296635037072512,60.12715851899043
epigenomics_4693_filterContams_467,23.249538389138742,71.11461833181905
epigenomics_4693_filterContams_468,16.483009655476522,71.43708092008475
epigenomics_4693_filterContams_469,22.064635071913486,49.692910688779826
epigenomics_4693_filterContams_470,19.33969236666102,72.0842678755465
epigenomics_4693_filterContams_471,21.4744760618553,61.21990013467655
epigenomics_4693_filterContams_472,17.170208988510005,52.85084262157657
epigenomics_4693_filterContams_473,16.9226297362003,60.8989419478843
epigenomics_4693_filterContams_474,19.662751858583906,66.8407399389589
epigenomics_4693_filterContams_475,21.020850273983278,70.41758532057115
epigenomics_4693_filterContams_476,19.914878474265837,65.5746585886358
epigenomics_4693_filterContams_477,21.75408448028743,58.63567480652996
epigenomics_4693_filterContams_478,26.21353331497879,43.11722195103028
epigenomics_4693_filterContams_479,21.211601918128334,70.79763161537537
epigenomics_4693_filterContams_480,20.587154565725957,60.511228852696014
epigenomics_4693_filterContams_481,19.560560415041145,74.35989547979749
epigenomics_4693_filterContams_482,23.569744003960032,61.39244072535591
epigenomics_4693_filterContams_483,21.586761961969817,58.40772510916799
epigenomics_4693_filterContams_484,23.37400136329632,58.34325231067536
epigenomics_4693_filterContams_485,20.965802421032205,74.04954307451058
epigenomics_4693_filterContams_486,16.26104199467043,75.53124433206321
epigenomics_4693_filterContams_487,28.008108716234222,51.93144031138355
epigenomics_4693_filterContams_488,19.911669613304518,68.45886542927201
epigenomics_4693_filterContams_489,22.33762624852951,66.95578835343045
epigenomics_4693_filterContams_490,18.738496914729147,72.36075935727612
epigenomics_4693_filterContams_491,19.134722730187303,55.162907433807774
epigenomics_4693_filterContams_492,18.13278375621362,64.97148165482965
epigenomics_4693_filterContams_493,21.63166834711634,57.75499089562485
epigenomics_4693_filterContams_494,18.848929090455908,54.62163373977002
epigenomics_4693_filterContams_495,18.55702101611395,63.25592261596315
epigenomics_4693_filterContams_496,20.185564711066835,62.377126809071484
epigenomics_4693_filterContams_497,19.425318880322134,51.953193565193715
epigenomics_4693_filterContams_498,20.79963031880021,67.86385408492136
epigenomics_4693_filterContams_499,22.80505830539124,64.02967300663165
epigenomics_4693_sol2sanger_0,83.61841691567626,45.32994560350964
epigenomics_4693_sol2sanger_1,87.38065048060535,40.71795457958387
epigenomics_4693_sol2sanger_2,81.29735059449801,38.047272113703514
epigenomics_4693_sol2sanger_3,79.6433355351094,33.24193880878998
epigenomics_4693_sol2sanger_4,73.11931751873814,38.017366771861305
epigenomics_4693_sol2sanger_5,79.8957215279333,52.43700344945333
epigenomics_4693_sol2sanger_6,75.76504127028507,37.77419417372083
epigenomics_4693_sol2sanger_7,90.55913923225822,45.258945980709115
epigenomics_4693_sol2sanger_8,81.96164726578179,58.55170324407813
epigenomics_4693_sol2sanger_9,82.61030768056978,53.08480290830672
epigenomics_4693_sol2sanger_10,84.99223061967061,50.98616385162562
epigenomics_4693_sol2sanger_11,80.25204917242642,46.52365746315517
epigenomics_4693_sol2sanger_12,83.5618343095633,43.02137182267012
epigenomics_4693_sol2sanger_13,80.46987196860402,60.205554752704344
epigenomics_4693_sol2sanger_14,79.72926387217294,41.98966312843727
epigenomics_4693_sol2sanger_15,86.6445372722633,28.712492469300233
epigenomics_4693_sol2sanger_16,79.43723131272426,53.31002981957987
epigenomics_4693_sol2sanger_17,76.13061492013762,62.41475819605342
epigenomics_4693_sol2sanger_18,75.49055494468575,53.159248914291055
epigenomics_4693_sol2sanger_19,84.09998992712306,59.3106183085803
epigenomics_4693_sol2sanger_20,86.06555198815569,37.56135692234214
epigenomics_4693_sol2sanger_21,79.0991831925842,51.21996643751164
epigenomics_4693_sol2sanger_22,67.79281123195256,43.27501921402621
epigenomics_4693_sol2sanger_23,79.65407548086193,42.26935671873365
epigenomics_4693_sol2sanger_24,78.37166112909024,56.60077748475527
epigenomics_4693_sol2sanger_25,80.18591916758314,47.86713112066366
epigenomics_4693_sol2sanger_26,87.88371583899989,46.58026243275829
epigenomics_4693_sol2sanger_27,72.16665113040432,58.88498478828003
epigenomics_4693_sol2sanger_28,76.47391335601364,49.20070985099404
epigenomics_4693_sol2sanger_29,65.84659845613436,49.95005184876577
epigenomics_4693_sol2sanger_30,84.51831052752104,49.30938533426631
epigenomics_4693_sol2sanger_31,82.89526428475085,24.978061497994478
epigenomics_4693_sol2sanger_32,81.30593239675765,26.89919963767397
epigenomics_4693_sol2sanger_33,71.6784680337072,42.566237027367876
epigenomics_4693_sol2sanger_34,74.8248794372575,48.850561282621115
epigenomics_4693_sol2sanger_35,77.18554663353427,44.91627118788255
epigenomics_4693_sol2sanger_36,78.33665571402766,50.30590295759423
epigenomics_4693_sol2sanger_37,79.4080635104305,45.66298644130592
epigenomics_4693_sol2sanger_38,79.17219916774702,50.02948102660872
epigenomics_4693_sol2sanger_39,77.49982034502476,21.758430370488444
epigenomics_4693_sol2sanger_40,79.69038396205315,33.88078516834721
epigenomics_4693_sol2sanger_41,77.35566988707232,36.08379752582363
epigenomics_4693_sol2sanger_42,76.9135835648244,46.424542388981536
epigenomics_4693_sol2sanger_43,72.96304126946681,35.07377759629692
epigenomics_4693_sol2sanger_44,72.78173136300556,33.703682868225954
epigenomics_4693_sol2sanger_45,76.87767633486934,39.56752920628539
epigenomics_4693_sol2sanger_46,85.94289397989611,39.94788948584748
epigenomics_4693_sol2sanger_47,86.07537099060978,50.27882867380697
epigenomics_4693_sol2sanger_48,80.10350162035742,48.29607422118046
epigenomics_4693_sol2sanger_49,78.7942178520609,31.823040386295503
epigenomics_4693_sol2sanger_50,77.82818820337535,38.52644389088195
epigenomics_4693_sol2sanger_51,82.89423981808547,35.41699128130761
epigenomics_4693_sol2sanger_52,78.89728210844856,43.34873741692837
epigenomics_4693_sol2sanger_53,84.40484487600025,53.68070065971054
epigenomics_4693_sol2sanger_54,79.23057616632677,49.71883028120672
epigenomics_4693_sol2sanger_55,88.8118383823676,37.99501186983645
epigenomics_4693_sol2sanger_56,82.67548276046968,38.864034896111676
epigenomics_4693_sol2sanger_57,84.03840469832824,38.46210979125587
epigenomics_4693_sol2sanger_58,76.13408947040267,50.435342701151384
epigenomics_4693_sol2sanger_59,75.43357545002017,33.92164279886431
epigenomics_4693_sol2sanger_60,74.88232398751849,44.777659210408714
epigenomics_4693_sol2sanger_61,86.7576429154925,59.9731415545659
epigenomics_4693_sol2sanger_62,84.58115721994113,54.853970462903234
epigenomics_4693_sol2sanger_63,90.91944849164794,48.511520768655885
epigenomics_4693_sol2sanger_64,72.79633204038927,50.63659121776391
epigenomics_4693_sol2sanger_65,81.5819618829855,45.82927491370349
epigenomics_4693_sol2sanger_66,81.50031425868174,47.67794352323342
epigenomics_4693_sol2sanger_67,79.51220465389397,49.87442056011004
epigenomics_4693_sol2sanger_68,84.56989350252478,31.36839271833236
epigenomics_4693_sol2sanger_69,82.75089138889837,50.83103121282089
epigenomics_4693_sol2sanger_70,77.86088199517701,40.733453269239114
epigenomics_4693_sol2sanger_71,82.02933567370971,43.03431688890582
epigenomics_4693_sol2sanger_72,77.73843856173758,55.0545154380854
epigenomics_4693_sol2sanger_73,75.70565259061402,48.698062199860125
epigenomics_4693_sol2sanger_74,85.6362908271184,32.93926471226116
epigenomics_4693_sol2sanger_75,76.48503205015078,42.39071836026817
epigenomics_4693_sol2sanger_76,79.74273617145961,50.91671029645026
epigenomics_4693_sol2sanger_77,81.01497026613477,43.989526074711634
epigenomics_4693_sol2sanger_78,85.26508988929608,62.73357066015014
epigenomics_4693_sol2sanger_79,73.01757607926896,44.344079371617376
epigenomics_4693_sol2sanger_80,81.2331882645767,37.01290440576696
epigenomics_4693_sol2sanger_81,87.90037588701458,33.62037326795581
epigenomics_4693_sol2sanger_82,81.5106366821442,49.07249604479209
epigenomics_4693_sol2sanger_83,79.10577594448434,29.294073020857937
epigenomics_4693_sol2sanger_84,81.71241734761394,49.42946828531882
epigenomics_4693_sol2sanger_85,79.62991868362944,31.367499861775702
epigenomics_4693_sol2sanger_86,76.45585912237273,33.036817211345394
epigenomics_4693_sol2sanger_87,82.87104352251285,57.710051322889655
epigenomics_4693_sol2sanger_88,82.7398894463928,48.75243707822949
epigenomics_4693_sol2sanger_89,82.16750444041638,47.080653644816245
epigenomics_4693_sol2sanger_90,77.53471548713148,52.09876909733018
epigenomics_4693_sol2sanger_91,84.53301038056017,36.971185325984266
epigenomics_4693_sol2sanger_92,75.16450026986615,39.120340194977985
epigenomics_4693_sol2sanger_93,83.73369326879404,40.466736734854585
epigenomics_4693_sol2sanger_94,77.00627909114135,33.52291723761138
epigenomics_4693_sol2sanger_95,77.26480282319733,45.458877361916194
epigenomics_4693_sol2sanger_96,76.28344390158132,40.322737037833754
epigenomics_4693_sol2sanger_97,80.63236164738679,53.36949962616953
epigenomics_4693_sol2sanger_98,70.10738430911557,50.02042425089412
epigenomics_4693_sol2sanger_99,78.02476527955052,44.47616047270916
epigenomics_4693_sol2sanger_100,94.05959887697772,46.64691311829756
epigenomics_4693_sol2sanger_101,74.60853848990195,45.48594417420784
epigenomics_4693_sol2sanger_102,86.94922683919027,53.45846305264336
epigenomics_4693_sol2sanger_103,75.76067775565066,44.08971458348143
epigenomics_4693_sol2sanger_104,86.74854581979393,54.351097487104845
epigenomics_4693_sol2sanger_105,80.84444614662925,44.46476399834453
epigenomics_4693_sol2sanger_106,86.89164788366527,43.35863839392806
epigenomics_4693_sol2sanger_107,83.36386948409547,45.371916376479
epigenomics_4693_sol2sanger_108,86.63952310657776,36.09297105831546
epigenomics_4693_sol2sanger_109,83.3528692528146,36.858285345520386
epigenomics_4693_sol2sanger_110,78.33558102608873,48.12502775208521
epigenomics_4693_sol2sanger_111,75.06160674461029,52.34223588762315
epigenomics_4693_sol2sanger_112,85.29177287314012,25.618041001213854
epigenomics_4693_sol2sanger_113,87.78480688829113,42.54477635317246
epigenomics_4693_sol2sanger_114,76.5909753138391,45.14806813994536
epigenomics_4693_sol2sanger_115,81.31934030760543,23.012120861905352
epigenomics_4693_sol2sanger_116,82.02955377734881,51.168615739297316
epigenomics_4693_sol2sanger_117,86.54478952175738,33.88632024917944
epigenomics_4693_sol2sanger_118,78.8583491692445,27.928061951630433
epigenomics_4693_sol2sanger_119,79.37197151602307,37.23510799638488
epigenomics_4693_sol2sanger_120,78.88190845381399,38.83300513999576
epigenomics_4693_sol2sanger_121,89.03726218891185,36.351667713597145
epigenomics_4693_sol2sanger_122,79.22234135211674,39.75877465679224
epigenomics_4693_sol2sanger_123,78.01283581778598,45.956291338350056
epigenomics_4693_sol2sanger_124,77.98032221093476,47.74502778737945
epigenomics_4693_sol2sanger_125,67.0064962202465,49.8806173614888
epigenomics_4693_sol2sanger_126,77.45474358439176,39.23199155791353
epigenomics_4693_sol2sanger_127,81.95329921245443,39.22048044412522
epigenomics_4693_sol2sanger_128,76.96309674713929,44.903047310105414
epigenomics_4693_sol2sanger_129,71.64403751258945,57.89558172914576
epigenomics_4693_sol2sanger_130,80.55090103507118,43.47927893605601
epigenomics_4693_sol2sanger_131,80.0671064789126,41.16468093397553
epigenomics_4693_sol2sanger_132,85.75180217829437,45.551905112347875
epigenomics_4693_sol2sanger_133,81.97162429953562,37.262597718549955
epigenomics_4693_sol2sanger_134,78.33600267172065,44.298448649799184
epigenomics_4693_sol2sanger_135,81.6570842069175,51.029843536870374
epigenomics_4693_sol2sanger_136,74.67214136798977,42.23976420579392
epigenomics_4693_sol2sanger_137,78.95654174862331,44.559318205247166
epigenomics_4693_sol2sanger_138,82.83391000430836,31.428569806755956
epigenomics_4693_sol2sanger_139,72.82422013849462,42.8231461726013
epigenomics_4693_sol2sanger_140,80.54631408980971,40.251199226994224
epigenomics_4693_sol2sanger_141,74.22517656465541,70.03242970706992
epigenomics_4693_sol2sanger_142,77.69210169405427,52.796880973060524
epigenomics_4693_sol2sanger_143,82.23769426446492,27.22419721045695
epigenomics_4693_sol2sanger_144,90.01839149234922,53.66436724193966
epigenomics_4693_sol2sanger_145,73.424521691748,40.19003023586681
epigenomics_4693_sol2sanger_146,74.23664138529328,56.143676864277644
epigenomics_4693_sol2sanger_147,80.03789969033731,55.407816486746796
epigenomics_4693_sol2sanger_148,83.17250924192608,46.352925513542274
epigenomics_4693_sol2sanger_149,80.14152096775801,54.65369535387419
epigenomics_4693_sol2sanger_150,79.8679136459271,33.25736958118475
epigenomics_4693_sol2sanger_151,84.82867506654543,54.798810905741874
epigenomics_4693_sol2sanger_152,82.5486005748705,57.45113461797429
epigenomics_4693_sol2sanger_153,78.92896575461472,48.71645074146046
epigenomics_4693_sol2sanger_154,73.50176113834047,53.02719248147527
epigenomics_4693_sol2sanger_155,79.56624000974833,36.6940046046723
epigenomics_4693_sol2sanger_156,82.97105234858977,47.39592716589558
epigenomics_4693_sol2sanger_157,72.09174269456246,53.25295423403443
epigenomics_4693_sol2sanger_158,76.37006070989297,44.192046379220066
epigenomics_4693_sol2sanger_159,72.99440821533733,51.13332718584276
epigenomics_4693_sol2sanger_160,78.32408977475924,48.25043404225296
epigenomics_4693_sol2sanger_161,83.28637687334168,39.861905341620286
epigenomics_4693_sol2sanger_162,91.29515215556606,57.33365766474033
epigenomics_4693_sol2sanger_163,82.59952162837938,37.61359752699768
epigenomics_4693_sol2sanger_164,78.02163798793764,49.73310526921169
epigenomics_4693_sol2sanger_165,86.432621001171,33.76529681249998
epigenomics_4693_sol2sanger_166,83.90805587675791,56.54494677913027
epigenomics_4693_sol2sanger_167,78.56391265111425,43.00882121254869
epigenomics_4693_sol2sanger_168,77.56991312122277,45.15147664905103
epigenomics_4693_sol2sanger_169,71.90343789437499,47.728182701804975
epigenomics_4693_sol2sanger_170,83.81081160185363,45.51081811020497
epigenomics_4693_sol2sanger_171,85.59444411572403,54.531762858766136
epigenomics_4693_sol2sanger_172,86.62428973630973,45.26439452013273
epigenomics_4693_sol2sanger_173,71.96804823659568,45.00245294161574
epigenomics_4693_sol2sanger_174,82.92370749473541,56.14491489243234
epigenomics_4693_sol2sanger_175,83.81019608505055,47.290010342998684
epigenomics_4693_sol2sanger_176,79.81555068002524,45.07166216771446
epigenomics_4693_sol2sanger_177,83.91122137234777,26.409265806362143
epigenomics_4693_sol2sanger_178,73.20878747390624,35.37634455011835
epigenomics_4693_sol2sanger_179,83.26160191056769,44.58673062549164
epigenomics_4693_sol2sanger_180,73.15054103542852,37.07957622086461
epigenomics_4693_sol2sanger_181,73.17192508655504,28.775459297862284
epigenomics_4693_sol2sanger_182,79.89604733853761,57.08788193923971
epigenomics_4693_sol2sanger_183,82.03790221314237,36.261156185016425
epigenomics_4693_sol2sanger_184,78.50593712344144,45.045171248754976
epigenomics_4693_sol2sanger_185,79.82387294524258,39.42389255043484
epigenomics_4693_sol2sanger_186,75.25202994558133,61.65660979763135
epigenomics_4693_sol2sanger_187,79.94864364373387,45.228915332474074
epigenomics_4693_sol2sanger_188,76.79826169308389,47.2825715355848
epigenomics_4693_sol2sanger_189,86.91457551646926,51.39087107381187
epigenomics_4693_sol2sanger_190,87.77412874440525,37.09550946522363
epigenomics_4693_sol2sanger_191,76.66688121354215,35.61340409936736
epigenomics_4693_sol2sanger_192,83.83599254155972,45.0352663202026
epigenomics_4693_sol2sanger_193,79.64148161796587,44.68046556406573
epigenomics_4693_sol2sanger_194,75.70731988382032,30.743922488147316
epigenomics_4693_sol2sanger_195,74.88242036680838,36.23508752463056
epigenomics_4693_sol2sanger_196,83.10142548175448,48.14666377215609
epigenomics_4693_sol2sanger_197,83.33602372244951,47.458713497200186
epigenomics_4693_sol2sanger_198,76.56029478658758,39.60341079270615
epigenomics_4693_sol2sanger_199,85.88833611980574,37.380312991610694
epigenomics_4693_sol2sanger_200,76.41123991553982,48.388720632643384
epigenomics_4693_sol2sanger_201,74.9179021275439,43.41918642719319
epigenomics_4693_sol2sanger_202,81.31053275345377,51.35437915891515
epigenomics_4693_sol2sanger_203,68.5395613805694,40.492321743489015
epigenomics_4693_sol2sanger_204,79.76167183676964,38.064285005272204
epigenomics_4693_sol2sanger_205,78.44872688349832,48.253858763808324
epigenomics_4693_sol2sanger_206,73.61570935360487,40.78790374590025
epigenomics_4693_sol2sanger_207,80.29660124288945,43.94169390014721
epigenomics_4693_sol2sanger_208,92.08905639456472,34.70670512962027
epigenomics_4693_sol2sanger_209,83.29079148482758,33.46795905890082
epigenomics_4693_sol2sanger_210,77.51940518147379,50.45760584397052
epigenomics_4693_sol2sanger_211,85.60289148110162,40.024429378514036
epigenomics_4693_sol2sanger_212,79.03232699081613,36.91787748293641
epigenomics_4693_sol2sanger_213,74.25898979624994,46.364982424858525
epigenomics_4693_sol2sanger_214,78.94463897337823,38.14962083334925
epigenomics_4693_sol2sanger_215,73.92999915708461,56.238517122447576
epigenomics_4693_sol2sanger_216,87.70418246463296,36.169021928977386
epigenomics_4693_sol2sanger_217,86.16579829221968,47.33540829537844
epigenomics_4693_sol2sanger_218,76.25643705270865,32.81582881682694
epigenomics_4693_sol2sanger_219,78.90095168715952,42.976474235774475
epigenomics_4693_sol2sanger_220,78.20905145728489,39.658163790788876
epigenomics_4693_sol2sanger_221,81.37349890265948,49.48080317656487
epigenomics_4693_sol2sanger_222,81.3093869906697,38.49261364533046
epigenomics_4693_sol2sanger_223,74.9423925458837,37.92796813431137
epigenomics_4693_sol2sanger_224,83.33028431082587,66.9331560234865
epigenomics_4693_sol2sanger_225,75.73803392009746,51.647089136505556
epigenomics_4693_sol2sanger_226,74.60801055906025,49.513371288624974
epigenomics_4693_sol2sanger_227,82.15916243947504,50.75964130236182
epigenomics_4693_sol2sanger_228,70.19972247223504,48.38466809884408
epigenomics_4693_sol2sanger_229,81.18373086411248,52.1265337001882
epigenomics_4693_sol2sanger_230,76.07472906666007,37.739086603085944
epigenomics_4693_sol2sanger_231,79.26145948512551,35.772616077444724
epigenomics_4693_sol2sanger_232,68.62849732212311,38.90875478938696
epigenomics_4693_sol2sanger_233,91.77878155477798,40.606293461517744
epigenomics_4693_sol2sanger_234,79.8535753969441,47.6360832892551
epigenomics_4693_sol2sanger_235,82.05423217085523,38.69753017563993
epigenomics_4693_sol2sanger_236,85.70093973678809,34.43570317486895
epigenomics_4693_sol2sanger_237,74.37127160293423,51.68712351228137
epigenomics_4693_sol2sanger_238,75.64517055626085,50.81431857452583
epigenomics_4693_sol2sanger_239,86.42132074368725,48.825508820218
epigenomics_4693_sol2sanger_240,79.64140172518138,34.11512803598595
epigenomics_4693_sol2sanger_241,76.77738658702386,41.71610610649479
epigenomics_4693_sol2sanger_242,82.58787821555725,38.92793103589462
epigenomics_4693_sol2sanger_243,87.45739037033431,41.117961864625244
epigenomics_4693_sol2sanger_244,76.4123438423473,48.112914858735955
epigenomics_4693_sol2sanger_245,79.98289642514592,57.13820605430036
epigenomics_4693_sol2sanger_246,72.33029323326043,59.64659237585604
epigenomics_4693_sol2sanger_247,81.78382141070198,46.58928028131458
epigenomics_4693_sol2sanger_248,87.87866594650973,48.16274586224512
epigenomics_4693_sol2sanger_249,83.3966609479769,34.720592838732394
epigenomics_4693_sol2sanger_250,82.30430389499803,45.23069082445682
epigenomics_4693_sol2sanger_251,76.18740975009159,50.295438059379
epigenomics_4693_sol2sanger_252,75.55516157756013,50.40599110241081
epigenomics_4693_sol2sanger_253,86.82096871842869,42.788479060385576
epigenomics_4693_sol2sanger_254,79.44051990880953,45.44835927551446
epigenomics_4693_sol2sanger_255,72.57723915176526,45.326891292457546
epigenomics_4693_sol2sanger_256,90.6467117662755,42.59125545112387
epigenomics_4693_sol2sanger_257,90.29451436017737,35.27148997275634
epigenomics_4693_sol2sanger_258,72.65493467600947,40.26422302057877
epigenomics_4693_sol2sanger_259,80.61901519193151,42.12673103665502
epigenomics_4693_sol2sanger_260,83.15288050805609,36.22178472905264
epigenomics_4693_sol2sanger_261,76.13076661469518,52.22483128706752
epigenomics_4693_sol2sanger_262,76.13689929087857,43.43760048849428
epigenomics_4693_sol2sanger_263,81.88772584880735,37.286838616084424
epigenomics_4693_sol2sanger_264,84.33506675526174,39.05856315404515
epigenomics_4693_sol2sanger_265,78.12139838912601,55.531756860868555
epigenomics_4693_sol2sanger_266,77.19224259909377,37.16362713536939
epigenomics_4693_sol2sanger_267,84.41208078510701,43.976929138784854
epigenomics_4693_sol2sanger_268,77.57744496400434,44.522296461217536
epigenomics_4693_sol2sanger_269,80.24317778078786,40.60025604198874
epigenomics_4693_sol2sanger_270,96.74254679554043,47.09799361871148
epigenomics_4693_sol2sanger_271,76.00769645043556,46.206047275276156
epigenomics_4693_sol2sanger_272,74.51554868078428,44.74632019901159
epigenomics_4693_sol2sanger_273,75.27765971143246,48.69137494691355
epigenomics_4693_sol2sanger_274,83.46203685488379,31.611410825972715
epigenomics_4693_sol2sanger_275,72.03489615487238,46.530377455357204
epigenomics_4693_sol2sanger_276,86.41231367581027,46.15702653775438
epigenomics_4693_sol2sanger_277,82.36101805681476,36.11879952901364
epigenomics_4693_sol2sanger_278,77.01287521636306,49.418168315852185
epigenomics_4693_sol2sanger_279,84.90469153658822,34.62020505855869
epigenomics_4693_sol2sanger_280,72.46991414257674,34.77002162813375
epigenomics_4693_sol2sanger_281,80.28607382973696,49.26009827597971
epigenomics_4693_sol2sanger_282,84.68348933826346,45.730911499916495
epigenomics_4693_sol2sanger_283,90.54818334992578,41.61540059178644
epigenomics_4693_sol2sanger_284,79.21612775734637,39.00111138299144
epigenomics_4693_sol2sanger_285,85.44019776525172,55.71922710108705
epigenomics_4693_sol2sanger_286,83.32316829148401,37.28583376305116
epigenomics_4693_sol2sanger_287,83.1302515070415,34.07942141911303
epigenomics_4693_sol2sanger_288,77.6763477898233,43.974449206194336
epigenomics_4693_sol2sanger_289,80.65762300466908,33.383746515069056
epigenomics_4693_sol2sanger_290,68.67042925080268,37.19342673449567
epigenomics_4693_sol2sanger_291,81.82505398534333,45.34306722214435
epigenomics_4693_sol2sanger_292,80.93834757702001,32.831185373136556
epigenomics_4693_sol2sanger_293,75.4743695858597,34.502884607581656
epigenomics_4693_sol2sanger_294,87.63769904910691,52.232759286210396
epigenomics_4693_sol2sanger_295,86.58634394433558,48.7323967441104
epigenomics_4693_sol2sanger_296,81.16739752083492,55.90458053974743
epigenomics_4693_sol2sanger_297,87.84426664726118,34.09661158947104
epigenomics_4693_sol2sanger_298,82.87167113045267,50.82084532193018
epigenomics_4693_sol2sanger_299,80.64166759147042,29.825692562921674
epigenomics_4693_sol2sanger_300,78.37771878739349,38.01982218252908
epigenomics_4693_sol2sanger_301,76.83334259382656,60.25536643266332
epigenomics_4693_sol2sanger_302,82.11598568143694,58.60635266018977
epigenomics_4693_sol2sanger_303,76.71801281181808,57.347243439045826
epigenomics_4693_sol2sanger_304,80.75563325593782,39.46125637488467
epigenomics_4693_sol2sanger_305,84.30314083898334,39.474988533277426
epigenomics_4693_sol2sanger_306,83.62631667437029,50.89455729880707
epigenomics_4693_sol2sanger_307,71.73795207737793,47.923485649303245
epigenomics_4693_sol2sanger_308,73.51384711318582,50.34427018293479
epigenomics_4693_sol2sanger_309,83.53944542691184,57.305853100736954
epigenomics_4693_sol2sanger_310,84.15889756859421,46.02087774130158
epigenomics_4693_sol2sanger_311,85.27489230172482,44.68928658333176
epigenomics_4693_sol2sanger_312,78.29479697222763,29.214242358167347
epigenomics_4693_sol2sanger_313,76.98577101907742,44.066902201869055
epigenomics_4693_sol2sanger_314,76.0735493266699,43.1143412080998
epigenomics_4693_sol2sanger_315,80.33238619811652,49.81159807509046
epigenomics_4693_sol2sanger_316,67.81878295271949,52.436113886079056
epigenomics_4693_sol2sanger_317,85.33456618877462,47.47645558881994
epigenomics_4693_sol2sanger_318,78.99074829400176,53.63358775647261
epigenomics_4693_sol2sanger_319,76.96801588816761,41.809254002917285
epigenomics_4693_sol2sanger_320,79.29375748328624,60.14342140401047
epigenomics_4693_sol2sanger_321,81.16187149331097,40.40098017257179
epigenomics_4693_sol2sanger_322,71.09325989690787,29.721662803596416
epigenomics_4693_sol2sanger_323,77.84264328155838,40.317779066151
epigenomics_4693_sol2sanger_324,79.70055509320233,41.67628387274604
epigenomics_4693_sol2sanger_325,90.56448914978999,35.403148538425626
epigenomics_4693_sol2sanger_326,76.53873414434467,33.61535184049272
epigenomics_4693_sol2sanger_327,76.14514377343632,53.00739887820589
epigenomics_4693_sol2sanger_328,78.40387309014595,12.375611613760867
epigenomics_4693_sol2sanger_329,86.39568817595057,43.65026519275832
epigenomics_4693_sol2sanger_330,78.2583973677968,40.03436370261361
epigenomics_4693_sol2sanger_331,77.50358299525271,52.4526233516794
epigenomics_4693_sol2sanger_332,79.63543893033092,42.60476466113249
epigenomics_4693_sol2sanger_333,80.85974441661223,42.48245511306379
epigenomics_4693_sol2sanger_334,86.17504140550277,41.15485006142855
epigenomics_4693_sol2sanger_335,79.37511373238111,35.785957328118336
epigenomics_4693_sol2sanger_336,78.56507219648563,50.94436216027299
epigenomics_4693_sol2sanger_337,71.6999462898894,58.468952686838534
epigenomics_4693_sol2sanger_338,72.70358982229514,32.01166427411042
epigenomics_4693_sol2sanger_339,79.1593983060112,41.75712138295226
epigenomics_4693_sol2sanger_340,79.8492333946141,35.74655575694049
epigenomics_4693_sol2sanger_341,83.07220205218279,40.82709136425957
epigenomics_4693_sol2sanger_342,77.05654102998966,50.60371189110787
epigenomics_4693_sol2sanger_343,62.49581988060796,40.25732173459525
epigenomics_4693_sol2sanger_344,81.19891174596374,37.573975870189294
epigenomics_4693_sol2sanger_345,85.94489898881379,56.66552287664142
epigenomics_4693_sol2sanger_346,85.57809217451795,44.770241667127024
epigenomics_4693_sol2sanger_347,77.82497833231858,49.68228820147191
epigenomics_4693_sol2sanger_348,88.00487664422026,35.24845442858235
epigenomics_4693_sol2sanger_349,86.74697977103253,42.21799685232411
epigenomics_4693_sol2sanger_350,80.05620135066633,44.08603470204156
epigenomics_4693_sol2sanger_351,80.1373545326568,45.61271857572118
epigenomics_4693_sol2sanger_352,85.25563543154078,37.15890022922304
epigenomics_4693_sol2sanger_353,90.4022576486523,49.15386576596336
epigenomics_4693_sol2sanger_354,80.20784599670864,48.17869750979607
epigenomics_4693_sol2sanger_355,66.83909390641038,34.44187884028791
epigenomics_4693_sol2sanger_356,88.55095496079481,38.49719532916432
epigenomics_4693_sol2sanger_357,79.53462051979024,53.02933987815713
epigenomics_4693_sol2sanger_358,76.35517861607387,50.47616489507454
epigenomics_4693_sol2sanger_359,79.6589724893937,49.77751955884609
epigenomics_4693_sol2sanger_360,82.10694460725485,42.17166959428138
epigenomics_4693_sol2sanger_361,81.372044170743,56.48733534828444
epigenomics_4693_sol2sanger_362,75.3051666916052,49.04644259336578
epigenomics_4693_sol2sanger_363,76.69453704745167,56.140639590150464
epigenomics_4693_sol2sanger_364,79.58579028428335,39.67531954165325
epigenomics_4693_sol2sanger_365,78.13106539108315,52.86550991337479
epigenomics_4693_sol2sanger_366,76.96918391247158,52.36045282360939
epigenomics_4693_sol2sanger_367,79.83414544744456,50.5159737312927
epigenomics_4693_sol2sanger_368,76.15198568997855,54.05423130286656
epigenomics_4693_sol2sanger_369,77.26997946971274,29.393049329930662
epigenomics_4693_sol2sanger_370,72.20771989202122,34.89370028631572
epigenomics_4693_sol2sanger_371,76.11241180563434,33.17759334826796
epigenomics_4693_sol2sanger_372,75.07578339561785,46.309116512239015
epigenomics_4693_sol2sanger_373,89.27910282919717,54.40297268772833
epigenomics_4693_sol2sanger_374,80.52773547334047,30.538611667644464
epigenomics_4693_sol2sanger_375,79.81933286937772,49.784481943763794
epigenomics_4693_sol2sanger_376,84.56447524135103,43.8606932777728
epigenomics_4693_sol2sanger_377,73.26619816315572,57.48436741764218
epigenomics_4693_sol2sanger_378,82.43536403241849,59.39948551819444
epigenomics_4693_sol2sanger_379,75.42789717475965,51.28350791603492
epigenomics_4693_sol2sanger_380,75.10328271291523,55.3259911853773
epigenomics_4693_sol2sanger_381,87.09974922189511,39.25270656363295
epigenomics_4693_sol2sanger_382,73.09119279908931,52.76144878907055
epigenomics_4693_sol2sanger_383,84.2718425480743,38.741518023288435
epigenomics_4693_sol2sanger_384,76.98943799971971,47.24338538854478
epigenomics_4693_sol2sanger_385,79.97680691401877,39.41565542809259
epigenomics_4693_sol2sanger_386,79.11336087867815,52.9770226538923
epigenomics_4693_sol2sanger_387,85.59420013714107,51.67007991016887
epigenomics_4693_sol2sanger_388,85.04626962997527,31.384481314645473
epigenomics_4693_sol2sanger_389,76.79289344993013,49.386492058177794
epigenomics_4693_sol2sanger_390,83.65796324221047,64.57840752284424
epigenomics_4693_sol2sanger_391,67.55316796116423,50.971129513239674
epigenomics_4693_sol2sanger_392,79.71633868103808,36.110295358286606
epigenomics_4693_sol2sanger_393,78.92698515524164,43.329838546237596
epigenomics_4693_sol2sanger_394,82.63457910577472,50.56342759893628
epigenomics_4693_sol2sanger_395,77.30563198728446,52.72004599855018
epigenomics_4693_sol2sanger_396,82.2278551157398,47.73381362335867
epigenomics_4693_sol2sanger_397,81.81140524438551,35.22099078998401
epigenomics_4693_sol2sanger_398,82.4543109531063,35.483582315492725
epigenomics_4693_sol2sanger_399,80.12815207380847,39.250264751538424
epigenomics_4693_sol2sanger_400,76.24684800429165,35.77730949102601
epigenomics_4693_sol2sanger_401,80.99732012497249,40.45913335212738
epigenomics_4693_sol2sanger_402,73.8768058544729,42.75887285564904
epigenomics_4693_sol2sanger_403,72.61477104929989,52.288672060856825
epigenomics_4693_sol2sanger_404,69.615553257003,40.67180201732877
epigenomics_4693_sol2sanger_405,88.67679052408694,51.5587236354345
epigenomics_4693_sol2sanger_406,80.01983247113411,39.138750510783076
epigenomics_4693_sol2sanger_407,73.29367177540146,36.86035890870751
epigenomics_4693_sol2sanger_408,81.79835636859927,49.542019213413084
epigenomics_4693_sol2sanger_409,89.21155454835754,37.49209221271399
epigenomics_4693_sol2sanger_410,78.82583513010911,43.390022164825524
epigenomics_4693_sol2sanger_411,71.92183777205855,20.69786419857056
epigenomics_4693_sol2sanger_412,77.08938806069611,37.0781749644748
epigenomics_4693_sol2sanger_413,74.8427061281082,68.3105447730326
epigenomics_4693_sol2sanger_414,76.95936719115277,35.28995931268737
epigenomics_4693_sol2sanger_415,81.27036128156445,34.91019693989838
epigenomics_4693_sol2sanger_416,88.73912938108475,51.280716539026216
epigenomics_4693_sol2sanger_417,81.91645597934115,50.50262817655685
epigenomics_4693_sol2sanger_418,78.97687767794271,43.93669272944563
epigenomics_4693_sol2sanger_419,75.3382779936724,49.83723021554386
epigenomics_4693_sol2sanger_420,79.3979325833361,34.59520578849888
epigenomics_4693_sol2sanger_421,75.49291932197377,36.276800293812386
epigenomics_4693_sol2sanger_422,77.61510884076834,42.95746235342444
epigenomics_4693_sol2sanger_423,76.50489506111691,50.886154615888515
epigenomics_4693_sol2sanger_424,69.16399340327993,38.39838126960698
epigenomics_4693_sol2sanger_425,72.64631885204308,37.97952698207998
epigenomics_4693_sol2sanger_426,80.68998455067536,53.10636357144061
epigenomics_4693_sol2sanger_427,83.19414495454065,39.565449154557975
epigenomics_4693_sol2sanger_428,84.73130162327975,51.04346602455143
epigenomics_4693_sol2sanger_429,85.96885905990725,43.643737412102624
epigenomics_4693_sol2sanger_430,81.86350807584347,51.27775818078496
epigenomics_4693_sol2sanger_431,75.31396759542271,40.63110206745861
epigenomics_4693_sol2sanger_432,77.03567246289943,46.932787132432466
epigenomics_4693_sol2sanger_433,77.14779681367045,32.92846328280927
epigenomics_4693_sol2sanger_434,78.59781773889289,50.970739776544654
epigenomics_4693_sol2sanger_435,76.56753069529826,44.30089715227568
epigenomics_4693_sol2sanger_436,73.69797616223934,50.200724543454214
epigenomics_4693_sol2sanger_437,79.70624339865384,40.11344835665439
epigenomics_4693_sol2sanger_438,78.30878813769509,54.650661026252024
epigenomics_4693_sol2sanger_439,75.9484034724852,59.86757452900295
epigenomics_4693_sol2sanger_440,84.53892031366202,50.450142313248335
epigenomics_4693_sol2sanger_441,75.07710114139184,42.97206477361612
epigenomics_4693_sol2sanger_442,81.99871855040608,39.39546576854019
epigenomics_4693_sol2sanger_443,71.4081948294265,51.549454855038434
epigenomics_4693_sol2sanger_444,66.80925340728959,38.43420255051975
epigenomics_4693_sol2sanger_445,75.5795154507612,55.96093682220403
epigenomics_4693_sol2sanger_446,74.67033799082661,56.160177426824944
epigenomics_4693_sol2sanger_447,89.64857088457123,32.93345575432193
epigenomics_4693_sol2sanger_448,76.67790030751536,30.98152691357511
epigenomics_4693_sol2sanger_449,75.69370628037147,53.07815821625971
epigenomics_4693_sol2sanger_450,76.54965276513389,26.590392967737383
epigenomics_4693_sol2sanger_451,84.90251257939882,40.55632098047841
epigenomics_4693_sol2sanger_452,80.56839440352363,55.63417300105013
epigenomics_4693_sol2sanger_453,80.04750861673648,55.09272675483264
epigenomics_4693_sol2sanger_454,93.47744328586188,31.288365129775208
epigenomics_4693_sol2sanger_455,81.92221330486913,43.669327455589226
epigenomics_4693_sol2sanger_456,79.9361095855836,33.70461944123124
epigenomics_4693_sol2sanger_457,73.15488634498746,40.768824993034194
epigenomics_4693_sol2sanger_458,81.6760899420965,38.83313202498546
epigenomics_4693_sol2sanger_459,82.48383898034317,43.87373836035815
epigenomics_4693_sol2sanger_460,78.57630358557338,45.48237124466601
epigenomics_4693_sol2sanger_461,86.19214722720342,48.365599472657806
epigenomics_4693_sol2sanger_462,78.81675412035752,57.551240346773284
epigenomics_4693_sol2sanger_463,84.50089304105175,37.751274677557056
epigenomics_4693_sol2sanger_464,82.02163414689026,46.41184380911865
epigenomics_4693_sol2sanger_465,78.13581491764523,48.722375069756325
epigenomics_4693_sol2sanger_466,77.43419658894256,47.908699618374364
epigenomics_4693_sol2sanger_467,84.49458975700291,30.16931737746224
epigenomics_4693_sol2sanger_468,79.6284196303325,47.661238586719286
epigenomics_4693_sol2sanger_469,78.90715200805145,41.544160265553664
epigenomics_4693_sol2sanger_470,78.9890920815213,50.18596692268758
epigenomics_4693_sol2sanger_471,75.4745391965132,36.70529642427774
epigenomics_4693_sol2sanger_472,77.82896440241053,35.80466169718374
epigenomics_4693_sol2sanger_473,72.92690202272694,40.62512163102932
epigenomics_4693_sol2sanger_474,79.38554803810446,45.191357486041184
epigenomics_4693_sol2sanger_475,76.77337550351233,48.30378979757351
epigenomics_4693_sol2sanger_476,76.58506354049136,50.77955212690862
epigenomics_4693_sol2sanger_477,82.90554357187914,39.99864664475365
epigenomics_4693_sol2sanger_478,84.5328939541566,47.28942580649014
epigenomics_4693_sol2sanger_479,82.51743972906874,35.08157318992021
epigenomics_4693_sol2sanger_480,81.05387312022671,43.92119603688702
epigenomics_4693_sol2sanger_481,75.92584757934,42.11819523310048
epigenomics_4693_sol2sanger_482,81.26210405011024,60.84301007399682
epigenomics_4693_sol2sanger_483,83.99894452573777,53.34987236459051
epigenomics_4693_sol2sanger_484,84.20398021975628,40.642986575434264
epigenomics_4693_sol2sanger_485,81.17243309614742,52.556362457383834
epigenomics_4693_sol2sanger_486,75.78344512102666,50.020160804164156
epigenomics_4693_sol2sanger_487,75.58778683398133,52.138848304275456
epigenomics_4693_sol2sanger_488,80.62109103610224,44.743717016722584
epigenomics_4693_sol2sanger_489,84.38929956152604,40.15332015447375
epigenomics_4693_sol2sanger_490,82.60131832522356,51.56856646642945
epigenomics_4693_sol2sanger_491,75.79542462826942,48.101576541742865
epigenomics_4693_sol2sanger_492,84.82585772490299,41.75560784229765
epigenomics_4693_sol2sanger_493,80.9400971673309,31.139486222621997
epigenomics_4693_sol2sanger_494,77.24994548803272,39.10830143738577
epigenomics_4693_sol2sanger_495,73.9326889385028,48.029414043265284
epigenomics_4693_sol2sanger_496,78.32536300505167,33.83285794142421
epigenomics_4693_sol2sanger_497,80.5653566497621,44.89389177296075
epigenomics_4693_sol2sanger_498,85.17806927546474,50.516503174032025
epigenomics_4693_sol2sanger_499,81.84348672195725,59.262475032052265
epigenomics_4693_fast2bfq_0,50.87691527525095,70.66125120613636
epigenomics_4693_fast2bfq_1,44.61081702604059,67.38363018352393
epigenomics_4693_fast2bfq_2,46.54186255633535,74.22344212817603
epigenomics_4693_fast2bfq_3,44.717282918933684,86.34555861005003
epigenomics_4693_fast2bfq_4,43.49998769378759,73.87764801519852
epigenomics_4693_fast2bfq_5,38.217178894872745,94.10239657312425
epigenomics_4693_fast2bfq_6,48.208230119993985,87.34765213187887
epigenomics_4693_fast2bfq_7,54.67348665399148,80.74026047001423
epigenomics_4693_fast2bfq_8,51.730752685061944,79.1510874170983
epigenomics_4693_fast2bfq_9,39.33833133786149,85.63037994892356
epigenomics_4693_fast2bfq_10,50.645817005395,96.05742610162622
epigenomics_4693_fast2bfq_11,50.70413539196863,87.14124433751317
epigenomics_4693_fast2bfq_12,50.04852480964567,73.60961903709396
epigenomics_4693_fast2bfq_13,45.9871557024372,69.9777282417635
epigenomics_4693_fast2bfq_14,58.86833970957789,84.02545274726742
epigenomics_4693_fast2bfq_15,49.0996633400367,82.55408187425994
epigenomics_4693_fast2bfq_16,49.19557640149712,90.89151893623992
epigenomics_4693_fast2bfq_17,60.14697874886484,83.1873581240766
epigenomics_4693_fast2bfq_18,41.71045743854652,84.18282014869874
epigenomics_4693_fast2bfq_19,33.56399712888476,82.34235318758294
epigenomics_4693_fast2bfq_20,31.721578228674474,78.61779978364464
epigenomics_4693_fast2bfq_21,44.51028648172992,72.11061166195482
epigenomics_4693_fast2bfq_22,47.66053800054893,86.05627032900456
epigenomics_4693_fast2bfq_23,38.66142171874687,83.78719177764683
epigenomics_4693_fast2bfq_24,34.97700217952945,70.16043374235609
epigenomics_4693_fast2bfq_25,45.51213045932746,75.53301136959936
epigenomics_4693_fast2bfq_26,52.17946242065224,78.27527122970534
epigenomics_4693_fast2bfq_27,42.326255300688196,66.2616395183764
epigenomics_4693_fast2bfq_28,48.165996810834116,81.3860750578209
epigenomics_4693_fast2bfq_29,47.98605162132038,71.51993748017202
epigenomics_4693_fast2bfq_30,42.53466304171846,77.97028748727784
epigenomics_4693_fast2bfq_31,56.2403529253416,76.60040629222907
epigenomics_4693_fast2bfq_32,60.11694806978588,79.29466043750303
epigenomics_4693_fast2bfq_33,44.88225579141696,72.81863727545422
epigenomics_4693_fast2bfq_34,51.95443503937861,87.65108793027225
epigenomics_4693_fast2bfq_35,47.11091766216699,81.86318488137694
epigenomics_4693_fast2bfq_36,50.601367577003884,68.09266577629677
epigenomics_4693_fast2bfq_37,49.041732566248506,64.00820848861623
epigenomics_4693_fast2bfq_38,32.691097349383114,94.40218465783724
epigenomics_4693_fast2bfq_39,39.287773330357595,71.5234058455691
epigenomics_4693_fast2bfq_40,39.89084121741901,97.76638936654103
epigenomics_4693_fast2bfq_41,40.667068095021,70.10983088649444
epigenomics_4693_fast2bfq_42,51.193567326948234,98.75677142998036
epigenomics_4693_fast2bfq_43,37.712257976834444,91.38399161846544
epigenomics_4693_fast2bfq_44,33.12451998538432,79.3833913405701
epigenomics_4693_fast2bfq_45,46.93657916259182,97.60809280099716
epigenomics_4693_fast2bfq_46,54.89063279315775,75.48098426474867
epigenomics_4693_fast2bfq_47,57.741363436085024,74.54203742250394
epigenomics_4693_fast2bfq_48,48.35263114600706,72.37302901102784
epigenomics_4693_fast2bfq_49,46.81542512522347,77.0972407616735
epigenomics_4693_fast2bfq_50,58.544518796211,72.03094177531797
epigenomics_4693_fast2bfq_51,30.578481318926343,92.38515807576461
epigenomics_4693_fast2bfq_52,51.73988509988412,83.63102300462535
epigenomics_4693_fast2bfq_53,41.63091028022737,69.06934205585374
epigenomics_4693_fast2bfq_54,49.34744152154256,69.80726961954306
epigenomics_4693_fast2bfq_55,38.655640754024766,80.00259930808181
epigenomics_4693_fast2bfq_56,42.58526184092898,80.99292104981815
epigenomics_4693_fast2bfq_57,41.878343584414274,80.03060726881688
epigenomics_4693_fast2bfq_58,35.53807837788088,70.70371477024872
epigenomics_4693_fast2bfq_59,38.27735190354969,84.91355227323916
epigenomics_4693_fast2bfq_60,49.141932961095314,75.90935283566432
epigenomics_4693_fast2bfq_61,42.702667225401214,84.79187418235963
epigenomics_4693_fast2bfq_62,40.624026631741714,79.42724442445132
epigenomics_4693_fast2bfq_63,44.61148067716334,80.04412443252743
epigenomics_4693_fast2bfq_64,50.07466414529324,83.47615640063496
epigenomics_4693_fast2bfq_65,50.72346177037047,78.50288808147371
epigenomics_4693_fast2bfq_66,44.607493872292565,79.58650002110987
epigenomics_4693_fast2bfq_67,46.56256608802147,87.19813756841945
epigenomics_4693_fast2bfq_68,50.009461221482596,69.19919557347258
epigenomics_4693_fast2bfq_69,38.895079266943846,80.41889275552519
epigenomics_4693_fast2bfq_70,41.83000597769278,76.40677908703005
epigenomics_4693_fast2bfq_71,29.67803973161624,87.22424790297505
epigenomics_4693_fast2bfq_72,52.227710290794334,75.58605198523105
epigenomics_4693_fast2bfq_73,50.08833695229319,64.81525460945372
epigenomics_4693_fast2bfq_74,40.73870599739198,79.62153564356626
epigenomics_4693_fast2bfq_75,46.70352860988223,78.08465164667354
epigenomics_4693_fast2bfq_76,49.481171884155884,89.47006076549614
epigenomics_4693_fast2bfq_77,37.317302094519356,68.76009199735705
epigenomics_4693_fast2bfq_78,44.81669537536679,73.58745059082344
epigenomics_4693_fast2bfq_79,43.90274325429947,72.54855051054622
epigenomics_4693_fast2bfq_80,48.223354838795004,88.26372579727766
epigenomics_4693_fast2bfq_81,38.690537536854194,70.07511198378849
epigenomics_4693_fast2bfq_82,47.19128922875921,89.03458568191274
epigenomics_4693_fast2bfq_83,42.327862319073034,81.73661947362335
epigenomics_4693_fast2bfq_84,47.211965294873686,75.79897614282294
epigenomics_4693_fast2bfq_85,41.87675434562111,80.8898787422085
epigenomics_4693_fast2bfq_86,49.75100718977711,86.53056592993264
epigenomics_4693_fast2bfq_87,52.38480252957497,69.67056746489787
epigenomics_4693_fast2bfq_88,52.041098565221205,80.48041344813589
epigenomics_4693_fast2bfq_89,50.61481670647099,85.26692249597772
epigenomics_4693_fast2bfq_90,44.112167963902706,76.14748661985824
epigenomics_4693_fast2bfq_91,39.52671410485592,80.19367001340149
epigenomics_4693_fast2bfq_92,50.80937853127988,81.08854700614833
epigenomics_4693_fast2bfq_93,40.79228271276732,72.96257670241353
epigenomics_4693_fast2bfq_94,48.995886430101905,76.82655654692256
epigenomics_4693_fast2bfq_95,51.800244915071644,74.43181737891454
epigenomics_4693_fast2bfq_96,37.44746112394333,86.22425381495394
epigenomics_4693_fast2bfq_97,47.90395902543389,86.89373808449213
epigenomics_4693_fast2bfq_98,30.580167216013464,86.76649497959028
epigenomics_4693_fast2bfq_99,37.07515462940078,81.7352698140915
epigenomics_4693_fast2bfq_100,40.646188391044674,85.1944303284908
epigenomics_4693_fast2bfq_101,50.17681374040051,74.2035529354518
epigenomics_4693_fast2bfq_102,54.71333165129882,77.72116034797449
epigenomics_4693_fast2bfq_103,49.078625389436,87.63098277393192
epigenomics_4693_fast2bfq_104,48.92477612979935,82.57374932789017
epigenomics_4693_fast2bfq_105,44.852550388557866,96.5269235193661
epigenomics_4693_fast2bfq_106,30.819484836530663,78.6303965755848
epigenomics_4693_fast2bfq_107,44.5447527214312,63.17647107677938
epigenomics_4693_fast2bfq_108,50.64686359859014,75.8900528852032
epigenomics_4693_fast2bfq_109,38.13704717010262,73.26670848525008
epigenomics_4693_fast2bfq_110,56.096673921102884,74.36507931436671
epigenomics_4693_fast2bfq_111,38.532517001056085,74.00657937943868
epigenomics_4693_fast2bfq_112,45.092180309113196,69.5928413633599
epigenomics_4693_fast2bfq_113,30.54773099103954,72.43782944810843
epigenomics_4693_fast2bfq_114,39.12885745709802,78.73720956659322
epigenomics_4693_fast2bfq_115,34.56648473167183,70.51489132341547
epigenomics_4693_fast2bfq_116,46.0929851315351,82.56942644967437
epigenomics_4693_fast2bfq_117,36.902180837939156,83.10570824646865
epigenomics_4693_fast2bfq_118,52.12203263752141,73.09349580049732
epigenomics_4693_fast2bfq_119,40.01032355305,81.08658984374777
epigenomics_4693_fast2bfq_120,46.103592268427406,75.0162370515266
epigenomics_4693_fast2bfq_121,49.567852650361786,75.2354876587856
epigenomics_4693_fast2bfq_122,57.22098547935536,82.97679672656622
epigenomics_4693_fast2bfq_123,44.119811104056154,76.24756473200023
epigenomics_4693_fast2bfq_124,44.97938229192615,76.87971807975268
epigenomics_4693_fast2bfq_125,36.50628224341351,84.92365742013173
epigenomics_4693_fast2bfq_126,54.089870781005025,81.69892469081272
epigenomics_4693_fast2bfq_127,44.57467381229396,77.8573192536211
epigenomics_4693_fast2bfq_128,40.754912662955164,77.55400833570668
epigenomics_4693_fast2bfq_129,49.73124223872026,80.70761418435451
epigenomics_4693_fast2bfq_130,49.9597975137786,85.31377085642812
epigenomics_4693_fast2bfq_131,37.882451001271775,81.34273913432872
epigenomics_4693_fast2bfq_132,53.427301035224936,75.34877120708315
epigenomics_4693_fast2bfq_133,21.03506604139043,82.76898922341252
epigenomics_4693_fast2bfq_134,41.39225697552082,81.56971769888926
epigenomics_4693_fast2bfq_135,46.10575064247167,91.33355183167654
epigenomics_4693_fast2bfq_136,52.27533973010741,84.6568358744069
epigenomics_4693_fast2bfq_137,30.829542697155066,86.25229220239844
epigenomics_4693_fast2bfq_138,43.3516651352624,79.31235120001655
epigenomics_4693_fast2bfq_139,31.614947649503986,75.72759774765188
epigenomics_4693_fast2bfq_140,44.124043223748714,78.82070221412103
epigenomics_4693_fast2bfq_141,31.567545199764155,69.47847686822323
epigenomics_4693_fast2bfq_142,29.734059813114655,88.8635982562528
epigenomics_4693_fast2bfq_143,41.49204713956791,70.20384930756208
epigenomics_4693_fast2bfq_144,46.66624783829104,87.89823909719036
epigenomics_4693_fast2bfq_145,49.642372556696856,82.66275467902982
epigenomics_4693_fast2bfq_146,35.253830595339096,82.10697825886096
epigenomics_4693_fast2bfq_147,54.048419703535615,70.2591111257614
epigenomics_4693_fast2bfq_148,39.06418314280823,86.6323629995486
epigenomics_4693_fast2bfq_149,27.507211317217717,74.1148319816262
epigenomics_4693_fast2bfq_150,48.11148816623927,85.09234662466133
epigenomics_4693_fast2bfq_151,48.45885890962576,75.35661355831067
epigenomics_4693_fast2bfq_152,37.280354539534855,67.46143178069335
epigenomics_4693_fast2bfq_153,42.92889425430119,81.9342519398659
epigenomics_4693_fast2bfq_154,51.78918643517584,70.65628964486103
epigenomics_4693_fast2bfq_155,44.12358922067563,83.72582414349947
epigenomics_4693_fast2bfq_156,33.43582222212322,69.14081460778155
epigenomics_4693_fast2bfq_157,44.84449907583827,89.33524701574736
epigenomics_4693_fast2bfq_158,31.47374451578991,88.84599003814415
epigenomics_4693_fast2bfq_159,42.454337146952476,89.78332858429924
epigenomics_4693_fast2bfq_160,35.95390093770855,83.6240028268425
epigenomics_4693_fast2bfq_161,46.93040716435315,86.62486405657637
epigenomics_4693_fast2bfq_162,57.645477921264465,78.32832115967405
epigenomics_4693_fast2bfq_163,28.463047010935682,74.3275803895098
epigenomics_4693_fast2bfq_164,32.17127927960893,77.12261984139707
epigenomics_4693_fast2bfq_165,42.06251560254942,88.67752656268505
epigenomics_4693_fast2bfq_166,40.47783101397799,68.48708351525819
epigenomics_4693_fast2bfq_167,50.97571534108171,85.82122843618671
epigenomics_4693_fast2bfq_168,47.58376043982231,70.87217464354066
epigenomics_4693_fast2bfq_169,55.33846059930774,84.97630497891444
epigenomics_4693_fast2bfq_170,44.363734661011286,76.75967596861899
epigenomics_4693_fast2bfq_171,41.8303824734289,74.38305169944793
epigenomics_4693_fast2bfq_172,48.637748429245185,87.76594355282009
epigenomics_4693_fast2bfq_173,40.66199566435747,94.25368060119193
epigenomics_4693_fast2bfq_174,58.72470017691811,72.28397362583615
epigenomics_4693_fast2bfq_175,37.959181194871455,84.95255222852022
epigenomics_4693_fast2bfq_176,48.419071266152415,74.45242850077157
epigenomics_4693_fast2bfq_177,47.030382556844856,84.81470353059044
epigenomics_4693_fast2bfq_178,53.49935649437342,84.20481755459967
epigenomics_4693_fast2bfq_179,45.67805953186308,88.57219384050244
epigenomics_4693_fast2bfq_180,45.06531977403827,78.06073589289929
epigenomics_4693_fast2bfq_181,45.8485095409166,78.78783607592275
epigenomics_4693_fast2bfq_182,52.3828652045153,71.39955053002774
epigenomics_4693_fast2bfq_183,50.83353296925832,83.36643516580888
epigenomics_4693_fast2bfq_184,50.44308057338539,74.40560010501518
epigenomics_4693_fast2bfq_185,46.9941466957295,80.73455244686649
epigenomics_4693_fast2bfq_186,36.60129022822086,71.01354558775787
epigenomics_4693_fast2bfq_187,29.80743610035251,75.58233361465619
epigenomics_4693_fast2bfq_188,32.758482090976145,76.75752291621374
epigenomics_4693_fast2bfq_189,43.63955265063746,64.45358973161886
epigenomics_4693_fast2bfq_190,50.31417148682443,83.1847571719211
epigenomics_4693_fast2bfq_191,41.140868556146536,68.68004143183208
epigenomics_4693_fast2bfq_192,41.73472749619939,76.8105554447267
epigenomics_4693_fast2bfq_193,42.52686926160695,88.02574491169867
epigenomics_4693_fast2bfq_194,39.113508655995474,69.3439848832352
epigenomics_4693_fast2bfq_195,54.7211207762234,82.25292504801902
epigenomics_4693_fast2bfq_196,47.29960255512857,75.61024886462104
epigenomics_4693_fast2bfq_197,44.98387200988493,75.55186528545542
epigenomics_4693_fast2bfq_198,35.21181700033511,64.23520190655836
epigenomics_4693_fast2bfq_199,46.371801358912805,76.53857838961372
epigenomics_4693_fast2bfq_200,42.470557438708575,75.01153530143364
epigenomics_4693_fast2bfq_201,41.784274037822144,92.50294433983754
epigenomics_4693_fast2bfq_202,48.9417024829683,81.80394122814538
epigenomics_4693_fast2bfq_203,39.34976735850204,72.7533025733941
epigenomics_4693_fast2bfq_204,25.628533002868497,78.44737952344619
epigenomics_4693_fast2bfq_205,52.03532687380579,73.70592475795218
epigenomics_4693_fast2bfq_206,46.923047859338034,76.63470032175164
epigenomics_4693_fast2bfq_207,40.82533169257235,93.27569434406746
epigenomics_4693_fast2bfq_208,43.43959082264278,70.80199329448655
epigenomics_4693_fast2bfq_209,41.36781143402669,65.5938974037085
epigenomics_4693_fast2bfq_210,37.007044340245436,76.83880077721108
epigenomics_4693_fast2bfq_211,49.8020059843559,67.16907825523953
epigenomics_4693_fast2bfq_212,56.1878900245326,71.50247249633026
epigenomics_4693_fast2bfq_213,51.49111378991945,84.03402007420033
epigenomics_4693_fast2bfq_214,60.72778114656805,79.09388575253728
epigenomics_4693_fast2bfq_215,44.93398335073944,81.94543696771846
epigenomics_4693_fast2bfq_216,44.6607891995138,86.54288488839451
epigenomics_4693_fast2bfq_217,48.53166539247523,83.16042963106212
epigenomics_4693_fast2bfq_218,46.317572455905534,80.41998576868501
epigenomics_4693_fast2bfq_219,58.14225911956906,77.6299586203504
epigenomics_4693_fast2bfq_220,48.49230869005677,89.07312448490556
epigenomics_4693_fast2bfq_221,48.472718053432644,83.42598272280384
epigenomics_4693_fast2bfq_222,48.06668454494609,81.82673125947133
epigenomics_4693_fast2bfq_223,53.90320004701229,86.966450382345
epigenomics_4693_fast2bfq_224,45.665649892788934,89.858706479587
epigenomics_4693_fast2bfq_225,50.53816372212859,73.69777189765945
epigenomics_4693_fast2bfq_226,43.624553584601834,85.64353262595728
epigenomics_4693_fast2bfq_227,47.00670851207557,83.34808756535922
epigenomics_4693_fast2bfq_228,45.806431667322826,87.45056529984444
epigenomics_4693_fast2bfq_229,37.30403393969886,84.37213157620768
epigenomics_4693_fast2bfq_230,43.36607319840937,91.00989441272264
epigenomics_4693_fast2bfq_231,40.12594208835186,73.56963313146218
epigenomics_4693_fast2bfq_232,48.97844370637691,87.50507650577352
epigenomics_4693_fast2bfq_233,48.723184503427056,78.67257963148653
epigenomics_4693_fast2bfq_234,37.57628015564342,77.64153650822038
epigenomics_4693_fast2bfq_235,41.566390564365264,76.66980445719751
epigenomics_4693_fast2bfq_236,37.491836973544274,85.13639118443126
epigenomics_4693_fast2bfq_237,51.18435105277311,76.27811211674063
epigenomics_4693_fast2bfq_238,45.451402516150324,73.26802750589422
epigenomics_4693_fast2bfq_239,39.97957454426922,85.01649393797253
epigenomics_4693_fast2bfq_240,39.91358064173914,80.45248037871117
epigenomics_4693_fast2bfq_241,50.97100675479823,90.82976048383316
epigenomics_4693_fast2bfq_242,37.42409459964861,72.85049909012028
epigenomics_4693_fast2bfq_243,50.765191202680214,75.32012732769421
epigenomics_4693_fast2bfq_244,55.04965983826665,76.29678468787573
epigenomics_4693_fast2bfq_245,51.22720401401405,81.31975364510843
epigenomics_4693_fast2bfq_246,49.88258733430451,81.52015141248184
epigenomics_4693_fast2bfq_247,37.87429748323191,90.29189328000373
epigenomics_4693_fast2bfq_248,44.028113351097005,77.57006448017196
epigenomics_4693_fast2bfq_249,40.32416039430201,84.77145434768808
epigenomics_4693_fast2bfq_250,36.053820362503416,79.5623047353172
epigenomics_4693_fast2bfq_251,47.6725574762151,73.66269080004196
epigenomics_4693_fast2bfq_252,47.70286080075798,67.26670628343209
epigenomics_4693_fast2bfq_253,41.462783302076204,75.88113732568516
epigenomics_4693_fast2bfq_254,46.66663276718207,87.65161597197623
epigenomics_4693_fast2bfq_255,62.23973130103291,78.00802735635357
epigenomics_4693_fast2bfq_256,44.13403514530481,76.4722262736588
epigenomics_4693_fast2bfq_257,46.64510477605182,66.84370886809263
epigenomics_4693_fast2bfq_258,42.6391711380245,78.51150775016879
epigenomics_4693_fast2bfq_259,42.74237317878968,87.8830810176785
epigenomics_4693_fast2bfq_260,43.8235933779801,98.67632660473812
epigenomics_4693_fast2bfq_261,49.89303574572774,79.07981754744921
epigenomics_4693_fast2bfq_262,55.64526424696383,79.55458345151847
epigenomics_4693_fast2bfq_263,38.49472782917657,78.81273462359013
epigenomics_4693_fast2bfq_264,60.699668552964226,86.93468791443759
epigenomics_4693_fast2bfq_265,38.79313437044455,87.94577089142066
epigenomics_4693_fast2bfq_266,41.525518929477606,74.4798274937909
epigenomics_4693_fast2bfq_267,46.64298995923768,86.45134766026604
epigenomics_4693_fast2bfq_268,54.77013553483527,88.8893926219736
epigenomics_4693_fast2bfq_269,53.71063890673254,69.12406811180391
epigenomics_4693_fast2bfq_270,42.92878747922727,67.7057776656048
epigenomics_4693_fast2bfq_271,45.84621264360139,87.82641457873856
epigenomics_4693_fast2bfq_272,49.95156173430353,96.73916906202345
epigenomics_4693_fast2bfq_273,45.17095677799495,85.00538965498674
epigenomics_4693_fast2bfq_274,39.84291756444541,66.91996658286348
epigenomics_4693_fast2bfq_275,36.7531098805942,80.08518055589482
epigenomics_4693_fast2bfq_276,37.49529975220075,77.68432925508826
epigenomics_4693_fast2bfq_277,51.66069927236403,67.21191614874283
epigenomics_4693_fast2bfq_278,54.06858174244381,79.80264266171693
epigenomics_4693_fast2bfq_279,47.585742097586255,62.93414290449054
epigenomics_4693_fast2bfq_280,42.09767220373054,83.08485643799924
epigenomics_4693_fast2bfq_281,42.905726130752086,76.30808308755283
epigenomics_4693_fast2bfq_282,48.85710892750823,74.28693018474758
epigenomics_4693_fast2bfq_283,36.06569128609537,91.19015202191724
epigenomics_4693_fast2bfq_284,45.56518823358895,78.52865618389698
epigenomics_4693_fast2bfq_285,42.32942956493094,79.40026490516205
epigenomics_4693_fast2bfq_286,42.79311449781123,83.92171321199108
epigenomics_4693_fast2bfq_287,45.67653949922822,75.20457277137739
epigenomics_4693_fast2bfq_288,43.152154212876894,76.25258605588326
epigenomics_4693_fast2bfq_289,49.270854699494826,81.78609697914875
epigenomics_4693_fast2bfq_290,43.06209732535291,90.59981481947821
epigenomics_4693_fast2bfq_291,54.83281567594719,75.53618859927649
epigenomics_4693_fast2bfq_292,48.0844979777818,78.54760601272851
epigenomics_4693_fast2bfq_293,36.66928019229086,90.40096603854452
epigenomics_4693_fast2bfq_294,46.46875743248165,88.80749209770671
epigenomics_4693_fast2bfq_295,48.31646243974288,74.03844299625528
epigenomics_4693_fast2bfq_296,45.04038833204509,80.1858281914936
epigenomics_4693_fast2bfq_297,39.37898022179376,89.39763983236153
epigenomics_4693_fast2bfq_298,31.62478105008045,80.55249914210167
epigenomics_4693_fast2bfq_299,54.28092107015276,87.4205246883282
epigenomics_4693_fast2bfq_300,47.09512976658144,82.58259917827114
epigenomics_4693_fast2bfq_301,53.23087626486215,85.44067049307927
epigenomics_4693_fast2bfq_302,49.226414716957585,80.52120152738021
epigenomics_4693_fast2bfq_303,42.25432309484895,82.14984604334826
epigenomics_4693_fast2bfq_304,46.69534762268654,73.02736687180683
epigenomics_4693_fast2bfq_305,39.247023635261506,73.89680313573486
epigenomics_4693_fast2bfq_306,53.80541169046148,78.18133263988061
epigenomics_4693_fast2bfq_307,43.970713089030625,73.52096381089028
epigenomics_4693_fast2bfq_308,44.26141998300207,79.54943499894428
epigenomics_4693_fast2bfq_309,51.63810035487459,70.78929339675827
epigenomics_4693_fast2bfq_310,34.25898220005283,78.50221765611619
epigenomics_4693_fast2bfq_311,30.75190032605469,77.09106985702354
epigenomics_4693_fast2bfq_312,35.07926386566671,76.24312291416277
epigenomics_4693_fast2bfq_313,40.633183577956665,73.21268786941164
epigenomics_4693_fast2bfq_314,51.84128168281058,91.84740893993565
epigenomics_4693_fast2bfq_315,45.16544274837945,78.32103314922769
epigenomics_4693_fast2bfq_316,39.96612509297086,78.64176003310295
epigenomics_4693_fast2bfq_317,42.45683353711725,73.22181225317603
epigenomics_4693_fast2bfq_318,55.606651104994455,74.42911284141569
epigenomics_4693_fast2bfq_319,44.34801975974473,70.27301864441796
epigenomics_4693_fast2bfq_320,32.69724787892521,69.38272540099283
epigenomics_4693_fast2bfq_321,37.435541838522646,79.60496513568665
epigenomics_4693_fast2bfq_322,41.695470059119145,84.95256967201092
epigenomics_4693_fast2bfq_323,34.427338388821624,88.01692906954048
epigenomics_4693_fast2bfq_324,44.39301049339773,85.84081543565365
epigenomics_4693_fast2bfq_325,35.95369775760696,84.13368286305824
epigenomics_4693_fast2bfq_326,27.88701727440479,77.9580497984813
epigenomics_4693_fast2bfq_327,40.85962028957197,76.41491298048649
epigenomics_4693_fast2bfq_328,50.69252608754178,84.81713620437503
epigenomics_4693_fast2bfq_329,24.907205887710298,87.42988817767467
epigenomics_4693_fast2bfq_330,42.29495364643852,88.36175154650127
epigenomics_4693_fast2bfq_331,52.57338224475789,71.32248082556293
epigenomics_4693_fast2bfq_332,60.21792602150765,75.19907389343626
epigenomics_4693_fast2bfq_333,52.587580735893056,67.39283582924001
epigenomics_4693_fast2bfq_334,37.81789607117752,84.28516037515242
epigenomics_4693_fast2bfq_335,54.162828593538585,78.27175764721471
epigenomics_4693_fast2bfq_336,45.28785460306699,72.86648666531143
epigenomics_4693_fast2bfq_337,42.988390672188444,80.59637613724097
epigenomics_4693_fast2bfq_338,52.49393432584431,71.68712522163113
epigenomics_4693_fast2bfq_339,48.361878483322776,79.94025209270657
epigenomics_4693_fast2bfq_340,41.447035994485155,83.80508695271793
epigenomics_4693_fast2bfq_341,47.06917710112968,83.22269120543794
epigenomics_4693_fast2bfq_342,47.512530113927,85.75599797960729
epigenomics_4693_fast2bfq_343,41.181856768682216,80.69183263937332
epigenomics_4693_fast2bfq_344,36.24982751394356,76.28865723429844
epigenomics_4693_fast2bfq_345,45.929458955493445,77.60779972020956
epigenomics_4693_fast2bfq_346,28.16397084094558,79.41229436836227
epigenomics_4693_fast2bfq_347,50.536819485526685,82.95524135393167
epigenomics_4693_fast2bfq_348,52.78312795717924,81.40095095720345
epigenomics_4693_fast2bfq_349,36.43867111630847,92.77937901417711
epigenomics_4693_fast2bfq_350,43.6633694813029,91.72840890099297
epigenomics_4693_fast2bfq_351,53.902227186416134,88.87848696265539
epigenomics_4693_fast2bfq_352,44.3706892409251,76.27835068775843
epigenomics_4693_fast2bfq_353,61.01342199638233,83.03948432158873
epigenomics_4693_fast2bfq_354,49.41745075767493,74.63502059107051
epigenomics_4693_fast2bfq_355,46.83983821491251,81.87518349631291
epigenomics_4693_fast2bfq_356,56.56260673566106,89.06417983703449
epigenomics_4693_fast2bfq_357,32.63714140887271,68.14456465337155
epigenomics_4693_fast2bfq_358,46.343893185042425,76.03532018494138
epigenomics_4693_fast2bfq_359,29.952719962466993,83.52402781215095
epigenomics_4693_fast2bfq_360,32.81253539328744,96.63291991393695
epigenomics_4693_fast2bfq_361,56.89584917690906,83.79523908912459
epigenomics_4693_fast2bfq_362,49.80668887322811,65.1985801487208
epigenomics_4693_fast2bfq_363,41.79901440278977,86.65699587673737
epigenomics_4693_fast2bfq_364,38.63209771387471,91.4950040603116
epigenomics_4693_fast2bfq_365,41.77489504154337,69.8622214971677
epigenomics_4693_fast2bfq_366,48.76180889821316,85.00464805320146
epigenomics_4693_fast2bfq_367,48.683072663064564,76.02602851293567
epigenomics_4693_fast2bfq_368,39.105839337179574,84.6639629890565
epigenomics_4693_fast2bfq_369,43.5874298915585,73.08969635416642
epigenomics_4693_fast2bfq_370,36.39065741864198,83.58971379680388
epigenomics_4693_fast2bfq_371,34.769756482372756,86.07779955200098
epigenomics_4693_fast2bfq_372,37.76916193088121,92.58302807445769
epigenomics_4693_fast2bfq_373,36.72524541081979,90.71517361360124
epigenomics_4693_fast2bfq_374,30.711355309242016,83.45001807788199
epigenomics_4693_fast2bfq_375,52.29644564046875,74.19303098974196
epigenomics_4693_fast2bfq_376,58.633160291761136,76.07075592300478
epigenomics_4693_fast2bfq_377,43.82231890621195,68.7670548633821
epigenomics_4693_fast2bfq_378,55.18328568126803,76.55225718455085
epigenomics_4693_fast2bfq_379,55.32256364743558,80.49809107570677
epigenomics_4693_fast2bfq_380,49.25489718002101,73.34913119980088
epigenomics_4693_fast2bfq_381,50.60582184778051,83.36881465357854
epigenomics_4693_fast2bfq_382,45.06841940354215,80.24440942594177
epigenomics_4693_fast2bfq_383,52.90643797045039,76.21722923657863
epigenomics_4693_fast2bfq_384,37.15699148641531,80.41754725912638
epigenomics_4693_fast2bfq_385,54.92163521179576,84.03179721409842
epigenomics_4693_fast2bfq_386,38.8270987301033,74.15165816087577
epigenomics_4693_fast2bfq_387,44.345261296679354,82.54687658605286
epigenomics_4693_fast2bfq_388,32.9262691762416,75.17103062639111
epigenomics_4693_fast2bfq_389,53.99227234861702,77.02366101606468
epigenomics_4693_fast2bfq_390,39.38564535218168,70.41508138369149
epigenomics_4693_fast2bfq_391,34.80731901387797,82.20578182817525
epigenomics_4693_fast2bfq_392,53.945098568572966,83.04743742991533
epigenomics_4693_fast2bfq_393,32.914295477008714,71.79515483111847
epigenomics_4693_fast2bfq_394,49.00470123577947,84.8226955998549
epigenomics_4693_fast2bfq_395,36.423025944796855,78.8866244762721
epigenomics_4693_fast2bfq_396,36.378376956514714,67.70355777742965
epigenomics_4693_fast2bfq_397,50.20394515204063,66.62685421459511
epigenomics_4693_fast2bfq_398,50.159071440897954,90.96232845429503
epigenomics_4693_fast2bfq_399,39.511766748404185,72.57998180952009
epigenomics_4693_fast2bfq_400,47.447813336136804,79.92284890514165
epigenomics_4693_fast2bfq_401,51.540340754499724,77.60811303265088
epigenomics_4693_fast2bfq_402,51.68005607445818,77.19013262260214
epigenomics_4693_fast2bfq_403,53.484954847854056,75.93671824296939
epigenomics_4693_fast2bfq_404,46.25351571129387,97.31505157461434
epigenomics_4693_fast2bfq_405,50.25775130994831,77.85658142358064
epigenomics_4693_fast2bfq_406,48.713533759655235,86.30224614181434
epigenomics_4693_fast2bfq_407,37.397054414498015,85.87320404423888
epigenomics_4693_fast2bfq_408,47.959110756279166,85.50568432251437
epigenomics_4693_fast2bfq_409,39.94364416675898,78.97317216775757
epigenomics_4693_fast2bfq_410,48.137861023433466,74.20475476794384
epigenomics_4693_fast2bfq_411,52.65064951921575,84.6472596082777
epigenomics_4693_fast2bfq_412,34.728941280646296,90.67288158191076
epigenomics_4693_fast2bfq_413,51.896919829679355,85.73869445336253
epigenomics_4693_fast2bfq_414,38.74436962316899,82.52532266518644
epigenomics_4693_fast2bfq_415,41.364651065865104,88.59985747264028
epigenomics_4693_fast2bfq_416,50.98557325180041,73.20901802107903
epigenomics_4693_fast2bfq_417,52.18919770425137,80.48960550729645
epigenomics_4693_fast2bfq_418,51.01417913712209,78.21112050943135
epigenomics_4693_fast2bfq_419,33.7648622417397,62.949964053291296
epigenomics_4693_fast2bfq_420,56.8217751740908,74.71390188087794
epigenomics_4693_fast2bfq_421,39.3565269570197,71.17369658748511
epigenomics_4693_fast2bfq_422,43.2979840592779,69.29558118279213
epigenomics_4693_fast2bfq_423,41.135642883062665,79.6829365696216
epigenomics_4693_fast2bfq_424,40.56552161626655,67.92355113304318
epigenomics_4693_fast2bfq_425,46.337455410910934,95.65028805537457
epigenomics_4693_fast2bfq_426,37.09121932379047,79.89125780567308
epigenomics_4693_fast2bfq_427,59.45305192557336,72.50166709137736
epigenomics_4693_fast2bfq_428,45.545708221110644,76.67717775782232
epigenomics_4693_fast2bfq_429,31.901959933055835,86.5264945423392
epigenomics_4693_fast2bfq_430,42.21604438296306,78.48520732346915
epigenomics_4693_fast2bfq_431,41.036458692213,96.00711190614139
epigenomics_4693_fast2bfq_432,36.51761181060474,90.96589707488123
epigenomics_4693_fast2bfq_433,48.38528561344671,72.31417884854399
epigenomics_4693_fast2bfq_434,48.191842547518846,74.5646993157689
epigenomics_4693_fast2bfq_435,41.29514803525846,74.25857493992977
epigenomics_4693_fast2bfq_436,38.80121885589282,76.56035534155698
epigenomics_4693_fast2bfq_437,37.57702388067875,74.16826407920163
epigenomics_4693_fast2bfq_438,50.675114193120564,86.63799412512488
epigenomics_4693_fast2bfq_439,55.63842713134275,79.09097168388361
epigenomics_4693_fast2bfq_440,51.19424615314392,72.7767948892521
epigenomics_4693_fast2bfq_441,54.803936366146246,86.56651581472269
epigenomics_4693_fast2bfq_442,33.58901513988203,72.27081416840922
epigenomics_4693_fast2bfq_443,43.34051684630577,85.10394748902945
epigenomics_4693_fast2bfq_444,60.31853457914494,75.88927061330998
epigenomics_4693_fast2bfq_445,49.39298148954097,82.3800440404391
epigenomics_4693_fast2bfq_446,42.34711298052608,94.01879152759972
epigenomics_4693_fast2bfq_447,47.149550066002334,67.27004973137316
epigenomics_4693_fast2bfq_448,48.39023296109194,90.36779315289152
epigenomics_4693_fast2bfq_449,57.482508015236576,82.49911317917541
epigenomics_4693_fast2bfq_450,45.608494667415314,69.86755839609235
epigenomics_4693_fast2bfq_451,47.512316805303406,83.11066579008885
epigenomics_4693_fast2bfq_452,51.558230372783825,84.29765632503334
epigenomics_4693_fast2bfq_453,44.95095253111187,84.2263802818226
epigenomics_4693_fast2bfq_454,53.43844364386183,69.4495605148837
epigenomics_4693_fast2bfq_455,44.613820921211065,73.98332455730157
epigenomics_4693_fast2bfq_456,54.53270288770193,95.09354470965238
epigenomics_4693_fast2bfq_457,39.94900325322841,76.74683872109374
epigenomics_4693_fast2bfq_458,39.028426726711885,72.30101258038866
epigenomics_4693_fast2bfq_459,40.400730490765376,74.18221680310869
epigenomics_4693_fast2bfq_460,42.28705951836729,71.04342668305841
epigenomics_4693_fast2bfq_461,42.37512922764093,82.86349770571732
epigenomics_4693_fast2bfq_462,50.548882249758684,84.24255158054729
epigenomics_4693_fast2bfq_463,38.17036817183816,89.58566770246584
epigenomics_4693_fast2bfq_464,43.17391757300237,68.56012873476215
epigenomics_4693_fast2bfq_465,48.78394729513081,80.08626634251515
epigenomics_4693_fast2bfq_466,36.368728302826405,86.70284091576866
epigenomics_4693_fast2bfq_467,45.7064801148569,74.36235277472858
epigenomics_4693_fast2bfq_468,53.985918532954926,77.45633578414629
epigenomics_4693_fast2bfq_469,45.110296163156775,75.51706112553089
epigenomics_4693_fast2bfq_470,32.75499191924717,89.01513098866322
epigenomics_4693_fast2bfq_471,44.52844991711631,82.4829091133135
epigenomics_4693_fast2bfq_472,40.9919531182305,88.88978434297726
epigenomics_4693_fast2bfq_473,38.73326492674441,81.55330582868842
epigenomics_4693_fast2bfq_474,45.804469940986564,81.06723868455772
epigenomics_4693_fast2bfq_475,51.883598948802344,63.24603446481373
epigenomics_4693_fast2bfq_476,39.34736093309103,83.12601169416698
epigenomics_4693_fast2bfq_477,52.48726241242055,87.4874844914121
epigenomics_4693_fast2bfq_478,43.96781525449433,80.33765876051251
epigenomics_4693_fast2bfq_479,47.733362336360116,93.10404667131567
epigenomics_4693_fast2bfq_480,36.29437920582919,80.46369083634805
epigenomics_4693_fast2bfq_481,34.852865856271215,79.95909860216456
epigenomics_4693_fast2bfq_482,49.13517849022105,80.07459420661803
epigenomics_4693_fast2bfq_483,43.49908347809643,76.71469011057715
epigenomics_4693_fast2bfq_484,41.848446378787294,74.61582473815666
epigenomics_4693_fast2bfq_485,50.029506343596005,82.85216108998078
epigenomics_4693_fast2bfq_486,38.30959742480845,67.36765276369631
epigenomics_4693_fast2bfq_487,38.67387099379184,75.65375453463932
epigenomics_4693_fast2bfq_488,49.52803095882986,88.72026104723591
epigenomics_4693_fast2bfq_489,47.67296163394175,74.29073353662257
epigenomics_4693_fast2bfq_490,46.906714119198874,80.53131135677643
epigenomics_4693_fast2bfq_491,59.56024711956548,91.2169548822143
epigenomics_4693_fast2bfq_492,46.98433164732162,75.29680549941702
epigenomics_4693_fast2bfq_493,40.298685666623506,71.84372553810879
epigenomics_4693_fast2bfq_494,37.41488916170293,88.74270432050788
epigenomics_4693_fast2bfq_495,35.06301552736133,63.99329624112815
epigenomics_4693_fast2bfq_496,49.68297104444661,80.77623149828952
epigenomics_4693_fast2bfq_497,46.27106147297819,76.97813300572
epigenomics_4693_fast2bfq_498,38.61883310752159,90.5798821170055
epigenomics_4693_fast2bfq_499,37.23449411634255,66.81504427169091
epigenomics_4693_map_0,9882.25382838227,180.1479951223535
epigenomics_4693_map_1,10761.921652467827,187.12765023172733
epigenomics_4693_map_2,9000.486699691664,192.21211919372436
epigenomics_4693_map_3,9932.84779754681,174.2808048102825
epigenomics_4693_map_4,8956.049364250772,176.93564476741528
epigenomics_4693_map_5,9951.000691779118,179.54998427785273
epigenomics_4693_map_6,9434.281545517711,175.21134012484092
epigenomics_4693_map_7,9781.976058670589,184.95796901143484
epigenomics_4693_map_8,10226.23772797007,184.83304205157728
epigenomics_4693_map_9,11754.290138998593,185.43822190078174
epigenomics_4693_map_10,10339.77697842231,183.543159157871
epigenomics_4693_map_11,9878.941813796027,182.39631674726232
epigenomics_4693_map_12,9057.106532751117,189.05493058439015
epigenomics_4693_map_13,8685.783504088331,180.5544100780787
epigenomics_4693_map_14,8876.852839216044,186.00233178613814
epigenomics_4693_map_15,10250.703622211366,180.4293250761431
epigenomics_4693_map_16,10312.538581649347,183.71752870934404
epigenomics_4693_map_17,9521.535257817277,183.99478268177495
epigenomics_4693_map_18,10446.636032850114,183.14714999091942
epigenomics_4693_map_19,10415.658483621028,178.7757659173439
epigenomics_4693_map_20,9293.285587828988,181.6145748435936
epigenomics_4693_map_21,9763.544300370237,175.5757734602993
epigenomics_4693_map_22,9440.349755038014,186.39066018345937
epigenomics_4693_map_23,9938.877571242849,183.1853771044777
epigenomics_4693_map_24,10219.723840855719,179.84340135143515
epigenomics_4693_map_25,10025.486237133895,182.30387197167005
epigenomics_4693_map_26,10195.015513024078,186.9302583624243
epigenomics_4693_map_27,9867.628867478714,180.39481169930835
epigenomics_4693_map_28,9868.243139851504,184.90165325593952
epigenomics_4693_map_29,9248.398294778342,185.5395771232619
epigenomics_4693_map_30,10494.411914084283,182.93679723943814
epigenomics_4693_map_31,9528.683346658167,186.79207237007486
epigenomics_4693_map_32,8954.352003448337,171.92225164601672
epigenomics_4693_map_33,10185.068245374592,184.45562716457718
epigenomics_4693_map_34,9671.91457695347,185.89175311832958
epigenomics_4693_map_35,9675.773484680374,186.67459542695337
epigenomics_4693_map_36,9467.347209563464,182.79282355753185
epigenomics_4693_map_37,9658.854115924523,176.5169325550025
epigenomics_4693_map_38,9686.848456452259,188.39081920275984
epigenomics_4693_map_39,9897.374103003787,185.17774918120173
epigenomics_4693_map_40,9976.83133444454,189.76935301460063
epigenomics_4693_map_41,10726.340549799419,184.52938629037024
epigenomics_4693_map_42,10669.499702548683,188.0637656660338
epigenomics_4693_map_43,10313.79262052776,187.26834009478162
epigenomics_4693_map_44,10655.452983202504,187.68503300674362
epigenomics_4693_map_45,9370.139968928837,191.47146634690733
epigenomics_4693_map_46,10465.895932809062,184.90002369281348
epigenomics_4693_map_47,10526.852219678953,192.38359931325175
epigenomics_4693_map_48,10508.494283493766,188.30882921591143
epigenomics_4693_map_49,9673.171458925954,187.62429805735832
epigenomics_4693_map_50,10281.367004082746,186.59604144219335
epigenomics_4693_map_51,9886.002394001844,186.33223409867804
epigenomics_4693_map_52,9384.333851671196,189.0221473398759
epigenomics_4693_map_53,10045.694476646288,184.47363013614222
epigenomics_4693_map_54,9344.8215999271,194.98743703271305
epigenomics_4693_map_55,10156.977537746981,173.367583028445
epigenomics_4693_map_56,9811.887342998809,186.12430346728098
epigenomics_4693_map_57,9329.502014835225,187.14496620374211
epigenomics_4693_map_58,10229.90056502131,190.78145476232356
epigenomics_4693_map_59,10135.48586484635,189.5423400632975
epigenomics_4693_map_60,9374.05313362023,181.70131098636472
epigenomics_4693_map_61,10085.07818338744,190.4249556629031
epigenomics_4693_map_62,10215.550470659258,198.712734864292
epigenomics_4693_map_63,10032.506105246299,182.13417198440501
epigenomics_4693_map_64,10413.237074038456,191.26966698378848
epigenomics_4693_map_65,9591.816161572993,188.9503641326893
epigenomics_4693_map_66,10996.522217687561,180.25549897310518
epigenomics_4693_map_67,9713.180679804898,189.04396826454237
epigenomics_4693_map_68,9989.89884661646,186.73184670949334
epigenomics_4693_map_69,9634.717498345712,187.2289542265356
epigenomics_4693_map_70,9884.214398527713,177.31704546039748
epigenomics_4693_map_71,9751.471827646088,185.58771541771614
epigenomics_4693_map_72,10342.396298253268,183.25215669125367
epigenomics_4693_map_73,10197.621591366902,183.1854526467087
epigenomics_4693_map_74,10648.794524405477,180.29838558335163
epigenomics_4693_map_75,9657.789311230736,188.3572056221577
epigenomics_4693_map_76,9781.659342404288,182.65565017980865
epigenomics_4693_map_77,9297.447196873853,194.52755089814056
epigenomics_4693_map_78,10312.641432077728,185.00529907814246
epigenomics_4693_map_79,10139.530542060795,186.429520654706
epigenomics_4693_map_80,9185.240671725443,187.83146909625967
epigenomics_4693_map_81,10117.382382388121,186.80232803198055
epigenomics_4693_map_82,9610.108618763703,179.0554084410771
epigenomics_4693_map_83,10094.33668703497,192.86610302924697
epigenomics_4693_map_84,10650.323883898849,184.17446692233108
epigenomics_4693_map_85,10111.920606531663,180.31714775504724
epigenomics_4693_map_86,10348.180806691797,191.98439629697867
epigenomics_4693_map_87,10797.414616548598,198.72489913735293
epigenomics_4693_map_88,9489.005607062518,189.5502477842892
epigenomics_4693_map_89,9665.20148272953,185.716136178094
epigenomics_4693_map_90,9479.587780658323,188.78284182835088
epigenomics_4693_map_91,9159.72316835514,186.35366953711645
epigenomics_4693_map_92,9481.307885587421,185.81618435990066
epigenomics_4693_map_93,9623.911392676471,178.595317704797
epigenomics_4693_map_94,9841.17024964528,181.4108427882079
epigenomics_4693_map_95,10268.349952930728,185.8949505371939
epigenomics_4693_map_96,10922.309839688556,176.26293411200155
epigenomics_4693_map_97,10623.584699531884,187.18971416094809
epigenomics_4693_map_98,9944.8595479413,189.12803427007418
epigenomics_4693_map_99,9863.398718790675,187.4683009664806
epigenomics_4693_map_100,9211.547556041225,174.96422502066417
epigenomics_4693_map_101,9810.64880137346,177.07457180602623
epigenomics_4693_map_102,10226.291596412966,176.52754651564672
epigenomics_4693_map_103,10336.970719755078,179.1428055657971
epigenomics_4693_map_104,10815.066768906794,185.35982942894563
epigenomics_4693_map_105,10031.147240749866,190.32334342065977
epigenomics_4693_map_106,10103.31473136549,182.06691332451226
epigenomics_4693_map_107,10763.004038027851,184.521832809687
epigenomics_4693_map_108,10407.015045126022,183.27672421125564
epigenomics_4693_map_109,9511.606769247284,180.70740642461453
epigenomics_4693_map_110,10016.515308706637,189.86248392360793
epigenomics_4693_map_111,9371.576324025618,185.4704024554069
epigenomics_4693_map_112,9698.842599971498,188.01329553011212
epigenomics_4693_map_113,9369.656260757038,180.42533777249014
epigenomics_4693_map_114,10185.416192255485,191.96852536552882
epigenomics_4693_map_115,10603.908990904109,180.76645049426313
epigenomics_4693_map_116,10329.171873521474,181.06185432451744
epigenomics_4693_map_117,9843.379823474905,183.64972993553877
epigenomics_4693_map_118,9860.792921310183,182.4215829750017
epigenomics_4693_map_119,10159.825783053206,184.3698062558916
epigenomics_4693_map_120,9275.93502735375,191.11289843021592
epigenomics_4693_map_121,10535.485638730184,188.00888494206743
epigenomics_4693_map_122,8891.54548868243,192.09627653158853
epigenomics_4693_map_123,10219.168286811959,193.65942150430786
epigenomics_4693_map_124,10051.098807226967,186.36067985062596
epigenomics_4693_map_125,9539.560227383843,191.33751821234156
epigenomics_4693_map_126,10104.683926999582,186.74944204545656
epigenomics_4693_map_127,9586.226191497062,192.4267254193889
epigenomics_4693_map_128,10077.21777425607,187.5465697111317
epigenomics_4693_map_129,9428.247789054545,187.07831891615007
epigenomics_4693_map_130,10122.891562766661,191.61309658317407
epigenomics_4693_map_131,10152.087754068081,184.72799413428953
epigenomics_4693_map_132,10152.887090100996,191.1971966864928
epigenomics_4693_map_133,10772.483291494738,175.05681211953708
epigenomics_4693_map_134,10534.613439978688,185.04462708809805
epigenomics_4693_map_135,10906.684697248465,188.3193729564451
epigenomics_4693_map_136,9366.274353181958,188.86431558654184
epigenomics_4693_map_137,9869.323858071553,183.88725765805526
epigenomics_4693_map_138,10203.493087752377,174.30968732293834
epigenomics_4693_map_139,9189.869527384808,190.11985399963885
epigenomics_4693_map_140,8963.061754636616,176.71710549024704
epigenomics_4693_map_141,10359.025301366426,186.08847051150246
epigenomics_4693_map_142,10328.943396417466,181.47326655062338
epigenomics_4693_map_143,10499.369556623842,179.34042645460386
epigenomics_4693_map_144,9780.74765612685,188.56982385179933
epigenomics_4693_map_145,10157.703736456255,179.0290629049796
epigenomics_4693_map_146,9472.166992725015,186.85110963678284
epigenomics_4693_map_147,8908.804236092476,182.76061950176413
epigenomics_4693_map_148,10151.263720509281,187.07499864777952
epigenomics_4693_map_149,9866.59511523209,190.811699543738
epigenomics_4693_map_150,9921.422786896173,187.3903940442976
epigenomics_4693_map_151,9925.411897553578,181.31665349269505
epigenomics_4693_map_152,10975.473188178425,189.02483007979458
epigenomics_4693_map_153,9785.985756351964,186.61424236069303
epigenomics_4693_map_154,9778.116778557986,191.90947407361327
epigenomics_4693_map_155,11901.61310110482,185.45281580227666
epigenomics_4693_map_156,9619.262376036215,177.20976271232885
epigenomics_4693_map_157,10511.756713512254,187.8561957833382
epigenomics_4693_map_158,9868.40579369427,179.90635513688963
epigenomics_4693_map_159,10372.493610797303,183.19468391519774
epigenomics_4693_map_160,10388.003912995342,186.00836603806016
epigenomics_4693_map_161,10291.359088473133,181.76319943819811
epigenomics_4693_map_162,9702.490807431477,183.75703677157114
epigenomics_4693_map_163,9586.118444161832,198.81132217142073
epigenomics_4693_map_164,10429.226696966998,187.76595820762282
epigenomics_4693_map_165,9330.932506172943,178.53976667816445
epigenomics_4693_map_166,9936.7580422684,189.15237162841217
epigenomics_4693_map_167,9500.254523407775,188.26831018909954
epigenomics_4693_map_168,8998.018135210856,174.7788369859029
epigenomics_4693_map_169,10482.57204474509,184.6901167872346
epigenomics_4693_map_170,9786.429148948171,178.74048533131332
epigenomics_4693_map_171,9822.640128261331,179.6583477881421
epigenomics_4693_map_172,10724.435444187231,190.91982412466913
epigenomics_4693_map_173,10405.854932097443,182.85417120081465
epigenomics_4693_map_174,9651.023326748902,187.6433736215986
epigenomics_4693_map_175,11032.741082492073,188.7250868680062
epigenomics_4693_map_176,10357.818600300694,183.70911860647163
epigenomics_4693_map_177,10219.97813902612,186.1946255837762
epigenomics_4693_map_178,10059.960502770899,190.63230470758114
epigenomics_4693_map_179,9708.437276191487,193.75438399281754
epigenomics_4693_map_180,9520.619665554446,182.2206461507656
epigenomics_4693_map_181,10821.788938277612,175.22179661351174
epigenomics_4693_map_182,10723.645594203519,190.14518265071047
epigenomics_4693_map_183,10291.042348787623,179.25126285766675
epigenomics_4693_map_184,10822.024460216151,190.51847739824365
epigenomics_4693_map_185,9580.82576156191,193.896216031462
epigenomics_4693_map_186,8970.544433126564,185.980470347669
epigenomics_4693_map_187,10112.745484746854,175.69827007733466
epigenomics_4693_map_188,10262.359127358277,185.41394484745547
epigenomics_4693_map_189,10178.242825710771,184.40728413192323
epigenomics_4693_map_190,9461.640778210698,164.70539125871505
epigenomics_4693_map_191,9794.722613335374,177.423146758654
epigenomics_4693_map_192,10371.980923934272,187.7659369654853
epigenomics_4693_map_193,10360.66493112929,182.58109220862673
epigenomics_4693_map_194,10288.742003029452,185.22518290530599
epigenomics_4693_map_195,9912.729407146271,188.8187970650799
epigenomics_4693_map_196,9370.966413663691,179.21349049702863
epigenomics_4693_map_197,10859.638194776138,191.1999011991136
epigenomics_4693_map_198,10738.074891425298,191.7497563584842
epigenomics_4693_map_199,10186.6280931025,192.75401081442024
epigenomics_4693_map_200,9719.733734678905,187.63862210655904
epigenomics_4693_map_201,9790.313217406185,187.29661893706395
epigenomics_4693_map_202,10279.601288620435,181.3332941779152
epigenomics_4693_map_203,9550.594562261334,183.85547814009072
epigenomics_4693_map_204,9435.982285226188,188.856848280222
epigenomics_4693_map_205,8765.655260853691,195.17268063120326
epigenomics_4693_map_206,10239.141251084086,193.20118883386215
epigenomics_4693_map_207,9988.91304465373,187.02922773365404
epigenomics_4693_map_208,10012.752321324226,192.2362149559389
epigenomics_4693_map_209,9346.71777293226,189.0688128906521
epigenomics_4693_map_210,9526.688022585326,198.5192157128878
epigenomics_4693_map_211,10442.340656992468,184.76267915356922
epigenomics_4693_map_212,10129.052217710863,190.3154321710339
epigenomics_4693_map_213,10292.612728732262,186.89243030425726
epigenomics_4693_map_214,9869.625797429573,184.04922004357923
epigenomics_4693_map_215,11086.024717042816,177.9791502834735
epigenomics_4693_map_216,11198.500484657547,183.68686223192543
epigenomics_4693_map_217,10169.576776899996,182.1998339103315
epigenomics_4693_map_218,9361.418941875087,185.7569049864601
epigenomics_4693_map_219,10393.36387521623,177.837976872023
epigenomics_4693_map_220,9928.535923276077,185.95349368317105
epigenomics_4693_map_221,10114.820607790562,186.56694112406876
epigenomics_4693_map_222,10683.38310459005,187.64550306053596
epigenomics_4693_map_223,8898.240033923237,184.11068955227304
epigenomics_4693_map_224,10596.930260367008,187.13768626069023
epigenomics_4693_map_225,10162.70239362828,183.28118055349861
epigenomics_4693_map_226,10979.107719421449,179.0647247655984
epigenomics_4693_map_227,9502.615307399727,181.34969164357622
epigenomics_4693_map_228,10214.848895726655,185.93231479512102
epigenomics_4693_map_229,9798.11365166776,186.93934161149411
epigenomics_4693_map_230,10096.979106982606,179.10203710571108
epigenomics_4693_map_231,9604.925814044176,183.27467027390932
epigenomics_4693_map_232,9299.126192770962,191.24186736065826
epigenomics_4693_map_233,9609.641388979564,189.4732181151817
epigenomics_4693_map_234,9274.193976350478,185.10725947832225
epigenomics_4693_map_235,10144.159240363822,187.72320531690582
epigenomics_4693_map_236,9090.373813106888,178.9966290600799
epigenomics_4693_map_237,9982.170774904173,190.4493994927906
epigenomics_4693_map_238,9434.997379654582,182.9645645780017
epigenomics_4693_map_239,10411.909733863522,188.28163958756522
epigenomics_4693_map_240,10249.180327092134,180.97437402879214
epigenomics_4693_map_241,9914.889781366654,184.42337511946124
epigenomics_4693_map_242,10192.202511282274,187.91502240289537
epigenomics_4693_map_243,9898.700077739324,180.57840994845253
epigenomics_4693_map_244,10368.587330976125,182.92987468322437
epigenomics_4693_map_245,9855.375974795039,185.77832176180505
epigenomics_4693_map_246,10132.486098170051,191.33087301471883
epigenomics_4693_map_247,10630.879964545438,185.769174463169
epigenomics_4693_map_248,10804.196000831733,182.0631433876083
epigenomics_4693_map_249,10986.876778594935,183.03108794056013
epigenomics_4693_map_250,9476.324369742631,189.05374539367702
epigenomics_4693_map_251,10273.131240572307,181.6748109979635
epigenomics_4693_map_252,10318.260316554757,181.86832829342342
epigenomics_4693_map_253,9544.010998403095,183.7810869891447
epigenomics_4693_map_254,10632.335079598895,187.29544438461156
epigenomics_4693_map_255,9461.291261421438,182.62036067566652
epigenomics_4693_map_256,9359.067343469887,180.33489483308352
epigenomics_4693_map_257,9061.45586217064,191.84892255882193
epigenomics_4693_map_258,9526.853129167703,188.2631387850601
epigenomics_4693_map_259,9973.146303844584,182.75729481279973
epigenomics_4693_map_260,9999.357235714653,180.73179920414856
epigenomics_4693_map_261,10348.076458468784,186.21739844687332
epigenomics_4693_map_262,9775.088451739302,183.8543521599581
epigenomics_4693_map_263,10078.745070549314,186.24202034984364
epigenomics_4693_map_264,9209.99602906707,191.13770984875873
epigenomics_4693_map_265,9711.02855067292,186.60300428863667
epigenomics_4693_map_266,9795.68664830634,184.8401045190923
epigenomics_4693_map_267,10606.179259733774,184.26084279301813
epigenomics_4693_map_268,8991.198122743901,177.12032220103245
epigenomics_4693_map_269,10312.623940600946,189.01961662907408
epigenomics_4693_map_270,10623.998259433074,184.06675918248516
epigenomics_4693_map_271,11071.869918410663,189.62284469991982
epigenomics_4693_map_272,10886.590356585337,187.407312749525
epigenomics_4693_map_273,10251.195617620155,184.09973800503892
epigenomics_4693_map_274,10101.054605638543,189.87999845950813
epigenomics_4693_map_275,9525.626872533672,188.38995049511462
epigenomics_4693_map_276,10157.479060376038,188.97695005341185
epigenomics_4693_map_277,10259.330925659451,188.30799074090692
epigenomics_4693_map_278,10765.557559188479,182.4130814071105
epigenomics_4693_map_279,9534.306836229258,181.3050919450067
epigenomics_4693_map_280,10326.631071650325,188.8044545829565
epigenomics_4693_map_281,10059.900684316637,185.96942180121653
epigenomics_4693_map_282,9921.2815333907,185.4009047252209
epigenomics_4693_map_283,10049.555149142647,188.1100441326696
epigenomics_4693_map_284,10689.086802322976,189.87748862396813
epigenomics_4693_map_285,10248.96177592059,180.6052284514693
epigenomics_4693_map_286,10148.10286397508,175.71535620298238
epigenomics_4693_map_287,9632.604937622491,185.60351742006787
epigenomics_4693_map_288,10457.829899068573,187.2415597372575
epigenomics_4693_map_289,9882.830145801809,186.54314576605958
epigenomics_4693_map_290,10247.282927393782,177.80332058247416
epigenomics_4693_map_291,10231.277529155632,182.68053744332312
epigenomics_4693_map_292,10301.195035018663,183.10037096030928
epigenomics_4693_map_293,10485.034109878216,184.45072069257975
epigenomics_4693_map_294,9923.138535042272,188.03268493265736
epigenomics_4693_map_295,10503.5082445691,185.80116404154353
epigenomics_4693_map_296,10108.306957078383,188.6822491314321
epigenomics_4693_map_297,10413.121552292294,182.5104934590896
epigenomics_4693_map_298,10587.046047858541,183.67010261726355
epigenomics_4693_map_299,9687.094461179397,186.45265437798486
epigenomics_4693_map_300,9291.616954206307,185.5670732992145
epigenomics_4693_map_301,10117.870139615798,182.67213956890117
epigenomics_4693_map_302,10174.107739968129,187.70179921508682
epigenomics_4693_map_303,9542.189364082678,178.91244532408933
epigenomics_4693_map_304,9472.250036995836,177.88767997898847
epigenomics_4693_map_305,8986.13221818072,193.1711550506705
epigenomics_4693_map_306,10132.76606203808,187.51562118640388
epigenomics_4693_map_307,9359.095726462147,180.85798967861342
epigenomics_4693_map_308,10097.865808467775,189.9938276409751
epigenomics_4693_map_309,10017.023099344231,188.67883521437662
epigenomics_4693_map_310,9434.85922064817,178.61419197533664
epigenomics_4693_map_311,9803.549195411908,177.847618399081
epigenomics_4693_map_312,11024.096457653595,178.67170083488045
epigenomics_4693_map_313,10360.915477196446,186.15199426146384
epigenomics_4693_map_314,10490.62458400982,189.38416099542565
epigenomics_4693_map_315,10033.91628070232,192.11367253330422
epigenomics_4693_map_316,9995.740000488411,182.38651813448215
epigenomics_4693_map_317,8746.70780218621,181.80467694327592
epigenomics_4693_map_318,10291.487716135985,180.50928088173103
epigenomics_4693_map_319,9531.426934760751,187.38837434360218
epigenomics_4693_map_320,9698.655811509441,179.40229105964596
epigenomics_4693_map_321,10559.8519410996,183.68027188810694
epigenomics_4693_map_322,10712.13880953912,185.0093883125522
epigenomics_4693_map_323,10199.855931644342,185.38085304565234
epigenomics_4693_map_324,9999.14866786395,188.2391146376585
epigenomics_4693_map_325,9381.953183442094,183.51212530053655
epigenomics_4693_map_326,10007.066217238082,187.09945136446973
epigenomics_4693_map_327,9713.871500415444,184.329714142476
epigenomics_4693_map_328,10310.280674773583,178.5634046110616
epigenomics_4693_map_329,9447.048202049822,194.608857165582
epigenomics_4693_map_330,9508.445768096739,181.05403577764454
epigenomics_4693_map_331,10161.65508181299,194.17331531420896
epigenomics_4693_map_332,10119.597624859,186.67740751626354
epigenomics_4693_map_333,10866.918452777942,188.87158150934437
epigenomics_4693_map_334,10894.651157935152,178.3835164347147
epigenomics_4693_map_335,9164.47589373324,190.63082959782935
epigenomics_4693_map_336,9944.9704532885,192.2541498922013
epigenomics_4693_map_337,10195.42661142663,196.90566396288045
epigenomics_4693_map_338,10245.469507518583,182.429548625498
epigenomics_4693_map_339,10477.46021346248,184.89734921976955
epigenomics_4693_map_340,10335.51931745563,179.4011282025973
epigenomics_4693_map_341,10528.59792764852,180.5664570359896
epigenomics_4693_map_342,9707.130929691522,181.72293820361196
epigenomics_4693_map_343,9999.756178916747,182.98014256832644
epigenomics_4693_map_344,9952.461518281212,187.73354794064164
epigenomics_4693_map_345,10113.921804015175,183.61630791072727
epigenomics_4693_map_346,10336.666493029805,179.10461927866817
epigenomics_4693_map_347,10446.425141851241,189.72795335413957
epigenomics_4693_map_348,9918.899509846035,187.19192533643863
epigenomics_4693_map_349,10746.101493868735,185.40658431236454
epigenomics_4693_map_350,10211.382821440919,188.59247086668648
epigenomics_4693_map_351,9463.273345985903,188.74816021677242
epigenomics_4693_map_352,10641.185584323506,186.14849517353247
epigenomics_4693_map_353,10339.240351346707,188.3635788080723
epigenomics_4693_map_354,10241.800545048716,187.36131013712154
epigenomics_4693_map_355,9019.288536090116,183.44800501057134
epigenomics_4693_map_356,9969.009611659265,188.18189346012525
epigenomics_4693_map_357,10104.104938176199,186.22481498203965
epigenomics_4693_map_358,10328.519373543413,187.29585021888863
epigenomics_4693_map_359,10319.529697448725,177.22666695930712
epigenomics_4693_map_360,10064.782564755367,182.01679710095948
epigenomics_4693_map_361,9692.695033189186,185.53699291515966
epigenomics_4693_map_362,9752.06350150416,190.09561185956224
epigenomics_4693_map_363,10270.238897954638,178.72041077717466
epigenomics_4693_map_364,9564.791360433617,189.2269344795672
epigenomics_4693_map_365,10285.530066342179,183.65641509725245
epigenomics_4693_map_366,9260.103741954115,191.85194107395134
epigenomics_4693_map_367,9595.134716396145,182.550677944723
epigenomics_4693_map_368,8741.921008811987,190.4417995730681
epigenomics_4693_map_369,9395.240213094447,185.3688550980032
epigenomics_4693_map_370,10135.528410785028,186.342345115668
epigenomics_4693_map_371,10095.786362410825,181.85531767782436
epigenomics_4693_map_372,10341.373945666155,185.98010334271353
epigenomics_4693_map_373,9743.428560504444,178.52114985091546
epigenomics_4693_map_374,9375.641108125328,186.27036765243105
epigenomics_4693_map_375,10984.21878098518,176.83931322254665
epigenomics_4693_map_376,10818.793497348724,183.99563941032693
epigenomics_4693_map_377,10466.35389744058,177.79005817569282
epigenomics_4693_map_378,9914.169241510177,184.40292944067753
epigenomics_4693_map_379,9328.480211534696,190.19749358038808
epigenomics_4693_map_380,9931.287035291072,191.66564347870886
epigenomics_4693_map_381,9258.272685198022,181.3222110819915
epigenomics_4693_map_382,10370.670109718727,187.6743691401882
epigenomics_4693_map_383,9896.238710189584,182.93276034244582
epigenomics_4693_map_384,10108.763212980928,184.58324128154058
epigenomics_4693_map_385,9927.387216240204,188.8618282591517
epigenomics_4693_map_386,9906.747630422897,190.09691970391177
epigenomics_4693_map_387,10265.536197834626,181.75058617235732
epigenomics_4693_map_388,10478.762348793369,184.58257545786313
epigenomics_4693_map_389,9077.761313323084,184.63147911798896
epigenomics_4693_map_390,9541.798650423714,182.62906205163642
epigenomics_4693_map_391,9728.5399647159,176.49542405827134
epigenomics_4693_map_392,10463.699487194004,182.65580951336466
epigenomics_4693_map_393,11126.192222100088,191.29701137891107
epigenomics_4693_map_394,10385.757602706259,185.1843745751191
epigenomics_4693_map_395,9603.0565446708,190.39037774325533
epigenomics_4693_map_396,9119.121342758166,182.61223020479676
epigenomics_4693_map_397,9795.16073776371,178.201577742731
epigenomics_4693_map_398,9879.801571226331,184.4107619335354
epigenomics_4693_map_399,10061.720927693392,182.69874428615074
epigenomics_4693_map_400,9256.35367388081,190.56456711219093
epigenomics_4693_map_401,9895.754168768477,186.14717925700432
epigenomics_4693_map_402,9260.099385479602,189.23222113443893
epigenomics_4693_map_403,10058.440037871156,194.5356316077382
epigenomics_4693_map_404,10023.943559810261,181.34230705865627
epigenomics_4693_map_405,10006.406315019021,179.0001605575012
epigenomics_4693_map_406,10204.540033739784,180.58483647166
epigenomics_4693_map_407,10799.220115462429,178.8020896937639
epigenomics_4693_map_408,10097.332872708068,182.76695036609487
epigenomics_4693_map_409,9846.976537694265,192.06352486720874
epigenomics_4693_map_410,9932.399635636253,179.30153784933307
epigenomics_4693_map_411,9300.372805368,180.921168877409
epigenomics_4693_map_412,10233.923115228159,186.92248799128473
epigenomics_4693_map_413,9225.49345542013,189.72660421157417
epigenomics_4693_map_414,10048.998992871144,190.1776182003317
epigenomics_4693_map_415,8950.823446297294,187.23453277395635
epigenomics_4693_map_416,9687.578551262413,187.78629235423676
epigenomics_4693_map_417,10108.00335164733,186.02992841769773
epigenomics_4693_map_418,9767.018239943227,180.43949432075817
epigenomics_4693_map_419,9971.94581983984,184.14467900408934
epigenomics_4693_map_420,9651.13336470893,179.7673158492016
epigenomics_4693_map_421,10208.650212591001,196.54406746176036
epigenomics_4693_map_422,9796.591442721821,185.63327865036084
epigenomics_4693_map_423,10927.327614846894,189.24438640863667
epigenomics_4693_map_424,8803.523937773678,185.2830895279482
epigenomics_4693_map_425,9996.602848345157,184.3037471492533
epigenomics_4693_map_426,10380.038165124442,179.23600510091018
epigenomics_4693_map_427,10309.99604712946,179.29757103691438
epigenomics_4693_map_428,9694.374079852061,182.64003713842575
epigenomics_4693_map_429,9938.055765526931,190.3623908524781
epigenomics_4693_map_430,8958.140493594494,190.15017322935765
epigenomics_4693_map_431,8965.573914388366,189.4659695119873
epigenomics_4693_map_432,9904.400225563944,188.5970486420832
epigenomics_4693_map_433,10757.216104799334,184.42689937420303
epigenomics_4693_map_434,9959.277908079966,182.8514781503914
epigenomics_4693_map_435,9263.063733817862,191.87141513893218
epigenomics_4693_map_436,10170.63915714244,177.70527962194453
epigenomics_4693_map_437,10675.208374376862,184.37691698968362
epigenomics_4693_map_438,10603.059611436423,183.93350389724267
epigenomics_4693_map_439,9852.246241980396,186.6495957750295
epigenomics_4693_map_440,10327.0270402966,177.44592463111528
epigenomics_4693_map_441,9825.24089333162,178.85323242830262
epigenomics_4693_map_442,10294.812420108705,177.7503246045091
epigenomics_4693_map_443,9707.635882132696,185.49326569129664
epigenomics_4693_map_444,10185.964440075306,186.45440160829108
epigenomics_4693_map_445,9631.208442398132,186.324520827431
epigenomics_4693_map_446,9933.037093023651,180.65843058042918
epigenomics_4693_map_447,10676.390691404291,185.07317868640015
epigenomics_4693_map_448,9487.280381113902,182.8291981440066
epigenomics_4693_map_449,9996.9505660781,178.86137820163364
epigenomics_4693_map_450,10327.034631657018,189.85064871890918
epigenomics_4693_map_451,9792.928335132887,187.9537206602805
epigenomics_4693_map_452,9511.306454562897,181.6659177939694
epigenomics_4693_map_453,9832.237657561947,183.40504013441063
epigenomics_4693_map_454,9990.794027684993,181.29023841158067
epigenomics_4693_map_455,9508.262592874662,183.43633410495795
epigenomics_4693_map_456,9194.539039702211,183.256535552002
epigenomics_4693_map_457,9657.039570064868,182.01480860308772
epigenomics_4693_map_458,10607.926018287566,191.2899106577911
epigenomics_4693_map_459,9462.642157947854,183.0389041765195
epigenomics_4693_map_460,9745.410736985521,190.61312055301732
epigenomics_4693_map_461,9754.712343937561,174.41929314681752
epigenomics_4693_map_462,10692.477872363033,181.81477682359667
epigenomics_4693_map_463,10485.809447667427,178.77477872191542
epigenomics_4693_map_464,9735.192390531336,182.06962125356748
epigenomics_4693_map_465,9559.255721679992,188.4160448213442
epigenomics_4693_map_466,10100.017494594165,193.04304493385575
epigenomics_4693_map_467,10674.146424875698,190.39669273402203
epigenomics_4693_map_468,9336.095084458177,180.65852933076008
epigenomics_4693_map_469,10380.320638265677,175.13021411839355
epigenomics_4693_map_470,10216.683664004511,182.37997622903643
epigenomics_4693_map_471,10761.119412111015,176.42468640628897
epigenomics_4693_map_472,10774.371649672794,182.8419690517966
epigenomics_4693_map_473,9680.145845762676,189.99616591693444
epigenomics_4693_map_474,9893.9742445569,191.5601296790341
epigenomics_4693_map_475,9442.049432219905,183.36130324737948
epigenomics_4693_map_476,9665.142076487124,184.12375919150583
epigenomics_4693_map_477,9524.623199009342,191.11708980640185
epigenomics_4693_map_478,10213.609392162405,179.3831936174118
epigenomics_4693_map_479,10389.989458086107,184.37980341990271
epigenomics_4693_map_480,10602.333733436466,175.50168537259395
epigenomics_4693_map_481,9562.157361678235,184.3911563488812
epigenomics_4693_map_482,10724.819581377784,188.17208768908014
epigenomics_4693_map_483,10526.310853018731,186.33956998092805
epigenomics_4693_map_484,10429.06133994027,185.19895173520754
epigenomics_4693_map_485,10452.364802974147,181.27190322170696
epigenomics_4693_map_486,10033.864850563672,177.692226234347
epigenomics_4693_map_487,9606.731410652734,177.08167235040878
epigenomics_4693_map_488,9488.779440900325,189.87574106729375
epigenomics_4693_map_489,10163.408247488185,181.35346078863418
epigenomics_4693_map_490,10244.905060189469,185.99076061723002
epigenomics_4693_map_491,9147.764626040229,188.939681607875
epigenomics_4693_map_492,10460.181987313817,183.6824314323006
epigenomics_4693_map_493,10199.166679608144,186.94371818047043
epigenomics_4693_map_494,9837.968613406974,185.66329801162507
epigenomics_4693_map_495,9282.233566741448,184.28751053235123
epigenomics_4693_map_496,9387.172548436653,175.43308441819116
epigenomics_4693_map_497,10010.39418985327,185.39202217662046
epigenomics_4693_map_498,9926.932975632371,186.37839351110873
epigenomics_4693_map_499,8948.902756108107,178.43953910166
epigenomics_4693_mapMerge1_0,134.84411711477605,126.51278040671127
epigenomics_4693_mapMerge1_1,129.68418776761817,121.50443075231139
epigenomics_4693_mapMerge2_0,140.51637675417388,113.68770771243217
epigenomics_4693_chr21_0,141.40742108508823,60.715509669972285
epigenomics_4693_pileup_0,221.776454044983,87.6522120676999
