request,latency,mem
epigenomics_4189_entry_0,1.0,1.0
epigenomics_4189_fastqSplit_0,59.091507561871055,104.0943530432405
epigenomics_4189_fastqSplit_1,53.653683821057136,84.1663949243473
epigenomics_4189_filterContams_0,24.037684613377014,79.36212319746033
epigenomics_4189_filterContams_1,21.305213271046107,68.49907098738721
epigenomics_4189_filterContams_2,20.033692740854672,58.10196308432074
epigenomics_4189_filterContams_3,20.095627074557225,60.6436493711936
epigenomics_4189_filterContams_4,20.085135082323987,59.64202481990779
epigenomics_4189_filterContams_5,25.98182824780836,72.12768288742646
epigenomics_4189_filterContams_6,19.416378131304818,66.59370493801991
epigenomics_4189_filterContams_7,19.50667420638023,64.35938139794429
epigenomics_4189_filterContams_8,20.183813750145013,52.480273748123984
epigenomics_4189_filterContams_9,22.568448506870027,70.3265672389453
epigenomics_4189_filterContams_10,22.108543789538786,61.01873832203231
epigenomics_4189_filterContams_11,19.98920797320889,77.20397705635193
epigenomics_4189_filterContams_12,23.38677598596719,77.23541020797055
epigenomics_4189_filterContams_13,19.993580361823714,59.75296721551411
epigenomics_4189_filterContams_14,15.95332934608679,61.10433840451097
epigenomics_4189_filterContams_15,19.3856500571002,75.0538722074303
epigenomics_4189_filterContams_16,21.36860256451947,63.54289478870579
epigenomics_4189_filterContams_17,22.45407296143856,72.77303759018126
epigenomics_4189_filterContams_18,22.440582521132832,74.70048869942488
epigenomics_4189_filterContams_19,19.963732361379606,81.04425647625766
epigenomics_4189_filterContams_20,22.24780952080452,76.40366969302025
epigenomics_4189_filterContams_21,18.452893084712464,73.58653951605608
epigenomics_4189_filterContams_22,24.248766814816534,77.0339836308604
epigenomics_4189_filterContams_23,18.21068193615962,61.080084149498155
epigenomics_4189_filterContams_24,20.606564394345174,60.08758072186604
epigenomics_4189_filterContams_25,18.805487266836387,78.40590024698386
epigenomics_4189_filterContams_26,26.523633481414617,69.38180861318806
epigenomics_4189_filterContams_27,16.909923617385576,59.82233293858916
epigenomics_4189_filterContams_28,20.753458674197717,62.184061805439036
epigenomics_4189_filterContams_29,19.858936839458863,75.53326363394791
epigenomics_4189_filterContams_30,19.48723721799802,63.11751668452381
epigenomics_4189_filterContams_31,24.70476824637373,57.851755455407485
epigenomics_4189_filterContams_32,16.858794945923112,62.74244939056369
epigenomics_4189_filterContams_33,19.409557069188008,71.50682209254657
epigenomics_4189_filterContams_34,19.156639162614336,75.32933078174501
epigenomics_4189_filterContams_35,21.977582681724765,52.88005740806017
epigenomics_4189_filterContams_36,18.405058905769238,64.16503140962257
epigenomics_4189_filterContams_37,16.919895603600413,65.6358560970555
epigenomics_4189_filterContams_38,18.0853125628107,66.88181337321132
epigenomics_4189_filterContams_39,24.582313687686458,50.83077018910823
epigenomics_4189_filterContams_40,21.141148294837667,60.709922757873834
epigenomics_4189_filterContams_41,18.35131579521707,61.207219443051855
epigenomics_4189_filterContams_42,20.00308562297212,60.55997941973573
epigenomics_4189_filterContams_43,19.519492514857063,66.51289009265258
epigenomics_4189_filterContams_44,24.036758934678026,68.72259954964373
epigenomics_4189_filterContams_45,22.26515426291011,63.976824151464506
epigenomics_4189_filterContams_46,24.191135950895788,76.78882589280971
epigenomics_4189_filterContams_47,21.49515425387324,79.1940531130768
epigenomics_4189_filterContams_48,21.385959563468557,58.833387314460715
epigenomics_4189_filterContams_49,24.381389446664848,72.67006867928171
epigenomics_4189_filterContams_50,21.4889200634195,58.35845752507723
epigenomics_4189_filterContams_51,17.821171967344572,65.26218080649784
epigenomics_4189_filterContams_52,21.752450578059786,52.82202446697999
epigenomics_4189_filterContams_53,21.533078433281347,58.77542138614696
epigenomics_4189_filterContams_54,16.40958732394807,60.99427623201113
epigenomics_4189_filterContams_55,21.106562842172384,59.308908033363224
epigenomics_4189_filterContams_56,22.850179318665564,62.508822151018855
epigenomics_4189_filterContams_57,17.375751322867224,60.36977334402912
epigenomics_4189_filterContams_58,23.138679890658786,76.88568220974858
epigenomics_4189_filterContams_59,23.064509750829476,51.520954417376956
epigenomics_4189_filterContams_60,18.847346920992127,63.95018689394603
epigenomics_4189_filterContams_61,15.385033864677824,64.7425577626344
epigenomics_4189_filterContams_62,19.761453589322947,77.93758435093734
epigenomics_4189_filterContams_63,16.15447296003275,51.77108883276131
epigenomics_4189_filterContams_64,18.910584169425164,64.4037479466763
epigenomics_4189_filterContams_65,13.797860382761488,75.4882393989066
epigenomics_4189_filterContams_66,22.643364307858672,77.80420260919985
epigenomics_4189_filterContams_67,17.064891207027497,56.24275831960294
epigenomics_4189_filterContams_68,21.08203257138859,45.78832507598189
epigenomics_4189_filterContams_69,19.440007207372584,63.51370512999991
epigenomics_4189_filterContams_70,24.068680967213062,57.80672519851861
epigenomics_4189_filterContams_71,19.574794396216003,61.43491662521148
epigenomics_4189_filterContams_72,21.70995945002089,62.505512586934664
epigenomics_4189_filterContams_73,21.43804659401184,63.36160662317672
epigenomics_4189_filterContams_74,22.017400224951782,64.44495379353667
epigenomics_4189_filterContams_75,16.59521900710759,52.79867139577071
epigenomics_4189_filterContams_76,15.428657932587356,65.81779696785452
epigenomics_4189_filterContams_77,20.318396432978947,68.93646485790946
epigenomics_4189_filterContams_78,13.685186983312775,73.27348849544185
epigenomics_4189_filterContams_79,22.399706260662317,66.41363826673734
epigenomics_4189_filterContams_80,24.274482472091375,64.84119862773221
epigenomics_4189_filterContams_81,18.6264351227747,77.43115875841137
epigenomics_4189_filterContams_82,22.67251028223417,53.044372505968454
epigenomics_4189_filterContams_83,20.655434324770653,60.12850474364835
epigenomics_4189_filterContams_84,18.690942785431574,64.89649363089946
epigenomics_4189_filterContams_85,18.762390915076455,67.01851810606122
epigenomics_4189_filterContams_86,23.889415874246943,64.6484257614407
epigenomics_4189_filterContams_87,19.72176615633454,73.0551353151965
epigenomics_4189_filterContams_88,17.991553302163,58.310455920789366
epigenomics_4189_filterContams_89,21.632434455834993,55.25424971133444
epigenomics_4189_filterContams_90,16.312215419367305,68.42491840619338
epigenomics_4189_filterContams_91,17.34525204192864,58.80790782327574
epigenomics_4189_filterContams_92,13.60278473160858,71.54630548036593
epigenomics_4189_filterContams_93,18.303229317343277,70.31773794351514
epigenomics_4189_filterContams_94,22.390314682181774,65.1932127304346
epigenomics_4189_filterContams_95,23.570265249862096,54.94008063488181
epigenomics_4189_filterContams_96,17.591521951264887,70.26147939822634
epigenomics_4189_filterContams_97,16.447444433462444,68.93386063174948
epigenomics_4189_filterContams_98,22.9669078402929,70.84440895893768
epigenomics_4189_filterContams_99,18.73571021954922,62.04780080291229
epigenomics_4189_filterContams_100,20.486221497569332,70.37471615588723
epigenomics_4189_filterContams_101,14.58633887639099,53.364901033788776
epigenomics_4189_filterContams_102,19.018985761006896,78.75188217224876
epigenomics_4189_filterContams_103,21.380402912603977,64.57373881303637
epigenomics_4189_filterContams_104,16.59694220137668,56.69704905200827
epigenomics_4189_filterContams_105,20.259160237629466,59.27468431337536
epigenomics_4189_filterContams_106,22.417986296692938,66.18354170805564
epigenomics_4189_filterContams_107,18.26216537540649,48.49301822367784
epigenomics_4189_filterContams_108,21.824815815356406,69.60882448413666
epigenomics_4189_filterContams_109,18.812255761604966,68.38706124672066
epigenomics_4189_filterContams_110,13.586501598423968,91.45536380528338
epigenomics_4189_filterContams_111,22.590790074593137,60.07134565242457
epigenomics_4189_filterContams_112,15.163787304851699,70.06451526092778
epigenomics_4189_filterContams_113,20.905167786150553,79.40069701407815
epigenomics_4189_filterContams_114,15.021183779243177,62.2927004657747
epigenomics_4189_filterContams_115,16.873535620487495,91.85048340263035
epigenomics_4189_filterContams_116,18.148753780933355,60.73330434922632
epigenomics_4189_filterContams_117,23.20021448603762,74.67252871793876
epigenomics_4189_filterContams_118,18.950219282048675,63.99703124661581
epigenomics_4189_filterContams_119,18.38410432693002,67.75510366641159
epigenomics_4189_filterContams_120,18.03165204856216,71.53106470019388
epigenomics_4189_filterContams_121,23.505530058378653,69.07107618542102
epigenomics_4189_filterContams_122,25.904147712144503,73.07547391185648
epigenomics_4189_filterContams_123,20.41740729828954,61.0060375444228
epigenomics_4189_filterContams_124,18.74750086466351,72.36667852720976
epigenomics_4189_filterContams_125,21.393272876103484,61.06718485767766
epigenomics_4189_filterContams_126,19.093282990049403,60.36391708421712
epigenomics_4189_filterContams_127,16.178265059092887,66.96313067067162
epigenomics_4189_filterContams_128,24.936423316275956,63.141983060934784
epigenomics_4189_filterContams_129,15.598726547798513,66.35431070194757
epigenomics_4189_filterContams_130,17.033905716318557,55.977253595155624
epigenomics_4189_filterContams_131,16.56080596910154,63.66848780347835
epigenomics_4189_filterContams_132,21.291029876551406,58.053971152398425
epigenomics_4189_filterContams_133,14.364263892611977,69.9716503911583
epigenomics_4189_filterContams_134,17.78621151841045,53.31933695309432
epigenomics_4189_filterContams_135,21.171668447983425,64.47693559449526
epigenomics_4189_filterContams_136,26.926144371767975,62.51566940984181
epigenomics_4189_filterContams_137,14.40560031663139,54.48292677114933
epigenomics_4189_filterContams_138,16.117436706052786,67.85067253088174
epigenomics_4189_filterContams_139,18.097775744338833,69.35105747944839
epigenomics_4189_filterContams_140,17.23685115481302,63.017935912231884
epigenomics_4189_filterContams_141,20.74332289679149,77.58938816903361
epigenomics_4189_filterContams_142,16.384539612611793,76.39458581452827
epigenomics_4189_filterContams_143,13.667232082766276,57.51555148253413
epigenomics_4189_filterContams_144,20.057240995529977,67.6583038453181
epigenomics_4189_filterContams_145,24.95871532321163,59.58570728265424
epigenomics_4189_filterContams_146,18.107589868719643,65.9375780432241
epigenomics_4189_filterContams_147,21.09129035134935,80.92627255295642
epigenomics_4189_filterContams_148,15.861061443363354,67.86192918719038
epigenomics_4189_filterContams_149,26.164951104063476,69.35904618054376
epigenomics_4189_filterContams_150,22.534791268750407,75.65061401022753
epigenomics_4189_filterContams_151,19.70535064336212,59.89868040765318
epigenomics_4189_filterContams_152,21.934462558858336,75.15813555703205
epigenomics_4189_filterContams_153,21.25008834232708,84.09411341478099
epigenomics_4189_filterContams_154,20.12143269825968,64.85592549038485
epigenomics_4189_filterContams_155,20.933687573625583,69.57789688083804
epigenomics_4189_filterContams_156,20.402032847195102,72.58904947349316
epigenomics_4189_filterContams_157,17.294724892144245,72.85239009229691
epigenomics_4189_filterContams_158,18.130262343935737,73.36588311869534
epigenomics_4189_filterContams_159,17.337514301971744,59.317995005591634
epigenomics_4189_filterContams_160,18.054296938920796,74.4396462500314
epigenomics_4189_filterContams_161,22.552063295174037,55.435544810746066
epigenomics_4189_filterContams_162,25.511543649688925,68.93823662986
epigenomics_4189_filterContams_163,21.064579372129856,60.34564182545074
epigenomics_4189_filterContams_164,25.185228926168293,74.50740893066003
epigenomics_4189_filterContams_165,13.119009222639875,53.64533178466456
epigenomics_4189_filterContams_166,19.081580531398266,62.84914382001648
epigenomics_4189_filterContams_167,19.91476603382804,68.76836710090438
epigenomics_4189_filterContams_168,29.054788232926317,70.430489421826
epigenomics_4189_filterContams_169,17.420258723916117,62.32160825973086
epigenomics_4189_filterContams_170,17.161531044278266,75.15037418462353
epigenomics_4189_filterContams_171,18.13683154379256,67.89356147457853
epigenomics_4189_filterContams_172,17.515830417025594,69.23980587009349
epigenomics_4189_filterContams_173,17.984528248996256,55.97178334225175
epigenomics_4189_filterContams_174,17.818370681331405,64.73000523139886
epigenomics_4189_filterContams_175,23.03644120782848,59.47446762762891
epigenomics_4189_filterContams_176,20.883867622695735,56.956052788402985
epigenomics_4189_filterContams_177,25.708129623424643,75.99504330622977
epigenomics_4189_filterContams_178,21.379553014936818,71.43293266935217
epigenomics_4189_filterContams_179,20.481965621400835,79.14537494503091
epigenomics_4189_filterContams_180,21.009434305853954,72.73278410274811
epigenomics_4189_filterContams_181,19.485454128401386,78.6307562935961
epigenomics_4189_filterContams_182,17.797765601478776,60.13196815896992
epigenomics_4189_filterContams_183,18.242999050340796,67.12358854278745
epigenomics_4189_filterContams_184,20.045190199188646,63.28386561271015
epigenomics_4189_filterContams_185,17.76438594404144,60.47242903692538
epigenomics_4189_filterContams_186,20.791505159404714,62.7137263993936
epigenomics_4189_filterContams_187,19.79663108513921,53.093929299463
epigenomics_4189_filterContams_188,25.513288580619005,65.03149410911877
epigenomics_4189_filterContams_189,16.528393745642564,65.62604520803689
epigenomics_4189_filterContams_190,24.072845780905144,60.1075829056959
epigenomics_4189_filterContams_191,22.605754008076595,68.939255207419
epigenomics_4189_filterContams_192,16.715640243336036,83.83313333355957
epigenomics_4189_filterContams_193,14.526383519856878,70.54819248521446
epigenomics_4189_filterContams_194,19.450490095707544,59.31621814731602
epigenomics_4189_filterContams_195,18.731399031496974,65.36194242583278
epigenomics_4189_filterContams_196,20.13862656972795,67.35435279595308
epigenomics_4189_filterContams_197,21.623595948344548,70.30123140751645
epigenomics_4189_filterContams_198,24.07816908643281,55.63721969265036
epigenomics_4189_filterContams_199,13.982897759167608,71.4764664608428
epigenomics_4189_filterContams_200,21.91763846156034,64.2469368986866
epigenomics_4189_filterContams_201,21.02563215125511,54.64871461283649
epigenomics_4189_filterContams_202,17.723120101405407,54.130844796800844
epigenomics_4189_filterContams_203,22.65660273932351,65.65750681748504
epigenomics_4189_filterContams_204,23.527585894350224,77.21914381128363
epigenomics_4189_filterContams_205,21.62330071918687,66.91533852445328
epigenomics_4189_filterContams_206,20.656912547309737,68.4090519537639
epigenomics_4189_filterContams_207,17.48484811316375,58.539411725376745
epigenomics_4189_filterContams_208,23.187784307528524,72.91099823927605
epigenomics_4189_filterContams_209,19.102308387361216,58.34988498098641
epigenomics_4189_filterContams_210,17.086162118345317,64.83720591640741
epigenomics_4189_filterContams_211,19.171781977119277,58.977054648657735
epigenomics_4189_filterContams_212,21.44722769952075,63.44260800804872
epigenomics_4189_filterContams_213,23.248427914672547,52.68988006540569
epigenomics_4189_filterContams_214,18.761808538176567,68.89866533838142
epigenomics_4189_filterContams_215,13.058101004202737,53.2979247136118
epigenomics_4189_filterContams_216,20.601734361928155,68.42576912806138
epigenomics_4189_filterContams_217,15.331421389172231,61.645554430740965
epigenomics_4189_filterContams_218,22.136363857811585,57.62160413454095
epigenomics_4189_filterContams_219,20.031731323666392,61.320651753513346
epigenomics_4189_filterContams_220,19.196652733862205,67.56101631848546
epigenomics_4189_filterContams_221,16.831127770913263,54.3192728212539
epigenomics_4189_filterContams_222,23.819114260970537,62.197864782666855
epigenomics_4189_filterContams_223,24.56474515368489,64.26794196607968
epigenomics_4189_filterContams_224,22.439528328629113,65.70115860196604
epigenomics_4189_filterContams_225,23.004200878670623,63.07956239157846
epigenomics_4189_filterContams_226,23.49279539735515,52.83335438958304
epigenomics_4189_filterContams_227,21.11703788723725,64.48402494651275
epigenomics_4189_filterContams_228,17.756070391521177,71.96321534637586
epigenomics_4189_filterContams_229,16.8889049431797,59.28376036185471
epigenomics_4189_filterContams_230,19.913361816670843,56.84970283775529
epigenomics_4189_filterContams_231,24.306549618428434,56.794115856685295
epigenomics_4189_filterContams_232,21.7751333011525,55.90467218717353
epigenomics_4189_filterContams_233,23.78781128017663,66.63260117854644
epigenomics_4189_filterContams_234,18.250609066358,60.465682577705735
epigenomics_4189_filterContams_235,19.66315657899138,66.83925597945286
epigenomics_4189_filterContams_236,17.847620415779666,58.58358109481789
epigenomics_4189_filterContams_237,20.80774348649639,57.149397082013195
epigenomics_4189_filterContams_238,18.941331262404926,63.35646757083628
epigenomics_4189_filterContams_239,14.52201585669681,61.97527102004936
epigenomics_4189_filterContams_240,23.488685838452096,60.893868857365305
epigenomics_4189_filterContams_241,23.03470348209899,64.36079898894283
epigenomics_4189_filterContams_242,18.78398817754748,73.20895908371467
epigenomics_4189_filterContams_243,18.611815621085587,58.049685941439144
epigenomics_4189_filterContams_244,18.380669229653684,64.44095131376554
epigenomics_4189_filterContams_245,19.251473157609702,69.45322599390026
epigenomics_4189_filterContams_246,16.138123478688946,66.18998626433938
epigenomics_4189_filterContams_247,20.26423011884955,72.61167115589184
epigenomics_4189_filterContams_248,22.730652275749474,67.58863557050776
epigenomics_4189_filterContams_249,24.190921712005117,62.78137257776619
epigenomics_4189_filterContams_250,22.039848330460522,73.71662112399585
epigenomics_4189_filterContams_251,19.041229654450007,55.25940414128396
epigenomics_4189_filterContams_252,25.99377568059379,66.72080708239697
epigenomics_4189_filterContams_253,18.01659665493536,56.66523349647639
epigenomics_4189_filterContams_254,21.680783432855034,76.13462313475034
epigenomics_4189_filterContams_255,16.027597712652664,66.15942077815346
epigenomics_4189_filterContams_256,21.458726230192237,75.92685732983061
epigenomics_4189_filterContams_257,17.908565384133208,58.663886522773865
epigenomics_4189_filterContams_258,20.080049946534025,70.60459013205613
epigenomics_4189_filterContams_259,22.03103767708037,73.73400314191973
epigenomics_4189_filterContams_260,25.276111618045405,78.17076751682649
epigenomics_4189_filterContams_261,20.5100739558813,71.60097950400724
epigenomics_4189_filterContams_262,26.92619684002591,49.87717038608053
epigenomics_4189_filterContams_263,20.20660343308583,66.9645477986394
epigenomics_4189_filterContams_264,16.409234181023322,74.30812576949027
epigenomics_4189_filterContams_265,20.63744715922524,71.31712908451495
epigenomics_4189_filterContams_266,12.795970969159598,67.71680271473154
epigenomics_4189_filterContams_267,21.444831955432335,60.039389162987426
epigenomics_4189_filterContams_268,19.610260476844193,57.59091877265176
epigenomics_4189_filterContams_269,17.203470310915957,75.42007921474827
epigenomics_4189_filterContams_270,23.233031671228115,59.364270851207834
epigenomics_4189_filterContams_271,23.661742372213237,65.14462135888428
epigenomics_4189_filterContams_272,22.241704406781835,58.165231613682124
epigenomics_4189_filterContams_273,22.336547220402853,36.93867507438411
epigenomics_4189_filterContams_274,21.49410369859175,57.93615880664118
epigenomics_4189_filterContams_275,24.70164650036638,59.54999634890118
epigenomics_4189_filterContams_276,20.238116728738266,69.3841954260284
epigenomics_4189_filterContams_277,18.71275647064538,69.13814366413246
epigenomics_4189_filterContams_278,23.15092036935554,75.55173111036115
epigenomics_4189_filterContams_279,18.439942138337074,51.99201821456357
epigenomics_4189_filterContams_280,27.788239353172116,66.27089473680348
epigenomics_4189_filterContams_281,20.122354835015148,62.761910448625315
epigenomics_4189_filterContams_282,19.79510772738104,70.75754799328404
epigenomics_4189_filterContams_283,22.597032643908975,62.220381997773075
epigenomics_4189_filterContams_284,14.323256443803684,69.29240132506457
epigenomics_4189_filterContams_285,19.082266020293773,70.98622552683806
epigenomics_4189_filterContams_286,15.742338077917887,63.77165319563506
epigenomics_4189_filterContams_287,25.606919275913214,70.8620061213775
epigenomics_4189_filterContams_288,19.353545292082085,65.81123044402231
epigenomics_4189_filterContams_289,19.468319764086097,66.03123433560208
epigenomics_4189_filterContams_290,18.637477925026133,62.71406812881519
epigenomics_4189_filterContams_291,20.037463982346033,73.02225742752758
epigenomics_4189_filterContams_292,18.007478184077023,51.29032286354834
epigenomics_4189_filterContams_293,19.1324788654295,59.17894712160275
epigenomics_4189_filterContams_294,19.63757485169236,64.5896569991428
epigenomics_4189_filterContams_295,22.308650373931137,75.82832192637197
epigenomics_4189_filterContams_296,19.895526939877364,63.08316554452772
epigenomics_4189_filterContams_297,18.946056296891427,54.786577145329595
epigenomics_4189_filterContams_298,14.36634800657911,66.5481980065564
epigenomics_4189_filterContams_299,16.10830311742425,64.68819303753408
epigenomics_4189_filterContams_300,19.40268685625184,68.46187558520228
epigenomics_4189_filterContams_301,19.410590562135955,61.885223775223594
epigenomics_4189_filterContams_302,19.38286514731347,64.34560630548053
epigenomics_4189_filterContams_303,16.742452767013745,61.742379459150655
epigenomics_4189_filterContams_304,23.75133486772173,61.978299445343374
epigenomics_4189_filterContams_305,11.123631249961548,62.53890390109789
epigenomics_4189_filterContams_306,18.597754653529016,68.0613631501134
epigenomics_4189_filterContams_307,19.402674228101784,54.99575971545798
epigenomics_4189_filterContams_308,25.860875917246872,68.53825379539181
epigenomics_4189_filterContams_309,24.510217244462915,53.28069491585825
epigenomics_4189_filterContams_310,16.792711106512094,55.317353277792336
epigenomics_4189_filterContams_311,18.9863294074903,62.78497954976353
epigenomics_4189_filterContams_312,22.833736078338227,57.92333729769911
epigenomics_4189_filterContams_313,20.554155857908626,58.01547835000417
epigenomics_4189_filterContams_314,21.419291237434415,75.88432231764672
epigenomics_4189_filterContams_315,15.275732771667904,71.10989259492023
epigenomics_4189_filterContams_316,26.551622999198493,68.93630957882166
epigenomics_4189_filterContams_317,19.517485963287168,62.23904088574357
epigenomics_4189_filterContams_318,20.07610703581147,67.16090150539287
epigenomics_4189_filterContams_319,23.191647250367602,69.00308226530257
epigenomics_4189_filterContams_320,22.009006972149173,71.32289732806238
epigenomics_4189_filterContams_321,18.822913480506752,71.51739664610878
epigenomics_4189_filterContams_322,20.085312846372403,69.56339161570043
epigenomics_4189_filterContams_323,18.93755576356994,66.80185630694069
epigenomics_4189_filterContams_324,16.99590629714759,76.83974471078876
epigenomics_4189_filterContams_325,18.137755519660377,60.4840077356901
epigenomics_4189_filterContams_326,21.861134065803412,58.806426254505375
epigenomics_4189_filterContams_327,23.077607736330958,66.26495353882179
epigenomics_4189_filterContams_328,23.512240850977484,61.64348721329367
epigenomics_4189_filterContams_329,22.626732860540102,73.91035399794517
epigenomics_4189_filterContams_330,23.505731220787474,60.53046010004898
epigenomics_4189_filterContams_331,17.047100270260884,61.285650772104056
epigenomics_4189_filterContams_332,16.386889020949834,66.5855691158466
epigenomics_4189_filterContams_333,20.215654848034085,80.80552597672089
epigenomics_4189_filterContams_334,18.6915548248547,71.11347274664087
epigenomics_4189_filterContams_335,14.870830314992993,65.74273609187125
epigenomics_4189_filterContams_336,19.57462228180354,77.30585962706269
epigenomics_4189_filterContams_337,18.866851187869795,67.55284204928773
epigenomics_4189_filterContams_338,24.722424715800752,69.61227746452954
epigenomics_4189_filterContams_339,18.626701925266037,66.39513044384677
epigenomics_4189_filterContams_340,21.071846214800793,53.53049031607204
epigenomics_4189_filterContams_341,23.45462672069016,56.811001062728465
epigenomics_4189_filterContams_342,23.25946742129614,70.5102085008502
epigenomics_4189_filterContams_343,22.303196227692613,57.5236574045768
epigenomics_4189_filterContams_344,21.353716514569175,68.36628165339617
epigenomics_4189_filterContams_345,20.030959425958947,67.51720021655409
epigenomics_4189_filterContams_346,21.35332429420001,62.16690291960845
epigenomics_4189_filterContams_347,17.006794187601745,51.36318026762417
epigenomics_4189_filterContams_348,21.793163988585047,64.48704650776784
epigenomics_4189_filterContams_349,20.27134118677855,54.52960856399187
epigenomics_4189_filterContams_350,24.468941916720897,67.3944699585088
epigenomics_4189_filterContams_351,25.44601160550321,69.86641601188485
epigenomics_4189_filterContams_352,18.590367703690887,63.27768045082953
epigenomics_4189_filterContams_353,20.479399593653298,74.45562399307991
epigenomics_4189_filterContams_354,20.303055678819373,70.2154444527486
epigenomics_4189_filterContams_355,22.577597410219674,65.47311828272431
epigenomics_4189_filterContams_356,18.35491847158267,55.97662718811363
epigenomics_4189_filterContams_357,14.474498075903488,75.58453012475007
epigenomics_4189_filterContams_358,21.096208039138347,63.96152694713829
epigenomics_4189_filterContams_359,14.583022475256193,66.55196909445404
epigenomics_4189_filterContams_360,21.773725334127498,72.66094581432738
epigenomics_4189_filterContams_361,23.679324388386,52.19222193587091
epigenomics_4189_filterContams_362,22.213904003258005,58.300977673270104
epigenomics_4189_filterContams_363,16.217599153843594,67.74419047455557
epigenomics_4189_filterContams_364,23.17082728867694,72.05981678437792
epigenomics_4189_filterContams_365,25.27211920794855,57.944641108354425
epigenomics_4189_filterContams_366,18.025879611662848,66.50769158971612
epigenomics_4189_filterContams_367,15.691662626092318,51.87909899771812
epigenomics_4189_filterContams_368,28.40190286106963,67.07955386154096
epigenomics_4189_filterContams_369,20.452949601739235,61.31128003435313
epigenomics_4189_filterContams_370,16.12295205794757,63.176101769486166
epigenomics_4189_filterContams_371,24.981328719702553,56.85490641855756
epigenomics_4189_filterContams_372,23.496028791807312,62.989915979217194
epigenomics_4189_filterContams_373,18.410540544215607,65.38612146960007
epigenomics_4189_filterContams_374,19.223554050445085,58.97935172189012
epigenomics_4189_filterContams_375,21.52905856210229,54.77902279177481
epigenomics_4189_filterContams_376,16.35662632531165,59.05045462287582
epigenomics_4189_filterContams_377,20.583659435580632,60.3375205260234
epigenomics_4189_filterContams_378,19.773803873781326,57.659868041480344
epigenomics_4189_filterContams_379,20.017639724961185,75.2918128428407
epigenomics_4189_filterContams_380,19.093497668794516,63.9806386046515
epigenomics_4189_filterContams_381,17.77803244789624,57.3768767662756
epigenomics_4189_filterContams_382,22.706704256600826,76.96847410787859
epigenomics_4189_filterContams_383,20.928207081126928,64.41048063730742
epigenomics_4189_filterContams_384,22.764322314596416,66.41106559176735
epigenomics_4189_filterContams_385,16.270143538458775,64.03693108510416
epigenomics_4189_filterContams_386,18.2133602532072,66.30189619873074
epigenomics_4189_filterContams_387,13.082499739436662,58.34168852705405
epigenomics_4189_filterContams_388,16.44100964585166,63.581314504894834
epigenomics_4189_filterContams_389,23.991337045805956,64.36946512705781
epigenomics_4189_filterContams_390,20.197382210486715,70.12195202233715
epigenomics_4189_filterContams_391,16.92196539886237,58.28384819401865
epigenomics_4189_filterContams_392,17.13029589749604,60.57550510200015
epigenomics_4189_filterContams_393,16.796484292884514,54.68904808304445
epigenomics_4189_filterContams_394,18.277453167613317,52.22224885532686
epigenomics_4189_filterContams_395,18.23665392222303,71.47478626453689
epigenomics_4189_filterContams_396,19.12031875921084,66.53509112856342
epigenomics_4189_filterContams_397,24.629297928882885,77.9991170556166
epigenomics_4189_filterContams_398,19.8675828172602,70.1907471421054
epigenomics_4189_filterContams_399,22.25974506344039,63.394118630504856
epigenomics_4189_filterContams_400,21.482058079204357,76.08613437437069
epigenomics_4189_filterContams_401,14.794837044503561,73.24031235988728
epigenomics_4189_filterContams_402,22.382847768292173,79.40352378322628
epigenomics_4189_filterContams_403,17.81431830685839,62.67786123327445
epigenomics_4189_filterContams_404,19.86417398219266,61.64473325632831
epigenomics_4189_filterContams_405,14.18403479420113,61.34866427524109
epigenomics_4189_filterContams_406,21.335035896512224,50.976887356865355
epigenomics_4189_filterContams_407,17.612391295227216,55.29273855344908
epigenomics_4189_filterContams_408,26.07341454530517,75.44340698894443
epigenomics_4189_filterContams_409,16.976689059332234,62.17645637899696
epigenomics_4189_filterContams_410,16.11531119254066,60.668127167145386
epigenomics_4189_filterContams_411,21.139588575259822,76.81745902167297
epigenomics_4189_filterContams_412,21.139568526165675,79.13404730795014
epigenomics_4189_filterContams_413,22.59866461531024,64.45896424018868
epigenomics_4189_filterContams_414,21.90899959676548,68.83828767046795
epigenomics_4189_filterContams_415,23.919471599367782,75.19177000360081
epigenomics_4189_filterContams_416,15.528144511095466,56.30672051617239
epigenomics_4189_filterContams_417,18.922042938785687,50.04802111077597
epigenomics_4189_filterContams_418,13.748203577729468,68.687662264903
epigenomics_4189_filterContams_419,16.989755730831597,62.899925811581255
epigenomics_4189_filterContams_420,24.594933510432522,59.70992031305523
epigenomics_4189_filterContams_421,20.02648408847637,69.8436052121349
epigenomics_4189_filterContams_422,21.665913415644336,65.75132443359679
epigenomics_4189_filterContams_423,16.34384439447271,53.50671917082964
epigenomics_4189_filterContams_424,17.654175255064427,51.29923031322878
epigenomics_4189_filterContams_425,15.776379071964717,65.76736712322844
epigenomics_4189_filterContams_426,18.492735403190025,62.00351539953056
epigenomics_4189_filterContams_427,24.85885201269689,70.7335427123921
epigenomics_4189_filterContams_428,15.637857997500081,63.32898451253715
epigenomics_4189_filterContams_429,19.83880216672255,72.7163149510934
epigenomics_4189_filterContams_430,20.35031926450574,76.19357918117088
epigenomics_4189_filterContams_431,19.17097501741157,57.43952715521251
epigenomics_4189_filterContams_432,19.447373850110296,58.99539305403488
epigenomics_4189_filterContams_433,25.663736367160467,67.78330695481296
epigenomics_4189_filterContams_434,15.408823981477994,60.388559833030165
epigenomics_4189_filterContams_435,21.655028248731035,75.66942198734523
epigenomics_4189_filterContams_436,19.95397340448752,75.95467912557709
epigenomics_4189_filterContams_437,14.700208628614735,62.84939552080885
epigenomics_4189_filterContams_438,15.04000407394817,67.95522227498455
epigenomics_4189_filterContams_439,19.769025307439545,57.89805090293808
epigenomics_4189_filterContams_440,22.601470774935855,63.26159121093559
epigenomics_4189_filterContams_441,25.927594136350272,55.011749343368734
epigenomics_4189_filterContams_442,23.560388784662766,72.90295780621257
epigenomics_4189_filterContams_443,22.76778833376797,61.46791445900111
epigenomics_4189_filterContams_444,23.32631785667129,77.2648443612666
epigenomics_4189_filterContams_445,18.386055942673167,71.80681895280598
epigenomics_4189_filterContams_446,22.147563453375913,70.83527542575742
epigenomics_4189_filterContams_447,16.861776442897437,63.88638847802718
epigenomics_4189_filterContams_448,21.57547999790287,74.03162081781517
epigenomics_4189_filterContams_449,22.992770139960395,75.58194930775305
epigenomics_4189_filterContams_450,22.5504683662989,65.29358113911994
epigenomics_4189_filterContams_451,20.014569742869025,80.79093377760722
epigenomics_4189_filterContams_452,21.28567072352449,56.718678070521804
epigenomics_4189_filterContams_453,16.484538153014995,57.705264289108094
epigenomics_4189_filterContams_454,21.38360030895437,69.23046106206604
epigenomics_4189_filterContams_455,15.772366590209494,81.63781926229652
epigenomics_4189_filterContams_456,24.81292684856326,57.9509384711248
epigenomics_4189_filterContams_457,27.339608479641598,68.21042332936169
epigenomics_4189_filterContams_458,19.631610475695336,64.12847951445933
epigenomics_4189_filterContams_459,19.863408337665053,68.3908867653597
epigenomics_4189_filterContams_460,17.421465813930872,54.54785547458554
epigenomics_4189_filterContams_461,22.27038677030592,84.02921133213859
epigenomics_4189_filterContams_462,17.26865911893831,78.74910456133253
epigenomics_4189_filterContams_463,17.129188406045643,57.0635012012725
epigenomics_4189_filterContams_464,18.360248414049092,44.84085825481276
epigenomics_4189_filterContams_465,20.29491179464372,66.54288788304879
epigenomics_4189_filterContams_466,25.167628248674678,75.78673154398513
epigenomics_4189_filterContams_467,22.090520205275546,55.2574601044043
epigenomics_4189_filterContams_468,21.096822700568488,69.11734330015749
epigenomics_4189_filterContams_469,22.160343701911497,63.27398349506679
epigenomics_4189_filterContams_470,24.47491133131734,64.51342906951012
epigenomics_4189_filterContams_471,22.038237828280106,55.900270440583434
epigenomics_4189_filterContams_472,23.084151411687245,61.704426039556616
epigenomics_4189_filterContams_473,23.01855573831702,72.67610485644762
epigenomics_4189_filterContams_474,24.88331783471115,72.5366868993542
epigenomics_4189_filterContams_475,20.344988725625235,66.54305664390128
epigenomics_4189_filterContams_476,20.574561022963092,68.74867332969444
epigenomics_4189_filterContams_477,21.54601879455993,69.06112363494255
epigenomics_4189_filterContams_478,20.937334271285994,56.992952532698766
epigenomics_4189_filterContams_479,19.99601013794612,51.70077399174658
epigenomics_4189_filterContams_480,15.661031044844457,51.52939874096754
epigenomics_4189_filterContams_481,20.3112922466988,70.21984406372039
epigenomics_4189_filterContams_482,24.19695726252175,58.055557314809505
epigenomics_4189_filterContams_483,21.998637777107707,70.51286000338328
epigenomics_4189_filterContams_484,15.223304131075329,61.425013291870776
epigenomics_4189_filterContams_485,29.935004003338356,70.69941835662468
epigenomics_4189_filterContams_486,15.862056532691698,75.65121297911286
epigenomics_4189_filterContams_487,16.35546418795668,70.336885458734
epigenomics_4189_filterContams_488,14.921929819448213,74.84320180656216
epigenomics_4189_filterContams_489,18.590738884705146,74.64962060896623
epigenomics_4189_filterContams_490,19.602567667626204,55.96973225656391
epigenomics_4189_filterContams_491,27.940103403314502,57.82917900301409
epigenomics_4189_filterContams_492,15.737773327911594,84.26764468386678
epigenomics_4189_filterContams_493,16.56548123495603,62.847448642357556
epigenomics_4189_filterContams_494,16.025072765635826,64.67842529920662
epigenomics_4189_filterContams_495,19.972770066891716,62.65860225805143
epigenomics_4189_filterContams_496,19.192289288310732,74.82806588219677
epigenomics_4189_filterContams_497,19.02305679163525,58.00523662148201
epigenomics_4189_filterContams_498,21.324420135899256,73.63191364224008
epigenomics_4189_filterContams_499,17.685295066883736,56.860564591675825
epigenomics_4189_sol2sanger_0,83.92112475658982,40.26641899418233
epigenomics_4189_sol2sanger_1,73.664302815602,48.67853373277382
epigenomics_4189_sol2sanger_2,77.6010476226055,39.32251513982557
epigenomics_4189_sol2sanger_3,82.6988416198513,48.414346383164016
epigenomics_4189_sol2sanger_4,83.98187119180974,48.004056099308606
epigenomics_4189_sol2sanger_5,84.92105365676666,53.07583532936251
epigenomics_4189_sol2sanger_6,76.61577857898442,42.08280387153889
epigenomics_4189_sol2sanger_7,76.57439422538434,51.29585833757964
epigenomics_4189_sol2sanger_8,86.98083976175604,46.218711911859494
epigenomics_4189_sol2sanger_9,79.39930504842286,55.78942083127671
epigenomics_4189_sol2sanger_10,78.574550779462,32.018598272428065
epigenomics_4189_sol2sanger_11,84.39246975094343,51.99838641791915
epigenomics_4189_sol2sanger_12,87.47070633044348,53.36121644015541
epigenomics_4189_sol2sanger_13,86.88206954831,40.969038969501696
epigenomics_4189_sol2sanger_14,69.55590492700617,50.26729774869551
epigenomics_4189_sol2sanger_15,74.41544569857598,38.69661785436
epigenomics_4189_sol2sanger_16,77.82951268125127,43.07807749919607
epigenomics_4189_sol2sanger_17,75.5099435726581,53.500559789005436
epigenomics_4189_sol2sanger_18,84.62945182170004,45.143465174712695
epigenomics_4189_sol2sanger_19,76.6031311396485,45.253127407546
epigenomics_4189_sol2sanger_20,74.1312852185671,52.251337644743664
epigenomics_4189_sol2sanger_21,73.35148067637742,41.93801874416964
epigenomics_4189_sol2sanger_22,79.23884184999025,50.65647270278794
epigenomics_4189_sol2sanger_23,81.59123075087176,45.69404832970827
epigenomics_4189_sol2sanger_24,86.95473554613571,48.14743175386166
epigenomics_4189_sol2sanger_25,80.97224141259618,42.21982020392817
epigenomics_4189_sol2sanger_26,83.73151371876962,39.08023642938037
epigenomics_4189_sol2sanger_27,82.04571492187384,50.869388339907744
epigenomics_4189_sol2sanger_28,77.01500787140495,44.07768554949903
epigenomics_4189_sol2sanger_29,84.63713603825371,40.74897862614908
epigenomics_4189_sol2sanger_30,83.05859067515847,39.263442478921945
epigenomics_4189_sol2sanger_31,81.89148641771455,40.97640597597774
epigenomics_4189_sol2sanger_32,74.22961000984628,46.23955941437748
epigenomics_4189_sol2sanger_33,82.90406409744777,44.1555593910513
epigenomics_4189_sol2sanger_34,81.98076141696046,47.5452352086615
epigenomics_4189_sol2sanger_35,76.69191067071668,44.51528869870686
epigenomics_4189_sol2sanger_36,78.74441926536569,40.87031026584908
epigenomics_4189_sol2sanger_37,81.0661473942853,40.55910385345005
epigenomics_4189_sol2sanger_38,76.86930233125054,51.9254095030348
epigenomics_4189_sol2sanger_39,75.44475526027567,43.623667667543884
epigenomics_4189_sol2sanger_40,76.66835516941569,43.86298117383877
epigenomics_4189_sol2sanger_41,82.12121892221374,52.971737921798514
epigenomics_4189_sol2sanger_42,80.4632587613695,45.61448139052293
epigenomics_4189_sol2sanger_43,89.63545527862166,42.47750141946118
epigenomics_4189_sol2sanger_44,73.73545719652402,39.045925103980856
epigenomics_4189_sol2sanger_45,81.3023315777243,49.963014463002786
epigenomics_4189_sol2sanger_46,83.27803095212224,38.69257989280429
epigenomics_4189_sol2sanger_47,84.80961889355305,46.66277803810636
epigenomics_4189_sol2sanger_48,76.71809404567998,50.150395550783415
epigenomics_4189_sol2sanger_49,82.2097100339756,45.96547165936363
epigenomics_4189_sol2sanger_50,78.30654001592585,26.429933659025647
epigenomics_4189_sol2sanger_51,78.64369671037673,42.56861222978337
epigenomics_4189_sol2sanger_52,81.09157708337949,39.43495101742255
epigenomics_4189_sol2sanger_53,78.73614305048048,51.650094119714765
epigenomics_4189_sol2sanger_54,85.35518966266768,48.04809236921667
epigenomics_4189_sol2sanger_55,77.06144383250316,42.55614202193413
epigenomics_4189_sol2sanger_56,82.76487671993155,46.085611011216706
epigenomics_4189_sol2sanger_57,80.06675170720627,34.59825056721075
epigenomics_4189_sol2sanger_58,72.63811769073303,41.25937733813313
epigenomics_4189_sol2sanger_59,80.05813258824949,45.22075557537654
epigenomics_4189_sol2sanger_60,82.01691751377544,41.0704238821794
epigenomics_4189_sol2sanger_61,87.8365623759526,49.78981693358065
epigenomics_4189_sol2sanger_62,82.25450363528586,40.000874258943135
epigenomics_4189_sol2sanger_63,64.44139181266516,44.54260569098332
epigenomics_4189_sol2sanger_64,81.07131069639547,48.916044045041836
epigenomics_4189_sol2sanger_65,70.83265172476347,51.05978347206331
epigenomics_4189_sol2sanger_66,75.59913617136996,39.62615673515047
epigenomics_4189_sol2sanger_67,74.07979641682772,38.386967032870444
epigenomics_4189_sol2sanger_68,79.5981400350374,54.59631315656213
epigenomics_4189_sol2sanger_69,76.75619180661288,53.13509355752735
epigenomics_4189_sol2sanger_70,74.83214377403046,52.278994300368076
epigenomics_4189_sol2sanger_71,79.56913611561232,36.865494597750676
epigenomics_4189_sol2sanger_72,75.72768984375618,49.02090428379614
epigenomics_4189_sol2sanger_73,82.55941899874924,47.34923791410612
epigenomics_4189_sol2sanger_74,86.85739698373406,34.15069083251355
epigenomics_4189_sol2sanger_75,71.68393706330048,32.30474507102454
epigenomics_4189_sol2sanger_76,72.28962538895975,36.166615646254456
epigenomics_4189_sol2sanger_77,81.4665376261668,60.677914664659724
epigenomics_4189_sol2sanger_78,78.98538915600521,49.533310114836056
epigenomics_4189_sol2sanger_79,75.34550374800546,55.23294047065974
epigenomics_4189_sol2sanger_80,79.43682715430187,49.29303926683978
epigenomics_4189_sol2sanger_81,76.28043018089373,58.25528714801015
epigenomics_4189_sol2sanger_82,79.75214596967012,48.66985418053652
epigenomics_4189_sol2sanger_83,75.70536578680984,51.502592496812746
epigenomics_4189_sol2sanger_84,79.27392196383481,42.293150416927155
epigenomics_4189_sol2sanger_85,73.02083857834323,36.238633891498495
epigenomics_4189_sol2sanger_86,78.36381573064513,32.075175414071005
epigenomics_4189_sol2sanger_87,78.1591513299078,49.654306642525825
epigenomics_4189_sol2sanger_88,73.70099550709686,45.55694727627174
epigenomics_4189_sol2sanger_89,82.95540085504283,34.29276939891668
epigenomics_4189_sol2sanger_90,82.38035088873853,52.955691076942564
epigenomics_4189_sol2sanger_91,67.15005449551117,49.20779116670171
epigenomics_4189_sol2sanger_92,83.46189076708208,48.511921060842454
epigenomics_4189_sol2sanger_93,67.70711174170374,43.5017837541545
epigenomics_4189_sol2sanger_94,81.02265471531733,35.33591420332251
epigenomics_4189_sol2sanger_95,73.96960811898373,39.781056143249884
epigenomics_4189_sol2sanger_96,76.5184869909366,53.89761122675277
epigenomics_4189_sol2sanger_97,76.57821017106588,46.38831535645929
epigenomics_4189_sol2sanger_98,75.4460706637157,50.163127797078175
epigenomics_4189_sol2sanger_99,84.49373945817672,53.4244258988675
epigenomics_4189_sol2sanger_100,77.56794726028669,38.16824141949049
epigenomics_4189_sol2sanger_101,79.27631970792558,41.67358628103384
epigenomics_4189_sol2sanger_102,77.71454222602725,48.60565861463509
epigenomics_4189_sol2sanger_103,78.18291817798257,46.998654022275836
epigenomics_4189_sol2sanger_104,81.57254751630508,61.90820047647857
epigenomics_4189_sol2sanger_105,86.4037982736924,47.07340591982011
epigenomics_4189_sol2sanger_106,84.38227958850314,37.309657693314904
epigenomics_4189_sol2sanger_107,81.05674423926018,43.2413125054476
epigenomics_4189_sol2sanger_108,86.59947593313773,51.416166625738555
epigenomics_4189_sol2sanger_109,75.613759235909,39.35226234503928
epigenomics_4189_sol2sanger_110,83.43018208685494,48.47679670658048
epigenomics_4189_sol2sanger_111,86.9077007529004,33.929424375629246
epigenomics_4189_sol2sanger_112,76.85820024956111,49.15252474144068
epigenomics_4189_sol2sanger_113,81.64284810105785,49.85904368940084
epigenomics_4189_sol2sanger_114,82.08373310687082,42.972653485760816
epigenomics_4189_sol2sanger_115,75.70080094661199,46.708650242984646
epigenomics_4189_sol2sanger_116,77.68637205008568,52.1492456660496
epigenomics_4189_sol2sanger_117,78.97279767871804,50.35649938203074
epigenomics_4189_sol2sanger_118,82.61332289926146,55.05027441748656
epigenomics_4189_sol2sanger_119,83.10982241416504,51.78628248887512
epigenomics_4189_sol2sanger_120,86.93933885147149,29.074569521840754
epigenomics_4189_sol2sanger_121,86.68033146581831,55.92414676442395
epigenomics_4189_sol2sanger_122,72.24753719271104,55.054022639688874
epigenomics_4189_sol2sanger_123,83.88708021596415,40.266332651665074
epigenomics_4189_sol2sanger_124,79.78609897748859,51.55468821498368
epigenomics_4189_sol2sanger_125,74.02067365792652,47.61508332386518
epigenomics_4189_sol2sanger_126,83.53523388452948,49.95628451292086
epigenomics_4189_sol2sanger_127,85.58845622757534,47.904072523225544
epigenomics_4189_sol2sanger_128,67.6782977928323,38.03537347111512
epigenomics_4189_sol2sanger_129,82.81780527520311,45.26093418867023
epigenomics_4189_sol2sanger_130,79.12987942780786,39.72323468239249
epigenomics_4189_sol2sanger_131,85.29285707058851,51.80413438236902
epigenomics_4189_sol2sanger_132,81.25392812817263,39.35536903254721
epigenomics_4189_sol2sanger_133,72.46526546104249,48.8678085425787
epigenomics_4189_sol2sanger_134,83.19633193511298,55.75759913171702
epigenomics_4189_sol2sanger_135,75.60173744106216,44.99268747507033
epigenomics_4189_sol2sanger_136,84.34499212778897,45.435447161997295
epigenomics_4189_sol2sanger_137,82.34125739676328,48.98797549293213
epigenomics_4189_sol2sanger_138,71.71425565674,41.369595155304864
epigenomics_4189_sol2sanger_139,85.92556882162414,35.21201489862136
epigenomics_4189_sol2sanger_140,81.44499468778461,44.041164321990834
epigenomics_4189_sol2sanger_141,79.63044986046364,47.16749932914614
epigenomics_4189_sol2sanger_142,80.95070281433911,33.58490882727629
epigenomics_4189_sol2sanger_143,78.13827147003487,42.94019722322773
epigenomics_4189_sol2sanger_144,73.32225351732498,46.43014156903006
epigenomics_4189_sol2sanger_145,72.69232541751491,48.35495259485243
epigenomics_4189_sol2sanger_146,80.2464540829267,36.619206348710186
epigenomics_4189_sol2sanger_147,72.37555399673036,49.89026474986102
epigenomics_4189_sol2sanger_148,76.0534431848067,38.52167705383953
epigenomics_4189_sol2sanger_149,76.65053099058684,53.85115972450521
epigenomics_4189_sol2sanger_150,89.21032614201691,43.88286919996194
epigenomics_4189_sol2sanger_151,74.59811075749285,48.228207013875306
epigenomics_4189_sol2sanger_152,77.1713863064565,48.60828843097343
epigenomics_4189_sol2sanger_153,74.60422065718231,54.490587038043685
epigenomics_4189_sol2sanger_154,82.66818681054163,40.367915917356704
epigenomics_4189_sol2sanger_155,90.90277924322389,41.982157722065985
epigenomics_4189_sol2sanger_156,87.97806429860883,44.12642067967969
epigenomics_4189_sol2sanger_157,77.97534785245317,32.412645328522075
epigenomics_4189_sol2sanger_158,85.34004760155622,47.116025224703584
epigenomics_4189_sol2sanger_159,83.89636107120504,32.55343198908432
epigenomics_4189_sol2sanger_160,72.25361224135803,37.74005749003127
epigenomics_4189_sol2sanger_161,73.95624216298236,42.85407805589577
epigenomics_4189_sol2sanger_162,79.32807138180314,48.76290856016442
epigenomics_4189_sol2sanger_163,81.82620789412167,41.718133936657466
epigenomics_4189_sol2sanger_164,81.67208505459358,49.31421907844545
epigenomics_4189_sol2sanger_165,81.78398708419317,51.35500312201174
epigenomics_4189_sol2sanger_166,73.8601859385078,45.75696702234859
epigenomics_4189_sol2sanger_167,81.93114514824603,42.04061078389367
epigenomics_4189_sol2sanger_168,84.03393872726372,46.943243419274665
epigenomics_4189_sol2sanger_169,73.64443341537697,35.562460763596164
epigenomics_4189_sol2sanger_170,80.48619713904898,50.70154304683971
epigenomics_4189_sol2sanger_171,72.41575724667048,36.12643648083075
epigenomics_4189_sol2sanger_172,88.57045467277621,52.483904574618286
epigenomics_4189_sol2sanger_173,80.86692033108223,54.82433455480175
epigenomics_4189_sol2sanger_174,81.10611765207463,52.612566867349095
epigenomics_4189_sol2sanger_175,84.91583894029479,49.69095801523569
epigenomics_4189_sol2sanger_176,77.40315779162809,51.8041889834612
epigenomics_4189_sol2sanger_177,83.82659888308233,52.61906687346432
epigenomics_4189_sol2sanger_178,79.79478467054494,35.863612852626424
epigenomics_4189_sol2sanger_179,86.95205673449192,28.11625580178179
epigenomics_4189_sol2sanger_180,77.95399302521481,52.87299215036822
epigenomics_4189_sol2sanger_181,80.84736993422979,42.44149187049176
epigenomics_4189_sol2sanger_182,83.72779557543319,36.09293384169576
epigenomics_4189_sol2sanger_183,83.43325565360762,41.91936782112245
epigenomics_4189_sol2sanger_184,83.4314983090062,52.05249910262136
epigenomics_4189_sol2sanger_185,73.67225955076114,46.169142065038166
epigenomics_4189_sol2sanger_186,72.39270635765972,47.25510911806466
epigenomics_4189_sol2sanger_187,76.93767464721564,36.620306870266006
epigenomics_4189_sol2sanger_188,90.49965398655026,54.31922273388634
epigenomics_4189_sol2sanger_189,82.76242332691808,34.55192367140217
epigenomics_4189_sol2sanger_190,75.49898667567518,52.19777080956295
epigenomics_4189_sol2sanger_191,77.9878955685251,44.72701457943647
epigenomics_4189_sol2sanger_192,80.04557955561663,41.9301542115649
epigenomics_4189_sol2sanger_193,91.23188753671354,48.75807130548168
epigenomics_4189_sol2sanger_194,82.92656899220482,46.94405179227932
epigenomics_4189_sol2sanger_195,86.2637498565947,49.38650440501305
epigenomics_4189_sol2sanger_196,76.11915858894452,37.07728117443209
epigenomics_4189_sol2sanger_197,82.13466717859775,42.42694076116511
epigenomics_4189_sol2sanger_198,73.99410500229091,54.21685458471454
epigenomics_4189_sol2sanger_199,72.20006591400596,56.001058436334795
epigenomics_4189_sol2sanger_200,84.223677646253,54.945841200442985
epigenomics_4189_sol2sanger_201,83.5530827343802,47.17789793852336
epigenomics_4189_sol2sanger_202,75.72569744346134,55.6580445115589
epigenomics_4189_sol2sanger_203,86.33915332855355,27.14796271793045
epigenomics_4189_sol2sanger_204,77.66340485859006,51.65017063548099
epigenomics_4189_sol2sanger_205,85.77398256120507,43.62564903572898
epigenomics_4189_sol2sanger_206,85.62837280957588,39.173200043417395
epigenomics_4189_sol2sanger_207,78.97587693413301,23.386847607709853
epigenomics_4189_sol2sanger_208,79.42846740220703,41.9734750639821
epigenomics_4189_sol2sanger_209,86.13927753470003,50.36195745107577
epigenomics_4189_sol2sanger_210,83.16026795194558,35.53885508081124
epigenomics_4189_sol2sanger_211,82.57812196089434,44.11756490247136
epigenomics_4189_sol2sanger_212,80.69165387088115,38.46218225612873
epigenomics_4189_sol2sanger_213,93.30340413569327,37.751712542839776
epigenomics_4189_sol2sanger_214,78.05434925668933,53.47402547233298
epigenomics_4189_sol2sanger_215,76.432429848281,53.05649048701425
epigenomics_4189_sol2sanger_216,78.62090749283138,38.93154377343077
epigenomics_4189_sol2sanger_217,87.6698919783811,45.6873656901407
epigenomics_4189_sol2sanger_218,78.51405999839447,31.128773662069538
epigenomics_4189_sol2sanger_219,82.66438659108478,39.887774818455284
epigenomics_4189_sol2sanger_220,85.54780943179054,27.107849292973434
epigenomics_4189_sol2sanger_221,87.64569122574008,36.40743681235786
epigenomics_4189_sol2sanger_222,84.59731399385016,53.22196758783025
epigenomics_4189_sol2sanger_223,79.82078876861817,39.30063948176668
epigenomics_4189_sol2sanger_224,77.75950559321203,41.414223849188865
epigenomics_4189_sol2sanger_225,80.91650611065415,43.637369903727226
epigenomics_4189_sol2sanger_226,81.23785787069954,58.3631247703768
epigenomics_4189_sol2sanger_227,80.95828347214254,52.201476712607636
epigenomics_4189_sol2sanger_228,81.87930015552246,52.817269691328036
epigenomics_4189_sol2sanger_229,72.0091723069237,47.98455387415343
epigenomics_4189_sol2sanger_230,80.07303126523983,35.353301352211915
epigenomics_4189_sol2sanger_231,79.0929242240746,28.54699528472884
epigenomics_4189_sol2sanger_232,79.71849109495241,52.1142683267545
epigenomics_4189_sol2sanger_233,78.95882043873652,41.58079659178332
epigenomics_4189_sol2sanger_234,76.00542242468649,34.931284720756544
epigenomics_4189_sol2sanger_235,84.87030287729664,45.240108200623204
epigenomics_4189_sol2sanger_236,74.59731583869987,24.486465700774367
epigenomics_4189_sol2sanger_237,70.23036752590878,24.350388073198108
epigenomics_4189_sol2sanger_238,81.01819836177086,33.26084327351094
epigenomics_4189_sol2sanger_239,79.7571579437782,35.10891516614297
epigenomics_4189_sol2sanger_240,77.86892667997361,53.630228083979844
epigenomics_4189_sol2sanger_241,78.60521737953734,35.215751362399594
epigenomics_4189_sol2sanger_242,76.73142511007961,42.29236826851742
epigenomics_4189_sol2sanger_243,81.44519998203232,33.480991490733246
epigenomics_4189_sol2sanger_244,78.6405558508416,38.51168007711873
epigenomics_4189_sol2sanger_245,80.88790636694334,31.90659748402466
epigenomics_4189_sol2sanger_246,77.13261716954969,42.930284084082544
epigenomics_4189_sol2sanger_247,80.2579256632552,38.96568074973133
epigenomics_4189_sol2sanger_248,74.01755668204233,49.970428643044265
epigenomics_4189_sol2sanger_249,85.34919591091733,42.204666607307
epigenomics_4189_sol2sanger_250,87.19309735408737,44.53689866971647
epigenomics_4189_sol2sanger_251,85.58350471903309,54.717704327303025
epigenomics_4189_sol2sanger_252,76.07259326721704,50.19876857613015
epigenomics_4189_sol2sanger_253,69.29068197365292,46.01775606264373
epigenomics_4189_sol2sanger_254,79.44112763067768,46.699590447105074
epigenomics_4189_sol2sanger_255,75.83210181563497,49.50128088200506
epigenomics_4189_sol2sanger_256,71.54468455981483,29.157894641580196
epigenomics_4189_sol2sanger_257,84.66062215083663,42.563161430619516
epigenomics_4189_sol2sanger_258,82.50427404189261,43.51043662126184
epigenomics_4189_sol2sanger_259,87.92527571366139,44.764193039753486
epigenomics_4189_sol2sanger_260,76.45248412439724,50.73558950351058
epigenomics_4189_sol2sanger_261,76.64935384311374,24.481973115902964
epigenomics_4189_sol2sanger_262,83.28118631488222,39.76906109385093
epigenomics_4189_sol2sanger_263,87.91626206887685,51.569656302109635
epigenomics_4189_sol2sanger_264,76.60816560777178,53.41539144523722
epigenomics_4189_sol2sanger_265,76.4166583461422,32.80950648976442
epigenomics_4189_sol2sanger_266,78.83268129872165,42.611362869565625
epigenomics_4189_sol2sanger_267,83.25888953044925,51.336353703476966
epigenomics_4189_sol2sanger_268,81.91487274737635,38.280200306193144
epigenomics_4189_sol2sanger_269,75.00153359730307,52.680475567504104
epigenomics_4189_sol2sanger_270,81.0182502633486,47.23250317902786
epigenomics_4189_sol2sanger_271,78.31986101247564,49.16018236694775
epigenomics_4189_sol2sanger_272,81.93963788215486,43.95353355759259
epigenomics_4189_sol2sanger_273,80.58161845190428,48.94203420951828
epigenomics_4189_sol2sanger_274,86.4649654042617,38.9846754842173
epigenomics_4189_sol2sanger_275,73.94778057808195,52.14092968482608
epigenomics_4189_sol2sanger_276,85.41500662300611,36.30414531159401
epigenomics_4189_sol2sanger_277,76.2289535549133,41.29710199566974
epigenomics_4189_sol2sanger_278,73.7639386224891,36.09454138813936
epigenomics_4189_sol2sanger_279,74.79390633111846,43.27128755208036
epigenomics_4189_sol2sanger_280,74.99937629803303,37.8781912400695
epigenomics_4189_sol2sanger_281,82.77966670234454,38.61338764151563
epigenomics_4189_sol2sanger_282,79.80039613130339,57.95219416691619
epigenomics_4189_sol2sanger_283,81.96102104089593,50.78737383055728
epigenomics_4189_sol2sanger_284,73.64270455339138,41.34926338424867
epigenomics_4189_sol2sanger_285,80.89688385866417,47.82964442737875
epigenomics_4189_sol2sanger_286,80.52801877629338,55.029161127761604
epigenomics_4189_sol2sanger_287,76.88663215368939,40.068994996603564
epigenomics_4189_sol2sanger_288,88.40206521811092,54.09140287945415
epigenomics_4189_sol2sanger_289,76.80637281248482,44.430916788826316
epigenomics_4189_sol2sanger_290,92.21084121349068,35.86414261122767
epigenomics_4189_sol2sanger_291,77.18605722260189,38.13939458613515
epigenomics_4189_sol2sanger_292,80.58842193279519,41.922352847098395
epigenomics_4189_sol2sanger_293,81.8598400393406,43.35546317176791
epigenomics_4189_sol2sanger_294,77.44782012789447,45.60776488378111
epigenomics_4189_sol2sanger_295,82.58909414231815,42.30266256638324
epigenomics_4189_sol2sanger_296,81.80549100190437,39.27502023983578
epigenomics_4189_sol2sanger_297,85.20746746727711,51.56369440024872
epigenomics_4189_sol2sanger_298,82.5587469705322,39.611968100527875
epigenomics_4189_sol2sanger_299,82.32489970721066,40.17239082219693
epigenomics_4189_sol2sanger_300,79.04181877551129,46.88255804732356
epigenomics_4189_sol2sanger_301,79.65350790529568,53.42344521201845
epigenomics_4189_sol2sanger_302,76.3740234831176,52.97496298606275
epigenomics_4189_sol2sanger_303,86.20330948114805,49.26846334959156
epigenomics_4189_sol2sanger_304,73.59578089440149,49.19741604712649
epigenomics_4189_sol2sanger_305,70.45522927869072,35.533711072991096
epigenomics_4189_sol2sanger_306,88.45989248454283,62.616530598023026
epigenomics_4189_sol2sanger_307,83.86871956091015,48.07693907376505
epigenomics_4189_sol2sanger_308,72.05072513701926,37.86898789027779
epigenomics_4189_sol2sanger_309,74.27138215712873,35.02173639802534
epigenomics_4189_sol2sanger_310,82.93428413007358,24.16535045973294
epigenomics_4189_sol2sanger_311,79.62454077548743,35.36387241334224
epigenomics_4189_sol2sanger_312,77.62483505412611,43.88776117467195
epigenomics_4189_sol2sanger_313,70.45914863667812,54.360580619348
epigenomics_4189_sol2sanger_314,89.53576008516448,41.60126830267316
epigenomics_4189_sol2sanger_315,75.40307810312774,51.77528167071862
epigenomics_4189_sol2sanger_316,80.08222235096352,51.8086885738979
epigenomics_4189_sol2sanger_317,82.127721592297,41.49473239358045
epigenomics_4189_sol2sanger_318,80.07190824521128,49.408095567359354
epigenomics_4189_sol2sanger_319,85.6987971291296,30.807393000025826
epigenomics_4189_sol2sanger_320,74.34041589107528,46.323280569696244
epigenomics_4189_sol2sanger_321,87.08369930921404,40.23607941264364
epigenomics_4189_sol2sanger_322,81.82782820949946,51.97922693444811
epigenomics_4189_sol2sanger_323,78.10635759210412,48.30851461460859
epigenomics_4189_sol2sanger_324,83.09381803684627,46.67231363801926
epigenomics_4189_sol2sanger_325,78.76002176114264,53.49109191270318
epigenomics_4189_sol2sanger_326,75.40794415648992,47.9830351480311
epigenomics_4189_sol2sanger_327,86.19727393849938,49.50268194765363
epigenomics_4189_sol2sanger_328,85.79493579086287,48.216443441025135
epigenomics_4189_sol2sanger_329,80.7942182860744,32.6921058638459
epigenomics_4189_sol2sanger_330,76.84986691107903,36.32551713413203
epigenomics_4189_sol2sanger_331,83.44023021674882,46.150343601729496
epigenomics_4189_sol2sanger_332,81.62856898730763,57.910157363769905
epigenomics_4189_sol2sanger_333,71.01492779759703,46.85963721607398
epigenomics_4189_sol2sanger_334,73.42904822276337,45.80888710643109
epigenomics_4189_sol2sanger_335,72.23302877658459,38.0975009352487
epigenomics_4189_sol2sanger_336,82.31883934674566,33.93936489805358
epigenomics_4189_sol2sanger_337,81.4019450827067,47.374008824463814
epigenomics_4189_sol2sanger_338,84.87391975368527,42.08446095517016
epigenomics_4189_sol2sanger_339,84.03957826142559,41.74073108412812
epigenomics_4189_sol2sanger_340,88.2908923123109,51.815041113366924
epigenomics_4189_sol2sanger_341,75.05097512372178,54.3975545110827
epigenomics_4189_sol2sanger_342,79.74950391708246,32.050032530178825
epigenomics_4189_sol2sanger_343,82.84502280520736,48.696379233098334
epigenomics_4189_sol2sanger_344,84.06099770623923,53.3325499375748
epigenomics_4189_sol2sanger_345,79.37535990784166,49.45250579886513
epigenomics_4189_sol2sanger_346,79.18482834201738,43.79601614496989
epigenomics_4189_sol2sanger_347,82.86889448525103,55.36943477293292
epigenomics_4189_sol2sanger_348,76.2139559305752,34.75846981816801
epigenomics_4189_sol2sanger_349,86.31702389885947,46.384669563841236
epigenomics_4189_sol2sanger_350,77.23674426532165,41.54056913119335
epigenomics_4189_sol2sanger_351,70.20537869965055,51.66371670744493
epigenomics_4189_sol2sanger_352,88.87746139720578,49.78202262504603
epigenomics_4189_sol2sanger_353,79.96765554842979,42.238443153241995
epigenomics_4189_sol2sanger_354,75.59980572589392,40.64149620222632
epigenomics_4189_sol2sanger_355,82.89270568141202,56.60092380692777
epigenomics_4189_sol2sanger_356,86.64800768483549,58.29186274037308
epigenomics_4189_sol2sanger_357,80.47451781319234,48.78307328555783
epigenomics_4189_sol2sanger_358,75.513720818247,35.12565280398387
epigenomics_4189_sol2sanger_359,79.61012779735105,40.748226475589156
epigenomics_4189_sol2sanger_360,77.1762072137433,49.68881981529132
epigenomics_4189_sol2sanger_361,79.30110094902693,40.92058634936592
epigenomics_4189_sol2sanger_362,79.8366975061854,50.48847071581493
epigenomics_4189_sol2sanger_363,85.35330814396308,53.76697758674576
epigenomics_4189_sol2sanger_364,80.56687066335151,42.07314008295988
epigenomics_4189_sol2sanger_365,73.51592068390516,47.17956121266327
epigenomics_4189_sol2sanger_366,74.4758876274734,43.477933169385416
epigenomics_4189_sol2sanger_367,78.35627965296543,40.792358148597934
epigenomics_4189_sol2sanger_368,73.9821542087861,32.13173843017293
epigenomics_4189_sol2sanger_369,83.59003961371285,47.17998490085746
epigenomics_4189_sol2sanger_370,82.13145840281099,50.558978949019455
epigenomics_4189_sol2sanger_371,89.60355182766423,62.66868605539652
epigenomics_4189_sol2sanger_372,78.32105384359177,45.37843060649233
epigenomics_4189_sol2sanger_373,73.90722754082593,38.26977743741836
epigenomics_4189_sol2sanger_374,88.56348513034638,49.17100245060932
epigenomics_4189_sol2sanger_375,84.15931959373371,47.803094720755425
epigenomics_4189_sol2sanger_376,77.35987154386338,38.85934324208164
epigenomics_4189_sol2sanger_377,79.16285051493263,38.146795023761825
epigenomics_4189_sol2sanger_378,79.8877020757919,46.368630534398015
epigenomics_4189_sol2sanger_379,73.2249913162686,32.86972592937614
epigenomics_4189_sol2sanger_380,75.25245625839116,49.53713919093001
epigenomics_4189_sol2sanger_381,76.68460974766819,42.70536606963027
epigenomics_4189_sol2sanger_382,77.79287421160826,36.05981653232709
epigenomics_4189_sol2sanger_383,77.92646219147169,38.322632587094766
epigenomics_4189_sol2sanger_384,91.48324340110824,28.524266863792796
epigenomics_4189_sol2sanger_385,82.92788771858153,43.70278648909255
epigenomics_4189_sol2sanger_386,79.77180108035263,46.61221596381797
epigenomics_4189_sol2sanger_387,75.96841487933696,44.77121897962028
epigenomics_4189_sol2sanger_388,84.3346028919026,48.567365921067875
epigenomics_4189_sol2sanger_389,74.39853297043479,51.461380640345645
epigenomics_4189_sol2sanger_390,82.67407533089884,30.359971437441146
epigenomics_4189_sol2sanger_391,84.34400992534744,37.118970637572545
epigenomics_4189_sol2sanger_392,86.69770745250403,38.68609359854562
epigenomics_4189_sol2sanger_393,83.1112316245223,35.93626432334394
epigenomics_4189_sol2sanger_394,84.10534436927323,59.34905366937849
epigenomics_4189_sol2sanger_395,74.07746485961383,39.733756456289754
epigenomics_4189_sol2sanger_396,69.95409659371563,41.63850392240916
epigenomics_4189_sol2sanger_397,75.66193056445735,38.9133663292885
epigenomics_4189_sol2sanger_398,72.48857932626764,36.881523845898386
epigenomics_4189_sol2sanger_399,68.97838940000224,48.668900133315915
epigenomics_4189_sol2sanger_400,79.08528826971758,51.09989921309581
epigenomics_4189_sol2sanger_401,81.01739768498624,37.1115411270765
epigenomics_4189_sol2sanger_402,78.89700881994729,36.683691388455884
epigenomics_4189_sol2sanger_403,80.76367561990367,35.06527200874634
epigenomics_4189_sol2sanger_404,80.78358434736572,35.91500533742077
epigenomics_4189_sol2sanger_405,83.62078334616324,48.529075663239176
epigenomics_4189_sol2sanger_406,78.94593721527967,45.656680740393455
epigenomics_4189_sol2sanger_407,79.65324256881817,40.16145844514317
epigenomics_4189_sol2sanger_408,75.30650175768878,53.00084572283241
epigenomics_4189_sol2sanger_409,75.32149764479745,49.86007419752825
epigenomics_4189_sol2sanger_410,71.00286501567062,43.627176192421075
epigenomics_4189_sol2sanger_411,76.25822402203677,39.10385080122357
epigenomics_4189_sol2sanger_412,92.82992796489377,48.68105083432925
epigenomics_4189_sol2sanger_413,76.47809526954386,43.563923992976044
epigenomics_4189_sol2sanger_414,76.78379309929245,37.81084242124771
epigenomics_4189_sol2sanger_415,84.92881958652114,37.978597058493364
epigenomics_4189_sol2sanger_416,77.27286007546694,53.181029077706896
epigenomics_4189_sol2sanger_417,85.14609725053319,50.19137298787886
epigenomics_4189_sol2sanger_418,79.89438684347068,29.63008851310388
epigenomics_4189_sol2sanger_419,83.41424487286092,48.99949293085812
epigenomics_4189_sol2sanger_420,77.72859994152924,35.876201233877694
epigenomics_4189_sol2sanger_421,82.16860956928618,52.655875682406254
epigenomics_4189_sol2sanger_422,81.41896641809524,49.70675430041971
epigenomics_4189_sol2sanger_423,79.17104269810517,47.15133365067391
epigenomics_4189_sol2sanger_424,86.3930969666465,40.17114507643951
epigenomics_4189_sol2sanger_425,77.72049582860967,35.52146579051967
epigenomics_4189_sol2sanger_426,73.8071441291169,51.454999208313104
epigenomics_4189_sol2sanger_427,84.10411907848125,38.45065305006005
epigenomics_4189_sol2sanger_428,87.9935974308104,53.01029312326603
epigenomics_4189_sol2sanger_429,82.05154789190482,37.25810613994943
epigenomics_4189_sol2sanger_430,77.35076195852854,32.15633127263284
epigenomics_4189_sol2sanger_431,83.22969418598022,61.68007615519079
epigenomics_4189_sol2sanger_432,88.79006280005964,62.72640043621928
epigenomics_4189_sol2sanger_433,81.67730828919152,45.94147694194234
epigenomics_4189_sol2sanger_434,77.04516744145471,53.24341173110724
epigenomics_4189_sol2sanger_435,79.54163511733606,37.668662996630104
epigenomics_4189_sol2sanger_436,74.31399722497972,53.90180808153532
epigenomics_4189_sol2sanger_437,83.26485040352148,44.96277386997672
epigenomics_4189_sol2sanger_438,79.77092402581376,47.72831469302267
epigenomics_4189_sol2sanger_439,76.02509417978507,43.26101653109008
epigenomics_4189_sol2sanger_440,80.75231073721966,46.80478254987765
epigenomics_4189_sol2sanger_441,76.44731209659761,53.25888194892441
epigenomics_4189_sol2sanger_442,76.79952660298802,53.160249226734855
epigenomics_4189_sol2sanger_443,82.82216770212904,44.648893522750235
epigenomics_4189_sol2sanger_444,80.56358057722618,34.65823867015756
epigenomics_4189_sol2sanger_445,79.4485982130145,46.205598500465186
epigenomics_4189_sol2sanger_446,74.80269305367723,45.42309222163731
epigenomics_4189_sol2sanger_447,82.02437949677154,41.57743307509047
epigenomics_4189_sol2sanger_448,77.14210969238091,46.58794667164466
epigenomics_4189_sol2sanger_449,76.84209411682363,52.386934304471
epigenomics_4189_sol2sanger_450,69.94041351999192,42.681931888313194
epigenomics_4189_sol2sanger_451,81.4750031781937,39.220489552171685
epigenomics_4189_sol2sanger_452,80.16716989049404,59.11806827372813
epigenomics_4189_sol2sanger_453,73.99201475420357,47.403669543924124
epigenomics_4189_sol2sanger_454,81.56968796354532,56.41281636665182
epigenomics_4189_sol2sanger_455,82.35574434331916,45.56951122259224
epigenomics_4189_sol2sanger_456,84.17405252284254,60.1486902931134
epigenomics_4189_sol2sanger_457,82.2733774345412,41.539063271156905
epigenomics_4189_sol2sanger_458,72.48964847191579,40.4617044754106
epigenomics_4189_sol2sanger_459,84.26773718900796,36.532779312827955
epigenomics_4189_sol2sanger_460,75.25849319253996,41.07491650013568
epigenomics_4189_sol2sanger_461,79.91673652107481,51.49048176713229
epigenomics_4189_sol2sanger_462,83.51250782245768,38.37790379105727
epigenomics_4189_sol2sanger_463,76.40195429091347,43.32793788903049
epigenomics_4189_sol2sanger_464,82.41856299076102,54.50500350907588
epigenomics_4189_sol2sanger_465,80.68501127237563,44.530129075835376
epigenomics_4189_sol2sanger_466,82.59043959011443,32.0412867556897
epigenomics_4189_sol2sanger_467,79.43936978548717,40.23172247892815
epigenomics_4189_sol2sanger_468,79.93260160459033,44.60720446354064
epigenomics_4189_sol2sanger_469,76.04005345356254,60.257799216569936
epigenomics_4189_sol2sanger_470,75.58823643440256,33.22432934367369
epigenomics_4189_sol2sanger_471,79.28502928944624,49.53679389131822
epigenomics_4189_sol2sanger_472,70.78408444258687,47.227292023710675
epigenomics_4189_sol2sanger_473,73.36126921603378,44.92076335636117
epigenomics_4189_sol2sanger_474,78.28484926333788,39.5901955066057
epigenomics_4189_sol2sanger_475,84.27316962030778,52.23604309095263
epigenomics_4189_sol2sanger_476,85.500082853938,54.61206763007952
epigenomics_4189_sol2sanger_477,82.1203463836894,49.24299356259716
epigenomics_4189_sol2sanger_478,78.54667867695501,43.54350812294067
epigenomics_4189_sol2sanger_479,81.29859397671537,60.37175514648667
epigenomics_4189_sol2sanger_480,73.34534875398778,43.007478849350676
epigenomics_4189_sol2sanger_481,85.35632150714301,49.21077204983429
epigenomics_4189_sol2sanger_482,84.45349126685227,68.89743297013442
epigenomics_4189_sol2sanger_483,77.20684498118844,48.08376495031207
epigenomics_4189_sol2sanger_484,83.68946616339008,51.3325635892805
epigenomics_4189_sol2sanger_485,77.67718321839851,42.80216927398983
epigenomics_4189_sol2sanger_486,74.13313827428533,43.585094717982074
epigenomics_4189_sol2sanger_487,79.25855292200968,34.540939339100134
epigenomics_4189_sol2sanger_488,85.84568579377196,41.26296426258641
epigenomics_4189_sol2sanger_489,74.97930838489728,42.2899409552176
epigenomics_4189_sol2sanger_490,74.03340941026741,40.51695657034109
epigenomics_4189_sol2sanger_491,77.39487951521049,64.03718288738243
epigenomics_4189_sol2sanger_492,73.54106570386315,38.01888331620698
epigenomics_4189_sol2sanger_493,79.05748065242037,45.88927257418131
epigenomics_4189_sol2sanger_494,89.53624293318774,40.36985301083265
epigenomics_4189_sol2sanger_495,79.97819613219993,49.72591597216836
epigenomics_4189_sol2sanger_496,73.92353349364544,41.669837588719176
epigenomics_4189_sol2sanger_497,75.59826419332471,46.47262223106937
epigenomics_4189_sol2sanger_498,72.81711981885343,34.21469679887329
epigenomics_4189_sol2sanger_499,79.00669702350635,46.96195220608881
epigenomics_4189_fast2bfq_0,33.08685412767994,77.23692176110927
epigenomics_4189_fast2bfq_1,53.13469611431592,84.02313631720837
epigenomics_4189_fast2bfq_2,43.950314400246455,81.02327621957758
epigenomics_4189_fast2bfq_3,50.13607800389141,89.00151961125938
epigenomics_4189_fast2bfq_4,58.9143018484525,86.67881581967657
epigenomics_4189_fast2bfq_5,35.71116606683783,74.32477278938595
epigenomics_4189_fast2bfq_6,53.07694474433736,82.85411387647248
epigenomics_4189_fast2bfq_7,38.961293614461546,82.14737480473177
epigenomics_4189_fast2bfq_8,49.383740405060955,88.31698420085749
epigenomics_4189_fast2bfq_9,52.609386013535186,77.09793647570972
epigenomics_4189_fast2bfq_10,44.22328929330943,72.06099364359589
epigenomics_4189_fast2bfq_11,52.22450447583786,79.59647817823057
epigenomics_4189_fast2bfq_12,46.283738528097814,85.65403514913284
epigenomics_4189_fast2bfq_13,47.93174106336915,86.22208238814594
epigenomics_4189_fast2bfq_14,44.44890794928896,87.75780075687152
epigenomics_4189_fast2bfq_15,32.07327299735534,60.46252805762286
epigenomics_4189_fast2bfq_16,37.86129717429401,80.7358599668711
epigenomics_4189_fast2bfq_17,45.33717382485825,82.60279524628979
epigenomics_4189_fast2bfq_18,49.8959015371246,85.8896293541348
epigenomics_4189_fast2bfq_19,34.33810426506369,67.55069847580175
epigenomics_4189_fast2bfq_20,43.03252388193239,75.90772049222629
epigenomics_4189_fast2bfq_21,42.79027434714676,84.51385016323093
epigenomics_4189_fast2bfq_22,43.83258418939537,73.11573568199738
epigenomics_4189_fast2bfq_23,36.7041689808514,78.43416585656954
epigenomics_4189_fast2bfq_24,44.26129779735478,78.0920286664934
epigenomics_4189_fast2bfq_25,44.40203896152815,77.2769738281113
epigenomics_4189_fast2bfq_26,45.61757689509492,64.28262161361414
epigenomics_4189_fast2bfq_27,52.71295675430259,78.14932763113255
epigenomics_4189_fast2bfq_28,49.20640738990313,70.36165489993759
epigenomics_4189_fast2bfq_29,46.675799769789805,81.52951357654932
epigenomics_4189_fast2bfq_30,43.684572150304724,72.98173497649339
epigenomics_4189_fast2bfq_31,40.376184040890436,82.2206160664595
epigenomics_4189_fast2bfq_32,40.2077370845636,78.37484895769646
epigenomics_4189_fast2bfq_33,45.60555453552087,70.45107185718494
epigenomics_4189_fast2bfq_34,40.28028170465098,69.01593503639057
epigenomics_4189_fast2bfq_35,43.09152686340837,81.96112273727456
epigenomics_4189_fast2bfq_36,55.20245604076491,79.69527501339064
epigenomics_4189_fast2bfq_37,53.95043587273449,67.23384508327979
epigenomics_4189_fast2bfq_38,38.02043828525771,78.93755357618149
epigenomics_4189_fast2bfq_39,46.16738640698673,92.26967014055894
epigenomics_4189_fast2bfq_40,36.29101623365214,86.26794417922436
epigenomics_4189_fast2bfq_41,61.103436350498775,85.08742094760564
epigenomics_4189_fast2bfq_42,26.414772462554573,82.19022286619494
epigenomics_4189_fast2bfq_43,46.71347876651057,79.16607509898478
epigenomics_4189_fast2bfq_44,51.723518936498,87.36290552243536
epigenomics_4189_fast2bfq_45,46.81861393016153,68.11064066989776
epigenomics_4189_fast2bfq_46,47.07008429964735,78.9019774992333
epigenomics_4189_fast2bfq_47,30.603097070459068,74.15802250818012
epigenomics_4189_fast2bfq_48,44.500959431191795,83.61835162215401
epigenomics_4189_fast2bfq_49,43.536034353256625,86.31918108634804
epigenomics_4189_fast2bfq_50,48.826882209847014,92.89445226072105
epigenomics_4189_fast2bfq_51,43.50511231332971,74.44911282161307
epigenomics_4189_fast2bfq_52,47.87214635224914,63.86071325286998
epigenomics_4189_fast2bfq_53,45.839288357905644,88.58137631175293
epigenomics_4189_fast2bfq_54,49.91021465784541,85.57396868787102
epigenomics_4189_fast2bfq_55,39.23332233740573,67.67417246869184
epigenomics_4189_fast2bfq_56,44.33354486891184,88.40744783091719
epigenomics_4189_fast2bfq_57,43.52335627510357,78.85134735156325
epigenomics_4189_fast2bfq_58,45.38806225817258,83.63759964912163
epigenomics_4189_fast2bfq_59,54.93819697491839,77.32683189209752
epigenomics_4189_fast2bfq_60,35.769831735098265,84.07803638400136
epigenomics_4189_fast2bfq_61,58.2452831069223,78.45182368170431
epigenomics_4189_fast2bfq_62,33.505972691126054,67.69687394346211
epigenomics_4189_fast2bfq_63,31.88784448926876,70.26289586483378
epigenomics_4189_fast2bfq_64,44.73852718848881,83.08773108511305
epigenomics_4189_fast2bfq_65,52.13305609834567,79.25283955967498
epigenomics_4189_fast2bfq_66,49.987806492715265,84.66963731803206
epigenomics_4189_fast2bfq_67,53.11384447230812,84.25503043221796
epigenomics_4189_fast2bfq_68,52.40601458434104,83.7679804567606
epigenomics_4189_fast2bfq_69,54.7752271505127,94.58337232382499
epigenomics_4189_fast2bfq_70,39.932735107115896,82.46568591928373
epigenomics_4189_fast2bfq_71,53.919006212250366,81.04698583837384
epigenomics_4189_fast2bfq_72,41.5442810562125,72.87934996268584
epigenomics_4189_fast2bfq_73,40.08329834939843,81.19475891574277
epigenomics_4189_fast2bfq_74,54.12650008318741,90.36345872750076
epigenomics_4189_fast2bfq_75,44.41037013947137,82.06235884956659
epigenomics_4189_fast2bfq_76,39.29202994778068,82.24093579346886
epigenomics_4189_fast2bfq_77,43.14641522725427,80.73640878111334
epigenomics_4189_fast2bfq_78,41.657018490798,74.3902989663552
epigenomics_4189_fast2bfq_79,67.55810751937116,77.44900470408217
epigenomics_4189_fast2bfq_80,50.494300952880074,82.98889302049679
epigenomics_4189_fast2bfq_81,47.48838508284761,87.20767056954959
epigenomics_4189_fast2bfq_82,32.573967528842566,81.67938603547222
epigenomics_4189_fast2bfq_83,52.902886594846706,91.6343362512244
epigenomics_4189_fast2bfq_84,52.4934172127857,81.61962635774655
epigenomics_4189_fast2bfq_85,54.2826162875157,73.21558576178887
epigenomics_4189_fast2bfq_86,42.40383084164212,67.7039118903947
epigenomics_4189_fast2bfq_87,50.469994559401805,79.52968983254766
epigenomics_4189_fast2bfq_88,50.407078693491755,77.32272640388267
epigenomics_4189_fast2bfq_89,36.79533753714938,79.10470308821482
epigenomics_4189_fast2bfq_90,42.55080063559334,75.85075318666955
epigenomics_4189_fast2bfq_91,35.59938177916684,76.89750272862318
epigenomics_4189_fast2bfq_92,46.09624635945348,75.82510078670661
epigenomics_4189_fast2bfq_93,48.076304356012116,79.52464711865991
epigenomics_4189_fast2bfq_94,49.37364629395848,83.04914170597922
epigenomics_4189_fast2bfq_95,51.2315315106795,66.68019491269607
epigenomics_4189_fast2bfq_96,44.67077171469817,93.38653312421368
epigenomics_4189_fast2bfq_97,39.12123121921299,81.68546023209971
epigenomics_4189_fast2bfq_98,30.641028961670255,87.26307761432219
epigenomics_4189_fast2bfq_99,37.24593432739472,68.22497740821417
epigenomics_4189_fast2bfq_100,52.44449968177759,74.50557521057495
epigenomics_4189_fast2bfq_101,47.30785606773979,77.20336958426854
epigenomics_4189_fast2bfq_102,53.40637639776086,80.39666125363968
epigenomics_4189_fast2bfq_103,49.55327896480957,77.14192809680787
epigenomics_4189_fast2bfq_104,40.000630282751096,85.4193594627109
epigenomics_4189_fast2bfq_105,46.07774911952529,86.52608910801833
epigenomics_4189_fast2bfq_106,49.51851410668809,80.51129632472315
epigenomics_4189_fast2bfq_107,60.23425685652078,73.06088363288151
epigenomics_4189_fast2bfq_108,42.97589780934727,79.50712125516317
epigenomics_4189_fast2bfq_109,41.48646033046954,81.61826101242178
epigenomics_4189_fast2bfq_110,45.57834405247703,75.67603538896039
epigenomics_4189_fast2bfq_111,53.82474539568443,80.14803790644305
epigenomics_4189_fast2bfq_112,40.73737609636105,76.22838180043267
epigenomics_4189_fast2bfq_113,50.58528052421916,89.48971621487831
epigenomics_4189_fast2bfq_114,37.839503939783135,71.39732440968122
epigenomics_4189_fast2bfq_115,46.46943249525433,78.38793234364982
epigenomics_4189_fast2bfq_116,44.145032856005,77.06268462209749
epigenomics_4189_fast2bfq_117,33.031123315417716,85.94139272134339
epigenomics_4189_fast2bfq_118,41.795393869397685,81.78207286653657
epigenomics_4189_fast2bfq_119,42.33665550893609,70.5356915238395
epigenomics_4189_fast2bfq_120,43.11042172383327,67.75794818341564
epigenomics_4189_fast2bfq_121,45.32675618311096,74.42514443263143
epigenomics_4189_fast2bfq_122,46.18494012819253,87.50128703094755
epigenomics_4189_fast2bfq_123,50.049801614606885,86.84606110333843
epigenomics_4189_fast2bfq_124,41.290913451640094,73.12800307298204
epigenomics_4189_fast2bfq_125,36.60168682389144,88.81402139635743
epigenomics_4189_fast2bfq_126,39.692459164114716,80.79789522891917
epigenomics_4189_fast2bfq_127,39.31156310627582,73.3529818878128
epigenomics_4189_fast2bfq_128,42.087924804304926,81.108076343636
epigenomics_4189_fast2bfq_129,43.59354860833583,78.57981711410598
epigenomics_4189_fast2bfq_130,39.36846168000338,73.95602038763832
epigenomics_4189_fast2bfq_131,36.37041040370006,70.00402067100771
epigenomics_4189_fast2bfq_132,44.38989307135228,78.54990958566844
epigenomics_4189_fast2bfq_133,54.92791085388416,83.84529329777958
epigenomics_4189_fast2bfq_134,42.59459457809228,75.55189997983756
epigenomics_4189_fast2bfq_135,51.3257851896969,78.11650306440126
epigenomics_4189_fast2bfq_136,50.16834197645393,86.92561757567529
epigenomics_4189_fast2bfq_137,53.64687684740633,79.59934867115089
epigenomics_4189_fast2bfq_138,40.32628621358238,57.00417675359017
epigenomics_4189_fast2bfq_139,49.13127570283186,77.34960987238618
epigenomics_4189_fast2bfq_140,50.72116371109123,89.1976694289155
epigenomics_4189_fast2bfq_141,33.40678899082928,71.96185512828863
epigenomics_4189_fast2bfq_142,45.77560143675809,99.06412722978678
epigenomics_4189_fast2bfq_143,39.02558561256926,74.39132703672851
epigenomics_4189_fast2bfq_144,46.301411294491274,90.6969787226362
epigenomics_4189_fast2bfq_145,51.20026609219783,73.0554484847582
epigenomics_4189_fast2bfq_146,57.44632394375952,79.73743697778426
epigenomics_4189_fast2bfq_147,36.40319031006002,76.60913226261124
epigenomics_4189_fast2bfq_148,45.97060568697585,93.26383713231903
epigenomics_4189_fast2bfq_149,50.48153249928404,71.55164887202478
epigenomics_4189_fast2bfq_150,49.22794476526062,88.29468623913853
epigenomics_4189_fast2bfq_151,46.72347127416845,78.78457494869947
epigenomics_4189_fast2bfq_152,51.05209435860967,78.92808663570352
epigenomics_4189_fast2bfq_153,49.1793529516759,84.91805085881481
epigenomics_4189_fast2bfq_154,37.214360202586086,85.18412293560672
epigenomics_4189_fast2bfq_155,29.26431027633348,77.80524074270531
epigenomics_4189_fast2bfq_156,41.13782016613805,70.12643645996332
epigenomics_4189_fast2bfq_157,53.129117629188585,75.09678147402252
epigenomics_4189_fast2bfq_158,46.464892909212665,91.95616862487307
epigenomics_4189_fast2bfq_159,48.79008953682788,78.71233682667469
epigenomics_4189_fast2bfq_160,29.965352424298025,87.50013890394636
epigenomics_4189_fast2bfq_161,43.608894116770884,101.52449008712028
epigenomics_4189_fast2bfq_162,45.86407206456169,77.01063024659607
epigenomics_4189_fast2bfq_163,48.8133142294252,88.13351575308342
epigenomics_4189_fast2bfq_164,33.173402367871574,79.53094679338265
epigenomics_4189_fast2bfq_165,45.81221838184283,64.80864939826466
epigenomics_4189_fast2bfq_166,47.12785595752615,75.3674800710694
epigenomics_4189_fast2bfq_167,48.44927667980169,82.76347587457019
epigenomics_4189_fast2bfq_168,57.72856476632258,81.44962585508917
epigenomics_4189_fast2bfq_169,40.294717977293615,70.95492265726429
epigenomics_4189_fast2bfq_170,48.64818498757619,77.60381249178373
epigenomics_4189_fast2bfq_171,54.93272984297722,69.24639007503009
epigenomics_4189_fast2bfq_172,36.19917876932857,78.02026828742123
epigenomics_4189_fast2bfq_173,54.31687499904642,85.45377115634955
epigenomics_4189_fast2bfq_174,40.140723417743445,79.04400095862785
epigenomics_4189_fast2bfq_175,50.235322770707796,72.08492178159864
epigenomics_4189_fast2bfq_176,45.32634981375108,79.05458863890499
epigenomics_4189_fast2bfq_177,54.23668840466895,99.50666188681224
epigenomics_4189_fast2bfq_178,42.765454740335926,82.05407963643512
epigenomics_4189_fast2bfq_179,39.295357139235094,76.95408858896381
epigenomics_4189_fast2bfq_180,40.36495070586729,77.36750941495337
epigenomics_4189_fast2bfq_181,48.67927605358324,84.76222578727214
epigenomics_4189_fast2bfq_182,38.97731356692677,92.6193350495992
epigenomics_4189_fast2bfq_183,36.50440746809447,88.4352741184212
epigenomics_4189_fast2bfq_184,54.66534681897241,101.9429910978005
epigenomics_4189_fast2bfq_185,49.786549630743295,88.99473653589737
epigenomics_4189_fast2bfq_186,50.67394852388617,78.31193269666052
epigenomics_4189_fast2bfq_187,43.65501671031102,86.19028021328734
epigenomics_4189_fast2bfq_188,48.94350771036039,94.64303236342518
epigenomics_4189_fast2bfq_189,45.568635129850776,71.30876101153339
epigenomics_4189_fast2bfq_190,39.55229581879932,94.34775351159816
epigenomics_4189_fast2bfq_191,49.848964797920615,83.53279022484422
epigenomics_4189_fast2bfq_192,44.85698681176691,66.27247773379645
epigenomics_4189_fast2bfq_193,53.310770939153,81.08240128496821
epigenomics_4189_fast2bfq_194,45.71833934136504,92.83089514816963
epigenomics_4189_fast2bfq_195,38.32167940188372,83.06551020545534
epigenomics_4189_fast2bfq_196,47.67058372035642,85.13554022137853
epigenomics_4189_fast2bfq_197,48.989615090817246,77.76650776781764
epigenomics_4189_fast2bfq_198,43.56334702424522,87.3146211896555
epigenomics_4189_fast2bfq_199,45.983107690615114,85.85538367625854
epigenomics_4189_fast2bfq_200,38.25604103602969,67.36136650992023
epigenomics_4189_fast2bfq_201,46.12919499407871,72.80207757684187
epigenomics_4189_fast2bfq_202,35.37257516723308,76.55367061782447
epigenomics_4189_fast2bfq_203,33.66006800292975,64.22918952814891
epigenomics_4189_fast2bfq_204,42.82850076570234,92.8868255334096
epigenomics_4189_fast2bfq_205,45.69821440964596,80.50877158755705
epigenomics_4189_fast2bfq_206,53.934084823451045,83.73827496822221
epigenomics_4189_fast2bfq_207,55.668404398792354,73.55395913479886
epigenomics_4189_fast2bfq_208,42.08491910009593,78.90654660601261
epigenomics_4189_fast2bfq_209,34.262603317174865,88.45195904749288
epigenomics_4189_fast2bfq_210,49.50015894902748,88.19798833719662
epigenomics_4189_fast2bfq_211,44.87867286682855,82.03405310073421
epigenomics_4189_fast2bfq_212,54.139170563055046,72.4095584513322
epigenomics_4189_fast2bfq_213,44.546671944399115,90.03263050922912
epigenomics_4189_fast2bfq_214,40.67886456938406,81.27354674356106
epigenomics_4189_fast2bfq_215,37.042076013738345,93.31443858820356
epigenomics_4189_fast2bfq_216,43.491325004024034,77.69834869916842
epigenomics_4189_fast2bfq_217,53.56024288300444,85.648232918248
epigenomics_4189_fast2bfq_218,57.33363700162045,81.941560438941
epigenomics_4189_fast2bfq_219,41.869861844270076,74.01982589338809
epigenomics_4189_fast2bfq_220,43.002084800058554,81.4689254995326
epigenomics_4189_fast2bfq_221,50.73176644017286,81.83535244598512
epigenomics_4189_fast2bfq_222,41.031667802023044,86.76680009771374
epigenomics_4189_fast2bfq_223,42.35500012381584,74.29777780062507
epigenomics_4189_fast2bfq_224,49.1531623621089,69.44773525439058
epigenomics_4189_fast2bfq_225,54.34397073165693,66.4751371112694
epigenomics_4189_fast2bfq_226,51.54003207638691,87.17761269281395
epigenomics_4189_fast2bfq_227,36.14972628631376,73.73282851435313
epigenomics_4189_fast2bfq_228,53.98030629352287,83.06713383083626
epigenomics_4189_fast2bfq_229,46.450991575923,80.95146902212244
epigenomics_4189_fast2bfq_230,51.24788811934012,70.32526351709258
epigenomics_4189_fast2bfq_231,51.177522096725944,69.40632123120079
epigenomics_4189_fast2bfq_232,54.23317952501533,96.48656883808654
epigenomics_4189_fast2bfq_233,42.72769226989791,74.30633853218822
epigenomics_4189_fast2bfq_234,35.168472459897885,83.29512346380459
epigenomics_4189_fast2bfq_235,51.86265678027091,76.116623360799
epigenomics_4189_fast2bfq_236,53.14798007749234,89.33248677592223
epigenomics_4189_fast2bfq_237,43.2068284632663,75.68266679632609
epigenomics_4189_fast2bfq_238,60.08607462457337,80.78040372286797
epigenomics_4189_fast2bfq_239,52.012667720346094,84.36555456824958
epigenomics_4189_fast2bfq_240,48.482132521801155,70.29399091472547
epigenomics_4189_fast2bfq_241,31.445267045158822,77.51802081330112
epigenomics_4189_fast2bfq_242,46.72840885113417,86.20516247781696
epigenomics_4189_fast2bfq_243,49.65513816943262,79.51472779913793
epigenomics_4189_fast2bfq_244,42.664723855534234,76.77106871169481
epigenomics_4189_fast2bfq_245,47.97478069616441,87.19419143256125
epigenomics_4189_fast2bfq_246,41.04426227586416,83.32585706242362
epigenomics_4189_fast2bfq_247,48.40208683351436,85.64113790098385
epigenomics_4189_fast2bfq_248,47.4638495251948,79.97990526755306
epigenomics_4189_fast2bfq_249,50.88108551448154,78.33283613023626
epigenomics_4189_fast2bfq_250,31.501558935736966,73.10218419929055
epigenomics_4189_fast2bfq_251,43.97830352242869,86.61321964848621
epigenomics_4189_fast2bfq_252,43.9761314845437,97.52867634550587
epigenomics_4189_fast2bfq_253,56.500868389293025,86.47426032952549
epigenomics_4189_fast2bfq_254,53.784262814809615,80.70298426800197
epigenomics_4189_fast2bfq_255,46.58849286935883,67.47776469599891
epigenomics_4189_fast2bfq_256,49.497670117107276,85.94845973492501
epigenomics_4189_fast2bfq_257,51.6197807314762,73.23418264513131
epigenomics_4189_fast2bfq_258,47.11801942786999,82.8775580867515
epigenomics_4189_fast2bfq_259,51.944321292953944,83.57901876235613
epigenomics_4189_fast2bfq_260,50.77896041763881,65.06941256009993
epigenomics_4189_fast2bfq_261,49.73114517863665,95.35356088578666
epigenomics_4189_fast2bfq_262,44.30468876486908,86.43662680547985
epigenomics_4189_fast2bfq_263,53.04054595622048,85.67634632610758
epigenomics_4189_fast2bfq_264,46.57843918572975,80.22061647988558
epigenomics_4189_fast2bfq_265,56.3298504458662,79.23235308542236
epigenomics_4189_fast2bfq_266,55.25548725774055,84.93321544656641
epigenomics_4189_fast2bfq_267,46.425695930436575,79.89331972192575
epigenomics_4189_fast2bfq_268,50.53167802127195,79.55685050617477
epigenomics_4189_fast2bfq_269,45.433394919331974,73.36247091568478
epigenomics_4189_fast2bfq_270,42.402010557050495,80.27841745955732
epigenomics_4189_fast2bfq_271,55.6135588989402,82.28110667636209
epigenomics_4189_fast2bfq_272,42.493526713262945,76.70283065784912
epigenomics_4189_fast2bfq_273,42.23285769707694,79.61854562265279
epigenomics_4189_fast2bfq_274,28.49756901002114,77.3780657160074
epigenomics_4189_fast2bfq_275,50.49270263740891,75.56119476397554
epigenomics_4189_fast2bfq_276,39.96379753387562,71.84775565024358
epigenomics_4189_fast2bfq_277,38.18649275244925,86.20068736488781
epigenomics_4189_fast2bfq_278,42.23656603946123,71.18372854654503
epigenomics_4189_fast2bfq_279,33.311374167757826,80.7682828939598
epigenomics_4189_fast2bfq_280,41.39883739889629,67.43576929493548
epigenomics_4189_fast2bfq_281,52.37273238020465,85.06493409059789
epigenomics_4189_fast2bfq_282,53.80955312843523,73.02998359240215
epigenomics_4189_fast2bfq_283,51.42043893451576,79.14145772411105
epigenomics_4189_fast2bfq_284,45.03851321257776,80.14872736001166
epigenomics_4189_fast2bfq_285,41.70808309363147,81.12033619977028
epigenomics_4189_fast2bfq_286,29.119944927199484,72.77816960230561
epigenomics_4189_fast2bfq_287,33.408376360035255,85.66101913871937
epigenomics_4189_fast2bfq_288,43.28382814309682,91.67067251646148
epigenomics_4189_fast2bfq_289,47.67164954040765,66.60088410226292
epigenomics_4189_fast2bfq_290,51.06054552171102,86.98968046628012
epigenomics_4189_fast2bfq_291,56.46878719220496,83.1179918999646
epigenomics_4189_fast2bfq_292,43.977221234620345,89.6913486773887
epigenomics_4189_fast2bfq_293,45.25744871933505,71.15507961379365
epigenomics_4189_fast2bfq_294,30.15495512426474,91.47558923477338
epigenomics_4189_fast2bfq_295,51.69333757137212,75.18294366550849
epigenomics_4189_fast2bfq_296,45.762337264172515,92.11386927410967
epigenomics_4189_fast2bfq_297,24.894604402021436,86.00796861148433
epigenomics_4189_fast2bfq_298,39.255114225195186,66.42786956171773
epigenomics_4189_fast2bfq_299,35.12007415756857,88.35403221633358
epigenomics_4189_fast2bfq_300,45.22285913852847,77.46374517541848
epigenomics_4189_fast2bfq_301,55.588478943077796,81.99911034169035
epigenomics_4189_fast2bfq_302,42.961633027920726,91.31885062148415
epigenomics_4189_fast2bfq_303,61.187048132078786,63.81822035354054
epigenomics_4189_fast2bfq_304,43.99019196096806,76.03881322610115
epigenomics_4189_fast2bfq_305,36.75876373423862,64.28723950069121
epigenomics_4189_fast2bfq_306,35.41079268671651,95.45173074074027
epigenomics_4189_fast2bfq_307,42.55309830688191,75.42191112790539
epigenomics_4189_fast2bfq_308,46.785188837666674,72.49042288201665
epigenomics_4189_fast2bfq_309,53.62894215732557,70.78250785504831
epigenomics_4189_fast2bfq_310,49.35824483125479,84.44140655101221
epigenomics_4189_fast2bfq_311,45.36436553918267,71.66031801738455
epigenomics_4189_fast2bfq_312,56.8553778770984,83.41203644774745
epigenomics_4189_fast2bfq_313,47.35697863049215,83.68828334896817
epigenomics_4189_fast2bfq_314,38.476903661127714,84.89569924725343
epigenomics_4189_fast2bfq_315,48.78135309927088,75.0026583945918
epigenomics_4189_fast2bfq_316,50.00895811499778,71.54491913423357
epigenomics_4189_fast2bfq_317,40.81482642899948,83.88524476157032
epigenomics_4189_fast2bfq_318,44.49599750302841,82.73436749380708
epigenomics_4189_fast2bfq_319,52.515772512208635,81.493402092617
epigenomics_4189_fast2bfq_320,39.08437700186975,78.8686094348186
epigenomics_4189_fast2bfq_321,48.49004789884193,79.20313397269724
epigenomics_4189_fast2bfq_322,51.9484343443293,80.94946191373336
epigenomics_4189_fast2bfq_323,42.1627811248169,77.25195746495898
epigenomics_4189_fast2bfq_324,35.54382035004871,84.49478479064841
epigenomics_4189_fast2bfq_325,36.90209822142363,75.89979356137903
epigenomics_4189_fast2bfq_326,50.6717191515734,80.6791005152332
epigenomics_4189_fast2bfq_327,47.96826310012081,82.01316299408742
epigenomics_4189_fast2bfq_328,48.890158656422656,73.05370893096008
epigenomics_4189_fast2bfq_329,56.72698312999295,79.03875748481651
epigenomics_4189_fast2bfq_330,42.28887685545071,79.34900675116302
epigenomics_4189_fast2bfq_331,47.82818617874952,98.5333769694004
epigenomics_4189_fast2bfq_332,40.472862737627636,97.07292701265537
epigenomics_4189_fast2bfq_333,50.30083651156289,68.8644781326632
epigenomics_4189_fast2bfq_334,51.57646019087808,84.15620044090299
epigenomics_4189_fast2bfq_335,42.70785185108365,90.22127041572782
epigenomics_4189_fast2bfq_336,56.06246789944845,79.17654348478725
epigenomics_4189_fast2bfq_337,62.684215565615865,72.27401855442855
epigenomics_4189_fast2bfq_338,38.37817836722853,81.04321348630592
epigenomics_4189_fast2bfq_339,50.79600951793985,76.37836281210025
epigenomics_4189_fast2bfq_340,49.5089899767337,84.48578825244947
epigenomics_4189_fast2bfq_341,56.41780885968245,81.25116679851001
epigenomics_4189_fast2bfq_342,43.35750435624555,73.5373223285942
epigenomics_4189_fast2bfq_343,46.2763983377237,78.1336210961033
epigenomics_4189_fast2bfq_344,43.29048812868313,83.05839327523836
epigenomics_4189_fast2bfq_345,37.37955319218685,71.8795555396185
epigenomics_4189_fast2bfq_346,39.619888944123005,76.54511001199471
epigenomics_4189_fast2bfq_347,46.82378276367547,78.87336641780145
epigenomics_4189_fast2bfq_348,53.027938833979235,64.52496686409259
epigenomics_4189_fast2bfq_349,29.36119863324364,75.12344548871246
epigenomics_4189_fast2bfq_350,45.64982378368157,75.16645573891655
epigenomics_4189_fast2bfq_351,48.80734625814993,87.58853171856853
epigenomics_4189_fast2bfq_352,46.797619753716724,78.3109421297139
epigenomics_4189_fast2bfq_353,43.986077297271095,90.00877697717527
epigenomics_4189_fast2bfq_354,42.64609033985081,81.77874664030305
epigenomics_4189_fast2bfq_355,40.452515766070746,86.142774055132
epigenomics_4189_fast2bfq_356,50.718195551326026,76.39145158485051
epigenomics_4189_fast2bfq_357,50.11669894427185,90.28528872852654
epigenomics_4189_fast2bfq_358,48.09823035829438,80.69564779789795
epigenomics_4189_fast2bfq_359,47.93749205602514,73.97049236970747
epigenomics_4189_fast2bfq_360,45.37549120989083,70.03257487656916
epigenomics_4189_fast2bfq_361,38.512941252626426,81.67930668208326
epigenomics_4189_fast2bfq_362,53.258134597247064,80.12298314993451
epigenomics_4189_fast2bfq_363,50.87535159485589,81.17751249839327
epigenomics_4189_fast2bfq_364,54.22731060578893,78.17866129828943
epigenomics_4189_fast2bfq_365,57.82135416037397,81.71466297303373
epigenomics_4189_fast2bfq_366,46.06498730829369,78.44514754258908
epigenomics_4189_fast2bfq_367,49.76371897120785,81.74958227557687
epigenomics_4189_fast2bfq_368,50.05610881445468,69.70545537662291
epigenomics_4189_fast2bfq_369,42.996212414238315,80.4625579812758
epigenomics_4189_fast2bfq_370,48.78516126215948,81.27448951161445
epigenomics_4189_fast2bfq_371,35.96671703931963,87.69335067044804
epigenomics_4189_fast2bfq_372,33.08139855929214,87.55057019128887
epigenomics_4189_fast2bfq_373,42.283947282111875,76.38913810024971
epigenomics_4189_fast2bfq_374,36.615085014282954,80.82546581667027
epigenomics_4189_fast2bfq_375,46.68223536323055,71.7874724526451
epigenomics_4189_fast2bfq_376,48.26064537633392,82.96762103595731
epigenomics_4189_fast2bfq_377,50.60688699475654,68.08713631317335
epigenomics_4189_fast2bfq_378,37.576778308007576,82.76061607312745
epigenomics_4189_fast2bfq_379,54.30862243210113,78.98972751151729
epigenomics_4189_fast2bfq_380,47.963358844189834,90.42346107681057
epigenomics_4189_fast2bfq_381,46.19312936756036,79.14868618184208
epigenomics_4189_fast2bfq_382,41.81090153312316,78.98667122366773
epigenomics_4189_fast2bfq_383,47.87331656145329,73.75120788549249
epigenomics_4189_fast2bfq_384,49.66003710767791,86.81422516278751
epigenomics_4189_fast2bfq_385,57.59174161639146,87.51829200387236
epigenomics_4189_fast2bfq_386,41.17172162893728,77.20187836770621
epigenomics_4189_fast2bfq_387,50.43530164623911,68.90837982800393
epigenomics_4189_fast2bfq_388,42.09265492152946,84.79140796692538
epigenomics_4189_fast2bfq_389,51.89643459232774,94.32441320989906
epigenomics_4189_fast2bfq_390,32.65700079254783,81.28106650980065
epigenomics_4189_fast2bfq_391,40.95654594234995,80.29850840769076
epigenomics_4189_fast2bfq_392,44.71409191844889,89.68308719943494
epigenomics_4189_fast2bfq_393,37.0226352757136,76.03863136567139
epigenomics_4189_fast2bfq_394,48.78445808122757,67.16294177244066
epigenomics_4189_fast2bfq_395,53.42091877614803,92.42739746781359
epigenomics_4189_fast2bfq_396,57.39927066562818,85.48775526052678
epigenomics_4189_fast2bfq_397,52.42704011132763,89.87630062366645
epigenomics_4189_fast2bfq_398,38.43162102054224,83.11837098832812
epigenomics_4189_fast2bfq_399,38.122519661199426,82.75150860481475
epigenomics_4189_fast2bfq_400,52.30404753052526,82.93135214656098
epigenomics_4189_fast2bfq_401,47.03862694119362,82.52414189406778
epigenomics_4189_fast2bfq_402,42.628863044073434,71.77524230288503
epigenomics_4189_fast2bfq_403,39.49484339547,73.64576163975114
epigenomics_4189_fast2bfq_404,43.4332696564736,72.00329410039723
epigenomics_4189_fast2bfq_405,32.75764959497212,73.2354866968268
epigenomics_4189_fast2bfq_406,33.07920031886881,82.26922718392709
epigenomics_4189_fast2bfq_407,34.36913955546356,72.60868627893329
epigenomics_4189_fast2bfq_408,35.84712787013112,71.36719957067754
epigenomics_4189_fast2bfq_409,40.195735363465985,66.65554154029469
epigenomics_4189_fast2bfq_410,49.78622854233401,72.86558786477379
epigenomics_4189_fast2bfq_411,45.928169116200145,81.2389295423565
epigenomics_4189_fast2bfq_412,54.65655972028747,84.85229240604217
epigenomics_4189_fast2bfq_413,37.46409268507312,84.84411573541877
epigenomics_4189_fast2bfq_414,49.04002119134371,75.39749328408936
epigenomics_4189_fast2bfq_415,42.34789117583515,79.46010493655125
epigenomics_4189_fast2bfq_416,36.72400082339049,86.12085916901103
epigenomics_4189_fast2bfq_417,36.893107599776116,84.60178788120484
epigenomics_4189_fast2bfq_418,57.121962014068544,85.73814076976507
epigenomics_4189_fast2bfq_419,37.41053710024615,78.88873550274593
epigenomics_4189_fast2bfq_420,49.34225017172127,77.1089832992835
epigenomics_4189_fast2bfq_421,55.894771388562475,90.93761477898423
epigenomics_4189_fast2bfq_422,55.25138376159559,81.80423662683476
epigenomics_4189_fast2bfq_423,38.84158686414757,81.62163369051922
epigenomics_4189_fast2bfq_424,45.03410648396813,82.37671873712588
epigenomics_4189_fast2bfq_425,37.24492008949004,69.01689143104451
epigenomics_4189_fast2bfq_426,53.42396342778484,75.25195573787745
epigenomics_4189_fast2bfq_427,43.07486742001043,78.08866217285761
epigenomics_4189_fast2bfq_428,39.834149358734955,75.6894192733945
epigenomics_4189_fast2bfq_429,34.484733652605705,90.57181934097576
epigenomics_4189_fast2bfq_430,55.79856643897495,81.30677040401703
epigenomics_4189_fast2bfq_431,55.876860293713364,79.56183725478803
epigenomics_4189_fast2bfq_432,42.242386815544435,69.12301147674141
epigenomics_4189_fast2bfq_433,44.14147244027948,88.72014391108056
epigenomics_4189_fast2bfq_434,40.964282283126394,72.32075586172147
epigenomics_4189_fast2bfq_435,50.11372906961246,81.77863002502961
epigenomics_4189_fast2bfq_436,49.80388004480134,73.5405285105249
epigenomics_4189_fast2bfq_437,42.18304737540316,73.61475999117997
epigenomics_4189_fast2bfq_438,50.24753806296109,83.95046628785515
epigenomics_4189_fast2bfq_439,52.74703719259411,81.9510822835655
epigenomics_4189_fast2bfq_440,55.96533536847418,77.70193192043098
epigenomics_4189_fast2bfq_441,39.25432231907378,88.89230628542063
epigenomics_4189_fast2bfq_442,37.528192067841886,75.9656672845383
epigenomics_4189_fast2bfq_443,51.80078602683012,69.63338610459145
epigenomics_4189_fast2bfq_444,43.76908863438363,81.97956923269608
epigenomics_4189_fast2bfq_445,50.54149270480136,80.01014688087369
epigenomics_4189_fast2bfq_446,33.68446812267158,78.82628613402747
epigenomics_4189_fast2bfq_447,43.394495856079246,86.69678921365367
epigenomics_4189_fast2bfq_448,40.86546240979199,73.31995683875704
epigenomics_4189_fast2bfq_449,50.27553443294638,61.608511892257056
epigenomics_4189_fast2bfq_450,33.708479599928665,88.24251902820475
epigenomics_4189_fast2bfq_451,55.894623897484045,76.8162417463786
epigenomics_4189_fast2bfq_452,36.775283065954866,95.36304309355332
epigenomics_4189_fast2bfq_453,48.4855081259557,80.15633649875785
epigenomics_4189_fast2bfq_454,42.19167863893905,85.05353202544164
epigenomics_4189_fast2bfq_455,35.702241633310145,88.34573904372635
epigenomics_4189_fast2bfq_456,45.47521879918955,66.43420874638582
epigenomics_4189_fast2bfq_457,38.22475553323454,76.47369663501043
epigenomics_4189_fast2bfq_458,44.423214545810566,82.16134522667083
epigenomics_4189_fast2bfq_459,50.47756281296406,85.01092648509216
epigenomics_4189_fast2bfq_460,44.31798387161118,91.24049156355915
epigenomics_4189_fast2bfq_461,39.16789872066138,77.00921198023946
epigenomics_4189_fast2bfq_462,31.947400017581934,71.01154087555241
epigenomics_4189_fast2bfq_463,43.8185116886357,71.22937297830471
epigenomics_4189_fast2bfq_464,51.34114453286893,86.61459653407192
epigenomics_4189_fast2bfq_465,45.87084193374863,71.57191034437865
epigenomics_4189_fast2bfq_466,50.47071816877473,79.23002060215684
epigenomics_4189_fast2bfq_467,36.697151706099575,85.2917449034619
epigenomics_4189_fast2bfq_468,48.0879214796008,71.5741160034258
epigenomics_4189_fast2bfq_469,52.27116364285105,73.05649463839308
epigenomics_4189_fast2bfq_470,28.006710686031177,70.39659023643362
epigenomics_4189_fast2bfq_471,57.80423750953544,75.19074211609919
epigenomics_4189_fast2bfq_472,41.20546350398514,75.1075561959054
epigenomics_4189_fast2bfq_473,49.25434912382083,89.07819006758012
epigenomics_4189_fast2bfq_474,49.98423278296728,68.05662660808198
epigenomics_4189_fast2bfq_475,45.862708040882026,75.33470332622042
epigenomics_4189_fast2bfq_476,43.757830757569465,80.72149193171322
epigenomics_4189_fast2bfq_477,39.87431739193935,69.32857893760325
epigenomics_4189_fast2bfq_478,53.27965030553944,81.49492115364572
epigenomics_4189_fast2bfq_479,42.37664849649015,65.56820926142962
epigenomics_4189_fast2bfq_480,47.24816791894893,81.55053625041415
epigenomics_4189_fast2bfq_481,52.96033187951359,85.48942786226759
epigenomics_4189_fast2bfq_482,46.161268242020945,79.608372274864
epigenomics_4189_fast2bfq_483,36.624817106028196,70.12507310469607
epigenomics_4189_fast2bfq_484,42.842986045041144,85.39067919474502
epigenomics_4189_fast2bfq_485,41.26364448574201,89.38385972461403
epigenomics_4189_fast2bfq_486,58.786087245435915,75.37230451832008
epigenomics_4189_fast2bfq_487,48.481064923456415,85.13037432491728
epigenomics_4189_fast2bfq_488,41.31723606973755,85.24552500379559
epigenomics_4189_fast2bfq_489,45.06985704769559,88.01075755917506
epigenomics_4189_fast2bfq_490,32.747412688783584,83.05674178328464
epigenomics_4189_fast2bfq_491,46.07613194899411,81.64898876372703
epigenomics_4189_fast2bfq_492,48.07832372257948,83.82454029366444
epigenomics_4189_fast2bfq_493,53.43351115455637,84.96813093770312
epigenomics_4189_fast2bfq_494,48.205170762471674,75.8150376630977
epigenomics_4189_fast2bfq_495,50.322238503882396,76.50545877198627
epigenomics_4189_fast2bfq_496,47.82658447195071,83.98991583076497
epigenomics_4189_fast2bfq_497,49.983146578798184,83.10617379812793
epigenomics_4189_fast2bfq_498,58.35555377861631,76.9233545850525
epigenomics_4189_fast2bfq_499,41.62224427218713,78.74044584314318
epigenomics_4189_map_0,10533.315043914448,180.68515791525795
epigenomics_4189_map_1,10271.294606122678,182.4208498832101
epigenomics_4189_map_2,9515.920083301746,180.4108343093901
epigenomics_4189_map_3,10836.801522585247,191.673377773059
epigenomics_4189_map_4,10509.30845293424,181.47829855890132
epigenomics_4189_map_5,9393.572938681791,178.19131531658294
epigenomics_4189_map_6,10623.818985119738,189.48642145439598
epigenomics_4189_map_7,10598.89636844731,179.15144157048792
epigenomics_4189_map_8,9696.591801748544,182.92395297732716
epigenomics_4189_map_9,10246.312021379505,184.49764620655617
epigenomics_4189_map_10,9919.662612961649,184.8806574101524
epigenomics_4189_map_11,10490.548912251608,187.31776990849718
epigenomics_4189_map_12,10508.841009654507,187.24121446118664
epigenomics_4189_map_13,9731.171894217407,179.4908022236478
epigenomics_4189_map_14,9624.066171576902,177.8248308264876
epigenomics_4189_map_15,9498.731002519511,188.77753355618103
epigenomics_4189_map_16,10467.374870286767,188.5010730135296
epigenomics_4189_map_17,9205.169701303566,183.2979962133392
epigenomics_4189_map_18,9987.053606749576,188.11438872530326
epigenomics_4189_map_19,10213.027044743849,176.18996000243493
epigenomics_4189_map_20,10089.907286235783,182.30114982840954
epigenomics_4189_map_21,10034.086499744495,173.2022804200362
epigenomics_4189_map_22,9588.993693046905,184.19355822344428
epigenomics_4189_map_23,8501.860999693969,186.58212152667062
epigenomics_4189_map_24,10149.540907323342,192.58663243332313
epigenomics_4189_map_25,10503.0089016593,186.45963025478324
epigenomics_4189_map_26,10950.858731438946,193.3854559594862
epigenomics_4189_map_27,10370.301250853867,184.37826126091934
epigenomics_4189_map_28,9607.619413154489,190.0250486380575
epigenomics_4189_map_29,10755.367985356072,188.59694296285997
epigenomics_4189_map_30,10305.492507125517,185.68417832548755
epigenomics_4189_map_31,9617.88124995415,184.49468943129725
epigenomics_4189_map_32,9615.533673802245,180.80881301858375
epigenomics_4189_map_33,10653.619446504135,188.7130223855079
epigenomics_4189_map_34,9901.93794672964,185.884616349317
epigenomics_4189_map_35,9933.013466176957,183.6752018378732
epigenomics_4189_map_36,10318.602842461416,177.75973202337428
epigenomics_4189_map_37,10261.756448546348,183.31835501731643
epigenomics_4189_map_38,9962.347724447916,186.09131120114432
epigenomics_4189_map_39,9789.694985446391,185.6557245386647
epigenomics_4189_map_40,10839.407398165939,181.7249614136657
epigenomics_4189_map_41,10577.454513668203,185.07840462856598
epigenomics_4189_map_42,9417.065506836254,188.3640890652792
epigenomics_4189_map_43,9683.075722083278,182.16836692646677
epigenomics_4189_map_44,10815.143244148903,184.18575925792177
epigenomics_4189_map_45,9841.280580394796,188.27341888663645
epigenomics_4189_map_46,10487.316632985508,170.67433291744558
epigenomics_4189_map_47,9201.122593296725,188.69620468360242
epigenomics_4189_map_48,9977.60926429076,180.3657772664542
epigenomics_4189_map_49,9908.585207567345,182.96687759906158
epigenomics_4189_map_50,10367.0860341524,179.28910339510279
epigenomics_4189_map_51,9410.132579795485,184.66468443912956
epigenomics_4189_map_52,10169.489155149467,192.99281390660184
epigenomics_4189_map_53,9653.010456535972,193.02759662198616
epigenomics_4189_map_54,10068.359807069506,189.32147607514437
epigenomics_4189_map_55,10888.48763593983,180.0750946323208
epigenomics_4189_map_56,9929.510687433118,188.84355993114102
epigenomics_4189_map_57,10863.732723486886,185.1410381410067
epigenomics_4189_map_58,9294.583450690181,186.1284879873154
epigenomics_4189_map_59,10438.612401695325,185.41934186184395
epigenomics_4189_map_60,10237.76540334355,192.89994351333178
epigenomics_4189_map_61,10136.792758242462,175.6335486905798
epigenomics_4189_map_62,10883.497007840779,179.16327533940537
epigenomics_4189_map_63,10025.082651349681,188.13950081596553
epigenomics_4189_map_64,10111.460207544902,190.42783635356258
epigenomics_4189_map_65,9803.38309323622,184.07695485716604
epigenomics_4189_map_66,9796.487103907559,182.0758436856647
epigenomics_4189_map_67,9991.034288239607,184.36644120483166
epigenomics_4189_map_68,10361.893614653627,183.92742761947036
epigenomics_4189_map_69,10306.528310628079,188.4576582722314
epigenomics_4189_map_70,9382.741182014532,176.54563880661726
epigenomics_4189_map_71,10070.448521597362,186.84634166462916
epigenomics_4189_map_72,9378.14637138331,182.75578467743188
epigenomics_4189_map_73,10643.481515079451,179.7612525418259
epigenomics_4189_map_74,9928.373389324513,185.02758543541492
epigenomics_4189_map_75,9806.76892657769,185.4427183362482
epigenomics_4189_map_76,10647.706169485371,177.7611307784602
epigenomics_4189_map_77,9371.31487731889,190.99524237195675
epigenomics_4189_map_78,10051.194739495808,182.27861431294346
epigenomics_4189_map_79,9696.032736704728,190.89613407933766
epigenomics_4189_map_80,9532.510123524908,181.67932397758204
epigenomics_4189_map_81,9427.492080781563,186.6228686738681
epigenomics_4189_map_82,9779.378405646374,188.43160762794932
epigenomics_4189_map_83,10212.617191315983,173.73878854154373
epigenomics_4189_map_84,10051.312964659039,183.28502050247613
epigenomics_4189_map_85,9956.800387668687,181.91274446160895
epigenomics_4189_map_86,10251.823590775188,181.5734714698457
epigenomics_4189_map_87,9184.191240100787,178.11221103262537
epigenomics_4189_map_88,10289.105609017914,186.41006057590775
epigenomics_4189_map_89,10185.67371278563,178.3019533858719
epigenomics_4189_map_90,10864.33331732592,178.09701684517822
epigenomics_4189_map_91,9724.108378174917,192.17059383171102
epigenomics_4189_map_92,10300.678168819883,191.03610274690516
epigenomics_4189_map_93,10468.053870030124,190.45351233242425
epigenomics_4189_map_94,9126.721262748852,197.08410735177608
epigenomics_4189_map_95,9904.271240330823,191.1200409668311
epigenomics_4189_map_96,9875.360630502222,185.28734870390318
epigenomics_4189_map_97,10528.966057200558,182.56031076075786
epigenomics_4189_map_98,9691.847101778836,201.95386802553782
epigenomics_4189_map_99,9985.55111067383,178.96869926265128
epigenomics_4189_map_100,10223.114098505535,180.17479301261582
epigenomics_4189_map_101,9504.378561813763,175.13266057920595
epigenomics_4189_map_102,9888.728722730322,185.8102713885498
epigenomics_4189_map_103,10805.736642332018,179.61082241685128
epigenomics_4189_map_104,10076.998944409987,188.28842817605832
epigenomics_4189_map_105,10151.108164727613,175.13965282241327
epigenomics_4189_map_106,10515.677735022986,188.11791857165287
epigenomics_4189_map_107,10570.89794638829,184.59201407832757
epigenomics_4189_map_108,10674.70886685514,183.4094416384835
epigenomics_4189_map_109,9941.521911749209,180.66895532161942
epigenomics_4189_map_110,9420.734549936464,183.2572261064185
epigenomics_4189_map_111,11247.503407546934,185.60811649998777
epigenomics_4189_map_112,9354.454276023003,189.18953100128647
epigenomics_4189_map_113,10064.62784788327,178.3669795857803
epigenomics_4189_map_114,8803.415822491854,186.68807790123097
epigenomics_4189_map_115,9947.586999595333,186.59361526329295
epigenomics_4189_map_116,9886.979481613509,187.55429757204396
epigenomics_4189_map_117,10090.233210197837,190.66184911309944
epigenomics_4189_map_118,10397.335556285147,178.87387005333866
epigenomics_4189_map_119,10502.983109503419,175.35511194241994
epigenomics_4189_map_120,9790.62505321881,175.59084338415374
epigenomics_4189_map_121,10512.70190951448,183.21053390562895
epigenomics_4189_map_122,10137.085752074709,189.53024132382413
epigenomics_4189_map_123,10714.214798577152,184.97997523523003
epigenomics_4189_map_124,9571.34412062011,180.95286673093665
epigenomics_4189_map_125,10064.884608838054,186.63963887570975
epigenomics_4189_map_126,10836.530596216158,189.76680193497953
epigenomics_4189_map_127,9870.9270129499,182.09997495596886
epigenomics_4189_map_128,10210.740729058278,185.0976277940618
epigenomics_4189_map_129,10940.954153695962,182.45379436528086
epigenomics_4189_map_130,9869.89576142791,180.92891248517628
epigenomics_4189_map_131,9735.43288259617,184.05548537078946
epigenomics_4189_map_132,10016.606859887566,182.32052792126495
epigenomics_4189_map_133,10558.231339705524,187.60823053229913
epigenomics_4189_map_134,10078.35079949225,182.6014738861751
epigenomics_4189_map_135,10495.269422602287,184.9952947159619
epigenomics_4189_map_136,10768.226706717673,194.7673684732889
epigenomics_4189_map_137,10449.68660191861,188.637323795411
epigenomics_4189_map_138,10200.335693332587,191.8848229247746
epigenomics_4189_map_139,9443.792518056804,181.57900039053243
epigenomics_4189_map_140,9285.906652336129,188.5023753916263
epigenomics_4189_map_141,9785.977801473073,168.34023395949214
epigenomics_4189_map_142,9764.445939360472,181.05800588601372
epigenomics_4189_map_143,8333.37146080194,183.6439858413405
epigenomics_4189_map_144,10941.252681476173,183.5295706506653
epigenomics_4189_map_145,9659.38902974421,182.0401724810168
epigenomics_4189_map_146,10204.041520217519,192.6892578633789
epigenomics_4189_map_147,10276.553470680572,183.11921964732738
epigenomics_4189_map_148,10457.383183222391,188.65522702805623
epigenomics_4189_map_149,9877.395125027007,180.4752485431873
epigenomics_4189_map_150,9973.346829255459,181.2797611315746
epigenomics_4189_map_151,9737.750634092747,187.1190041173069
epigenomics_4189_map_152,9976.410734121295,187.4120219082461
epigenomics_4189_map_153,9839.542568601079,186.18924217193538
epigenomics_4189_map_154,10037.1236183892,182.94853383015055
epigenomics_4189_map_155,9642.830028297853,179.8674039429704
epigenomics_4189_map_156,10521.58953470492,188.36785849790755
epigenomics_4189_map_157,10240.954315807812,178.15333790606
epigenomics_4189_map_158,10277.563471926398,187.83584092482775
epigenomics_4189_map_159,10253.115545615736,191.43119706597176
epigenomics_4189_map_160,10802.725437635012,183.24047182953586
epigenomics_4189_map_161,10726.320634726988,181.14905816865854
epigenomics_4189_map_162,9698.892826584373,184.08512925603418
epigenomics_4189_map_163,9856.623600505462,190.7216392413081
epigenomics_4189_map_164,10846.732559593824,183.46172869129862
epigenomics_4189_map_165,9930.497600698838,182.85035947447187
epigenomics_4189_map_166,9839.065655346994,181.56605764102613
epigenomics_4189_map_167,10108.636508791045,176.8936134888701
epigenomics_4189_map_168,9824.618163266448,173.58624290204455
epigenomics_4189_map_169,11160.07854215549,185.33711618853397
epigenomics_4189_map_170,9556.347042042556,191.74417699838557
epigenomics_4189_map_171,10320.514393288542,176.10047888741394
epigenomics_4189_map_172,9698.863061764663,186.1509835970775
epigenomics_4189_map_173,10290.615801474894,173.90261763507044
epigenomics_4189_map_174,10389.058471013328,188.94214955447194
epigenomics_4189_map_175,10081.084496341782,182.10773656222165
epigenomics_4189_map_176,10399.895557950362,187.93598849006378
epigenomics_4189_map_177,10212.738987875478,181.07986924195754
epigenomics_4189_map_178,10200.659781803597,189.08221623368792
epigenomics_4189_map_179,9666.068645362171,183.8423519911883
epigenomics_4189_map_180,10213.614958085149,181.78830426602516
epigenomics_4189_map_181,9783.475476575044,196.09234926015188
epigenomics_4189_map_182,8991.043978239317,184.04298819441865
epigenomics_4189_map_183,9509.015626807262,188.40233230578107
epigenomics_4189_map_184,10187.93340559454,189.48146625116027
epigenomics_4189_map_185,9441.429046097628,180.95154099239605
epigenomics_4189_map_186,9325.7601274504,189.34612144972826
epigenomics_4189_map_187,9787.316350637971,179.25497237822833
epigenomics_4189_map_188,9679.25567565678,179.8068948704608
epigenomics_4189_map_189,10003.35652920177,182.16690164995532
epigenomics_4189_map_190,10471.112324561083,185.13387005324145
epigenomics_4189_map_191,10544.079683205246,186.34047182342667
epigenomics_4189_map_192,9833.765981231987,177.42640562297552
epigenomics_4189_map_193,8648.796081404587,184.75924187239147
epigenomics_4189_map_194,9730.578399986667,190.0858733059169
epigenomics_4189_map_195,9329.577378596034,181.355356963488
epigenomics_4189_map_196,9831.979318996373,184.62537942586047
epigenomics_4189_map_197,9453.99079537263,182.41756492800505
epigenomics_4189_map_198,10025.962655002546,192.1379576247563
epigenomics_4189_map_199,10522.289812329518,186.15824485703075
epigenomics_4189_map_200,10379.587170013561,184.9651179575831
epigenomics_4189_map_201,10956.294573111436,190.14969890509525
epigenomics_4189_map_202,9952.002252392975,184.25272071292684
epigenomics_4189_map_203,9711.568803034817,185.42765908958134
epigenomics_4189_map_204,10669.913525591683,180.41081878052177
epigenomics_4189_map_205,9707.303930978125,187.45877684253415
epigenomics_4189_map_206,9267.436908850246,181.60172960846845
epigenomics_4189_map_207,9834.103138636568,185.09309872445718
epigenomics_4189_map_208,10422.943747576925,181.06161386466837
epigenomics_4189_map_209,9798.594743622283,187.91694230454456
epigenomics_4189_map_210,9775.510494368573,182.6495953997535
epigenomics_4189_map_211,10440.059911123431,184.91347173917157
epigenomics_4189_map_212,9899.99475341316,180.0784966305989
epigenomics_4189_map_213,9506.52224635526,181.46312872706866
epigenomics_4189_map_214,10646.166678847236,179.37250362512668
epigenomics_4189_map_215,8947.980175826238,183.4403463738708
epigenomics_4189_map_216,10090.679751126765,188.34310380370832
epigenomics_4189_map_217,9894.219026517698,186.8341492731794
epigenomics_4189_map_218,11087.169046008134,182.59486862798914
epigenomics_4189_map_219,10416.886919385035,181.79933092745645
epigenomics_4189_map_220,10598.23346399891,188.94801778576036
epigenomics_4189_map_221,9604.760573769916,180.71538023830965
epigenomics_4189_map_222,10494.61736053806,183.25675815253638
epigenomics_4189_map_223,10539.932876020068,180.94267949634312
epigenomics_4189_map_224,10807.001051279256,189.29271689741702
epigenomics_4189_map_225,10173.571414317084,192.15292430532747
epigenomics_4189_map_226,9735.785810889372,180.8941579442833
epigenomics_4189_map_227,9834.844031455023,188.83140331061287
epigenomics_4189_map_228,10516.734996572983,185.6693030089872
epigenomics_4189_map_229,9303.651509562593,181.68723639383023
epigenomics_4189_map_230,9023.02635749755,187.19686596765493
epigenomics_4189_map_231,11054.752762012698,187.98456390559537
epigenomics_4189_map_232,9948.605286792063,184.90750164051798
epigenomics_4189_map_233,9844.650623968444,186.81754521939132
epigenomics_4189_map_234,9623.946867719656,181.2433608505551
epigenomics_4189_map_235,10135.067241561983,191.05911600692235
epigenomics_4189_map_236,9352.230893706383,185.1851610724318
epigenomics_4189_map_237,10269.847624408556,177.32882461593087
epigenomics_4189_map_238,10611.44006352959,185.3558043052548
epigenomics_4189_map_239,9971.916429838308,184.30960873446062
epigenomics_4189_map_240,9430.369089317583,180.08952977150673
epigenomics_4189_map_241,9019.058415943007,180.49103627555172
epigenomics_4189_map_242,9952.779343987924,189.3089701590401
epigenomics_4189_map_243,9782.55826508445,188.29984656762463
epigenomics_4189_map_244,10344.679550548151,181.54983184224767
epigenomics_4189_map_245,10162.684683349138,184.34216095193614
epigenomics_4189_map_246,9681.387119874222,183.9657992965034
epigenomics_4189_map_247,9749.718854691875,190.01780023256453
epigenomics_4189_map_248,10281.968553598903,189.45122116870039
epigenomics_4189_map_249,9838.427017582475,178.18388576608928
epigenomics_4189_map_250,10347.231207238643,181.40557209679815
epigenomics_4189_map_251,10535.171763600623,188.26863457323435
epigenomics_4189_map_252,9716.282182555686,181.30458068990373
epigenomics_4189_map_253,10117.392866377053,186.25090702089958
epigenomics_4189_map_254,9981.915844694642,183.9376754712436
epigenomics_4189_map_255,9363.066111053671,188.04146321316406
epigenomics_4189_map_256,10147.658545705455,185.12457821479654
epigenomics_4189_map_257,9943.749439289837,185.80267621421578
epigenomics_4189_map_258,9876.472922782397,182.65564971886567
epigenomics_4189_map_259,10203.553981532988,182.38456938498302
epigenomics_4189_map_260,10332.005771308073,184.60124595001474
epigenomics_4189_map_261,10194.97452275065,193.00813229056845
epigenomics_4189_map_262,9800.8427769103,187.51517674871988
epigenomics_4189_map_263,9948.282318951462,177.49237878995496
epigenomics_4189_map_264,9936.284350074618,177.6733998908804
epigenomics_4189_map_265,10008.804712959121,181.8866591417851
epigenomics_4189_map_266,9866.881879514967,193.53174935493422
epigenomics_4189_map_267,9574.04114931116,173.06631071648874
epigenomics_4189_map_268,10158.546518757397,186.61295190118625
epigenomics_4189_map_269,10484.178930702574,184.45652006744515
epigenomics_4189_map_270,9862.737759442538,186.0135071410271
epigenomics_4189_map_271,9837.953525521798,188.05197550162546
epigenomics_4189_map_272,10212.425635936253,188.5939755266146
epigenomics_4189_map_273,10090.871755200658,185.75275372559267
epigenomics_4189_map_274,9649.207296221553,196.14722155825206
epigenomics_4189_map_275,8995.344381676927,186.1689261515904
epigenomics_4189_map_276,10727.443501314747,178.6755433190841
epigenomics_4189_map_277,9494.44111884781,186.36578931974938
epigenomics_4189_map_278,9995.683959864271,183.63032881502812
epigenomics_4189_map_279,9692.078739964196,190.00713861572135
epigenomics_4189_map_280,9752.50281614235,179.39068829307192
epigenomics_4189_map_281,10054.828301688904,184.085250903335
epigenomics_4189_map_282,10164.924534442907,182.32030030265844
epigenomics_4189_map_283,9214.881323220823,191.6053621495538
epigenomics_4189_map_284,10311.672738574363,181.87269046287705
epigenomics_4189_map_285,10130.826010294257,186.1475273938736
epigenomics_4189_map_286,10752.040695790678,189.38035174297121
epigenomics_4189_map_287,10757.172035494963,187.61065336714938
epigenomics_4189_map_288,9392.603253751855,191.21440044907197
epigenomics_4189_map_289,9949.76939158443,184.5557122625698
epigenomics_4189_map_290,9501.084675524893,176.6255753565922
epigenomics_4189_map_291,10897.59891015225,180.11703516372114
epigenomics_4189_map_292,10699.46524676159,184.97145559288046
epigenomics_4189_map_293,10093.546305508178,183.10035254819934
epigenomics_4189_map_294,9838.751382862903,184.1052567170863
epigenomics_4189_map_295,9614.416459108255,188.37722495380513
epigenomics_4189_map_296,9524.385970195379,184.86853086208555
epigenomics_4189_map_297,9853.653877380717,171.68911230837088
epigenomics_4189_map_298,10382.819858224659,183.7546307804758
epigenomics_4189_map_299,10855.548242325887,179.61364048530766
epigenomics_4189_map_300,10248.87440210438,184.26164601625962
epigenomics_4189_map_301,9406.151195671273,183.441246728069
epigenomics_4189_map_302,10788.550876794834,185.20584829511657
epigenomics_4189_map_303,9672.459099034124,183.29145215020657
epigenomics_4189_map_304,10603.711173181435,187.63728719442963
epigenomics_4189_map_305,10020.823741916416,185.41005389113104
epigenomics_4189_map_306,10283.673386103192,186.05386439912988
epigenomics_4189_map_307,10045.191013500942,175.7983866295862
epigenomics_4189_map_308,10055.12852075601,179.0472100048581
epigenomics_4189_map_309,10452.316694291247,189.25134032042678
epigenomics_4189_map_310,10569.570094421202,183.934122272117
epigenomics_4189_map_311,10062.538374937361,185.75672607599674
epigenomics_4189_map_312,9079.950019220027,172.60043218940885
epigenomics_4189_map_313,9201.18628241609,185.29336127625322
epigenomics_4189_map_314,9851.728277119219,192.4408023349312
epigenomics_4189_map_315,10042.891140473357,187.47909404745974
epigenomics_4189_map_316,9351.133096708898,182.01816589595012
epigenomics_4189_map_317,9370.571003655195,182.02992072999703
epigenomics_4189_map_318,9788.073266170604,184.44894734533673
epigenomics_4189_map_319,9427.159911129125,184.59126072686632
epigenomics_4189_map_320,10435.03477217947,185.99659835798957
epigenomics_4189_map_321,9612.762825206197,185.45499081917765
epigenomics_4189_map_322,10996.016388174978,181.03655965099807
epigenomics_4189_map_323,10047.934782727694,183.75376828855528
epigenomics_4189_map_324,9581.094331669457,186.49546023277207
epigenomics_4189_map_325,10029.109269644721,179.04060889844976
epigenomics_4189_map_326,9689.748908841313,190.4675998946674
epigenomics_4189_map_327,9625.928633794887,187.41361080416735
epigenomics_4189_map_328,10389.92641925032,189.52926728587622
epigenomics_4189_map_329,10427.710577119356,193.8904432425196
epigenomics_4189_map_330,9076.69864063304,183.84116291217077
epigenomics_4189_map_331,9716.947308586154,185.52127544175585
epigenomics_4189_map_332,10443.482963697756,182.76912845781897
epigenomics_4189_map_333,10308.680514664968,176.7115120439748
epigenomics_4189_map_334,9144.608117696846,176.64534985818125
epigenomics_4189_map_335,9659.903016917375,189.2595531569193
epigenomics_4189_map_336,9930.193729825867,184.21351694038898
epigenomics_4189_map_337,9581.751936578756,188.14639139707324
epigenomics_4189_map_338,9785.18738286318,182.91389275746147
epigenomics_4189_map_339,10365.182993711902,187.59207895839302
epigenomics_4189_map_340,10492.294055801765,184.96068594298916
epigenomics_4189_map_341,8969.05287813895,186.17178879969984
epigenomics_4189_map_342,10748.277696642454,186.02737363852583
epigenomics_4189_map_343,9952.571844050444,188.4050444467661
epigenomics_4189_map_344,9292.911118770251,182.60673045583272
epigenomics_4189_map_345,10421.100231661372,180.59118635989506
epigenomics_4189_map_346,9868.444694277632,186.1433652039848
epigenomics_4189_map_347,9847.84298616881,194.5181282579606
epigenomics_4189_map_348,9648.403164189676,182.62391391576415
epigenomics_4189_map_349,10449.663425129356,192.6764139276927
epigenomics_4189_map_350,10291.962951755226,187.22738236161652
epigenomics_4189_map_351,10111.894653795494,187.65194749717017
epigenomics_4189_map_352,9734.491520673337,180.55162443870822
epigenomics_4189_map_353,9885.819150338386,176.34069679992015
epigenomics_4189_map_354,9616.22010913,189.5162699509242
epigenomics_4189_map_355,10339.759604814108,189.6453534285006
epigenomics_4189_map_356,10388.237685383958,192.26822219150796
epigenomics_4189_map_357,9690.533602792779,182.9224603594576
epigenomics_4189_map_358,10062.194636373495,183.10120886331646
epigenomics_4189_map_359,10550.877498973136,194.54712756003028
epigenomics_4189_map_360,10068.193155093937,183.36740676411532
epigenomics_4189_map_361,10185.051016912726,178.16705429480342
epigenomics_4189_map_362,9449.61002367755,190.56614915569733
epigenomics_4189_map_363,10257.965295941678,185.4674169197851
epigenomics_4189_map_364,10335.248306218935,192.47482628764956
epigenomics_4189_map_365,10170.1952654938,194.09817879839625
epigenomics_4189_map_366,10743.344044623638,184.8865635315786
epigenomics_4189_map_367,10186.240914293694,185.17074199908063
epigenomics_4189_map_368,9493.840382133243,189.8033636610969
epigenomics_4189_map_369,10206.113443369775,186.04703640634276
epigenomics_4189_map_370,10350.677394863327,183.2517473555782
epigenomics_4189_map_371,10106.51731215697,184.59805609488575
epigenomics_4189_map_372,10239.278425307237,184.97790123995622
epigenomics_4189_map_373,8994.117112817132,187.81210891693797
epigenomics_4189_map_374,9661.36346280331,185.037741821013
epigenomics_4189_map_375,10747.821840186787,183.300087769786
epigenomics_4189_map_376,10212.918281215525,188.55984402187013
epigenomics_4189_map_377,9672.051809038898,187.65077907248855
epigenomics_4189_map_378,10255.963524867273,189.22916160778436
epigenomics_4189_map_379,10048.505792683283,184.08020131951727
epigenomics_4189_map_380,10212.799952358264,182.1480965895839
epigenomics_4189_map_381,10126.399374231369,180.64354176873462
epigenomics_4189_map_382,9774.723981521809,183.21317979476297
epigenomics_4189_map_383,10281.992196440438,184.18643735679993
epigenomics_4189_map_384,10717.228729463419,185.28210057608135
epigenomics_4189_map_385,9981.997492122324,182.65375490202655
epigenomics_4189_map_386,9440.927488634836,193.21466352155704
epigenomics_4189_map_387,9609.6881535813,176.94260119482956
epigenomics_4189_map_388,10022.043790001071,183.59645695019333
epigenomics_4189_map_389,10052.715516874636,181.99678275578893
epigenomics_4189_map_390,9894.491853517826,188.34800373166087
epigenomics_4189_map_391,10434.510619867475,181.04065997772955
epigenomics_4189_map_392,10205.628445054452,191.54039253004575
epigenomics_4189_map_393,9510.673557619992,183.13076904037544
epigenomics_4189_map_394,10288.43767113307,187.58577832152525
epigenomics_4189_map_395,10063.116350736,185.69070810133823
epigenomics_4189_map_396,10696.493993909507,198.4991171742707
epigenomics_4189_map_397,10017.139017570926,187.76546126433777
epigenomics_4189_map_398,9646.421859927272,181.7537318346881
epigenomics_4189_map_399,8904.274700115238,181.59152243294187
epigenomics_4189_map_400,9340.924773510771,190.0019937625095
epigenomics_4189_map_401,9963.754846420006,185.15499639728972
epigenomics_4189_map_402,11074.81657811219,183.35244977144708
epigenomics_4189_map_403,10117.175081448886,184.75174272026214
epigenomics_4189_map_404,9950.904052222935,181.265138351784
epigenomics_4189_map_405,9944.72765343821,181.30338929125213
epigenomics_4189_map_406,10130.941159252658,181.22849706047427
epigenomics_4189_map_407,10464.663940817369,175.27257894619808
epigenomics_4189_map_408,10709.882689297243,187.79961896120395
epigenomics_4189_map_409,11237.727199125029,193.0390898724722
epigenomics_4189_map_410,9508.500017175887,190.10704225700152
epigenomics_4189_map_411,10428.535389409486,183.853682013362
epigenomics_4189_map_412,9963.42148954409,182.10401170495751
epigenomics_4189_map_413,9013.299099635187,175.13609972936752
epigenomics_4189_map_414,9493.790492367563,182.98822993931046
epigenomics_4189_map_415,9423.865611949817,180.9972694398975
epigenomics_4189_map_416,9936.911113931052,180.76067387196872
epigenomics_4189_map_417,9674.70188834208,188.74048733207007
epigenomics_4189_map_418,10008.382753612726,188.87647372614077
epigenomics_4189_map_419,10624.572447101424,183.14884796539
epigenomics_4189_map_420,9230.004000473364,179.81062429220017
epigenomics_4189_map_421,9930.68204674098,186.7122719190342
epigenomics_4189_map_422,10054.564330936426,185.72852744070698
epigenomics_4189_map_423,9769.830078772677,186.3322443445384
epigenomics_4189_map_424,10150.652474789506,182.55056580846806
epigenomics_4189_map_425,8816.861318833266,183.09435024454748
epigenomics_4189_map_426,9137.663967907833,191.7732320210728
epigenomics_4189_map_427,9800.379350093644,185.39226319391798
epigenomics_4189_map_428,10285.147706933692,188.24414290709151
epigenomics_4189_map_429,9604.46221305125,185.8856543379864
epigenomics_4189_map_430,9790.253176244365,185.73580183208298
epigenomics_4189_map_431,10875.520667328812,190.59535663735033
epigenomics_4189_map_432,10024.537342843896,184.9163421286933
epigenomics_4189_map_433,10122.521446226034,175.0250884927025
epigenomics_4189_map_434,10188.33726880697,178.5823677430777
epigenomics_4189_map_435,9461.94032894993,182.98611350482093
epigenomics_4189_map_436,10684.042959317962,190.5877264377117
epigenomics_4189_map_437,9086.441886816381,182.92761050628314
epigenomics_4189_map_438,9495.903959048568,182.37934687921302
epigenomics_4189_map_439,10490.904496210618,184.0299057164029
epigenomics_4189_map_440,9670.64154146738,184.86712801789326
epigenomics_4189_map_441,10036.271655517627,183.87315406967616
epigenomics_4189_map_442,9344.148434875024,184.87608170926976
epigenomics_4189_map_443,9614.986976174392,185.29978108170803
epigenomics_4189_map_444,10437.428720904722,184.27355880775437
epigenomics_4189_map_445,9706.452296030375,192.61782290870389
epigenomics_4189_map_446,9977.768923765483,181.984483412653
epigenomics_4189_map_447,9147.638528641099,190.56264900251654
epigenomics_4189_map_448,9647.180218357998,187.4864575320592
epigenomics_4189_map_449,10344.464988136424,187.58455864722222
epigenomics_4189_map_450,10424.904221748739,191.63125094154694
epigenomics_4189_map_451,10237.767469574112,175.8823078548049
epigenomics_4189_map_452,9739.454943457584,175.45255968207064
epigenomics_4189_map_453,10352.82432510109,180.20526607749355
epigenomics_4189_map_454,9892.391360392774,186.02851792330728
epigenomics_4189_map_455,9884.958705593666,182.00339739910876
epigenomics_4189_map_456,9664.310566272983,174.7663044731887
epigenomics_4189_map_457,10614.614236933221,186.76967999683015
epigenomics_4189_map_458,10132.16427094376,197.6159313980687
epigenomics_4189_map_459,9507.206980728826,184.5661845619744
epigenomics_4189_map_460,10354.721909331567,186.3631998441435
epigenomics_4189_map_461,10936.71550619973,176.1539889853505
epigenomics_4189_map_462,9859.709454308793,184.57903682675567
epigenomics_4189_map_463,10273.825914407136,185.66960081991166
epigenomics_4189_map_464,10534.554581340724,189.62168106254137
epigenomics_4189_map_465,10189.350918082957,184.86671203425013
epigenomics_4189_map_466,10148.279932299589,177.59746981316513
epigenomics_4189_map_467,9954.664847665637,180.56930806500264
epigenomics_4189_map_468,10369.678567452032,187.19861578401347
epigenomics_4189_map_469,9729.268005292151,193.1930654253508
epigenomics_4189_map_470,9882.334414903878,190.28463467941737
epigenomics_4189_map_471,10565.153288584926,178.63099949711145
epigenomics_4189_map_472,10428.925967189209,181.25282160044424
epigenomics_4189_map_473,9943.126041267165,189.9021614631422
epigenomics_4189_map_474,11008.24130791825,189.71129440678976
epigenomics_4189_map_475,9722.170227004584,180.01497681215
epigenomics_4189_map_476,10211.591034289728,188.08657733451258
epigenomics_4189_map_477,8749.120506326954,190.83856418656293
epigenomics_4189_map_478,10255.75129691232,180.3452991396995
epigenomics_4189_map_479,10251.834802969051,184.63010408785394
epigenomics_4189_map_480,10110.225924311011,185.96470257007408
epigenomics_4189_map_481,9588.037729773001,183.36736599857338
epigenomics_4189_map_482,9663.345962015648,185.76760322062907
epigenomics_4189_map_483,9583.785218271712,180.53457671442325
epigenomics_4189_map_484,9764.405798553045,181.77180310486094
epigenomics_4189_map_485,10137.415375455588,180.55829662735573
epigenomics_4189_map_486,10424.609402172862,185.60402770330649
epigenomics_4189_map_487,9801.447385233481,179.5808351811225
epigenomics_4189_map_488,10007.333818145358,194.3291948981483
epigenomics_4189_map_489,9802.405353745844,176.2412389165127
epigenomics_4189_map_490,9644.30466691246,185.72388984277134
epigenomics_4189_map_491,9975.159806529193,193.44639351808408
epigenomics_4189_map_492,11090.077457378156,182.65570320861153
epigenomics_4189_map_493,9643.050501801827,190.80933199421708
epigenomics_4189_map_494,10446.300771557835,183.85343924962277
epigenomics_4189_map_495,9698.368544540479,178.5862360198281
epigenomics_4189_map_496,10943.051868836854,189.37488189157654
epigenomics_4189_map_497,9541.657524906872,179.1788798324311
epigenomics_4189_map_498,9514.068477110926,183.7967026519831
epigenomics_4189_map_499,10212.748921051967,183.94409188167353
epigenomics_4189_mapMerge1_0,114.36829934135847,118.23253324427664
epigenomics_4189_mapMerge1_1,94.64917015742068,126.86959381649311
epigenomics_4189_mapMerge2_0,119.74278065419016,131.73083258896276
epigenomics_4189_chr21_0,178.64333829711975,48.55766249259954
epigenomics_4189_pileup_0,269.26583643496934,77.06204233636055
