request,latency,mem
epigenomics_3073_entry_0,1.0,1.0
epigenomics_3073_fastqSplit_0,68.67160226213153,112.12207716285607
epigenomics_3073_fastqSplit_1,56.13858648456714,114.35055133105944
epigenomics_3073_filterContams_0,25.72219931185107,66.41303785480605
epigenomics_3073_filterContams_1,20.452044457661398,47.03712763579166
epigenomics_3073_filterContams_2,15.711434075092093,68.38373095062806
epigenomics_3073_filterContams_3,20.651682434024373,72.82068571781419
epigenomics_3073_filterContams_4,18.87452939588192,79.47770103256478
epigenomics_3073_filterContams_5,20.667586437676416,71.29295594289694
epigenomics_3073_filterContams_6,15.812197932166828,79.05610663651055
epigenomics_3073_filterContams_7,18.476601998566895,65.0704907711605
epigenomics_3073_filterContams_8,20.882574643632697,85.56021343953095
epigenomics_3073_filterContams_9,22.310880716116653,55.22417359501246
epigenomics_3073_filterContams_10,17.330462742458938,48.87223617447475
epigenomics_3073_filterContams_11,20.707084898549432,69.06959641739316
epigenomics_3073_filterContams_12,20.272507383211554,63.53625444752666
epigenomics_3073_filterContams_13,18.828580718146288,48.93337705333575
epigenomics_3073_filterContams_14,22.206769892184752,54.10650841726963
epigenomics_3073_filterContams_15,23.38293804093865,71.56178681514054
epigenomics_3073_filterContams_16,24.833335822665383,52.792256345207896
epigenomics_3073_filterContams_17,21.079715004632895,53.94698581747531
epigenomics_3073_filterContams_18,15.609680580497336,65.46908171957287
epigenomics_3073_filterContams_19,22.304504672003258,62.7358765400016
epigenomics_3073_filterContams_20,14.910571677963913,76.50855756609758
epigenomics_3073_filterContams_21,18.184686117630584,66.03331383892886
epigenomics_3073_filterContams_22,19.535003239762087,72.43573757186938
epigenomics_3073_filterContams_23,18.627052764786313,66.46999292429982
epigenomics_3073_filterContams_24,19.999991780469493,80.71370827346131
epigenomics_3073_filterContams_25,18.401071618011855,69.56748121329544
epigenomics_3073_filterContams_26,19.661489945827526,67.99626364630443
epigenomics_3073_filterContams_27,19.482202729119685,68.67072590231754
epigenomics_3073_filterContams_28,23.676755780660365,51.63872998342536
epigenomics_3073_filterContams_29,20.231200389564588,61.22728212501806
epigenomics_3073_filterContams_30,17.735714523829795,73.84965027066939
epigenomics_3073_filterContams_31,19.78188579369364,63.3685288951607
epigenomics_3073_filterContams_32,19.485237514169537,66.54531518792014
epigenomics_3073_filterContams_33,26.4976195984346,61.59118952269792
epigenomics_3073_filterContams_34,18.780067206889417,73.98850474598197
epigenomics_3073_filterContams_35,18.36795219091201,87.55398032655663
epigenomics_3073_filterContams_36,20.97946226749454,65.24439947482809
epigenomics_3073_filterContams_37,21.447924512332005,62.17330817386579
epigenomics_3073_filterContams_38,22.445002584706845,58.365251507775746
epigenomics_3073_filterContams_39,20.850289197917103,66.74570506067708
epigenomics_3073_filterContams_40,13.858945227359857,63.62505185644328
epigenomics_3073_filterContams_41,19.74774569435798,57.45950196230635
epigenomics_3073_filterContams_42,22.276039034108102,64.64159744908378
epigenomics_3073_filterContams_43,19.756798442898464,66.51704562123939
epigenomics_3073_filterContams_44,14.798701885971559,65.59150106806611
epigenomics_3073_filterContams_45,18.790246796340316,60.01088054076281
epigenomics_3073_filterContams_46,17.343602276451065,57.30438284895729
epigenomics_3073_filterContams_47,21.779297812622847,71.48292019264996
epigenomics_3073_filterContams_48,24.686646151998147,74.37244632660165
epigenomics_3073_filterContams_49,16.384761740034797,65.36790468766822
epigenomics_3073_filterContams_50,20.607294163051044,72.72194644341337
epigenomics_3073_filterContams_51,19.78054352533389,68.48384370384508
epigenomics_3073_filterContams_52,19.854706094145776,49.322935045484776
epigenomics_3073_filterContams_53,16.884004478447018,75.3186592670914
epigenomics_3073_filterContams_54,15.587715942558516,66.47876118715557
epigenomics_3073_filterContams_55,20.268290183965583,57.53851835237429
epigenomics_3073_filterContams_56,17.96032025979838,61.47626730074857
epigenomics_3073_filterContams_57,17.625844673104133,58.57100308889212
epigenomics_3073_filterContams_58,17.74288759763725,63.24710382016818
epigenomics_3073_filterContams_59,18.985527066047833,69.88164428067832
epigenomics_3073_filterContams_60,22.05314858415163,52.90570932621784
epigenomics_3073_filterContams_61,24.05892942080366,57.74880755085561
epigenomics_3073_filterContams_62,22.92673821773337,54.027912412706165
epigenomics_3073_filterContams_63,20.083130853784795,57.51616987620611
epigenomics_3073_filterContams_64,17.755219005004946,54.66139164005626
epigenomics_3073_filterContams_65,21.201782170681412,80.7611410882694
epigenomics_3073_filterContams_66,18.02930124325223,57.23508738767619
epigenomics_3073_filterContams_67,19.523547358708704,47.90210745744078
epigenomics_3073_filterContams_68,18.107517497579387,50.90249177996526
epigenomics_3073_filterContams_69,17.517646562414356,63.864267761476356
epigenomics_3073_filterContams_70,19.82140031730739,64.11133226084262
epigenomics_3073_filterContams_71,21.128937025631426,43.87766078661541
epigenomics_3073_filterContams_72,18.04329366848896,64.59832979843482
epigenomics_3073_filterContams_73,18.739850550502858,68.70864829022561
epigenomics_3073_filterContams_74,18.2721120488407,70.5992301470598
epigenomics_3073_filterContams_75,19.6499953294795,53.759523140724355
epigenomics_3073_filterContams_76,17.986209601939926,75.7192107231204
epigenomics_3073_filterContams_77,17.704497281375154,60.260358896471665
epigenomics_3073_filterContams_78,23.398883639997244,60.22860469557191
epigenomics_3073_filterContams_79,18.119003883479976,69.51262659667137
epigenomics_3073_filterContams_80,22.152676649994135,72.22884204505479
epigenomics_3073_filterContams_81,24.742865041655456,57.041579113194445
epigenomics_3073_filterContams_82,22.309854946572482,64.25452815906928
epigenomics_3073_filterContams_83,19.757908427855828,73.80867391041147
epigenomics_3073_filterContams_84,20.304064538150936,61.54830222738439
epigenomics_3073_filterContams_85,16.850457463683814,72.58036715010809
epigenomics_3073_filterContams_86,20.88422706618478,48.551830800272
epigenomics_3073_filterContams_87,19.877061308057353,65.96130147252754
epigenomics_3073_filterContams_88,21.30501114991121,56.76285939546877
epigenomics_3073_filterContams_89,21.637834387342778,72.60484128692731
epigenomics_3073_filterContams_90,23.70549785308772,62.83734241659209
epigenomics_3073_filterContams_91,20.917119606662045,69.93830417823179
epigenomics_3073_filterContams_92,22.833353302244788,76.81997236337867
epigenomics_3073_filterContams_93,13.871456065113874,61.546317289031606
epigenomics_3073_filterContams_94,16.204533108817913,73.48536386966832
epigenomics_3073_filterContams_95,21.025180061732556,71.67291321687989
epigenomics_3073_filterContams_96,17.483633740239462,60.66819855395014
epigenomics_3073_filterContams_97,23.06564823850963,68.27723129140149
epigenomics_3073_filterContams_98,15.38714383852551,78.4000132123886
epigenomics_3073_filterContams_99,18.550004301084673,69.69970887431785
epigenomics_3073_filterContams_100,19.170136113472747,65.70196874249343
epigenomics_3073_filterContams_101,18.913448555196403,71.97707427334005
epigenomics_3073_filterContams_102,19.771848490361897,62.4034638324352
epigenomics_3073_filterContams_103,22.149713537934588,75.46342734915885
epigenomics_3073_filterContams_104,20.312161724519125,68.3553937993755
epigenomics_3073_filterContams_105,19.919829779207827,66.78682388408758
epigenomics_3073_filterContams_106,12.080741693111785,66.5790216183733
epigenomics_3073_filterContams_107,18.396633964674834,64.44158712767081
epigenomics_3073_filterContams_108,18.00635791743525,77.2839691761968
epigenomics_3073_filterContams_109,19.795217437078133,53.3620311229442
epigenomics_3073_filterContams_110,17.50171640737539,59.33074867887785
epigenomics_3073_filterContams_111,22.50100671639983,65.01741038381599
epigenomics_3073_filterContams_112,22.83934665629016,67.4294858509484
epigenomics_3073_filterContams_113,20.56566071918932,60.90063752131251
epigenomics_3073_filterContams_114,18.852143373847415,58.320385724630626
epigenomics_3073_filterContams_115,20.251928804294682,57.291977597741656
epigenomics_3073_filterContams_116,19.593051324189382,80.23228793956756
epigenomics_3073_filterContams_117,16.897707334834678,67.99503651098352
epigenomics_3073_filterContams_118,18.20087373748045,55.26226380319211
epigenomics_3073_filterContams_119,15.218795273500836,71.38811607944787
epigenomics_3073_filterContams_120,18.676147817085376,68.07896208726197
epigenomics_3073_filterContams_121,17.685174541364468,63.44021667267682
epigenomics_3073_filterContams_122,21.863474581718428,61.442028981826724
epigenomics_3073_filterContams_123,17.719349927105963,63.008434895893096
epigenomics_3073_filterContams_124,16.70791400893976,75.80134396597614
epigenomics_3073_filterContams_125,19.368281493772447,64.6152533148575
epigenomics_3073_filterContams_126,16.316253562661682,63.70025072159705
epigenomics_3073_filterContams_127,19.541557253890062,73.90292590447822
epigenomics_3073_filterContams_128,21.056288333543137,64.20238661830668
epigenomics_3073_filterContams_129,19.939499943298046,69.94682346446734
epigenomics_3073_filterContams_130,19.17444731419289,65.8881569916753
epigenomics_3073_filterContams_131,20.744409272708946,68.80043854884046
epigenomics_3073_filterContams_132,20.099237983183993,70.86365342362075
epigenomics_3073_filterContams_133,24.08131871361079,68.17675820025082
epigenomics_3073_filterContams_134,18.142706131709712,60.15881753678423
epigenomics_3073_filterContams_135,19.261734788459016,66.20633440527591
epigenomics_3073_filterContams_136,18.755763379513372,68.63564419943157
epigenomics_3073_filterContams_137,23.236479102323514,67.70729954324891
epigenomics_3073_filterContams_138,18.60523881271962,55.29613096530073
epigenomics_3073_filterContams_139,20.132368931940498,59.328165590432235
epigenomics_3073_filterContams_140,22.331532032224114,76.61762831803247
epigenomics_3073_filterContams_141,17.386581409474704,69.43547146709169
epigenomics_3073_filterContams_142,18.13762536651548,64.93066526554358
epigenomics_3073_filterContams_143,16.072679813722207,72.27754306566135
epigenomics_3073_filterContams_144,17.591512094333613,66.39061823601993
epigenomics_3073_filterContams_145,20.951154135553033,66.73676435055187
epigenomics_3073_filterContams_146,19.448025955663727,68.92001742325469
epigenomics_3073_filterContams_147,19.733129936273272,70.15554668188301
epigenomics_3073_filterContams_148,17.644606421977024,77.61664880536924
epigenomics_3073_filterContams_149,15.379838002040344,49.500182081641356
epigenomics_3073_filterContams_150,24.16360085695745,73.60263644050079
epigenomics_3073_filterContams_151,18.51234964811117,62.366536031385294
epigenomics_3073_filterContams_152,26.11188848620849,64.08262589386678
epigenomics_3073_filterContams_153,17.845371891697916,65.72335482194919
epigenomics_3073_filterContams_154,25.811388727108255,59.870725082476056
epigenomics_3073_filterContams_155,24.267401554638045,71.00032437890236
epigenomics_3073_filterContams_156,12.657726543343845,67.56992081257742
epigenomics_3073_filterContams_157,20.74297015298023,59.6213145572068
epigenomics_3073_filterContams_158,22.122916358395102,55.82978691886512
epigenomics_3073_filterContams_159,23.582909369237758,59.78941640881393
epigenomics_3073_filterContams_160,21.06814354830045,71.07511518377319
epigenomics_3073_filterContams_161,20.84825739043866,72.04996116122585
epigenomics_3073_filterContams_162,16.697460703649003,72.14823744593548
epigenomics_3073_filterContams_163,21.536074966460383,66.81047497535442
epigenomics_3073_filterContams_164,17.575232033682532,54.338369571017004
epigenomics_3073_filterContams_165,15.673523064802207,69.62614364409382
epigenomics_3073_filterContams_166,19.451940996726798,76.92932810746281
epigenomics_3073_filterContams_167,20.71007068850992,68.28779722473507
epigenomics_3073_filterContams_168,22.967026097263425,60.393514741215824
epigenomics_3073_filterContams_169,15.349070475885789,70.62502480366125
epigenomics_3073_filterContams_170,21.274325515581154,71.35150168305208
epigenomics_3073_filterContams_171,15.354711549617797,70.07046274775307
epigenomics_3073_filterContams_172,21.840612688263562,60.13369288544084
epigenomics_3073_filterContams_173,19.19966308279396,43.85673232113668
epigenomics_3073_filterContams_174,17.20586471479378,59.35785221356092
epigenomics_3073_filterContams_175,13.840531250523213,59.20259679567801
epigenomics_3073_filterContams_176,14.778881933245362,54.0809545292398
epigenomics_3073_filterContams_177,16.833483143197025,71.60107679969948
epigenomics_3073_filterContams_178,18.717883177556025,66.01413900626484
epigenomics_3073_filterContams_179,14.764317541033142,58.73550770771953
epigenomics_3073_filterContams_180,16.284103587741566,64.49691039828443
epigenomics_3073_filterContams_181,21.707401895494037,38.24744594306876
epigenomics_3073_filterContams_182,25.66151608327977,64.6496504081725
epigenomics_3073_filterContams_183,26.675548835711204,82.61203963245778
epigenomics_3073_filterContams_184,21.83092923086162,65.8660430599073
epigenomics_3073_filterContams_185,20.605256702198936,74.29641137277133
epigenomics_3073_filterContams_186,18.76939945020987,57.738403644363366
epigenomics_3073_filterContams_187,19.168197033485203,66.10104566811144
epigenomics_3073_filterContams_188,17.25799413070096,56.25159557206875
epigenomics_3073_filterContams_189,17.241144195692186,62.51136592916094
epigenomics_3073_filterContams_190,20.780805776231315,66.05529589714662
epigenomics_3073_filterContams_191,18.783665074716037,70.72833626793293
epigenomics_3073_filterContams_192,16.355231012707605,57.91233776988243
epigenomics_3073_filterContams_193,13.896911175494138,60.96940910725315
epigenomics_3073_filterContams_194,17.079197933768466,57.99034919810455
epigenomics_3073_filterContams_195,18.034312434538563,66.06196951660093
epigenomics_3073_filterContams_196,19.781897320707447,70.68290040906487
epigenomics_3073_filterContams_197,22.06485730092696,59.65988788241871
epigenomics_3073_filterContams_198,25.207847447548083,83.35452120379688
epigenomics_3073_filterContams_199,17.877751494155806,63.793328678920375
epigenomics_3073_filterContams_200,19.323345745607444,61.05127878561719
epigenomics_3073_filterContams_201,18.844997513076862,66.81465765262674
epigenomics_3073_filterContams_202,12.362836901956873,63.7285476623296
epigenomics_3073_filterContams_203,14.843056049474765,64.14429446083268
epigenomics_3073_filterContams_204,15.443324934376687,62.313817090765134
epigenomics_3073_filterContams_205,16.00276977246978,59.825821122104905
epigenomics_3073_filterContams_206,21.46502092853922,69.28044914270096
epigenomics_3073_filterContams_207,18.179069388236258,58.238299000926574
epigenomics_3073_filterContams_208,24.727428022046258,60.76598067579975
epigenomics_3073_filterContams_209,18.526307271765486,67.21745731308204
epigenomics_3073_filterContams_210,16.230783873861427,42.88850780524821
epigenomics_3073_filterContams_211,22.304802547599216,67.8906772795368
epigenomics_3073_filterContams_212,22.634293122056977,72.4360628940685
epigenomics_3073_filterContams_213,19.13936073373559,78.7158586613109
epigenomics_3073_filterContams_214,18.031649716824987,73.0564905123813
epigenomics_3073_filterContams_215,19.73138886740617,61.0686117286136
epigenomics_3073_filterContams_216,21.951649692843944,68.96083876645415
epigenomics_3073_filterContams_217,17.131054774918457,66.16984641011248
epigenomics_3073_filterContams_218,18.17272593222653,58.984604338418826
epigenomics_3073_filterContams_219,18.07036320090511,55.92821106485471
epigenomics_3073_filterContams_220,16.183144189580826,76.70513782502358
epigenomics_3073_filterContams_221,15.114309489817828,57.335950072481005
epigenomics_3073_filterContams_222,20.15856949791476,75.30512207507321
epigenomics_3073_filterContams_223,22.04135284474465,71.3273908423573
epigenomics_3073_filterContams_224,19.478512756205593,74.53436284216812
epigenomics_3073_filterContams_225,19.098077854471978,71.64018164705742
epigenomics_3073_filterContams_226,21.937150805782096,67.54834062360901
epigenomics_3073_filterContams_227,21.096477011047494,52.1373950891292
epigenomics_3073_filterContams_228,23.643593170937685,62.01613115858727
epigenomics_3073_filterContams_229,21.121590565308395,65.19429224882131
epigenomics_3073_filterContams_230,17.394221880652005,68.91305101106335
epigenomics_3073_filterContams_231,20.60373643866189,62.55337676431405
epigenomics_3073_filterContams_232,19.936027252862473,62.07987621608707
epigenomics_3073_filterContams_233,24.369470869610183,69.30696174867074
epigenomics_3073_filterContams_234,21.913095921996177,72.22538008499913
epigenomics_3073_filterContams_235,24.40747642030121,61.149274633256596
epigenomics_3073_filterContams_236,16.001286596427164,68.4548362177859
epigenomics_3073_filterContams_237,20.171732121555337,53.63543832927375
epigenomics_3073_filterContams_238,21.318816250871176,67.15743997238897
epigenomics_3073_filterContams_239,17.01997498333972,70.68995261397318
epigenomics_3073_filterContams_240,23.885584998867394,71.38940324203452
epigenomics_3073_filterContams_241,16.666055816549914,69.2740568197767
epigenomics_3073_filterContams_242,17.562541875039173,68.35018415036743
epigenomics_3073_filterContams_243,23.45809192489725,68.66641074835029
epigenomics_3073_filterContams_244,18.727619436844034,77.58830233522689
epigenomics_3073_filterContams_245,17.825995779545245,54.684579453982884
epigenomics_3073_filterContams_246,18.55377671279463,65.42591989920876
epigenomics_3073_filterContams_247,22.88450353432246,70.62901955673617
epigenomics_3073_filterContams_248,21.470294218196678,45.67498422192348
epigenomics_3073_filterContams_249,22.789128039365195,64.18382154706097
epigenomics_3073_filterContams_250,18.656403693327455,69.43853536869604
epigenomics_3073_filterContams_251,22.265037510780815,58.44324808340599
epigenomics_3073_filterContams_252,23.54509919320272,56.945668639646975
epigenomics_3073_filterContams_253,21.350515818309805,64.40996758285159
epigenomics_3073_filterContams_254,19.949943195476827,67.513138302511
epigenomics_3073_filterContams_255,19.726450762958997,68.30336658370352
epigenomics_3073_filterContams_256,22.029317571091273,67.08956359863046
epigenomics_3073_filterContams_257,16.76909902000127,59.831418433861735
epigenomics_3073_filterContams_258,16.338873203746356,64.67034433397346
epigenomics_3073_filterContams_259,25.640503873849713,64.490491993421
epigenomics_3073_filterContams_260,19.206783697815844,54.103541717759285
epigenomics_3073_filterContams_261,21.458329553889186,72.32062301869344
epigenomics_3073_filterContams_262,17.775798589355436,55.4871060901084
epigenomics_3073_filterContams_263,20.24750241250418,68.99842152076482
epigenomics_3073_filterContams_264,17.64679871713808,64.41795550886386
epigenomics_3073_filterContams_265,18.098693898151804,65.10111523145358
epigenomics_3073_filterContams_266,17.203271431066636,61.04981216043159
epigenomics_3073_filterContams_267,17.62971485275703,68.26456216590987
epigenomics_3073_filterContams_268,23.996324772768162,53.12068769274366
epigenomics_3073_filterContams_269,18.00976305649111,60.26545708347549
epigenomics_3073_filterContams_270,18.91569435062538,74.95812533549297
epigenomics_3073_filterContams_271,14.263355689321251,56.61687598833386
epigenomics_3073_filterContams_272,22.81018287600555,67.09707356865788
epigenomics_3073_filterContams_273,15.310775245834092,60.08794615578959
epigenomics_3073_filterContams_274,19.43973118078615,70.21371049425542
epigenomics_3073_filterContams_275,23.852175860379226,55.96133142040031
epigenomics_3073_filterContams_276,14.990610726488852,72.38382242540668
epigenomics_3073_filterContams_277,21.873852122488426,60.88274522969006
epigenomics_3073_filterContams_278,15.789203330475381,71.25383561787156
epigenomics_3073_filterContams_279,16.488151918211017,59.89155910323506
epigenomics_3073_filterContams_280,18.92014138644726,52.930614314724195
epigenomics_3073_filterContams_281,17.551274057785935,65.54830362043613
epigenomics_3073_filterContams_282,16.811241712372688,57.33541738732069
epigenomics_3073_filterContams_283,24.047080928173546,57.03051357589444
epigenomics_3073_filterContams_284,21.74056139835611,56.64520115956741
epigenomics_3073_filterContams_285,19.321360360264052,68.54455701993254
epigenomics_3073_filterContams_286,23.22366369464655,41.30812384331697
epigenomics_3073_filterContams_287,21.228854083251793,72.52721001562422
epigenomics_3073_filterContams_288,23.095012048295423,56.97652119630236
epigenomics_3073_filterContams_289,18.990921655963128,82.61874425999886
epigenomics_3073_filterContams_290,20.833799561709384,59.96612015122989
epigenomics_3073_filterContams_291,18.77914871840305,76.3142344536487
epigenomics_3073_filterContams_292,18.20695116863824,52.810081369939624
epigenomics_3073_filterContams_293,17.29470330187977,58.32174194561314
epigenomics_3073_filterContams_294,21.41956540093044,69.31196582046664
epigenomics_3073_filterContams_295,24.729602032682344,77.13527380567922
epigenomics_3073_filterContams_296,18.334172026395887,52.755400154561364
epigenomics_3073_filterContams_297,19.597380711098275,78.37408801179242
epigenomics_3073_filterContams_298,25.50513522416901,47.14731959244405
epigenomics_3073_filterContams_299,25.99245079375374,74.1578303986607
epigenomics_3073_filterContams_300,19.26199788977297,82.95428338255644
epigenomics_3073_filterContams_301,12.835182475244547,61.308838129585524
epigenomics_3073_filterContams_302,17.50197607333171,70.21878954018759
epigenomics_3073_filterContams_303,18.85628126840067,56.19684499668591
epigenomics_3073_filterContams_304,23.802144788759858,48.31151807476912
epigenomics_3073_filterContams_305,21.502712684046806,63.3086226891306
epigenomics_3073_filterContams_306,15.207791763934257,72.3351596327704
epigenomics_3073_filterContams_307,22.16179755158319,66.94349497256685
epigenomics_3073_filterContams_308,19.817704476499024,60.42303281854089
epigenomics_3073_filterContams_309,20.953270395890723,65.93116135698277
epigenomics_3073_filterContams_310,20.32714533521973,64.28085167416323
epigenomics_3073_filterContams_311,16.407968363319725,58.88266236911231
epigenomics_3073_filterContams_312,15.86544488903047,73.16494137410658
epigenomics_3073_filterContams_313,22.257705338106735,62.19841130184808
epigenomics_3073_filterContams_314,20.719136697039602,71.72467485200772
epigenomics_3073_filterContams_315,20.220820735338012,54.28946868341913
epigenomics_3073_filterContams_316,19.248197156744556,65.836726967555
epigenomics_3073_filterContams_317,16.76756933311623,52.730514403140546
epigenomics_3073_filterContams_318,17.985232983484153,59.84898929551845
epigenomics_3073_filterContams_319,20.583465665468403,71.61314709870653
epigenomics_3073_filterContams_320,19.51164516688106,73.61518240220188
epigenomics_3073_filterContams_321,20.76380600723355,69.16116839698778
epigenomics_3073_filterContams_322,23.749350249541223,68.49010134833362
epigenomics_3073_filterContams_323,21.50007884066157,53.734754605748385
epigenomics_3073_filterContams_324,16.009426168714473,55.37351941737774
epigenomics_3073_filterContams_325,19.06295328648761,63.94323904034481
epigenomics_3073_filterContams_326,16.890973492725934,71.750904183004
epigenomics_3073_filterContams_327,19.626131992570294,65.5756056486182
epigenomics_3073_filterContams_328,17.680725171978754,65.83213915829155
epigenomics_3073_filterContams_329,17.535553284959143,62.83752403360823
epigenomics_3073_filterContams_330,16.706864597431125,57.34501597584423
epigenomics_3073_filterContams_331,21.563161214085582,75.78088553241412
epigenomics_3073_filterContams_332,25.67335643847973,59.07961423997389
epigenomics_3073_filterContams_333,18.475731528814748,74.73684657974158
epigenomics_3073_filterContams_334,21.631186057079805,60.173665859457266
epigenomics_3073_filterContams_335,19.194421698914756,73.36564114696854
epigenomics_3073_filterContams_336,23.172654171213743,49.10314079833929
epigenomics_3073_filterContams_337,19.622895681153956,78.59592240035101
epigenomics_3073_filterContams_338,28.03636588098793,66.7711453349606
epigenomics_3073_filterContams_339,24.22166360838768,70.35698911147949
epigenomics_3073_filterContams_340,22.21045377830045,55.28510722904503
epigenomics_3073_filterContams_341,18.708304426173793,54.51182458563891
epigenomics_3073_filterContams_342,21.832372141691625,60.651906426444945
epigenomics_3073_filterContams_343,18.610645881311935,60.96617506294834
epigenomics_3073_filterContams_344,22.285610242253163,68.24286422722578
epigenomics_3073_filterContams_345,19.14377576945678,70.13345849512336
epigenomics_3073_filterContams_346,16.48901450554153,72.81210942168711
epigenomics_3073_filterContams_347,18.14536962051775,73.57195823310477
epigenomics_3073_filterContams_348,16.198825480880213,52.111665639157806
epigenomics_3073_filterContams_349,17.928254697189992,81.1976866705021
epigenomics_3073_filterContams_350,16.885535863962474,64.74348347127918
epigenomics_3073_filterContams_351,17.712040750748002,69.88400928178181
epigenomics_3073_filterContams_352,15.120994091592895,58.25823455791
epigenomics_3073_filterContams_353,26.810590842063114,58.79437198322361
epigenomics_3073_filterContams_354,21.767892874095534,64.09721956701269
epigenomics_3073_filterContams_355,21.712185021344506,62.21259007105948
epigenomics_3073_filterContams_356,19.1526914857831,63.41373517432825
epigenomics_3073_filterContams_357,19.997340956677913,69.18437937671604
epigenomics_3073_filterContams_358,23.061351709684516,62.94590328224324
epigenomics_3073_filterContams_359,17.096759181001527,56.165543597230915
epigenomics_3073_filterContams_360,19.20832274746346,54.91192756142696
epigenomics_3073_filterContams_361,25.70891561370849,58.487059324044836
epigenomics_3073_filterContams_362,22.19680250974554,70.00155579278747
epigenomics_3073_filterContams_363,21.863425552155,62.07564511553501
epigenomics_3073_filterContams_364,14.67663061853131,67.38491969425428
epigenomics_3073_filterContams_365,18.204594329516386,44.63160363275453
epigenomics_3073_filterContams_366,18.922331385730647,53.53939238693107
epigenomics_3073_filterContams_367,20.887646472246583,64.38858495319506
epigenomics_3073_filterContams_368,20.391521950490727,58.86171772544357
epigenomics_3073_filterContams_369,19.103222906629767,51.422441178275605
epigenomics_3073_filterContams_370,21.779168260136977,56.918889691579146
epigenomics_3073_filterContams_371,21.474466510180623,68.54685526853577
epigenomics_3073_filterContams_372,18.160860039940918,60.503205253955244
epigenomics_3073_filterContams_373,20.555124709739857,73.63109371407218
epigenomics_3073_filterContams_374,21.16944186068604,62.527319837744336
epigenomics_3073_filterContams_375,20.036969384566873,68.73143658505424
epigenomics_3073_filterContams_376,18.105486687119345,67.67458943573189
epigenomics_3073_filterContams_377,18.726796645628152,38.388278422184264
epigenomics_3073_filterContams_378,18.068333142552532,65.22529630554853
epigenomics_3073_filterContams_379,19.52365102263967,73.7531811321386
epigenomics_3073_filterContams_380,20.130931855271648,66.78627084247533
epigenomics_3073_filterContams_381,23.313413146953593,61.44614082649125
epigenomics_3073_filterContams_382,21.275801875258608,72.01165950591144
epigenomics_3073_filterContams_383,26.537331744728256,66.58490725394155
epigenomics_3073_filterContams_384,20.834355990434602,62.06955049289777
epigenomics_3073_filterContams_385,16.532280969285473,62.5880657665414
epigenomics_3073_filterContams_386,17.060817011937218,69.3161406217813
epigenomics_3073_filterContams_387,18.055470642064083,61.05549769411616
epigenomics_3073_filterContams_388,22.07701928277551,66.94672066986807
epigenomics_3073_filterContams_389,15.885872026561621,63.875214620182014
epigenomics_3073_filterContams_390,20.60566586329312,54.12270909808602
epigenomics_3073_filterContams_391,18.785306113438118,60.32251596445161
epigenomics_3073_filterContams_392,21.84960283036144,66.75521622121285
epigenomics_3073_filterContams_393,20.215366421394215,60.892357050742824
epigenomics_3073_filterContams_394,19.256997370243663,63.45069186457254
epigenomics_3073_filterContams_395,22.5046886456938,70.45990746349388
epigenomics_3073_filterContams_396,18.09688166470771,60.4610647552243
epigenomics_3073_filterContams_397,22.332375368782863,51.71638141604336
epigenomics_3073_filterContams_398,22.25624214234133,45.35988468265788
epigenomics_3073_filterContams_399,21.308918717780113,68.14143705313313
epigenomics_3073_filterContams_400,21.28604274282329,68.84181158809407
epigenomics_3073_filterContams_401,18.610259599366124,71.28091066489986
epigenomics_3073_filterContams_402,21.278914680284814,68.27052128705863
epigenomics_3073_filterContams_403,20.670917584495395,65.1574776180175
epigenomics_3073_filterContams_404,14.620280150033917,68.08195061716535
epigenomics_3073_filterContams_405,23.262687509387924,73.30780476257488
epigenomics_3073_filterContams_406,20.769550306742147,67.86542781223596
epigenomics_3073_filterContams_407,25.304742171038228,49.558119721684996
epigenomics_3073_filterContams_408,22.20726102637801,55.27854227777479
epigenomics_3073_filterContams_409,18.422248922837,61.452082387119205
epigenomics_3073_filterContams_410,17.8837188276906,47.896020505012075
epigenomics_3073_filterContams_411,18.91017995623368,72.61798322983225
epigenomics_3073_filterContams_412,22.126277586955162,73.28525159670119
epigenomics_3073_filterContams_413,18.248528083102656,69.65401469788158
epigenomics_3073_filterContams_414,17.955342252714743,67.54243671840464
epigenomics_3073_filterContams_415,21.431937525557377,62.51732223194206
epigenomics_3073_filterContams_416,21.84726572538601,73.9025700896598
epigenomics_3073_filterContams_417,21.66276077860293,58.6043078790723
epigenomics_3073_filterContams_418,20.434393911232817,70.78997246228975
epigenomics_3073_filterContams_419,20.66607373673718,49.06214785520089
epigenomics_3073_filterContams_420,18.648210691812075,75.51512473315375
epigenomics_3073_filterContams_421,20.011905101826862,67.32528086222672
epigenomics_3073_filterContams_422,19.032837868541385,64.8488709142967
epigenomics_3073_filterContams_423,19.971087480136703,61.22593218469828
epigenomics_3073_filterContams_424,17.811038158918258,74.94196779846577
epigenomics_3073_filterContams_425,22.77145040567688,76.92891071745994
epigenomics_3073_filterContams_426,18.242650674969696,73.14898062671907
epigenomics_3073_filterContams_427,19.830756529748996,73.53160807096852
epigenomics_3073_filterContams_428,15.873071009551882,61.87178380745694
epigenomics_3073_filterContams_429,20.18860734672327,65.05627334491562
epigenomics_3073_filterContams_430,19.067993504354448,83.5072615156504
epigenomics_3073_filterContams_431,19.944082671273154,81.69551070216161
epigenomics_3073_filterContams_432,20.69817801909591,60.33470975442014
epigenomics_3073_filterContams_433,21.495715351530365,70.58590588398536
epigenomics_3073_filterContams_434,22.647108918381942,66.18998597597577
epigenomics_3073_filterContams_435,20.75470419258757,61.92283424600958
epigenomics_3073_filterContams_436,20.81957690036545,62.999240941244395
epigenomics_3073_filterContams_437,13.491664192839723,76.02796654683262
epigenomics_3073_filterContams_438,17.976176733968114,71.56472821801903
epigenomics_3073_filterContams_439,21.876169064768337,71.43030846313486
epigenomics_3073_filterContams_440,16.65661210460064,79.71559962068231
epigenomics_3073_filterContams_441,18.93183205084724,56.917015312418535
epigenomics_3073_filterContams_442,18.767452739663888,65.24797588765473
epigenomics_3073_filterContams_443,24.957683857267057,49.38906835314252
epigenomics_3073_filterContams_444,19.323428691013156,75.23973255354277
epigenomics_3073_filterContams_445,22.837015906421502,73.6586975916588
epigenomics_3073_filterContams_446,20.2160547702924,65.52275328992481
epigenomics_3073_filterContams_447,23.583112899524426,71.8927129208245
epigenomics_3073_filterContams_448,12.410539806785925,56.46705790286686
epigenomics_3073_filterContams_449,24.684341791873937,77.00999281227921
epigenomics_3073_filterContams_450,20.950313601035177,66.91219915072413
epigenomics_3073_filterContams_451,21.77656032700613,71.88677047163686
epigenomics_3073_filterContams_452,21.17597885461464,71.49657404992601
epigenomics_3073_filterContams_453,24.741727326221778,71.0295561345702
epigenomics_3073_filterContams_454,17.7818737380032,77.1157819960208
epigenomics_3073_filterContams_455,17.210397709350804,83.58280352849894
epigenomics_3073_filterContams_456,18.90528414468836,65.36156253041837
epigenomics_3073_filterContams_457,18.361185166793344,62.99302745082718
epigenomics_3073_filterContams_458,17.344698552323603,74.67323848171227
epigenomics_3073_filterContams_459,19.549823244113167,64.52871668209134
epigenomics_3073_filterContams_460,22.79110889345784,69.46701082023861
epigenomics_3073_filterContams_461,21.75400431083574,63.58686151123404
epigenomics_3073_filterContams_462,21.79175565680223,61.01132406751997
epigenomics_3073_filterContams_463,18.227801135063842,64.17362795039944
epigenomics_3073_filterContams_464,15.211083261854592,56.61887599138717
epigenomics_3073_filterContams_465,24.479189395429955,69.81968919373078
epigenomics_3073_filterContams_466,20.47462901046523,68.59517375024038
epigenomics_3073_filterContams_467,14.933630433218555,53.741761780570435
epigenomics_3073_filterContams_468,22.809629937266788,71.8233574599116
epigenomics_3073_filterContams_469,16.1850392767421,70.66898711556395
epigenomics_3073_filterContams_470,21.67577771416751,76.90172684828778
epigenomics_3073_filterContams_471,23.62402098239952,69.8218708396202
epigenomics_3073_filterContams_472,18.696573758068713,67.01574372151363
epigenomics_3073_filterContams_473,20.853652031632503,77.3617111746367
epigenomics_3073_filterContams_474,19.182732659572576,54.774185581655544
epigenomics_3073_filterContams_475,19.429526905335447,64.90339714814519
epigenomics_3073_filterContams_476,25.410664794553675,79.89421523517187
epigenomics_3073_filterContams_477,16.00662260206971,83.1367001354192
epigenomics_3073_filterContams_478,18.39470554524323,70.35351663400519
epigenomics_3073_filterContams_479,19.034194151090684,70.13071777501179
epigenomics_3073_filterContams_480,24.155037565211664,69.21606253384815
epigenomics_3073_filterContams_481,18.492959237702856,76.90084260976289
epigenomics_3073_filterContams_482,20.503112252563312,62.23700643021955
epigenomics_3073_filterContams_483,17.4527863947868,62.57514023759473
epigenomics_3073_filterContams_484,20.842452557928205,66.28269580102705
epigenomics_3073_filterContams_485,17.59077687906856,73.38318884358442
epigenomics_3073_filterContams_486,22.043188467027704,57.005316759015585
epigenomics_3073_filterContams_487,22.52681915984266,58.78082202518269
epigenomics_3073_filterContams_488,18.43837397469472,60.99567228335483
epigenomics_3073_filterContams_489,18.2758989527861,59.505050622993636
epigenomics_3073_filterContams_490,25.68141299352908,76.49242808780424
epigenomics_3073_filterContams_491,21.760896245086574,61.454352508649784
epigenomics_3073_filterContams_492,20.716259738030764,64.6634438636135
epigenomics_3073_filterContams_493,17.05452754604239,50.00785609747267
epigenomics_3073_filterContams_494,20.19490229217122,53.63750635390932
epigenomics_3073_filterContams_495,18.488932457518338,64.87905989414247
epigenomics_3073_filterContams_496,17.362022299395473,65.82415411794166
epigenomics_3073_filterContams_497,23.090571255810172,64.04447185588144
epigenomics_3073_filterContams_498,25.592574600203296,63.18548874045423
epigenomics_3073_filterContams_499,17.216169971468492,55.66331372998914
epigenomics_3073_sol2sanger_0,74.53145219971123,28.635824577419218
epigenomics_3073_sol2sanger_1,67.86709413069033,55.07614021993388
epigenomics_3073_sol2sanger_2,85.74467345546712,40.73483041359277
epigenomics_3073_sol2sanger_3,89.82479561257271,46.07594958781099
epigenomics_3073_sol2sanger_4,73.82512082889755,50.5638217615183
epigenomics_3073_sol2sanger_5,79.41464190989896,42.05776120501405
epigenomics_3073_sol2sanger_6,91.3121569992953,44.503301342601596
epigenomics_3073_sol2sanger_7,88.44672671094577,36.17249462395524
epigenomics_3073_sol2sanger_8,77.70095021028317,44.368994410531826
epigenomics_3073_sol2sanger_9,77.37470244453854,40.29226147926874
epigenomics_3073_sol2sanger_10,81.14247825337603,32.87822010309114
epigenomics_3073_sol2sanger_11,87.14291981683888,38.964348218806954
epigenomics_3073_sol2sanger_12,74.0939328997817,54.74932028186401
epigenomics_3073_sol2sanger_13,70.80549042427836,50.29329288453493
epigenomics_3073_sol2sanger_14,79.2056732684876,47.64879326097031
epigenomics_3073_sol2sanger_15,75.60078558245267,47.37430204583073
epigenomics_3073_sol2sanger_16,70.32687062590435,32.99865933888914
epigenomics_3073_sol2sanger_17,73.79554582783474,57.53216730444207
epigenomics_3073_sol2sanger_18,68.6610844239297,44.875476400966285
epigenomics_3073_sol2sanger_19,69.07282861614887,43.25645558132637
epigenomics_3073_sol2sanger_20,83.7706994081133,43.033466342226504
epigenomics_3073_sol2sanger_21,83.65037516572066,50.433935357041534
epigenomics_3073_sol2sanger_22,85.10415681319631,45.94452224955311
epigenomics_3073_sol2sanger_23,82.01526236024792,46.862514314688596
epigenomics_3073_sol2sanger_24,80.3041696001692,42.94629379065229
epigenomics_3073_sol2sanger_25,67.84487247734347,35.591199018832384
epigenomics_3073_sol2sanger_26,82.30143096067243,43.47693386026151
epigenomics_3073_sol2sanger_27,77.72143249906465,61.55392893429567
epigenomics_3073_sol2sanger_28,79.19258666205577,34.793156687346
epigenomics_3073_sol2sanger_29,81.83150273757809,39.21155419644108
epigenomics_3073_sol2sanger_30,88.5115059591283,36.49422459456408
epigenomics_3073_sol2sanger_31,83.3846753626075,39.26657355914242
epigenomics_3073_sol2sanger_32,91.54073456963472,43.38493055747502
epigenomics_3073_sol2sanger_33,78.81945825005755,41.69216035051137
epigenomics_3073_sol2sanger_34,83.5438638385513,39.13520333109321
epigenomics_3073_sol2sanger_35,86.46795944497521,36.557387640534934
epigenomics_3073_sol2sanger_36,79.0787293616009,43.73980471307832
epigenomics_3073_sol2sanger_37,85.734870463136,53.13831023760868
epigenomics_3073_sol2sanger_38,79.30993902266202,40.16592185537597
epigenomics_3073_sol2sanger_39,78.94479819285559,59.049038804898565
epigenomics_3073_sol2sanger_40,77.94677491506874,38.219089982515044
epigenomics_3073_sol2sanger_41,79.91811128251864,50.2778643061405
epigenomics_3073_sol2sanger_42,78.30223848569797,45.44755158107301
epigenomics_3073_sol2sanger_43,81.75721554835718,43.18381284842009
epigenomics_3073_sol2sanger_44,82.751638917084,43.67226859975515
epigenomics_3073_sol2sanger_45,81.44772689087398,46.77424935542251
epigenomics_3073_sol2sanger_46,75.3705353300525,44.971859305487754
epigenomics_3073_sol2sanger_47,78.1346409388575,49.25482466669165
epigenomics_3073_sol2sanger_48,78.3343235601361,31.71172945724016
epigenomics_3073_sol2sanger_49,75.74938876127827,46.23998864049526
epigenomics_3073_sol2sanger_50,80.80294143968784,42.93887633084413
epigenomics_3073_sol2sanger_51,89.70279714020131,60.986360138785955
epigenomics_3073_sol2sanger_52,76.80432050787854,46.88861364387657
epigenomics_3073_sol2sanger_53,84.5019903180798,51.104588825576634
epigenomics_3073_sol2sanger_54,87.52834562371932,54.33590288574812
epigenomics_3073_sol2sanger_55,78.02505162211872,40.13399186532489
epigenomics_3073_sol2sanger_56,85.90313790669153,42.080927128446255
epigenomics_3073_sol2sanger_57,81.97026696264176,40.69001798771801
epigenomics_3073_sol2sanger_58,86.2566986060229,54.02795837850534
epigenomics_3073_sol2sanger_59,81.81506597629198,43.96652875044218
epigenomics_3073_sol2sanger_60,79.21107003967396,36.428896523673615
epigenomics_3073_sol2sanger_61,88.33079144254052,54.41671120814425
epigenomics_3073_sol2sanger_62,73.05876041314613,38.860719508895926
epigenomics_3073_sol2sanger_63,87.26570666866003,53.04383556991641
epigenomics_3073_sol2sanger_64,82.9893952044138,48.863890847165685
epigenomics_3073_sol2sanger_65,78.38057759209619,43.616231182512436
epigenomics_3073_sol2sanger_66,75.96988176739873,45.21378502862537
epigenomics_3073_sol2sanger_67,81.43621229407522,41.233550859587936
epigenomics_3073_sol2sanger_68,81.36111886846145,45.5311786137761
epigenomics_3073_sol2sanger_69,75.38194001533869,50.19905370770799
epigenomics_3073_sol2sanger_70,84.08167857095627,29.580562761020154
epigenomics_3073_sol2sanger_71,74.83147262177827,59.8690939571946
epigenomics_3073_sol2sanger_72,76.5844700691681,28.14149815438119
epigenomics_3073_sol2sanger_73,85.85507629619113,36.7732141219709
epigenomics_3073_sol2sanger_74,73.06280804148267,48.25300711737659
epigenomics_3073_sol2sanger_75,83.17502139753202,31.072707461043137
epigenomics_3073_sol2sanger_76,76.47815265732241,51.949766894815326
epigenomics_3073_sol2sanger_77,87.40284202035484,48.19255724705857
epigenomics_3073_sol2sanger_78,68.0850283902341,51.305057654399846
epigenomics_3073_sol2sanger_79,84.76153923521386,65.07857473960446
epigenomics_3073_sol2sanger_80,78.29356147301748,42.23795372505686
epigenomics_3073_sol2sanger_81,85.58121227017547,39.27279550745523
epigenomics_3073_sol2sanger_82,79.35549651376418,42.5191929577265
epigenomics_3073_sol2sanger_83,82.368007235041,42.71644961761244
epigenomics_3073_sol2sanger_84,82.65507235780119,50.87730310181115
epigenomics_3073_sol2sanger_85,81.19123578563328,53.76484835388148
epigenomics_3073_sol2sanger_86,83.6365367460329,40.802067201299494
epigenomics_3073_sol2sanger_87,83.26679612878493,45.88832655722356
epigenomics_3073_sol2sanger_88,74.96581307383465,36.87036404333877
epigenomics_3073_sol2sanger_89,81.151718848477,35.02761126542051
epigenomics_3073_sol2sanger_90,74.31669914362274,46.97963119823499
epigenomics_3073_sol2sanger_91,82.71349574167151,53.979739850301044
epigenomics_3073_sol2sanger_92,66.63401984865351,54.98163283522126
epigenomics_3073_sol2sanger_93,75.2711934872788,45.84304283654909
epigenomics_3073_sol2sanger_94,85.76025802167973,46.22218786620819
epigenomics_3073_sol2sanger_95,87.7986674840469,37.3312412680742
epigenomics_3073_sol2sanger_96,70.85508696571347,43.60777683321515
epigenomics_3073_sol2sanger_97,83.31164011483665,43.75511757337716
epigenomics_3073_sol2sanger_98,87.06169810432611,51.042979300467614
epigenomics_3073_sol2sanger_99,73.48419430142438,44.70857643268379
epigenomics_3073_sol2sanger_100,82.35307791631514,40.417329109252854
epigenomics_3073_sol2sanger_101,79.9975313027478,41.36828845497293
epigenomics_3073_sol2sanger_102,80.34262057574277,30.24046872827996
epigenomics_3073_sol2sanger_103,70.15645364585835,48.24943787320892
epigenomics_3073_sol2sanger_104,89.22640327598242,39.76850165106417
epigenomics_3073_sol2sanger_105,76.79310436191747,39.09836870990258
epigenomics_3073_sol2sanger_106,84.36210036542063,29.59852042471133
epigenomics_3073_sol2sanger_107,72.10960766258346,45.78059143988751
epigenomics_3073_sol2sanger_108,80.40677552220153,53.99093039688144
epigenomics_3073_sol2sanger_109,71.93959844882912,56.47898247031082
epigenomics_3073_sol2sanger_110,80.93415879036031,50.445370218807916
epigenomics_3073_sol2sanger_111,82.54713808447988,44.57176464747743
epigenomics_3073_sol2sanger_112,76.6868035995032,44.153418022071065
epigenomics_3073_sol2sanger_113,82.95315190094374,48.11325674990407
epigenomics_3073_sol2sanger_114,69.12760231928333,46.38495858516093
epigenomics_3073_sol2sanger_115,81.93261829378447,55.93785803638851
epigenomics_3073_sol2sanger_116,80.28836027671032,44.56408011740937
epigenomics_3073_sol2sanger_117,79.62703034694401,46.19690578069091
epigenomics_3073_sol2sanger_118,75.98605515518761,43.380081424087
epigenomics_3073_sol2sanger_119,77.00326977013022,40.837948953320044
epigenomics_3073_sol2sanger_120,82.62293259423988,55.83802244408184
epigenomics_3073_sol2sanger_121,81.28273463569468,42.56569288169043
epigenomics_3073_sol2sanger_122,82.30519714378842,34.79281370353285
epigenomics_3073_sol2sanger_123,88.33740104291422,46.24448360937332
epigenomics_3073_sol2sanger_124,83.56682156796977,30.050328675145487
epigenomics_3073_sol2sanger_125,80.51382552320031,56.96533433775253
epigenomics_3073_sol2sanger_126,84.47297678625992,54.93559808579882
epigenomics_3073_sol2sanger_127,77.67281200590729,50.744713295270536
epigenomics_3073_sol2sanger_128,81.29170168910058,42.94039060669258
epigenomics_3073_sol2sanger_129,76.40584740465722,33.780233481013575
epigenomics_3073_sol2sanger_130,70.53071335724134,42.38435239773181
epigenomics_3073_sol2sanger_131,71.65131417807959,51.179610150830364
epigenomics_3073_sol2sanger_132,84.42175847135005,42.57708957881698
epigenomics_3073_sol2sanger_133,88.87510928091194,42.049874110223485
epigenomics_3073_sol2sanger_134,79.70174552817997,46.16121796407039
epigenomics_3073_sol2sanger_135,84.0447897860946,37.51910819517773
epigenomics_3073_sol2sanger_136,81.33296500637438,45.12937192277349
epigenomics_3073_sol2sanger_137,82.75784063453189,52.591451693136904
epigenomics_3073_sol2sanger_138,84.61738902626931,52.09274877056927
epigenomics_3073_sol2sanger_139,83.67905290621972,46.955296451357164
epigenomics_3073_sol2sanger_140,81.34983583134313,50.66804098585325
epigenomics_3073_sol2sanger_141,87.21150703266784,57.95305709464866
epigenomics_3073_sol2sanger_142,75.6371775413813,34.987476923105476
epigenomics_3073_sol2sanger_143,84.75877727351036,32.83209671558909
epigenomics_3073_sol2sanger_144,72.34597029033546,35.11065065232266
epigenomics_3073_sol2sanger_145,77.95765636463312,51.46154068891164
epigenomics_3073_sol2sanger_146,79.98166488438501,65.0662803358507
epigenomics_3073_sol2sanger_147,78.38002330431078,29.52034748604032
epigenomics_3073_sol2sanger_148,80.71039532545154,32.9691062375524
epigenomics_3073_sol2sanger_149,76.06441519561294,46.3286632873787
epigenomics_3073_sol2sanger_150,79.81104581516803,49.210271962286896
epigenomics_3073_sol2sanger_151,78.75787122473696,49.730697994372505
epigenomics_3073_sol2sanger_152,76.09581715855023,50.43092771698168
epigenomics_3073_sol2sanger_153,76.61429860160735,56.24677456779532
epigenomics_3073_sol2sanger_154,78.6618705754373,50.318261261926615
epigenomics_3073_sol2sanger_155,89.11939196138691,56.338629796247716
epigenomics_3073_sol2sanger_156,84.0320216496171,45.40141061274118
epigenomics_3073_sol2sanger_157,79.83873392398692,50.26812462752697
epigenomics_3073_sol2sanger_158,88.36499724836992,42.63512065068221
epigenomics_3073_sol2sanger_159,75.95648257373502,37.349542765582875
epigenomics_3073_sol2sanger_160,83.19256356720648,59.171851152708065
epigenomics_3073_sol2sanger_161,82.56022755055264,50.058938475140664
epigenomics_3073_sol2sanger_162,81.03202954042641,49.38368950250103
epigenomics_3073_sol2sanger_163,81.01432882230671,46.24512371255026
epigenomics_3073_sol2sanger_164,72.48181367941314,51.761989974534025
epigenomics_3073_sol2sanger_165,78.9128396448191,49.769207269310314
epigenomics_3073_sol2sanger_166,83.28421209629187,54.90203691361093
epigenomics_3073_sol2sanger_167,83.7530530096296,41.97716159183093
epigenomics_3073_sol2sanger_168,81.56990676950905,42.49719867506875
epigenomics_3073_sol2sanger_169,68.72887805684157,35.21987844443146
epigenomics_3073_sol2sanger_170,87.11041174510076,50.111987191878235
epigenomics_3073_sol2sanger_171,83.27557821948625,55.18262835792689
epigenomics_3073_sol2sanger_172,75.3785289822329,38.37729839139663
epigenomics_3073_sol2sanger_173,72.26998006773574,47.16490274330162
epigenomics_3073_sol2sanger_174,85.46375454307308,52.94984255590243
epigenomics_3073_sol2sanger_175,76.34361578490916,28.163306315410253
epigenomics_3073_sol2sanger_176,79.31498764686862,42.4222418202476
epigenomics_3073_sol2sanger_177,70.56564280484665,51.141822998321445
epigenomics_3073_sol2sanger_178,75.52770953823257,44.494067612719185
epigenomics_3073_sol2sanger_179,74.28916479097178,45.3010155294138
epigenomics_3073_sol2sanger_180,72.85371081721303,48.15502077809563
epigenomics_3073_sol2sanger_181,77.29192793436484,48.92553658590905
epigenomics_3073_sol2sanger_182,74.3144144380442,38.05479993262716
epigenomics_3073_sol2sanger_183,81.36154214196931,44.54335259194432
epigenomics_3073_sol2sanger_184,76.791730957504,41.7317683102627
epigenomics_3073_sol2sanger_185,87.15404655559193,49.514778105313866
epigenomics_3073_sol2sanger_186,81.79374401058284,49.13762732568891
epigenomics_3073_sol2sanger_187,76.21254212657728,37.59914303192793
epigenomics_3073_sol2sanger_188,78.42668608180033,52.18249104308012
epigenomics_3073_sol2sanger_189,64.67928910193629,35.900982380935794
epigenomics_3073_sol2sanger_190,79.12239428882954,33.058837253706784
epigenomics_3073_sol2sanger_191,73.0360929678146,47.46716619590456
epigenomics_3073_sol2sanger_192,84.64996063787439,56.5261270697142
epigenomics_3073_sol2sanger_193,80.48111970445787,39.383697712126995
epigenomics_3073_sol2sanger_194,73.67516675870792,36.68755056084572
epigenomics_3073_sol2sanger_195,76.26577418319023,44.00078725549137
epigenomics_3073_sol2sanger_196,72.30896440928451,49.26189159111873
epigenomics_3073_sol2sanger_197,82.296203472411,58.659061796861835
epigenomics_3073_sol2sanger_198,78.20738680092468,48.28810725693815
epigenomics_3073_sol2sanger_199,87.6197865453169,38.86951950077904
epigenomics_3073_sol2sanger_200,80.39012313481315,46.8663601936068
epigenomics_3073_sol2sanger_201,78.62258225419733,57.180814421696795
epigenomics_3073_sol2sanger_202,77.92238816622643,55.283858467698394
epigenomics_3073_sol2sanger_203,79.91923632837387,50.80445590345678
epigenomics_3073_sol2sanger_204,78.77977287518674,47.89945036027734
epigenomics_3073_sol2sanger_205,78.4938096495511,44.14251335972115
epigenomics_3073_sol2sanger_206,77.10754588488044,43.1497073651167
epigenomics_3073_sol2sanger_207,78.24834923577158,41.826528169354894
epigenomics_3073_sol2sanger_208,85.50668154690987,60.16937367549391
epigenomics_3073_sol2sanger_209,88.19384204628183,39.926098076767204
epigenomics_3073_sol2sanger_210,80.91655887101854,32.546678917995486
epigenomics_3073_sol2sanger_211,80.0482179970138,43.83985158895138
epigenomics_3073_sol2sanger_212,79.96236398366736,55.9180592951373
epigenomics_3073_sol2sanger_213,80.204255574146,36.89316424201726
epigenomics_3073_sol2sanger_214,81.43655298843477,37.73123891597575
epigenomics_3073_sol2sanger_215,74.15732197534737,48.00928344111588
epigenomics_3073_sol2sanger_216,74.05716617226778,45.18880806308698
epigenomics_3073_sol2sanger_217,79.41452814761013,35.29845025677449
epigenomics_3073_sol2sanger_218,79.15719958672338,45.650453591817936
epigenomics_3073_sol2sanger_219,78.30703764193528,30.510449432564045
epigenomics_3073_sol2sanger_220,78.4588081024229,38.95296273598069
epigenomics_3073_sol2sanger_221,79.55797703544839,41.51133932480356
epigenomics_3073_sol2sanger_222,70.19607365855607,42.46550040383638
epigenomics_3073_sol2sanger_223,86.47960486619542,51.04657330859327
epigenomics_3073_sol2sanger_224,79.34080038000837,28.141087620066276
epigenomics_3073_sol2sanger_225,78.48055007339327,39.15705012897166
epigenomics_3073_sol2sanger_226,71.59167856381187,46.894613749782685
epigenomics_3073_sol2sanger_227,78.62683665813219,43.011428436378225
epigenomics_3073_sol2sanger_228,78.71188964733385,50.97005195399319
epigenomics_3073_sol2sanger_229,79.28384679869114,58.01961860644375
epigenomics_3073_sol2sanger_230,74.91881174584462,61.63191657661905
epigenomics_3073_sol2sanger_231,80.94517910516632,49.76357188442904
epigenomics_3073_sol2sanger_232,85.0710617870879,47.60000127908403
epigenomics_3073_sol2sanger_233,81.84280605558648,36.53781920818206
epigenomics_3073_sol2sanger_234,75.90403844943225,55.52910300682643
epigenomics_3073_sol2sanger_235,85.79876241496605,37.39716151884295
epigenomics_3073_sol2sanger_236,84.06287409752376,42.847011574866876
epigenomics_3073_sol2sanger_237,72.29245940080808,51.14837326466682
epigenomics_3073_sol2sanger_238,83.76938045403753,38.099733097082535
epigenomics_3073_sol2sanger_239,83.75948771031358,66.3889413384411
epigenomics_3073_sol2sanger_240,74.2406036748882,57.58012572520517
epigenomics_3073_sol2sanger_241,80.48613804471276,49.6910765043974
epigenomics_3073_sol2sanger_242,82.45930067273153,59.571364242264146
epigenomics_3073_sol2sanger_243,78.96919559661414,58.187308507466156
epigenomics_3073_sol2sanger_244,73.17543904299731,50.040077593560454
epigenomics_3073_sol2sanger_245,83.70253944803237,43.19000534893306
epigenomics_3073_sol2sanger_246,79.17753268312846,51.92112704034129
epigenomics_3073_sol2sanger_247,90.35863294794444,42.94736202264368
epigenomics_3073_sol2sanger_248,83.22205550687602,30.85620223872325
epigenomics_3073_sol2sanger_249,82.0135920141454,48.28353887425821
epigenomics_3073_sol2sanger_250,78.46826330274214,52.96961136739852
epigenomics_3073_sol2sanger_251,81.98784437159968,49.93907004320226
epigenomics_3073_sol2sanger_252,70.04672350579325,50.99292616325666
epigenomics_3073_sol2sanger_253,83.1705824783058,45.54619396680767
epigenomics_3073_sol2sanger_254,72.44816884609244,45.522049432724316
epigenomics_3073_sol2sanger_255,75.14309329818295,44.071905721402
epigenomics_3073_sol2sanger_256,89.87121955013508,48.166689937441774
epigenomics_3073_sol2sanger_257,79.02966772335051,21.396304600397865
epigenomics_3073_sol2sanger_258,77.97235160817306,64.3758413790089
epigenomics_3073_sol2sanger_259,79.00204412207552,41.969772246260696
epigenomics_3073_sol2sanger_260,93.50923526555319,39.77942097655665
epigenomics_3073_sol2sanger_261,85.95542495450594,41.8916299320633
epigenomics_3073_sol2sanger_262,80.49061039229015,52.9290365250874
epigenomics_3073_sol2sanger_263,73.31106612325576,41.55038790205928
epigenomics_3073_sol2sanger_264,82.36186876078665,51.73835838972994
epigenomics_3073_sol2sanger_265,78.12887092550513,46.523982432799556
epigenomics_3073_sol2sanger_266,80.8068886067567,41.39949561700559
epigenomics_3073_sol2sanger_267,84.00781745584034,30.369865757126725
epigenomics_3073_sol2sanger_268,86.78023230499944,49.55341420611605
epigenomics_3073_sol2sanger_269,78.27752936587969,49.417311040847395
epigenomics_3073_sol2sanger_270,83.17559510425289,45.20137206857444
epigenomics_3073_sol2sanger_271,80.24863289696084,42.83962519224841
epigenomics_3073_sol2sanger_272,81.10774544462369,56.57105535712647
epigenomics_3073_sol2sanger_273,77.75813906337048,33.04758348015805
epigenomics_3073_sol2sanger_274,78.02085008882244,44.56103232748689
epigenomics_3073_sol2sanger_275,70.73482662432377,48.24860458777561
epigenomics_3073_sol2sanger_276,80.83618219085457,42.70560698141768
epigenomics_3073_sol2sanger_277,79.84095439803447,38.906369427415626
epigenomics_3073_sol2sanger_278,79.33193751470216,42.26772472638419
epigenomics_3073_sol2sanger_279,82.92303825121382,40.14767084155964
epigenomics_3073_sol2sanger_280,81.0361538589729,49.61223821591377
epigenomics_3073_sol2sanger_281,86.50730164754887,49.62345513124625
epigenomics_3073_sol2sanger_282,82.78615986345208,55.54645696570833
epigenomics_3073_sol2sanger_283,78.56037776928092,50.95707767469869
epigenomics_3073_sol2sanger_284,81.59311621147874,29.95129523191983
epigenomics_3073_sol2sanger_285,84.15693113011224,43.10699576993244
epigenomics_3073_sol2sanger_286,86.36899374835974,35.96199997049299
epigenomics_3073_sol2sanger_287,71.43199136742786,40.761231113102966
epigenomics_3073_sol2sanger_288,74.15005473279383,34.7564197932019
epigenomics_3073_sol2sanger_289,87.95436153408956,43.36414059313196
epigenomics_3073_sol2sanger_290,71.53726584043423,53.246408781969635
epigenomics_3073_sol2sanger_291,85.33317836370976,44.750241965055665
epigenomics_3073_sol2sanger_292,83.06480644425501,44.43315865573094
epigenomics_3073_sol2sanger_293,82.27407364501136,48.156332983261656
epigenomics_3073_sol2sanger_294,78.8124000189285,43.037021619101786
epigenomics_3073_sol2sanger_295,80.47878435271774,54.49128119008576
epigenomics_3073_sol2sanger_296,76.38706859537267,60.252523420014654
epigenomics_3073_sol2sanger_297,74.19076520063359,47.43686272726104
epigenomics_3073_sol2sanger_298,85.20719097187214,40.25008741097163
epigenomics_3073_sol2sanger_299,81.79904702878346,42.67245936528573
epigenomics_3073_sol2sanger_300,84.74558816158086,31.784568116422186
epigenomics_3073_sol2sanger_301,83.98824517350343,55.14907805907693
epigenomics_3073_sol2sanger_302,78.67682398204964,40.44626027195359
epigenomics_3073_sol2sanger_303,88.12842584781087,51.27150587967067
epigenomics_3073_sol2sanger_304,89.86829328081551,47.18056893735869
epigenomics_3073_sol2sanger_305,77.0841900061024,42.404022283233054
epigenomics_3073_sol2sanger_306,83.07296554563221,48.02692103984311
epigenomics_3073_sol2sanger_307,77.70296973284525,48.04577154606591
epigenomics_3073_sol2sanger_308,83.03862327671133,43.49782737308832
epigenomics_3073_sol2sanger_309,83.91447932382795,38.54766736332345
epigenomics_3073_sol2sanger_310,82.49297331547517,36.05978635211341
epigenomics_3073_sol2sanger_311,75.05203041217689,44.01583488203183
epigenomics_3073_sol2sanger_312,78.00590004687223,43.6453613757459
epigenomics_3073_sol2sanger_313,81.82349602579005,43.72083796546357
epigenomics_3073_sol2sanger_314,74.17797934385449,56.86894727253859
epigenomics_3073_sol2sanger_315,80.73223390557392,46.33507207323119
epigenomics_3073_sol2sanger_316,74.4580730104073,52.304940043547546
epigenomics_3073_sol2sanger_317,81.72890239996309,56.95403489476918
epigenomics_3073_sol2sanger_318,88.45359491327841,51.892565070168395
epigenomics_3073_sol2sanger_319,80.59825887931332,48.5045412001146
epigenomics_3073_sol2sanger_320,76.08682492429845,41.333516791117624
epigenomics_3073_sol2sanger_321,82.72739750803024,36.04660605660009
epigenomics_3073_sol2sanger_322,81.760408196824,47.03039576803797
epigenomics_3073_sol2sanger_323,77.73963184248488,31.239621591370998
epigenomics_3073_sol2sanger_324,77.08491970799162,41.06483543951184
epigenomics_3073_sol2sanger_325,76.70811062768087,54.07294454659953
epigenomics_3073_sol2sanger_326,87.82668897495508,50.378213294001405
epigenomics_3073_sol2sanger_327,74.4544177110472,68.98062127593352
epigenomics_3073_sol2sanger_328,82.7946179994227,40.167226961798264
epigenomics_3073_sol2sanger_329,80.46708657243022,37.794632571303254
epigenomics_3073_sol2sanger_330,73.79635195582495,38.16725399750514
epigenomics_3073_sol2sanger_331,76.27391664661685,39.764266562214345
epigenomics_3073_sol2sanger_332,82.14289713805131,44.51261978720514
epigenomics_3073_sol2sanger_333,78.37485541201484,38.71770992600333
epigenomics_3073_sol2sanger_334,78.01600554843714,47.046626490699616
epigenomics_3073_sol2sanger_335,88.60275141233122,61.12936151893054
epigenomics_3073_sol2sanger_336,89.4862775178657,44.253707848739595
epigenomics_3073_sol2sanger_337,76.33620563263449,41.04053482868844
epigenomics_3073_sol2sanger_338,80.63782862652843,52.68774547701601
epigenomics_3073_sol2sanger_339,78.25185563411637,37.84539670706622
epigenomics_3073_sol2sanger_340,90.16935394892816,38.60495364653729
epigenomics_3073_sol2sanger_341,87.63422866120966,50.19028135116632
epigenomics_3073_sol2sanger_342,80.89083670272271,40.78340517329968
epigenomics_3073_sol2sanger_343,82.8260869033268,47.17866017673189
epigenomics_3073_sol2sanger_344,74.0901484362472,42.940937136919466
epigenomics_3073_sol2sanger_345,76.69340657944045,48.15202695503251
epigenomics_3073_sol2sanger_346,73.40117317672488,48.73684389597029
epigenomics_3073_sol2sanger_347,78.62511094727816,39.89092740900184
epigenomics_3073_sol2sanger_348,86.32554153330113,44.976905847454084
epigenomics_3073_sol2sanger_349,85.0427691165221,31.56288133583056
epigenomics_3073_sol2sanger_350,81.42163179721824,49.79557911626215
epigenomics_3073_sol2sanger_351,76.48189512635916,43.07866344796946
epigenomics_3073_sol2sanger_352,85.63883926871658,45.92942808937905
epigenomics_3073_sol2sanger_353,88.4554671660133,41.05238535478701
epigenomics_3073_sol2sanger_354,85.67035876627553,37.77620481256557
epigenomics_3073_sol2sanger_355,78.64564014996117,52.94487248714805
epigenomics_3073_sol2sanger_356,80.09224699115792,51.16251983512798
epigenomics_3073_sol2sanger_357,78.90286327125702,51.58417270140331
epigenomics_3073_sol2sanger_358,85.83795373134623,37.70809596098819
epigenomics_3073_sol2sanger_359,89.1163604387261,43.62361524738429
epigenomics_3073_sol2sanger_360,82.96926237763871,42.779480987641165
epigenomics_3073_sol2sanger_361,88.47535888793107,43.51309974174911
epigenomics_3073_sol2sanger_362,86.96861803958078,55.83854722261244
epigenomics_3073_sol2sanger_363,78.76112829960113,41.971541889944234
epigenomics_3073_sol2sanger_364,81.41737166775509,36.82319238442949
epigenomics_3073_sol2sanger_365,91.84014368583968,31.762522356388892
epigenomics_3073_sol2sanger_366,87.35330210770807,40.81069983325541
epigenomics_3073_sol2sanger_367,83.05412120377036,35.992909244606636
epigenomics_3073_sol2sanger_368,79.39206979390445,47.30482825158529
epigenomics_3073_sol2sanger_369,84.9970051941294,61.96849588005851
epigenomics_3073_sol2sanger_370,84.73463372475052,41.80335711628672
epigenomics_3073_sol2sanger_371,75.87376659676697,31.791265129631896
epigenomics_3073_sol2sanger_372,80.94360082346583,41.755721398170934
epigenomics_3073_sol2sanger_373,77.61566699657973,33.81929048017879
epigenomics_3073_sol2sanger_374,82.66425178319629,33.64382298644264
epigenomics_3073_sol2sanger_375,68.79295566709732,56.04337289896373
epigenomics_3073_sol2sanger_376,73.66724337918562,46.7488658372058
epigenomics_3073_sol2sanger_377,78.64261049833318,44.0986869284128
epigenomics_3073_sol2sanger_378,77.98153559777727,43.07601265690343
epigenomics_3073_sol2sanger_379,91.53761999973808,57.80956126492174
epigenomics_3073_sol2sanger_380,86.408047690948,47.05066796532431
epigenomics_3073_sol2sanger_381,78.91207538763018,59.9025106341849
epigenomics_3073_sol2sanger_382,75.81274021978268,37.34484221844378
epigenomics_3073_sol2sanger_383,81.87622506785506,52.49116573641588
epigenomics_3073_sol2sanger_384,79.69725338029475,54.12293337905001
epigenomics_3073_sol2sanger_385,91.36299455739616,56.01991767649123
epigenomics_3073_sol2sanger_386,85.06798407651031,48.117279246549096
epigenomics_3073_sol2sanger_387,84.69762318190838,41.568052126497854
epigenomics_3073_sol2sanger_388,80.91970592382181,46.99709918004176
epigenomics_3073_sol2sanger_389,80.80962916333283,38.25578300051595
epigenomics_3073_sol2sanger_390,79.2579320899834,50.407308956496735
epigenomics_3073_sol2sanger_391,82.84459499879465,42.784059394018364
epigenomics_3073_sol2sanger_392,74.64010729185638,53.40171095052729
epigenomics_3073_sol2sanger_393,87.3851742108836,40.05516030191548
epigenomics_3073_sol2sanger_394,85.52109076038606,47.020075155285255
epigenomics_3073_sol2sanger_395,77.67803922979377,53.787810233324315
epigenomics_3073_sol2sanger_396,81.30423972756385,50.22154770081491
epigenomics_3073_sol2sanger_397,80.19756489348062,49.46671943109346
epigenomics_3073_sol2sanger_398,85.84104561514772,38.799395154172494
epigenomics_3073_sol2sanger_399,79.77012548193868,44.52892286575959
epigenomics_3073_sol2sanger_400,80.29738928170654,38.08061986778058
epigenomics_3073_sol2sanger_401,71.55337060487142,47.041143514037124
epigenomics_3073_sol2sanger_402,79.02067439173173,42.099106195173356
epigenomics_3073_sol2sanger_403,79.67324199387951,53.00520584088935
epigenomics_3073_sol2sanger_404,90.391041361803,50.19793871614851
epigenomics_3073_sol2sanger_405,85.14538744987347,44.272389524253875
epigenomics_3073_sol2sanger_406,78.39278795454624,56.49393765084663
epigenomics_3073_sol2sanger_407,83.23857748750272,49.20960293623066
epigenomics_3073_sol2sanger_408,83.60678801283764,41.88715281384869
epigenomics_3073_sol2sanger_409,85.16331158768274,46.74064860940037
epigenomics_3073_sol2sanger_410,83.58594692646793,43.70764392505061
epigenomics_3073_sol2sanger_411,80.15075624336005,47.348860958287084
epigenomics_3073_sol2sanger_412,73.70015940943443,52.09870530940275
epigenomics_3073_sol2sanger_413,78.07298300601056,52.15296724432701
epigenomics_3073_sol2sanger_414,80.9538033492976,43.33932432416348
epigenomics_3073_sol2sanger_415,84.46301345834614,42.34612069227784
epigenomics_3073_sol2sanger_416,73.31142522864974,40.42665354267474
epigenomics_3073_sol2sanger_417,75.72296367605982,36.318377652335776
epigenomics_3073_sol2sanger_418,73.19703029344157,31.97950060050788
epigenomics_3073_sol2sanger_419,84.06419019189146,48.315690614898955
epigenomics_3073_sol2sanger_420,81.6957557777969,54.75421899145451
epigenomics_3073_sol2sanger_421,80.81704995365322,45.17483952587581
epigenomics_3073_sol2sanger_422,87.04441096351722,25.87233488092167
epigenomics_3073_sol2sanger_423,80.32574998791952,41.24744176156784
epigenomics_3073_sol2sanger_424,74.46002393081473,37.05051875782162
epigenomics_3073_sol2sanger_425,81.42931325344074,49.1139432304835
epigenomics_3073_sol2sanger_426,77.3941415660237,44.57401257360698
epigenomics_3073_sol2sanger_427,86.12622486867052,44.43392591332759
epigenomics_3073_sol2sanger_428,76.54068996999952,41.517401565771664
epigenomics_3073_sol2sanger_429,76.71905458046514,49.55361348567651
epigenomics_3073_sol2sanger_430,83.81833094941734,55.51417184939143
epigenomics_3073_sol2sanger_431,75.35829077205406,45.065834943598574
epigenomics_3073_sol2sanger_432,85.86130541506827,42.77356448400303
epigenomics_3073_sol2sanger_433,83.30286440633378,43.62376212242296
epigenomics_3073_sol2sanger_434,80.36687193916441,42.71423949577482
epigenomics_3073_sol2sanger_435,82.65200027281055,55.728282718221095
epigenomics_3073_sol2sanger_436,85.57107571524794,42.052369766009164
epigenomics_3073_sol2sanger_437,85.60130833725427,40.317753151579296
epigenomics_3073_sol2sanger_438,81.38296861429781,46.69110305121655
epigenomics_3073_sol2sanger_439,82.89689474944083,18.99952844695256
epigenomics_3073_sol2sanger_440,72.97612484356297,47.659992520435694
epigenomics_3073_sol2sanger_441,73.89428872963617,60.535848580246395
epigenomics_3073_sol2sanger_442,84.19756906816814,51.76891979811463
epigenomics_3073_sol2sanger_443,76.46458095109642,45.133661342844874
epigenomics_3073_sol2sanger_444,82.822766589636,51.7420011745979
epigenomics_3073_sol2sanger_445,78.94177937883862,39.91404683123906
epigenomics_3073_sol2sanger_446,79.58575589586694,30.293347422029107
epigenomics_3073_sol2sanger_447,82.20401610224582,36.141205355787875
epigenomics_3073_sol2sanger_448,84.55499774974086,53.497095073212236
epigenomics_3073_sol2sanger_449,75.84052164215534,53.55882315924218
epigenomics_3073_sol2sanger_450,79.19459368936708,51.02115021681168
epigenomics_3073_sol2sanger_451,76.31710322006042,46.833503530081046
epigenomics_3073_sol2sanger_452,78.48144957324682,43.262981943234465
epigenomics_3073_sol2sanger_453,79.05398994276975,30.638513605765187
epigenomics_3073_sol2sanger_454,85.04998185375712,55.92877704120406
epigenomics_3073_sol2sanger_455,81.93491495677802,50.83336921610343
epigenomics_3073_sol2sanger_456,77.27189535467778,57.65910576442678
epigenomics_3073_sol2sanger_457,88.5921815863994,38.60296563532944
epigenomics_3073_sol2sanger_458,81.46592419096089,50.7697747012383
epigenomics_3073_sol2sanger_459,80.11761201370842,44.00742923603402
epigenomics_3073_sol2sanger_460,89.2170969794058,52.08989662405221
epigenomics_3073_sol2sanger_461,86.09534312057963,43.469880164451716
epigenomics_3073_sol2sanger_462,85.37395358224809,28.373426382139797
epigenomics_3073_sol2sanger_463,85.40079908827262,38.474531055271136
epigenomics_3073_sol2sanger_464,74.31927577523128,42.17137682171149
epigenomics_3073_sol2sanger_465,84.23477994247068,40.03547033785445
epigenomics_3073_sol2sanger_466,81.15086220800853,44.729916756359046
epigenomics_3073_sol2sanger_467,89.12884866573872,50.56358789422135
epigenomics_3073_sol2sanger_468,89.30686507007599,29.43695357351467
epigenomics_3073_sol2sanger_469,83.03296316972386,32.82624669332245
epigenomics_3073_sol2sanger_470,77.8071324882898,51.55701935725206
epigenomics_3073_sol2sanger_471,86.58355488164285,45.8066227355095
epigenomics_3073_sol2sanger_472,88.39134507348777,43.283988261241824
epigenomics_3073_sol2sanger_473,80.87369246026213,36.441517260604925
epigenomics_3073_sol2sanger_474,82.21808329739504,60.2298146454598
epigenomics_3073_sol2sanger_475,76.99400196680934,42.661581240748376
epigenomics_3073_sol2sanger_476,81.03340205584828,58.62256963087157
epigenomics_3073_sol2sanger_477,80.72702146687688,37.75758977300302
epigenomics_3073_sol2sanger_478,83.78707676191107,44.38130609919204
epigenomics_3073_sol2sanger_479,80.52261067296634,48.39176525691666
epigenomics_3073_sol2sanger_480,81.40739537001436,29.18563293776545
epigenomics_3073_sol2sanger_481,88.474152149904,43.54686555361205
epigenomics_3073_sol2sanger_482,74.78872956639205,43.41994314787015
epigenomics_3073_sol2sanger_483,77.7258040150742,45.971654893026155
epigenomics_3073_sol2sanger_484,76.47223406773975,45.13056237190297
epigenomics_3073_sol2sanger_485,85.87113324067192,36.69228359639497
epigenomics_3073_sol2sanger_486,66.30744731447486,42.41533525497849
epigenomics_3073_sol2sanger_487,81.89496172368975,46.25559860962836
epigenomics_3073_sol2sanger_488,68.73077918634169,43.25668737027515
epigenomics_3073_sol2sanger_489,76.80328655621253,43.77622058502474
epigenomics_3073_sol2sanger_490,80.10950398368772,38.90402636202699
epigenomics_3073_sol2sanger_491,79.13484255894436,39.14372835348486
epigenomics_3073_sol2sanger_492,80.7929001138441,40.035385602413875
epigenomics_3073_sol2sanger_493,74.65527066417268,53.35452844142328
epigenomics_3073_sol2sanger_494,80.35730000520154,56.81325031041449
epigenomics_3073_sol2sanger_495,85.84029268478653,52.698804109336535
epigenomics_3073_sol2sanger_496,73.12816520390054,30.24023579001691
epigenomics_3073_sol2sanger_497,82.98904467178406,43.47223018263983
epigenomics_3073_sol2sanger_498,70.97000775697846,49.75401849383175
epigenomics_3073_sol2sanger_499,83.08422496140564,38.63462305576954
epigenomics_3073_fast2bfq_0,47.80180592261379,73.50640868059135
epigenomics_3073_fast2bfq_1,49.332276491460895,80.50684998025723
epigenomics_3073_fast2bfq_2,49.7942897089543,84.5707673706857
epigenomics_3073_fast2bfq_3,40.5876754778947,67.10235841515535
epigenomics_3073_fast2bfq_4,46.442628292944434,75.60211972734396
epigenomics_3073_fast2bfq_5,48.582294947700895,72.59692741825795
epigenomics_3073_fast2bfq_6,37.08543541165875,84.22507486178782
epigenomics_3073_fast2bfq_7,36.8707018085053,67.8115788876943
epigenomics_3073_fast2bfq_8,57.74018778931178,77.90104974930185
epigenomics_3073_fast2bfq_9,49.11982062994189,82.069399963408
epigenomics_3073_fast2bfq_10,45.32891292297782,76.37513806310456
epigenomics_3073_fast2bfq_11,46.94405833852521,71.76890224158613
epigenomics_3073_fast2bfq_12,53.39455200723386,81.95145503605832
epigenomics_3073_fast2bfq_13,51.750695040177305,92.99441009745509
epigenomics_3073_fast2bfq_14,48.17987357039943,80.22922887386682
epigenomics_3073_fast2bfq_15,55.146836122614225,81.29407316304066
epigenomics_3073_fast2bfq_16,35.54315560224049,91.7083836536644
epigenomics_3073_fast2bfq_17,48.19567476509697,85.48828773698686
epigenomics_3073_fast2bfq_18,39.79308675198998,78.63739004934635
epigenomics_3073_fast2bfq_19,41.9525734496277,82.35938830059732
epigenomics_3073_fast2bfq_20,39.403610523613054,68.8897400132126
epigenomics_3073_fast2bfq_21,55.21028493867118,82.15069622489787
epigenomics_3073_fast2bfq_22,44.11885853717524,76.0540383820719
epigenomics_3073_fast2bfq_23,52.14830513069449,81.04284712605644
epigenomics_3073_fast2bfq_24,42.61831501788747,73.67120061125995
epigenomics_3073_fast2bfq_25,46.236247868144446,78.3680866440831
epigenomics_3073_fast2bfq_26,36.157439438083216,80.3140778085524
epigenomics_3073_fast2bfq_27,51.138350753336105,86.95136280910998
epigenomics_3073_fast2bfq_28,41.997960958134584,66.23427322863434
epigenomics_3073_fast2bfq_29,37.39681918868693,87.37052591333878
epigenomics_3073_fast2bfq_30,38.449236012020336,81.51420754534553
epigenomics_3073_fast2bfq_31,44.04842147372588,75.37219239736397
epigenomics_3073_fast2bfq_32,42.6429527802296,75.1713822512481
epigenomics_3073_fast2bfq_33,44.330474339660114,80.97704148520056
epigenomics_3073_fast2bfq_34,46.28108829302258,91.14844929482109
epigenomics_3073_fast2bfq_35,39.17419291629814,84.348093523156
epigenomics_3073_fast2bfq_36,39.41055903025225,68.76111250817908
epigenomics_3073_fast2bfq_37,53.03397645575868,78.03873249308299
epigenomics_3073_fast2bfq_38,46.2928220125864,77.5534778141593
epigenomics_3073_fast2bfq_39,48.5554884055376,82.8557737945347
epigenomics_3073_fast2bfq_40,43.13632098676124,69.46686312270009
epigenomics_3073_fast2bfq_41,48.369710992187066,73.28103434598208
epigenomics_3073_fast2bfq_42,35.88562509768679,68.71864506158786
epigenomics_3073_fast2bfq_43,33.77093939350217,99.56389877162937
epigenomics_3073_fast2bfq_44,41.88475437322768,69.75708315784875
epigenomics_3073_fast2bfq_45,46.057282630151114,72.06510389032172
epigenomics_3073_fast2bfq_46,39.35000240289457,81.27616338958559
epigenomics_3073_fast2bfq_47,45.73464214351412,81.08300704995291
epigenomics_3073_fast2bfq_48,47.25843719741658,75.84884590143663
epigenomics_3073_fast2bfq_49,43.326188890995326,80.68569035555095
epigenomics_3073_fast2bfq_50,45.171861957730506,83.97713004972053
epigenomics_3073_fast2bfq_51,47.33472676205935,87.92461892558174
epigenomics_3073_fast2bfq_52,39.56131465211453,89.0884041909354
epigenomics_3073_fast2bfq_53,57.64743686042495,87.71705396521675
epigenomics_3073_fast2bfq_54,50.462468085470235,86.3173557328421
epigenomics_3073_fast2bfq_55,54.50435490873591,67.70820160200016
epigenomics_3073_fast2bfq_56,54.46514975911955,84.33953525773137
epigenomics_3073_fast2bfq_57,49.22865625793986,77.80235178816494
epigenomics_3073_fast2bfq_58,48.986496165053246,77.55304854342516
epigenomics_3073_fast2bfq_59,34.60782528617415,82.72989233498032
epigenomics_3073_fast2bfq_60,40.28447143096912,78.87277272864861
epigenomics_3073_fast2bfq_61,52.74487547979692,80.82191799563435
epigenomics_3073_fast2bfq_62,43.304062406562274,85.56597516228372
epigenomics_3073_fast2bfq_63,46.2781209997365,84.83755722030142
epigenomics_3073_fast2bfq_64,45.567304059299175,71.77933366318193
epigenomics_3073_fast2bfq_65,42.80801638731395,77.82226993468134
epigenomics_3073_fast2bfq_66,50.87896546344345,75.52092016827264
epigenomics_3073_fast2bfq_67,54.278268218658155,79.68874071800674
epigenomics_3073_fast2bfq_68,52.028201125073295,77.579343822762
epigenomics_3073_fast2bfq_69,49.59348522273419,74.88369585279808
epigenomics_3073_fast2bfq_70,40.65505400475594,92.80580451103424
epigenomics_3073_fast2bfq_71,36.07578566998427,62.32177808767727
epigenomics_3073_fast2bfq_72,38.83587067718041,72.16111651415933
epigenomics_3073_fast2bfq_73,46.50391126991272,74.27649460728824
epigenomics_3073_fast2bfq_74,48.83856825421789,88.6475940758527
epigenomics_3073_fast2bfq_75,54.28692310134258,90.63752645287478
epigenomics_3073_fast2bfq_76,46.00714305544675,83.56180656113969
epigenomics_3073_fast2bfq_77,44.50065283565458,83.00693592438289
epigenomics_3073_fast2bfq_78,44.72613982197021,84.2753338547764
epigenomics_3073_fast2bfq_79,44.19749634310319,72.49556986804524
epigenomics_3073_fast2bfq_80,40.65953781695096,82.68977914245932
epigenomics_3073_fast2bfq_81,46.689181902880726,80.0989428137352
epigenomics_3073_fast2bfq_82,47.5199400417355,85.2596727470495
epigenomics_3073_fast2bfq_83,42.787116729913784,81.06967837110392
epigenomics_3073_fast2bfq_84,43.73418083404141,80.04611553479981
epigenomics_3073_fast2bfq_85,49.12008746761063,78.42695157906144
epigenomics_3073_fast2bfq_86,41.892652271439566,90.2178784943653
epigenomics_3073_fast2bfq_87,46.12932402578864,78.79704252687134
epigenomics_3073_fast2bfq_88,35.476987129587826,84.62764405974784
epigenomics_3073_fast2bfq_89,39.26082621858455,78.48172552511075
epigenomics_3073_fast2bfq_90,49.290766520760634,75.82389114778977
epigenomics_3073_fast2bfq_91,40.369034524338126,70.58205234871514
epigenomics_3073_fast2bfq_92,52.34252957609253,94.89391177886519
epigenomics_3073_fast2bfq_93,36.235701218929634,73.80237406656151
epigenomics_3073_fast2bfq_94,52.36879289171739,89.46180508988746
epigenomics_3073_fast2bfq_95,46.75808441966545,71.57801384507422
epigenomics_3073_fast2bfq_96,49.89947816349923,61.35160302209794
epigenomics_3073_fast2bfq_97,42.323497031122926,69.98661735837517
epigenomics_3073_fast2bfq_98,33.557254982802505,79.1232145421415
epigenomics_3073_fast2bfq_99,44.98758560191556,83.3043452013794
epigenomics_3073_fast2bfq_100,58.06534333074416,77.83005048947769
epigenomics_3073_fast2bfq_101,40.63939324588728,89.46923446612776
epigenomics_3073_fast2bfq_102,39.1940684644772,86.79921346989957
epigenomics_3073_fast2bfq_103,37.725231792390026,76.83327180236445
epigenomics_3073_fast2bfq_104,58.650329659941406,86.47192214559071
epigenomics_3073_fast2bfq_105,43.89379515636672,85.77606786115179
epigenomics_3073_fast2bfq_106,51.94042759350155,86.94214434209293
epigenomics_3073_fast2bfq_107,40.052600893643785,80.81366525230429
epigenomics_3073_fast2bfq_108,46.49841672850609,85.21006891340127
epigenomics_3073_fast2bfq_109,48.68864862313751,74.22076353580579
epigenomics_3073_fast2bfq_110,52.99557439397909,82.85783359785043
epigenomics_3073_fast2bfq_111,42.83064908452014,75.35823564400162
epigenomics_3073_fast2bfq_112,53.9423553820414,85.59864499425412
epigenomics_3073_fast2bfq_113,47.26195262068796,79.9578177480849
epigenomics_3073_fast2bfq_114,45.92737343272284,85.08071017953617
epigenomics_3073_fast2bfq_115,41.08626969944488,78.00554346950308
epigenomics_3073_fast2bfq_116,29.7350029335033,83.15330770060778
epigenomics_3073_fast2bfq_117,53.13008752099178,84.2971503650006
epigenomics_3073_fast2bfq_118,49.4310440939455,73.86546955109509
epigenomics_3073_fast2bfq_119,44.99161798383726,81.62927489217034
epigenomics_3073_fast2bfq_120,51.976985565044956,73.72820983439658
epigenomics_3073_fast2bfq_121,42.64509418464755,88.61604602017312
epigenomics_3073_fast2bfq_122,48.47534294464129,76.46415457109347
epigenomics_3073_fast2bfq_123,37.03562733906355,77.66751684242148
epigenomics_3073_fast2bfq_124,40.68561031967161,83.89093047851566
epigenomics_3073_fast2bfq_125,38.33765465101137,92.67213263170898
epigenomics_3073_fast2bfq_126,51.65315427168676,73.35978946078738
epigenomics_3073_fast2bfq_127,44.87685601420759,77.30715906883549
epigenomics_3073_fast2bfq_128,53.429857207350594,89.05929018479877
epigenomics_3073_fast2bfq_129,40.91181743557954,83.73328736095463
epigenomics_3073_fast2bfq_130,37.19489100660598,85.86733733568548
epigenomics_3073_fast2bfq_131,45.81257017326802,85.38383982453591
epigenomics_3073_fast2bfq_132,56.85646121515205,75.9280370743754
epigenomics_3073_fast2bfq_133,54.80128579107446,70.82507919447744
epigenomics_3073_fast2bfq_134,52.663719516616226,75.60211729282926
epigenomics_3073_fast2bfq_135,52.80127021846812,77.03540208914328
epigenomics_3073_fast2bfq_136,49.61166638976311,84.57797995035139
epigenomics_3073_fast2bfq_137,34.51940786218961,73.6184228319189
epigenomics_3073_fast2bfq_138,46.52945556708994,74.66953729442068
epigenomics_3073_fast2bfq_139,48.620274852843096,78.80430132920739
epigenomics_3073_fast2bfq_140,35.375886932246914,79.173760055942
epigenomics_3073_fast2bfq_141,35.624354322761285,75.6788279614906
epigenomics_3073_fast2bfq_142,37.8452869276878,75.85461908144876
epigenomics_3073_fast2bfq_143,40.90028744893173,80.91286060125667
epigenomics_3073_fast2bfq_144,28.791630808825584,92.73727198339259
epigenomics_3073_fast2bfq_145,38.80393913390433,63.09446954582009
epigenomics_3073_fast2bfq_146,58.27661368767005,82.61603554238718
epigenomics_3073_fast2bfq_147,53.41451073711614,75.4752768881277
epigenomics_3073_fast2bfq_148,34.7002343271849,79.29965334635412
epigenomics_3073_fast2bfq_149,50.29366840364621,89.06957690944944
epigenomics_3073_fast2bfq_150,46.979994627228564,79.72938024662339
epigenomics_3073_fast2bfq_151,50.32634607843648,73.04343880493525
epigenomics_3073_fast2bfq_152,46.31976972079057,79.6414893544724
epigenomics_3073_fast2bfq_153,49.66712659154302,74.24073738660579
epigenomics_3073_fast2bfq_154,41.36239785568415,86.13353036912375
epigenomics_3073_fast2bfq_155,39.626681514998005,84.46073689304333
epigenomics_3073_fast2bfq_156,47.315303443806265,84.7681120635408
epigenomics_3073_fast2bfq_157,38.13599497747706,72.05289590804772
epigenomics_3073_fast2bfq_158,41.74225706788834,76.59808083662068
epigenomics_3073_fast2bfq_159,49.89082069818083,66.7446912947693
epigenomics_3073_fast2bfq_160,46.915043951119365,63.92414339221932
epigenomics_3073_fast2bfq_161,44.42744567640253,80.75959595186107
epigenomics_3073_fast2bfq_162,47.62923572838838,75.21590065057362
epigenomics_3073_fast2bfq_163,42.25476673656604,75.16990802290975
epigenomics_3073_fast2bfq_164,50.96008604941541,81.28385195581473
epigenomics_3073_fast2bfq_165,41.481922911048144,85.87516770489306
epigenomics_3073_fast2bfq_166,44.520415243781535,83.03577392756561
epigenomics_3073_fast2bfq_167,31.408200652321092,81.17631563329313
epigenomics_3073_fast2bfq_168,43.10304143718183,79.88034811885812
epigenomics_3073_fast2bfq_169,39.707586016064276,87.5616361324796
epigenomics_3073_fast2bfq_170,47.40144320532095,66.8223589402855
epigenomics_3073_fast2bfq_171,48.86604397213355,75.5661175057939
epigenomics_3073_fast2bfq_172,42.12931762381818,98.49460100803296
epigenomics_3073_fast2bfq_173,46.68977261851717,82.01949413685671
epigenomics_3073_fast2bfq_174,43.50606848489254,85.62700002366039
epigenomics_3073_fast2bfq_175,36.38616255209605,78.62519449415977
epigenomics_3073_fast2bfq_176,44.57811945108938,81.65779729274547
epigenomics_3073_fast2bfq_177,52.98597765271927,81.44595408424114
epigenomics_3073_fast2bfq_178,40.65989469342778,67.76549442325047
epigenomics_3073_fast2bfq_179,45.680521193582734,67.81945113099381
epigenomics_3073_fast2bfq_180,52.51543881773732,82.47358042537063
epigenomics_3073_fast2bfq_181,39.28773138445338,83.56410337765142
epigenomics_3073_fast2bfq_182,42.64004826543008,72.53539414512858
epigenomics_3073_fast2bfq_183,39.124072486316834,82.81916278612759
epigenomics_3073_fast2bfq_184,42.22354259663,81.52289096063188
epigenomics_3073_fast2bfq_185,33.22622761676915,69.78824672949655
epigenomics_3073_fast2bfq_186,42.71653742668558,66.83996546272077
epigenomics_3073_fast2bfq_187,29.662659172802066,68.08002260748451
epigenomics_3073_fast2bfq_188,44.76119396964559,93.00711506159989
epigenomics_3073_fast2bfq_189,46.61827111944305,86.45640764221898
epigenomics_3073_fast2bfq_190,38.02417269390966,76.34780600709739
epigenomics_3073_fast2bfq_191,38.416105350156954,73.21107166902479
epigenomics_3073_fast2bfq_192,42.82130157671749,83.6895812669455
epigenomics_3073_fast2bfq_193,45.349284693471745,78.86973058988794
epigenomics_3073_fast2bfq_194,39.05570762473535,82.19885218050874
epigenomics_3073_fast2bfq_195,53.396696125623535,94.99116142672074
epigenomics_3073_fast2bfq_196,50.59697884933317,84.87715830745248
epigenomics_3073_fast2bfq_197,36.91963332454281,81.93568154747821
epigenomics_3073_fast2bfq_198,31.665893752249517,83.47527055035962
epigenomics_3073_fast2bfq_199,47.497326587702666,71.09342784874781
epigenomics_3073_fast2bfq_200,44.23011687800651,83.6706823661501
epigenomics_3073_fast2bfq_201,44.059253842380066,80.8881144173022
epigenomics_3073_fast2bfq_202,59.46129714331009,85.54931329888261
epigenomics_3073_fast2bfq_203,44.557867486781745,73.17665230898143
epigenomics_3073_fast2bfq_204,44.30030802885013,72.68354413452273
epigenomics_3073_fast2bfq_205,56.431410929406844,79.20631439241353
epigenomics_3073_fast2bfq_206,44.23129414727342,78.19139936770974
epigenomics_3073_fast2bfq_207,43.285492341885195,78.97642046834221
epigenomics_3073_fast2bfq_208,46.21086904565648,87.88488080992472
epigenomics_3073_fast2bfq_209,48.52498195916425,94.40399706946266
epigenomics_3073_fast2bfq_210,43.26026701806842,87.58729512864633
epigenomics_3073_fast2bfq_211,40.4998454288927,87.75656733877679
epigenomics_3073_fast2bfq_212,47.0624077110069,86.5459351528524
epigenomics_3073_fast2bfq_213,54.96200235404049,78.61748562520263
epigenomics_3073_fast2bfq_214,52.111666886785905,81.15515083581968
epigenomics_3073_fast2bfq_215,41.44887925432072,89.22011847870162
epigenomics_3073_fast2bfq_216,33.64976007878309,77.50216127828965
epigenomics_3073_fast2bfq_217,42.84760011329126,69.75053891609619
epigenomics_3073_fast2bfq_218,46.538012638735196,63.85818102234284
epigenomics_3073_fast2bfq_219,45.679113176111386,76.4991922400052
epigenomics_3073_fast2bfq_220,38.08199768175954,90.80038082439992
epigenomics_3073_fast2bfq_221,51.73766977616327,84.2349427646344
epigenomics_3073_fast2bfq_222,36.80875456192432,88.49338752042816
epigenomics_3073_fast2bfq_223,43.808548455992096,70.83601207923047
epigenomics_3073_fast2bfq_224,32.14147177017284,69.88559157836569
epigenomics_3073_fast2bfq_225,55.35381040354832,73.07061243367609
epigenomics_3073_fast2bfq_226,50.35730160685082,66.46670157653031
epigenomics_3073_fast2bfq_227,44.573976595290276,81.07498196095422
epigenomics_3073_fast2bfq_228,42.69431227437723,71.60946154295132
epigenomics_3073_fast2bfq_229,36.5841509115878,75.4865560913747
epigenomics_3073_fast2bfq_230,44.09578562550132,84.53095463502105
epigenomics_3073_fast2bfq_231,38.46135714841833,75.1519755660199
epigenomics_3073_fast2bfq_232,37.36614167286013,84.71974493732074
epigenomics_3073_fast2bfq_233,58.51034870966673,76.2888221635535
epigenomics_3073_fast2bfq_234,48.71473468861109,77.39119731998038
epigenomics_3073_fast2bfq_235,38.88528989429182,89.21313386802778
epigenomics_3073_fast2bfq_236,59.849100754238535,81.70782713041181
epigenomics_3073_fast2bfq_237,50.94484679643561,83.36344468169142
epigenomics_3073_fast2bfq_238,45.366565814695825,83.41201376813717
epigenomics_3073_fast2bfq_239,36.5279080459414,74.48335903842383
epigenomics_3073_fast2bfq_240,42.52769675099431,88.49231775310105
epigenomics_3073_fast2bfq_241,52.42561908434144,93.53950998881731
epigenomics_3073_fast2bfq_242,42.05236618009049,76.39985826849703
epigenomics_3073_fast2bfq_243,46.03056908605402,84.3001256930309
epigenomics_3073_fast2bfq_244,52.79224577605534,80.03736155555333
epigenomics_3073_fast2bfq_245,51.99069261623337,81.3696530860214
epigenomics_3073_fast2bfq_246,48.76408423024374,78.15110524627562
epigenomics_3073_fast2bfq_247,36.56154781896041,92.48192746620329
epigenomics_3073_fast2bfq_248,40.49775806378221,77.39477795343943
epigenomics_3073_fast2bfq_249,42.615667952846415,69.90497510956033
epigenomics_3073_fast2bfq_250,43.14030239709,91.3829155141713
epigenomics_3073_fast2bfq_251,53.233808534346245,83.55470235258569
epigenomics_3073_fast2bfq_252,51.61596429407324,72.69412266301302
epigenomics_3073_fast2bfq_253,58.52022040809375,76.97329125847807
epigenomics_3073_fast2bfq_254,45.76273226333621,69.40889094509691
epigenomics_3073_fast2bfq_255,44.239939682537575,81.4589281361139
epigenomics_3073_fast2bfq_256,56.303704525142074,76.3476209365203
epigenomics_3073_fast2bfq_257,44.99632240024181,76.0599641369487
epigenomics_3073_fast2bfq_258,45.54764531918062,85.20702419274407
epigenomics_3073_fast2bfq_259,56.10989512779181,83.91340282285258
epigenomics_3073_fast2bfq_260,43.48146166158235,71.8609205596524
epigenomics_3073_fast2bfq_261,50.40394274619695,77.14724301662079
epigenomics_3073_fast2bfq_262,41.97460800755622,89.20699498092526
epigenomics_3073_fast2bfq_263,45.75851329716225,78.1890983044558
epigenomics_3073_fast2bfq_264,46.015029410754245,79.83452873485345
epigenomics_3073_fast2bfq_265,56.683721889835034,73.84974998164664
epigenomics_3073_fast2bfq_266,54.31205930523892,89.38642330444385
epigenomics_3073_fast2bfq_267,37.52304543752997,83.60674709192035
epigenomics_3073_fast2bfq_268,38.95987811756455,72.78371976682539
epigenomics_3073_fast2bfq_269,33.4605241368534,89.88162587579443
epigenomics_3073_fast2bfq_270,49.45399548352894,65.38762849167283
epigenomics_3073_fast2bfq_271,39.39951356396071,84.14034675561852
epigenomics_3073_fast2bfq_272,47.074020174745094,87.98296348294316
epigenomics_3073_fast2bfq_273,46.19862504050026,79.49039949659094
epigenomics_3073_fast2bfq_274,38.82620900434302,78.10769032530337
epigenomics_3073_fast2bfq_275,40.57129997757015,75.01388791713379
epigenomics_3073_fast2bfq_276,45.26609298155581,84.79907278203781
epigenomics_3073_fast2bfq_277,47.88339940650089,76.80483037478598
epigenomics_3073_fast2bfq_278,36.88663226034726,82.2574863468983
epigenomics_3073_fast2bfq_279,52.35549092042364,82.92090452049538
epigenomics_3073_fast2bfq_280,58.15663984644301,71.17607451142504
epigenomics_3073_fast2bfq_281,49.40388800313504,77.18527284704248
epigenomics_3073_fast2bfq_282,40.86790089317788,85.41969679298074
epigenomics_3073_fast2bfq_283,42.019115830983736,71.27747909844118
epigenomics_3073_fast2bfq_284,37.717882173917594,91.85705747637891
epigenomics_3073_fast2bfq_285,47.39174095062851,70.69851678417766
epigenomics_3073_fast2bfq_286,43.757900807901464,88.52282845882888
epigenomics_3073_fast2bfq_287,46.71055276396772,83.83021217218801
epigenomics_3073_fast2bfq_288,41.173905302933704,80.80871486129371
epigenomics_3073_fast2bfq_289,36.25664639919333,84.87502091866627
epigenomics_3073_fast2bfq_290,43.83676664116507,81.50992779347337
epigenomics_3073_fast2bfq_291,43.00958374340775,89.24655981913209
epigenomics_3073_fast2bfq_292,50.26949688192148,70.25944945428316
epigenomics_3073_fast2bfq_293,43.98215773754522,77.24264614975827
epigenomics_3073_fast2bfq_294,43.70627665501114,76.44553573842256
epigenomics_3073_fast2bfq_295,40.10733993468549,78.42497972572879
epigenomics_3073_fast2bfq_296,46.86798534016326,77.33500338396142
epigenomics_3073_fast2bfq_297,42.70728314616036,76.61267303319833
epigenomics_3073_fast2bfq_298,42.84310173423401,81.12833539236736
epigenomics_3073_fast2bfq_299,47.31086613660888,83.93955009195676
epigenomics_3073_fast2bfq_300,40.01262725127453,86.09072830695906
epigenomics_3073_fast2bfq_301,36.29503124108222,85.12316169630802
epigenomics_3073_fast2bfq_302,48.43219292233945,83.33855787054902
epigenomics_3073_fast2bfq_303,48.36138781048991,84.77850418659182
epigenomics_3073_fast2bfq_304,44.61939746335784,84.34401038278669
epigenomics_3073_fast2bfq_305,51.989408945203245,63.9342049417219
epigenomics_3073_fast2bfq_306,47.385738365999195,80.10182105983462
epigenomics_3073_fast2bfq_307,47.04323497027199,80.89630644326938
epigenomics_3073_fast2bfq_308,41.26336319788352,81.88788034020308
epigenomics_3073_fast2bfq_309,30.475423011850467,81.11732362507968
epigenomics_3073_fast2bfq_310,50.09839028671074,80.73267364883709
epigenomics_3073_fast2bfq_311,36.40312686436082,72.37303815098065
epigenomics_3073_fast2bfq_312,44.3331019247392,79.39125234165843
epigenomics_3073_fast2bfq_313,43.2070773213438,75.29170322944643
epigenomics_3073_fast2bfq_314,49.0816589954303,76.6226075674406
epigenomics_3073_fast2bfq_315,51.391505932700404,80.55388320657967
epigenomics_3073_fast2bfq_316,43.748081351906286,74.38444675010196
epigenomics_3073_fast2bfq_317,40.437656886435704,72.70058538871353
epigenomics_3073_fast2bfq_318,42.14703980770508,84.41489824841112
epigenomics_3073_fast2bfq_319,44.00856987853062,81.92145203384419
epigenomics_3073_fast2bfq_320,40.33317636254347,80.51306652652956
epigenomics_3073_fast2bfq_321,39.11393475974883,111.60741273590035
epigenomics_3073_fast2bfq_322,49.13052386683363,76.31428903688087
epigenomics_3073_fast2bfq_323,53.81388760959328,92.90254874708877
epigenomics_3073_fast2bfq_324,41.729149176986574,74.65218242882126
epigenomics_3073_fast2bfq_325,49.28875716941811,82.00673256749289
epigenomics_3073_fast2bfq_326,35.692203995474785,88.54039409273516
epigenomics_3073_fast2bfq_327,43.65488468691728,78.60461279510452
epigenomics_3073_fast2bfq_328,44.74534342497413,75.86711008167872
epigenomics_3073_fast2bfq_329,49.641333696496446,80.10341224852641
epigenomics_3073_fast2bfq_330,31.655260632493917,75.93767660676009
epigenomics_3073_fast2bfq_331,66.15704171999721,65.04600702793601
epigenomics_3073_fast2bfq_332,45.84034423676284,79.7374017955891
epigenomics_3073_fast2bfq_333,47.2894184208558,77.0868746589541
epigenomics_3073_fast2bfq_334,48.654945823563686,87.00836126875811
epigenomics_3073_fast2bfq_335,32.72980533558734,80.2648195412682
epigenomics_3073_fast2bfq_336,45.96324480600252,80.78005261551716
epigenomics_3073_fast2bfq_337,51.66204933324785,84.87724458277293
epigenomics_3073_fast2bfq_338,43.84939821661741,85.49338603351562
epigenomics_3073_fast2bfq_339,44.368663410456605,77.2408619562963
epigenomics_3073_fast2bfq_340,48.778889476864556,66.10123286880703
epigenomics_3073_fast2bfq_341,38.40488494880408,62.92091539924505
epigenomics_3073_fast2bfq_342,54.933459446941804,81.49857617773868
epigenomics_3073_fast2bfq_343,40.85964992083247,95.18827351878274
epigenomics_3073_fast2bfq_344,46.59270237765064,88.36824175714828
epigenomics_3073_fast2bfq_345,45.3276609467578,73.45165236489343
epigenomics_3073_fast2bfq_346,31.14683984933103,75.45742453906817
epigenomics_3073_fast2bfq_347,46.921695160223024,71.50604135625639
epigenomics_3073_fast2bfq_348,54.43592139740865,85.29311524349924
epigenomics_3073_fast2bfq_349,57.22489517430899,86.87141223447534
epigenomics_3073_fast2bfq_350,47.42288721180954,79.18072727075038
epigenomics_3073_fast2bfq_351,47.522623691264705,83.23477256846733
epigenomics_3073_fast2bfq_352,59.073564882027526,84.33755865307933
epigenomics_3073_fast2bfq_353,51.16988227635259,87.8924604495774
epigenomics_3073_fast2bfq_354,40.778790466755844,75.1602163988142
epigenomics_3073_fast2bfq_355,35.873501555212215,72.78120831987292
epigenomics_3073_fast2bfq_356,54.74657060590006,89.38169450502544
epigenomics_3073_fast2bfq_357,59.36056834498568,71.29570716514958
epigenomics_3073_fast2bfq_358,48.98968005960616,81.571245314947
epigenomics_3073_fast2bfq_359,57.49198019647693,76.8422047217335
epigenomics_3073_fast2bfq_360,39.161368225358956,81.86230906202115
epigenomics_3073_fast2bfq_361,40.007459382023455,81.76400988157926
epigenomics_3073_fast2bfq_362,52.962209712982556,80.767116493357
epigenomics_3073_fast2bfq_363,40.62466013927253,78.22327857252426
epigenomics_3073_fast2bfq_364,44.03232771582956,72.03166072242576
epigenomics_3073_fast2bfq_365,45.367165675220896,71.51061935913226
epigenomics_3073_fast2bfq_366,47.477611746109964,83.82992555053396
epigenomics_3073_fast2bfq_367,39.458227712600134,82.57048875588252
epigenomics_3073_fast2bfq_368,37.32862810400268,88.12620947069237
epigenomics_3073_fast2bfq_369,35.809915322666654,83.22755387141576
epigenomics_3073_fast2bfq_370,42.680394271381466,77.22973818519311
epigenomics_3073_fast2bfq_371,47.78740450780872,73.29792043587895
epigenomics_3073_fast2bfq_372,53.26710862969732,73.74349300415022
epigenomics_3073_fast2bfq_373,45.7594108494754,78.03647176995221
epigenomics_3073_fast2bfq_374,40.87632106892936,86.5352431155724
epigenomics_3073_fast2bfq_375,37.32500634373346,91.10558403970904
epigenomics_3073_fast2bfq_376,45.698100607992146,78.47798740928613
epigenomics_3073_fast2bfq_377,48.229415167136246,87.37069931886151
epigenomics_3073_fast2bfq_378,49.42530526044226,86.79864158180503
epigenomics_3073_fast2bfq_379,59.23213030163049,78.15931582779938
epigenomics_3073_fast2bfq_380,40.33236600654291,76.33052282369172
epigenomics_3073_fast2bfq_381,38.71311826606363,80.52526014703668
epigenomics_3073_fast2bfq_382,52.607484840215044,84.80106836573172
epigenomics_3073_fast2bfq_383,39.98700069002579,94.59574872933487
epigenomics_3073_fast2bfq_384,36.800982449103316,82.18901091479704
epigenomics_3073_fast2bfq_385,56.66390964677957,74.41884976205499
epigenomics_3073_fast2bfq_386,38.28681734214985,90.73066201262438
epigenomics_3073_fast2bfq_387,50.943598601852166,70.71473683749953
epigenomics_3073_fast2bfq_388,51.57608961435601,73.0971710381982
epigenomics_3073_fast2bfq_389,39.53385700439636,82.50935524976258
epigenomics_3073_fast2bfq_390,57.74791616979518,82.34168751372908
epigenomics_3073_fast2bfq_391,47.82338608532578,83.85493806973456
epigenomics_3073_fast2bfq_392,46.21300215504156,79.62736752480279
epigenomics_3073_fast2bfq_393,44.33439714513703,68.70749796680829
epigenomics_3073_fast2bfq_394,45.49506946469654,73.87240540896288
epigenomics_3073_fast2bfq_395,34.6630243473529,88.04947039415696
epigenomics_3073_fast2bfq_396,50.31048477684424,91.02352620879854
epigenomics_3073_fast2bfq_397,42.74860859241401,83.51808285951716
epigenomics_3073_fast2bfq_398,56.84717829406063,80.609438888793
epigenomics_3073_fast2bfq_399,49.54515802386186,79.7593473844157
epigenomics_3073_fast2bfq_400,52.775617040208274,79.1383991483658
epigenomics_3073_fast2bfq_401,45.69627425422752,84.29619762719922
epigenomics_3073_fast2bfq_402,54.126851681083096,73.74257338518153
epigenomics_3073_fast2bfq_403,45.36903800359534,83.66068947918384
epigenomics_3073_fast2bfq_404,45.444842092104075,82.53380474182433
epigenomics_3073_fast2bfq_405,42.237422841483884,79.20949889411541
epigenomics_3073_fast2bfq_406,45.696244986131994,69.35788813118052
epigenomics_3073_fast2bfq_407,38.04662386536564,77.90093919766502
epigenomics_3073_fast2bfq_408,31.976128533779168,78.51353388510866
epigenomics_3073_fast2bfq_409,42.98456913554371,80.69453807570203
epigenomics_3073_fast2bfq_410,51.03893793729899,81.26903045361459
epigenomics_3073_fast2bfq_411,49.2234748853914,69.42896955805696
epigenomics_3073_fast2bfq_412,61.037145167477206,79.61058608355067
epigenomics_3073_fast2bfq_413,59.9672274899127,79.07668985642242
epigenomics_3073_fast2bfq_414,46.43149301894502,71.99142226630605
epigenomics_3073_fast2bfq_415,57.62028754415972,80.91132665726688
epigenomics_3073_fast2bfq_416,57.39793154393865,82.16878297320888
epigenomics_3073_fast2bfq_417,37.288255258455706,86.45994374583873
epigenomics_3073_fast2bfq_418,38.53917383675877,82.8305488769493
epigenomics_3073_fast2bfq_419,44.222262863150014,71.96209779443251
epigenomics_3073_fast2bfq_420,37.70712947454581,80.92408551020335
epigenomics_3073_fast2bfq_421,41.72608590382259,81.42319511527513
epigenomics_3073_fast2bfq_422,67.71589853595518,79.45929695993718
epigenomics_3073_fast2bfq_423,53.03020447033636,70.87827629865143
epigenomics_3073_fast2bfq_424,37.99255109135881,73.30633776840848
epigenomics_3073_fast2bfq_425,44.74504428287899,75.73213669268873
epigenomics_3073_fast2bfq_426,37.975108550910505,94.56512879738412
epigenomics_3073_fast2bfq_427,48.76994383814469,94.33387972575441
epigenomics_3073_fast2bfq_428,22.882728928638656,85.31224519516451
epigenomics_3073_fast2bfq_429,42.780056908205275,80.94924723142336
epigenomics_3073_fast2bfq_430,58.01001512024462,78.16302801677554
epigenomics_3073_fast2bfq_431,49.91798412247154,80.40381140070693
epigenomics_3073_fast2bfq_432,44.83806083250328,74.53757850866903
epigenomics_3073_fast2bfq_433,46.31572843372026,83.78888659680328
epigenomics_3073_fast2bfq_434,37.753479335321444,75.08130070890518
epigenomics_3073_fast2bfq_435,49.42620827231305,81.16019862243148
epigenomics_3073_fast2bfq_436,48.157591278939336,91.80404937829647
epigenomics_3073_fast2bfq_437,57.13720803552006,76.07771858579248
epigenomics_3073_fast2bfq_438,38.51721324837283,87.50284956030676
epigenomics_3073_fast2bfq_439,32.47088915996071,90.06779521237247
epigenomics_3073_fast2bfq_440,54.30425489452978,86.65401011509404
epigenomics_3073_fast2bfq_441,45.00750198114589,72.4268567104916
epigenomics_3073_fast2bfq_442,43.37614743974811,80.34747520318304
epigenomics_3073_fast2bfq_443,48.504400510024425,73.20002040241663
epigenomics_3073_fast2bfq_444,57.17126909414201,79.72457961647808
epigenomics_3073_fast2bfq_445,51.29053116576281,68.1876216465206
epigenomics_3073_fast2bfq_446,57.49162749485117,83.72434511122947
epigenomics_3073_fast2bfq_447,44.71702686591249,76.10373667078244
epigenomics_3073_fast2bfq_448,49.96652948111261,87.85372818976357
epigenomics_3073_fast2bfq_449,59.60937468401025,76.8586558387314
epigenomics_3073_fast2bfq_450,30.503392937029414,92.93087165477905
epigenomics_3073_fast2bfq_451,30.683486321159315,79.32572716036904
epigenomics_3073_fast2bfq_452,51.08283081226966,77.66887600009187
epigenomics_3073_fast2bfq_453,49.97652743152142,91.97479700656058
epigenomics_3073_fast2bfq_454,41.09492951927023,66.31306863739142
epigenomics_3073_fast2bfq_455,37.814630816452095,78.60686381184547
epigenomics_3073_fast2bfq_456,51.33630581433894,77.85003216671387
epigenomics_3073_fast2bfq_457,41.096831729816174,78.45812698882601
epigenomics_3073_fast2bfq_458,31.287844835005046,82.4593991872891
epigenomics_3073_fast2bfq_459,43.16319167345727,87.66869982892756
epigenomics_3073_fast2bfq_460,46.931303463036116,77.04856813456689
epigenomics_3073_fast2bfq_461,47.319609774656094,76.5286992550223
epigenomics_3073_fast2bfq_462,48.60020870945797,80.59412601097624
epigenomics_3073_fast2bfq_463,47.266446246732635,84.71114433086699
epigenomics_3073_fast2bfq_464,45.265225793816974,82.14765747386583
epigenomics_3073_fast2bfq_465,41.032432057170375,69.48940051196595
epigenomics_3073_fast2bfq_466,47.061468791834955,74.18939676441
epigenomics_3073_fast2bfq_467,55.057280609037846,83.92367962383244
epigenomics_3073_fast2bfq_468,46.383981518964255,74.02060783641531
epigenomics_3073_fast2bfq_469,50.04422858096738,91.89417145328997
epigenomics_3073_fast2bfq_470,51.30397391730151,93.50186056852588
epigenomics_3073_fast2bfq_471,40.08631895596689,80.26903969355627
epigenomics_3073_fast2bfq_472,47.94359087105278,76.41482409971141
epigenomics_3073_fast2bfq_473,37.943916318658616,72.55025391680273
epigenomics_3073_fast2bfq_474,43.625580678746545,80.45322250825507
epigenomics_3073_fast2bfq_475,36.369243696603114,76.92698384320659
epigenomics_3073_fast2bfq_476,35.37108815788297,86.32379532428612
epigenomics_3073_fast2bfq_477,48.976745958312605,84.16124038175516
epigenomics_3073_fast2bfq_478,42.21657387762572,64.67900919183649
epigenomics_3073_fast2bfq_479,23.348236228963124,85.5277393984052
epigenomics_3073_fast2bfq_480,36.10074422202537,81.21522135438128
epigenomics_3073_fast2bfq_481,37.88343885041475,66.91807281951753
epigenomics_3073_fast2bfq_482,30.40207341537095,78.42436117049877
epigenomics_3073_fast2bfq_483,52.669728776233384,84.6884415809634
epigenomics_3073_fast2bfq_484,58.57861660931701,80.18766978135383
epigenomics_3073_fast2bfq_485,51.06947898022766,83.07734011941899
epigenomics_3073_fast2bfq_486,55.831357810433104,84.07414540398146
epigenomics_3073_fast2bfq_487,51.06554447262433,85.51213362493098
epigenomics_3073_fast2bfq_488,38.6161608975893,82.13944344080151
epigenomics_3073_fast2bfq_489,33.91814037653445,78.6733854224007
epigenomics_3073_fast2bfq_490,47.94565664798076,93.23466887442842
epigenomics_3073_fast2bfq_491,46.229046337171106,70.06350401122432
epigenomics_3073_fast2bfq_492,48.44790673056175,77.64904432207555
epigenomics_3073_fast2bfq_493,46.758676308354126,86.51885528783521
epigenomics_3073_fast2bfq_494,37.386816012069,79.19447758450114
epigenomics_3073_fast2bfq_495,33.28286641308606,84.33010873980903
epigenomics_3073_fast2bfq_496,40.95706451153419,67.62084682258912
epigenomics_3073_fast2bfq_497,52.715502365840635,67.46677313549893
epigenomics_3073_fast2bfq_498,40.9209980623646,78.85220866517021
epigenomics_3073_fast2bfq_499,28.441086243199983,88.81737820097655
epigenomics_3073_map_0,9779.824394227055,188.70678520518865
epigenomics_3073_map_1,10048.782926830796,176.06103066817528
epigenomics_3073_map_2,9680.684783513409,186.07068564861567
epigenomics_3073_map_3,9927.936862158342,180.99516779265548
epigenomics_3073_map_4,10022.437903415475,183.0849726803549
epigenomics_3073_map_5,10196.900576409293,187.94098835008288
epigenomics_3073_map_6,10563.839467812786,186.80474163722442
epigenomics_3073_map_7,9691.201682085937,186.84965594490382
epigenomics_3073_map_8,9989.492415376266,191.49568919645674
epigenomics_3073_map_9,10421.363725627889,177.64660623776578
epigenomics_3073_map_10,9461.41086123595,186.26103103149504
epigenomics_3073_map_11,9446.95291505589,185.3040442512843
epigenomics_3073_map_12,9994.77569283549,188.99859778926174
epigenomics_3073_map_13,10067.46792147071,185.38339759942923
epigenomics_3073_map_14,10018.832633943071,192.94596830126616
epigenomics_3073_map_15,10754.9822463234,183.2267809860288
epigenomics_3073_map_16,10973.05311961582,186.4032515450679
epigenomics_3073_map_17,10386.510745677226,191.00093842364598
epigenomics_3073_map_18,10409.866564476655,190.6971966821566
epigenomics_3073_map_19,9741.836202937586,179.43301576832152
epigenomics_3073_map_20,9821.684984362377,189.38739688448152
epigenomics_3073_map_21,10566.7456843059,187.22349391367652
epigenomics_3073_map_22,10569.496364937255,183.26077739155247
epigenomics_3073_map_23,9543.217823606597,195.86175491643553
epigenomics_3073_map_24,9512.82865952979,197.71397349900124
epigenomics_3073_map_25,9879.876359001915,182.32942631192398
epigenomics_3073_map_26,11017.523027030811,185.74008867147518
epigenomics_3073_map_27,10823.41515431077,182.83765055242554
epigenomics_3073_map_28,9492.85317634116,185.57022847830996
epigenomics_3073_map_29,9128.067404620839,190.2818526367138
epigenomics_3073_map_30,10639.678751098483,176.04159885580316
epigenomics_3073_map_31,10491.342919024974,186.86605993986225
epigenomics_3073_map_32,9098.771750168882,184.85961930118654
epigenomics_3073_map_33,10841.083085103704,190.9273628356567
epigenomics_3073_map_34,9500.593270787878,192.31926774781655
epigenomics_3073_map_35,9960.171223687053,180.65083289860019
epigenomics_3073_map_36,9926.285852012074,195.24960937969976
epigenomics_3073_map_37,9931.541582410224,183.1961999592639
epigenomics_3073_map_38,10730.290985242505,175.78530084971482
epigenomics_3073_map_39,10531.45593289701,185.67171851814544
epigenomics_3073_map_40,10645.718500297062,183.96500983065215
epigenomics_3073_map_41,9896.675325776498,178.9426186546312
epigenomics_3073_map_42,9672.33571687749,182.29072176993267
epigenomics_3073_map_43,10700.798991032729,193.93583880979372
epigenomics_3073_map_44,10501.025590417465,186.5347966632901
epigenomics_3073_map_45,9720.594356126949,188.67988953316316
epigenomics_3073_map_46,9443.150331893336,176.9470359185994
epigenomics_3073_map_47,9609.592256054335,185.80175619020306
epigenomics_3073_map_48,10129.040369623071,186.48130869622867
epigenomics_3073_map_49,10196.01831074592,182.75669048424237
epigenomics_3073_map_50,10110.640514305702,182.73329457810394
epigenomics_3073_map_51,9879.841616958454,182.99961308743187
epigenomics_3073_map_52,10664.179038478287,187.08595252648666
epigenomics_3073_map_53,9369.420083608506,186.212446462701
epigenomics_3073_map_54,9382.824238479618,182.48574516276128
epigenomics_3073_map_55,10285.47214014896,174.83523245082995
epigenomics_3073_map_56,10553.658782369,189.2094595570932
epigenomics_3073_map_57,11008.51003498398,188.81022887898092
epigenomics_3073_map_58,11121.476839329203,186.60504112231234
epigenomics_3073_map_59,10240.670264452652,181.9917712473913
epigenomics_3073_map_60,10152.55255832017,181.41578872049956
epigenomics_3073_map_61,9683.888761823331,185.05101827132262
epigenomics_3073_map_62,9201.118182737182,187.26700730865065
epigenomics_3073_map_63,10888.666962752315,186.28257798412147
epigenomics_3073_map_64,9606.348045014973,177.79375061654815
epigenomics_3073_map_65,9992.653618887103,181.19627280245567
epigenomics_3073_map_66,10335.760775153718,190.2051468911004
epigenomics_3073_map_67,10291.748855536849,180.33743881747418
epigenomics_3073_map_68,10606.99799849431,198.39096633105493
epigenomics_3073_map_69,10494.876052198619,185.8162322081374
epigenomics_3073_map_70,10253.990355590802,184.90382272856326
epigenomics_3073_map_71,9538.834169286687,188.99078055321152
epigenomics_3073_map_72,9879.272235621464,180.15170256351365
epigenomics_3073_map_73,9878.103236050614,183.76967521719118
epigenomics_3073_map_74,9231.419369021754,183.75820307726698
epigenomics_3073_map_75,10421.540435050785,184.21071476693265
epigenomics_3073_map_76,10747.01135021289,187.47074618377016
epigenomics_3073_map_77,9822.183227586556,185.8174275635902
epigenomics_3073_map_78,10093.8225757127,183.18930862067356
epigenomics_3073_map_79,10026.31943199322,178.4463648893049
epigenomics_3073_map_80,10080.092859569308,188.78891933646878
epigenomics_3073_map_81,11215.476294764081,187.05458684705656
epigenomics_3073_map_82,10529.054039224375,180.04658379511676
epigenomics_3073_map_83,9623.74475903806,185.65746447352143
epigenomics_3073_map_84,9019.036437238772,183.49151005334244
epigenomics_3073_map_85,9602.491150277023,182.56965066958324
epigenomics_3073_map_86,10294.931981861968,180.01555774945635
epigenomics_3073_map_87,10609.781659678505,179.93577663279154
epigenomics_3073_map_88,10565.523012309117,184.14690649774099
epigenomics_3073_map_89,10655.067822586054,185.26578371139513
epigenomics_3073_map_90,10440.540681614293,182.5817358800418
epigenomics_3073_map_91,10081.316453000207,186.7480706311366
epigenomics_3073_map_92,10132.91323585989,183.00341909695229
epigenomics_3073_map_93,9535.41468090662,186.2448257002695
epigenomics_3073_map_94,10725.576209582905,189.43924522458838
epigenomics_3073_map_95,10910.38794412173,191.7554113296772
epigenomics_3073_map_96,9054.588815401674,183.6939172067421
epigenomics_3073_map_97,10424.594778002365,185.6284705262908
epigenomics_3073_map_98,9317.117071880213,184.48911348956608
epigenomics_3073_map_99,9454.229580659478,180.389884068335
epigenomics_3073_map_100,8866.153564359192,178.28382314277437
epigenomics_3073_map_101,10184.24717418558,184.4665618785757
epigenomics_3073_map_102,10514.200137278054,191.58007962615096
epigenomics_3073_map_103,10221.985887459257,182.74362873249683
epigenomics_3073_map_104,9367.706828515602,187.19601872417977
epigenomics_3073_map_105,9391.759193112812,188.4678442206967
epigenomics_3073_map_106,9719.998897146463,186.00917866518046
epigenomics_3073_map_107,9034.152178077786,185.15179945175845
epigenomics_3073_map_108,10194.22779602739,180.5619311783692
epigenomics_3073_map_109,10177.79613255212,179.78804664266934
epigenomics_3073_map_110,9726.152202045329,188.76479114476263
epigenomics_3073_map_111,10691.646093545985,180.16934479318468
epigenomics_3073_map_112,9823.763862910491,189.0431559153946
epigenomics_3073_map_113,9403.55137337,186.11039129641415
epigenomics_3073_map_114,10151.875422484625,185.11075651730448
epigenomics_3073_map_115,10865.778499988599,189.41099620170547
epigenomics_3073_map_116,9139.86897069606,179.4339335236675
epigenomics_3073_map_117,9079.486018852129,177.79720818840227
epigenomics_3073_map_118,9878.535758154962,171.83099584762718
epigenomics_3073_map_119,10307.123687251751,188.42630382859195
epigenomics_3073_map_120,10027.53466906997,178.96660614841414
epigenomics_3073_map_121,9840.213131386308,186.76954510036165
epigenomics_3073_map_122,9591.68624114708,186.55506705491823
epigenomics_3073_map_123,10357.990739057355,183.13139536981993
epigenomics_3073_map_124,9808.244761552522,182.1374424517443
epigenomics_3073_map_125,9563.288684081257,187.19986802521154
epigenomics_3073_map_126,9420.527800140979,188.64715775231315
epigenomics_3073_map_127,10357.131649955212,181.08057250463386
epigenomics_3073_map_128,9580.876593872357,183.01905661245624
epigenomics_3073_map_129,9459.742422010848,185.46571119906304
epigenomics_3073_map_130,9805.686074978472,192.56986737165684
epigenomics_3073_map_131,9862.251251052592,177.98250588964882
epigenomics_3073_map_132,9048.019314443998,181.57149417152243
epigenomics_3073_map_133,10346.58555087093,185.31277467716814
epigenomics_3073_map_134,9308.136678889126,187.01320488648463
epigenomics_3073_map_135,10075.371027434167,187.8719766597488
epigenomics_3073_map_136,11415.545332382455,181.33880406250273
epigenomics_3073_map_137,10402.190239477768,196.15497797598852
epigenomics_3073_map_138,10286.915269971458,180.81368905417523
epigenomics_3073_map_139,9784.807856951782,179.2626413318616
epigenomics_3073_map_140,10259.349615034474,189.50883948876597
epigenomics_3073_map_141,10035.019485021727,187.03214692074513
epigenomics_3073_map_142,9811.300869584471,184.05184229655273
epigenomics_3073_map_143,8958.328455859466,183.05221775459177
epigenomics_3073_map_144,9964.857950440983,187.28957902836956
epigenomics_3073_map_145,9844.956919625807,182.1780403517222
epigenomics_3073_map_146,10299.80446531203,174.14632311493534
epigenomics_3073_map_147,10238.739617935198,187.55994256023453
epigenomics_3073_map_148,9201.869171806356,192.20716208549985
epigenomics_3073_map_149,10293.340072486728,190.7279400181538
epigenomics_3073_map_150,10137.486354777988,181.07882740115667
epigenomics_3073_map_151,10198.028083679752,189.2674535176572
epigenomics_3073_map_152,10082.378605447679,176.9228792571458
epigenomics_3073_map_153,9855.652906128498,189.05971074506286
epigenomics_3073_map_154,9879.252248367928,189.7679004751022
epigenomics_3073_map_155,10132.232941145961,190.06482514981505
epigenomics_3073_map_156,11157.974276669875,183.82969492446293
epigenomics_3073_map_157,9948.97039916153,183.33822572206483
epigenomics_3073_map_158,10383.618659828455,191.01982364161756
epigenomics_3073_map_159,9466.54427794102,183.62748841387966
epigenomics_3073_map_160,9876.922042742503,187.61173057286237
epigenomics_3073_map_161,9766.46776759935,181.07578105131347
epigenomics_3073_map_162,9845.459105470274,185.3631601127684
epigenomics_3073_map_163,10341.831883180535,178.4737816042703
epigenomics_3073_map_164,10817.519347177684,184.21274860448239
epigenomics_3073_map_165,9771.847746291776,186.6542350043246
epigenomics_3073_map_166,10698.097806553917,188.60460517206255
epigenomics_3073_map_167,10438.157449364378,174.92437831769763
epigenomics_3073_map_168,8824.188097634662,177.13202201091795
epigenomics_3073_map_169,10240.53765749718,189.3623200673149
epigenomics_3073_map_170,9937.456654480811,186.4951352923987
epigenomics_3073_map_171,10548.387875365741,183.58000622138658
epigenomics_3073_map_172,9535.724207461728,186.4939759207066
epigenomics_3073_map_173,9879.386483482196,183.13839622119963
epigenomics_3073_map_174,9786.103771601689,183.90284745795174
epigenomics_3073_map_175,10032.662598278948,183.22029601096256
epigenomics_3073_map_176,10335.857212671777,182.28064545271016
epigenomics_3073_map_177,9722.620092989431,189.87989175921535
epigenomics_3073_map_178,9786.356852092336,191.3390286994046
epigenomics_3073_map_179,10185.519545133982,187.4557484702867
epigenomics_3073_map_180,10646.304027185231,186.70697101185405
epigenomics_3073_map_181,10633.614402531948,187.2637535871376
epigenomics_3073_map_182,9969.00464184464,182.52181232855003
epigenomics_3073_map_183,10120.83257237752,179.34295044224996
epigenomics_3073_map_184,10463.514175930353,187.49027639284066
epigenomics_3073_map_185,10406.333279406326,187.0621904719656
epigenomics_3073_map_186,10105.10966423427,183.13515669501118
epigenomics_3073_map_187,8985.133629719623,188.35233180674186
epigenomics_3073_map_188,9686.015041054306,177.10270048168638
epigenomics_3073_map_189,9637.238535410297,179.91057100470397
epigenomics_3073_map_190,10027.02449567936,188.151514063665
epigenomics_3073_map_191,10589.234078690024,182.37304430915088
epigenomics_3073_map_192,9743.095428338147,185.56028372077253
epigenomics_3073_map_193,9555.366091221325,180.50324096612962
epigenomics_3073_map_194,10182.858814412833,186.38220973433772
epigenomics_3073_map_195,9226.462155927311,177.93964795649578
epigenomics_3073_map_196,10318.895091741675,177.63898999436282
epigenomics_3073_map_197,10816.45586061228,169.3785180137524
epigenomics_3073_map_198,11270.95044133149,182.2059398091195
epigenomics_3073_map_199,10836.12610940945,182.87119715545919
epigenomics_3073_map_200,10992.603335960734,184.25401654009679
epigenomics_3073_map_201,9421.095050713151,187.73061690973523
epigenomics_3073_map_202,10191.297226824754,179.61476935313763
epigenomics_3073_map_203,9847.090257730115,183.45218287417242
epigenomics_3073_map_204,10637.314046050007,185.70562051013624
epigenomics_3073_map_205,9834.779521502063,185.21192521788785
epigenomics_3073_map_206,9919.76173738222,185.7121190583843
epigenomics_3073_map_207,10186.531320662345,190.4233622344643
epigenomics_3073_map_208,10242.222004983896,190.246583673306
epigenomics_3073_map_209,10354.416464257816,189.26388247875568
epigenomics_3073_map_210,8948.743599739784,187.18034618522682
epigenomics_3073_map_211,9561.307399175146,186.71714545907378
epigenomics_3073_map_212,10823.78911309903,187.28597389838978
epigenomics_3073_map_213,9469.560560126414,188.92823455825732
epigenomics_3073_map_214,9698.209564322986,186.91598135024117
epigenomics_3073_map_215,10004.405903712095,185.25187269428997
epigenomics_3073_map_216,9668.579973024991,182.91558591883998
epigenomics_3073_map_217,9977.77372880272,190.36487967489765
epigenomics_3073_map_218,10202.354857344983,177.95301251260088
epigenomics_3073_map_219,9779.7126902423,181.17444095474474
epigenomics_3073_map_220,9841.481552374917,178.213465001957
epigenomics_3073_map_221,10418.944064695479,180.42832332425732
epigenomics_3073_map_222,10123.021111512786,191.795436569578
epigenomics_3073_map_223,9980.848704114906,182.75523683876153
epigenomics_3073_map_224,9830.735911858157,183.0954249227066
epigenomics_3073_map_225,8975.025023661488,188.60570616918443
epigenomics_3073_map_226,10376.904648971256,195.41493455912368
epigenomics_3073_map_227,9827.241298778627,182.15671788493
epigenomics_3073_map_228,9786.357855673068,191.7768800949537
epigenomics_3073_map_229,10569.29056564927,186.2574295872403
epigenomics_3073_map_230,9704.560822448326,180.5625881671661
epigenomics_3073_map_231,10233.4469056058,188.0628065515765
epigenomics_3073_map_232,9595.878636778158,185.1478230617191
epigenomics_3073_map_233,9373.923436643841,180.7461623513319
epigenomics_3073_map_234,10296.104274463278,181.35560686115048
epigenomics_3073_map_235,10433.953276392804,190.09724386891054
epigenomics_3073_map_236,9930.563786149074,181.9637870281887
epigenomics_3073_map_237,10715.664059903076,182.58891741628761
epigenomics_3073_map_238,9838.639854626417,179.34485093847618
epigenomics_3073_map_239,9937.204065516438,182.93682799977083
epigenomics_3073_map_240,10412.17450892299,183.48507608125635
epigenomics_3073_map_241,9724.310195972907,181.5281053291705
epigenomics_3073_map_242,9588.28089009721,189.29972911965493
epigenomics_3073_map_243,9398.988529282982,175.28888218169936
epigenomics_3073_map_244,10116.270119076036,183.58384762649573
epigenomics_3073_map_245,9145.72367946818,185.7407286250171
epigenomics_3073_map_246,9962.185488227695,176.76440682387556
epigenomics_3073_map_247,9600.623516827238,185.447056544358
epigenomics_3073_map_248,10861.709541174938,174.9670005212725
epigenomics_3073_map_249,9649.077925531701,194.09718514087191
epigenomics_3073_map_250,10810.500267473057,182.43083639968012
epigenomics_3073_map_251,10294.42673362053,175.5715467679849
epigenomics_3073_map_252,10439.629765194204,185.53179767697995
epigenomics_3073_map_253,10204.62452028154,183.71352576011984
epigenomics_3073_map_254,10764.235645034341,188.5240064312266
epigenomics_3073_map_255,10477.037837766815,190.21642667013012
epigenomics_3073_map_256,9749.99423727698,191.87678330217568
epigenomics_3073_map_257,9922.065194595112,185.70069062436292
epigenomics_3073_map_258,10432.160013946745,185.05804282513367
epigenomics_3073_map_259,10179.16594300872,185.91728078928332
epigenomics_3073_map_260,9964.864911715136,181.9132744201212
epigenomics_3073_map_261,9791.058954467144,178.4507102674857
epigenomics_3073_map_262,10228.613029473512,174.24389804447299
epigenomics_3073_map_263,9654.48985424058,183.51210182345284
epigenomics_3073_map_264,9362.507018438566,185.5380330568869
epigenomics_3073_map_265,10533.560045436145,194.82419823762766
epigenomics_3073_map_266,10332.829503563271,183.82743622247312
epigenomics_3073_map_267,9891.401705483,180.8265767653918
epigenomics_3073_map_268,10107.717308707415,185.56056602328704
epigenomics_3073_map_269,9934.04314264535,191.39747939502445
epigenomics_3073_map_270,9970.34852984674,181.89116059949845
epigenomics_3073_map_271,10404.5707648148,184.3275946659655
epigenomics_3073_map_272,10062.823720522994,185.93970340981426
epigenomics_3073_map_273,10671.360294864216,179.80314399663715
epigenomics_3073_map_274,10269.627328048005,183.45461533793338
epigenomics_3073_map_275,9350.93598910812,183.0201767755912
epigenomics_3073_map_276,10018.430930167577,181.45878748265153
epigenomics_3073_map_277,9695.582227087487,180.6542749371516
epigenomics_3073_map_278,9879.234454427513,187.10037635335613
epigenomics_3073_map_279,9802.578292817658,181.38965604236793
epigenomics_3073_map_280,9793.1509658819,186.14516017825161
epigenomics_3073_map_281,10052.047651329493,186.04617688831738
epigenomics_3073_map_282,9229.116643211473,185.57056707211248
epigenomics_3073_map_283,10083.06068572186,183.74608656987493
epigenomics_3073_map_284,10011.079928630821,183.8484421757218
epigenomics_3073_map_285,10466.873024436354,176.5548770554264
epigenomics_3073_map_286,9965.60257083053,187.6134395233605
epigenomics_3073_map_287,9579.755970010132,176.66534555143988
epigenomics_3073_map_288,10301.113425564536,186.43390791624324
epigenomics_3073_map_289,10357.407417623386,175.9274946514517
epigenomics_3073_map_290,10881.138547177747,183.3993550664769
epigenomics_3073_map_291,10637.91992620441,176.02353601119577
epigenomics_3073_map_292,9416.44057542675,184.68762162521193
epigenomics_3073_map_293,9737.704923334812,188.60751599501364
epigenomics_3073_map_294,9606.586808251193,180.16069526326618
epigenomics_3073_map_295,10279.971046743442,182.40223577760125
epigenomics_3073_map_296,9849.087082442926,183.659894152276
epigenomics_3073_map_297,10071.20573901548,182.55900690566855
epigenomics_3073_map_298,10284.683343719931,185.3739597609381
epigenomics_3073_map_299,10352.43083088276,188.8336470867609
epigenomics_3073_map_300,10189.496736893656,191.32119120951845
epigenomics_3073_map_301,10080.563171101554,182.93015236660926
epigenomics_3073_map_302,9762.56371431839,196.78029099523548
epigenomics_3073_map_303,9767.769597771805,189.33990569467719
epigenomics_3073_map_304,10534.915824075055,184.3805912379031
epigenomics_3073_map_305,10604.339108767934,187.91407697344704
epigenomics_3073_map_306,9944.25070027405,184.9166776291222
epigenomics_3073_map_307,9940.775767909327,194.04189604270846
epigenomics_3073_map_308,9304.507558338923,187.02483546420416
epigenomics_3073_map_309,9734.29032200542,187.02484267788222
epigenomics_3073_map_310,9778.050496113747,183.8726291101291
epigenomics_3073_map_311,10645.759916265952,183.08460636626918
epigenomics_3073_map_312,10071.00852709797,184.5362314610944
epigenomics_3073_map_313,10047.74856413618,190.50334999987848
epigenomics_3073_map_314,10070.61720608549,186.57390131634224
epigenomics_3073_map_315,9617.772065090954,183.66396112870532
epigenomics_3073_map_316,10588.087085082925,194.46029409398017
epigenomics_3073_map_317,9605.314593438796,186.59510494545586
epigenomics_3073_map_318,10732.16273484113,188.99543135920203
epigenomics_3073_map_319,10161.332013825131,189.90421386508712
epigenomics_3073_map_320,10524.791310436656,190.69696870256428
epigenomics_3073_map_321,9984.353945949295,188.34476300703645
epigenomics_3073_map_322,10001.986467532688,175.7091908457186
epigenomics_3073_map_323,9550.295315228537,188.57743601459572
epigenomics_3073_map_324,10578.811462506279,190.35964854266126
epigenomics_3073_map_325,10573.542514059145,181.72521892641169
epigenomics_3073_map_326,10370.555924341028,187.53750468449525
epigenomics_3073_map_327,10445.443261050477,184.22610443938794
epigenomics_3073_map_328,10330.813945732152,183.60087928865522
epigenomics_3073_map_329,9772.920874860083,191.8976356136468
epigenomics_3073_map_330,9540.91011791037,176.33154657412408
epigenomics_3073_map_331,9936.536952975064,185.1799331679605
epigenomics_3073_map_332,9882.903724217163,182.1325766985547
epigenomics_3073_map_333,10364.922063666647,190.9216762352315
epigenomics_3073_map_334,10197.300481188175,178.02526468144274
epigenomics_3073_map_335,10343.502941751962,187.3129369476373
epigenomics_3073_map_336,10714.69173132043,186.70688224340046
epigenomics_3073_map_337,10071.214619696466,189.3255201486663
epigenomics_3073_map_338,9801.940605141928,193.72206628664102
epigenomics_3073_map_339,9771.339648417028,183.93019791957389
epigenomics_3073_map_340,10071.173342896589,190.11375102366844
epigenomics_3073_map_341,9308.46756135334,186.12172498343062
epigenomics_3073_map_342,10394.784961758365,187.5923525093835
epigenomics_3073_map_343,9515.106808592276,179.43427085806232
epigenomics_3073_map_344,10668.33776519853,182.6654143447118
epigenomics_3073_map_345,9472.251708648431,186.44838460402937
epigenomics_3073_map_346,10084.970289869183,189.11680931412724
epigenomics_3073_map_347,10451.73872068595,185.14421914449443
epigenomics_3073_map_348,10461.500210227594,182.4567380297669
epigenomics_3073_map_349,10207.915469828371,195.87736848197483
epigenomics_3073_map_350,10491.022287191614,176.31752904715222
epigenomics_3073_map_351,10076.83198829907,197.02568786801612
epigenomics_3073_map_352,10803.15268755187,185.9784625105594
epigenomics_3073_map_353,10149.656942786707,184.91997538322676
epigenomics_3073_map_354,9691.495914027226,181.5522127476168
epigenomics_3073_map_355,11432.997173538846,181.90825358792304
epigenomics_3073_map_356,10110.601169148464,183.63398343072853
epigenomics_3073_map_357,10420.644020786178,181.42294314408144
epigenomics_3073_map_358,9617.20153674405,185.73189528788868
epigenomics_3073_map_359,9766.235469169564,191.98313627918165
epigenomics_3073_map_360,10520.129453085356,194.78448398267236
epigenomics_3073_map_361,10480.52724181642,189.8635447072246
epigenomics_3073_map_362,10287.329594300683,190.67341448422167
epigenomics_3073_map_363,9325.931206205729,176.3879533280456
epigenomics_3073_map_364,10788.955147489098,182.1542286249236
epigenomics_3073_map_365,9774.963420346414,183.62245131943507
epigenomics_3073_map_366,10395.05339380925,179.38854603329963
epigenomics_3073_map_367,9915.818038363113,187.6396502646641
epigenomics_3073_map_368,10810.383563308398,181.05161589416812
epigenomics_3073_map_369,9994.756357843557,192.9124755582278
epigenomics_3073_map_370,9627.802696127159,179.80947972086065
epigenomics_3073_map_371,10166.942565140333,186.93932057174683
epigenomics_3073_map_372,9851.845353723776,195.298063211949
epigenomics_3073_map_373,10668.690579156608,191.66270372895195
epigenomics_3073_map_374,9848.863504413694,184.93944990555465
epigenomics_3073_map_375,9230.885651108172,195.26483740020473
epigenomics_3073_map_376,9481.873555854285,192.93206239552148
epigenomics_3073_map_377,9799.199050466195,200.28418432541264
epigenomics_3073_map_378,9576.254775752292,189.8913647743842
epigenomics_3073_map_379,10117.214973269583,192.1189061927455
epigenomics_3073_map_380,9857.85060222724,185.1754705889485
epigenomics_3073_map_381,9842.742700751218,185.1503495258644
epigenomics_3073_map_382,10067.310480091242,182.49449149010655
epigenomics_3073_map_383,9552.153165776746,190.66926981388553
epigenomics_3073_map_384,10655.135932388304,185.06011979902104
epigenomics_3073_map_385,10443.429452257376,181.78322588656076
epigenomics_3073_map_386,9961.785388536635,185.57480790231372
epigenomics_3073_map_387,10131.10119634693,190.19998111668406
epigenomics_3073_map_388,9506.9872234546,174.64684630705568
epigenomics_3073_map_389,9443.576562888014,181.16477514531547
epigenomics_3073_map_390,10268.279218543004,185.1288237331839
epigenomics_3073_map_391,10817.04419100548,184.18196249276434
epigenomics_3073_map_392,9084.19835560847,179.25074733835493
epigenomics_3073_map_393,9963.800204161704,179.6916368236622
epigenomics_3073_map_394,10184.410125603123,186.12474450175844
epigenomics_3073_map_395,9592.304202456071,175.76794416888194
epigenomics_3073_map_396,9981.233540170235,183.99302691577503
epigenomics_3073_map_397,9542.284510096168,186.1409845568085
epigenomics_3073_map_398,9359.906466919736,181.69428682213177
epigenomics_3073_map_399,10464.520618883169,188.68964893555022
epigenomics_3073_map_400,9150.117023838087,185.46945127848852
epigenomics_3073_map_401,9725.067837960944,173.64267969972065
epigenomics_3073_map_402,10049.10723061601,198.36040572475468
epigenomics_3073_map_403,9354.620240775716,185.25058078416455
epigenomics_3073_map_404,9300.706501062616,175.2483188245587
epigenomics_3073_map_405,9135.308739929544,185.14462901571676
epigenomics_3073_map_406,10427.86391280366,188.41945932402206
epigenomics_3073_map_407,10279.693754462656,183.24763249249563
epigenomics_3073_map_408,10977.332950839835,187.37847021489327
epigenomics_3073_map_409,9679.067647170876,180.74895621992383
epigenomics_3073_map_410,10628.675479871186,188.38056118085441
epigenomics_3073_map_411,10309.929747085836,184.5250739600272
epigenomics_3073_map_412,10068.237551544873,191.7009583429919
epigenomics_3073_map_413,10460.295459978553,181.4239819931325
epigenomics_3073_map_414,10214.478679072296,190.2591688279409
epigenomics_3073_map_415,10166.93656833757,186.89746353492674
epigenomics_3073_map_416,10337.478546682296,189.96872943960574
epigenomics_3073_map_417,10203.434308038977,179.3748496243324
epigenomics_3073_map_418,9766.573703003069,171.88707294033068
epigenomics_3073_map_419,10250.967521369825,175.0585205938145
epigenomics_3073_map_420,10545.483257268266,185.75609359756587
epigenomics_3073_map_421,9335.26997802451,183.9077578585223
epigenomics_3073_map_422,9490.373961605257,181.1429084993465
epigenomics_3073_map_423,9809.01071357365,182.26160584191922
epigenomics_3073_map_424,10181.754054703342,196.38582280416412
epigenomics_3073_map_425,10347.693402862344,190.0261432813424
epigenomics_3073_map_426,9468.820073333316,184.72926706323528
epigenomics_3073_map_427,9603.646833848697,192.6008183869415
epigenomics_3073_map_428,10227.5846575946,190.43021522732073
epigenomics_3073_map_429,9427.217171405242,184.22720352236217
epigenomics_3073_map_430,9064.67112101335,190.90535423757356
epigenomics_3073_map_431,9677.597784863548,177.99798729280798
epigenomics_3073_map_432,10389.819936701759,187.26039388877365
epigenomics_3073_map_433,10607.882967287813,190.73241362649097
epigenomics_3073_map_434,10201.93779475339,181.3903489902937
epigenomics_3073_map_435,10612.785995671002,187.37902823832195
epigenomics_3073_map_436,10065.929030354377,190.46498165256062
epigenomics_3073_map_437,10261.500437361254,186.88112967110905
epigenomics_3073_map_438,9995.727592199559,185.19422351335618
epigenomics_3073_map_439,9996.23468808452,187.4855180323591
epigenomics_3073_map_440,10362.078496606031,193.51729305296982
epigenomics_3073_map_441,9497.23247500192,186.01016506789298
epigenomics_3073_map_442,10387.174352017339,175.53938243417338
epigenomics_3073_map_443,9383.68052111545,179.62576254010878
epigenomics_3073_map_444,11106.386833644694,180.4852864218854
epigenomics_3073_map_445,9319.689456807508,178.03832055828926
epigenomics_3073_map_446,9897.633362132065,185.75534719658606
epigenomics_3073_map_447,10009.768860670802,184.34382765897763
epigenomics_3073_map_448,9796.012326062884,185.89383723096228
epigenomics_3073_map_449,10071.169743357488,184.99084479602286
epigenomics_3073_map_450,9455.462942622937,187.56995543618407
epigenomics_3073_map_451,10255.832174269797,184.6929586947007
epigenomics_3073_map_452,10625.30749196123,174.16596217569617
epigenomics_3073_map_453,9319.41424612692,191.80690425797022
epigenomics_3073_map_454,9701.273998513285,183.6036940790264
epigenomics_3073_map_455,10617.054354366885,184.80350796361427
epigenomics_3073_map_456,9376.28286868155,184.19031213709698
epigenomics_3073_map_457,9953.190303155541,187.70059905018886
epigenomics_3073_map_458,9217.236702673148,185.72319604974444
epigenomics_3073_map_459,10333.056289964179,182.25315868011754
epigenomics_3073_map_460,9455.002979024059,177.68166976463863
epigenomics_3073_map_461,9571.74335134503,185.5650663175747
epigenomics_3073_map_462,10546.45275022007,188.76758644552402
epigenomics_3073_map_463,10522.792358278319,191.31780473839478
epigenomics_3073_map_464,9662.986309714224,185.35225249169548
epigenomics_3073_map_465,9591.09348108294,183.08832418726857
epigenomics_3073_map_466,10408.373833927428,179.01117775040683
epigenomics_3073_map_467,9431.884057321426,185.04754566349266
epigenomics_3073_map_468,10405.063602573971,182.4307114027718
epigenomics_3073_map_469,9424.247828219259,187.77631068974327
epigenomics_3073_map_470,9913.36033169187,179.87377978617903
epigenomics_3073_map_471,9473.157027526482,181.49696284281399
epigenomics_3073_map_472,9608.637583315058,182.05769912388138
epigenomics_3073_map_473,10673.70271459298,184.40720107290758
epigenomics_3073_map_474,9652.991415257142,185.7423142278421
epigenomics_3073_map_475,10675.199717497588,177.93261424445987
epigenomics_3073_map_476,10216.115579789814,177.71374478992774
epigenomics_3073_map_477,10250.436515032958,177.61177944041663
epigenomics_3073_map_478,10295.117070817028,181.89142371809902
epigenomics_3073_map_479,9073.865672230413,184.3592487981533
epigenomics_3073_map_480,9964.289657549874,187.4524272082497
epigenomics_3073_map_481,10590.792463118622,190.52971039622238
epigenomics_3073_map_482,10159.517163023662,178.1869297458079
epigenomics_3073_map_483,10236.404017428951,194.48697287086304
epigenomics_3073_map_484,10935.149841987384,190.65941041261186
epigenomics_3073_map_485,9986.751135036266,180.91598986554274
epigenomics_3073_map_486,10182.979679767403,182.2531972898172
epigenomics_3073_map_487,9966.905027036266,192.37562688265302
epigenomics_3073_map_488,9730.284827773918,188.28764181516712
epigenomics_3073_map_489,10526.027870839198,186.72882248834537
epigenomics_3073_map_490,9455.400829931947,179.12191415010298
epigenomics_3073_map_491,9952.829973968113,183.75171798539637
epigenomics_3073_map_492,9879.86981895153,179.2552059773969
epigenomics_3073_map_493,9466.571831766021,182.9170929484199
epigenomics_3073_map_494,9677.700515848159,190.65243060077998
epigenomics_3073_map_495,10160.842718149464,192.82483488711193
epigenomics_3073_map_496,9773.79175921865,188.59931541836266
epigenomics_3073_map_497,10199.561007462786,181.88910351543555
epigenomics_3073_map_498,10582.31221876056,189.72887856731157
epigenomics_3073_map_499,10215.38409493015,185.96908795241907
epigenomics_3073_mapMerge1_0,140.25852028638909,103.51233181478409
epigenomics_3073_mapMerge1_1,119.5354555474154,110.12901631877847
epigenomics_3073_mapMerge2_0,167.24720665855264,111.98007156062158
epigenomics_3073_chr21_0,202.7848572130529,56.79722105857759
epigenomics_3073_pileup_0,147.0792463894022,109.76843882826505
