request,latency,mem
epigenomics_4218_entry_0,1.0,1.0
epigenomics_4218_fastqSplit_0,46.92917801560015,96.35370767244159
epigenomics_4218_fastqSplit_1,79.86148715550046,109.32866632991983
epigenomics_4218_filterContams_0,17.276549757509855,65.62319145928016
epigenomics_4218_filterContams_1,16.164698114263736,61.369470877704714
epigenomics_4218_filterContams_2,18.144484159603998,74.03103165969107
epigenomics_4218_filterContams_3,19.464672935335873,60.70294829820798
epigenomics_4218_filterContams_4,17.531201727865145,60.76971399872765
epigenomics_4218_filterContams_5,22.245853943590298,56.659182300927746
epigenomics_4218_filterContams_6,11.804438543100819,81.05592072538066
epigenomics_4218_filterContams_7,19.555669030450957,58.487069621371376
epigenomics_4218_filterContams_8,19.08613406588695,72.81544622401034
epigenomics_4218_filterContams_9,20.00509406883027,62.03341063265995
epigenomics_4218_filterContams_10,23.1323517070552,58.91824858656686
epigenomics_4218_filterContams_11,15.956715439694023,71.88713728728871
epigenomics_4218_filterContams_12,23.56885524146059,69.67943704063215
epigenomics_4218_filterContams_13,19.535311701203625,78.44819849834575
epigenomics_4218_filterContams_14,20.40031897136085,61.168115059343684
epigenomics_4218_filterContams_15,19.546150370500655,59.41005125072409
epigenomics_4218_filterContams_16,15.191877017300206,69.67141449645207
epigenomics_4218_filterContams_17,27.149571908225468,51.23981127623097
epigenomics_4218_filterContams_18,18.31486422891037,56.52015372243814
epigenomics_4218_filterContams_19,21.034773303727494,81.99743640358612
epigenomics_4218_filterContams_20,14.159887023566732,65.83961696987473
epigenomics_4218_filterContams_21,22.291820986305943,75.12152612041406
epigenomics_4218_filterContams_22,16.38139439993414,76.01811429437
epigenomics_4218_filterContams_23,17.835838059889376,62.280365291414874
epigenomics_4218_filterContams_24,17.35923814134421,56.71698285581375
epigenomics_4218_filterContams_25,20.447126374035165,58.043911607960524
epigenomics_4218_filterContams_26,27.703634942344088,54.361040258241665
epigenomics_4218_filterContams_27,17.934550393468964,54.51620828927642
epigenomics_4218_filterContams_28,18.65759236070039,75.77928944195972
epigenomics_4218_filterContams_29,25.47780748822148,65.21719436972215
epigenomics_4218_filterContams_30,23.953605441036956,67.15883946078466
epigenomics_4218_filterContams_31,20.54016329282834,72.88403623530886
epigenomics_4218_filterContams_32,18.564381734859335,46.163771460990034
epigenomics_4218_filterContams_33,18.27706426908084,79.35944321147176
epigenomics_4218_filterContams_34,16.08616904122672,64.53125815606153
epigenomics_4218_filterContams_35,24.045911392337423,63.9119795204729
epigenomics_4218_filterContams_36,16.117466580821144,72.71239993612029
epigenomics_4218_filterContams_37,23.188483600417506,82.26835611236953
epigenomics_4218_filterContams_38,23.574305193747453,56.437058704505276
epigenomics_4218_filterContams_39,12.401276773395324,60.48738767783061
epigenomics_4218_filterContams_40,18.19061329655353,62.43385429717267
epigenomics_4218_filterContams_41,17.68843200363947,75.23668184882456
epigenomics_4218_filterContams_42,19.437635958738493,61.61558480182527
epigenomics_4218_filterContams_43,20.63923061607461,73.94465987198757
epigenomics_4218_filterContams_44,23.388717463281893,62.47649875700166
epigenomics_4218_filterContams_45,19.488282270048757,73.97017147311931
epigenomics_4218_filterContams_46,19.860544705226957,59.37034724718157
epigenomics_4218_filterContams_47,17.772432236806807,72.69027899320743
epigenomics_4218_filterContams_48,19.051655593113654,62.70368150404107
epigenomics_4218_filterContams_49,20.52815638968066,48.798730770411765
epigenomics_4218_filterContams_50,20.2553284299056,65.19684296327846
epigenomics_4218_filterContams_51,17.270886603557052,72.3599463874535
epigenomics_4218_filterContams_52,20.68687321544823,73.27665399913859
epigenomics_4218_filterContams_53,19.20459079129006,51.843703523930174
epigenomics_4218_filterContams_54,19.172855274601453,71.36393808525247
epigenomics_4218_filterContams_55,23.098817877544718,85.08124247960896
epigenomics_4218_filterContams_56,18.93012880678586,79.43927138630735
epigenomics_4218_filterContams_57,23.021365989807517,72.22784314700742
epigenomics_4218_filterContams_58,14.58180853769191,55.5000760415803
epigenomics_4218_filterContams_59,24.7077148384163,64.2002077279416
epigenomics_4218_filterContams_60,19.649291015354503,61.77894858139204
epigenomics_4218_filterContams_61,16.52005815500396,63.212602884614995
epigenomics_4218_filterContams_62,20.51941896820695,72.3594510545508
epigenomics_4218_filterContams_63,20.579080794003637,56.24959913356609
epigenomics_4218_filterContams_64,18.603538341652914,65.557867308639
epigenomics_4218_filterContams_65,21.629956682709867,61.86380344628949
epigenomics_4218_filterContams_66,22.86930032753893,57.02418138874439
epigenomics_4218_filterContams_67,22.057908402101553,66.27313270907104
epigenomics_4218_filterContams_68,21.517082394685463,57.080212874810805
epigenomics_4218_filterContams_69,23.8969206724852,52.41970179262404
epigenomics_4218_filterContams_70,18.869367151600233,64.44052783495277
epigenomics_4218_filterContams_71,24.60894566524074,60.37323154151232
epigenomics_4218_filterContams_72,18.24980093297549,70.39584139264863
epigenomics_4218_filterContams_73,22.44115905315772,73.5421549546198
epigenomics_4218_filterContams_74,21.193938800224462,69.9750176180717
epigenomics_4218_filterContams_75,20.58693043127596,64.7598822572991
epigenomics_4218_filterContams_76,21.525573481101762,64.57583355937965
epigenomics_4218_filterContams_77,15.915619829071897,63.89295767965233
epigenomics_4218_filterContams_78,23.767843707638054,78.64673554009781
epigenomics_4218_filterContams_79,22.476637655384472,55.8788742304614
epigenomics_4218_filterContams_80,22.521665775129833,58.278479966280806
epigenomics_4218_filterContams_81,21.73636043476494,61.07234668545428
epigenomics_4218_filterContams_82,27.85017338678218,61.78400031210292
epigenomics_4218_filterContams_83,19.069921968986375,62.25496743456683
epigenomics_4218_filterContams_84,19.468008074625228,67.43352863038011
epigenomics_4218_filterContams_85,15.1195634657775,74.76129790650741
epigenomics_4218_filterContams_86,19.67560509835403,66.96116002868824
epigenomics_4218_filterContams_87,18.21182607779464,75.42348175652157
epigenomics_4218_filterContams_88,22.433476306870638,70.82290959562086
epigenomics_4218_filterContams_89,21.976203615180573,48.191165214039785
epigenomics_4218_filterContams_90,20.15292179542738,74.91592583173016
epigenomics_4218_filterContams_91,20.173371956560395,62.515987296569165
epigenomics_4218_filterContams_92,25.58670203463965,69.84248856990494
epigenomics_4218_filterContams_93,18.47070868670997,65.25022292632849
epigenomics_4218_filterContams_94,17.578337666995637,72.51355939224355
epigenomics_4218_filterContams_95,24.924268564076645,62.24691894347676
epigenomics_4218_filterContams_96,19.367134847891748,61.124444485247565
epigenomics_4218_filterContams_97,20.95490272477873,56.486210450111265
epigenomics_4218_filterContams_98,18.922756459937453,56.21906628295339
epigenomics_4218_filterContams_99,23.18022820837164,68.11507471814626
epigenomics_4218_filterContams_100,20.575970408184958,58.48111881818806
epigenomics_4218_filterContams_101,23.297235866641174,63.97948012837785
epigenomics_4218_filterContams_102,22.379260237441684,58.332438780405624
epigenomics_4218_filterContams_103,22.568097516410134,62.468598268862856
epigenomics_4218_filterContams_104,18.874841934697898,55.29136727411696
epigenomics_4218_filterContams_105,21.412124405485443,68.25319567473079
epigenomics_4218_filterContams_106,18.61109726276543,65.50059381001799
epigenomics_4218_filterContams_107,18.69892504657425,70.52513166315553
epigenomics_4218_filterContams_108,15.163359765800308,48.765666781683294
epigenomics_4218_filterContams_109,23.377117818557814,64.02645966699792
epigenomics_4218_filterContams_110,21.738368333962626,65.58380630105293
epigenomics_4218_filterContams_111,20.481522210612155,73.34869220551494
epigenomics_4218_filterContams_112,16.074322216012227,73.30892241153508
epigenomics_4218_filterContams_113,20.420008215039957,61.51143296109031
epigenomics_4218_filterContams_114,21.589275734529455,70.38337809777792
epigenomics_4218_filterContams_115,15.46677679648377,55.93318531825185
epigenomics_4218_filterContams_116,21.127064155021095,61.665112191176455
epigenomics_4218_filterContams_117,19.71979043815072,64.95579948280566
epigenomics_4218_filterContams_118,25.195486619780514,74.64178396324854
epigenomics_4218_filterContams_119,15.493075623784025,42.84633679859043
epigenomics_4218_filterContams_120,20.691411986314513,71.63618602006065
epigenomics_4218_filterContams_121,17.409558595571802,70.3840829158566
epigenomics_4218_filterContams_122,25.92274250052381,66.81934145272962
epigenomics_4218_filterContams_123,21.637754372044036,57.315774137941716
epigenomics_4218_filterContams_124,16.851884445791182,62.60840513542141
epigenomics_4218_filterContams_125,18.826724403234984,58.80335729962845
epigenomics_4218_filterContams_126,19.45078802133489,64.48363890598259
epigenomics_4218_filterContams_127,17.98434302911221,54.41902753628923
epigenomics_4218_filterContams_128,20.55079785200317,71.9908753121064
epigenomics_4218_filterContams_129,15.862881398771954,71.22664020351623
epigenomics_4218_filterContams_130,20.987432477869156,59.5439097160238
epigenomics_4218_filterContams_131,21.06408077520293,62.222992451911914
epigenomics_4218_filterContams_132,20.909865195844482,58.08950403267613
epigenomics_4218_filterContams_133,22.056665923698098,60.85360688399374
epigenomics_4218_filterContams_134,25.50770972417942,57.01526250805321
epigenomics_4218_filterContams_135,24.336731300006534,65.73207298562285
epigenomics_4218_filterContams_136,22.51134764791723,59.496338723074906
epigenomics_4218_filterContams_137,20.11823366606438,76.61085802019196
epigenomics_4218_filterContams_138,24.03463629740608,52.369718683796414
epigenomics_4218_filterContams_139,21.648713615418615,64.73641177603021
epigenomics_4218_filterContams_140,15.453988199387524,69.346339812624
epigenomics_4218_filterContams_141,19.460535195554353,73.10115528512961
epigenomics_4218_filterContams_142,17.966603896158333,55.760644842838204
epigenomics_4218_filterContams_143,19.073428695459555,65.945821353794
epigenomics_4218_filterContams_144,21.853847883138528,66.48505956489872
epigenomics_4218_filterContams_145,20.875850178148642,64.66234442525126
epigenomics_4218_filterContams_146,18.603867448514123,55.51791806386886
epigenomics_4218_filterContams_147,21.902804262141135,68.00492610580915
epigenomics_4218_filterContams_148,22.2988879055404,74.28748886369391
epigenomics_4218_filterContams_149,20.78841903898874,70.41221073037454
epigenomics_4218_filterContams_150,24.454912563605795,77.59151593278835
epigenomics_4218_filterContams_151,20.344159221624913,69.48977406746768
epigenomics_4218_filterContams_152,15.986552826778027,59.349662131850764
epigenomics_4218_filterContams_153,17.0472918859476,48.51137178537694
epigenomics_4218_filterContams_154,18.975002936321193,59.507258622005864
epigenomics_4218_filterContams_155,23.794723816963316,72.57386093474256
epigenomics_4218_filterContams_156,18.194402287838127,57.239895956553305
epigenomics_4218_filterContams_157,22.961161947732762,67.50539271448407
epigenomics_4218_filterContams_158,25.089709460564077,63.24410932315169
epigenomics_4218_filterContams_159,21.078480141202256,71.3237979304063
epigenomics_4218_filterContams_160,22.38551184605516,56.2045837241927
epigenomics_4218_filterContams_161,17.97596776810639,67.47144703371343
epigenomics_4218_filterContams_162,21.250061000727225,57.28777580240827
epigenomics_4218_filterContams_163,18.097925038313562,49.12199597607874
epigenomics_4218_filterContams_164,18.763638250925943,56.004202987545874
epigenomics_4218_filterContams_165,20.99191379582285,69.38264887226639
epigenomics_4218_filterContams_166,17.37682418040409,62.549654573144515
epigenomics_4218_filterContams_167,17.30849813421059,52.95115618296804
epigenomics_4218_filterContams_168,19.567205540124398,59.200721396734075
epigenomics_4218_filterContams_169,17.876002058463897,54.63414170142292
epigenomics_4218_filterContams_170,21.52807748600862,49.15323386601507
epigenomics_4218_filterContams_171,26.16010333715969,64.54574446280891
epigenomics_4218_filterContams_172,19.848150318512825,73.36608171184682
epigenomics_4218_filterContams_173,27.34685147633259,60.924108769120174
epigenomics_4218_filterContams_174,22.58021839249505,70.00453596388074
epigenomics_4218_filterContams_175,16.60519987064854,67.01845635092009
epigenomics_4218_filterContams_176,17.448855723238616,59.49725328455784
epigenomics_4218_filterContams_177,16.27962607464863,56.46870712777081
epigenomics_4218_filterContams_178,16.754880707544693,79.82365913164385
epigenomics_4218_filterContams_179,19.140671733134102,62.869110438929525
epigenomics_4218_filterContams_180,20.54400021845126,57.307518303782274
epigenomics_4218_filterContams_181,15.92482618428919,63.68144705654979
epigenomics_4218_filterContams_182,22.58724085496359,54.24669276976603
epigenomics_4218_filterContams_183,17.97035928567729,73.59391842133071
epigenomics_4218_filterContams_184,22.844053588905197,61.34949173274344
epigenomics_4218_filterContams_185,22.699071555901018,67.3655279559935
epigenomics_4218_filterContams_186,19.5090819300574,75.65310743938072
epigenomics_4218_filterContams_187,20.990264978078976,60.294224180771174
epigenomics_4218_filterContams_188,25.3938827952228,52.74892809248945
epigenomics_4218_filterContams_189,17.24249294780554,62.5114380485331
epigenomics_4218_filterContams_190,16.98841503090603,53.90135017682795
epigenomics_4218_filterContams_191,21.850233717335648,72.16377433487786
epigenomics_4218_filterContams_192,14.867694605562326,50.192758280495156
epigenomics_4218_filterContams_193,20.69905848477692,60.15670715166178
epigenomics_4218_filterContams_194,21.284418152725436,60.84090254641421
epigenomics_4218_filterContams_195,12.00486849915901,63.77756581368109
epigenomics_4218_filterContams_196,22.741082873009447,57.99845822591446
epigenomics_4218_filterContams_197,23.389249496338103,65.38424399020764
epigenomics_4218_filterContams_198,21.417932678808477,81.67471864529006
epigenomics_4218_filterContams_199,25.897305050809805,51.16604942903076
epigenomics_4218_filterContams_200,20.62693823422007,58.02091702617222
epigenomics_4218_filterContams_201,17.32256168036799,71.91981088222589
epigenomics_4218_filterContams_202,15.526545167270678,65.2780592533092
epigenomics_4218_filterContams_203,19.013836034262678,79.18017451212529
epigenomics_4218_filterContams_204,23.599871053926268,73.65516279541797
epigenomics_4218_filterContams_205,19.530440444206533,71.38914263146104
epigenomics_4218_filterContams_206,16.895420450410374,58.60416113829433
epigenomics_4218_filterContams_207,19.412521433200315,75.1883362506537
epigenomics_4218_filterContams_208,18.17514183396575,57.373399449579054
epigenomics_4218_filterContams_209,13.828570680037519,42.88050977050776
epigenomics_4218_filterContams_210,17.696992774752815,64.47662357065067
epigenomics_4218_filterContams_211,22.64752592190839,73.78123002992062
epigenomics_4218_filterContams_212,20.104572628389818,67.23351974402023
epigenomics_4218_filterContams_213,15.973115482796992,71.74304832244408
epigenomics_4218_filterContams_214,17.574445591594905,64.88912860661841
epigenomics_4218_filterContams_215,23.49517358593921,72.00604798966287
epigenomics_4218_filterContams_216,19.557861705435162,60.8883613194823
epigenomics_4218_filterContams_217,27.359772041764977,68.97355165404421
epigenomics_4218_filterContams_218,18.745120682704556,57.22198112084373
epigenomics_4218_filterContams_219,19.580821967826356,75.89325730535589
epigenomics_4218_filterContams_220,20.896327160117455,50.47318177539754
epigenomics_4218_filterContams_221,20.795950305275507,62.95993562537089
epigenomics_4218_filterContams_222,16.491838808742166,79.57257171406704
epigenomics_4218_filterContams_223,23.246743085183112,64.72761816350787
epigenomics_4218_filterContams_224,15.77357567879124,85.51657442896747
epigenomics_4218_filterContams_225,20.7546534348166,72.20166567830643
epigenomics_4218_filterContams_226,21.389149254539117,66.84922520759154
epigenomics_4218_filterContams_227,20.938007742874674,75.7082761852782
epigenomics_4218_filterContams_228,19.78184096917652,65.71855757108071
epigenomics_4218_filterContams_229,21.817781006419885,52.0125192405755
epigenomics_4218_filterContams_230,21.785075894768696,48.74903752171193
epigenomics_4218_filterContams_231,21.886189476202407,74.1824564804059
epigenomics_4218_filterContams_232,23.67918205299566,65.05343576496404
epigenomics_4218_filterContams_233,21.831478566354875,74.98122341126731
epigenomics_4218_filterContams_234,17.122293628767746,74.56758160703306
epigenomics_4218_filterContams_235,18.52940339870491,67.44543006021824
epigenomics_4218_filterContams_236,23.27030162583517,62.53219784072424
epigenomics_4218_filterContams_237,18.09755869237693,67.05663079575532
epigenomics_4218_filterContams_238,22.16731352768259,73.23254656182549
epigenomics_4218_filterContams_239,16.26060137885173,61.26847278741312
epigenomics_4218_filterContams_240,22.04191625442769,57.12139414402533
epigenomics_4218_filterContams_241,18.577974226194087,70.71813758145012
epigenomics_4218_filterContams_242,18.012742249649847,55.6257831692278
epigenomics_4218_filterContams_243,20.511891817123885,57.499549415030316
epigenomics_4218_filterContams_244,24.97805752077953,49.03346769600519
epigenomics_4218_filterContams_245,20.717459593273226,65.83084210456845
epigenomics_4218_filterContams_246,21.654332566984618,69.632454380566
epigenomics_4218_filterContams_247,21.80221253461356,52.003758041226035
epigenomics_4218_filterContams_248,18.396605062622136,70.245954889064
epigenomics_4218_filterContams_249,18.125799768908156,62.59238844199819
epigenomics_4218_filterContams_250,17.367223444062745,66.56270910870178
epigenomics_4218_filterContams_251,17.589828199464353,72.52007361693536
epigenomics_4218_filterContams_252,26.16147607351352,78.20439236948457
epigenomics_4218_filterContams_253,27.650391189356128,64.08300468290471
epigenomics_4218_filterContams_254,22.682714840956102,55.06502682416171
epigenomics_4218_filterContams_255,15.207557578166575,74.06485617478971
epigenomics_4218_filterContams_256,19.19128921465511,69.6588479322021
epigenomics_4218_filterContams_257,19.741133353615883,74.25207068427267
epigenomics_4218_filterContams_258,18.291673548054558,64.11129622411036
epigenomics_4218_filterContams_259,19.612216652145893,77.30121741862524
epigenomics_4218_filterContams_260,14.77641987678248,48.988067683282054
epigenomics_4218_filterContams_261,18.059090810070877,62.36802163750639
epigenomics_4218_filterContams_262,17.202379949212357,68.3479617026253
epigenomics_4218_filterContams_263,23.443745878636722,53.9830651140936
epigenomics_4218_filterContams_264,18.011236864877738,60.79648747933551
epigenomics_4218_filterContams_265,21.582913275734125,73.48161758041327
epigenomics_4218_filterContams_266,17.923330351242555,71.11959848176305
epigenomics_4218_filterContams_267,17.583918374968178,65.8590504798295
epigenomics_4218_filterContams_268,15.74024716417113,67.87605295324899
epigenomics_4218_filterContams_269,21.33824641081827,62.037912003952506
epigenomics_4218_filterContams_270,20.136280458289413,73.03639236609524
epigenomics_4218_filterContams_271,21.20915159495365,72.10709362063717
epigenomics_4218_filterContams_272,20.427027929645252,74.80359074450053
epigenomics_4218_filterContams_273,22.765118146377958,74.38221273257389
epigenomics_4218_filterContams_274,20.03171507882318,74.03497418102926
epigenomics_4218_filterContams_275,20.08439492413264,63.45167996781194
epigenomics_4218_filterContams_276,16.762188007898274,75.1767698910748
epigenomics_4218_filterContams_277,19.24350876920164,70.15205167841125
epigenomics_4218_filterContams_278,22.71543289585818,69.13871877070918
epigenomics_4218_filterContams_279,19.53513396514183,74.50406972580097
epigenomics_4218_filterContams_280,21.315721824399677,60.63410867386804
epigenomics_4218_filterContams_281,21.733787798031628,63.83770188133922
epigenomics_4218_filterContams_282,20.672547294029016,67.056073201022
epigenomics_4218_filterContams_283,17.99801401641342,60.81731442661558
epigenomics_4218_filterContams_284,26.278658659185588,68.643810066314
epigenomics_4218_filterContams_285,22.75324198175726,63.630751752785386
epigenomics_4218_filterContams_286,21.163019146088203,55.99250073000623
epigenomics_4218_filterContams_287,21.712977136784296,60.65432553484381
epigenomics_4218_filterContams_288,24.47590598984855,70.85260363347584
epigenomics_4218_filterContams_289,20.442129918928185,65.6712631906307
epigenomics_4218_filterContams_290,20.170293198511317,49.075458806409095
epigenomics_4218_filterContams_291,24.459503837626993,77.87275050962951
epigenomics_4218_filterContams_292,21.42839916490877,62.499690678057085
epigenomics_4218_filterContams_293,18.6557166918725,69.98119287462305
epigenomics_4218_filterContams_294,20.382532631324878,71.76420086471042
epigenomics_4218_filterContams_295,23.989617008789764,59.11055926477778
epigenomics_4218_filterContams_296,19.452834294117018,53.71349685721644
epigenomics_4218_filterContams_297,18.463321421674163,67.04429256051857
epigenomics_4218_filterContams_298,18.427741134224945,66.57784609668374
epigenomics_4218_filterContams_299,22.86541885184858,66.4484555798317
epigenomics_4218_filterContams_300,17.137875322955892,60.82106234198766
epigenomics_4218_filterContams_301,22.784649963413347,67.2956653329022
epigenomics_4218_filterContams_302,23.211530439210858,77.50398999767768
epigenomics_4218_filterContams_303,19.99076421618032,46.04203962324401
epigenomics_4218_filterContams_304,11.944518844420342,60.63635559340713
epigenomics_4218_filterContams_305,12.404461763568378,73.45591083700573
epigenomics_4218_filterContams_306,21.361002337929477,72.47704293073204
epigenomics_4218_filterContams_307,24.548687870836346,79.94388836837703
epigenomics_4218_filterContams_308,17.802693934093817,59.5326423073633
epigenomics_4218_filterContams_309,23.137818861942097,59.19283823978937
epigenomics_4218_filterContams_310,20.417573110437786,66.97348172114572
epigenomics_4218_filterContams_311,21.85827858044343,57.35905729436511
epigenomics_4218_filterContams_312,18.67330785399945,66.24296748273767
epigenomics_4218_filterContams_313,26.132454724830637,66.98435589088609
epigenomics_4218_filterContams_314,20.930274809232,64.44914661047834
epigenomics_4218_filterContams_315,24.94590357400299,62.644182583853265
epigenomics_4218_filterContams_316,24.335637670196423,53.65738177853103
epigenomics_4218_filterContams_317,23.310823160922038,77.36620997191936
epigenomics_4218_filterContams_318,16.565431302684814,72.18608468202312
epigenomics_4218_filterContams_319,17.36918481265363,59.220872606244356
epigenomics_4218_filterContams_320,22.7758056582847,42.898120637002336
epigenomics_4218_filterContams_321,24.893814943693762,60.94195147463799
epigenomics_4218_filterContams_322,19.053580588366632,81.81409800986992
epigenomics_4218_filterContams_323,19.386533789508892,73.279181215447
epigenomics_4218_filterContams_324,18.949003183830182,71.92244459052468
epigenomics_4218_filterContams_325,13.072401992426514,81.62901997279229
epigenomics_4218_filterContams_326,13.494633285989256,61.37077439625796
epigenomics_4218_filterContams_327,21.027861958696093,78.78046822503921
epigenomics_4218_filterContams_328,15.642845032854115,57.783316604462065
epigenomics_4218_filterContams_329,23.892410323241503,52.59165946921435
epigenomics_4218_filterContams_330,17.422829222501765,66.30952346075182
epigenomics_4218_filterContams_331,19.74257815115194,61.40242678492664
epigenomics_4218_filterContams_332,22.518274819049473,52.80083919624718
epigenomics_4218_filterContams_333,14.738148850649496,55.55675848611553
epigenomics_4218_filterContams_334,21.781530586399256,63.349833264626454
epigenomics_4218_filterContams_335,21.407239335198053,65.81788091539559
epigenomics_4218_filterContams_336,17.09916459135131,77.3178769891699
epigenomics_4218_filterContams_337,19.086196445740274,71.86938910516346
epigenomics_4218_filterContams_338,21.44344049540511,58.50915395888309
epigenomics_4218_filterContams_339,17.966958153467523,70.86960930567771
epigenomics_4218_filterContams_340,28.752796887644095,64.54862548372488
epigenomics_4218_filterContams_341,17.840996202671185,83.35832072071156
epigenomics_4218_filterContams_342,17.462913036852036,70.98641115470085
epigenomics_4218_filterContams_343,23.885225222503458,67.32643674554448
epigenomics_4218_filterContams_344,20.649919682048004,78.29879033489308
epigenomics_4218_filterContams_345,22.698762163984085,59.65989804446592
epigenomics_4218_filterContams_346,12.360048035357202,63.39557200657615
epigenomics_4218_filterContams_347,17.998882319744737,80.45227843238304
epigenomics_4218_filterContams_348,17.45618931105752,59.13524637056061
epigenomics_4218_filterContams_349,21.082282768226392,57.17921676588384
epigenomics_4218_filterContams_350,22.7356175697205,57.302376537043784
epigenomics_4218_filterContams_351,16.748384405579102,63.379763005698585
epigenomics_4218_filterContams_352,18.74436750608936,77.7585377080106
epigenomics_4218_filterContams_353,18.177238006200078,59.94211411352788
epigenomics_4218_filterContams_354,19.739083075742126,70.02898660361194
epigenomics_4218_filterContams_355,21.061652275794845,61.527497287297464
epigenomics_4218_filterContams_356,18.080844588014607,76.66599978247456
epigenomics_4218_filterContams_357,19.30219080872503,67.88052925149067
epigenomics_4218_filterContams_358,20.915874314580513,62.46717174458226
epigenomics_4218_filterContams_359,21.364025184479463,59.10690048584308
epigenomics_4218_filterContams_360,18.373163846020322,71.6564892252812
epigenomics_4218_filterContams_361,19.33850176349236,79.96708103077893
epigenomics_4218_filterContams_362,22.29115377569974,69.53327453420968
epigenomics_4218_filterContams_363,18.46849113659128,69.03388517087522
epigenomics_4218_filterContams_364,22.539335581487634,74.10763478378794
epigenomics_4218_filterContams_365,21.376637917166764,58.14389596137688
epigenomics_4218_filterContams_366,19.667822526056327,76.4139820930829
epigenomics_4218_filterContams_367,17.410163298473012,66.34685764409404
epigenomics_4218_filterContams_368,19.535451315949494,76.5917946386505
epigenomics_4218_filterContams_369,21.76654652835643,79.23839210224054
epigenomics_4218_filterContams_370,12.401442113296092,66.6473672137509
epigenomics_4218_filterContams_371,19.874469674147463,63.688637892036255
epigenomics_4218_filterContams_372,20.104096576302474,72.935063831749
epigenomics_4218_filterContams_373,19.741714996038237,67.32259988723445
epigenomics_4218_filterContams_374,24.665854404690815,72.68403607374321
epigenomics_4218_filterContams_375,15.90981302205931,60.04557333968801
epigenomics_4218_filterContams_376,20.725309318382134,63.5926674878636
epigenomics_4218_filterContams_377,22.891924318650275,59.595226995444314
epigenomics_4218_filterContams_378,22.231118918579703,72.34076876509903
epigenomics_4218_filterContams_379,15.07171970885036,79.42938119231563
epigenomics_4218_filterContams_380,21.37305410064195,66.10613648675283
epigenomics_4218_filterContams_381,19.67367624309953,56.10768076292806
epigenomics_4218_filterContams_382,20.5722396842622,55.86514695292574
epigenomics_4218_filterContams_383,22.7849081089014,70.17430779712834
epigenomics_4218_filterContams_384,17.130810577875252,71.07680361638288
epigenomics_4218_filterContams_385,21.095263139622112,58.97806164125442
epigenomics_4218_filterContams_386,15.060135229574819,65.05524949010577
epigenomics_4218_filterContams_387,24.006551165629,52.6465918932491
epigenomics_4218_filterContams_388,25.672129840223388,80.7764675736346
epigenomics_4218_filterContams_389,23.29409904856764,64.09360033601615
epigenomics_4218_filterContams_390,11.07676629993033,58.263568922191254
epigenomics_4218_filterContams_391,16.333859610953184,60.657352472264336
epigenomics_4218_filterContams_392,18.43388291371413,66.71587964415426
epigenomics_4218_filterContams_393,19.855273496755288,62.51961495503086
epigenomics_4218_filterContams_394,19.0265966117265,66.39420938809799
epigenomics_4218_filterContams_395,17.950145327423957,61.95161546695171
epigenomics_4218_filterContams_396,17.688747990304655,74.07283993036475
epigenomics_4218_filterContams_397,20.849524791810122,58.583560257214764
epigenomics_4218_filterContams_398,14.200799791420426,68.58743491567765
epigenomics_4218_filterContams_399,16.57465002066426,54.16809547430005
epigenomics_4218_filterContams_400,21.192019665395197,66.93270842304652
epigenomics_4218_filterContams_401,15.76553177132665,55.51120919363408
epigenomics_4218_filterContams_402,15.210000317143017,62.35409667366797
epigenomics_4218_filterContams_403,18.028562222474918,54.14452621639275
epigenomics_4218_filterContams_404,22.270055845137485,72.64392748926655
epigenomics_4218_filterContams_405,20.252558558002903,78.7346677820898
epigenomics_4218_filterContams_406,20.867724247172205,67.54629363704449
epigenomics_4218_filterContams_407,19.60743838179131,71.08771040213811
epigenomics_4218_filterContams_408,22.62630979081781,66.49226741959686
epigenomics_4218_filterContams_409,19.30207764633456,75.70461046704511
epigenomics_4218_filterContams_410,18.010080347266776,72.9718127212547
epigenomics_4218_filterContams_411,17.468102327035,59.8489511289426
epigenomics_4218_filterContams_412,24.140115237242846,53.060746748134015
epigenomics_4218_filterContams_413,17.64832288958279,58.69693042221707
epigenomics_4218_filterContams_414,20.84271160706117,75.98224194815668
epigenomics_4218_filterContams_415,23.852000120775237,71.4205630292521
epigenomics_4218_filterContams_416,20.38168887312067,54.52849562651737
epigenomics_4218_filterContams_417,20.057457003891404,66.5550774883011
epigenomics_4218_filterContams_418,18.468812111451403,64.48807843504497
epigenomics_4218_filterContams_419,20.771940127957116,55.675871745564145
epigenomics_4218_filterContams_420,20.18410646751043,65.84069035338959
epigenomics_4218_filterContams_421,21.69983767864706,68.62212491342522
epigenomics_4218_filterContams_422,24.60785195064048,52.62813702304992
epigenomics_4218_filterContams_423,20.953487950821533,65.94026958463246
epigenomics_4218_filterContams_424,20.434899222724425,61.059086284065614
epigenomics_4218_filterContams_425,20.562284693062026,50.201224270365536
epigenomics_4218_filterContams_426,23.222847117405475,57.9858413747979
epigenomics_4218_filterContams_427,27.11324587747925,58.95305748251475
epigenomics_4218_filterContams_428,19.218954513114664,56.92908314639564
epigenomics_4218_filterContams_429,22.540355574629537,77.669794224276
epigenomics_4218_filterContams_430,20.980420489563183,55.117237506637906
epigenomics_4218_filterContams_431,23.318621913741296,73.220468426577
epigenomics_4218_filterContams_432,21.374433386745388,78.9786490736195
epigenomics_4218_filterContams_433,18.014108432432113,75.99808977001683
epigenomics_4218_filterContams_434,21.15731145591014,63.889592895385164
epigenomics_4218_filterContams_435,18.44875551839346,76.94302707173948
epigenomics_4218_filterContams_436,15.438066434508238,56.962601493666966
epigenomics_4218_filterContams_437,19.575465519111006,67.46199840371116
epigenomics_4218_filterContams_438,23.44405225630561,62.728655645143796
epigenomics_4218_filterContams_439,19.025178217426372,64.86754725838188
epigenomics_4218_filterContams_440,17.393415399686212,58.96427809615993
epigenomics_4218_filterContams_441,21.673606110706388,71.08179998514362
epigenomics_4218_filterContams_442,21.11173090198305,80.65752828058848
epigenomics_4218_filterContams_443,19.393741400960227,58.79221115938671
epigenomics_4218_filterContams_444,22.51315006162604,78.47353724976718
epigenomics_4218_filterContams_445,23.886030819036947,72.24442797475629
epigenomics_4218_filterContams_446,21.06404068152738,55.37773371125761
epigenomics_4218_filterContams_447,23.92721460371121,57.73551546792932
epigenomics_4218_filterContams_448,20.51871073362609,68.81029242134521
epigenomics_4218_filterContams_449,22.46186660650193,77.25553548528346
epigenomics_4218_filterContams_450,17.902060128921264,70.6208836541037
epigenomics_4218_filterContams_451,20.190167149774283,63.30696519208928
epigenomics_4218_filterContams_452,19.48626675598399,74.25657985540055
epigenomics_4218_filterContams_453,21.176972914189182,65.11152522020133
epigenomics_4218_filterContams_454,21.595781685703912,59.57382093255694
epigenomics_4218_filterContams_455,25.193734082095055,61.83513328661098
epigenomics_4218_filterContams_456,22.76559043768859,74.08852547738931
epigenomics_4218_filterContams_457,21.257126449204744,56.78238190381299
epigenomics_4218_filterContams_458,16.821882580220464,75.67038157320073
epigenomics_4218_filterContams_459,15.194345296795062,57.13341933499649
epigenomics_4218_filterContams_460,21.460797690310628,60.18761138930147
epigenomics_4218_filterContams_461,19.815234926562173,75.06260170881863
epigenomics_4218_filterContams_462,19.534165519180892,71.11946390913081
epigenomics_4218_filterContams_463,20.484074281859687,53.5053144609341
epigenomics_4218_filterContams_464,22.3856052838765,75.75696481008882
epigenomics_4218_filterContams_465,18.025418218517302,67.56299799220768
epigenomics_4218_filterContams_466,28.684172950942177,71.52605498303619
epigenomics_4218_filterContams_467,18.507104310547874,57.90486892155744
epigenomics_4218_filterContams_468,22.376410401433365,72.09375299272072
epigenomics_4218_filterContams_469,17.62398125096388,78.01844894924591
epigenomics_4218_filterContams_470,17.843718522117,71.28639766465994
epigenomics_4218_filterContams_471,24.08650633715031,67.63453130045416
epigenomics_4218_filterContams_472,23.058108442379286,59.352779722090276
epigenomics_4218_filterContams_473,21.860534568445242,54.64033324410539
epigenomics_4218_filterContams_474,17.11683821359867,59.11494997558546
epigenomics_4218_filterContams_475,14.54955744542442,70.55641697460416
epigenomics_4218_filterContams_476,21.602132538690963,68.37599795605345
epigenomics_4218_filterContams_477,18.898255036477234,60.30402021059642
epigenomics_4218_filterContams_478,24.329481392454937,68.43444877113524
epigenomics_4218_filterContams_479,19.81271054157865,63.24779053948672
epigenomics_4218_filterContams_480,15.886043677262158,73.06465167492505
epigenomics_4218_filterContams_481,18.90904010064954,68.58871903175773
epigenomics_4218_filterContams_482,19.809876664427698,50.26174478469302
epigenomics_4218_filterContams_483,17.439104340402498,45.75534273979897
epigenomics_4218_filterContams_484,21.010582636622072,69.30498955052965
epigenomics_4218_filterContams_485,22.261378209463984,68.30773996612245
epigenomics_4218_filterContams_486,15.0519632441638,54.029707436827586
epigenomics_4218_filterContams_487,26.263865255266033,81.99268537288458
epigenomics_4218_filterContams_488,19.197680341110754,51.10795963423698
epigenomics_4218_filterContams_489,20.170369338623118,70.47210082152239
epigenomics_4218_filterContams_490,19.094776299481897,70.08416702198201
epigenomics_4218_filterContams_491,20.308465907018835,67.94912399121064
epigenomics_4218_filterContams_492,13.28601645029633,64.91206786250766
epigenomics_4218_filterContams_493,24.260652542200724,71.47897401507846
epigenomics_4218_filterContams_494,25.20960867693307,76.33608658848391
epigenomics_4218_filterContams_495,27.225563355928166,58.30338584381811
epigenomics_4218_filterContams_496,15.827656459246835,64.19797310839564
epigenomics_4218_filterContams_497,24.52008614109533,73.14176595811728
epigenomics_4218_filterContams_498,22.70619172634236,60.30909847128311
epigenomics_4218_filterContams_499,18.052202465294876,47.12258527032597
epigenomics_4218_sol2sanger_0,81.25606560040917,54.34752404644116
epigenomics_4218_sol2sanger_1,82.28486303310912,56.22906612699362
epigenomics_4218_sol2sanger_2,79.3250135211647,45.11639736714362
epigenomics_4218_sol2sanger_3,84.08984139588432,46.68259914104361
epigenomics_4218_sol2sanger_4,79.42235062406601,44.133403608216064
epigenomics_4218_sol2sanger_5,81.59354282161263,52.60146356221512
epigenomics_4218_sol2sanger_6,82.4441482070719,48.103364848481924
epigenomics_4218_sol2sanger_7,81.27743108427512,38.25725754578499
epigenomics_4218_sol2sanger_8,78.30569360629437,52.90704565495266
epigenomics_4218_sol2sanger_9,80.08128630692791,39.02241931791394
epigenomics_4218_sol2sanger_10,85.10641388404751,54.803759675553806
epigenomics_4218_sol2sanger_11,83.29558814293549,36.479265955774174
epigenomics_4218_sol2sanger_12,84.5380206983823,47.15025699645236
epigenomics_4218_sol2sanger_13,86.84358849066068,50.53197431735701
epigenomics_4218_sol2sanger_14,91.0202607188941,51.655510182584834
epigenomics_4218_sol2sanger_15,81.15026840823711,48.92983484319523
epigenomics_4218_sol2sanger_16,74.929744504138,53.56952578947784
epigenomics_4218_sol2sanger_17,73.3487135819873,53.54852198323157
epigenomics_4218_sol2sanger_18,75.95540770689495,49.0329206768627
epigenomics_4218_sol2sanger_19,75.97697186050051,39.12338697444004
epigenomics_4218_sol2sanger_20,75.33586624438183,53.061958660384626
epigenomics_4218_sol2sanger_21,77.8969398603999,41.72993448065038
epigenomics_4218_sol2sanger_22,77.69924493947839,47.18613862098798
epigenomics_4218_sol2sanger_23,79.89909988364397,41.97824140879139
epigenomics_4218_sol2sanger_24,77.73239197680084,39.024798606770354
epigenomics_4218_sol2sanger_25,82.27524933593116,38.112597927326014
epigenomics_4218_sol2sanger_26,81.11257294427513,44.425674902404886
epigenomics_4218_sol2sanger_27,76.59534588802832,40.375150118632234
epigenomics_4218_sol2sanger_28,81.59192291133606,46.10604813141804
epigenomics_4218_sol2sanger_29,83.70074883584974,35.74780263798252
epigenomics_4218_sol2sanger_30,79.79093288678182,26.92607595918305
epigenomics_4218_sol2sanger_31,80.29739630462342,43.08808296476988
epigenomics_4218_sol2sanger_32,87.44375664519461,40.392938531453545
epigenomics_4218_sol2sanger_33,71.88159248488446,45.12613294052603
epigenomics_4218_sol2sanger_34,74.76407222381168,46.7009977633171
epigenomics_4218_sol2sanger_35,81.40536764485425,44.20102556748058
epigenomics_4218_sol2sanger_36,72.76317774340765,48.154546178249795
epigenomics_4218_sol2sanger_37,81.52868612651363,34.384619533102565
epigenomics_4218_sol2sanger_38,75.01640365128964,36.40932265751608
epigenomics_4218_sol2sanger_39,82.73692944080693,39.46806281306785
epigenomics_4218_sol2sanger_40,74.00030355212648,33.37451116613691
epigenomics_4218_sol2sanger_41,76.96306387829526,33.93901389556642
epigenomics_4218_sol2sanger_42,65.6413210665228,52.241665320858566
epigenomics_4218_sol2sanger_43,79.45762839617696,42.526874826466475
epigenomics_4218_sol2sanger_44,77.29074132463369,49.92117612589538
epigenomics_4218_sol2sanger_45,78.70009075973746,47.10637695733047
epigenomics_4218_sol2sanger_46,77.15507680234514,46.617770958551866
epigenomics_4218_sol2sanger_47,95.05685631473558,54.1841447268409
epigenomics_4218_sol2sanger_48,71.5223828188847,43.45996834813513
epigenomics_4218_sol2sanger_49,74.67966475583032,40.0292376789485
epigenomics_4218_sol2sanger_50,71.42779574605396,47.74227708563983
epigenomics_4218_sol2sanger_51,85.64262284663897,32.585787485171664
epigenomics_4218_sol2sanger_52,79.8656523445283,38.28730177911314
epigenomics_4218_sol2sanger_53,78.90744847412168,40.65833740573531
epigenomics_4218_sol2sanger_54,75.14558967248524,56.299781726859656
epigenomics_4218_sol2sanger_55,84.31766095970002,48.44395067196646
epigenomics_4218_sol2sanger_56,78.17102511361918,33.79409201867196
epigenomics_4218_sol2sanger_57,83.08973866393102,46.99484161689617
epigenomics_4218_sol2sanger_58,68.96275910685858,34.01221322698912
epigenomics_4218_sol2sanger_59,89.00162474743549,34.62329295567896
epigenomics_4218_sol2sanger_60,79.822119111635,52.45011595508674
epigenomics_4218_sol2sanger_61,83.41946185142174,41.89967471878508
epigenomics_4218_sol2sanger_62,87.16482986872367,50.21667468775075
epigenomics_4218_sol2sanger_63,76.19423113474372,41.648010315577885
epigenomics_4218_sol2sanger_64,87.26732095080126,36.906905276660794
epigenomics_4218_sol2sanger_65,77.20707261530995,35.8410146799952
epigenomics_4218_sol2sanger_66,73.38985148651257,53.84139008562289
epigenomics_4218_sol2sanger_67,78.24254349348112,47.76874512441368
epigenomics_4218_sol2sanger_68,83.26299142978019,46.95126945118152
epigenomics_4218_sol2sanger_69,76.79136483285345,49.906789545527545
epigenomics_4218_sol2sanger_70,88.5906405723912,47.80363451906937
epigenomics_4218_sol2sanger_71,77.8520194923163,41.16196213283708
epigenomics_4218_sol2sanger_72,75.60251723884113,37.99756677937839
epigenomics_4218_sol2sanger_73,84.28236609137575,45.9619973037939
epigenomics_4218_sol2sanger_74,77.07660094991178,57.536987519964285
epigenomics_4218_sol2sanger_75,76.22559169874188,44.693581740467735
epigenomics_4218_sol2sanger_76,79.59942617178861,30.784847204943382
epigenomics_4218_sol2sanger_77,80.58066496805813,27.465076645853706
epigenomics_4218_sol2sanger_78,77.98000349881418,42.3491761386603
epigenomics_4218_sol2sanger_79,70.30473621979768,46.23090602068817
epigenomics_4218_sol2sanger_80,85.68812882887869,49.85052387738021
epigenomics_4218_sol2sanger_81,82.61689916658942,67.3961808767861
epigenomics_4218_sol2sanger_82,85.36752315496257,40.87672866545932
epigenomics_4218_sol2sanger_83,75.26168829280222,50.92884659870829
epigenomics_4218_sol2sanger_84,73.64856040820844,56.055025029884135
epigenomics_4218_sol2sanger_85,76.51998694723042,30.20421645155883
epigenomics_4218_sol2sanger_86,82.67548729014493,51.192997185234
epigenomics_4218_sol2sanger_87,78.67391568950482,52.23746237028531
epigenomics_4218_sol2sanger_88,76.66733029880703,43.86238768831313
epigenomics_4218_sol2sanger_89,88.35767325311626,43.88728423380016
epigenomics_4218_sol2sanger_90,72.15656507878712,50.33091708891735
epigenomics_4218_sol2sanger_91,78.04327009842767,46.067583196531686
epigenomics_4218_sol2sanger_92,79.7954261969689,56.15180855217895
epigenomics_4218_sol2sanger_93,82.8068983842823,56.06306850262682
epigenomics_4218_sol2sanger_94,85.57589961260933,44.507875014161705
epigenomics_4218_sol2sanger_95,80.10054003884991,51.226414386225294
epigenomics_4218_sol2sanger_96,87.17941195702099,45.579513058198216
epigenomics_4218_sol2sanger_97,81.38734908948958,49.25587642885577
epigenomics_4218_sol2sanger_98,75.24357007179168,44.363106197299096
epigenomics_4218_sol2sanger_99,79.27295140365551,55.47774012638978
epigenomics_4218_sol2sanger_100,75.85116343027782,58.95106106527887
epigenomics_4218_sol2sanger_101,78.06471930089498,41.01776795979447
epigenomics_4218_sol2sanger_102,79.92466538535625,44.82927985121815
epigenomics_4218_sol2sanger_103,91.73828048551756,36.359674915215365
epigenomics_4218_sol2sanger_104,84.92877124103367,44.33194310638522
epigenomics_4218_sol2sanger_105,79.70416316734482,52.20553239509284
epigenomics_4218_sol2sanger_106,71.74868349272441,56.40403469546309
epigenomics_4218_sol2sanger_107,76.66334756452478,54.540239939054175
epigenomics_4218_sol2sanger_108,77.68976456850525,50.53403488589053
epigenomics_4218_sol2sanger_109,72.72888832860103,38.762286394848644
epigenomics_4218_sol2sanger_110,76.20794483898705,48.18508181561443
epigenomics_4218_sol2sanger_111,86.31751392712162,40.95650752389699
epigenomics_4218_sol2sanger_112,75.79668661247791,48.159253646012495
epigenomics_4218_sol2sanger_113,78.75888942031685,42.38115554914618
epigenomics_4218_sol2sanger_114,76.85989368615888,47.03183640062919
epigenomics_4218_sol2sanger_115,80.08990155452861,39.286655563077424
epigenomics_4218_sol2sanger_116,83.08250547597437,40.38131623139094
epigenomics_4218_sol2sanger_117,78.97012283488321,35.03865191543503
epigenomics_4218_sol2sanger_118,73.32857310984845,60.0743852368921
epigenomics_4218_sol2sanger_119,85.92973408421469,46.26826033313401
epigenomics_4218_sol2sanger_120,83.39149663160426,45.14089817249586
epigenomics_4218_sol2sanger_121,73.23155885631276,46.90033514803342
epigenomics_4218_sol2sanger_122,86.13241882290336,37.69503902223981
epigenomics_4218_sol2sanger_123,84.2695234775116,46.82627605652233
epigenomics_4218_sol2sanger_124,83.39854754034592,28.303506315366466
epigenomics_4218_sol2sanger_125,83.4643936925266,48.681475284154445
epigenomics_4218_sol2sanger_126,83.18504809608973,58.83552724061458
epigenomics_4218_sol2sanger_127,77.60726866532345,42.403617629521364
epigenomics_4218_sol2sanger_128,78.1284685993919,28.211385687673573
epigenomics_4218_sol2sanger_129,77.51433254619708,51.688829683955895
epigenomics_4218_sol2sanger_130,96.2699197542631,49.72948650596136
epigenomics_4218_sol2sanger_131,87.58988171138311,50.56234597757014
epigenomics_4218_sol2sanger_132,80.40823097617407,55.91915644673858
epigenomics_4218_sol2sanger_133,80.46432396874789,46.452052184524184
epigenomics_4218_sol2sanger_134,76.78395577847373,60.13107118151293
epigenomics_4218_sol2sanger_135,82.57598703111309,48.40330279977294
epigenomics_4218_sol2sanger_136,75.35211613329268,38.850209437016034
epigenomics_4218_sol2sanger_137,85.62013434831754,49.252277089052726
epigenomics_4218_sol2sanger_138,82.58069268017543,47.0495054860417
epigenomics_4218_sol2sanger_139,79.25998991930571,41.36482325088285
epigenomics_4218_sol2sanger_140,73.35204508277963,49.15470799795837
epigenomics_4218_sol2sanger_141,89.19551368570836,52.91249815727928
epigenomics_4218_sol2sanger_142,83.8352385664849,56.34555677911019
epigenomics_4218_sol2sanger_143,88.3272845544433,50.18081526569256
epigenomics_4218_sol2sanger_144,74.85322999410556,46.791432477511115
epigenomics_4218_sol2sanger_145,81.19570939365599,33.699877716891315
epigenomics_4218_sol2sanger_146,77.55699952010042,45.89012491529743
epigenomics_4218_sol2sanger_147,78.3304816315714,56.157573574927184
epigenomics_4218_sol2sanger_148,79.9111743206215,56.4551228914485
epigenomics_4218_sol2sanger_149,84.26061498613407,43.20326062371893
epigenomics_4218_sol2sanger_150,80.89254807646186,55.266964867920166
epigenomics_4218_sol2sanger_151,74.17186118890098,33.49119732006456
epigenomics_4218_sol2sanger_152,78.8654864540342,43.03462666566278
epigenomics_4218_sol2sanger_153,83.04889848891028,34.034235805164755
epigenomics_4218_sol2sanger_154,70.54833054666143,41.74391111699721
epigenomics_4218_sol2sanger_155,78.02499366771758,49.15450973817774
epigenomics_4218_sol2sanger_156,81.88838437736771,31.752676041309293
epigenomics_4218_sol2sanger_157,81.44040454658993,38.90584968603233
epigenomics_4218_sol2sanger_158,72.4518819792407,50.17717983430151
epigenomics_4218_sol2sanger_159,85.60717380708701,49.094054421848455
epigenomics_4218_sol2sanger_160,91.89191002296975,39.38084443508622
epigenomics_4218_sol2sanger_161,74.36112396434912,36.985788277331146
epigenomics_4218_sol2sanger_162,80.29908263579425,45.09465275826457
epigenomics_4218_sol2sanger_163,72.36077468490565,43.239576692244334
epigenomics_4218_sol2sanger_164,70.35833760730154,44.55196810911898
epigenomics_4218_sol2sanger_165,75.27033810583814,52.29813635947223
epigenomics_4218_sol2sanger_166,78.2423426290336,49.76968281603996
epigenomics_4218_sol2sanger_167,75.20593650817274,52.86564390151765
epigenomics_4218_sol2sanger_168,81.46391919942948,47.74740019606318
epigenomics_4218_sol2sanger_169,88.15594087624577,52.21617790445147
epigenomics_4218_sol2sanger_170,73.9253383847778,50.66459187329177
epigenomics_4218_sol2sanger_171,77.60882925439428,52.95901243524472
epigenomics_4218_sol2sanger_172,83.83871302701421,35.17765184136964
epigenomics_4218_sol2sanger_173,81.0987763864324,40.354148352020495
epigenomics_4218_sol2sanger_174,82.00632100476733,55.07039718792215
epigenomics_4218_sol2sanger_175,88.20771666234694,52.27620907423221
epigenomics_4218_sol2sanger_176,77.44053190585431,40.30760196334215
epigenomics_4218_sol2sanger_177,88.71060643147804,32.0766518821958
epigenomics_4218_sol2sanger_178,77.78369821336305,31.2429982985703
epigenomics_4218_sol2sanger_179,76.44056600929596,41.915249576467176
epigenomics_4218_sol2sanger_180,76.7820031842346,49.48057740325679
epigenomics_4218_sol2sanger_181,79.81430941311794,42.46086705483978
epigenomics_4218_sol2sanger_182,84.63489558783985,36.42053033017194
epigenomics_4218_sol2sanger_183,82.65270873333274,52.65315187795366
epigenomics_4218_sol2sanger_184,78.75722580063508,43.62483826500378
epigenomics_4218_sol2sanger_185,77.43019304182047,31.918058704098357
epigenomics_4218_sol2sanger_186,80.7162277726465,48.73539753006652
epigenomics_4218_sol2sanger_187,74.92870225139814,55.84710011966704
epigenomics_4218_sol2sanger_188,84.93558501540933,39.645592596309164
epigenomics_4218_sol2sanger_189,76.62458870346352,48.11935481053843
epigenomics_4218_sol2sanger_190,76.70860907699995,61.985888209259485
epigenomics_4218_sol2sanger_191,83.01583291190825,36.07580325683931
epigenomics_4218_sol2sanger_192,79.80841352606699,38.892529024683974
epigenomics_4218_sol2sanger_193,77.63779835076825,36.68846140824878
epigenomics_4218_sol2sanger_194,75.22500569681465,44.62965412422509
epigenomics_4218_sol2sanger_195,90.59543956596852,42.98327294362278
epigenomics_4218_sol2sanger_196,77.17424410902358,50.437393546701244
epigenomics_4218_sol2sanger_197,70.7864232028738,26.506812848537624
epigenomics_4218_sol2sanger_198,85.59697094142241,28.054393768254254
epigenomics_4218_sol2sanger_199,76.39838723593267,32.532554994179776
epigenomics_4218_sol2sanger_200,84.4690523356549,26.173927853946452
epigenomics_4218_sol2sanger_201,81.09888757646836,39.42508056790492
epigenomics_4218_sol2sanger_202,75.83425714892195,51.905192461537226
epigenomics_4218_sol2sanger_203,87.1429096433202,37.3762327892886
epigenomics_4218_sol2sanger_204,82.62780702635749,45.14747161543072
epigenomics_4218_sol2sanger_205,74.48188086652857,42.72454776958392
epigenomics_4218_sol2sanger_206,78.98029995001073,56.87347408102636
epigenomics_4218_sol2sanger_207,82.81302198808699,49.94734309271054
epigenomics_4218_sol2sanger_208,76.25399068892101,38.851848554654794
epigenomics_4218_sol2sanger_209,79.47378423825101,45.62418386251139
epigenomics_4218_sol2sanger_210,81.00742296858022,53.95075848890589
epigenomics_4218_sol2sanger_211,76.39949330635018,48.116561260520214
epigenomics_4218_sol2sanger_212,83.71614952687125,41.088049144033086
epigenomics_4218_sol2sanger_213,78.41213778652556,48.674561010403956
epigenomics_4218_sol2sanger_214,82.32193752865203,36.71839401965118
epigenomics_4218_sol2sanger_215,81.31139771551774,43.038002440068425
epigenomics_4218_sol2sanger_216,80.73396504241072,40.71966858639274
epigenomics_4218_sol2sanger_217,76.25908309973182,28.787555588258627
epigenomics_4218_sol2sanger_218,80.57382320496272,37.2699523273701
epigenomics_4218_sol2sanger_219,79.8710717044979,34.48070537709857
epigenomics_4218_sol2sanger_220,75.12704602399036,41.702307009097034
epigenomics_4218_sol2sanger_221,74.42285662944956,33.993758450986405
epigenomics_4218_sol2sanger_222,83.76888235032828,47.313465884404565
epigenomics_4218_sol2sanger_223,71.1239783461364,25.896067624723585
epigenomics_4218_sol2sanger_224,81.59896907921936,40.09493481600027
epigenomics_4218_sol2sanger_225,69.77751619074178,56.590894247485934
epigenomics_4218_sol2sanger_226,83.06321547090495,50.742725019443604
epigenomics_4218_sol2sanger_227,71.78134471798406,45.996797726416304
epigenomics_4218_sol2sanger_228,85.99718559332904,38.885035665414556
epigenomics_4218_sol2sanger_229,83.24912859172765,36.693583060010916
epigenomics_4218_sol2sanger_230,84.28026202955144,34.11547538673309
epigenomics_4218_sol2sanger_231,76.3989583747973,45.512470132652076
epigenomics_4218_sol2sanger_232,81.83418786298053,38.08982141145497
epigenomics_4218_sol2sanger_233,87.93467749057886,22.942843543075337
epigenomics_4218_sol2sanger_234,83.75419742007996,53.87211040021133
epigenomics_4218_sol2sanger_235,79.78765394835217,35.24562083153885
epigenomics_4218_sol2sanger_236,79.50854317147062,50.618812436963665
epigenomics_4218_sol2sanger_237,85.81863664933346,43.01019979729565
epigenomics_4218_sol2sanger_238,85.40038716304883,57.47108328372275
epigenomics_4218_sol2sanger_239,91.7792946214888,33.95978522207987
epigenomics_4218_sol2sanger_240,81.21216950501314,57.588418753329826
epigenomics_4218_sol2sanger_241,77.89347165107424,29.94018420548554
epigenomics_4218_sol2sanger_242,74.26623244544248,47.61019848996994
epigenomics_4218_sol2sanger_243,83.41743287131473,44.91037671589715
epigenomics_4218_sol2sanger_244,78.39422496146885,45.4952889278909
epigenomics_4218_sol2sanger_245,74.993999942615,40.71885613870987
epigenomics_4218_sol2sanger_246,83.81966362655864,49.11137273693581
epigenomics_4218_sol2sanger_247,81.01890665413693,52.43067107614924
epigenomics_4218_sol2sanger_248,75.36905372937171,44.37695847448915
epigenomics_4218_sol2sanger_249,84.71860412917542,42.70440798394108
epigenomics_4218_sol2sanger_250,75.82403256100207,39.76176407967748
epigenomics_4218_sol2sanger_251,82.10136229702923,37.864955594153926
epigenomics_4218_sol2sanger_252,78.0754091754549,43.69239435668276
epigenomics_4218_sol2sanger_253,81.25588165981192,37.526575407094114
epigenomics_4218_sol2sanger_254,81.75656472516334,35.46272990708629
epigenomics_4218_sol2sanger_255,80.03037596765073,41.31110832520639
epigenomics_4218_sol2sanger_256,85.13243465928996,49.12572358266605
epigenomics_4218_sol2sanger_257,70.8377673853388,59.44818055413596
epigenomics_4218_sol2sanger_258,78.44262004621268,29.099722686800668
epigenomics_4218_sol2sanger_259,78.62318459940387,41.931405548707126
epigenomics_4218_sol2sanger_260,84.37528070411672,39.52340371402091
epigenomics_4218_sol2sanger_261,80.8945028711362,51.364379105826174
epigenomics_4218_sol2sanger_262,81.81737254410464,44.624088980732495
epigenomics_4218_sol2sanger_263,70.50750073953934,45.70210498668185
epigenomics_4218_sol2sanger_264,88.93977544588479,30.554347136057174
epigenomics_4218_sol2sanger_265,76.21412439290488,45.20747134295658
epigenomics_4218_sol2sanger_266,81.20063660509345,46.26228197188507
epigenomics_4218_sol2sanger_267,82.80006321651891,47.34590965420699
epigenomics_4218_sol2sanger_268,74.17257043902785,35.582635273037084
epigenomics_4218_sol2sanger_269,76.56777548472573,53.83294412939559
epigenomics_4218_sol2sanger_270,75.39778302361182,41.43960020593637
epigenomics_4218_sol2sanger_271,68.23513797622248,38.556825617180706
epigenomics_4218_sol2sanger_272,83.72485961289053,44.786067920014105
epigenomics_4218_sol2sanger_273,76.9619929495006,57.857264337206715
epigenomics_4218_sol2sanger_274,81.44074340422618,51.53238280901841
epigenomics_4218_sol2sanger_275,79.69324440405518,44.62501800628463
epigenomics_4218_sol2sanger_276,77.0042222528544,44.143212523003804
epigenomics_4218_sol2sanger_277,76.27672855347535,52.64877782659654
epigenomics_4218_sol2sanger_278,76.29794796935855,38.68007122328647
epigenomics_4218_sol2sanger_279,82.08582482220362,48.901406703324824
epigenomics_4218_sol2sanger_280,86.42744707296342,39.013008983752854
epigenomics_4218_sol2sanger_281,77.35654152606018,35.97702318575152
epigenomics_4218_sol2sanger_282,79.64539930869435,32.26908314265528
epigenomics_4218_sol2sanger_283,78.44782113111926,54.43140852196409
epigenomics_4218_sol2sanger_284,81.54664164350501,54.14235672469367
epigenomics_4218_sol2sanger_285,75.06521093074113,47.974810044726155
epigenomics_4218_sol2sanger_286,77.21905603518863,44.17012825663654
epigenomics_4218_sol2sanger_287,78.5813219477817,35.68789204443621
epigenomics_4218_sol2sanger_288,83.94349884633631,42.4570070609519
epigenomics_4218_sol2sanger_289,81.94716981044674,45.71868207348602
epigenomics_4218_sol2sanger_290,81.37000619113151,37.82186117887451
epigenomics_4218_sol2sanger_291,97.82116086575297,36.27826263537526
epigenomics_4218_sol2sanger_292,77.8628198447806,37.78659004205305
epigenomics_4218_sol2sanger_293,78.11032271161285,45.154036121617466
epigenomics_4218_sol2sanger_294,80.24075244457198,52.121684143691766
epigenomics_4218_sol2sanger_295,78.1006319152757,55.20727302898928
epigenomics_4218_sol2sanger_296,78.18912546022788,43.607087924867606
epigenomics_4218_sol2sanger_297,74.07312586504221,45.169136172245864
epigenomics_4218_sol2sanger_298,83.87679944066352,43.15008481839514
epigenomics_4218_sol2sanger_299,76.9277009982325,48.945512580471515
epigenomics_4218_sol2sanger_300,78.88617893832395,40.59605803438468
epigenomics_4218_sol2sanger_301,79.7585801773779,47.40978435204136
epigenomics_4218_sol2sanger_302,90.0233947903925,38.54322948626407
epigenomics_4218_sol2sanger_303,80.23275511732935,35.04311963268773
epigenomics_4218_sol2sanger_304,77.54281872346968,48.90776784136022
epigenomics_4218_sol2sanger_305,82.23626527199613,57.238520170438
epigenomics_4218_sol2sanger_306,81.97414441147765,42.81610628255424
epigenomics_4218_sol2sanger_307,83.02436064673448,40.09438008738825
epigenomics_4218_sol2sanger_308,80.59582245695319,41.625012782798024
epigenomics_4218_sol2sanger_309,77.73991294346376,60.54182113539496
epigenomics_4218_sol2sanger_310,74.71357676838193,52.87477180066082
epigenomics_4218_sol2sanger_311,74.61173052939924,43.24953647870729
epigenomics_4218_sol2sanger_312,76.9391366547489,36.14055308963176
epigenomics_4218_sol2sanger_313,85.30669997835619,34.91160325746524
epigenomics_4218_sol2sanger_314,85.26678991502278,50.673433946571855
epigenomics_4218_sol2sanger_315,84.07328485312748,51.591084204716914
epigenomics_4218_sol2sanger_316,81.57254868617828,30.224883004986573
epigenomics_4218_sol2sanger_317,79.4224242192685,43.10621456531478
epigenomics_4218_sol2sanger_318,67.32249370998508,47.37716651753285
epigenomics_4218_sol2sanger_319,79.47891878970734,57.65249610909666
epigenomics_4218_sol2sanger_320,73.67653104970044,35.936948174919976
epigenomics_4218_sol2sanger_321,80.71262289866763,50.19938381846091
epigenomics_4218_sol2sanger_322,77.50699694485233,49.56506088600084
epigenomics_4218_sol2sanger_323,77.41426080480554,44.97495660747038
epigenomics_4218_sol2sanger_324,76.23575982790005,40.78232450021728
epigenomics_4218_sol2sanger_325,89.46263957911731,42.970588665252
epigenomics_4218_sol2sanger_326,83.67529550144347,59.57901812538333
epigenomics_4218_sol2sanger_327,75.20830512663098,39.33407007527139
epigenomics_4218_sol2sanger_328,82.83990052344211,50.81648743574687
epigenomics_4218_sol2sanger_329,78.64213223067367,42.724385588827204
epigenomics_4218_sol2sanger_330,79.86820614515436,51.38623180680851
epigenomics_4218_sol2sanger_331,80.37146146099712,48.34159215814228
epigenomics_4218_sol2sanger_332,86.59504634409967,50.43354435928394
epigenomics_4218_sol2sanger_333,79.29154622737552,31.994726663801508
epigenomics_4218_sol2sanger_334,87.50840061040881,42.919857399443934
epigenomics_4218_sol2sanger_335,79.70313945984068,49.7999919657248
epigenomics_4218_sol2sanger_336,78.63081425940614,50.66078022816847
epigenomics_4218_sol2sanger_337,84.02550865659084,46.48140278919273
epigenomics_4218_sol2sanger_338,78.19681528878392,49.733263237044625
epigenomics_4218_sol2sanger_339,79.14135023744082,51.156741768333696
epigenomics_4218_sol2sanger_340,79.89298688041963,54.68807371081057
epigenomics_4218_sol2sanger_341,76.69079570550721,51.94283144988618
epigenomics_4218_sol2sanger_342,76.89031519674411,40.03876830711951
epigenomics_4218_sol2sanger_343,79.85535884111125,52.657498389887614
epigenomics_4218_sol2sanger_344,72.60333530522861,58.57626428722509
epigenomics_4218_sol2sanger_345,78.75901927839833,47.61594450693805
epigenomics_4218_sol2sanger_346,76.99692128711823,61.211589234674385
epigenomics_4218_sol2sanger_347,87.00809392780899,45.399472098528086
epigenomics_4218_sol2sanger_348,88.42752464372178,44.67999368581549
epigenomics_4218_sol2sanger_349,86.66142010419883,36.502720693685255
epigenomics_4218_sol2sanger_350,78.75754679770668,49.11887313215126
epigenomics_4218_sol2sanger_351,80.65105606789365,44.394995034331934
epigenomics_4218_sol2sanger_352,89.92621430752476,41.16403256424137
epigenomics_4218_sol2sanger_353,73.11682555830706,55.90838873029637
epigenomics_4218_sol2sanger_354,72.16580129768703,49.39325525543481
epigenomics_4218_sol2sanger_355,76.80100112836621,39.13966031991646
epigenomics_4218_sol2sanger_356,80.50361112377539,45.67050303584121
epigenomics_4218_sol2sanger_357,77.7983237433789,49.62558005798513
epigenomics_4218_sol2sanger_358,72.54772597928667,51.789431471388056
epigenomics_4218_sol2sanger_359,82.04655657638372,42.55629479338489
epigenomics_4218_sol2sanger_360,69.90721257394688,45.87442725653118
epigenomics_4218_sol2sanger_361,81.31220668116087,38.925456279332295
epigenomics_4218_sol2sanger_362,73.55382404267883,47.708236374412074
epigenomics_4218_sol2sanger_363,75.77504528337644,40.07987673949309
epigenomics_4218_sol2sanger_364,85.30166784644331,52.571788943843835
epigenomics_4218_sol2sanger_365,80.50548141016884,47.243172610316286
epigenomics_4218_sol2sanger_366,79.00209397694134,36.904921073755396
epigenomics_4218_sol2sanger_367,80.72241701072996,45.20778559509747
epigenomics_4218_sol2sanger_368,82.281957470716,52.79890519847932
epigenomics_4218_sol2sanger_369,75.00657226006015,41.47169087888915
epigenomics_4218_sol2sanger_370,82.40411298626432,50.549538934689586
epigenomics_4218_sol2sanger_371,76.85594419646593,40.23570601765176
epigenomics_4218_sol2sanger_372,76.62334416694034,49.52924075852825
epigenomics_4218_sol2sanger_373,78.43169629666346,30.78393907849043
epigenomics_4218_sol2sanger_374,80.66849991078554,40.193604266341275
epigenomics_4218_sol2sanger_375,76.23697306400642,55.565947923709324
epigenomics_4218_sol2sanger_376,80.91099353801468,59.63453477674609
epigenomics_4218_sol2sanger_377,84.21218214003261,38.322903086117556
epigenomics_4218_sol2sanger_378,76.94990270680034,33.98673560244599
epigenomics_4218_sol2sanger_379,82.86842522783357,45.014944928531314
epigenomics_4218_sol2sanger_380,85.68895943925335,41.115841062852766
epigenomics_4218_sol2sanger_381,82.14321103537557,42.85003879372687
epigenomics_4218_sol2sanger_382,81.67461522876698,55.878873043963026
epigenomics_4218_sol2sanger_383,77.2434286217203,49.47561284109637
epigenomics_4218_sol2sanger_384,88.95471338167243,50.28911565002983
epigenomics_4218_sol2sanger_385,93.35753009120111,34.64365552531626
epigenomics_4218_sol2sanger_386,83.11244598900596,41.65447440959138
epigenomics_4218_sol2sanger_387,73.9099925435569,45.99484139229005
epigenomics_4218_sol2sanger_388,69.63506951508029,54.68518059867033
epigenomics_4218_sol2sanger_389,82.38700543426853,46.478146114576184
epigenomics_4218_sol2sanger_390,76.94868425268707,48.96234771553238
epigenomics_4218_sol2sanger_391,84.12981022438163,40.09471732954162
epigenomics_4218_sol2sanger_392,78.70984333378325,45.49461631496111
epigenomics_4218_sol2sanger_393,84.27177922028416,45.23767121293282
epigenomics_4218_sol2sanger_394,79.22079399729847,26.700259796366524
epigenomics_4218_sol2sanger_395,77.71159675328812,42.21257224763578
epigenomics_4218_sol2sanger_396,75.00974761564599,55.79368168620261
epigenomics_4218_sol2sanger_397,76.44719864971813,37.16297798801666
epigenomics_4218_sol2sanger_398,84.50223032298894,41.74050282037061
epigenomics_4218_sol2sanger_399,85.1600226783287,44.49361070772538
epigenomics_4218_sol2sanger_400,77.62320965295712,42.06931528332073
epigenomics_4218_sol2sanger_401,82.50440219178056,46.88676245436108
epigenomics_4218_sol2sanger_402,79.41498563184392,41.15386761574399
epigenomics_4218_sol2sanger_403,85.77361455762538,37.01446316212929
epigenomics_4218_sol2sanger_404,80.66150741727195,42.53816785034184
epigenomics_4218_sol2sanger_405,83.30847478374413,52.088477947215814
epigenomics_4218_sol2sanger_406,82.12948910955163,47.8012436884994
epigenomics_4218_sol2sanger_407,81.67568788715568,38.01427997765228
epigenomics_4218_sol2sanger_408,68.1322601313861,48.50185494618345
epigenomics_4218_sol2sanger_409,90.80596787453436,45.032619300216865
epigenomics_4218_sol2sanger_410,74.39687825667669,52.550365240026274
epigenomics_4218_sol2sanger_411,71.9241955015495,39.30981827200026
epigenomics_4218_sol2sanger_412,85.34204128855623,45.19510334008803
epigenomics_4218_sol2sanger_413,71.22737146355607,51.84146975049784
epigenomics_4218_sol2sanger_414,78.5913211678813,48.82530514064695
epigenomics_4218_sol2sanger_415,76.27404416451148,49.06725836530125
epigenomics_4218_sol2sanger_416,77.34246504529418,58.08640586960453
epigenomics_4218_sol2sanger_417,85.2194520325815,50.615277493108714
epigenomics_4218_sol2sanger_418,76.74875695023192,41.271125926569155
epigenomics_4218_sol2sanger_419,77.41398737124784,45.944088514132275
epigenomics_4218_sol2sanger_420,84.86738257503312,55.97391258904117
epigenomics_4218_sol2sanger_421,84.49149548143029,57.04732913996217
epigenomics_4218_sol2sanger_422,76.1207783990201,35.21704818169535
epigenomics_4218_sol2sanger_423,80.37971515025,44.56221027560429
epigenomics_4218_sol2sanger_424,81.92369456234903,48.25588772764326
epigenomics_4218_sol2sanger_425,75.70343680874602,35.55387342232852
epigenomics_4218_sol2sanger_426,84.39959510531313,48.84349148675468
epigenomics_4218_sol2sanger_427,79.61192712869695,55.5778971400026
epigenomics_4218_sol2sanger_428,82.54266717326067,30.00065848448211
epigenomics_4218_sol2sanger_429,84.73494138203418,41.008894313340946
epigenomics_4218_sol2sanger_430,78.26491933956203,55.40933232657845
epigenomics_4218_sol2sanger_431,84.58151144116549,50.68574266773623
epigenomics_4218_sol2sanger_432,83.86313504514543,33.77147972150081
epigenomics_4218_sol2sanger_433,77.56846870962704,38.42366444712253
epigenomics_4218_sol2sanger_434,79.30470049043329,37.80678241688219
epigenomics_4218_sol2sanger_435,81.34118169100498,45.571223946569404
epigenomics_4218_sol2sanger_436,84.76635963713805,44.31356579158808
epigenomics_4218_sol2sanger_437,82.14260813374293,49.26357933138007
epigenomics_4218_sol2sanger_438,81.87768607915734,35.81287926397327
epigenomics_4218_sol2sanger_439,76.86849358381829,65.83467830218535
epigenomics_4218_sol2sanger_440,82.59837124356338,70.44172669105197
epigenomics_4218_sol2sanger_441,81.37654477782979,20.576712587230954
epigenomics_4218_sol2sanger_442,72.28341785494209,50.042755215409855
epigenomics_4218_sol2sanger_443,82.96816423291214,36.380977187175745
epigenomics_4218_sol2sanger_444,81.02519057076023,40.7109301318339
epigenomics_4218_sol2sanger_445,83.15857022770369,53.81170958240097
epigenomics_4218_sol2sanger_446,74.38082182937774,49.638109748136976
epigenomics_4218_sol2sanger_447,79.8003117329179,43.28072328606675
epigenomics_4218_sol2sanger_448,71.31100662684669,55.89183731442898
epigenomics_4218_sol2sanger_449,74.69067412832626,45.95377631831898
epigenomics_4218_sol2sanger_450,84.10690880394603,37.1425727931692
epigenomics_4218_sol2sanger_451,75.53783022999303,58.35878469382256
epigenomics_4218_sol2sanger_452,82.44678828093186,46.27811594226966
epigenomics_4218_sol2sanger_453,72.99243345890031,36.017251180868
epigenomics_4218_sol2sanger_454,83.03192248730946,48.15194247699332
epigenomics_4218_sol2sanger_455,76.38345986136032,47.91856523331997
epigenomics_4218_sol2sanger_456,82.48812025253054,33.47660107111933
epigenomics_4218_sol2sanger_457,79.27857445495381,46.77662715141195
epigenomics_4218_sol2sanger_458,80.55900215253254,49.43729240900466
epigenomics_4218_sol2sanger_459,75.68222110532636,56.07376475133961
epigenomics_4218_sol2sanger_460,89.46219079631248,52.99018097471054
epigenomics_4218_sol2sanger_461,82.22369131138102,43.34001462731875
epigenomics_4218_sol2sanger_462,78.6902457056396,51.04004772490795
epigenomics_4218_sol2sanger_463,83.71175355155528,45.69030512466667
epigenomics_4218_sol2sanger_464,80.36233697538859,39.47717050833258
epigenomics_4218_sol2sanger_465,83.70831229023678,41.613621287312554
epigenomics_4218_sol2sanger_466,82.0078469483452,58.49760210628557
epigenomics_4218_sol2sanger_467,74.52621361531199,43.347348679213745
epigenomics_4218_sol2sanger_468,73.64025057509659,50.37577634397624
epigenomics_4218_sol2sanger_469,77.17142238383339,41.867176540677704
epigenomics_4218_sol2sanger_470,81.80324736192802,56.44429859934303
epigenomics_4218_sol2sanger_471,78.3186332227156,44.85760669305176
epigenomics_4218_sol2sanger_472,77.70581608861035,53.19599605480834
epigenomics_4218_sol2sanger_473,83.6565594625789,54.67184590203662
epigenomics_4218_sol2sanger_474,86.30714963233007,49.70239932378398
epigenomics_4218_sol2sanger_475,81.166713693454,49.36607244195011
epigenomics_4218_sol2sanger_476,84.0218638318426,32.036625709369645
epigenomics_4218_sol2sanger_477,79.45418887937537,24.364629922098743
epigenomics_4218_sol2sanger_478,83.21960976282631,33.83003530400116
epigenomics_4218_sol2sanger_479,78.60450141275402,47.07933217727375
epigenomics_4218_sol2sanger_480,80.56628911003628,34.315130135524925
epigenomics_4218_sol2sanger_481,74.8930486821286,42.60507178414004
epigenomics_4218_sol2sanger_482,84.67682714575696,42.72511193978252
epigenomics_4218_sol2sanger_483,82.84932755623454,55.488943906226076
epigenomics_4218_sol2sanger_484,82.39724757002224,56.83866296174527
epigenomics_4218_sol2sanger_485,78.06669556430022,39.68984488513964
epigenomics_4218_sol2sanger_486,86.47994114919457,28.742934718678622
epigenomics_4218_sol2sanger_487,71.52486159198389,47.53791818270021
epigenomics_4218_sol2sanger_488,81.7392699370252,46.035368214426455
epigenomics_4218_sol2sanger_489,84.72471396164607,50.50033937193324
epigenomics_4218_sol2sanger_490,75.09127236979185,36.523461229656135
epigenomics_4218_sol2sanger_491,77.24946694481119,40.64809100451909
epigenomics_4218_sol2sanger_492,75.12598730413382,56.63525731157331
epigenomics_4218_sol2sanger_493,81.03918318721038,50.66704389344073
epigenomics_4218_sol2sanger_494,81.80543610504346,36.00261302721455
epigenomics_4218_sol2sanger_495,80.79689494281607,50.154566087993395
epigenomics_4218_sol2sanger_496,78.06527155684189,39.734968873893166
epigenomics_4218_sol2sanger_497,74.94663879914572,43.077699645044646
epigenomics_4218_sol2sanger_498,82.06941004560534,39.90605798907469
epigenomics_4218_sol2sanger_499,83.5835137719448,48.50991769974885
epigenomics_4218_fast2bfq_0,56.972170674398654,70.63106611259337
epigenomics_4218_fast2bfq_1,39.658955951068904,87.47506222005374
epigenomics_4218_fast2bfq_2,44.61681006682519,76.43042949700806
epigenomics_4218_fast2bfq_3,51.42369052254561,85.87562789334865
epigenomics_4218_fast2bfq_4,50.62279046662474,86.46042712430513
epigenomics_4218_fast2bfq_5,40.068809903871134,80.87724011233725
epigenomics_4218_fast2bfq_6,48.53276784692042,84.80110420210082
epigenomics_4218_fast2bfq_7,35.84801850669791,81.09571487594381
epigenomics_4218_fast2bfq_8,51.58594252910246,88.72778860610887
epigenomics_4218_fast2bfq_9,48.60588744595026,95.33240802665371
epigenomics_4218_fast2bfq_10,57.359117227092504,80.44924843833239
epigenomics_4218_fast2bfq_11,46.92212456407288,83.50133753804941
epigenomics_4218_fast2bfq_12,43.972930489397605,91.54705949380002
epigenomics_4218_fast2bfq_13,46.59994534808066,82.44994760273185
epigenomics_4218_fast2bfq_14,54.18607985874917,68.69735009058205
epigenomics_4218_fast2bfq_15,55.987090273379216,72.76292910767454
epigenomics_4218_fast2bfq_16,42.911135475133115,71.57242630563805
epigenomics_4218_fast2bfq_17,42.07847223232378,93.77789584825982
epigenomics_4218_fast2bfq_18,35.07250844308053,90.22432739168234
epigenomics_4218_fast2bfq_19,45.702682550221034,78.21680847331368
epigenomics_4218_fast2bfq_20,41.413995022868185,80.64131587556588
epigenomics_4218_fast2bfq_21,35.713294719024034,91.67876681518332
epigenomics_4218_fast2bfq_22,49.26789744142265,82.21619411113235
epigenomics_4218_fast2bfq_23,38.28411898952028,93.8317429294328
epigenomics_4218_fast2bfq_24,49.906511260810234,77.46006829479494
epigenomics_4218_fast2bfq_25,39.59258148959083,83.16652871699964
epigenomics_4218_fast2bfq_26,46.02109121909646,90.03010719900196
epigenomics_4218_fast2bfq_27,31.64404593734572,79.17088041861545
epigenomics_4218_fast2bfq_28,45.54152801459195,86.84054023912799
epigenomics_4218_fast2bfq_29,43.36951051290299,70.38160727906845
epigenomics_4218_fast2bfq_30,43.2079696282749,83.08807868482369
epigenomics_4218_fast2bfq_31,45.67968262774126,73.10818142659227
epigenomics_4218_fast2bfq_32,50.59357955912407,79.00092372623615
epigenomics_4218_fast2bfq_33,28.667864190719552,82.7208862717705
epigenomics_4218_fast2bfq_34,47.14711655677949,70.84831439684349
epigenomics_4218_fast2bfq_35,41.67897613676614,93.15759998434916
epigenomics_4218_fast2bfq_36,49.405166728481014,80.37050710057085
epigenomics_4218_fast2bfq_37,37.7088980805753,81.91905552203494
epigenomics_4218_fast2bfq_38,40.393844611454895,86.76441731820815
epigenomics_4218_fast2bfq_39,40.45890202654951,83.61358732183122
epigenomics_4218_fast2bfq_40,45.874668379403346,84.76232206672005
epigenomics_4218_fast2bfq_41,53.81313159499876,84.83284725890945
epigenomics_4218_fast2bfq_42,44.84004861306007,82.63030516559333
epigenomics_4218_fast2bfq_43,55.76324713857858,88.33835380774856
epigenomics_4218_fast2bfq_44,34.732262611074916,82.44896198214866
epigenomics_4218_fast2bfq_45,49.670503985860954,80.3676508535084
epigenomics_4218_fast2bfq_46,36.9325749673312,78.02573600726942
epigenomics_4218_fast2bfq_47,48.035465323728545,82.19607609538647
epigenomics_4218_fast2bfq_48,51.84954908837179,91.77180308937577
epigenomics_4218_fast2bfq_49,55.465885504695635,83.32338129600417
epigenomics_4218_fast2bfq_50,48.7227301047918,73.1807300290049
epigenomics_4218_fast2bfq_51,52.76296631505035,82.89256482095992
epigenomics_4218_fast2bfq_52,53.657774407673145,81.17898246780483
epigenomics_4218_fast2bfq_53,40.05650712154443,73.49505206995663
epigenomics_4218_fast2bfq_54,31.37383087418469,80.23163004625937
epigenomics_4218_fast2bfq_55,54.548020332523635,79.1676519986598
epigenomics_4218_fast2bfq_56,57.88523723753127,76.70593270275805
epigenomics_4218_fast2bfq_57,55.14095115099637,72.89626824052027
epigenomics_4218_fast2bfq_58,51.849640436756275,76.8335185390033
epigenomics_4218_fast2bfq_59,17.49562826760254,86.86953529119971
epigenomics_4218_fast2bfq_60,44.75454337562782,84.20659859641397
epigenomics_4218_fast2bfq_61,60.78220892711041,83.82041504019065
epigenomics_4218_fast2bfq_62,39.63651864088268,89.44661459211086
epigenomics_4218_fast2bfq_63,54.42455284900707,82.40611040256098
epigenomics_4218_fast2bfq_64,45.75691703579512,83.31509538218873
epigenomics_4218_fast2bfq_65,47.212561979048004,72.10712018062011
epigenomics_4218_fast2bfq_66,54.71402790600361,75.80243853589997
epigenomics_4218_fast2bfq_67,43.68767669525017,83.45461305937003
epigenomics_4218_fast2bfq_68,44.01080783469235,86.71093714678273
epigenomics_4218_fast2bfq_69,57.48278183503093,73.09450189293364
epigenomics_4218_fast2bfq_70,42.283091498084424,84.68847945677646
epigenomics_4218_fast2bfq_71,45.44603345154098,89.77039117243342
epigenomics_4218_fast2bfq_72,56.16695677683425,75.95863847937635
epigenomics_4218_fast2bfq_73,37.37329821683411,76.901014988052
epigenomics_4218_fast2bfq_74,39.11154392482842,73.83905643976571
epigenomics_4218_fast2bfq_75,45.33011326371358,71.51127460978611
epigenomics_4218_fast2bfq_76,51.808332659766066,81.39848493721895
epigenomics_4218_fast2bfq_77,34.94711912672587,79.5764403492132
epigenomics_4218_fast2bfq_78,43.16912675024553,77.17919259990006
epigenomics_4218_fast2bfq_79,46.13762211724964,83.45042764930169
epigenomics_4218_fast2bfq_80,49.331790899046915,86.84737454698038
epigenomics_4218_fast2bfq_81,50.77636275829129,81.61658371022196
epigenomics_4218_fast2bfq_82,32.603137063366724,82.98897749394722
epigenomics_4218_fast2bfq_83,39.56580396538583,78.9855513808811
epigenomics_4218_fast2bfq_84,47.32536184123332,86.73717710309288
epigenomics_4218_fast2bfq_85,40.961967155143164,68.63598733979016
epigenomics_4218_fast2bfq_86,55.89169381331838,77.24876181169579
epigenomics_4218_fast2bfq_87,34.255251851648204,81.23640959883225
epigenomics_4218_fast2bfq_88,42.5137349898984,81.4860588748745
epigenomics_4218_fast2bfq_89,50.02237163241432,78.94425643626411
epigenomics_4218_fast2bfq_90,49.65648530396791,83.1507311115246
epigenomics_4218_fast2bfq_91,41.13846313891938,78.43909589697107
epigenomics_4218_fast2bfq_92,43.88044339877333,89.03216163104392
epigenomics_4218_fast2bfq_93,47.212646816721325,78.43967560378846
epigenomics_4218_fast2bfq_94,34.851414472440865,64.76923924887987
epigenomics_4218_fast2bfq_95,40.31030119553465,75.49006129585382
epigenomics_4218_fast2bfq_96,52.31510664927178,68.18309429251039
epigenomics_4218_fast2bfq_97,43.13871821208385,75.14240939463514
epigenomics_4218_fast2bfq_98,60.39792346223536,79.86204598392386
epigenomics_4218_fast2bfq_99,48.74249822292935,73.87751247585294
epigenomics_4218_fast2bfq_100,41.49388900271241,74.46506347118694
epigenomics_4218_fast2bfq_101,57.406497586931216,76.35957535837086
epigenomics_4218_fast2bfq_102,32.01419277992806,81.75334019062618
epigenomics_4218_fast2bfq_103,45.13041486489219,83.49839107901909
epigenomics_4218_fast2bfq_104,38.901061926690026,74.50134409800256
epigenomics_4218_fast2bfq_105,40.80218601926038,75.72683024135056
epigenomics_4218_fast2bfq_106,45.84567793291893,80.56660391685287
epigenomics_4218_fast2bfq_107,33.19647553923561,71.97055662414421
epigenomics_4218_fast2bfq_108,44.85136654386774,84.49107708159984
epigenomics_4218_fast2bfq_109,45.40552128552441,82.19470647720497
epigenomics_4218_fast2bfq_110,46.70111943176642,76.62194167924616
epigenomics_4218_fast2bfq_111,36.94313348190799,82.55545605558893
epigenomics_4218_fast2bfq_112,40.24385922424015,89.93782957788716
epigenomics_4218_fast2bfq_113,62.307558642114635,69.84069670909395
epigenomics_4218_fast2bfq_114,43.530212573813564,79.4611872858957
epigenomics_4218_fast2bfq_115,39.11847315097176,85.8093630587215
epigenomics_4218_fast2bfq_116,39.68831913206228,68.91496945694475
epigenomics_4218_fast2bfq_117,44.79935642201385,85.13774105083768
epigenomics_4218_fast2bfq_118,32.40710842862057,76.40610367591259
epigenomics_4218_fast2bfq_119,47.51937946689339,80.7541847042202
epigenomics_4218_fast2bfq_120,46.78201729538583,78.84072062201251
epigenomics_4218_fast2bfq_121,34.67366974680911,76.34621103897501
epigenomics_4218_fast2bfq_122,41.6470738399362,87.61224351038246
epigenomics_4218_fast2bfq_123,49.35404655854942,77.9031767685498
epigenomics_4218_fast2bfq_124,40.77174000759459,81.36152348657336
epigenomics_4218_fast2bfq_125,42.7421810282487,93.01704506305562
epigenomics_4218_fast2bfq_126,48.08100812495661,85.0163149760254
epigenomics_4218_fast2bfq_127,37.13231111028909,75.79488825618327
epigenomics_4218_fast2bfq_128,39.37974544085272,85.66045980647866
epigenomics_4218_fast2bfq_129,39.47414096183608,85.86724210470025
epigenomics_4218_fast2bfq_130,41.458115137381704,77.94417535621963
epigenomics_4218_fast2bfq_131,40.168280716390065,87.00370395638862
epigenomics_4218_fast2bfq_132,59.93934718580445,73.54466128030191
epigenomics_4218_fast2bfq_133,41.38520180191444,79.51300331284381
epigenomics_4218_fast2bfq_134,52.54035236665321,90.7949189664934
epigenomics_4218_fast2bfq_135,39.59274599082741,82.30921774010139
epigenomics_4218_fast2bfq_136,47.8847214600681,104.07814668831514
epigenomics_4218_fast2bfq_137,50.26784868840217,85.9112759507147
epigenomics_4218_fast2bfq_138,28.996833367347417,88.14975263791464
epigenomics_4218_fast2bfq_139,38.062178418971236,72.05963527054266
epigenomics_4218_fast2bfq_140,34.81224673108226,81.37807974686876
epigenomics_4218_fast2bfq_141,47.32597656744016,67.60349107373395
epigenomics_4218_fast2bfq_142,46.19193628107095,77.83570995209652
epigenomics_4218_fast2bfq_143,56.74226307850262,80.84905976857618
epigenomics_4218_fast2bfq_144,34.433498814596106,73.98270920941079
epigenomics_4218_fast2bfq_145,40.43963269357969,80.9282803988695
epigenomics_4218_fast2bfq_146,46.01734769526753,84.4605294219977
epigenomics_4218_fast2bfq_147,39.228145918539795,77.46050086582427
epigenomics_4218_fast2bfq_148,49.51597921696087,72.30401744517638
epigenomics_4218_fast2bfq_149,36.86526418400373,91.71771242580424
epigenomics_4218_fast2bfq_150,46.979786082622084,70.25520290292536
epigenomics_4218_fast2bfq_151,48.00333222933145,90.10556616657016
epigenomics_4218_fast2bfq_152,41.58515386133825,77.15684818642256
epigenomics_4218_fast2bfq_153,38.76251717216026,86.88645008694571
epigenomics_4218_fast2bfq_154,38.31057832254825,76.73983030712907
epigenomics_4218_fast2bfq_155,54.59664664952085,77.2410490298482
epigenomics_4218_fast2bfq_156,46.27900196321171,83.35770919646656
epigenomics_4218_fast2bfq_157,37.10668038804818,82.1789709611013
epigenomics_4218_fast2bfq_158,48.41429503002141,81.03140327017006
epigenomics_4218_fast2bfq_159,43.92126155005028,78.6244989247419
epigenomics_4218_fast2bfq_160,50.31063303150494,62.067553966709454
epigenomics_4218_fast2bfq_161,40.26354048299757,80.11124173860703
epigenomics_4218_fast2bfq_162,42.88955673060018,79.52092674206463
epigenomics_4218_fast2bfq_163,41.65879635527599,84.16845877446907
epigenomics_4218_fast2bfq_164,51.66046364041937,83.07631819681906
epigenomics_4218_fast2bfq_165,45.28214558490687,79.85585297045934
epigenomics_4218_fast2bfq_166,51.433786164394085,78.78401337612071
epigenomics_4218_fast2bfq_167,32.26627355936253,86.52951881937946
epigenomics_4218_fast2bfq_168,49.17124332561914,67.61992884457936
epigenomics_4218_fast2bfq_169,39.50110623715375,82.17234997145702
epigenomics_4218_fast2bfq_170,46.70641016837864,73.31580283365575
epigenomics_4218_fast2bfq_171,42.89273634936498,75.22791907688769
epigenomics_4218_fast2bfq_172,47.44136176072107,83.59663901384047
epigenomics_4218_fast2bfq_173,44.54102541963955,84.222731523877
epigenomics_4218_fast2bfq_174,55.739350085618774,66.57442289724332
epigenomics_4218_fast2bfq_175,29.091434758183304,74.47264585913433
epigenomics_4218_fast2bfq_176,36.057791197164086,80.40979270859282
epigenomics_4218_fast2bfq_177,50.89895610770413,82.67503589452025
epigenomics_4218_fast2bfq_178,40.99794088246605,78.0500609395075
epigenomics_4218_fast2bfq_179,49.966480653356534,91.86275228763485
epigenomics_4218_fast2bfq_180,31.446763831167786,60.90286803059204
epigenomics_4218_fast2bfq_181,37.987987453017766,72.61775055213766
epigenomics_4218_fast2bfq_182,47.418871648671065,85.21651915526274
epigenomics_4218_fast2bfq_183,43.83424459811334,85.5499474952825
epigenomics_4218_fast2bfq_184,34.55877673560798,79.7563055729423
epigenomics_4218_fast2bfq_185,45.16637590089093,74.91805391853634
epigenomics_4218_fast2bfq_186,36.1252779295721,63.31009282975148
epigenomics_4218_fast2bfq_187,50.437034260344916,74.40257395232952
epigenomics_4218_fast2bfq_188,51.83412274887416,82.04098486568472
epigenomics_4218_fast2bfq_189,45.92473237466228,87.10263117905636
epigenomics_4218_fast2bfq_190,49.67412828777207,78.97425994749675
epigenomics_4218_fast2bfq_191,54.60056873840914,78.08233123295743
epigenomics_4218_fast2bfq_192,38.091164953111864,66.30768172489269
epigenomics_4218_fast2bfq_193,47.132098748533785,70.69433336026523
epigenomics_4218_fast2bfq_194,43.98649372134939,92.0570327401997
epigenomics_4218_fast2bfq_195,38.92359551476029,92.91033548453954
epigenomics_4218_fast2bfq_196,45.86847004672528,80.69784369652628
epigenomics_4218_fast2bfq_197,46.671687702809386,73.59140570660264
epigenomics_4218_fast2bfq_198,46.740310690884996,87.71041382594014
epigenomics_4218_fast2bfq_199,38.10275541844455,87.45367821623714
epigenomics_4218_fast2bfq_200,43.4274393414639,76.82824241714565
epigenomics_4218_fast2bfq_201,42.84278384460162,87.14132067618297
epigenomics_4218_fast2bfq_202,42.60404232526485,89.85162944187175
epigenomics_4218_fast2bfq_203,46.428131592525524,74.7322895795447
epigenomics_4218_fast2bfq_204,39.39322627664801,80.69154079034898
epigenomics_4218_fast2bfq_205,39.17441348028306,86.88060666256904
epigenomics_4218_fast2bfq_206,34.966598081474515,80.29301012540024
epigenomics_4218_fast2bfq_207,46.62951815315742,85.40925467498788
epigenomics_4218_fast2bfq_208,48.1880777475337,78.67883171857856
epigenomics_4218_fast2bfq_209,44.93845599225199,62.04113385256555
epigenomics_4218_fast2bfq_210,52.78254351813103,88.5046246852696
epigenomics_4218_fast2bfq_211,51.66065205221237,81.66195823878883
epigenomics_4218_fast2bfq_212,45.177123778056526,77.3379646041786
epigenomics_4218_fast2bfq_213,52.806837535321236,74.73351942762835
epigenomics_4218_fast2bfq_214,48.1020067484587,85.03602570388432
epigenomics_4218_fast2bfq_215,58.24095227454665,70.83515325673832
epigenomics_4218_fast2bfq_216,52.645479141347735,94.72856274881785
epigenomics_4218_fast2bfq_217,45.76079950466211,74.31027888713068
epigenomics_4218_fast2bfq_218,44.62673529869724,86.84715218458705
epigenomics_4218_fast2bfq_219,46.32690665091454,85.997589537412
epigenomics_4218_fast2bfq_220,47.405110513868365,88.86867280225444
epigenomics_4218_fast2bfq_221,57.85611239338757,80.152206374869
epigenomics_4218_fast2bfq_222,51.35299750058465,86.05818142113822
epigenomics_4218_fast2bfq_223,36.13985264588624,84.8184745529382
epigenomics_4218_fast2bfq_224,41.521538448089416,78.50219988301458
epigenomics_4218_fast2bfq_225,41.403492146639316,78.5938308028943
epigenomics_4218_fast2bfq_226,39.324401535838085,79.32941549058658
epigenomics_4218_fast2bfq_227,50.696090364324675,94.30218994940427
epigenomics_4218_fast2bfq_228,55.016223068485964,82.61427249627741
epigenomics_4218_fast2bfq_229,49.38254182499847,82.3088413901102
epigenomics_4218_fast2bfq_230,44.11156850352785,72.64515181782042
epigenomics_4218_fast2bfq_231,41.49597566891347,72.34557215782228
epigenomics_4218_fast2bfq_232,47.19579809224949,98.5867163582509
epigenomics_4218_fast2bfq_233,48.60141466375251,65.15743384569092
epigenomics_4218_fast2bfq_234,43.48517871097949,79.67823445109076
epigenomics_4218_fast2bfq_235,44.68226057887898,73.71753883818526
epigenomics_4218_fast2bfq_236,49.301708932939114,74.61337187887946
epigenomics_4218_fast2bfq_237,48.34950923244515,84.85488520631691
epigenomics_4218_fast2bfq_238,49.21717534406913,77.852576244131
epigenomics_4218_fast2bfq_239,45.87235472323387,73.73525344429626
epigenomics_4218_fast2bfq_240,53.66890169117467,74.24333377575644
epigenomics_4218_fast2bfq_241,35.11739125502757,79.28489544863297
epigenomics_4218_fast2bfq_242,37.66818816040338,80.74981713471229
epigenomics_4218_fast2bfq_243,20.96053887076168,78.91267279765957
epigenomics_4218_fast2bfq_244,47.29327960556184,77.35867668377723
epigenomics_4218_fast2bfq_245,51.05748590011442,78.59586572856549
epigenomics_4218_fast2bfq_246,50.00717690003863,82.99691210209114
epigenomics_4218_fast2bfq_247,42.08625213809483,83.68163332548816
epigenomics_4218_fast2bfq_248,38.32954411178399,72.77726774224196
epigenomics_4218_fast2bfq_249,61.87380234523849,72.82792941840066
epigenomics_4218_fast2bfq_250,43.46662019417518,82.47398633848836
epigenomics_4218_fast2bfq_251,44.27533021215907,88.39862200348567
epigenomics_4218_fast2bfq_252,34.943632292188504,87.42494836981047
epigenomics_4218_fast2bfq_253,46.37214854346905,78.720231834299
epigenomics_4218_fast2bfq_254,40.77770537778942,88.85994975407068
epigenomics_4218_fast2bfq_255,48.9236079830295,76.9426506095085
epigenomics_4218_fast2bfq_256,43.94992970201556,79.028546332542
epigenomics_4218_fast2bfq_257,49.69161216127144,76.91356643718956
epigenomics_4218_fast2bfq_258,53.459208781292546,87.96119706542882
epigenomics_4218_fast2bfq_259,45.67509704585367,77.01569462312635
epigenomics_4218_fast2bfq_260,52.60210175502104,80.88076780294784
epigenomics_4218_fast2bfq_261,56.51791402913079,99.6587894863732
epigenomics_4218_fast2bfq_262,44.34433332028044,77.2568476624948
epigenomics_4218_fast2bfq_263,49.717032532613885,74.74922129997128
epigenomics_4218_fast2bfq_264,39.75326784907354,86.7341760877899
epigenomics_4218_fast2bfq_265,35.87721901385742,89.513390408694
epigenomics_4218_fast2bfq_266,35.31984959705862,81.90927585719807
epigenomics_4218_fast2bfq_267,23.974044945150553,87.98664133806176
epigenomics_4218_fast2bfq_268,33.504542306627826,83.42620722412045
epigenomics_4218_fast2bfq_269,32.534549269682714,83.89697052120806
epigenomics_4218_fast2bfq_270,47.25986025638994,79.48736227805543
epigenomics_4218_fast2bfq_271,38.699637289072605,87.61220529218647
epigenomics_4218_fast2bfq_272,51.1074488842914,84.26289765433195
epigenomics_4218_fast2bfq_273,42.71924661690879,80.5644830114637
epigenomics_4218_fast2bfq_274,32.326667068754894,86.51728415758167
epigenomics_4218_fast2bfq_275,58.03050909129712,83.39183601781669
epigenomics_4218_fast2bfq_276,44.54822282438659,79.58233887877816
epigenomics_4218_fast2bfq_277,35.44773715931412,87.43100090649165
epigenomics_4218_fast2bfq_278,37.11895368965399,65.52264995149773
epigenomics_4218_fast2bfq_279,49.8886621249121,78.31852254738261
epigenomics_4218_fast2bfq_280,44.63476132599452,71.39848415358819
epigenomics_4218_fast2bfq_281,60.08962052701949,83.92725880992845
epigenomics_4218_fast2bfq_282,53.421866447473185,68.84381915570437
epigenomics_4218_fast2bfq_283,55.94458296696263,79.54049627427113
epigenomics_4218_fast2bfq_284,47.25966688902194,80.29673455992183
epigenomics_4218_fast2bfq_285,36.06316010930212,72.93148640886992
epigenomics_4218_fast2bfq_286,48.2034170326769,75.90894233158896
epigenomics_4218_fast2bfq_287,55.36509001906221,63.56577155702639
epigenomics_4218_fast2bfq_288,33.21570874919226,71.83195504616857
epigenomics_4218_fast2bfq_289,35.06212700762991,73.01982478409198
epigenomics_4218_fast2bfq_290,50.981390203658236,85.62861786129493
epigenomics_4218_fast2bfq_291,57.33511460332754,81.54646838356018
epigenomics_4218_fast2bfq_292,51.76062570020101,76.09780006799343
epigenomics_4218_fast2bfq_293,49.63875206259827,79.07082672452802
epigenomics_4218_fast2bfq_294,45.17817015665165,87.13466061561175
epigenomics_4218_fast2bfq_295,55.812320221303715,82.18366766112815
epigenomics_4218_fast2bfq_296,39.66738516102294,78.0645860497985
epigenomics_4218_fast2bfq_297,41.97071901915539,78.62619396398077
epigenomics_4218_fast2bfq_298,52.635922284631086,89.3064748432749
epigenomics_4218_fast2bfq_299,40.701999996245185,73.32564055187524
epigenomics_4218_fast2bfq_300,51.60705809726532,75.726539390876
epigenomics_4218_fast2bfq_301,56.23704619605236,87.48534159363061
epigenomics_4218_fast2bfq_302,52.623763361891946,85.21979172373162
epigenomics_4218_fast2bfq_303,50.83460937031306,84.5810799485973
epigenomics_4218_fast2bfq_304,42.39584562712194,77.36846265446623
epigenomics_4218_fast2bfq_305,43.084831681674345,62.82098598855761
epigenomics_4218_fast2bfq_306,58.60711993845258,78.21189316894409
epigenomics_4218_fast2bfq_307,41.01782830057199,64.75499173702045
epigenomics_4218_fast2bfq_308,46.81178434334555,76.75738518174542
epigenomics_4218_fast2bfq_309,53.14765321609546,84.81468503614352
epigenomics_4218_fast2bfq_310,44.078715412305115,80.90220127605879
epigenomics_4218_fast2bfq_311,45.974740344739104,70.33398315101901
epigenomics_4218_fast2bfq_312,49.909812706930715,71.76434826475978
epigenomics_4218_fast2bfq_313,45.31761733360262,80.73702918932574
epigenomics_4218_fast2bfq_314,47.2203513207706,70.74133952370158
epigenomics_4218_fast2bfq_315,56.0285253798016,89.47026447033822
epigenomics_4218_fast2bfq_316,50.72616640357417,72.90038032090507
epigenomics_4218_fast2bfq_317,46.885942741783595,72.16339589030035
epigenomics_4218_fast2bfq_318,46.97966063560888,89.92936127963827
epigenomics_4218_fast2bfq_319,40.561370398534066,74.47345434776281
epigenomics_4218_fast2bfq_320,48.59811765014062,82.53511965147763
epigenomics_4218_fast2bfq_321,47.019955890204194,83.29834124082775
epigenomics_4218_fast2bfq_322,51.88192347826176,90.27063084136493
epigenomics_4218_fast2bfq_323,34.95081232712802,78.62913251366689
epigenomics_4218_fast2bfq_324,51.108782623926,62.16291938407008
epigenomics_4218_fast2bfq_325,41.185567212500494,84.19231749938083
epigenomics_4218_fast2bfq_326,46.10300285815428,98.69071190631587
epigenomics_4218_fast2bfq_327,46.72092589786946,69.37709375377831
epigenomics_4218_fast2bfq_328,45.74765142245312,91.4776661005241
epigenomics_4218_fast2bfq_329,36.08014405228821,68.93148570241573
epigenomics_4218_fast2bfq_330,50.43648003823602,92.31314468970368
epigenomics_4218_fast2bfq_331,53.17030219419893,79.41803154420337
epigenomics_4218_fast2bfq_332,45.76036486095084,84.48633218339916
epigenomics_4218_fast2bfq_333,49.853465815703316,95.53911186852153
epigenomics_4218_fast2bfq_334,36.79398911309973,79.62523033676764
epigenomics_4218_fast2bfq_335,49.01122357542406,95.87111545372365
epigenomics_4218_fast2bfq_336,56.89312785809792,92.07713346653996
epigenomics_4218_fast2bfq_337,44.35882352867432,84.08397708730847
epigenomics_4218_fast2bfq_338,37.770608753673436,76.06736934954169
epigenomics_4218_fast2bfq_339,45.919877150743865,66.07006956492583
epigenomics_4218_fast2bfq_340,60.22517391188186,74.35438575342158
epigenomics_4218_fast2bfq_341,55.07213278042985,85.39059489019873
epigenomics_4218_fast2bfq_342,41.335808134943214,77.46492024352845
epigenomics_4218_fast2bfq_343,43.5402525002121,78.94696754319881
epigenomics_4218_fast2bfq_344,42.71302410897823,71.99409029491706
epigenomics_4218_fast2bfq_345,54.86062763926762,68.3788119490342
epigenomics_4218_fast2bfq_346,49.28618043051179,79.22218824079927
epigenomics_4218_fast2bfq_347,46.287992658889365,76.46927068051541
epigenomics_4218_fast2bfq_348,37.85982700110038,82.65883262874263
epigenomics_4218_fast2bfq_349,45.875707986981524,82.07274748316318
epigenomics_4218_fast2bfq_350,31.433669365052197,81.9487329910739
epigenomics_4218_fast2bfq_351,49.199252217679806,81.4945281429636
epigenomics_4218_fast2bfq_352,32.58533454690175,81.16027024960697
epigenomics_4218_fast2bfq_353,49.465867003171155,63.851946206785236
epigenomics_4218_fast2bfq_354,58.57002937212803,80.15341391418782
epigenomics_4218_fast2bfq_355,55.29953645898025,87.72361884128298
epigenomics_4218_fast2bfq_356,38.68992606552675,100.80202416943453
epigenomics_4218_fast2bfq_357,39.245657681453636,83.4704449100782
epigenomics_4218_fast2bfq_358,47.99775700929149,74.20994972837885
epigenomics_4218_fast2bfq_359,44.52826162970616,84.9640209978619
epigenomics_4218_fast2bfq_360,41.385240848987756,89.9813000741254
epigenomics_4218_fast2bfq_361,48.129006234321665,72.04107400103707
epigenomics_4218_fast2bfq_362,38.762665353184836,73.21893071316264
epigenomics_4218_fast2bfq_363,47.98188212459568,72.78087528099834
epigenomics_4218_fast2bfq_364,53.642364407035146,79.77188537609004
epigenomics_4218_fast2bfq_365,39.86464964954539,81.95072139891361
epigenomics_4218_fast2bfq_366,52.28070481475745,88.17257796619103
epigenomics_4218_fast2bfq_367,55.09572691514065,76.27655514804813
epigenomics_4218_fast2bfq_368,39.90493033069096,84.46696805131442
epigenomics_4218_fast2bfq_369,45.220984187518496,85.64710023008465
epigenomics_4218_fast2bfq_370,51.36427132607037,87.89958416362373
epigenomics_4218_fast2bfq_371,33.39774914494415,79.95360083247958
epigenomics_4218_fast2bfq_372,51.11237823447614,81.42252322852737
epigenomics_4218_fast2bfq_373,43.65854328912552,76.66091676509703
epigenomics_4218_fast2bfq_374,52.54951459598711,82.68197797211675
epigenomics_4218_fast2bfq_375,51.67327243586396,90.83613284304262
epigenomics_4218_fast2bfq_376,35.95355182443732,88.90966571247407
epigenomics_4218_fast2bfq_377,36.18613507891108,83.13525549246535
epigenomics_4218_fast2bfq_378,48.408939499360294,67.48421603668889
epigenomics_4218_fast2bfq_379,39.43866564663065,73.5854046671777
epigenomics_4218_fast2bfq_380,33.56445569632036,82.1292838836391
epigenomics_4218_fast2bfq_381,42.19613395371563,81.78114386346444
epigenomics_4218_fast2bfq_382,49.93566549381411,69.97677888005556
epigenomics_4218_fast2bfq_383,41.283276445501805,79.15665131734839
epigenomics_4218_fast2bfq_384,42.02271769761256,67.49865136021702
epigenomics_4218_fast2bfq_385,47.78552029774812,80.11635549688837
epigenomics_4218_fast2bfq_386,54.21810610915145,87.90553871871288
epigenomics_4218_fast2bfq_387,31.91790695985623,89.57784867815431
epigenomics_4218_fast2bfq_388,54.93823068641157,87.94467242833262
epigenomics_4218_fast2bfq_389,45.39354452343717,82.24195974493975
epigenomics_4218_fast2bfq_390,47.47875340641196,82.3677783316248
epigenomics_4218_fast2bfq_391,58.63460414354731,75.46668059856664
epigenomics_4218_fast2bfq_392,46.18745889058819,83.94326242261853
epigenomics_4218_fast2bfq_393,38.894982761813544,73.73293361894615
epigenomics_4218_fast2bfq_394,38.54497858635914,71.5966777849224
epigenomics_4218_fast2bfq_395,45.946368149931224,76.35927823172601
epigenomics_4218_fast2bfq_396,64.96566106974251,69.0765718007528
epigenomics_4218_fast2bfq_397,42.52188404198748,89.80116107743387
epigenomics_4218_fast2bfq_398,45.47159531080844,61.610116327052864
epigenomics_4218_fast2bfq_399,43.94050941303183,65.79277641684097
epigenomics_4218_fast2bfq_400,40.79830598395952,78.39914862472934
epigenomics_4218_fast2bfq_401,44.25751670797934,86.22169943702029
epigenomics_4218_fast2bfq_402,48.55381399759004,88.95601763323735
epigenomics_4218_fast2bfq_403,41.482757093431296,83.51496636070209
epigenomics_4218_fast2bfq_404,44.676146269639304,73.90309130941822
epigenomics_4218_fast2bfq_405,61.185806650059,80.51639732717315
epigenomics_4218_fast2bfq_406,43.98727462444393,87.58254010915809
epigenomics_4218_fast2bfq_407,49.17490971338769,88.42760924812117
epigenomics_4218_fast2bfq_408,53.35280207767484,73.46991415076867
epigenomics_4218_fast2bfq_409,53.31265978692236,66.66426892308237
epigenomics_4218_fast2bfq_410,49.680483227005254,74.80397445007065
epigenomics_4218_fast2bfq_411,46.46413435692807,72.9197643884933
epigenomics_4218_fast2bfq_412,35.61163336768297,92.78171898865676
epigenomics_4218_fast2bfq_413,50.562905019180135,74.15297596804285
epigenomics_4218_fast2bfq_414,51.62115269222265,94.8878850155786
epigenomics_4218_fast2bfq_415,49.28264216945072,82.25840861336292
epigenomics_4218_fast2bfq_416,35.22035572340437,86.63148622668622
epigenomics_4218_fast2bfq_417,53.158803826366864,85.72142953889848
epigenomics_4218_fast2bfq_418,40.75799113906534,86.23728347023942
epigenomics_4218_fast2bfq_419,43.96164791746676,93.09087614231888
epigenomics_4218_fast2bfq_420,54.01841539645004,78.55448919984134
epigenomics_4218_fast2bfq_421,53.74141255153033,79.16859315810837
epigenomics_4218_fast2bfq_422,48.123617272158654,75.75819220996043
epigenomics_4218_fast2bfq_423,61.57472568244126,67.56382771126518
epigenomics_4218_fast2bfq_424,47.0293555749229,78.33582438551538
epigenomics_4218_fast2bfq_425,43.00120721745986,86.52467446026962
epigenomics_4218_fast2bfq_426,52.8763052798328,81.33943031700359
epigenomics_4218_fast2bfq_427,44.9618442227165,73.92384618094181
epigenomics_4218_fast2bfq_428,40.99916446862965,84.33820389794384
epigenomics_4218_fast2bfq_429,41.247473132500744,76.60847719272613
epigenomics_4218_fast2bfq_430,38.596305921535304,90.07953876638265
epigenomics_4218_fast2bfq_431,46.34435749071492,81.66838305565228
epigenomics_4218_fast2bfq_432,41.44059648142268,84.90415887377922
epigenomics_4218_fast2bfq_433,34.28468932814616,76.92001259373498
epigenomics_4218_fast2bfq_434,61.595706017842026,81.09160074663917
epigenomics_4218_fast2bfq_435,51.19698478886421,80.84856355321227
epigenomics_4218_fast2bfq_436,46.03116417501509,82.12899279881694
epigenomics_4218_fast2bfq_437,51.4315469946398,73.45273107431932
epigenomics_4218_fast2bfq_438,46.7328797324194,83.27694486617023
epigenomics_4218_fast2bfq_439,38.010140221854556,79.90434103799885
epigenomics_4218_fast2bfq_440,40.38098453637727,85.16102186113982
epigenomics_4218_fast2bfq_441,52.12890204516766,77.94705854522351
epigenomics_4218_fast2bfq_442,48.827319782931056,78.1193990798799
epigenomics_4218_fast2bfq_443,51.14561135205622,75.72766701001635
epigenomics_4218_fast2bfq_444,44.046903235586655,84.58975158540177
epigenomics_4218_fast2bfq_445,51.527524730520845,72.82571984453378
epigenomics_4218_fast2bfq_446,46.57326984880113,91.55494687741927
epigenomics_4218_fast2bfq_447,50.80129545720058,76.07570830814676
epigenomics_4218_fast2bfq_448,45.17517741592978,79.17194110499112
epigenomics_4218_fast2bfq_449,46.444978661839265,84.80668926625344
epigenomics_4218_fast2bfq_450,46.84182190464471,93.1559325943297
epigenomics_4218_fast2bfq_451,38.473870930332595,78.97047892025239
epigenomics_4218_fast2bfq_452,36.17507305108596,79.29453751984242
epigenomics_4218_fast2bfq_453,38.90031253391728,65.00265865918465
epigenomics_4218_fast2bfq_454,49.84003234541645,76.82967150343946
epigenomics_4218_fast2bfq_455,52.70292039374073,72.81611470834352
epigenomics_4218_fast2bfq_456,47.437906322966434,72.4697154807399
epigenomics_4218_fast2bfq_457,48.72026455406803,78.98885716067687
epigenomics_4218_fast2bfq_458,50.02225434480618,62.91849015114419
epigenomics_4218_fast2bfq_459,39.34717218034148,84.50108945951715
epigenomics_4218_fast2bfq_460,48.44182357398018,79.99217792264226
epigenomics_4218_fast2bfq_461,43.397086597841984,69.27351809572963
epigenomics_4218_fast2bfq_462,46.68970734034881,61.07996967799323
epigenomics_4218_fast2bfq_463,44.12144641284405,81.26285754100388
epigenomics_4218_fast2bfq_464,42.00425050513037,89.12273003608766
epigenomics_4218_fast2bfq_465,46.37239657483715,78.0084482058252
epigenomics_4218_fast2bfq_466,46.0835186370323,83.36176415020493
epigenomics_4218_fast2bfq_467,37.759657160310034,73.23390478645388
epigenomics_4218_fast2bfq_468,55.871985480714294,91.67245254046624
epigenomics_4218_fast2bfq_469,52.5664721685703,78.03918229592561
epigenomics_4218_fast2bfq_470,37.40034187147063,75.36352223724029
epigenomics_4218_fast2bfq_471,37.37090352287209,71.71932172507215
epigenomics_4218_fast2bfq_472,44.14525557946024,77.15837618403575
epigenomics_4218_fast2bfq_473,40.87375526213258,95.81100614047597
epigenomics_4218_fast2bfq_474,44.77884645709007,64.72139199951667
epigenomics_4218_fast2bfq_475,40.52886367980954,74.1679137622798
epigenomics_4218_fast2bfq_476,38.475472686530644,83.21143980292354
epigenomics_4218_fast2bfq_477,51.007722140575204,80.32694946964884
epigenomics_4218_fast2bfq_478,51.095162242995066,86.9734026173713
epigenomics_4218_fast2bfq_479,52.42088740056726,75.62549098007956
epigenomics_4218_fast2bfq_480,50.0995415287001,83.30470383838113
epigenomics_4218_fast2bfq_481,55.3201371971276,85.09265158382553
epigenomics_4218_fast2bfq_482,40.61222056063737,76.9520063126478
epigenomics_4218_fast2bfq_483,38.358131604578126,87.26776890948229
epigenomics_4218_fast2bfq_484,40.902927213485604,79.92607949334152
epigenomics_4218_fast2bfq_485,37.40232336326255,77.44708380247151
epigenomics_4218_fast2bfq_486,49.65904016221537,77.26687792151789
epigenomics_4218_fast2bfq_487,40.05981681096577,81.2847768641555
epigenomics_4218_fast2bfq_488,44.48604664765937,86.01748736874384
epigenomics_4218_fast2bfq_489,60.11731883752732,79.06297593742266
epigenomics_4218_fast2bfq_490,50.086499155859734,75.72717252724951
epigenomics_4218_fast2bfq_491,45.02369136704371,68.97259038922428
epigenomics_4218_fast2bfq_492,44.58293735843864,83.75885551548654
epigenomics_4218_fast2bfq_493,36.66290491790862,79.12087267265628
epigenomics_4218_fast2bfq_494,45.39146455195996,79.55483839272524
epigenomics_4218_fast2bfq_495,36.98272864161445,90.15693895721277
epigenomics_4218_fast2bfq_496,34.25255084194065,84.24531821875193
epigenomics_4218_fast2bfq_497,40.17849140797235,85.75265165891385
epigenomics_4218_fast2bfq_498,44.56270321014792,73.42890971557843
epigenomics_4218_fast2bfq_499,56.25346259727063,78.31953577150203
epigenomics_4218_map_0,9988.504297657404,183.2398846308104
epigenomics_4218_map_1,9733.277430625541,191.58966226231746
epigenomics_4218_map_2,10254.73141086136,196.1021691238556
epigenomics_4218_map_3,9802.280699888017,187.6568805515394
epigenomics_4218_map_4,10026.374408363434,184.79556357743053
epigenomics_4218_map_5,9136.285080914597,184.38290684012418
epigenomics_4218_map_6,9760.031252904037,180.8129851667224
epigenomics_4218_map_7,8911.251813586541,194.71254600113713
epigenomics_4218_map_8,9624.269749437226,181.6722510065679
epigenomics_4218_map_9,11069.533083215034,175.10270774933954
epigenomics_4218_map_10,9634.08814726523,185.95741219644833
epigenomics_4218_map_11,9971.966850373763,187.48171823527505
epigenomics_4218_map_12,9465.22079823313,173.09803715260003
epigenomics_4218_map_13,10895.7568431295,182.19961954541216
epigenomics_4218_map_14,9003.038379118248,184.3337000070273
epigenomics_4218_map_15,9388.988018471277,178.34992328918096
epigenomics_4218_map_16,8893.99358995106,181.53346010079744
epigenomics_4218_map_17,9821.464784656,188.00074121068124
epigenomics_4218_map_18,9672.817588734137,196.50103304529378
epigenomics_4218_map_19,9768.342142787762,188.7695404795192
epigenomics_4218_map_20,10140.171185083047,192.90108942364287
epigenomics_4218_map_21,9552.767805791598,184.49727391927212
epigenomics_4218_map_22,9702.070999336976,184.3552160160125
epigenomics_4218_map_23,9739.71880706517,182.0091124729476
epigenomics_4218_map_24,10017.09067155309,185.49925070724007
epigenomics_4218_map_25,9192.869707295564,179.54206841250328
epigenomics_4218_map_26,10526.802840788729,183.0994437772983
epigenomics_4218_map_27,10198.044491933642,184.67578279178844
epigenomics_4218_map_28,9733.77924194806,199.0922880918818
epigenomics_4218_map_29,10893.435356611717,186.94717065565362
epigenomics_4218_map_30,9901.568339791094,183.21892805510524
epigenomics_4218_map_31,10385.430326446925,182.5392638938574
epigenomics_4218_map_32,10545.629304341153,194.87357018742705
epigenomics_4218_map_33,10845.118454681833,194.03878349984467
epigenomics_4218_map_34,9082.017219669237,193.03173667039397
epigenomics_4218_map_35,10463.128510017757,182.2560359789363
epigenomics_4218_map_36,10816.947402132571,185.12825550248402
epigenomics_4218_map_37,10011.087784784846,185.71569614121537
epigenomics_4218_map_38,9977.25123249294,187.09962969397876
epigenomics_4218_map_39,10737.646216405032,182.64786245553995
epigenomics_4218_map_40,9443.934951287663,178.2701160698924
epigenomics_4218_map_41,10249.333946145736,184.72473128525644
epigenomics_4218_map_42,10629.70798351728,180.19894407689813
epigenomics_4218_map_43,9388.445154612029,184.59889199939624
epigenomics_4218_map_44,10577.769578849713,179.22555555322913
epigenomics_4218_map_45,9779.183743762567,183.24273944646592
epigenomics_4218_map_46,9656.274347605062,185.1545336079068
epigenomics_4218_map_47,10822.514765324617,183.65711581165436
epigenomics_4218_map_48,9582.545014559106,187.72475743761862
epigenomics_4218_map_49,10460.19934608973,190.29074822884
epigenomics_4218_map_50,10666.590404911452,184.11491026721882
epigenomics_4218_map_51,10447.24110794113,193.41546229834495
epigenomics_4218_map_52,9908.362754982527,177.42972755578504
epigenomics_4218_map_53,9775.352287344536,187.49687251916825
epigenomics_4218_map_54,9716.287904480037,188.52906178967285
epigenomics_4218_map_55,10840.100180080148,187.97921994272969
epigenomics_4218_map_56,10561.69562807091,192.28814089751307
epigenomics_4218_map_57,9586.056442806625,179.96262682254616
epigenomics_4218_map_58,10508.33917108968,183.80129334998503
epigenomics_4218_map_59,9941.012060307574,178.7046809161523
epigenomics_4218_map_60,9588.818728031163,188.10359616500608
epigenomics_4218_map_61,10335.08187839621,183.2977721624565
epigenomics_4218_map_62,9880.773571212774,192.75256958749955
epigenomics_4218_map_63,9892.73291139503,182.46415296711285
epigenomics_4218_map_64,10015.682246620634,189.70998649327612
epigenomics_4218_map_65,9531.862031458819,179.08405963714452
epigenomics_4218_map_66,10078.477756580083,182.05448805341058
epigenomics_4218_map_67,9533.925203675133,184.88304684346127
epigenomics_4218_map_68,9941.625838569824,181.63525854911887
epigenomics_4218_map_69,9681.461615552993,185.09659791965532
epigenomics_4218_map_70,10046.14670616887,185.719782172026
epigenomics_4218_map_71,10326.918096878342,178.61870760943023
epigenomics_4218_map_72,9256.380634838097,187.9805566203317
epigenomics_4218_map_73,9845.595382800595,189.47232106516523
epigenomics_4218_map_74,11100.0514903921,187.07045009414387
epigenomics_4218_map_75,10416.82234040977,175.73538920255749
epigenomics_4218_map_76,10026.072674576992,180.2236110987567
epigenomics_4218_map_77,9467.959376494104,179.73342051169521
epigenomics_4218_map_78,9791.56515737564,185.16322580692386
epigenomics_4218_map_79,9658.093787240634,179.14470438459583
epigenomics_4218_map_80,9083.930616202468,186.88690450706437
epigenomics_4218_map_81,9737.517553919728,190.93255164498328
epigenomics_4218_map_82,9531.765857481205,189.33712487180475
epigenomics_4218_map_83,9222.31252938527,186.74899095872544
epigenomics_4218_map_84,9947.923673609428,181.0730360113466
epigenomics_4218_map_85,9114.445799769017,179.3492276580857
epigenomics_4218_map_86,10358.874224665658,180.74064845816977
epigenomics_4218_map_87,10393.052534846272,181.46745417531702
epigenomics_4218_map_88,10979.289575733364,181.7480067108489
epigenomics_4218_map_89,9629.038038245057,194.00651000924995
epigenomics_4218_map_90,10673.284907730791,181.39729522686142
epigenomics_4218_map_91,9563.343551690425,177.56796348075318
epigenomics_4218_map_92,10479.467992572821,191.57588324727075
epigenomics_4218_map_93,9980.441453112358,187.62559295180927
epigenomics_4218_map_94,9190.068590030056,189.3105170490852
epigenomics_4218_map_95,10807.642801395983,185.17948092679998
epigenomics_4218_map_96,9333.310439338036,180.72109546663216
epigenomics_4218_map_97,9932.593425542418,182.75741176604586
epigenomics_4218_map_98,10201.613402790763,187.48045961217952
epigenomics_4218_map_99,9045.806367642113,184.84770615299564
epigenomics_4218_map_100,9388.24678359976,186.23504124514554
epigenomics_4218_map_101,9428.65482651489,184.0760775161849
epigenomics_4218_map_102,10121.473857494835,181.67430102590066
epigenomics_4218_map_103,9546.995148556522,188.92571879164694
epigenomics_4218_map_104,10476.029977537195,184.9971031048077
epigenomics_4218_map_105,9606.777070564849,186.62901917913442
epigenomics_4218_map_106,10257.125980308829,181.8960166385497
epigenomics_4218_map_107,9162.928782496507,177.30817020612426
epigenomics_4218_map_108,9679.14155776038,190.66019555440442
epigenomics_4218_map_109,10239.246641485222,189.95304902338057
epigenomics_4218_map_110,10091.64903106792,190.10683472024547
epigenomics_4218_map_111,10065.592770237856,185.60047405950422
epigenomics_4218_map_112,9542.200624794059,185.08683468887742
epigenomics_4218_map_113,10358.786123204904,185.06159446312435
epigenomics_4218_map_114,9646.380178668442,182.1677476366543
epigenomics_4218_map_115,10491.269892983351,188.24688303269832
epigenomics_4218_map_116,10461.013012863594,181.67908325789514
epigenomics_4218_map_117,10019.163283604392,191.1905737705951
epigenomics_4218_map_118,9950.019059138805,189.2109441498874
epigenomics_4218_map_119,10355.689443554715,194.3960319500214
epigenomics_4218_map_120,10566.488092566815,176.0248970817142
epigenomics_4218_map_121,10596.497789856472,183.04426383415316
epigenomics_4218_map_122,9842.875786696803,193.48384118362594
epigenomics_4218_map_123,9749.413015789843,189.111957123553
epigenomics_4218_map_124,10597.149591712223,175.12859877401652
epigenomics_4218_map_125,9772.983281501693,188.13738499372587
epigenomics_4218_map_126,10628.0442186187,185.35189846788802
epigenomics_4218_map_127,10706.54768243561,186.22916315402364
epigenomics_4218_map_128,9852.521012857027,178.34931304182388
epigenomics_4218_map_129,9337.054674631765,188.0431839748776
epigenomics_4218_map_130,10162.052775850163,182.93160589481033
epigenomics_4218_map_131,9940.265450822071,185.5236239851804
epigenomics_4218_map_132,9750.378104115836,193.59726993423834
epigenomics_4218_map_133,9459.626986730957,191.00246787361687
epigenomics_4218_map_134,9633.211836696095,189.38227799722475
epigenomics_4218_map_135,10308.314981776586,192.22324624429928
epigenomics_4218_map_136,10267.084594751559,184.36450025716235
epigenomics_4218_map_137,9597.000764935028,185.35894170347441
epigenomics_4218_map_138,10875.482556525414,188.22568962791843
epigenomics_4218_map_139,10087.68246864715,185.30031425037023
epigenomics_4218_map_140,9455.498920558508,193.2744081266226
epigenomics_4218_map_141,9142.529626855166,200.45411903049865
epigenomics_4218_map_142,10499.286610189733,186.33399627426004
epigenomics_4218_map_143,10439.405030467005,175.9863191326274
epigenomics_4218_map_144,9567.343399660977,179.2908790375366
epigenomics_4218_map_145,9829.706763351205,180.79578129902148
epigenomics_4218_map_146,10114.029315734537,185.17412234466673
epigenomics_4218_map_147,10458.234011506645,185.2887583073644
epigenomics_4218_map_148,9433.311697904395,184.6809633164735
epigenomics_4218_map_149,10491.452259042106,183.90586482567156
epigenomics_4218_map_150,9715.112372541435,177.85161268672587
epigenomics_4218_map_151,9027.585368162307,186.12014282570817
epigenomics_4218_map_152,9675.00681706129,182.06553942485147
epigenomics_4218_map_153,10271.594082515348,182.9863448902593
epigenomics_4218_map_154,10354.762368396823,175.31647862388976
epigenomics_4218_map_155,9878.274370245017,184.0739147968143
epigenomics_4218_map_156,9933.773340011552,188.36081276037373
epigenomics_4218_map_157,9617.876290148837,186.23982149131615
epigenomics_4218_map_158,11083.386164087331,185.0693306667036
epigenomics_4218_map_159,9972.527812185264,178.6612078122366
epigenomics_4218_map_160,10039.483736984186,181.24882989700558
epigenomics_4218_map_161,11311.146538679062,201.88422495053922
epigenomics_4218_map_162,10404.498348797058,176.17733042716205
epigenomics_4218_map_163,9558.976853233406,186.68898452624626
epigenomics_4218_map_164,10044.582988701584,184.17587654624455
epigenomics_4218_map_165,10162.756377243668,193.07927683506205
epigenomics_4218_map_166,9830.604177238249,182.4637814991661
epigenomics_4218_map_167,10958.187942368544,184.59856493223404
epigenomics_4218_map_168,10367.943549850937,181.81646247650514
epigenomics_4218_map_169,10910.624690995455,191.8712487121343
epigenomics_4218_map_170,10022.627317612323,187.1411647296177
epigenomics_4218_map_171,9647.219290231205,182.4178135340736
epigenomics_4218_map_172,9788.42624370406,182.04749740268957
epigenomics_4218_map_173,9849.997223324439,191.12359122531137
epigenomics_4218_map_174,10208.889360158078,183.63074546009724
epigenomics_4218_map_175,9965.276197848487,175.30853763804387
epigenomics_4218_map_176,9967.353573923236,182.66090910318312
epigenomics_4218_map_177,9598.208432823945,184.72182515652904
epigenomics_4218_map_178,10268.638525640925,189.58567409809618
epigenomics_4218_map_179,9886.984223747948,188.8306297438495
epigenomics_4218_map_180,10178.67617682393,180.77395007694855
epigenomics_4218_map_181,10350.026559839416,183.17345339786647
epigenomics_4218_map_182,9944.69497436923,186.71696263911835
epigenomics_4218_map_183,10805.205275941962,177.23972563547733
epigenomics_4218_map_184,10973.328232471127,186.18963463734343
epigenomics_4218_map_185,9618.906497375703,183.16656891018576
epigenomics_4218_map_186,9748.955905265233,189.3446704502814
epigenomics_4218_map_187,9849.136078292884,183.9984483202061
epigenomics_4218_map_188,10492.424874666842,185.2004491022423
epigenomics_4218_map_189,9717.394083389157,178.81209219632362
epigenomics_4218_map_190,10282.168077725573,185.2731948899695
epigenomics_4218_map_191,10109.773980859303,197.30654804483774
epigenomics_4218_map_192,10675.568487898112,181.57380602138838
epigenomics_4218_map_193,9944.712646712122,181.44856023822533
epigenomics_4218_map_194,10413.619791014526,187.7959969075849
epigenomics_4218_map_195,9973.682780180077,182.00645329542317
epigenomics_4218_map_196,10683.601402996248,179.68467509210802
epigenomics_4218_map_197,9235.852454823416,187.3731972560328
epigenomics_4218_map_198,10277.844299165752,186.39597239381519
epigenomics_4218_map_199,10128.089885884383,190.34604917383797
epigenomics_4218_map_200,9805.261707466741,188.68847217243734
epigenomics_4218_map_201,9688.52740070504,187.85808909290225
epigenomics_4218_map_202,10082.52215169701,186.82854417658564
epigenomics_4218_map_203,9749.154192669372,171.83241621417886
epigenomics_4218_map_204,9461.627285618104,186.4262380379703
epigenomics_4218_map_205,9596.675891139812,178.62040136638072
epigenomics_4218_map_206,10397.075059449,184.38028130688588
epigenomics_4218_map_207,9251.115245600542,179.1067490797925
epigenomics_4218_map_208,10304.213678869486,176.29375019915673
epigenomics_4218_map_209,9652.594347491307,178.9521106677971
epigenomics_4218_map_210,9259.869141702357,188.36673909804665
epigenomics_4218_map_211,9689.275643498593,179.1650574446093
epigenomics_4218_map_212,10325.505031424871,186.15941818725028
epigenomics_4218_map_213,9988.219962552235,184.47329097624592
epigenomics_4218_map_214,10621.834603938363,184.7159680439501
epigenomics_4218_map_215,11050.229803903245,176.46692651630863
epigenomics_4218_map_216,10950.515590233666,182.6516337520226
epigenomics_4218_map_217,9906.691221127698,177.7612173512758
epigenomics_4218_map_218,9977.911069217003,179.3405908967069
epigenomics_4218_map_219,10538.93193416535,184.32040755577862
epigenomics_4218_map_220,10377.922235969785,181.71983790408464
epigenomics_4218_map_221,9857.964386010031,188.05903819913144
epigenomics_4218_map_222,9732.635715002796,186.1943734980319
epigenomics_4218_map_223,10865.530365226483,184.7177354581946
epigenomics_4218_map_224,10578.292408101988,178.26525582707868
epigenomics_4218_map_225,10250.345030431594,186.04619785622958
epigenomics_4218_map_226,10432.158866773409,177.021400106833
epigenomics_4218_map_227,9869.7249484252,183.37863283251312
epigenomics_4218_map_228,10267.443740617935,179.66262122908114
epigenomics_4218_map_229,8896.08595447403,187.90634605828635
epigenomics_4218_map_230,10143.708188275636,187.4931893469277
epigenomics_4218_map_231,10677.9695819044,179.3659140548119
epigenomics_4218_map_232,10389.265824735525,179.49699268358623
epigenomics_4218_map_233,9744.871364737422,178.95880543672266
epigenomics_4218_map_234,9440.310536471816,186.93720360656997
epigenomics_4218_map_235,10013.490685948507,186.04145933648135
epigenomics_4218_map_236,10635.487868992293,181.4143246150103
epigenomics_4218_map_237,10701.57063476342,185.24105850334257
epigenomics_4218_map_238,9722.112391806797,196.3091564154128
epigenomics_4218_map_239,10115.88056497296,189.4383870905662
epigenomics_4218_map_240,10486.082004898015,189.42277172994014
epigenomics_4218_map_241,9516.463937476134,188.6424503926281
epigenomics_4218_map_242,10042.452519045539,184.32842587653582
epigenomics_4218_map_243,10450.461180331622,183.8999736507937
epigenomics_4218_map_244,8804.857880733362,184.68410283618414
epigenomics_4218_map_245,9502.351837531563,184.9199236389279
epigenomics_4218_map_246,9788.314933494907,184.02141463821607
epigenomics_4218_map_247,10470.475920104065,181.4807376714965
epigenomics_4218_map_248,10868.22696324088,196.07896557110635
epigenomics_4218_map_249,9453.911465743731,188.79956381160272
epigenomics_4218_map_250,9428.7998084811,173.8014326545417
epigenomics_4218_map_251,9954.56080838094,183.1482909610681
epigenomics_4218_map_252,11028.817739426711,177.71753391370783
epigenomics_4218_map_253,10418.085494198123,183.06568747548687
epigenomics_4218_map_254,10309.492169267533,182.37245728993332
epigenomics_4218_map_255,8907.960545061707,183.69668008150666
epigenomics_4218_map_256,11275.228110490325,179.54446882812073
epigenomics_4218_map_257,10268.732941630205,186.90403769171837
epigenomics_4218_map_258,9765.638710905107,189.53750937841392
epigenomics_4218_map_259,10089.945817957141,185.09549884696145
epigenomics_4218_map_260,10059.507911179642,183.67930216879
epigenomics_4218_map_261,9199.550914566094,186.2878970237179
epigenomics_4218_map_262,11465.626626847787,178.54574383753658
epigenomics_4218_map_263,10599.835943213637,179.59163116827625
epigenomics_4218_map_264,10618.863133774583,191.91895091518487
epigenomics_4218_map_265,9935.359669718493,183.3066582496603
epigenomics_4218_map_266,10045.673735431248,185.85432181817032
epigenomics_4218_map_267,9959.813327786349,183.82205054112663
epigenomics_4218_map_268,9778.905118127588,185.29398771250047
epigenomics_4218_map_269,9448.797768307562,185.2150805950232
epigenomics_4218_map_270,10902.147639007118,179.99366851883997
epigenomics_4218_map_271,10376.573278755293,192.79944053294867
epigenomics_4218_map_272,9625.850990754818,188.47201622182357
epigenomics_4218_map_273,10032.668419913278,174.67579869123193
epigenomics_4218_map_274,11156.186274712432,189.31783818077812
epigenomics_4218_map_275,9839.761470356976,188.78752276689315
epigenomics_4218_map_276,9649.538986831752,176.01878108823325
epigenomics_4218_map_277,9533.15146819833,189.6411250930407
epigenomics_4218_map_278,10069.140231867734,187.7338539257136
epigenomics_4218_map_279,10306.896062281696,177.1802492007356
epigenomics_4218_map_280,10612.031409980927,188.28468603600535
epigenomics_4218_map_281,10203.792121107266,186.76480842851518
epigenomics_4218_map_282,8389.760878250981,180.48837478144284
epigenomics_4218_map_283,9851.12236283228,188.95442486932615
epigenomics_4218_map_284,8779.025552734865,188.3900755995549
epigenomics_4218_map_285,10297.200621603686,180.79761005334603
epigenomics_4218_map_286,9577.060897919284,182.20292501168288
epigenomics_4218_map_287,10058.07137145156,171.24654498542372
epigenomics_4218_map_288,9924.88815925423,190.1002830853508
epigenomics_4218_map_289,9709.428899949326,188.44067702949707
epigenomics_4218_map_290,9674.263470855445,186.39347345870928
epigenomics_4218_map_291,9655.2902991929,185.94408826435387
epigenomics_4218_map_292,9701.681069098828,188.34119618657502
epigenomics_4218_map_293,10572.064830871714,182.77962960231537
epigenomics_4218_map_294,10249.378534247096,182.35788658214975
epigenomics_4218_map_295,9516.333696142729,194.8057389612567
epigenomics_4218_map_296,10022.823703958724,183.5852300901525
epigenomics_4218_map_297,10548.440003193928,186.69059792610088
epigenomics_4218_map_298,9605.903255621693,175.9493696656115
epigenomics_4218_map_299,10568.873252808013,193.04120366961047
epigenomics_4218_map_300,9399.072255824825,189.44284930375352
epigenomics_4218_map_301,9813.389101592842,188.10456879853626
epigenomics_4218_map_302,9672.203819647224,185.18350258346769
epigenomics_4218_map_303,10533.45668610526,179.07937360287332
epigenomics_4218_map_304,9629.84105908674,188.4374192699616
epigenomics_4218_map_305,10301.458695308045,174.3151899771145
epigenomics_4218_map_306,10015.410752963928,178.47086228684765
epigenomics_4218_map_307,9628.45964958151,177.27123502261765
epigenomics_4218_map_308,10547.611275669513,179.04872556165805
epigenomics_4218_map_309,9799.66395284186,187.71464464337697
epigenomics_4218_map_310,9849.048580255332,190.44700014288478
epigenomics_4218_map_311,9242.963954991064,192.1685604727184
epigenomics_4218_map_312,10191.344015888275,173.7218740505908
epigenomics_4218_map_313,9903.94864515487,178.48315453440145
epigenomics_4218_map_314,9031.405572392208,189.96273246706906
epigenomics_4218_map_315,10029.38792186436,184.88365665040237
epigenomics_4218_map_316,9104.08416431048,176.0120174212764
epigenomics_4218_map_317,9967.802372777034,183.2050910135114
epigenomics_4218_map_318,9574.891504722087,192.38591832928026
epigenomics_4218_map_319,9602.229948782307,184.38854196296302
epigenomics_4218_map_320,9712.251842774254,189.3268765531218
epigenomics_4218_map_321,10968.004665275603,178.7169774604015
epigenomics_4218_map_322,9454.741626184854,173.60720176301385
epigenomics_4218_map_323,10168.502408705543,181.5384330829241
epigenomics_4218_map_324,9944.99475835096,184.75858026746266
epigenomics_4218_map_325,9912.840261833615,185.58010900683735
epigenomics_4218_map_326,9060.971851357479,170.60161161669794
epigenomics_4218_map_327,10931.911686518648,177.40237195841664
epigenomics_4218_map_328,10082.069991041386,182.17095801612376
epigenomics_4218_map_329,10280.262552084978,182.3844913161834
epigenomics_4218_map_330,9503.178813673398,183.0323358076946
epigenomics_4218_map_331,10269.254765810927,188.37370522395727
epigenomics_4218_map_332,9579.343450499147,182.6847640559134
epigenomics_4218_map_333,10629.47074271887,182.57550625080373
epigenomics_4218_map_334,9784.80088002946,182.23872541169635
epigenomics_4218_map_335,9621.73951850334,191.31192507344383
epigenomics_4218_map_336,10197.585016690888,185.79884179353184
epigenomics_4218_map_337,10230.966148033058,190.62114013966624
epigenomics_4218_map_338,9937.647569277031,182.89453298228932
epigenomics_4218_map_339,10307.936237537773,188.39341453710173
epigenomics_4218_map_340,10595.559270784312,184.4547158906241
epigenomics_4218_map_341,10063.376185391448,193.53921216294117
epigenomics_4218_map_342,9760.21073636585,177.21686874026835
epigenomics_4218_map_343,10471.33357396635,179.38666272139398
epigenomics_4218_map_344,9406.39531486586,192.95586298902714
epigenomics_4218_map_345,9835.541792177199,187.62592354883992
epigenomics_4218_map_346,9458.283891385663,178.89748527967078
epigenomics_4218_map_347,9105.573164793515,179.47409672351014
epigenomics_4218_map_348,10160.294297937795,186.82228541044492
epigenomics_4218_map_349,9872.935978156234,191.8603586170235
epigenomics_4218_map_350,9844.24309237217,175.89589137828955
epigenomics_4218_map_351,9002.419380179646,186.5211248652251
epigenomics_4218_map_352,11004.03436386341,183.8551965014193
epigenomics_4218_map_353,11009.71786252411,178.67632642366544
epigenomics_4218_map_354,8952.095344436528,186.1073902355253
epigenomics_4218_map_355,10289.40941649494,183.33744288814893
epigenomics_4218_map_356,9268.963103707389,181.6157262704247
epigenomics_4218_map_357,9280.200744904429,184.08510707624774
epigenomics_4218_map_358,10048.289998276185,187.0527815760047
epigenomics_4218_map_359,10062.654147469753,185.4736260372216
epigenomics_4218_map_360,9996.547367543812,184.39679717956736
epigenomics_4218_map_361,10198.57059269477,181.52294314998298
epigenomics_4218_map_362,9490.030435841458,182.68361715254574
epigenomics_4218_map_363,10628.233468713952,183.92893566812813
epigenomics_4218_map_364,9627.960786210477,188.8891791223869
epigenomics_4218_map_365,9748.76538245626,181.74292167200232
epigenomics_4218_map_366,9341.410728355073,204.42179824037913
epigenomics_4218_map_367,10074.761105188669,183.5724926223509
epigenomics_4218_map_368,10218.680846540126,182.14764707397165
epigenomics_4218_map_369,10410.490123665979,186.01024806712783
epigenomics_4218_map_370,9484.701227627234,172.6323161712873
epigenomics_4218_map_371,9542.437034986302,179.5860103752585
epigenomics_4218_map_372,9533.488388453188,192.49327254082868
epigenomics_4218_map_373,10219.842763473232,187.99863390078784
epigenomics_4218_map_374,10556.958955645687,187.2744677395324
epigenomics_4218_map_375,9828.67355364002,175.15204816540907
epigenomics_4218_map_376,10396.614491447215,186.0724349908579
epigenomics_4218_map_377,10475.338880612446,184.9793758749185
epigenomics_4218_map_378,9698.659717071068,193.493390413065
epigenomics_4218_map_379,9842.068131217071,188.46213378896508
epigenomics_4218_map_380,9774.500492315035,188.89061552317781
epigenomics_4218_map_381,9405.219304524788,188.50697786766682
epigenomics_4218_map_382,9958.12730191133,191.48285494149312
epigenomics_4218_map_383,9090.955831408693,188.2248802338631
epigenomics_4218_map_384,9543.412713486992,176.65931461159295
epigenomics_4218_map_385,10226.079369046758,186.36907366824792
epigenomics_4218_map_386,10949.68318005854,185.71772240207127
epigenomics_4218_map_387,10509.4509892612,200.05375148076897
epigenomics_4218_map_388,9831.962136476519,191.69981969425038
epigenomics_4218_map_389,9832.789232735127,190.40285439315042
epigenomics_4218_map_390,9807.90184527668,184.51562331433772
epigenomics_4218_map_391,9948.591139743328,186.3261540821264
epigenomics_4218_map_392,10656.50661504869,190.10271239948864
epigenomics_4218_map_393,10306.471317274902,187.0655464344129
epigenomics_4218_map_394,10001.87740811227,185.71439043481982
epigenomics_4218_map_395,9729.525958733228,190.13305982120963
epigenomics_4218_map_396,9994.951182427578,185.48051880412206
epigenomics_4218_map_397,9924.010801999362,182.09224210228888
epigenomics_4218_map_398,10236.868815570262,186.91649655103427
epigenomics_4218_map_399,10358.224277874522,182.10594395085192
epigenomics_4218_map_400,10040.005266880233,183.45489951301906
epigenomics_4218_map_401,10397.961470977967,181.69360131761513
epigenomics_4218_map_402,9907.005764182648,194.2890864936156
epigenomics_4218_map_403,9322.505173685491,182.51145994325182
epigenomics_4218_map_404,10120.538541704465,183.67981994088294
epigenomics_4218_map_405,10416.817246869665,179.6552612563911
epigenomics_4218_map_406,10341.385913754148,174.01555543436206
epigenomics_4218_map_407,9750.045608276423,185.11449807039457
epigenomics_4218_map_408,10429.278935919732,190.29823264640143
epigenomics_4218_map_409,9973.605239593331,185.31934505457625
epigenomics_4218_map_410,10500.729051518245,182.84917332216733
epigenomics_4218_map_411,9765.470402844023,180.1096389092725
epigenomics_4218_map_412,9824.217909420784,180.92703363336366
epigenomics_4218_map_413,10209.875801987579,183.26204184017902
epigenomics_4218_map_414,9837.183411279359,179.87880242921167
epigenomics_4218_map_415,9175.37698477537,185.56846118016577
epigenomics_4218_map_416,10503.435610134698,184.907749738637
epigenomics_4218_map_417,9415.310246270576,177.33900427977932
epigenomics_4218_map_418,10744.49068142868,178.51355234001377
epigenomics_4218_map_419,10104.696133032641,189.67509536366404
epigenomics_4218_map_420,9646.084635690777,184.78737070953864
epigenomics_4218_map_421,9397.509459777815,186.2368920239057
epigenomics_4218_map_422,9720.106700072509,177.88629590327042
epigenomics_4218_map_423,10126.450041486783,196.54234878107707
epigenomics_4218_map_424,10146.308404740186,195.91650876824576
epigenomics_4218_map_425,11057.25581950136,183.07051315765364
epigenomics_4218_map_426,9949.329439606283,185.8077956635158
epigenomics_4218_map_427,10326.782984781286,182.95937855464393
epigenomics_4218_map_428,10586.447982267086,187.99636531539144
epigenomics_4218_map_429,9804.559143376984,184.51419538322054
epigenomics_4218_map_430,9570.860820605916,182.73697288395874
epigenomics_4218_map_431,9739.948547247825,187.10184769249952
epigenomics_4218_map_432,9197.893460663076,188.96999494709587
epigenomics_4218_map_433,9158.242021779351,181.518032669578
epigenomics_4218_map_434,10103.110413648199,182.2155482496441
epigenomics_4218_map_435,9720.874573348792,180.7826283295742
epigenomics_4218_map_436,11415.867236015867,183.32274618973918
epigenomics_4218_map_437,10285.08901712443,187.89988887498455
epigenomics_4218_map_438,9229.606756908397,185.9492615438351
epigenomics_4218_map_439,9908.63041345147,182.4577857815043
epigenomics_4218_map_440,10091.238414226407,185.89174504961272
epigenomics_4218_map_441,9387.122289834324,180.71242272488945
epigenomics_4218_map_442,9361.511230830505,192.001671612663
epigenomics_4218_map_443,10607.116910847717,183.85872716795674
epigenomics_4218_map_444,10347.961346558091,182.0601704133199
epigenomics_4218_map_445,9941.971676880603,188.53770484139866
epigenomics_4218_map_446,10524.117896420872,175.38178031509537
epigenomics_4218_map_447,10039.647074397397,185.49173940384213
epigenomics_4218_map_448,9885.502157263343,186.65244573967541
epigenomics_4218_map_449,10006.72813772923,189.0859483740203
epigenomics_4218_map_450,9847.062469195123,187.06784457483653
epigenomics_4218_map_451,10566.645290983297,189.3847910483203
epigenomics_4218_map_452,10178.473328660253,193.9537444081517
epigenomics_4218_map_453,9833.32337420316,182.43479807389423
epigenomics_4218_map_454,9621.74263062685,180.33600067255335
epigenomics_4218_map_455,9567.0338581606,184.81587899919055
epigenomics_4218_map_456,10302.881289111234,177.7031452265024
epigenomics_4218_map_457,10344.313527360797,184.20666075318425
epigenomics_4218_map_458,10309.187584910735,194.50725478948672
epigenomics_4218_map_459,9786.979528844182,186.16628893481573
epigenomics_4218_map_460,9672.135992356376,190.41934336846305
epigenomics_4218_map_461,9634.15426258757,176.9183410376231
epigenomics_4218_map_462,10362.09434797316,187.73649663016172
epigenomics_4218_map_463,9910.285431268401,193.52774407642562
epigenomics_4218_map_464,10343.984154394111,183.86040421053002
epigenomics_4218_map_465,10527.128811674222,183.77355984148588
epigenomics_4218_map_466,9165.084418807519,181.2554453616427
epigenomics_4218_map_467,8729.247360669888,182.20992762948762
epigenomics_4218_map_468,10157.320859364194,186.12483403094214
epigenomics_4218_map_469,10399.367583521916,184.02503610009148
epigenomics_4218_map_470,10089.213435583493,181.54192037369035
epigenomics_4218_map_471,9767.255976583772,183.53968361949958
epigenomics_4218_map_472,9730.241384343528,185.8054933541089
epigenomics_4218_map_473,9801.877647697569,191.56871359820528
epigenomics_4218_map_474,9921.47124821226,194.42840162236354
epigenomics_4218_map_475,9968.469206889818,184.54367270473924
epigenomics_4218_map_476,10463.824912537593,192.3636800489671
epigenomics_4218_map_477,9735.963084560173,176.97910459640056
epigenomics_4218_map_478,9830.247167073774,190.04519371819978
epigenomics_4218_map_479,9981.789998160413,185.21191096758972
epigenomics_4218_map_480,9832.028079325346,184.3527658819864
epigenomics_4218_map_481,10024.435020630874,189.33472805248635
epigenomics_4218_map_482,10169.355051722438,184.7665116957882
epigenomics_4218_map_483,9699.534287896777,185.44975461094455
epigenomics_4218_map_484,10258.383720604666,181.71784983970684
epigenomics_4218_map_485,10487.05101666767,184.13463540075597
epigenomics_4218_map_486,9846.951092809804,186.19763836829537
epigenomics_4218_map_487,9578.878581871262,179.91607269550906
epigenomics_4218_map_488,9452.181223665644,189.8742499911272
epigenomics_4218_map_489,9548.509332677231,184.6864232131528
epigenomics_4218_map_490,10349.52730673072,187.32386634088448
epigenomics_4218_map_491,10712.577181163811,174.63524805673686
epigenomics_4218_map_492,9823.227765540943,185.00350109966163
epigenomics_4218_map_493,10464.546538529536,187.17966589561127
epigenomics_4218_map_494,9238.02240496729,187.0781386130431
epigenomics_4218_map_495,9359.184603585702,185.83991339235186
epigenomics_4218_map_496,9987.264795020732,190.78887845260493
epigenomics_4218_map_497,9124.47199984463,189.9800155599551
epigenomics_4218_map_498,9193.832446916964,189.34354266606232
epigenomics_4218_map_499,9478.846912567195,186.3433140062386
epigenomics_4218_mapMerge1_0,101.52525401183146,110.10571208190255
epigenomics_4218_mapMerge1_1,101.11474594645034,115.7992615623886
epigenomics_4218_mapMerge2_0,104.21096640907751,134.0059144334785
epigenomics_4218_chr21_0,200.91039319706593,58.728443977123085
epigenomics_4218_pileup_0,210.4925437008604,79.46564529026625
