request,latency,mem
epigenomics_51_entry_0,1.0,1.0
epigenomics_51_fastqSplit_0,28288.8884031879,2.8
epigenomics_51_fastqSplit_1,33800.44915166884,2.8
epigenomics_51_filterContams_0,2846.1467075290757,2.932717643576137
epigenomics_51_filterContams_1,2215.845358493693,3.034652497997674
epigenomics_51_filterContams_2,2472.7412662896945,2.89262869258144
epigenomics_51_filterContams_3,2056.5912619638607,3.0643972669964685
epigenomics_51_filterContams_4,2208.0449635685327,2.9118236244264613
epigenomics_51_filterContams_5,2610.14869075054,2.9864806996806137
epigenomics_51_filterContams_6,2931.74367374149,2.973299034802646
epigenomics_51_filterContams_7,2627.504739359156,2.833596180175921
epigenomics_51_filterContams_8,2486.6034337365463,2.9793495431109864
epigenomics_51_filterContams_9,2775.1262991026138,2.9353388687104958
epigenomics_51_filterContams_10,2648.109191778496,3.0351783598072832
epigenomics_51_filterContams_11,2571.309467527188,2.987461870733511
epigenomics_51_filterContams_12,2806.880440986771,2.963118632709938
epigenomics_51_filterContams_13,2338.8494891111004,2.9759775808274727
epigenomics_51_filterContams_14,2032.3247565063753,3.0677496920018954
epigenomics_51_filterContams_15,2108.4426919801185,3.115203759397219
epigenomics_51_filterContams_16,1756.16323145677,2.9188781420092758
epigenomics_51_filterContams_17,3284.090389000001,3.007007707941743
epigenomics_51_filterContams_18,1759.4228892006827,2.9741209255885197
epigenomics_51_filterContams_19,2173.5507454764174,3.0958441178823355
epigenomics_51_filterContams_20,2324.335104845519,2.8973026210134103
epigenomics_51_filterContams_21,2654.435703592202,2.875148799576799
epigenomics_51_filterContams_22,2461.6031276481103,2.926829848757507
epigenomics_51_filterContams_23,2427.2567225386692,3.0677156096487344
epigenomics_51_filterContams_24,2726.761202316307,2.9806483892071913
epigenomics_51_filterContams_25,2839.0797718129456,3.0962571158336734
epigenomics_51_filterContams_26,2029.385808852117,2.953283652824791
epigenomics_51_filterContams_27,3090.633165871358,2.9447956339877255
epigenomics_51_filterContams_28,2831.5606413731525,3.02284837925401
epigenomics_51_filterContams_29,3641.302057888676,3.016417693580694
epigenomics_51_filterContams_30,2439.6117117015674,2.9203981447792464
epigenomics_51_filterContams_31,2932.9663449337622,2.907243460322909
epigenomics_51_filterContams_32,2480.750592571018,2.906413417710051
epigenomics_51_filterContams_33,1882.5424584551347,2.9930537834254176
epigenomics_51_filterContams_34,2235.981650394115,2.977619458355603
epigenomics_51_filterContams_35,2585.281412708729,2.968120555187631
epigenomics_51_filterContams_36,2253.1245689100424,2.990242803389368
epigenomics_51_filterContams_37,2960.591118503018,2.9461604100549517
epigenomics_51_filterContams_38,2400.2424072519384,3.0256702019536394
epigenomics_51_filterContams_39,2494.3885374978972,2.9794869823317964
epigenomics_51_filterContams_40,2453.0708676903055,3.021645595295169
epigenomics_51_filterContams_41,1844.691053632791,2.8118780469859495
epigenomics_51_filterContams_42,2566.9692467710606,2.977327568449547
epigenomics_51_filterContams_43,3488.784751991393,3.049844332873532
epigenomics_51_filterContams_44,2111.279070088212,2.9321933165209697
epigenomics_51_filterContams_45,2154.8470788156924,2.9814374948774205
epigenomics_51_filterContams_46,2181.5345072684777,2.9854701188491166
epigenomics_51_filterContams_47,2036.207983986429,2.954120347353076
epigenomics_51_filterContams_48,2415.98160976307,3.020671498926176
epigenomics_51_filterContams_49,1780.7481740449664,3.0342940548323134
epigenomics_51_filterContams_50,2205.469498708072,2.9607924343037735
epigenomics_51_filterContams_51,2518.457218075767,3.018294971967704
epigenomics_51_filterContams_52,2413.623525219861,2.9753205457907406
epigenomics_51_filterContams_53,2493.433327943343,3.0251263723717163
epigenomics_51_filterContams_54,1933.6622527717348,2.9950495319953014
epigenomics_51_filterContams_55,2875.658293961134,3.00988607085361
epigenomics_51_filterContams_56,2525.7393368707058,2.9078902641789206
epigenomics_51_filterContams_57,2210.9280624836465,2.953526768736664
epigenomics_51_filterContams_58,3271.9989086995633,2.971946537604678
epigenomics_51_filterContams_59,2966.9872067009537,2.9250898949909887
epigenomics_51_filterContams_60,1444.5959434333506,3.021045309335972
epigenomics_51_filterContams_61,2999.2175692168803,2.987055946464781
epigenomics_51_filterContams_62,1694.554566300678,3.0578038603490043
epigenomics_51_filterContams_63,2768.492500633051,3.00296095567756
epigenomics_51_filterContams_64,2483.369185269838,2.975213730478543
epigenomics_51_filterContams_65,2467.5527030520207,2.9432735470578866
epigenomics_51_filterContams_66,2214.480741949091,3.036886509650303
epigenomics_51_filterContams_67,2222.412883056518,2.9250119233159455
epigenomics_51_filterContams_68,2808.365226788008,3.071634074466231
epigenomics_51_filterContams_69,2861.4743646159436,2.922128032182115
epigenomics_51_filterContams_70,2874.1481041061106,3.0795637877506836
epigenomics_51_filterContams_71,2967.9797900924427,2.915284042026033
epigenomics_51_filterContams_72,2019.9822959748926,3.0094097028396454
epigenomics_51_filterContams_73,2079.3836501620435,3.04618574033014
epigenomics_51_filterContams_74,1511.6925527285898,2.9737879648469727
epigenomics_51_filterContams_75,2091.837207406885,2.998088002608218
epigenomics_51_filterContams_76,2125.030069531439,3.0082471221845624
epigenomics_51_filterContams_77,2683.0271705041705,2.9241153259804165
epigenomics_51_filterContams_78,2543.9683646657913,3.0222998741586795
epigenomics_51_filterContams_79,2596.078620449956,2.976535917388303
epigenomics_51_filterContams_80,2904.7784708482527,3.014262530210549
epigenomics_51_filterContams_81,2307.9345838566624,2.9527700775219423
epigenomics_51_filterContams_82,2631.399306864954,2.9876711447009674
epigenomics_51_filterContams_83,2581.697524040262,3.0120862445640917
epigenomics_51_filterContams_84,2249.65839463952,3.0327811601933643
epigenomics_51_filterContams_85,2257.146411716721,3.0359772810773245
epigenomics_51_filterContams_86,1213.578280977937,2.987794658503499
epigenomics_51_filterContams_87,1969.1341008180707,2.8895822762756347
epigenomics_51_filterContams_88,2408.832987753658,2.9550133263644156
epigenomics_51_filterContams_89,3353.444682188252,3.006829951920819
epigenomics_51_filterContams_90,2359.1078832910316,2.9754355727677453
epigenomics_51_filterContams_91,3113.4653546568115,2.892811638042191
epigenomics_51_filterContams_92,2054.200269301943,2.9579456978898153
epigenomics_51_filterContams_93,2309.020886955124,2.809552651993661
epigenomics_51_filterContams_94,2360.2863577346575,3.0035621558829817
epigenomics_51_filterContams_95,2559.145840205786,2.9071792322344443
epigenomics_51_filterContams_96,2548.0125960808873,2.908991717739406
epigenomics_51_filterContams_97,2496.4569231869423,2.9963900014615943
epigenomics_51_filterContams_98,2367.5001133448445,3.0185567993762144
epigenomics_51_filterContams_99,2262.7544214425916,2.972282861857181
epigenomics_51_filterContams_100,2319.752364582706,2.8836744968951686
epigenomics_51_filterContams_101,2578.2223542584147,3.1073259382674268
epigenomics_51_filterContams_102,2670.8104754383908,2.9956020341351444
epigenomics_51_filterContams_103,3141.465186804283,2.8628352000289365
epigenomics_51_filterContams_104,2033.6993618641045,3.013515443653426
epigenomics_51_filterContams_105,3085.24297944188,2.9397020380178236
epigenomics_51_filterContams_106,2065.751153456586,3.0156029935904636
epigenomics_51_filterContams_107,1885.0490943653444,3.0075128221408582
epigenomics_51_filterContams_108,1824.064057869951,2.994758763291379
epigenomics_51_filterContams_109,2473.182086702366,3.037765541496981
epigenomics_51_filterContams_110,3436.174661931673,2.9632465422824095
epigenomics_51_filterContams_111,1976.470428708691,2.934092781400008
epigenomics_51_filterContams_112,1953.69247818128,3.032530491584369
epigenomics_51_filterContams_113,2239.1474356164,2.932954559073061
epigenomics_51_filterContams_114,2456.964007047685,3.009309219534922
epigenomics_51_filterContams_115,2821.1647448381946,2.983240745713411
epigenomics_51_filterContams_116,2470.393060690563,3.1211147840682707
epigenomics_51_filterContams_117,3265.371804858219,2.9554260999196242
epigenomics_51_filterContams_118,2206.9357716288055,2.905106292003806
epigenomics_51_filterContams_119,2717.944777218314,3.003421321912804
epigenomics_51_filterContams_120,2189.147561895491,3.0021444194137135
epigenomics_51_filterContams_121,2384.843433431921,2.9675489473995706
epigenomics_51_filterContams_122,1902.932102520189,2.976409020520961
epigenomics_51_filterContams_123,2598.881271629717,2.9621947678220737
epigenomics_51_filterContams_124,2716.4748093129997,2.879889610751548
epigenomics_51_filterContams_125,3063.960483865214,2.8476799315884653
epigenomics_51_filterContams_126,2233.986025707458,3.000320907933374
epigenomics_51_filterContams_127,2804.8597326948366,2.974877004538821
epigenomics_51_filterContams_128,2781.573241116977,2.939835505960692
epigenomics_51_filterContams_129,2464.277781884128,2.9413501880713295
epigenomics_51_filterContams_130,2971.8244143443576,2.959799958038249
epigenomics_51_filterContams_131,2737.520735213032,2.864716123238579
epigenomics_51_filterContams_132,1709.730166705799,2.884132039939765
epigenomics_51_filterContams_133,1984.360382573228,2.8840617362428396
epigenomics_51_filterContams_134,2421.4306249859505,2.9859674730987162
epigenomics_51_filterContams_135,2514.8721474555537,2.8432204180653646
epigenomics_51_filterContams_136,2081.501074562593,2.975544878563806
epigenomics_51_filterContams_137,2250.8292620264365,3.0351076196995925
epigenomics_51_filterContams_138,2468.8683435812754,3.025378493688497
epigenomics_51_filterContams_139,3050.5274028374597,2.8249257604208564
epigenomics_51_filterContams_140,2604.173849377733,3.0066130215966616
epigenomics_51_filterContams_141,2765.4566450026678,2.936073975771301
epigenomics_51_filterContams_142,2607.3348885634728,2.9657561743260086
epigenomics_51_filterContams_143,2331.5525672038443,3.0489964093839492
epigenomics_51_filterContams_144,1691.9990390218882,2.977871707302274
epigenomics_51_filterContams_145,2228.5615804476392,2.9476207776298535
epigenomics_51_filterContams_146,2524.1973630081716,2.941173391945361
epigenomics_51_filterContams_147,2802.502249581443,2.995772387294319
epigenomics_51_filterContams_148,1900.8150648868186,2.9573119236045056
epigenomics_51_filterContams_149,2446.013209533881,2.972321412634243
epigenomics_51_filterContams_150,3009.248508014666,2.9461811575148835
epigenomics_51_filterContams_151,2439.4434251634816,2.9383282137750264
epigenomics_51_filterContams_152,2587.8898535182143,2.958420414994263
epigenomics_51_filterContams_153,2502.480004332431,2.9170521261521443
epigenomics_51_filterContams_154,2377.4478170625066,3.0330976294210377
epigenomics_51_filterContams_155,2405.437248716885,2.9336404274544976
epigenomics_51_filterContams_156,2942.393585391559,2.944394092119891
epigenomics_51_filterContams_157,2925.817606235025,3.013327213514613
epigenomics_51_filterContams_158,2564.0501110426094,2.9695541238909184
epigenomics_51_filterContams_159,1677.6108285319028,2.9263524600291455
epigenomics_51_filterContams_160,2975.074845620461,2.9194048589314523
epigenomics_51_filterContams_161,2420.075715763252,2.946018052410239
epigenomics_51_filterContams_162,2715.6525278313966,3.017124914642835
epigenomics_51_filterContams_163,2586.526839532175,2.980909921738681
epigenomics_51_filterContams_164,2584.834521729986,2.9352520083797264
epigenomics_51_filterContams_165,2185.1229276400654,2.874138173128376
epigenomics_51_filterContams_166,2281.194936900133,2.885771854262929
epigenomics_51_filterContams_167,1904.757499560369,2.9915910093115965
epigenomics_51_filterContams_168,2993.397872260701,2.936491840677578
epigenomics_51_filterContams_169,2787.6488051190054,3.04842105134268
epigenomics_51_filterContams_170,3409.871038665913,2.928482235116741
epigenomics_51_filterContams_171,3129.0470984508374,2.9753419684611435
epigenomics_51_filterContams_172,2879.253058623315,3.0833021958591624
epigenomics_51_filterContams_173,3140.2005981216043,2.9939970098294397
epigenomics_51_filterContams_174,1880.674581223967,3.0270519606312303
epigenomics_51_filterContams_175,1741.9705467045674,2.99196282636816
epigenomics_51_filterContams_176,2227.223013803529,2.9304587951838186
epigenomics_51_filterContams_177,2859.8109660975897,2.867167658822164
epigenomics_51_filterContams_178,1731.6520445988385,2.993257499130516
epigenomics_51_filterContams_179,2738.7456274976257,3.043510007882527
epigenomics_51_filterContams_180,2120.825678247984,3.023322182940889
epigenomics_51_filterContams_181,3594.438876043741,2.9374026005041443
epigenomics_51_filterContams_182,2244.8901649171185,2.9934076031943135
epigenomics_51_filterContams_183,2592.2818375480792,2.9145726097109343
epigenomics_51_filterContams_184,2580.6705382956543,3.04677019738226
epigenomics_51_filterContams_185,2499.3422518498523,2.9435761106159686
epigenomics_51_filterContams_186,2587.291344566891,2.960441480624016
epigenomics_51_filterContams_187,2943.218198050524,2.9402680956447953
epigenomics_51_filterContams_188,2418.5260684236046,2.9089712271133785
epigenomics_51_filterContams_189,2198.030318256594,3.008990601929205
epigenomics_51_filterContams_190,2754.2480757350186,3.0013138614025827
epigenomics_51_filterContams_191,2371.5735569338094,3.001841305240735
epigenomics_51_filterContams_192,2686.0740000205037,2.922655694898192
epigenomics_51_filterContams_193,2003.1112864896825,2.938269794748962
epigenomics_51_filterContams_194,2068.687094383953,2.8896133323476403
epigenomics_51_filterContams_195,2792.957591620709,2.9532039741073297
epigenomics_51_filterContams_196,2850.9108118768927,2.85935622383694
epigenomics_51_filterContams_197,2519.4109602945027,2.945377224376775
epigenomics_51_filterContams_198,2285.254574821575,3.0541920343417255
epigenomics_51_filterContams_199,2451.3362685150328,3.0348654298472777
epigenomics_51_filterContams_200,2529.6520530237462,3.0278688988422426
epigenomics_51_filterContams_201,2821.9666237749307,3.007965798198906
epigenomics_51_filterContams_202,2818.3516357635317,2.981966895725675
epigenomics_51_filterContams_203,3034.591425134988,2.958863574826728
epigenomics_51_filterContams_204,1984.9746959689337,2.9800973087108185
epigenomics_51_filterContams_205,2830.002436241633,2.9357208267553223
epigenomics_51_filterContams_206,2410.353628242934,2.956763659432798
epigenomics_51_filterContams_207,2777.0541575695497,2.956098895003709
epigenomics_51_filterContams_208,2491.6634867350617,3.0858629363626493
epigenomics_51_filterContams_209,3150.488643978807,2.8154136054870764
epigenomics_51_filterContams_210,2281.467899982866,3.0331160455230557
epigenomics_51_filterContams_211,2492.9841475076732,3.041673735648045
epigenomics_51_filterContams_212,2463.2059721523315,3.015334326893425
epigenomics_51_filterContams_213,2761.6742584665803,2.966247503228622
epigenomics_51_filterContams_214,1836.7025584098333,3.0087390063663975
epigenomics_51_filterContams_215,1961.5047504016827,3.021496840099385
epigenomics_51_filterContams_216,1605.926076543568,2.9355760654115084
epigenomics_51_filterContams_217,2906.701530029676,2.94328616947124
epigenomics_51_filterContams_218,3145.5773550789418,2.8991384967824345
epigenomics_51_filterContams_219,2077.865151509692,2.956656152593357
epigenomics_51_filterContams_220,2658.936420137223,2.8999396018256913
epigenomics_51_filterContams_221,2921.0011308238354,2.970522396234527
epigenomics_51_filterContams_222,2401.7065337357026,2.9353945252377134
epigenomics_51_filterContams_223,2910.4209581445934,3.039740406318835
epigenomics_51_filterContams_224,2092.250931362056,2.9062089672852807
epigenomics_51_filterContams_225,1946.9467061897108,2.93795194205103
epigenomics_51_filterContams_226,2880.493241723731,2.9965016356894583
epigenomics_51_filterContams_227,2217.4193003693663,3.001730607536126
epigenomics_51_filterContams_228,2367.6351646570715,3.000187013567939
epigenomics_51_filterContams_229,2503.047590309285,2.91942127641555
epigenomics_51_filterContams_230,2837.632051265244,2.967812787827577
epigenomics_51_filterContams_231,2834.4399489186444,3.0128868272580935
epigenomics_51_filterContams_232,2463.1366506473883,2.8909270101203703
epigenomics_51_filterContams_233,1319.017805869378,2.879929740133797
epigenomics_51_filterContams_234,2513.3192755762634,3.09682932654669
epigenomics_51_filterContams_235,2177.687409898402,2.9659040023995136
epigenomics_51_filterContams_236,2087.0757632311875,2.8618814698716695
epigenomics_51_filterContams_237,3087.8021506833866,2.964003665978487
epigenomics_51_filterContams_238,2473.531361357619,2.9675644605189784
epigenomics_51_filterContams_239,2549.650999908164,2.9825561072996636
epigenomics_51_filterContams_240,2418.167439352223,2.9288058519014184
epigenomics_51_filterContams_241,2440.5198990930076,2.8481558521953594
epigenomics_51_filterContams_242,2456.8092523552887,2.8893240297874234
epigenomics_51_filterContams_243,1778.0252017189778,2.955886118034941
epigenomics_51_filterContams_244,2272.5915081575604,3.0110855791219175
epigenomics_51_filterContams_245,2687.58727648297,2.9417835219100015
epigenomics_51_filterContams_246,1823.1890599159915,3.0135850774452173
epigenomics_51_filterContams_247,2701.315648545333,2.9372903765335763
epigenomics_51_filterContams_248,1594.8475627605458,2.9177800235102738
epigenomics_51_filterContams_249,2606.0180940145374,2.99379780881164
epigenomics_51_filterContams_250,2635.5852311634817,2.918575600796231
epigenomics_51_filterContams_251,1928.132546061608,2.999092340392111
epigenomics_51_filterContams_252,2585.19405199423,2.9943507861755734
epigenomics_51_filterContams_253,2623.6450145885337,2.949188227299254
epigenomics_51_filterContams_254,1700.1196067385677,2.971200771932346
epigenomics_51_filterContams_255,1773.182696457227,3.073553743169077
epigenomics_51_filterContams_256,2865.4015052835102,2.8870838716442417
epigenomics_51_filterContams_257,2181.103217840899,2.984482369940656
epigenomics_51_filterContams_258,2471.127379130559,2.9748013695900615
epigenomics_51_filterContams_259,2421.8312898578897,2.9873354559090415
epigenomics_51_filterContams_260,2896.131842866788,2.9466179637790173
epigenomics_51_filterContams_261,2841.243400572849,2.903848964154554
epigenomics_51_filterContams_262,2186.9608546530635,2.911412586346731
epigenomics_51_filterContams_263,2185.5833910446963,2.9674618948953646
epigenomics_51_filterContams_264,1907.107655900834,3.0166425406645123
epigenomics_51_filterContams_265,2510.5441090037307,2.9598081046689284
epigenomics_51_filterContams_266,2139.8768458525838,2.985868444924166
epigenomics_51_filterContams_267,2214.439416421646,2.9733120478909703
epigenomics_51_filterContams_268,2637.8822822635666,3.0401845905289626
epigenomics_51_filterContams_269,2396.3548658651343,2.9745162380244707
epigenomics_51_filterContams_270,2791.9366872577607,2.984056140298609
epigenomics_51_filterContams_271,1960.9909915032367,3.0466406819428666
epigenomics_51_filterContams_272,2504.0598744246067,2.8924798087663897
epigenomics_51_filterContams_273,2670.0683719482986,2.937518064806414
epigenomics_51_filterContams_274,2805.131256348894,3.089915231585797
epigenomics_51_filterContams_275,2692.6850672667388,2.9402310429382
epigenomics_51_filterContams_276,2782.8256279838,2.959627457161065
epigenomics_51_filterContams_277,2181.9922817661463,3.0312441456340977
epigenomics_51_filterContams_278,2747.25853710067,3.0576987328724954
epigenomics_51_filterContams_279,2908.1708269713827,2.9446717952204127
epigenomics_51_filterContams_280,2823.845934771127,2.9262887520701746
epigenomics_51_filterContams_281,2944.2898021592323,2.896843780186262
epigenomics_51_filterContams_282,2383.522980381202,2.9353246569130143
epigenomics_51_filterContams_283,2323.4480538857606,2.92076490050961
epigenomics_51_filterContams_284,3247.457167657905,2.994097022179685
epigenomics_51_filterContams_285,2697.841917280104,2.8946080160988914
epigenomics_51_filterContams_286,3016.2089497504544,2.90925707454817
epigenomics_51_filterContams_287,2246.9008847199398,2.9622853568506673
epigenomics_51_filterContams_288,2506.589640342858,2.92675151131515
epigenomics_51_filterContams_289,3231.150608994495,2.896152142106577
epigenomics_51_filterContams_290,2319.8492613911676,2.9051330934611936
epigenomics_51_filterContams_291,2856.003208134072,2.9545018262371316
epigenomics_51_filterContams_292,2393.795244232417,2.9811662002726487
epigenomics_51_filterContams_293,2321.7414838847785,3.0288201305785893
epigenomics_51_filterContams_294,2869.422248494103,2.8654644873606054
epigenomics_51_filterContams_295,2226.3594025157663,2.964306571101607
epigenomics_51_filterContams_296,2601.2982155689447,2.9308706980753585
epigenomics_51_filterContams_297,2190.9891948582454,3.0197849627976656
epigenomics_51_filterContams_298,2548.4746762856907,3.056751554159424
epigenomics_51_filterContams_299,2197.223067665975,2.9494966410177623
epigenomics_51_filterContams_300,2334.3553493653053,2.978544545862137
epigenomics_51_filterContams_301,2173.9548650262527,2.839414594313016
epigenomics_51_filterContams_302,2880.613140356947,2.925666864043116
epigenomics_51_filterContams_303,2121.153912307203,2.9491678483515136
epigenomics_51_filterContams_304,2728.215341220531,3.0275832650977885
epigenomics_51_filterContams_305,2826.9965489290244,2.9603370015053656
epigenomics_51_filterContams_306,2340.576280701936,2.899359227528582
epigenomics_51_filterContams_307,3088.303331690511,2.895275232472344
epigenomics_51_filterContams_308,3156.193881042132,3.0323260565633445
epigenomics_51_filterContams_309,2467.7047738347205,3.0257158696581796
epigenomics_51_filterContams_310,1570.3782208022503,2.995937590008949
epigenomics_51_filterContams_311,1857.2369760628055,2.845800581076341
epigenomics_51_filterContams_312,2241.183697503595,2.9516905439933057
epigenomics_51_filterContams_313,2711.7308473971652,2.981615724138213
epigenomics_51_filterContams_314,2446.754561386894,2.9004046655473057
epigenomics_51_filterContams_315,2001.1986155949164,3.0381212101513375
epigenomics_51_filterContams_316,1637.603840557817,2.9330374968370685
epigenomics_51_filterContams_317,2191.2636642674283,2.9931004262750704
epigenomics_51_filterContams_318,3087.568451127439,2.9661260821044473
epigenomics_51_filterContams_319,3015.081971482167,2.909727065567877
epigenomics_51_filterContams_320,1735.9247691909204,3.0344282771822697
epigenomics_51_filterContams_321,2626.7321346820027,2.905899225103174
epigenomics_51_filterContams_322,1877.2227488385379,3.178710350601477
epigenomics_51_filterContams_323,3403.368786347905,2.905985217452798
epigenomics_51_filterContams_324,2629.5667201341275,2.9490970886539483
epigenomics_51_filterContams_325,2242.2585339938896,3.0601504574611376
epigenomics_51_filterContams_326,3026.221146302596,2.9465484376067117
epigenomics_51_filterContams_327,1999.5808160259016,2.8582866610294833
epigenomics_51_filterContams_328,3012.7203150565797,3.0341033752660573
epigenomics_51_filterContams_329,2808.1702911654734,2.9375615309933454
epigenomics_51_filterContams_330,2111.8409908625586,2.9586467112459736
epigenomics_51_filterContams_331,2722.2042028394308,3.068079464501041
epigenomics_51_filterContams_332,3136.4549330278896,3.023877174417953
epigenomics_51_filterContams_333,2000.0285058395864,2.9225840267439613
epigenomics_51_filterContams_334,2620.0484163600595,3.052100688248798
epigenomics_51_filterContams_335,1562.7268479847262,2.8658243486308432
epigenomics_51_filterContams_336,2547.438748600664,2.975449153848218
epigenomics_51_filterContams_337,2527.9304098240195,2.889120347469527
epigenomics_51_filterContams_338,2239.3368098056585,2.9969573113346866
epigenomics_51_filterContams_339,2190.9976636729625,2.958550051469331
epigenomics_51_filterContams_340,2676.915040364874,2.918866438615849
epigenomics_51_filterContams_341,2820.541913884719,2.9841577083185573
epigenomics_51_filterContams_342,2417.700603024455,2.98681055736091
epigenomics_51_filterContams_343,2460.741846272234,3.043931606620657
epigenomics_51_filterContams_344,2164.9899406763834,3.1703526971314755
epigenomics_51_filterContams_345,2873.259528275251,3.018206956508079
epigenomics_51_filterContams_346,2898.0939914483074,2.978554090496444
epigenomics_51_filterContams_347,3034.908603375396,2.830185133748413
epigenomics_51_filterContams_348,2665.747473352793,2.9064239877101845
epigenomics_51_filterContams_349,2869.598958860181,2.991892775754686
epigenomics_51_filterContams_350,2259.7571432544587,2.9577470406326682
epigenomics_51_filterContams_351,2433.9232316919265,3.061358604599826
epigenomics_51_filterContams_352,2597.9782887907304,2.9506062531573636
epigenomics_51_filterContams_353,2821.593319467673,2.96842486080263
epigenomics_51_filterContams_354,1905.2638083283473,3.024430390202134
epigenomics_51_filterContams_355,2199.65875628747,3.0725649996122786
epigenomics_51_filterContams_356,2774.5806157352104,3.0046241931567446
epigenomics_51_filterContams_357,2319.737375073283,2.8410083032394478
epigenomics_51_filterContams_358,2627.049928643853,2.924747863736378
epigenomics_51_filterContams_359,2676.744192942999,3.069573317305797
epigenomics_51_filterContams_360,2130.2933392151685,3.0011223205027298
epigenomics_51_filterContams_361,2053.3594802109083,2.9796523057783677
epigenomics_51_filterContams_362,2588.7993359558704,2.901466869502731
epigenomics_51_filterContams_363,2665.836209808449,2.8826909409265586
epigenomics_51_filterContams_364,3126.491943246608,3.022952483857179
epigenomics_51_filterContams_365,2242.078333117977,3.040353636543798
epigenomics_51_filterContams_366,2434.6781795019697,2.972336489109309
epigenomics_51_filterContams_367,2317.578134129913,2.999735357430985
epigenomics_51_filterContams_368,2730.1124728775976,3.035712399338365
epigenomics_51_filterContams_369,2415.4862130454585,2.941991270268326
epigenomics_51_filterContams_370,1621.6352340898825,2.9372383992567315
epigenomics_51_filterContams_371,2528.61886710002,2.9432408004273656
epigenomics_51_filterContams_372,1293.40002976071,2.9576903058822253
epigenomics_51_filterContams_373,1996.7236676738646,2.9729575360466245
epigenomics_51_filterContams_374,2451.2990871060874,3.011253033760868
epigenomics_51_filterContams_375,2485.598421781967,3.0642356268500706
epigenomics_51_filterContams_376,1830.3988540486546,2.8925861377627275
epigenomics_51_filterContams_377,2914.0459814768174,2.9020613587818076
epigenomics_51_filterContams_378,3311.420864391519,2.9220834743260666
epigenomics_51_filterContams_379,2137.487422886385,2.911717150922617
epigenomics_51_filterContams_380,1970.2601557180496,3.0139305779453625
epigenomics_51_filterContams_381,2339.461580533913,2.990831577397535
epigenomics_51_filterContams_382,2851.872053279982,2.9951087448952247
epigenomics_51_filterContams_383,3061.4968382146176,3.055454737323249
epigenomics_51_filterContams_384,3031.776051163465,3.062139779644243
epigenomics_51_filterContams_385,2026.7305237966502,3.0563738735276296
epigenomics_51_filterContams_386,2428.1288743197524,3.000714169182469
epigenomics_51_filterContams_387,1930.6470759420856,3.027139566037133
epigenomics_51_filterContams_388,1808.3893739161383,2.934187616015486
epigenomics_51_filterContams_389,2335.6077663327605,2.991677424295166
epigenomics_51_filterContams_390,2640.7313981036255,2.9169337274006195
epigenomics_51_filterContams_391,2646.2889739081115,3.0079775645177893
epigenomics_51_filterContams_392,1962.7969308695137,2.9999874609810298
epigenomics_51_filterContams_393,2846.6386906201174,2.9179495152944974
epigenomics_51_filterContams_394,1912.2929586969603,2.981879357764938
epigenomics_51_filterContams_395,2839.4135674262666,3.0231001932712314
epigenomics_51_filterContams_396,2906.222381489247,3.027377960702609
epigenomics_51_filterContams_397,2732.7495431305974,2.9809975145388194
epigenomics_51_filterContams_398,2073.763154648049,2.9985700903015107
epigenomics_51_filterContams_399,2184.7012368037294,3.011273088327835
epigenomics_51_filterContams_400,2011.5738004566665,2.8912653772186845
epigenomics_51_filterContams_401,1412.9767522190355,2.946688989917151
epigenomics_51_filterContams_402,1997.2537558391705,2.9640566973024196
epigenomics_51_filterContams_403,2531.21199856184,2.9567851948570105
epigenomics_51_filterContams_404,2672.6323728902335,2.9904214627122636
epigenomics_51_filterContams_405,2523.3199691309323,2.9376958791714247
epigenomics_51_filterContams_406,2633.641462837837,3.0322400011673065
epigenomics_51_filterContams_407,2323.958054631877,2.95121324566704
epigenomics_51_filterContams_408,2409.34477428262,3.0518400795065412
epigenomics_51_filterContams_409,2950.631414525208,3.0020076927101216
epigenomics_51_filterContams_410,2066.4649996869302,2.9781033833301316
epigenomics_51_filterContams_411,2169.780659751164,3.089034558209999
epigenomics_51_filterContams_412,3116.3298883340217,2.973007143508935
epigenomics_51_filterContams_413,2136.7804014953917,2.987172802316612
epigenomics_51_filterContams_414,2442.0673943041415,2.982440010372314
epigenomics_51_filterContams_415,2673.5782954888136,2.8834467916158646
epigenomics_51_filterContams_416,2827.1387406230347,3.0203330904465635
epigenomics_51_filterContams_417,2214.5107155189157,2.993232998200736
epigenomics_51_filterContams_418,1682.2778386687717,2.95266604743738
epigenomics_51_filterContams_419,1847.859311033093,2.9243623033843784
epigenomics_51_filterContams_420,2428.7582157576985,2.9687392211862518
epigenomics_51_filterContams_421,2748.2135264232065,2.9453870048269932
epigenomics_51_filterContams_422,2439.646758315234,3.033835571078295
epigenomics_51_filterContams_423,2543.401872618796,2.9822073662644804
epigenomics_51_filterContams_424,3025.3014148665115,2.950220545616207
epigenomics_51_filterContams_425,2987.0891171122003,2.942259504602569
epigenomics_51_filterContams_426,2497.3321509418965,2.965016049854146
epigenomics_51_filterContams_427,2024.2029040683833,2.965438715172044
epigenomics_51_filterContams_428,2592.535349221888,2.9336077984709212
epigenomics_51_filterContams_429,3039.659360146052,3.0021700460649177
epigenomics_51_filterContams_430,2825.431022984524,2.9877272229565
epigenomics_51_filterContams_431,2583.4021902168615,2.9506651569040234
epigenomics_51_filterContams_432,3124.319037102492,2.917108501276805
epigenomics_51_filterContams_433,2730.6418139473835,3.0610033849173712
epigenomics_51_filterContams_434,2373.4135751521626,3.0096985313046365
epigenomics_51_filterContams_435,2818.9446849729866,2.96102977667876
epigenomics_51_filterContams_436,2047.6888594429784,2.9397946627913063
epigenomics_51_filterContams_437,2589.0473521692984,3.008652083753556
epigenomics_51_filterContams_438,2724.2049484728122,3.0312912652753647
epigenomics_51_filterContams_439,2195.6359940192738,2.8540294405812427
epigenomics_51_filterContams_440,1749.958386237101,2.927409041995438
epigenomics_51_filterContams_441,3410.2318572166655,2.951328855334579
epigenomics_51_filterContams_442,2640.9293398577256,2.9651159025361093
epigenomics_51_filterContams_443,1711.823737901197,2.9092798918753857
epigenomics_51_filterContams_444,2051.079285602567,2.927702561492293
epigenomics_51_filterContams_445,2140.0835361857116,2.95032542736221
epigenomics_51_filterContams_446,2807.533118797769,3.0151036498757415
epigenomics_51_filterContams_447,2742.944473560144,2.94808645213571
epigenomics_51_filterContams_448,2004.9616520305378,2.9382798533264594
epigenomics_51_filterContams_449,2411.4186890157566,3.0012448871093196
epigenomics_51_filterContams_450,3177.1557118780174,3.0436709694116026
epigenomics_51_filterContams_451,1713.047128558689,2.91049369605849
epigenomics_51_filterContams_452,1955.8416783039654,2.943745007461897
epigenomics_51_filterContams_453,2901.693164802692,2.970896230875071
epigenomics_51_filterContams_454,2869.309149087309,2.961056290035243
epigenomics_51_filterContams_455,2685.8169653819186,2.9209770736344236
epigenomics_51_filterContams_456,2422.262826325503,2.9420825511744315
epigenomics_51_filterContams_457,2212.4967332798487,2.9880940943567875
epigenomics_51_filterContams_458,1992.8303508362164,2.9363232809673505
epigenomics_51_filterContams_459,3067.4508879067457,2.861151041328708
epigenomics_51_filterContams_460,3009.582667876599,3.029102517307648
epigenomics_51_filterContams_461,2276.4505240457042,2.9200160506666712
epigenomics_51_filterContams_462,2581.958860362463,2.846020159311379
epigenomics_51_filterContams_463,2113.258564827388,3.0118959957791156
epigenomics_51_filterContams_464,2057.7302950448125,3.0840979734687597
epigenomics_51_filterContams_465,3278.0960531456194,2.9435661883918063
epigenomics_51_filterContams_466,2417.5531996652544,2.875746311604072
epigenomics_51_filterContams_467,2567.3107939186484,2.9268573783722847
epigenomics_51_filterContams_468,2670.6640450329023,2.989996434502722
epigenomics_51_filterContams_469,2431.6932614405396,2.910562806170871
epigenomics_51_filterContams_470,2715.035411183491,2.9472056116143412
epigenomics_51_filterContams_471,2437.409257251644,3.0098078432733852
epigenomics_51_filterContams_472,1565.680201030007,2.874409480171125
epigenomics_51_filterContams_473,1745.639410401631,2.8643851930665667
epigenomics_51_filterContams_474,3303.9286026846708,2.9813514552159774
epigenomics_51_filterContams_475,2946.642796508848,3.0199787833073
epigenomics_51_filterContams_476,2449.184061455157,3.028884012913407
epigenomics_51_filterContams_477,2261.890907867513,2.9716272657395817
epigenomics_51_filterContams_478,2460.8976625113373,3.0336514760172313
epigenomics_51_filterContams_479,2779.19237060559,3.0552654841979945
epigenomics_51_filterContams_480,2334.8914857924033,3.0697126301574382
epigenomics_51_filterContams_481,2376.3592499561246,2.9048187340699316
epigenomics_51_filterContams_482,2086.493700740629,3.001729235083995
epigenomics_51_filterContams_483,1871.242790624713,3.0093809549245147
epigenomics_51_filterContams_484,2824.8006638453344,3.0858435030388454
epigenomics_51_filterContams_485,2019.0589272273432,2.935541326250923
epigenomics_51_filterContams_486,2489.126213771112,3.109268358016929
epigenomics_51_filterContams_487,2967.3807018371153,2.9495404170908275
epigenomics_51_filterContams_488,2130.762202537121,2.93887640956517
epigenomics_51_filterContams_489,1975.319601846514,3.050653227609267
epigenomics_51_filterContams_490,2016.1056596480976,2.9155962649048104
epigenomics_51_filterContams_491,2518.0781909030293,2.972659794413538
epigenomics_51_filterContams_492,2380.989229443335,2.9939179881257982
epigenomics_51_filterContams_493,1653.3019274602425,2.90809608239589
epigenomics_51_filterContams_494,2366.278832360569,2.965967659692162
epigenomics_51_filterContams_495,2506.6553422622233,3.049824155847391
epigenomics_51_filterContams_496,2438.383918161535,3.002613309480728
epigenomics_51_filterContams_497,2183.9035409551952,3.0223759370503136
epigenomics_51_filterContams_498,2017.9872609840615,2.927190681168898
epigenomics_51_filterContams_499,2865.2012484486795,3.0170710283302107
epigenomics_51_sol2sanger_0,500.74131387963973,3.79
epigenomics_51_sol2sanger_1,583.4438978249788,3.79
epigenomics_51_sol2sanger_2,411.71534475313786,3.79
epigenomics_51_sol2sanger_3,391.2602838241909,3.79
epigenomics_51_sol2sanger_4,471.4856962485391,3.79
epigenomics_51_sol2sanger_5,603.9135254549263,3.79
epigenomics_51_sol2sanger_6,431.3115425588869,3.79
epigenomics_51_sol2sanger_7,706.1033990087359,3.79
epigenomics_51_sol2sanger_8,449.6142104612966,3.79
epigenomics_51_sol2sanger_9,477.7064093425632,3.79
epigenomics_51_sol2sanger_10,351.1586151075488,3.79
epigenomics_51_sol2sanger_11,437.33172865446085,3.79
epigenomics_51_sol2sanger_12,326.21520871439293,3.79
epigenomics_51_sol2sanger_13,478.7090882024776,3.79
epigenomics_51_sol2sanger_14,280.5767404621516,3.79
epigenomics_51_sol2sanger_15,384.73464479853317,3.79
epigenomics_51_sol2sanger_16,413.96006164115374,3.79
epigenomics_51_sol2sanger_17,480.75186016809823,3.79
epigenomics_51_sol2sanger_18,616.9592729499201,3.79
epigenomics_51_sol2sanger_19,447.3451673144216,3.79
epigenomics_51_sol2sanger_20,388.3838498017148,3.79
epigenomics_51_sol2sanger_21,656.7492924679921,3.79
epigenomics_51_sol2sanger_22,499.82763835931183,3.79
epigenomics_51_sol2sanger_23,358.24809913876754,3.79
epigenomics_51_sol2sanger_24,503.5144974968296,3.79
epigenomics_51_sol2sanger_25,447.1731659411955,3.79
epigenomics_51_sol2sanger_26,641.9485085738486,3.79
epigenomics_51_sol2sanger_27,312.23572753275556,3.79
epigenomics_51_sol2sanger_28,424.5280741920168,3.79
epigenomics_51_sol2sanger_29,474.6885440634724,3.79
epigenomics_51_sol2sanger_30,357.50275815387295,3.79
epigenomics_51_sol2sanger_31,332.24720535388724,3.79
epigenomics_51_sol2sanger_32,209.80001204406494,3.79
epigenomics_51_sol2sanger_33,303.8566247903958,3.79
epigenomics_51_sol2sanger_34,397.18143111589654,3.79
epigenomics_51_sol2sanger_35,427.3543317727267,3.79
epigenomics_51_sol2sanger_36,483.8744683605534,3.79
epigenomics_51_sol2sanger_37,505.3149760782362,3.79
epigenomics_51_sol2sanger_38,462.6330528746472,3.79
epigenomics_51_sol2sanger_39,393.33464236248983,3.79
epigenomics_51_sol2sanger_40,553.4699787362837,3.79
epigenomics_51_sol2sanger_41,209.3887161898889,3.79
epigenomics_51_sol2sanger_42,432.36520052278223,3.79
epigenomics_51_sol2sanger_43,449.82776544314873,3.79
epigenomics_51_sol2sanger_44,618.8593881171528,3.79
epigenomics_51_sol2sanger_45,730.0710119853363,3.79
epigenomics_51_sol2sanger_46,652.3469938616392,3.79
epigenomics_51_sol2sanger_47,452.3536739166691,3.79
epigenomics_51_sol2sanger_48,663.8173600364714,3.79
epigenomics_51_sol2sanger_49,690.5533411831617,3.79
epigenomics_51_sol2sanger_50,304.1975841191063,3.79
epigenomics_51_sol2sanger_51,462.7369210895021,3.79
epigenomics_51_sol2sanger_52,672.4981804938349,3.79
epigenomics_51_sol2sanger_53,314.2220196484502,3.79
epigenomics_51_sol2sanger_54,545.6974478605041,3.79
epigenomics_51_sol2sanger_55,610.9794550221936,3.79
epigenomics_51_sol2sanger_56,573.238449238325,3.79
epigenomics_51_sol2sanger_57,818.8690476170152,3.79
epigenomics_51_sol2sanger_58,520.0623442258604,3.79
epigenomics_51_sol2sanger_59,525.8747250110382,3.79
epigenomics_51_sol2sanger_60,514.6396899581089,3.79
epigenomics_51_sol2sanger_61,419.20084514159345,3.79
epigenomics_51_sol2sanger_62,497.6012332665561,3.79
epigenomics_51_sol2sanger_63,450.71574601087116,3.79
epigenomics_51_sol2sanger_64,516.0466745266142,3.79
epigenomics_51_sol2sanger_65,337.85570021920535,3.79
epigenomics_51_sol2sanger_66,671.8567019602451,3.79
epigenomics_51_sol2sanger_67,469.1698284267855,3.79
epigenomics_51_sol2sanger_68,532.8538132112286,3.79
epigenomics_51_sol2sanger_69,800.5534108411014,3.79
epigenomics_51_sol2sanger_70,446.762351107781,3.79
epigenomics_51_sol2sanger_71,563.041326217329,3.79
epigenomics_51_sol2sanger_72,417.5220387506307,3.79
epigenomics_51_sol2sanger_73,449.49995657733734,3.79
epigenomics_51_sol2sanger_74,640.5416986439204,3.79
epigenomics_51_sol2sanger_75,697.1566092711375,3.79
epigenomics_51_sol2sanger_76,477.1924887242717,3.79
epigenomics_51_sol2sanger_77,658.0569023309666,3.79
epigenomics_51_sol2sanger_78,579.1053182926099,3.79
epigenomics_51_sol2sanger_79,618.3717247959141,3.79
epigenomics_51_sol2sanger_80,667.7411017319486,3.79
epigenomics_51_sol2sanger_81,436.4172039490958,3.79
epigenomics_51_sol2sanger_82,798.3332314608523,3.79
epigenomics_51_sol2sanger_83,413.31460177488844,3.79
epigenomics_51_sol2sanger_84,347.53201093869484,3.79
epigenomics_51_sol2sanger_85,528.7258755367659,3.79
epigenomics_51_sol2sanger_86,282.8656342413308,3.79
epigenomics_51_sol2sanger_87,460.6569965278637,3.79
epigenomics_51_sol2sanger_88,580.1586974905147,3.79
epigenomics_51_sol2sanger_89,259.0979371693719,3.79
epigenomics_51_sol2sanger_90,562.9862375502356,3.79
epigenomics_51_sol2sanger_91,391.1023057067468,3.79
epigenomics_51_sol2sanger_92,487.151088725946,3.79
epigenomics_51_sol2sanger_93,450.28829798053533,3.79
epigenomics_51_sol2sanger_94,376.5337232863697,3.79
epigenomics_51_sol2sanger_95,567.2726236300585,3.79
epigenomics_51_sol2sanger_96,519.1684966692444,3.79
epigenomics_51_sol2sanger_97,662.413106525135,3.79
epigenomics_51_sol2sanger_98,631.842120524758,3.79
epigenomics_51_sol2sanger_99,544.8804744667658,3.79
epigenomics_51_sol2sanger_100,530.052604096784,3.79
epigenomics_51_sol2sanger_101,291.81914545329715,3.79
epigenomics_51_sol2sanger_102,367.3458348840921,3.79
epigenomics_51_sol2sanger_103,591.5202937476399,3.79
epigenomics_51_sol2sanger_104,493.1685770427008,3.79
epigenomics_51_sol2sanger_105,620.7026141971899,3.79
epigenomics_51_sol2sanger_106,597.3580504751077,3.79
epigenomics_51_sol2sanger_107,805.1381635927506,3.79
epigenomics_51_sol2sanger_108,329.1190086896089,3.79
epigenomics_51_sol2sanger_109,393.64337740779433,3.79
epigenomics_51_sol2sanger_110,404.8253081086072,3.79
epigenomics_51_sol2sanger_111,652.7088528907783,3.79
epigenomics_51_sol2sanger_112,620.9665610061995,3.79
epigenomics_51_sol2sanger_113,437.4247049180139,3.79
epigenomics_51_sol2sanger_114,410.999189639021,3.79
epigenomics_51_sol2sanger_115,375.9302694058199,3.79
epigenomics_51_sol2sanger_116,404.6746134033524,3.79
epigenomics_51_sol2sanger_117,389.5713354972108,3.79
epigenomics_51_sol2sanger_118,405.63943598473736,3.79
epigenomics_51_sol2sanger_119,453.8875968222405,3.79
epigenomics_51_sol2sanger_120,302.43004038305116,3.79
epigenomics_51_sol2sanger_121,399.42480449876894,3.79
epigenomics_51_sol2sanger_122,282.2641542368084,3.79
epigenomics_51_sol2sanger_123,463.32712359612793,3.79
epigenomics_51_sol2sanger_124,477.55349696549933,3.79
epigenomics_51_sol2sanger_125,481.11958763845587,3.79
epigenomics_51_sol2sanger_126,641.8175569426827,3.79
epigenomics_51_sol2sanger_127,514.5581501803595,3.79
epigenomics_51_sol2sanger_128,260.8941494358578,3.79
epigenomics_51_sol2sanger_129,404.9080652692973,3.79
epigenomics_51_sol2sanger_130,582.9475562187689,3.79
epigenomics_51_sol2sanger_131,544.9073501830356,3.79
epigenomics_51_sol2sanger_132,405.3350808240648,3.79
epigenomics_51_sol2sanger_133,685.9829857915238,3.79
epigenomics_51_sol2sanger_134,617.8866447360721,3.79
epigenomics_51_sol2sanger_135,350.5955915119896,3.79
epigenomics_51_sol2sanger_136,571.2435721142695,3.79
epigenomics_51_sol2sanger_137,423.3149843955549,3.79
epigenomics_51_sol2sanger_138,616.9078491903663,3.79
epigenomics_51_sol2sanger_139,419.48658450393634,3.79
epigenomics_51_sol2sanger_140,810.235503686267,3.79
epigenomics_51_sol2sanger_141,473.86101712755794,3.79
epigenomics_51_sol2sanger_142,635.5326277313659,3.79
epigenomics_51_sol2sanger_143,480.9259815043482,3.79
epigenomics_51_sol2sanger_144,577.6000768908395,3.79
epigenomics_51_sol2sanger_145,461.78360393470746,3.79
epigenomics_51_sol2sanger_146,552.5797873683728,3.79
epigenomics_51_sol2sanger_147,598.6642471957746,3.79
epigenomics_51_sol2sanger_148,416.743261362362,3.79
epigenomics_51_sol2sanger_149,615.9129382660831,3.79
epigenomics_51_sol2sanger_150,527.0293327310801,3.79
epigenomics_51_sol2sanger_151,114.79973001436537,3.79
epigenomics_51_sol2sanger_152,510.30164914352554,3.79
epigenomics_51_sol2sanger_153,684.0323409075125,3.79
epigenomics_51_sol2sanger_154,522.0526742649097,3.79
epigenomics_51_sol2sanger_155,719.6212522741437,3.79
epigenomics_51_sol2sanger_156,303.6246116678847,3.79
epigenomics_51_sol2sanger_157,291.1144108779282,3.79
epigenomics_51_sol2sanger_158,657.9875462325487,3.79
epigenomics_51_sol2sanger_159,496.17654730776354,3.79
epigenomics_51_sol2sanger_160,555.2427983603654,3.79
epigenomics_51_sol2sanger_161,641.4227857622965,3.79
epigenomics_51_sol2sanger_162,201.80890450990972,3.79
epigenomics_51_sol2sanger_163,19.9832339232791,3.79
epigenomics_51_sol2sanger_164,451.4250928159011,3.79
epigenomics_51_sol2sanger_165,160.96632878586735,3.79
epigenomics_51_sol2sanger_166,648.6617038924068,3.79
epigenomics_51_sol2sanger_167,796.5843004689061,3.79
epigenomics_51_sol2sanger_168,384.0603984207101,3.79
epigenomics_51_sol2sanger_169,485.99518120850973,3.79
epigenomics_51_sol2sanger_170,355.5069874257951,3.79
epigenomics_51_sol2sanger_171,444.3174306070242,3.79
epigenomics_51_sol2sanger_172,362.8067900745009,3.79
epigenomics_51_sol2sanger_173,362.0847345480364,3.79
epigenomics_51_sol2sanger_174,226.49969144451546,3.79
epigenomics_51_sol2sanger_175,373.7805788758253,3.79
epigenomics_51_sol2sanger_176,488.22219545182077,3.79
epigenomics_51_sol2sanger_177,540.5365039375317,3.79
epigenomics_51_sol2sanger_178,367.96124192207645,3.79
epigenomics_51_sol2sanger_179,420.16635631488924,3.79
epigenomics_51_sol2sanger_180,612.9983747458034,3.79
epigenomics_51_sol2sanger_181,618.132318392612,3.79
epigenomics_51_sol2sanger_182,395.6569528311713,3.79
epigenomics_51_sol2sanger_183,331.44126388349946,3.79
epigenomics_51_sol2sanger_184,455.5887305305052,3.79
epigenomics_51_sol2sanger_185,538.3054262678579,3.79
epigenomics_51_sol2sanger_186,477.84872615328555,3.79
epigenomics_51_sol2sanger_187,292.85489361090447,3.79
epigenomics_51_sol2sanger_188,534.4982516958175,3.79
epigenomics_51_sol2sanger_189,318.09637581107745,3.79
epigenomics_51_sol2sanger_190,273.78791799779776,3.79
epigenomics_51_sol2sanger_191,281.97788461990376,3.79
epigenomics_51_sol2sanger_192,628.4757503401111,3.79
epigenomics_51_sol2sanger_193,224.49464495050546,3.79
epigenomics_51_sol2sanger_194,594.2069482289916,3.79
epigenomics_51_sol2sanger_195,361.58614590441147,3.79
epigenomics_51_sol2sanger_196,384.9756896499026,3.79
epigenomics_51_sol2sanger_197,567.3531410446838,3.79
epigenomics_51_sol2sanger_198,666.8975741269246,3.79
epigenomics_51_sol2sanger_199,724.5478072537136,3.79
epigenomics_51_sol2sanger_200,460.03814652659065,3.79
epigenomics_51_sol2sanger_201,488.4498094782354,3.79
epigenomics_51_sol2sanger_202,381.49737979600366,3.79
epigenomics_51_sol2sanger_203,537.1076777570474,3.79
epigenomics_51_sol2sanger_204,81.20751658424331,3.79
epigenomics_51_sol2sanger_205,588.1499661824532,3.79
epigenomics_51_sol2sanger_206,410.96855298275204,3.79
epigenomics_51_sol2sanger_207,321.1416081464041,3.79
epigenomics_51_sol2sanger_208,594.3669531451845,3.79
epigenomics_51_sol2sanger_209,529.429637379544,3.79
epigenomics_51_sol2sanger_210,382.0585579931672,3.79
epigenomics_51_sol2sanger_211,567.0169364181454,3.79
epigenomics_51_sol2sanger_212,499.88360123900014,3.79
epigenomics_51_sol2sanger_213,508.17729759769594,3.79
epigenomics_51_sol2sanger_214,439.5546048617614,3.79
epigenomics_51_sol2sanger_215,281.98716997921184,3.79
epigenomics_51_sol2sanger_216,468.1909595624794,3.79
epigenomics_51_sol2sanger_217,506.0739888575016,3.79
epigenomics_51_sol2sanger_218,466.9903032754855,3.79
epigenomics_51_sol2sanger_219,448.8914980546008,3.79
epigenomics_51_sol2sanger_220,311.5580062383017,3.79
epigenomics_51_sol2sanger_221,601.7452270724966,3.79
epigenomics_51_sol2sanger_222,342.3558956087981,3.79
epigenomics_51_sol2sanger_223,566.2301542652236,3.79
epigenomics_51_sol2sanger_224,303.96063041445586,3.79
epigenomics_51_sol2sanger_225,512.2234826506312,3.79
epigenomics_51_sol2sanger_226,666.8017395710531,3.79
epigenomics_51_sol2sanger_227,405.5441989969137,3.79
epigenomics_51_sol2sanger_228,103.76986049776076,3.79
epigenomics_51_sol2sanger_229,83.16122935885062,3.79
epigenomics_51_sol2sanger_230,336.2146498735924,3.79
epigenomics_51_sol2sanger_231,455.9281738221534,3.79
epigenomics_51_sol2sanger_232,291.39593564368204,3.79
epigenomics_51_sol2sanger_233,345.4123919997845,3.79
epigenomics_51_sol2sanger_234,616.9047722521951,3.79
epigenomics_51_sol2sanger_235,638.05601667547,3.79
epigenomics_51_sol2sanger_236,360.5905114048438,3.79
epigenomics_51_sol2sanger_237,201.44689051813594,3.79
epigenomics_51_sol2sanger_238,619.9764343774078,3.79
epigenomics_51_sol2sanger_239,412.8997066869858,3.79
epigenomics_51_sol2sanger_240,561.4978106949254,3.79
epigenomics_51_sol2sanger_241,619.7234994465414,3.79
epigenomics_51_sol2sanger_242,533.4865920454728,3.79
epigenomics_51_sol2sanger_243,328.3417784687085,3.79
epigenomics_51_sol2sanger_244,491.92714618883815,3.79
epigenomics_51_sol2sanger_245,555.7941419306514,3.79
epigenomics_51_sol2sanger_246,499.3149093289675,3.79
epigenomics_51_sol2sanger_247,601.3678239537154,3.79
epigenomics_51_sol2sanger_248,283.1336937076309,3.79
epigenomics_51_sol2sanger_249,529.4008970720919,3.79
epigenomics_51_sol2sanger_250,615.2259618578337,3.79
epigenomics_51_sol2sanger_251,525.2356454237203,3.79
epigenomics_51_sol2sanger_252,651.6344786427167,3.79
epigenomics_51_sol2sanger_253,614.0118753865363,3.79
epigenomics_51_sol2sanger_254,383.5113761694584,3.79
epigenomics_51_sol2sanger_255,760.7250329128888,3.79
epigenomics_51_sol2sanger_256,593.1903927076065,3.79
epigenomics_51_sol2sanger_257,654.6604315039971,3.79
epigenomics_51_sol2sanger_258,297.9710176456893,3.79
epigenomics_51_sol2sanger_259,807.6674206078438,3.79
epigenomics_51_sol2sanger_260,356.9701457975507,3.79
epigenomics_51_sol2sanger_261,501.97106075068206,3.79
epigenomics_51_sol2sanger_262,202.1646868974169,3.79
epigenomics_51_sol2sanger_263,175.97235119685922,3.79
epigenomics_51_sol2sanger_264,652.8000583302522,3.79
epigenomics_51_sol2sanger_265,495.75137971372294,3.79
epigenomics_51_sol2sanger_266,476.32584576712384,3.79
epigenomics_51_sol2sanger_267,445.3889957433372,3.79
epigenomics_51_sol2sanger_268,340.1529154239461,3.79
epigenomics_51_sol2sanger_269,287.52271579113017,3.79
epigenomics_51_sol2sanger_270,408.4563356773966,3.79
epigenomics_51_sol2sanger_271,482.4773998230905,3.79
epigenomics_51_sol2sanger_272,331.58069570980035,3.79
epigenomics_51_sol2sanger_273,517.7942730541862,3.79
epigenomics_51_sol2sanger_274,172.83795575224116,3.79
epigenomics_51_sol2sanger_275,622.2262523432235,3.79
epigenomics_51_sol2sanger_276,619.0344719618975,3.79
epigenomics_51_sol2sanger_277,600.3299397966547,3.79
epigenomics_51_sol2sanger_278,454.89872070847275,3.79
epigenomics_51_sol2sanger_279,586.4125123039048,3.79
epigenomics_51_sol2sanger_280,595.7177682087587,3.79
epigenomics_51_sol2sanger_281,613.3027826928111,3.79
epigenomics_51_sol2sanger_282,264.56242654006576,3.79
epigenomics_51_sol2sanger_283,597.7491973108531,3.79
epigenomics_51_sol2sanger_284,568.6087658766387,3.79
epigenomics_51_sol2sanger_285,616.1963547364769,3.79
epigenomics_51_sol2sanger_286,470.3170456708818,3.79
epigenomics_51_sol2sanger_287,473.35537026825676,3.79
epigenomics_51_sol2sanger_288,477.9805850944257,3.79
epigenomics_51_sol2sanger_289,547.5876072774903,3.79
epigenomics_51_sol2sanger_290,429.6441717908663,3.79
epigenomics_51_sol2sanger_291,542.9193623962815,3.79
epigenomics_51_sol2sanger_292,339.43138115324155,3.79
epigenomics_51_sol2sanger_293,434.5854771450601,3.79
epigenomics_51_sol2sanger_294,539.154042300423,3.79
epigenomics_51_sol2sanger_295,460.7630241860884,3.79
epigenomics_51_sol2sanger_296,534.5817746495349,3.79
epigenomics_51_sol2sanger_297,641.4416260789903,3.79
epigenomics_51_sol2sanger_298,569.0027151377816,3.79
epigenomics_51_sol2sanger_299,395.2516706246561,3.79
epigenomics_51_sol2sanger_300,593.4469000797445,3.79
epigenomics_51_sol2sanger_301,390.64740931270956,3.79
epigenomics_51_sol2sanger_302,617.8401046199845,3.79
epigenomics_51_sol2sanger_303,439.1526994272762,3.79
epigenomics_51_sol2sanger_304,628.7123881880054,3.79
epigenomics_51_sol2sanger_305,524.5179263324244,3.79
epigenomics_51_sol2sanger_306,316.4273037620553,3.79
epigenomics_51_sol2sanger_307,411.07209099040216,3.79
epigenomics_51_sol2sanger_308,411.50176347190313,3.79
epigenomics_51_sol2sanger_309,638.1409745711348,3.79
epigenomics_51_sol2sanger_310,486.7333630599949,3.79
epigenomics_51_sol2sanger_311,454.53177170249205,3.79
epigenomics_51_sol2sanger_312,415.27516611149997,3.79
epigenomics_51_sol2sanger_313,538.8120403056283,3.79
epigenomics_51_sol2sanger_314,527.2678480087345,3.79
epigenomics_51_sol2sanger_315,428.38841188958986,3.79
epigenomics_51_sol2sanger_316,659.448050450812,3.79
epigenomics_51_sol2sanger_317,547.2641253204032,3.79
epigenomics_51_sol2sanger_318,414.2934242759642,3.79
epigenomics_51_sol2sanger_319,439.13386880957165,3.79
epigenomics_51_sol2sanger_320,424.6954169998596,3.79
epigenomics_51_sol2sanger_321,372.42620464534184,3.79
epigenomics_51_sol2sanger_322,265.6339756258651,3.79
epigenomics_51_sol2sanger_323,506.41460236650585,3.79
epigenomics_51_sol2sanger_324,698.246363160711,3.79
epigenomics_51_sol2sanger_325,746.7383194727613,3.79
epigenomics_51_sol2sanger_326,569.9559326030825,3.79
epigenomics_51_sol2sanger_327,597.882073533342,3.79
epigenomics_51_sol2sanger_328,478.86009079428635,3.79
epigenomics_51_sol2sanger_329,536.0149562384212,3.79
epigenomics_51_sol2sanger_330,568.8816980440079,3.79
epigenomics_51_sol2sanger_331,552.5564694375656,3.79
epigenomics_51_sol2sanger_332,442.8135488627282,3.79
epigenomics_51_sol2sanger_333,544.852984384998,3.79
epigenomics_51_sol2sanger_334,433.8495810953555,3.79
epigenomics_51_sol2sanger_335,343.8351645620122,3.79
epigenomics_51_sol2sanger_336,276.9713224538209,3.79
epigenomics_51_sol2sanger_337,535.5000502236985,3.79
epigenomics_51_sol2sanger_338,610.3541005978516,3.79
epigenomics_51_sol2sanger_339,392.6897932622125,3.79
epigenomics_51_sol2sanger_340,609.2057495792801,3.79
epigenomics_51_sol2sanger_341,553.0841955034625,3.79
epigenomics_51_sol2sanger_342,547.3087949743722,3.79
epigenomics_51_sol2sanger_343,385.3550764745304,3.79
epigenomics_51_sol2sanger_344,448.5237483230979,3.79
epigenomics_51_sol2sanger_345,621.0304766063068,3.79
epigenomics_51_sol2sanger_346,329.3104631160872,3.79
epigenomics_51_sol2sanger_347,335.2426673131342,3.79
epigenomics_51_sol2sanger_348,417.31476528010984,3.79
epigenomics_51_sol2sanger_349,610.1656810551649,3.79
epigenomics_51_sol2sanger_350,232.8322414132981,3.79
epigenomics_51_sol2sanger_351,521.3335397628686,3.79
epigenomics_51_sol2sanger_352,479.04614657130486,3.79
epigenomics_51_sol2sanger_353,576.6732927013402,3.79
epigenomics_51_sol2sanger_354,586.5867421659348,3.79
epigenomics_51_sol2sanger_355,499.4209426114343,3.79
epigenomics_51_sol2sanger_356,825.0250495653266,3.79
epigenomics_51_sol2sanger_357,745.0916604725063,3.79
epigenomics_51_sol2sanger_358,498.30896522091876,3.79
epigenomics_51_sol2sanger_359,279.3817237996702,3.79
epigenomics_51_sol2sanger_360,759.5723241744349,3.79
epigenomics_51_sol2sanger_361,203.50886403229003,3.79
epigenomics_51_sol2sanger_362,380.8549560690202,3.79
epigenomics_51_sol2sanger_363,551.7857098200103,3.79
epigenomics_51_sol2sanger_364,441.75619242676987,3.79
epigenomics_51_sol2sanger_365,355.2414590627957,3.79
epigenomics_51_sol2sanger_366,617.9313747150435,3.79
epigenomics_51_sol2sanger_367,593.3030187243844,3.79
epigenomics_51_sol2sanger_368,503.7043900119554,3.79
epigenomics_51_sol2sanger_369,516.1061000333449,3.79
epigenomics_51_sol2sanger_370,794.9947357526405,3.79
epigenomics_51_sol2sanger_371,649.5707428963663,3.79
epigenomics_51_sol2sanger_372,214.52008692110593,3.79
epigenomics_51_sol2sanger_373,489.51696666351785,3.79
epigenomics_51_sol2sanger_374,582.7273482861353,3.79
epigenomics_51_sol2sanger_375,308.72930756689254,3.79
epigenomics_51_sol2sanger_376,557.8009083016798,3.79
epigenomics_51_sol2sanger_377,357.95058920666634,3.79
epigenomics_51_sol2sanger_378,657.3936287460295,3.79
epigenomics_51_sol2sanger_379,413.88766182305847,3.79
epigenomics_51_sol2sanger_380,606.2246667011484,3.79
epigenomics_51_sol2sanger_381,592.2799551553104,3.79
epigenomics_51_sol2sanger_382,179.50686744648635,3.79
epigenomics_51_sol2sanger_383,199.83790181554656,3.79
epigenomics_51_sol2sanger_384,638.3427977702594,3.79
epigenomics_51_sol2sanger_385,490.3342550198033,3.79
epigenomics_51_sol2sanger_386,229.85232598598807,3.79
epigenomics_51_sol2sanger_387,295.2882663045697,3.79
epigenomics_51_sol2sanger_388,475.18329380767085,3.79
epigenomics_51_sol2sanger_389,585.7850728521978,3.79
epigenomics_51_sol2sanger_390,402.6601605803196,3.79
epigenomics_51_sol2sanger_391,212.9228353422502,3.79
epigenomics_51_sol2sanger_392,477.0810404047993,3.79
epigenomics_51_sol2sanger_393,529.6263067603483,3.79
epigenomics_51_sol2sanger_394,400.52203637380956,3.79
epigenomics_51_sol2sanger_395,592.5476261499468,3.79
epigenomics_51_sol2sanger_396,191.37738757427417,3.79
epigenomics_51_sol2sanger_397,453.51249451139364,3.79
epigenomics_51_sol2sanger_398,622.6508618519356,3.79
epigenomics_51_sol2sanger_399,167.51868124730976,3.79
epigenomics_51_sol2sanger_400,442.9472728290801,3.79
epigenomics_51_sol2sanger_401,365.5655623623218,3.79
epigenomics_51_sol2sanger_402,539.3181480989417,3.79
epigenomics_51_sol2sanger_403,519.6003863872872,3.79
epigenomics_51_sol2sanger_404,380.2536205838795,3.79
epigenomics_51_sol2sanger_405,427.6770159702209,3.79
epigenomics_51_sol2sanger_406,194.50506081419366,3.79
epigenomics_51_sol2sanger_407,406.9621399361235,3.79
epigenomics_51_sol2sanger_408,628.3864563737267,3.79
epigenomics_51_sol2sanger_409,430.34845665123527,3.79
epigenomics_51_sol2sanger_410,507.96517860385916,3.79
epigenomics_51_sol2sanger_411,305.87796831783936,3.79
epigenomics_51_sol2sanger_412,644.0317623634018,3.79
epigenomics_51_sol2sanger_413,511.6718662823491,3.79
epigenomics_51_sol2sanger_414,378.0432552943098,3.79
epigenomics_51_sol2sanger_415,525.4542021065582,3.79
epigenomics_51_sol2sanger_416,388.12517321238994,3.79
epigenomics_51_sol2sanger_417,548.7730498116148,3.79
epigenomics_51_sol2sanger_418,705.9802445410373,3.79
epigenomics_51_sol2sanger_419,334.0826657372029,3.79
epigenomics_51_sol2sanger_420,440.6050460714838,3.79
epigenomics_51_sol2sanger_421,524.5435314971809,3.79
epigenomics_51_sol2sanger_422,475.75395183816005,3.79
epigenomics_51_sol2sanger_423,317.5341700751652,3.79
epigenomics_51_sol2sanger_424,361.00102008413523,3.79
epigenomics_51_sol2sanger_425,482.3068423516582,3.79
epigenomics_51_sol2sanger_426,439.57592957950845,3.79
epigenomics_51_sol2sanger_427,635.6332035736415,3.79
epigenomics_51_sol2sanger_428,380.190515163485,3.79
epigenomics_51_sol2sanger_429,546.4006846538077,3.79
epigenomics_51_sol2sanger_430,678.0228895392539,3.79
epigenomics_51_sol2sanger_431,591.5919578763941,3.79
epigenomics_51_sol2sanger_432,254.42293194148525,3.79
epigenomics_51_sol2sanger_433,152.1601517698635,3.79
epigenomics_51_sol2sanger_434,650.3825863905975,3.79
epigenomics_51_sol2sanger_435,668.7636111989364,3.79
epigenomics_51_sol2sanger_436,290.7700766800684,3.79
epigenomics_51_sol2sanger_437,444.19731627458015,3.79
epigenomics_51_sol2sanger_438,280.2718029154448,3.79
epigenomics_51_sol2sanger_439,388.0295449365799,3.79
epigenomics_51_sol2sanger_440,542.5829702469176,3.79
epigenomics_51_sol2sanger_441,501.49489879784414,3.79
epigenomics_51_sol2sanger_442,388.91039930013784,3.79
epigenomics_51_sol2sanger_443,261.04304783952466,3.79
epigenomics_51_sol2sanger_444,330.85563077219285,3.79
epigenomics_51_sol2sanger_445,295.8362734937938,3.79
epigenomics_51_sol2sanger_446,548.2410728798553,3.79
epigenomics_51_sol2sanger_447,674.1291975133339,3.79
epigenomics_51_sol2sanger_448,426.41800429111714,3.79
epigenomics_51_sol2sanger_449,393.74162549054995,3.79
epigenomics_51_sol2sanger_450,450.20159020449677,3.79
epigenomics_51_sol2sanger_451,374.5998610061681,3.79
epigenomics_51_sol2sanger_452,443.4521320107598,3.79
epigenomics_51_sol2sanger_453,522.4736932583808,3.79
epigenomics_51_sol2sanger_454,424.60403483724696,3.79
epigenomics_51_sol2sanger_455,513.3199157026299,3.79
epigenomics_51_sol2sanger_456,666.1759551778658,3.79
epigenomics_51_sol2sanger_457,329.7276354656378,3.79
epigenomics_51_sol2sanger_458,470.95517030714655,3.79
epigenomics_51_sol2sanger_459,420.679122673893,3.79
epigenomics_51_sol2sanger_460,217.35177456885032,3.79
epigenomics_51_sol2sanger_461,375.96202621238257,3.79
epigenomics_51_sol2sanger_462,557.8620090384084,3.79
epigenomics_51_sol2sanger_463,210.73976648457972,3.79
epigenomics_51_sol2sanger_464,497.1481859292113,3.79
epigenomics_51_sol2sanger_465,187.44802831512607,3.79
epigenomics_51_sol2sanger_466,318.1296514244201,3.79
epigenomics_51_sol2sanger_467,511.5450354332693,3.79
epigenomics_51_sol2sanger_468,398.3764252407025,3.79
epigenomics_51_sol2sanger_469,496.3531532808227,3.79
epigenomics_51_sol2sanger_470,586.8597570510892,3.79
epigenomics_51_sol2sanger_471,520.7166298664553,3.79
epigenomics_51_sol2sanger_472,359.94125446923584,3.79
epigenomics_51_sol2sanger_473,525.5701038503554,3.79
epigenomics_51_sol2sanger_474,488.14875479313935,3.79
epigenomics_51_sol2sanger_475,379.76304793288455,3.79
epigenomics_51_sol2sanger_476,268.0441370591692,3.79
epigenomics_51_sol2sanger_477,394.42347639767655,3.79
epigenomics_51_sol2sanger_478,613.9623591625007,3.79
epigenomics_51_sol2sanger_479,399.1299923241036,3.79
epigenomics_51_sol2sanger_480,739.0497740506692,3.79
epigenomics_51_sol2sanger_481,572.4842702321099,3.79
epigenomics_51_sol2sanger_482,494.11176183067096,3.79
epigenomics_51_sol2sanger_483,580.290739697605,3.79
epigenomics_51_sol2sanger_484,334.99194993930723,3.79
epigenomics_51_sol2sanger_485,524.6994646530698,3.79
epigenomics_51_sol2sanger_486,382.989387289527,3.79
epigenomics_51_sol2sanger_487,400.83413351632373,3.79
epigenomics_51_sol2sanger_488,287.7508889274359,3.79
epigenomics_51_sol2sanger_489,326.6715792804812,3.79
epigenomics_51_sol2sanger_490,490.59347023048764,3.79
epigenomics_51_sol2sanger_491,466.3816280322106,3.79
epigenomics_51_sol2sanger_492,490.52948353522953,3.79
epigenomics_51_sol2sanger_493,653.2127891187555,3.79
epigenomics_51_sol2sanger_494,554.0637511791714,3.79
epigenomics_51_sol2sanger_495,461.63622039917163,3.79
epigenomics_51_sol2sanger_496,189.7167002484336,3.79
epigenomics_51_sol2sanger_497,216.91257879219972,3.79
epigenomics_51_sol2sanger_498,295.04785623500766,3.79
epigenomics_51_sol2sanger_499,516.7904754926263,3.79
epigenomics_51_fast2bfq_0,1241.4367956003625,4.056023434424222
epigenomics_51_fast2bfq_1,1461.5237462009484,4.067804321204635
epigenomics_51_fast2bfq_2,1332.645296049503,4.049410407516218
epigenomics_51_fast2bfq_3,1501.734643579373,4.04495803039831
epigenomics_51_fast2bfq_4,1182.9623660097511,4.0428650772763985
epigenomics_51_fast2bfq_5,1514.6512795569104,4.060912947203171
epigenomics_51_fast2bfq_6,1442.85377851778,4.053181860787325
epigenomics_51_fast2bfq_7,1669.2490154457878,4.0608605354152
epigenomics_51_fast2bfq_8,1184.3263617364794,4.041733862929747
epigenomics_51_fast2bfq_9,1754.0779891256166,4.051373770526643
epigenomics_51_fast2bfq_10,1425.8952721734277,4.048795749725018
epigenomics_51_fast2bfq_11,1640.9662880082465,4.053863969796519
epigenomics_51_fast2bfq_12,1595.251327344951,4.048794934085825
epigenomics_51_fast2bfq_13,1901.9289925832595,4.0606604549358245
epigenomics_51_fast2bfq_14,1401.251232376732,4.0383608319838284
epigenomics_51_fast2bfq_15,1547.9596850807332,4.056103894151268
epigenomics_51_fast2bfq_16,1277.1580323859944,4.042323754667366
epigenomics_51_fast2bfq_17,1352.7023678218052,4.0454795025427055
epigenomics_51_fast2bfq_18,1455.2177166150018,4.053958063342671
epigenomics_51_fast2bfq_19,1220.0365204290295,4.039475928645666
epigenomics_51_fast2bfq_20,1363.5188889635576,4.054364764386873
epigenomics_51_fast2bfq_21,1459.1472917868505,4.046740552545502
epigenomics_51_fast2bfq_22,1516.3309223079448,4.03408269013307
epigenomics_51_fast2bfq_23,1253.5615106287178,4.065624377429235
epigenomics_51_fast2bfq_24,1559.1256542146893,4.046845820277688
epigenomics_51_fast2bfq_25,1041.8190753773397,4.0670187418346835
epigenomics_51_fast2bfq_26,1379.9734121016334,4.043289360527201
epigenomics_51_fast2bfq_27,1664.654300599024,4.030859859236187
epigenomics_51_fast2bfq_28,1446.6476231909314,4.0412402418304785
epigenomics_51_fast2bfq_29,1373.9166191500215,4.061141450600924
epigenomics_51_fast2bfq_30,1528.851848026743,4.02849712945774
epigenomics_51_fast2bfq_31,1492.9396720717366,4.053392045287103
epigenomics_51_fast2bfq_32,1315.576844536694,4.043078933037304
epigenomics_51_fast2bfq_33,1394.695590665441,4.053577489731764
epigenomics_51_fast2bfq_34,1992.9942014567896,4.075223158302858
epigenomics_51_fast2bfq_35,640.3950942623218,4.044834469716789
epigenomics_51_fast2bfq_36,1762.7892903052334,4.052147106522382
epigenomics_51_fast2bfq_37,1637.8712917551356,4.056537069178369
epigenomics_51_fast2bfq_38,989.3495966079023,4.054422235890799
epigenomics_51_fast2bfq_39,1697.5401085920967,4.05296589492917
epigenomics_51_fast2bfq_40,1297.6093422146091,4.04314085848748
epigenomics_51_fast2bfq_41,1749.7294361257054,4.05947705613687
epigenomics_51_fast2bfq_42,1275.5812142217733,4.040087715805569
epigenomics_51_fast2bfq_43,1333.1385142137271,4.045337929812622
epigenomics_51_fast2bfq_44,1342.7371485481635,4.03098217881326
epigenomics_51_fast2bfq_45,1291.4977898565542,4.059128429740789
epigenomics_51_fast2bfq_46,880.9615599319727,4.0504811345543
epigenomics_51_fast2bfq_47,1268.0409799371155,4.055883676972409
epigenomics_51_fast2bfq_48,1734.9068243819775,4.0539445168958474
epigenomics_51_fast2bfq_49,1515.2073370013238,4.055347166844667
epigenomics_51_fast2bfq_50,826.8245210367919,4.039809143609959
epigenomics_51_fast2bfq_51,1438.6404425107376,4.036839902780843
epigenomics_51_fast2bfq_52,1554.2921321568408,4.0582274365031035
epigenomics_51_fast2bfq_53,1714.348841678042,4.039874149856181
epigenomics_51_fast2bfq_54,1483.2371803474575,4.069815927568039
epigenomics_51_fast2bfq_55,1347.2190416020064,4.056257591362546
epigenomics_51_fast2bfq_56,1600.9747780749226,4.038520642419685
epigenomics_51_fast2bfq_57,1623.736449767793,4.05004915251257
epigenomics_51_fast2bfq_58,990.5995533599017,4.046251159975782
epigenomics_51_fast2bfq_59,1429.3320641893401,4.045588466993831
epigenomics_51_fast2bfq_60,1383.9642714778977,4.055912387003434
epigenomics_51_fast2bfq_61,1491.61259373233,4.054381404959065
epigenomics_51_fast2bfq_62,1246.7169399529794,4.057341278360294
epigenomics_51_fast2bfq_63,1493.9757418160543,4.0572201965825485
epigenomics_51_fast2bfq_64,1876.1301579946553,4.0301419023700085
epigenomics_51_fast2bfq_65,1349.3594531739789,4.04046839698186
epigenomics_51_fast2bfq_66,1132.0946403113312,4.038437579153729
epigenomics_51_fast2bfq_67,1576.9949413556071,4.051123137896038
epigenomics_51_fast2bfq_68,1484.9735134665548,4.0559540269666465
epigenomics_51_fast2bfq_69,2008.1702571302526,4.028095821416287
epigenomics_51_fast2bfq_70,1336.7438884583999,4.047068212456018
epigenomics_51_fast2bfq_71,1336.5647605300462,4.054467059982932
epigenomics_51_fast2bfq_72,1190.2332615151222,4.047360631058419
epigenomics_51_fast2bfq_73,1329.9280858182706,4.040693997892182
epigenomics_51_fast2bfq_74,1155.9722771624324,4.064397739554691
epigenomics_51_fast2bfq_75,930.8394958413038,4.052728318661565
epigenomics_51_fast2bfq_76,1251.123690871253,4.048209966132212
epigenomics_51_fast2bfq_77,1128.5524851442644,4.047184305704225
epigenomics_51_fast2bfq_78,1321.8006789505348,4.06407449962978
epigenomics_51_fast2bfq_79,1322.3789759256301,4.067556821866459
epigenomics_51_fast2bfq_80,1797.561188132448,4.0526513443808785
epigenomics_51_fast2bfq_81,1351.3565198446938,4.046392881776876
epigenomics_51_fast2bfq_82,1319.4054910272093,4.067310320553735
epigenomics_51_fast2bfq_83,1378.4484580457704,4.030502786740651
epigenomics_51_fast2bfq_84,1315.9850509097341,4.05325805919951
epigenomics_51_fast2bfq_85,1631.7106844551747,4.048302971243541
epigenomics_51_fast2bfq_86,1441.8487070771425,4.039389605792476
epigenomics_51_fast2bfq_87,1299.0001962858078,4.0311028678942655
epigenomics_51_fast2bfq_88,1568.6310049718275,4.059290865015527
epigenomics_51_fast2bfq_89,1140.0505294810396,4.03862488821124
epigenomics_51_fast2bfq_90,809.6376041659626,4.055455810218242
epigenomics_51_fast2bfq_91,1333.8316088541585,4.040207904120505
epigenomics_51_fast2bfq_92,1437.9487298092301,4.04481490673049
epigenomics_51_fast2bfq_93,1998.1672976902523,4.05891245257198
epigenomics_51_fast2bfq_94,1649.4691113798453,4.040120742936495
epigenomics_51_fast2bfq_95,1412.5426388058283,4.0488380191705025
epigenomics_51_fast2bfq_96,1661.6192409308005,4.049283294966356
epigenomics_51_fast2bfq_97,1265.0837343102335,4.04025182867889
epigenomics_51_fast2bfq_98,1407.2706049969236,4.06063385251458
epigenomics_51_fast2bfq_99,1404.0164096587914,4.027891938890241
epigenomics_51_fast2bfq_100,1792.223178481171,4.059399766986911
epigenomics_51_fast2bfq_101,1292.8388487348172,4.058619095218443
epigenomics_51_fast2bfq_102,1346.9287540927796,4.056264467658034
epigenomics_51_fast2bfq_103,1320.108412368075,4.064609061709791
epigenomics_51_fast2bfq_104,1406.645044040398,4.042496176263808
epigenomics_51_fast2bfq_105,1694.8901506846807,4.051036235534163
epigenomics_51_fast2bfq_106,1437.7352671067472,4.0441904653353475
epigenomics_51_fast2bfq_107,1685.5206841386553,4.057326856074791
epigenomics_51_fast2bfq_108,1464.6296077841484,4.045351023422278
epigenomics_51_fast2bfq_109,1067.4039085060144,4.057455318055811
epigenomics_51_fast2bfq_110,1413.513029295312,4.0550694880166
epigenomics_51_fast2bfq_111,1214.491195351668,4.0575467911795675
epigenomics_51_fast2bfq_112,1051.1789531764134,4.069074238873174
epigenomics_51_fast2bfq_113,1624.1112109722728,4.054256964888636
epigenomics_51_fast2bfq_114,1166.506013172826,4.047648361003369
epigenomics_51_fast2bfq_115,1402.972150391514,4.054089987386032
epigenomics_51_fast2bfq_116,1468.9319397436395,4.039522455070131
epigenomics_51_fast2bfq_117,1863.4337885108503,4.061280196823695
epigenomics_51_fast2bfq_118,1340.9382300000066,4.032278321362256
epigenomics_51_fast2bfq_119,1392.1861366557027,4.04074388967357
epigenomics_51_fast2bfq_120,933.4164298056403,4.057607143098249
epigenomics_51_fast2bfq_121,1165.6218183312083,4.051768981861156
epigenomics_51_fast2bfq_122,1085.7590447525558,4.063679847141542
epigenomics_51_fast2bfq_123,1660.6893798139388,4.0629029880934695
epigenomics_51_fast2bfq_124,1990.0737128149196,4.047032712962573
epigenomics_51_fast2bfq_125,1531.9731418497308,4.060230396619889
epigenomics_51_fast2bfq_126,1433.0266043311847,4.044528132973286
epigenomics_51_fast2bfq_127,1522.785640592669,4.053479507923971
epigenomics_51_fast2bfq_128,1500.7567843870843,4.058211781270869
epigenomics_51_fast2bfq_129,1417.1288506977896,4.070234901815647
epigenomics_51_fast2bfq_130,1165.0186433475317,4.039533580585262
epigenomics_51_fast2bfq_131,1375.6230681609868,4.058822978762975
epigenomics_51_fast2bfq_132,1391.5022830273751,4.063176554801738
epigenomics_51_fast2bfq_133,1061.947122154583,4.047349281557251
epigenomics_51_fast2bfq_134,1331.484122081017,4.052332138113864
epigenomics_51_fast2bfq_135,1046.1829002036402,4.060193809679727
epigenomics_51_fast2bfq_136,1386.081124350872,4.044547236270025
epigenomics_51_fast2bfq_137,1304.1162132652012,4.0477498117418165
epigenomics_51_fast2bfq_138,1429.570005661816,4.045009097665876
epigenomics_51_fast2bfq_139,956.4070119763484,4.072639706586929
epigenomics_51_fast2bfq_140,1447.3464546932516,4.043959831176251
epigenomics_51_fast2bfq_141,1294.4387314721023,4.052358648203261
epigenomics_51_fast2bfq_142,1632.5107627545724,4.031801480582399
epigenomics_51_fast2bfq_143,1785.4706336127963,4.036291239467914
epigenomics_51_fast2bfq_144,655.9568283589978,4.042591656279461
epigenomics_51_fast2bfq_145,1230.8518493387946,4.055233075309674
epigenomics_51_fast2bfq_146,1213.5911098046045,4.055951499988246
epigenomics_51_fast2bfq_147,1620.2245942259624,4.047941066414414
epigenomics_51_fast2bfq_148,1447.5315863198616,4.0375038638411285
epigenomics_51_fast2bfq_149,1103.2407968920527,4.044688846154259
epigenomics_51_fast2bfq_150,1275.4170356994912,4.050568959371433
epigenomics_51_fast2bfq_151,1634.4516161763775,4.046824838959537
epigenomics_51_fast2bfq_152,1422.102431340434,4.059624153697835
epigenomics_51_fast2bfq_153,1794.626510713791,4.064204300334596
epigenomics_51_fast2bfq_154,1750.5516387548778,4.06395424160163
epigenomics_51_fast2bfq_155,1599.1108199126227,4.064368243521039
epigenomics_51_fast2bfq_156,1063.9566140991556,4.0461275997515
epigenomics_51_fast2bfq_157,1126.6954363898144,4.050923476147727
epigenomics_51_fast2bfq_158,1237.6102745175017,4.0363726338989325
epigenomics_51_fast2bfq_159,1470.3496066095295,4.055049896418705
epigenomics_51_fast2bfq_160,1436.7441675691787,4.027661171340595
epigenomics_51_fast2bfq_161,1552.6987302760328,4.046910995248414
epigenomics_51_fast2bfq_162,1667.496950884837,4.050886430472636
epigenomics_51_fast2bfq_163,1731.48003728515,4.0233414153594484
epigenomics_51_fast2bfq_164,1429.4542423615228,4.037834658337674
epigenomics_51_fast2bfq_165,1471.9180499057668,4.036854030304901
epigenomics_51_fast2bfq_166,1583.5598070786161,4.046855971939568
epigenomics_51_fast2bfq_167,1326.8777398583686,4.057469749859911
epigenomics_51_fast2bfq_168,1552.3667899978109,4.0435774675641
epigenomics_51_fast2bfq_169,1436.1402157698346,4.066557974713083
epigenomics_51_fast2bfq_170,981.3576694419845,4.048917463726531
epigenomics_51_fast2bfq_171,1549.5502023916201,4.04362747785019
epigenomics_51_fast2bfq_172,1187.066290129266,4.061634754374576
epigenomics_51_fast2bfq_173,947.8027200503578,4.051390888231341
epigenomics_51_fast2bfq_174,1349.148504562019,4.039554921579447
epigenomics_51_fast2bfq_175,1182.0984410518513,4.031202983517732
epigenomics_51_fast2bfq_176,1383.3146020397278,4.057870926184165
epigenomics_51_fast2bfq_177,1365.0949202484665,4.05729382283257
epigenomics_51_fast2bfq_178,1310.7711388674863,4.053080125260828
epigenomics_51_fast2bfq_179,1741.084182634111,4.049673395700355
epigenomics_51_fast2bfq_180,1348.050361855126,4.044204468066844
epigenomics_51_fast2bfq_181,1229.928433209296,4.054595722001638
epigenomics_51_fast2bfq_182,1108.3621417631507,4.045278653334494
epigenomics_51_fast2bfq_183,1383.8975069373676,4.054523108393568
epigenomics_51_fast2bfq_184,1157.9529032217702,4.061380438587245
epigenomics_51_fast2bfq_185,1470.2584564520591,4.043389213752272
epigenomics_51_fast2bfq_186,1420.5932237484226,4.05860049634712
epigenomics_51_fast2bfq_187,1163.5552852469175,4.050585690611273
epigenomics_51_fast2bfq_188,1653.082588918679,4.0455178346344605
epigenomics_51_fast2bfq_189,1418.5101586810447,4.051449873822461
epigenomics_51_fast2bfq_190,1450.0576040880558,4.050125155229951
epigenomics_51_fast2bfq_191,1246.6323634187106,4.060073543416187
epigenomics_51_fast2bfq_192,1358.1154278340823,4.0363741599742315
epigenomics_51_fast2bfq_193,1099.402577454378,4.064149281663959
epigenomics_51_fast2bfq_194,1680.9802672705582,4.04586630886386
epigenomics_51_fast2bfq_195,1284.439676895934,4.035096266639777
epigenomics_51_fast2bfq_196,1348.576984299902,4.050095807299192
epigenomics_51_fast2bfq_197,1566.4494493041818,4.051813553447763
epigenomics_51_fast2bfq_198,1591.7699932639337,4.065961705503244
epigenomics_51_fast2bfq_199,1428.1795594515916,4.057301114204791
epigenomics_51_fast2bfq_200,1331.8313117164932,4.049462345934312
epigenomics_51_fast2bfq_201,1437.0650988823047,4.049734341482169
epigenomics_51_fast2bfq_202,1739.0103495992512,4.0500794615355895
epigenomics_51_fast2bfq_203,1450.0334421269952,4.0590592724550145
epigenomics_51_fast2bfq_204,998.2090578664838,4.051903377373621
epigenomics_51_fast2bfq_205,1191.9437192715582,4.046970806562257
epigenomics_51_fast2bfq_206,1261.5808756208316,4.0582130733991075
epigenomics_51_fast2bfq_207,1873.1577389114373,4.05144561691927
epigenomics_51_fast2bfq_208,1680.820612422548,4.0397215695163355
epigenomics_51_fast2bfq_209,1234.959426337884,4.071249061070212
epigenomics_51_fast2bfq_210,1456.7538421273591,4.059964001249587
epigenomics_51_fast2bfq_211,1444.9915722052995,4.040832674922615
epigenomics_51_fast2bfq_212,1473.458700955245,4.043152328648475
epigenomics_51_fast2bfq_213,1610.7022082184485,4.046671656674344
epigenomics_51_fast2bfq_214,2058.912946146164,4.02765350305634
epigenomics_51_fast2bfq_215,1289.4004580494961,4.052720105399348
epigenomics_51_fast2bfq_216,1383.0849679989888,4.046947226101776
epigenomics_51_fast2bfq_217,1269.0606975258795,4.047391789164693
epigenomics_51_fast2bfq_218,1631.3157686085622,4.068725133464473
epigenomics_51_fast2bfq_219,1233.7225855358565,4.036532398473086
epigenomics_51_fast2bfq_220,1028.1080932959508,4.035425120034591
epigenomics_51_fast2bfq_221,1653.9709351157123,4.030172865323634
epigenomics_51_fast2bfq_222,1298.7383467295563,4.051835060290414
epigenomics_51_fast2bfq_223,1275.584488480264,4.0499400933328555
epigenomics_51_fast2bfq_224,1696.5438119931964,4.049748878219798
epigenomics_51_fast2bfq_225,1879.4443756505884,4.058817307782986
epigenomics_51_fast2bfq_226,1190.2931369598125,4.051814527184585
epigenomics_51_fast2bfq_227,1666.6622772642224,4.044110634279498
epigenomics_51_fast2bfq_228,2035.2626409238396,4.04784683447856
epigenomics_51_fast2bfq_229,1840.387437693002,4.05334878076209
epigenomics_51_fast2bfq_230,1832.4611712682072,4.03270388182732
epigenomics_51_fast2bfq_231,1560.4109876616815,4.050364247697601
epigenomics_51_fast2bfq_232,1741.485879535712,4.055936334237086
epigenomics_51_fast2bfq_233,2219.389439155746,4.049646989279778
epigenomics_51_fast2bfq_234,766.1283083832358,4.045708387390636
epigenomics_51_fast2bfq_235,932.9263204670988,4.0683915850301675
epigenomics_51_fast2bfq_236,1405.2637298551297,4.04856150988301
epigenomics_51_fast2bfq_237,1495.8875702830023,4.055014973101936
epigenomics_51_fast2bfq_238,1565.5298550460554,4.051396504652714
epigenomics_51_fast2bfq_239,1695.5594747599955,4.051187290882254
epigenomics_51_fast2bfq_240,1546.977129885161,4.048468242192046
epigenomics_51_fast2bfq_241,1749.113936530046,4.036066677180442
epigenomics_51_fast2bfq_242,1581.8755094284309,4.048735333319521
epigenomics_51_fast2bfq_243,1406.9421246269565,4.056197233693091
epigenomics_51_fast2bfq_244,1596.9366178077921,4.050241249358537
epigenomics_51_fast2bfq_245,1126.9119912293354,4.044950722857478
epigenomics_51_fast2bfq_246,1702.6752493817357,4.059542913570203
epigenomics_51_fast2bfq_247,1448.1164824112739,4.049961036905071
epigenomics_51_fast2bfq_248,1412.574520627014,4.054560377964188
epigenomics_51_fast2bfq_249,1200.5805113119827,4.060748124646476
epigenomics_51_fast2bfq_250,1316.9687181224037,4.057079358990476
epigenomics_51_fast2bfq_251,1569.343448002117,4.067116637924041
epigenomics_51_fast2bfq_252,1020.2037801371869,4.0595329288073065
epigenomics_51_fast2bfq_253,1464.3516841935943,4.063819481304716
epigenomics_51_fast2bfq_254,1633.4126310853296,4.046689505505536
epigenomics_51_fast2bfq_255,1382.6218124123343,4.064403260021816
epigenomics_51_fast2bfq_256,1445.5073918952928,4.028047055505939
epigenomics_51_fast2bfq_257,1464.0930006355886,4.044158345319343
epigenomics_51_fast2bfq_258,1481.214869514006,4.065756544519438
epigenomics_51_fast2bfq_259,1860.621005878661,4.047023941648621
epigenomics_51_fast2bfq_260,1120.6595073961944,4.037366437578573
epigenomics_51_fast2bfq_261,1475.784520634457,4.061813191049299
epigenomics_51_fast2bfq_262,1480.7650993406328,4.058405819734083
epigenomics_51_fast2bfq_263,1434.7840599656856,4.043710069463289
epigenomics_51_fast2bfq_264,1620.543688699375,4.060783331286678
epigenomics_51_fast2bfq_265,1441.1910795862302,4.048375994996042
epigenomics_51_fast2bfq_266,1435.0425179201773,4.026606339048236
epigenomics_51_fast2bfq_267,1366.882013595815,4.0576157604911245
epigenomics_51_fast2bfq_268,1794.6866271756935,4.053886171774466
epigenomics_51_fast2bfq_269,1368.3782006851095,4.046526096877956
epigenomics_51_fast2bfq_270,1314.7788638328882,4.052849032885537
epigenomics_51_fast2bfq_271,1697.9308701111397,4.053707885366826
epigenomics_51_fast2bfq_272,1310.6978853916557,4.0405208724283765
epigenomics_51_fast2bfq_273,1365.71671637497,4.040001102274186
epigenomics_51_fast2bfq_274,1435.5826549228777,4.045734315826691
epigenomics_51_fast2bfq_275,1717.817241852414,4.056274204900347
epigenomics_51_fast2bfq_276,1634.7019319328817,4.040232779024114
epigenomics_51_fast2bfq_277,1385.6446354749444,4.031876341910482
epigenomics_51_fast2bfq_278,1684.3021300090882,4.0443802957644275
epigenomics_51_fast2bfq_279,1239.9195086941234,4.075359582471954
epigenomics_51_fast2bfq_280,1580.2871557114875,4.041923591898565
epigenomics_51_fast2bfq_281,1210.2052880990557,4.055494735920853
epigenomics_51_fast2bfq_282,1532.1553433504625,4.052234004263039
epigenomics_51_fast2bfq_283,1215.850815440627,4.051428824056073
epigenomics_51_fast2bfq_284,1345.4781389927275,4.0447096184009235
epigenomics_51_fast2bfq_285,1263.0504566424029,4.0399687727244515
epigenomics_51_fast2bfq_286,1622.9707302876013,4.065838327939417
epigenomics_51_fast2bfq_287,1232.8304500322483,4.053657254498097
epigenomics_51_fast2bfq_288,867.41747145829,4.040289499031704
epigenomics_51_fast2bfq_289,1171.251278056821,4.05549583558428
epigenomics_51_fast2bfq_290,1315.2917475900283,4.056774924434879
epigenomics_51_fast2bfq_291,1619.5736419943214,4.050737606740465
epigenomics_51_fast2bfq_292,1278.7610037246404,4.040508767013672
epigenomics_51_fast2bfq_293,1531.574200866546,4.065989137783643
epigenomics_51_fast2bfq_294,1140.2650292184,4.035292570968929
epigenomics_51_fast2bfq_295,1678.0630556210613,4.054094230424471
epigenomics_51_fast2bfq_296,1381.978906499294,4.046380263831448
epigenomics_51_fast2bfq_297,1596.9342747496266,4.056352198522161
epigenomics_51_fast2bfq_298,1601.5019397104268,4.061017436631929
epigenomics_51_fast2bfq_299,1527.3841245102915,4.046264296059152
epigenomics_51_fast2bfq_300,1581.4693624761032,4.051247325518862
epigenomics_51_fast2bfq_301,1675.3355345538573,4.069536310225777
epigenomics_51_fast2bfq_302,1359.480262618599,4.055529436162888
epigenomics_51_fast2bfq_303,1305.130019999799,4.051026295177862
epigenomics_51_fast2bfq_304,1235.1841874978793,4.066160644842778
epigenomics_51_fast2bfq_305,1343.1167055656722,4.056795119884048
epigenomics_51_fast2bfq_306,1097.5419741112116,4.031000530232539
epigenomics_51_fast2bfq_307,1224.0648787696239,4.031770301094354
epigenomics_51_fast2bfq_308,1168.6303071392301,4.058033458715732
epigenomics_51_fast2bfq_309,1545.6817312035914,4.0426484070124795
epigenomics_51_fast2bfq_310,1707.7151204204595,4.041997981366088
epigenomics_51_fast2bfq_311,1647.8824605280067,4.0382670606491695
epigenomics_51_fast2bfq_312,864.2958738079361,4.053878199328809
epigenomics_51_fast2bfq_313,1266.9065316631045,4.042795361118159
epigenomics_51_fast2bfq_314,1570.5371303628547,4.0624847884147615
epigenomics_51_fast2bfq_315,1669.974707699217,4.047589987960143
epigenomics_51_fast2bfq_316,1490.407947161409,4.0677244722324755
epigenomics_51_fast2bfq_317,1524.7269749029304,4.040309162477151
epigenomics_51_fast2bfq_318,1967.5866578205291,4.0393538872079064
epigenomics_51_fast2bfq_319,1422.075890923567,4.060035320879906
epigenomics_51_fast2bfq_320,1317.5592522403563,4.040870293291081
epigenomics_51_fast2bfq_321,1360.7680255361631,4.045822139439742
epigenomics_51_fast2bfq_322,1198.5233431146492,4.052408240059054
epigenomics_51_fast2bfq_323,1530.3499289870676,4.038320836092285
epigenomics_51_fast2bfq_324,868.6751907104275,4.0396911704556215
epigenomics_51_fast2bfq_325,1719.3563901487212,4.040642448961976
epigenomics_51_fast2bfq_326,1466.5806781156803,4.058307685795308
epigenomics_51_fast2bfq_327,1471.6492276911983,4.038550660358604
epigenomics_51_fast2bfq_328,1426.2499281908547,4.0619314238256665
epigenomics_51_fast2bfq_329,1519.9191957996507,4.053711673413537
epigenomics_51_fast2bfq_330,1558.8570656305799,4.063283700356697
epigenomics_51_fast2bfq_331,1346.7192935230823,4.055124275519053
epigenomics_51_fast2bfq_332,1707.7215398186654,4.0342662464286585
epigenomics_51_fast2bfq_333,1049.8239487105857,4.046758256025429
epigenomics_51_fast2bfq_334,1186.4779585286594,4.046125838278676
epigenomics_51_fast2bfq_335,1451.8163654521754,4.062034003743473
epigenomics_51_fast2bfq_336,1408.9795046379013,4.0502247672518905
epigenomics_51_fast2bfq_337,1226.8030019402872,4.051273868610536
epigenomics_51_fast2bfq_338,1335.568175319101,4.060409432187351
epigenomics_51_fast2bfq_339,1422.4444911038674,4.052424967244014
epigenomics_51_fast2bfq_340,1557.4741491105797,4.05159845412493
epigenomics_51_fast2bfq_341,1651.91502995074,4.055177006780633
epigenomics_51_fast2bfq_342,1638.343771514487,4.048787600249632
epigenomics_51_fast2bfq_343,1399.5717488468106,4.039515356770355
epigenomics_51_fast2bfq_344,1654.9206876996466,4.05937304180258
epigenomics_51_fast2bfq_345,1362.7658624120156,4.039623376413801
epigenomics_51_fast2bfq_346,1741.6048621639018,4.038064558225874
epigenomics_51_fast2bfq_347,1700.4539137997867,4.052140089840894
epigenomics_51_fast2bfq_348,1747.4279630941137,4.049709691929507
epigenomics_51_fast2bfq_349,1469.740806144352,4.034121397830835
epigenomics_51_fast2bfq_350,1596.1447491787897,4.045168920671162
epigenomics_51_fast2bfq_351,1558.5119005360934,4.055152433201419
epigenomics_51_fast2bfq_352,1442.3917896124158,4.057199357260591
epigenomics_51_fast2bfq_353,1597.6766435047634,4.05780648577564
epigenomics_51_fast2bfq_354,1400.4212094567663,4.059724702145336
epigenomics_51_fast2bfq_355,1247.5937921215923,4.02901362175732
epigenomics_51_fast2bfq_356,1434.9709738855047,4.047921154067832
epigenomics_51_fast2bfq_357,1033.0780382142814,4.071760968330947
epigenomics_51_fast2bfq_358,1248.8351979924942,4.063482990729658
epigenomics_51_fast2bfq_359,1679.609364874522,4.039942185327649
epigenomics_51_fast2bfq_360,824.5688916271586,4.0339453843511714
epigenomics_51_fast2bfq_361,1364.257541991253,4.0448549115078345
epigenomics_51_fast2bfq_362,1337.3314904790066,4.065658732621988
epigenomics_51_fast2bfq_363,1081.8922349384707,4.055833146184444
epigenomics_51_fast2bfq_364,1063.283331373968,4.0529784564525695
epigenomics_51_fast2bfq_365,1110.6265851778433,4.040551293465965
epigenomics_51_fast2bfq_366,1570.4186340091173,4.048798194508462
epigenomics_51_fast2bfq_367,2056.0650159360707,4.049790531810004
epigenomics_51_fast2bfq_368,1313.3313258878925,4.054154273148426
epigenomics_51_fast2bfq_369,1539.2881236093845,4.054864122202839
epigenomics_51_fast2bfq_370,1414.599283387224,4.066413425932837
epigenomics_51_fast2bfq_371,1428.0469883625453,4.0636448163402346
epigenomics_51_fast2bfq_372,1449.2550523851012,4.038429189622155
epigenomics_51_fast2bfq_373,1217.963464135842,4.033644906946928
epigenomics_51_fast2bfq_374,1448.7967660529728,4.055289881495434
epigenomics_51_fast2bfq_375,1351.8830993292688,4.053691707619384
epigenomics_51_fast2bfq_376,1768.0324135894905,4.045236592483385
epigenomics_51_fast2bfq_377,1064.694583181055,4.054362384957971
epigenomics_51_fast2bfq_378,927.4060481496916,4.043759319132513
epigenomics_51_fast2bfq_379,1660.8037541246715,4.038855601720767
epigenomics_51_fast2bfq_380,1444.0258768337828,4.06256395859782
epigenomics_51_fast2bfq_381,1342.715675467165,4.041315715177485
epigenomics_51_fast2bfq_382,1396.5229220223832,4.04764173981459
epigenomics_51_fast2bfq_383,1299.3736036346074,4.05946203105557
epigenomics_51_fast2bfq_384,1305.6573416985923,4.045400557293911
epigenomics_51_fast2bfq_385,1590.5068618799344,4.047592916654356
epigenomics_51_fast2bfq_386,1599.9725951666055,4.057088010839088
epigenomics_51_fast2bfq_387,1646.9719266990064,4.039655998405514
epigenomics_51_fast2bfq_388,1615.45396034438,4.052631189276446
epigenomics_51_fast2bfq_389,1395.4560754353356,4.0524413117353975
epigenomics_51_fast2bfq_390,1727.3121776985786,4.050448290975962
epigenomics_51_fast2bfq_391,1265.761147832119,4.042886994655323
epigenomics_51_fast2bfq_392,1314.966810762491,4.051798319342482
epigenomics_51_fast2bfq_393,1599.324256264274,4.038894562479624
epigenomics_51_fast2bfq_394,1172.9907785284263,4.033479063308657
epigenomics_51_fast2bfq_395,1137.6196685797495,4.062453973710095
epigenomics_51_fast2bfq_396,1253.493215212347,4.057307056657177
epigenomics_51_fast2bfq_397,1889.3181387462994,4.045650694253419
epigenomics_51_fast2bfq_398,1328.451509852863,4.050984976052585
epigenomics_51_fast2bfq_399,1731.1738290558706,4.057786681259831
epigenomics_51_fast2bfq_400,1322.158256023124,4.061087531741152
epigenomics_51_fast2bfq_401,1501.7749076273976,4.05541187719576
epigenomics_51_fast2bfq_402,1490.6774407809885,4.044167602187943
epigenomics_51_fast2bfq_403,1694.5840767524016,4.059551284476191
epigenomics_51_fast2bfq_404,914.1276454887756,4.058859713477699
epigenomics_51_fast2bfq_405,962.7196720974102,4.064879484816463
epigenomics_51_fast2bfq_406,1488.0610133208486,4.065911853918116
epigenomics_51_fast2bfq_407,1421.807129688272,4.062972858237165
epigenomics_51_fast2bfq_408,1314.007819449644,4.064180188458338
epigenomics_51_fast2bfq_409,1400.896180538891,4.039585208216815
epigenomics_51_fast2bfq_410,1360.1028274444107,4.05679404230807
epigenomics_51_fast2bfq_411,1288.6462547442031,4.039880704702903
epigenomics_51_fast2bfq_412,1298.3085445625425,4.0557773210271915
epigenomics_51_fast2bfq_413,1277.358691140898,4.031956697848723
epigenomics_51_fast2bfq_414,1746.3664640824736,4.049669736913559
epigenomics_51_fast2bfq_415,1193.1125935008342,4.048520692125517
epigenomics_51_fast2bfq_416,1505.766946216161,4.061486196787179
epigenomics_51_fast2bfq_417,1343.9235916040195,4.040362445547885
epigenomics_51_fast2bfq_418,1627.1888836546982,4.038979580045333
epigenomics_51_fast2bfq_419,1560.2702152014579,4.068435998662414
epigenomics_51_fast2bfq_420,1336.7110731705984,4.048763692650598
epigenomics_51_fast2bfq_421,1404.3748691848593,4.051368971070624
epigenomics_51_fast2bfq_422,1730.0195536350732,4.057252802156145
epigenomics_51_fast2bfq_423,1169.967813948369,4.04390881036407
epigenomics_51_fast2bfq_424,1405.2134354932957,4.047470135567101
epigenomics_51_fast2bfq_425,1550.8558718468278,4.038064030964095
epigenomics_51_fast2bfq_426,1476.9307807812902,4.050883884243083
epigenomics_51_fast2bfq_427,1571.9064458109353,4.044328931025859
epigenomics_51_fast2bfq_428,1580.606413917864,4.0614761473107235
epigenomics_51_fast2bfq_429,1648.3882495087717,4.0489506177156915
epigenomics_51_fast2bfq_430,1554.316750335856,4.056560227376648
epigenomics_51_fast2bfq_431,1262.506543151467,4.05801715716831
epigenomics_51_fast2bfq_432,1389.3267153748197,4.045483101911773
epigenomics_51_fast2bfq_433,1431.7332280810656,4.066745303369434
epigenomics_51_fast2bfq_434,1438.936838711477,4.05495623529616
epigenomics_51_fast2bfq_435,1208.6096021221322,4.062654611997647
epigenomics_51_fast2bfq_436,1385.4685650020485,4.037049626929144
epigenomics_51_fast2bfq_437,1363.0952894141835,4.0468363433751104
epigenomics_51_fast2bfq_438,1684.8821958564756,4.048523849049582
epigenomics_51_fast2bfq_439,1422.9883241296789,4.059289837448941
epigenomics_51_fast2bfq_440,1153.5328917424545,4.0486947138499465
epigenomics_51_fast2bfq_441,1553.9022343030274,4.0671627583708325
epigenomics_51_fast2bfq_442,1348.1208128355554,4.041508186835421
epigenomics_51_fast2bfq_443,1405.5861338935244,4.046304833806636
epigenomics_51_fast2bfq_444,852.3581482981933,4.054429423029357
epigenomics_51_fast2bfq_445,995.9013260321804,4.047269181001611
epigenomics_51_fast2bfq_446,1494.397915259439,4.055319328348404
epigenomics_51_fast2bfq_447,1140.7560218928827,4.055193922609705
epigenomics_51_fast2bfq_448,1513.9696978370332,4.055217984596483
epigenomics_51_fast2bfq_449,1680.5916895784487,4.042178142123403
epigenomics_51_fast2bfq_450,788.6196157271161,4.057280780909974
epigenomics_51_fast2bfq_451,1575.002116678393,4.0503860905356674
epigenomics_51_fast2bfq_452,1429.9946939523,4.036301194718426
epigenomics_51_fast2bfq_453,1567.6302448016847,4.051385075473196
epigenomics_51_fast2bfq_454,1065.4019271847083,4.032881508153073
epigenomics_51_fast2bfq_455,1719.249411295523,4.043645510792787
epigenomics_51_fast2bfq_456,1587.4504954287152,4.050054109399001
epigenomics_51_fast2bfq_457,1532.2052070794084,4.048889520303019
epigenomics_51_fast2bfq_458,1110.3010362450239,4.050918668774088
epigenomics_51_fast2bfq_459,1844.0621265204632,4.060868720464544
epigenomics_51_fast2bfq_460,1475.982685804103,4.058737782059644
epigenomics_51_fast2bfq_461,1337.3529564453686,4.0713585491616495
epigenomics_51_fast2bfq_462,1305.4385795748544,4.05408934287681
epigenomics_51_fast2bfq_463,1337.0654365615962,4.049817645769873
epigenomics_51_fast2bfq_464,1336.529756996507,4.058877873289797
epigenomics_51_fast2bfq_465,1032.2862812395708,4.056870375970679
epigenomics_51_fast2bfq_466,1400.011099414404,4.044812318456728
epigenomics_51_fast2bfq_467,1692.445654327367,4.037347739287262
epigenomics_51_fast2bfq_468,1390.903099574277,4.063747421034327
epigenomics_51_fast2bfq_469,1393.8333394747892,4.048598202786764
epigenomics_51_fast2bfq_470,1746.576751143159,4.055830604050064
epigenomics_51_fast2bfq_471,1406.0023399927422,4.050642624461011
epigenomics_51_fast2bfq_472,1420.4360108308797,4.044180041219231
epigenomics_51_fast2bfq_473,837.5316059762057,4.058856647022609
epigenomics_51_fast2bfq_474,1664.5898518389408,4.056197498938715
epigenomics_51_fast2bfq_475,1378.2569350324477,4.037604044735362
epigenomics_51_fast2bfq_476,1427.831385125904,4.052640241022481
epigenomics_51_fast2bfq_477,1331.1336944802952,4.049423179909404
epigenomics_51_fast2bfq_478,1392.6927450107003,4.041750254866949
epigenomics_51_fast2bfq_479,1281.5264097086406,4.050551422618897
epigenomics_51_fast2bfq_480,1379.1566786232493,4.039533859240041
epigenomics_51_fast2bfq_481,1582.000265580371,4.040867384177372
epigenomics_51_fast2bfq_482,1788.157296119972,4.056825536019573
epigenomics_51_fast2bfq_483,1194.426187419037,4.050439638389973
epigenomics_51_fast2bfq_484,1578.0756047209377,4.045018474280663
epigenomics_51_fast2bfq_485,1736.7229549428976,4.03448013660566
epigenomics_51_fast2bfq_486,1410.2633458702444,4.0516211386155
epigenomics_51_fast2bfq_487,1519.2699379464736,4.043136021738966
epigenomics_51_fast2bfq_488,732.684468272929,4.044365225609324
epigenomics_51_fast2bfq_489,1469.0495476691449,4.064646322088232
epigenomics_51_fast2bfq_490,1614.9221056479864,4.044074107552806
epigenomics_51_fast2bfq_491,1379.9207991615488,4.043099321409705
epigenomics_51_fast2bfq_492,1347.1303733037073,4.033600060248222
epigenomics_51_fast2bfq_493,1105.4874218996829,4.041539096451367
epigenomics_51_fast2bfq_494,1136.8289155344983,4.054676211250405
epigenomics_51_fast2bfq_495,1144.1633878291339,4.051902615688212
epigenomics_51_fast2bfq_496,1824.2879570178739,4.048203768502365
epigenomics_51_fast2bfq_497,1362.64032431867,4.059399213404252
epigenomics_51_fast2bfq_498,1555.4796892360268,4.033072576718907
epigenomics_51_fast2bfq_499,1840.6675726871626,4.041883586416681
epigenomics_51_map_0,198740.6163867244,198.20339043801118
epigenomics_51_map_1,188548.41935457772,193.5368329171479
epigenomics_51_map_2,192792.59924864472,197.5950265440062
epigenomics_51_map_3,198722.97821718492,189.9597689232213
epigenomics_51_map_4,219970.61573489342,198.31847044562855
epigenomics_51_map_5,232111.52994957825,193.7402187064778
epigenomics_51_map_6,223437.97469707494,195.82207358724185
epigenomics_51_map_7,214272.94749366824,206.58652412643684
epigenomics_51_map_8,187698.97025850049,193.4365599358597
epigenomics_51_map_9,213192.10586613335,195.65360316114615
epigenomics_51_map_10,221147.19459168016,198.51653859648778
epigenomics_51_map_11,264947.64061273565,197.8943631262524
epigenomics_51_map_12,211668.77595316857,194.10385059483173
epigenomics_51_map_13,213349.88602901896,198.6800347049178
epigenomics_51_map_14,197346.61340570735,199.5895782317287
epigenomics_51_map_15,214566.44807262352,184.70472720763615
epigenomics_51_map_16,210635.3904984847,196.96359137803069
epigenomics_51_map_17,184422.9806700303,184.87635203183297
epigenomics_51_map_18,204017.93151628767,198.73663470851008
epigenomics_51_map_19,234969.06905002097,192.64843883405487
epigenomics_51_map_20,190272.79634690698,204.12662908398065
epigenomics_51_map_21,172579.02688709818,194.0006176190289
epigenomics_51_map_22,245216.6353714225,193.93118730831952
epigenomics_51_map_23,189971.31696020666,201.90833446058792
epigenomics_51_map_24,204615.18607996023,198.74130612371442
epigenomics_51_map_25,191814.96330826444,194.23579271427542
epigenomics_51_map_26,160816.85091612948,194.3160855717275
epigenomics_51_map_27,209864.60129130568,198.05607448895424
epigenomics_51_map_28,162087.9955762757,186.00314673355987
epigenomics_51_map_29,229480.11670298764,201.99801630542473
epigenomics_51_map_30,189051.10345394452,202.23415794363567
epigenomics_51_map_31,205771.6600328005,207.6228884296548
epigenomics_51_map_32,202879.58868665068,195.22089059961175
epigenomics_51_map_33,188791.01589409806,191.52807454827825
epigenomics_51_map_34,199760.38973937678,191.7245765992513
epigenomics_51_map_35,191031.0198657801,191.4622833073363
epigenomics_51_map_36,166943.69593439926,191.86028206477982
epigenomics_51_map_37,233822.8106688665,192.11476372459907
epigenomics_51_map_38,278686.56129819324,193.37880099026063
epigenomics_51_map_39,189486.98700361478,190.28486580087448
epigenomics_51_map_40,229546.61777826532,193.87063982273222
epigenomics_51_map_41,182534.44395994523,191.00432657392994
epigenomics_51_map_42,202360.03575535715,199.1122586516584
epigenomics_51_map_43,200852.29538610394,195.52057250987988
epigenomics_51_map_44,229000.31950323147,198.7200358698735
epigenomics_51_map_45,196422.4946396035,198.46532940912712
epigenomics_51_map_46,166962.41431204078,204.64325263031327
epigenomics_51_map_47,233910.1257060057,200.59402675900645
epigenomics_51_map_48,220794.362752472,193.75235774558894
epigenomics_51_map_49,195759.44987676418,192.91815305707834
epigenomics_51_map_50,189450.54848315156,200.89410023068035
epigenomics_51_map_51,185743.35814691675,194.130403861003
epigenomics_51_map_52,228358.4638780172,193.46139030231578
epigenomics_51_map_53,179927.22131208098,192.3747762233602
epigenomics_51_map_54,217708.57181236072,204.68977993090658
epigenomics_51_map_55,214697.49654457474,191.5692642327333
epigenomics_51_map_56,184231.68511110195,190.82650446658758
epigenomics_51_map_57,208067.5379016436,191.44259361799186
epigenomics_51_map_58,202645.1178297516,192.27568320286403
epigenomics_51_map_59,210261.81086751848,200.65227973987203
epigenomics_51_map_60,241108.3423853827,192.51104808319775
epigenomics_51_map_61,180230.4233412196,196.24363203225678
epigenomics_51_map_62,229505.5136276151,201.00720188766226
epigenomics_51_map_63,166894.04452674882,197.47736839932932
epigenomics_51_map_64,195004.02354732042,195.15666240325638
epigenomics_51_map_65,199595.31424913157,199.70161313007077
epigenomics_51_map_66,190092.88516463927,183.26430316534635
epigenomics_51_map_67,170055.66958957002,196.21590842854565
epigenomics_51_map_68,209449.7298812104,195.52037416192832
epigenomics_51_map_69,245123.71202487487,188.92030855196637
epigenomics_51_map_70,226958.67110195686,208.5939081596056
epigenomics_51_map_71,227397.5168842891,193.7630353515339
epigenomics_51_map_72,190192.05641886443,196.56901704840843
epigenomics_51_map_73,200345.82911829322,193.36463754284122
epigenomics_51_map_74,179349.65398022096,193.46559443845342
epigenomics_51_map_75,194498.2454585964,195.48856328403835
epigenomics_51_map_76,211814.91421011585,189.0918904325978
epigenomics_51_map_77,206121.8954712784,195.74124996802817
epigenomics_51_map_78,215382.72585094025,195.41474856284967
epigenomics_51_map_79,222398.86227165116,194.44589482509764
epigenomics_51_map_80,164230.6832477033,200.20684052952456
epigenomics_51_map_81,204835.56310928764,194.7231352154891
epigenomics_51_map_82,194165.12881519066,191.1975264421872
epigenomics_51_map_83,227239.79788075827,195.40956005919242
epigenomics_51_map_84,207555.28870228064,194.92130014444666
epigenomics_51_map_85,214865.85795086942,195.98237099134687
epigenomics_51_map_86,205839.9435534759,193.2192144254092
epigenomics_51_map_87,178093.3594526822,199.4328804890623
epigenomics_51_map_88,214544.56711288542,202.05719771593078
epigenomics_51_map_89,179748.17386450825,199.5997907628315
epigenomics_51_map_90,184751.9280429744,193.18274039348918
epigenomics_51_map_91,183743.86225338886,187.17872525672772
epigenomics_51_map_92,201306.04477069847,201.3209048030773
epigenomics_51_map_93,208657.86911401642,191.5064322548233
epigenomics_51_map_94,196416.56046640093,197.59686648685525
epigenomics_51_map_95,202772.97683797934,191.16584774166245
epigenomics_51_map_96,168324.08617087954,191.38284085640908
epigenomics_51_map_97,227281.3552013221,199.23446536223864
epigenomics_51_map_98,180625.95315483745,203.883406314402
epigenomics_51_map_99,203077.37126041244,191.41664299187656
epigenomics_51_map_100,201862.31093945328,190.629025717847
epigenomics_51_map_101,174499.73004177265,185.6964877062373
epigenomics_51_map_102,166229.88593687743,205.71208270197644
epigenomics_51_map_103,186547.17063453284,198.74512013945966
epigenomics_51_map_104,196831.4232919267,187.02756787586515
epigenomics_51_map_105,174381.93914324307,194.5563061392887
epigenomics_51_map_106,170025.59874266095,198.13054631253948
epigenomics_51_map_107,216343.9160235085,197.29348838518897
epigenomics_51_map_108,211778.73986250325,195.6413000501745
epigenomics_51_map_109,196637.64297900055,202.2298850188161
epigenomics_51_map_110,210844.22915233753,194.15442238229664
epigenomics_51_map_111,219984.47585129237,198.33973623993336
epigenomics_51_map_112,204502.03058934704,201.5742837558451
epigenomics_51_map_113,215486.61630029845,192.23440605327914
epigenomics_51_map_114,186530.7333267853,191.09774114130266
epigenomics_51_map_115,186191.07284029873,195.72963514074718
epigenomics_51_map_116,219886.1763704319,202.83802420878226
epigenomics_51_map_117,209811.6868837096,190.34223779583607
epigenomics_51_map_118,235035.51477381907,185.05800568850128
epigenomics_51_map_119,217691.90104920024,191.72057601544918
epigenomics_51_map_120,218983.6217326329,201.44060587327067
epigenomics_51_map_121,197465.32109705734,202.23897049889445
epigenomics_51_map_122,193898.64724042037,196.49312514046707
epigenomics_51_map_123,193356.80790766407,199.4037233275469
epigenomics_51_map_124,203413.71465714925,188.68847824131552
epigenomics_51_map_125,217589.847334811,196.45745066018972
epigenomics_51_map_126,211912.24668268737,194.85376635802433
epigenomics_51_map_127,233340.92531985667,197.94586628013064
epigenomics_51_map_128,221094.54364456018,186.97858786611584
epigenomics_51_map_129,210671.32161708837,198.29807245121287
epigenomics_51_map_130,197242.2547961439,200.07006243695153
epigenomics_51_map_131,199618.98744878336,194.87200369300723
epigenomics_51_map_132,202355.65257115418,184.70453456535492
epigenomics_51_map_133,191304.1860423378,206.5424404410679
epigenomics_51_map_134,212342.25488704286,200.32113203484576
epigenomics_51_map_135,185703.7413635592,194.47823920467613
epigenomics_51_map_136,166819.21456181072,192.93250305828658
epigenomics_51_map_137,205782.1756074745,196.29561794097148
epigenomics_51_map_138,188581.79767177955,194.43407427255852
epigenomics_51_map_139,223781.8420487976,188.53722228391004
epigenomics_51_map_140,240515.02503408794,206.2141391636048
epigenomics_51_map_141,181398.39468836566,191.1630557326793
epigenomics_51_map_142,186791.21443020608,197.64068239246475
epigenomics_51_map_143,236548.0028332169,188.08296427257645
epigenomics_51_map_144,160072.70149850054,193.08174730719898
epigenomics_51_map_145,195461.44950722982,192.8525321903817
epigenomics_51_map_146,186335.41050650194,196.24389374708426
epigenomics_51_map_147,189255.5000548269,190.40001156834543
epigenomics_51_map_148,188189.22505771433,199.11368530623972
epigenomics_51_map_149,177516.19586977793,187.46736852057109
epigenomics_51_map_150,174838.20867982248,196.4227852041482
epigenomics_51_map_151,199619.66725697933,199.6796223843024
epigenomics_51_map_152,255552.73319688518,203.31906027553785
epigenomics_51_map_153,204329.83648322115,191.5886214740385
epigenomics_51_map_154,182305.77003698447,197.70758473611852
epigenomics_51_map_155,231553.83025257356,197.47476778673823
epigenomics_51_map_156,236924.5933144837,196.13311539785778
epigenomics_51_map_157,197207.00898703403,194.83789541077368
epigenomics_51_map_158,175515.2000543359,193.487439661173
epigenomics_51_map_159,249478.50777564044,200.5383414299796
epigenomics_51_map_160,182633.7396039725,198.54795759067142
epigenomics_51_map_161,205950.34338537435,196.4420793710726
epigenomics_51_map_162,170119.88454791735,201.56219184562605
epigenomics_51_map_163,207277.66118049683,191.17655347303037
epigenomics_51_map_164,206770.1849857682,197.04469917211532
epigenomics_51_map_165,198575.2938771243,196.83958890833813
epigenomics_51_map_166,209064.76574414852,193.2463282853011
epigenomics_51_map_167,179892.15900399428,195.65600685017006
epigenomics_51_map_168,211230.59671260358,198.93080974363798
epigenomics_51_map_169,199630.93553130055,207.5236375164797
epigenomics_51_map_170,222572.35648269168,188.25807755535018
epigenomics_51_map_171,199459.5993340789,187.22551299889585
epigenomics_51_map_172,200956.10074564005,195.1201122423646
epigenomics_51_map_173,211760.82492209531,196.52778688325762
epigenomics_51_map_174,219058.2364982446,188.24515483278765
epigenomics_51_map_175,206937.9500377409,187.60828559148771
epigenomics_51_map_176,240240.37938285328,193.55918026870103
epigenomics_51_map_177,199791.28875006674,204.377628857713
epigenomics_51_map_178,246652.58332008,187.05441501332683
epigenomics_51_map_179,179472.755646805,192.8040848458882
epigenomics_51_map_180,206838.3170059433,194.14009216988043
epigenomics_51_map_181,179889.69148979592,202.41834899763643
epigenomics_51_map_182,206010.76613990654,192.37074760938236
epigenomics_51_map_183,192110.66186818125,202.10384109121887
epigenomics_51_map_184,191606.24598284997,194.59855180129225
epigenomics_51_map_185,212099.99531712348,187.96520255935087
epigenomics_51_map_186,202665.98498280213,201.63702320743738
epigenomics_51_map_187,236088.8103291244,205.5516824549031
epigenomics_51_map_188,193139.1527124058,202.5412328394824
epigenomics_51_map_189,201555.98767431808,199.20617766033556
epigenomics_51_map_190,187787.47163128376,203.39656171160541
epigenomics_51_map_191,189669.53774135833,201.24793857126303
epigenomics_51_map_192,206361.74270665378,192.3377952700141
epigenomics_51_map_193,173711.99619555828,198.393460326567
epigenomics_51_map_194,207106.39485576752,186.99391608625663
epigenomics_51_map_195,204000.45245427312,201.75151372999426
epigenomics_51_map_196,184577.53200875316,189.11789332948248
epigenomics_51_map_197,178303.08336951546,188.66972477042202
epigenomics_51_map_198,193463.41288135372,183.53975860652167
epigenomics_51_map_199,192858.45066669342,198.525271548434
epigenomics_51_map_200,164891.98977058806,194.17879064242288
epigenomics_51_map_201,184589.46689436724,205.79629879761634
epigenomics_51_map_202,162432.22447788643,195.83740085874842
epigenomics_51_map_203,230891.16685411756,196.47978012393358
epigenomics_51_map_204,179175.78849859876,193.99139938646684
epigenomics_51_map_205,187453.01438198876,197.59255307112608
epigenomics_51_map_206,211098.8414522746,201.7493175992891
epigenomics_51_map_207,209368.0863396882,197.7156206025479
epigenomics_51_map_208,171134.0623930344,189.3606385103475
epigenomics_51_map_209,191821.4846540951,192.23607220397568
epigenomics_51_map_210,217936.81578318498,203.9929060434821
epigenomics_51_map_211,215589.25712536307,188.97056907983966
epigenomics_51_map_212,256023.10762635324,195.86350995785526
epigenomics_51_map_213,255129.43248133417,188.05373741433897
epigenomics_51_map_214,198438.16416202567,200.176456127906
epigenomics_51_map_215,210131.59206749118,186.14713001463684
epigenomics_51_map_216,240797.53884196392,197.02953762994284
epigenomics_51_map_217,226444.7460500495,183.81542661107628
epigenomics_51_map_218,250099.1152895759,200.92855999073336
epigenomics_51_map_219,217900.15674956676,196.83553962788073
epigenomics_51_map_220,176871.34412346792,187.72981942257258
epigenomics_51_map_221,192476.14131935182,197.58693418662253
epigenomics_51_map_222,166356.45558992296,201.71068957872166
epigenomics_51_map_223,174833.9977458657,187.7085394930866
epigenomics_51_map_224,178669.30357060526,199.7864795072211
epigenomics_51_map_225,227118.34429593792,201.5302648913694
epigenomics_51_map_226,166480.47072377306,190.60482584800252
epigenomics_51_map_227,200780.99370853268,193.12850293874217
epigenomics_51_map_228,221220.86595705734,196.65325089492003
epigenomics_51_map_229,169268.8417061381,192.81474012369006
epigenomics_51_map_230,195821.97781977514,190.6296660342948
epigenomics_51_map_231,176803.79438889353,205.71789488255698
epigenomics_51_map_232,180959.54250361206,198.3110365413323
epigenomics_51_map_233,186320.65710490244,186.33715141930878
epigenomics_51_map_234,169126.9714600706,193.09392987612148
epigenomics_51_map_235,215102.1673931977,196.1903346509526
epigenomics_51_map_236,192722.05081161723,197.06527038134456
epigenomics_51_map_237,183039.58911152254,200.40580245666274
epigenomics_51_map_238,207251.89934477364,197.5665705715276
epigenomics_51_map_239,213731.25174867632,201.37429476421065
epigenomics_51_map_240,221598.71828987193,194.4941381616433
epigenomics_51_map_241,179272.2017618456,204.38264542851422
epigenomics_51_map_242,233461.70591315543,195.13540825680911
epigenomics_51_map_243,201771.9604367099,186.69706589245146
epigenomics_51_map_244,196467.48623036555,197.40173788681835
epigenomics_51_map_245,220869.2447133753,182.24103768225524
epigenomics_51_map_246,218603.43995914873,188.0750466813451
epigenomics_51_map_247,213884.5600357485,185.80102269235653
epigenomics_51_map_248,213547.37236494088,198.03997675350305
epigenomics_51_map_249,213711.4314746244,197.23110425819672
epigenomics_51_map_250,222913.72416884147,194.87019944310128
epigenomics_51_map_251,186369.21103196192,200.7748924392244
epigenomics_51_map_252,201862.18247745183,200.68431021573116
epigenomics_51_map_253,194005.73253108907,190.26920343437664
epigenomics_51_map_254,200041.72539991912,195.40370689752186
epigenomics_51_map_255,198424.18152632363,197.46309950938667
epigenomics_51_map_256,210837.82256788868,196.42995134525268
epigenomics_51_map_257,192045.82777292148,187.11531348222465
epigenomics_51_map_258,166606.95898583904,193.11707434389228
epigenomics_51_map_259,178799.0822741711,200.80908558715973
epigenomics_51_map_260,227291.70160832442,184.7366830392613
epigenomics_51_map_261,194930.5130827088,195.05633245057314
epigenomics_51_map_262,205705.78357122582,198.76453520692303
epigenomics_51_map_263,195321.8082112173,199.0682192762986
epigenomics_51_map_264,164774.30151237332,204.23616654540993
epigenomics_51_map_265,204197.549997987,192.17554892520832
epigenomics_51_map_266,185288.71009196577,203.8371997370096
epigenomics_51_map_267,215169.94875149673,198.93815992634225
epigenomics_51_map_268,197751.22287482728,192.68048881708071
epigenomics_51_map_269,156066.19300668297,196.953251711776
epigenomics_51_map_270,179228.3830012324,195.70492192786352
epigenomics_51_map_271,183649.45576703208,199.01489946481072
epigenomics_51_map_272,201246.94693096154,199.0188833652586
epigenomics_51_map_273,241608.65978249745,193.21527870976914
epigenomics_51_map_274,219605.38497365563,204.35128119597908
epigenomics_51_map_275,202023.78154562728,204.14426147260355
epigenomics_51_map_276,226672.449467363,200.10046006887498
epigenomics_51_map_277,197365.61845178303,203.90840374569063
epigenomics_51_map_278,204035.44963134406,197.81746629375988
epigenomics_51_map_279,165477.6139765923,197.0311544242
epigenomics_51_map_280,193281.27253971458,203.80182087602813
epigenomics_51_map_281,207073.77430887238,200.02559809629898
epigenomics_51_map_282,203730.6319867267,196.26164661044712
epigenomics_51_map_283,205121.75499015264,196.05064591878198
epigenomics_51_map_284,216226.96063891822,192.75761403576178
epigenomics_51_map_285,140563.89631701988,189.01650643871815
epigenomics_51_map_286,164824.2651306325,195.33738066063782
epigenomics_51_map_287,155639.85978317843,198.37423647834504
epigenomics_51_map_288,198585.7270714125,183.39974261593466
epigenomics_51_map_289,181735.21513961116,191.35331675054124
epigenomics_51_map_290,224163.24469921223,194.19688909558283
epigenomics_51_map_291,178106.64646390226,203.52662666625713
epigenomics_51_map_292,186605.08756836198,202.9457490965916
epigenomics_51_map_293,237025.6275883325,197.90557082067545
epigenomics_51_map_294,190600.5028819613,180.02524889969703
epigenomics_51_map_295,200536.13169683772,182.57169321492967
epigenomics_51_map_296,175011.700833825,200.5889381650815
epigenomics_51_map_297,171179.68710392018,179.94679153701074
epigenomics_51_map_298,200908.41265836547,188.2501945740736
epigenomics_51_map_299,183025.2065656402,186.5993695228502
epigenomics_51_map_300,170614.31802629656,194.8764933544251
epigenomics_51_map_301,195045.92914115707,199.6525610942535
epigenomics_51_map_302,193170.80067702173,198.50387456333317
epigenomics_51_map_303,174363.41013917432,186.32427198806576
epigenomics_51_map_304,233077.82735990724,193.8400972371279
epigenomics_51_map_305,211558.37623321483,196.93099405824438
epigenomics_51_map_306,176717.45795186836,187.2264171110392
epigenomics_51_map_307,218203.8579802712,203.24222841827978
epigenomics_51_map_308,230305.13202435372,189.8954053653489
epigenomics_51_map_309,203926.83342827787,196.66220474996538
epigenomics_51_map_310,187271.9001118101,196.3954394703652
epigenomics_51_map_311,190975.14632202275,206.77218842004797
epigenomics_51_map_312,199960.27840544822,199.34480125214523
epigenomics_51_map_313,193895.42758212786,189.9993035739081
epigenomics_51_map_314,162822.67332890548,203.52981477029996
epigenomics_51_map_315,229324.23023949433,189.44832330372213
epigenomics_51_map_316,184709.55405460007,197.36573427234697
epigenomics_51_map_317,197976.36110675763,193.86212009991516
epigenomics_51_map_318,190792.3126639246,189.34730530930767
epigenomics_51_map_319,242016.40318975894,194.2429741989224
epigenomics_51_map_320,218602.19316634146,203.87075468093076
epigenomics_51_map_321,197159.8003191195,205.31131620180994
epigenomics_51_map_322,215822.88623315646,198.0190087281598
epigenomics_51_map_323,199416.80618614753,187.18186115831043
epigenomics_51_map_324,196420.6463682076,189.51575997937047
epigenomics_51_map_325,180690.46031878673,188.15819205023922
epigenomics_51_map_326,225844.37099297394,191.95577150186114
epigenomics_51_map_327,210916.25076554,196.1327845821455
epigenomics_51_map_328,172893.01417861646,200.0245852491331
epigenomics_51_map_329,187108.13902756426,191.9322499189253
epigenomics_51_map_330,211071.63492426247,196.51895305852116
epigenomics_51_map_331,237054.04678773953,184.54792798093635
epigenomics_51_map_332,203150.66533000083,190.86875698958602
epigenomics_51_map_333,245627.70317114325,186.6939376249193
epigenomics_51_map_334,255358.5725670579,188.76797760576773
epigenomics_51_map_335,224459.08786432364,191.1264182478608
epigenomics_51_map_336,203903.4364136902,210.15945185201076
epigenomics_51_map_337,181257.71458219082,197.79089479327598
epigenomics_51_map_338,233300.713266988,193.63074439416073
epigenomics_51_map_339,188608.80793541356,199.03520397367947
epigenomics_51_map_340,231497.41906542215,193.64328790893498
epigenomics_51_map_341,230351.36647123666,194.0478710838205
epigenomics_51_map_342,235567.43721387553,191.4374330409218
epigenomics_51_map_343,230575.05828217728,207.0319307157021
epigenomics_51_map_344,172139.8839784391,186.59278228547524
epigenomics_51_map_345,209911.4013079355,202.21915545358988
epigenomics_51_map_346,225976.4943441886,197.30536240796798
epigenomics_51_map_347,212212.95873041413,193.69891878609815
epigenomics_51_map_348,192155.88607469766,198.09358723648242
epigenomics_51_map_349,165355.98656715176,203.07748855876955
epigenomics_51_map_350,203309.40451359857,190.94586150315587
epigenomics_51_map_351,196001.71793047016,203.91925566721017
epigenomics_51_map_352,185082.51253172057,193.32243043644246
epigenomics_51_map_353,194800.8147578524,203.77818762144926
epigenomics_51_map_354,247998.44085043474,200.8238298317172
epigenomics_51_map_355,218579.3652484422,199.29059706360056
epigenomics_51_map_356,219053.02618515704,198.1693082921639
epigenomics_51_map_357,202195.7400226255,194.4320279748724
epigenomics_51_map_358,217094.05546201818,188.0254042606869
epigenomics_51_map_359,229599.02487594256,201.00946787861477
epigenomics_51_map_360,195568.97271506317,185.15350241213866
epigenomics_51_map_361,193048.27249098316,193.52342174375997
epigenomics_51_map_362,212037.3873834311,194.8478597726582
epigenomics_51_map_363,176881.6666264785,198.79270792254536
epigenomics_51_map_364,231491.80504007486,191.14387564409137
epigenomics_51_map_365,196207.52727841423,187.85194519699382
epigenomics_51_map_366,206576.09181044772,200.83724144971006
epigenomics_51_map_367,197739.66987933722,189.14248200114426
epigenomics_51_map_368,216277.85930444408,190.1234033372088
epigenomics_51_map_369,201494.29571332454,196.78197001845254
epigenomics_51_map_370,179786.25779289383,199.3842821960761
epigenomics_51_map_371,181539.1670690592,197.11328138112046
epigenomics_51_map_372,204376.39166683418,197.6371716248736
epigenomics_51_map_373,215158.3351230905,196.41956290983367
epigenomics_51_map_374,203881.3170496691,200.52854757691443
epigenomics_51_map_375,202669.16320093692,199.52342167784846
epigenomics_51_map_376,183560.9214273544,188.9014137119187
epigenomics_51_map_377,195003.48425826294,205.09748934570524
epigenomics_51_map_378,245668.21089598414,199.82880056961645
epigenomics_51_map_379,221621.72188704094,201.6442466515818
epigenomics_51_map_380,206345.2342971976,187.13312758219377
epigenomics_51_map_381,189582.4767006801,191.93192860828208
epigenomics_51_map_382,170495.5132023323,194.6521085365503
epigenomics_51_map_383,200442.7597798301,199.855543910917
epigenomics_51_map_384,208201.91412586195,187.90277159101552
epigenomics_51_map_385,194919.99995590938,192.92801429566086
epigenomics_51_map_386,234036.33209626484,198.1409044768527
epigenomics_51_map_387,224747.87127184775,186.81157387205582
epigenomics_51_map_388,213960.29028628947,197.32249716688
epigenomics_51_map_389,193838.06055948028,196.6453362930253
epigenomics_51_map_390,262474.1659701475,191.31229843034654
epigenomics_51_map_391,152036.3766490979,196.86542804630048
epigenomics_51_map_392,196908.2000132161,190.9298970267448
epigenomics_51_map_393,233519.37699324993,195.5581947448326
epigenomics_51_map_394,173511.73423808964,189.63979990662102
epigenomics_51_map_395,206527.89506266877,194.11634258456337
epigenomics_51_map_396,196055.84532971997,202.32695130049086
epigenomics_51_map_397,200965.20649464897,198.4441278661925
epigenomics_51_map_398,210465.66103040427,195.82225585534977
epigenomics_51_map_399,223494.73354066472,200.68750892193952
epigenomics_51_map_400,237572.54796543805,196.98023752367385
epigenomics_51_map_401,255423.10583959447,199.94152918151798
epigenomics_51_map_402,171532.16569930853,194.53527091854247
epigenomics_51_map_403,178030.05395184486,203.90326251411588
epigenomics_51_map_404,193853.37186303464,203.67100069899902
epigenomics_51_map_405,184026.67749991882,192.15800316455113
epigenomics_51_map_406,203326.68634353078,200.03687557615442
epigenomics_51_map_407,169205.16660892175,202.66786617943842
epigenomics_51_map_408,201251.48168180752,193.60118981773545
epigenomics_51_map_409,213948.76286857272,197.65199021467203
epigenomics_51_map_410,172379.08557116057,186.87039565112272
epigenomics_51_map_411,229377.99308127168,194.63297259327925
epigenomics_51_map_412,162915.84040517392,198.1526233689165
epigenomics_51_map_413,188297.08020405145,195.78668295517068
epigenomics_51_map_414,179315.53568014837,194.1314880881453
epigenomics_51_map_415,172784.7480372573,200.3961288907384
epigenomics_51_map_416,180939.77316658755,201.68356599323965
epigenomics_51_map_417,229488.33035681618,207.16372596862465
epigenomics_51_map_418,178255.53259710525,183.6166750338998
epigenomics_51_map_419,212259.3519375695,190.0614091483076
epigenomics_51_map_420,236492.62932154455,194.9566989609816
epigenomics_51_map_421,160390.86098274775,186.65709273201102
epigenomics_51_map_422,200735.38756079276,199.7141618563282
epigenomics_51_map_423,182051.9434200168,191.56204523670496
epigenomics_51_map_424,217292.15942601053,197.18566829762923
epigenomics_51_map_425,200063.20249154203,186.69504757372601
epigenomics_51_map_426,231071.69494517066,200.9995035359122
epigenomics_51_map_427,184721.35587587496,189.36715157436726
epigenomics_51_map_428,194752.65441857427,192.8253525376572
epigenomics_51_map_429,213065.99282192867,198.74217358561188
epigenomics_51_map_430,173096.41074549404,197.62343608660638
epigenomics_51_map_431,182768.21772934785,197.287467984785
epigenomics_51_map_432,218811.5836972138,184.18157972089026
epigenomics_51_map_433,228317.05208410267,197.24482462965486
epigenomics_51_map_434,198241.97516745317,195.53910770124583
epigenomics_51_map_435,199844.02552649088,191.22846916972503
epigenomics_51_map_436,203184.52107496894,196.27759841796
epigenomics_51_map_437,207446.93721605663,188.87051182636156
epigenomics_51_map_438,220985.95465798673,192.6959817295137
epigenomics_51_map_439,175229.98199177464,191.17190691388805
epigenomics_51_map_440,218427.25570238015,194.932770416807
epigenomics_51_map_441,210176.7738749026,196.86702681729827
epigenomics_51_map_442,173614.70019154274,193.71639921246484
epigenomics_51_map_443,194496.49587464365,200.29748112182094
epigenomics_51_map_444,195151.35215968694,196.9425420824832
epigenomics_51_map_445,217249.80311724154,194.44513258606563
epigenomics_51_map_446,186955.56709261844,203.04084331182753
epigenomics_51_map_447,217751.2751652419,197.59280140448803
epigenomics_51_map_448,176155.97284994076,194.4709132567052
epigenomics_51_map_449,236309.75564305412,200.31123018477663
epigenomics_51_map_450,206224.31302729968,195.76485756786576
epigenomics_51_map_451,180516.69418983033,202.52289016322487
epigenomics_51_map_452,198319.6204448756,201.97631467431953
epigenomics_51_map_453,211159.47639938025,193.26578248275067
epigenomics_51_map_454,214280.83364053053,203.31474453681372
epigenomics_51_map_455,191497.91658729926,193.30591099902884
epigenomics_51_map_456,182028.45352155785,195.67684005555253
epigenomics_51_map_457,237921.69840127442,194.1600658257901
epigenomics_51_map_458,235918.40662002255,189.72573972979166
epigenomics_51_map_459,198727.41379111056,190.2582726329735
epigenomics_51_map_460,151538.19702961072,187.54944120006357
epigenomics_51_map_461,197983.6224807679,194.96365628672956
epigenomics_51_map_462,257699.43673922203,192.47914863260866
epigenomics_51_map_463,223267.28432196024,200.04606078256424
epigenomics_51_map_464,176256.86901895562,184.2994809206947
epigenomics_51_map_465,232853.2087901575,190.0412919124279
epigenomics_51_map_466,185981.570316021,195.76728663759292
epigenomics_51_map_467,225241.98052018296,196.42094869398693
epigenomics_51_map_468,194536.09565723737,194.56176463979094
epigenomics_51_map_469,224587.2391939806,192.835132659315
epigenomics_51_map_470,183655.31465201866,197.46828646094622
epigenomics_51_map_471,193783.79150189203,204.35526406138797
epigenomics_51_map_472,186366.0032470272,194.6630643617532
epigenomics_51_map_473,234608.4463379286,198.54129433117492
epigenomics_51_map_474,208104.15898969944,202.4698776502201
epigenomics_51_map_475,204929.27859887606,189.4625338003991
epigenomics_51_map_476,189115.70543453886,199.59747311379456
epigenomics_51_map_477,227945.99587412525,190.64055105189863
epigenomics_51_map_478,183491.76174563824,190.64340314574292
epigenomics_51_map_479,164497.56243845623,200.677671711217
epigenomics_51_map_480,175134.52590508005,190.34070579537868
epigenomics_51_map_481,214659.8364241473,199.9547132304173
epigenomics_51_map_482,204306.6622798037,196.72247754555323
epigenomics_51_map_483,178396.81833943896,190.18669437020958
epigenomics_51_map_484,206791.98977350982,195.44072300846855
epigenomics_51_map_485,204108.41998820746,192.47359222873797
epigenomics_51_map_486,256994.86587788656,201.33415749247078
epigenomics_51_map_487,163427.33786044142,199.80677337539208
epigenomics_51_map_488,188371.7274804128,196.30245500253122
epigenomics_51_map_489,223277.53314276744,190.92286677032473
epigenomics_51_map_490,191296.95927130085,197.70226125129395
epigenomics_51_map_491,188055.36749735867,193.51482818541163
epigenomics_51_map_492,164867.92994954705,198.86508984776546
epigenomics_51_map_493,198414.68476076942,200.29592010121758
epigenomics_51_map_494,197584.38272003,202.70975320727115
epigenomics_51_map_495,219437.1831377108,195.7203909871849
epigenomics_51_map_496,231060.70069997016,198.6062588374802
epigenomics_51_map_497,190283.76706022338,195.36489867003064
epigenomics_51_map_498,210830.65172826144,196.82620130246357
epigenomics_51_map_499,199700.13502423256,192.56892458784063
epigenomics_51_mapMerge1_0,14165.505750892216,4.408096690207889
epigenomics_51_mapMerge1_1,9427.223315521263,4.729862680299127
epigenomics_51_mapMerge2_0,19744.385293543295,4.831049028369153
epigenomics_51_chr21_0,43570.0,6.17
epigenomics_51_pileup_0,55950.0,148.26
