request,latency,mem
epigenomics_1944_entry_0,1.0,1.0
epigenomics_1944_fastqSplit_0,65.30929535033525,109.18962879729582
epigenomics_1944_fastqSplit_1,57.004061481739924,89.84272138275435
epigenomics_1944_filterContams_0,16.134329682387907,69.4395038079413
epigenomics_1944_filterContams_1,21.41638147947159,65.891290146638
epigenomics_1944_filterContams_2,25.072175289093195,60.477662704030756
epigenomics_1944_filterContams_3,21.63740009597767,67.5750022304779
epigenomics_1944_filterContams_4,16.550438984631384,70.4156312116171
epigenomics_1944_filterContams_5,24.20627736283022,60.477755322782514
epigenomics_1944_filterContams_6,20.094974273090532,64.89151875711704
epigenomics_1944_filterContams_7,24.931629551217846,65.54681131354425
epigenomics_1944_filterContams_8,15.836253127587046,72.90512444340378
epigenomics_1944_filterContams_9,24.468356967211506,82.9755418154399
epigenomics_1944_filterContams_10,18.941671653014865,62.54769613237469
epigenomics_1944_filterContams_11,20.840449631472733,58.41681897198421
epigenomics_1944_filterContams_12,15.693909240235762,64.24847887372077
epigenomics_1944_filterContams_13,19.460031574567832,53.61469908991904
epigenomics_1944_filterContams_14,20.003229135248013,64.7711627543696
epigenomics_1944_filterContams_15,20.433396203308302,55.19512042291901
epigenomics_1944_filterContams_16,17.73077635753826,63.85366240131402
epigenomics_1944_filterContams_17,22.231601689441668,66.57973248812203
epigenomics_1944_filterContams_18,14.24671232235079,79.4826977415734
epigenomics_1944_filterContams_19,19.191510434793823,54.102694955877915
epigenomics_1944_filterContams_20,27.860304711181797,75.57674509780145
epigenomics_1944_filterContams_21,24.838741472864772,50.24505737837163
epigenomics_1944_filterContams_22,15.716529366843535,74.91901509112847
epigenomics_1944_filterContams_23,22.70286050886751,69.76265403623137
epigenomics_1944_filterContams_24,21.792234307386718,57.40752242313091
epigenomics_1944_filterContams_25,17.73887612475352,64.22130950628227
epigenomics_1944_filterContams_26,24.77151504610768,62.48758828233724
epigenomics_1944_filterContams_27,21.392174270272108,61.6163345163432
epigenomics_1944_filterContams_28,23.316321166317298,71.70027983463449
epigenomics_1944_filterContams_29,21.849864771732296,64.60500849463544
epigenomics_1944_filterContams_30,18.579730479170017,55.89910090118304
epigenomics_1944_filterContams_31,18.36093097976667,65.4386056543949
epigenomics_1944_filterContams_32,17.684126674407498,69.35610134012983
epigenomics_1944_filterContams_33,21.729210028632448,55.29431218752957
epigenomics_1944_filterContams_34,19.342353457437742,74.82132367709968
epigenomics_1944_filterContams_35,22.53583977799464,75.54853134051179
epigenomics_1944_filterContams_36,20.782337220656125,70.0614376676513
epigenomics_1944_filterContams_37,21.72720035556606,54.670499516620154
epigenomics_1944_filterContams_38,27.19729273250554,64.48191879346243
epigenomics_1944_filterContams_39,15.614569408658813,69.42940947503486
epigenomics_1944_filterContams_40,19.94794966263251,71.59340411350648
epigenomics_1944_filterContams_41,24.996458764230276,67.75874994790341
epigenomics_1944_filterContams_42,20.990696893321847,76.7433692087157
epigenomics_1944_filterContams_43,20.38869953294739,63.67754362671441
epigenomics_1944_filterContams_44,20.2401352105444,58.27824029939814
epigenomics_1944_filterContams_45,20.95206178799618,77.71031398817202
epigenomics_1944_filterContams_46,22.757824954315875,65.19258518068504
epigenomics_1944_filterContams_47,20.831790622281318,60.37996200886299
epigenomics_1944_filterContams_48,27.332346927293422,61.86660193501734
epigenomics_1944_filterContams_49,21.217643104247486,63.39958221245923
epigenomics_1944_filterContams_50,19.004229070305236,76.76087287008156
epigenomics_1944_filterContams_51,21.814153416070646,82.56614771674589
epigenomics_1944_filterContams_52,21.74103673803194,65.43562680054602
epigenomics_1944_filterContams_53,25.180702555227732,58.79318554699758
epigenomics_1944_filterContams_54,20.786952445523074,72.51159279094686
epigenomics_1944_filterContams_55,25.26999136224167,65.30096600656617
epigenomics_1944_filterContams_56,26.9245088162494,71.07478961271335
epigenomics_1944_filterContams_57,16.395021517475826,64.09809423621063
epigenomics_1944_filterContams_58,18.564966121596385,65.53723135964422
epigenomics_1944_filterContams_59,21.126659005167426,73.21521871785447
epigenomics_1944_filterContams_60,21.397743827763946,77.50364854992362
epigenomics_1944_filterContams_61,22.18747290768652,61.92528227943399
epigenomics_1944_filterContams_62,16.394235215716286,60.31251032418454
epigenomics_1944_filterContams_63,17.018062758580594,70.61215701708801
epigenomics_1944_filterContams_64,24.057335127929257,54.31340853806381
epigenomics_1944_filterContams_65,17.299938281212896,68.8139058505458
epigenomics_1944_filterContams_66,15.056237239956067,77.15777445682313
epigenomics_1944_filterContams_67,15.516062365202878,63.06436852745607
epigenomics_1944_filterContams_68,20.196814485075052,69.23025518758071
epigenomics_1944_filterContams_69,22.67811615138418,70.27417012122567
epigenomics_1944_filterContams_70,20.25702961432181,79.34563393615161
epigenomics_1944_filterContams_71,18.38929105922776,73.46805466071835
epigenomics_1944_filterContams_72,18.363964995853486,63.85380009395501
epigenomics_1944_filterContams_73,26.12111887057352,59.684584786401665
epigenomics_1944_filterContams_74,21.2226351546604,54.91155345093903
epigenomics_1944_filterContams_75,24.155500658704007,61.65927985911478
epigenomics_1944_filterContams_76,18.166174857768727,76.88041904950697
epigenomics_1944_filterContams_77,16.30980353156632,65.42621377245666
epigenomics_1944_filterContams_78,17.12189889091717,63.75292194676668
epigenomics_1944_filterContams_79,19.165171418376424,46.70698328244126
epigenomics_1944_filterContams_80,21.4110147738022,63.634725622669016
epigenomics_1944_filterContams_81,19.316145165054824,67.63763196911316
epigenomics_1944_filterContams_82,18.323199410011725,66.66388265744588
epigenomics_1944_filterContams_83,25.632375980896086,64.19931286150569
epigenomics_1944_filterContams_84,23.224906061268477,48.67019024188215
epigenomics_1944_filterContams_85,20.309286955177058,65.23489376281915
epigenomics_1944_filterContams_86,20.179672614264184,64.15572997066857
epigenomics_1944_filterContams_87,20.619767333814693,62.24920307546678
epigenomics_1944_filterContams_88,23.10983230061048,63.30996060181561
epigenomics_1944_filterContams_89,16.575296448045393,73.35322643915354
epigenomics_1944_filterContams_90,24.20934253084083,71.39398750615445
epigenomics_1944_filterContams_91,19.111052466746038,55.86131712810743
epigenomics_1944_filterContams_92,14.710161954153289,68.98596312357293
epigenomics_1944_filterContams_93,26.183043926284665,66.04648021521365
epigenomics_1944_filterContams_94,21.450053500694025,62.93782337724284
epigenomics_1944_filterContams_95,26.972294612589515,71.41852526235904
epigenomics_1944_filterContams_96,17.981002104674648,81.2225224644713
epigenomics_1944_filterContams_97,22.158277157800036,54.733609624344666
epigenomics_1944_filterContams_98,16.54168375486917,69.05934593891948
epigenomics_1944_filterContams_99,19.785556593111707,53.27476768781503
epigenomics_1944_filterContams_100,19.359237970686124,62.453025809490825
epigenomics_1944_filterContams_101,22.673099413780157,60.57398088224167
epigenomics_1944_filterContams_102,19.83748333507205,63.37838655434848
epigenomics_1944_filterContams_103,28.26733927926901,74.32588431030348
epigenomics_1944_filterContams_104,21.152815673273878,74.73815326756832
epigenomics_1944_filterContams_105,16.212132137019907,58.314016280981704
epigenomics_1944_filterContams_106,17.852603152977494,64.0793494571908
epigenomics_1944_filterContams_107,23.67583713781124,81.3723552089673
epigenomics_1944_filterContams_108,21.166682676000658,69.32223099236369
epigenomics_1944_filterContams_109,23.26785801526583,70.3821432502084
epigenomics_1944_filterContams_110,14.320791846254773,63.99164642537667
epigenomics_1944_filterContams_111,19.00213351915407,64.93660709752766
epigenomics_1944_filterContams_112,15.672724652004748,56.44096167759691
epigenomics_1944_filterContams_113,24.47677532225377,74.10836732680153
epigenomics_1944_filterContams_114,21.086097747434998,70.0795001494912
epigenomics_1944_filterContams_115,16.51145472342174,64.80708937802807
epigenomics_1944_filterContams_116,28.23536613500166,71.57370314640735
epigenomics_1944_filterContams_117,20.749654480423803,67.37355658705235
epigenomics_1944_filterContams_118,16.915884820840194,50.39508273142124
epigenomics_1944_filterContams_119,20.535610456445244,67.1658364692613
epigenomics_1944_filterContams_120,22.423872837494294,56.071445736411526
epigenomics_1944_filterContams_121,21.463349001133437,81.51923610612576
epigenomics_1944_filterContams_122,18.477956667757862,55.21890777610442
epigenomics_1944_filterContams_123,18.725286877518563,70.24274953596206
epigenomics_1944_filterContams_124,21.97168695633627,86.10669863866536
epigenomics_1944_filterContams_125,15.175661488015658,56.077216741708824
epigenomics_1944_filterContams_126,14.350026513944389,61.30807050192432
epigenomics_1944_filterContams_127,16.386478166479055,80.42914247155679
epigenomics_1944_filterContams_128,21.51081950888931,52.654708633474
epigenomics_1944_filterContams_129,19.653308396012847,72.2303451391738
epigenomics_1944_filterContams_130,20.36341423244501,55.56045166461415
epigenomics_1944_filterContams_131,24.26838929463907,56.267046059669696
epigenomics_1944_filterContams_132,17.264667432627117,68.65968650005959
epigenomics_1944_filterContams_133,19.262894828596234,57.94765781053134
epigenomics_1944_filterContams_134,20.314358191403247,64.89430363808444
epigenomics_1944_filterContams_135,21.599294347552352,44.469349136861425
epigenomics_1944_filterContams_136,23.285784368375797,69.10630911770853
epigenomics_1944_filterContams_137,23.863771622351383,67.16689230741278
epigenomics_1944_filterContams_138,28.141836251785797,58.38831392644784
epigenomics_1944_filterContams_139,24.258164292132644,60.71396905053812
epigenomics_1944_filterContams_140,14.787589710973556,54.33704926892707
epigenomics_1944_filterContams_141,25.208180972758427,58.131636947552266
epigenomics_1944_filterContams_142,17.586507380632785,58.739310083440074
epigenomics_1944_filterContams_143,17.946368392432756,61.295315457128524
epigenomics_1944_filterContams_144,17.818947983330943,66.24343313577239
epigenomics_1944_filterContams_145,19.438277930965953,75.32784249571355
epigenomics_1944_filterContams_146,23.118782403031986,57.38123946423385
epigenomics_1944_filterContams_147,21.160485309658416,66.3271624450364
epigenomics_1944_filterContams_148,21.62778198221005,72.2519012224339
epigenomics_1944_filterContams_149,26.455979426190424,48.39997457572349
epigenomics_1944_filterContams_150,23.025216805244487,69.21682805175635
epigenomics_1944_filterContams_151,22.47090897741092,54.83540298702321
epigenomics_1944_filterContams_152,19.365412444949882,67.96246201165232
epigenomics_1944_filterContams_153,20.839876398397436,60.944793725589044
epigenomics_1944_filterContams_154,25.639912009094463,55.79357240302047
epigenomics_1944_filterContams_155,23.359320032640483,65.51097864969847
epigenomics_1944_filterContams_156,22.359079072305143,73.17069567940754
epigenomics_1944_filterContams_157,19.8442150474966,62.67860475986078
epigenomics_1944_filterContams_158,21.756027735979178,57.83644556625668
epigenomics_1944_filterContams_159,19.964808427954665,54.44128627425342
epigenomics_1944_filterContams_160,16.20683965476308,61.796552197576766
epigenomics_1944_filterContams_161,20.216304175267894,61.438043621585905
epigenomics_1944_filterContams_162,21.47763257133657,54.86587654962764
epigenomics_1944_filterContams_163,21.727308758106854,51.36369461766826
epigenomics_1944_filterContams_164,17.847554100470962,52.759629389005795
epigenomics_1944_filterContams_165,16.859307476679717,55.17456736531487
epigenomics_1944_filterContams_166,17.14113558963265,67.02239824432772
epigenomics_1944_filterContams_167,19.4327903917712,70.37414681270897
epigenomics_1944_filterContams_168,19.98969635034354,64.11542832267786
epigenomics_1944_filterContams_169,21.810004475110706,63.01144717845281
epigenomics_1944_filterContams_170,19.81228231984953,58.94587810950157
epigenomics_1944_filterContams_171,21.190570425624138,54.08838725172289
epigenomics_1944_filterContams_172,19.0486132179085,59.053644546296596
epigenomics_1944_filterContams_173,19.06813202737979,66.57286389977224
epigenomics_1944_filterContams_174,25.35485914142933,59.00418443709292
epigenomics_1944_filterContams_175,18.63223975386719,66.99941211076498
epigenomics_1944_filterContams_176,21.1407226872169,66.61600781807512
epigenomics_1944_filterContams_177,21.307007577505228,52.654669534372196
epigenomics_1944_filterContams_178,20.677670489054883,70.00232387176283
epigenomics_1944_filterContams_179,20.65257398435968,60.703185307474314
epigenomics_1944_filterContams_180,25.394629882906628,81.59529372311846
epigenomics_1944_filterContams_181,17.82718797924477,66.30892894785234
epigenomics_1944_filterContams_182,22.778355865985404,64.5769653219413
epigenomics_1944_filterContams_183,16.917053678734085,44.767708037656234
epigenomics_1944_filterContams_184,13.815536448890303,69.54048987349336
epigenomics_1944_filterContams_185,13.204141242473016,64.50152347931332
epigenomics_1944_filterContams_186,20.463006110803388,74.18836103817358
epigenomics_1944_filterContams_187,18.623361162486933,69.69350343370756
epigenomics_1944_filterContams_188,18.478934442589846,72.92663393360603
epigenomics_1944_filterContams_189,17.897362706027224,68.95267947846008
epigenomics_1944_filterContams_190,24.223864588441877,81.34841807409106
epigenomics_1944_filterContams_191,21.183766557679327,67.41214940719445
epigenomics_1944_filterContams_192,15.058267354834921,71.57267943541613
epigenomics_1944_filterContams_193,24.330446036845785,65.53530901741728
epigenomics_1944_filterContams_194,15.97203822369629,53.84747681482223
epigenomics_1944_filterContams_195,27.568849552536356,69.26469341843678
epigenomics_1944_filterContams_196,21.84504375036566,73.23464012756484
epigenomics_1944_filterContams_197,23.820714064336357,57.31744361494072
epigenomics_1944_filterContams_198,27.910171342276865,70.86585820357209
epigenomics_1944_filterContams_199,17.109209571696677,57.966735402869006
epigenomics_1944_filterContams_200,22.09820569656796,46.881644152768494
epigenomics_1944_filterContams_201,20.60339524575983,60.56648793451026
epigenomics_1944_filterContams_202,20.295238528917164,87.32751711341592
epigenomics_1944_filterContams_203,23.41686269529555,70.97467886408492
epigenomics_1944_filterContams_204,18.37750010819889,61.02110049245698
epigenomics_1944_filterContams_205,22.970087994531436,61.87942962168612
epigenomics_1944_filterContams_206,15.032852919322188,59.86607822055102
epigenomics_1944_filterContams_207,15.302302317374508,65.40706346164379
epigenomics_1944_filterContams_208,11.863722769803918,65.69868530472746
epigenomics_1944_filterContams_209,17.576593002433018,70.8752341046005
epigenomics_1944_filterContams_210,17.494058705612417,74.78885462223002
epigenomics_1944_filterContams_211,23.157068365722417,58.77246288561636
epigenomics_1944_filterContams_212,23.795450719857953,58.47712470070629
epigenomics_1944_filterContams_213,22.6703052640541,63.25267711388469
epigenomics_1944_filterContams_214,24.223695465669547,64.14523042357708
epigenomics_1944_filterContams_215,17.27274830052242,56.283582438163236
epigenomics_1944_filterContams_216,13.036829609364856,63.130459975976855
epigenomics_1944_filterContams_217,17.93708439635803,69.94724654536279
epigenomics_1944_filterContams_218,11.791898450856447,61.51717945828329
epigenomics_1944_filterContams_219,20.512768476197667,61.973047189894714
epigenomics_1944_filterContams_220,19.87444661057379,72.50653540245273
epigenomics_1944_filterContams_221,22.448043217530916,64.42031047104165
epigenomics_1944_filterContams_222,19.8336800866154,60.58349096332408
epigenomics_1944_filterContams_223,24.27675837870941,62.957249841540396
epigenomics_1944_filterContams_224,24.9870480670155,64.27704785774789
epigenomics_1944_filterContams_225,22.165786975553733,55.00355715716488
epigenomics_1944_filterContams_226,21.92751529646378,71.3900856703227
epigenomics_1944_filterContams_227,15.910725827211653,60.465848286340304
epigenomics_1944_filterContams_228,19.169833157071793,63.912895628541634
epigenomics_1944_filterContams_229,17.72572758400289,62.38489503999959
epigenomics_1944_filterContams_230,23.16585113984978,60.3702846299232
epigenomics_1944_filterContams_231,20.83952057416656,74.65551473451686
epigenomics_1944_filterContams_232,20.922323363408452,54.13470824425113
epigenomics_1944_filterContams_233,17.66914212045546,74.06140392004691
epigenomics_1944_filterContams_234,20.116611351626744,62.446376619387166
epigenomics_1944_filterContams_235,23.289808280185564,78.47598666195492
epigenomics_1944_filterContams_236,20.373530359961315,67.2490258104956
epigenomics_1944_filterContams_237,21.350938284853882,64.02646813359603
epigenomics_1944_filterContams_238,18.075427322449038,66.19112171650843
epigenomics_1944_filterContams_239,21.76711086916049,71.27422595414383
epigenomics_1944_filterContams_240,14.194276896075332,48.96918761745177
epigenomics_1944_filterContams_241,12.63048643843695,60.95376959991416
epigenomics_1944_filterContams_242,16.00583248265461,72.32906402387862
epigenomics_1944_filterContams_243,16.13792998590226,71.67072740811487
epigenomics_1944_filterContams_244,19.51003526197296,70.92373178071902
epigenomics_1944_filterContams_245,22.388499642452846,69.33219162060072
epigenomics_1944_filterContams_246,20.83895479934001,59.56809152573414
epigenomics_1944_filterContams_247,22.75471039909089,69.99622975004237
epigenomics_1944_filterContams_248,19.012548077613722,67.2641235440293
epigenomics_1944_filterContams_249,21.502281751054426,70.12754852388687
epigenomics_1944_filterContams_250,22.76501645544161,73.69587808004904
epigenomics_1944_filterContams_251,14.83738898957871,67.55174506569688
epigenomics_1944_filterContams_252,26.366701051930967,67.51322798005184
epigenomics_1944_filterContams_253,17.46728791250337,52.000606082428305
epigenomics_1944_filterContams_254,23.066167700195805,61.02100212781007
epigenomics_1944_filterContams_255,17.166661177869408,66.40101827931947
epigenomics_1944_filterContams_256,16.371854201609324,75.9925064994737
epigenomics_1944_filterContams_257,17.716479506523946,58.57191445390134
epigenomics_1944_filterContams_258,20.073359269863836,68.10942022969881
epigenomics_1944_filterContams_259,22.12065063232545,65.24312698796344
epigenomics_1944_filterContams_260,23.050203427939095,67.33759163490272
epigenomics_1944_filterContams_261,19.787858890399008,66.64899735820333
epigenomics_1944_filterContams_262,18.896764176372383,70.10490577469135
epigenomics_1944_filterContams_263,15.80482213896228,60.382026372112335
epigenomics_1944_filterContams_264,20.52057972415801,74.63200413462926
epigenomics_1944_filterContams_265,20.373456109815024,65.40019651591652
epigenomics_1944_filterContams_266,15.696635715640982,50.73189626387201
epigenomics_1944_filterContams_267,16.027754192103476,43.856825877996236
epigenomics_1944_filterContams_268,22.872521762184803,63.333190976042836
epigenomics_1944_filterContams_269,21.204578657869213,76.43505188511844
epigenomics_1944_filterContams_270,19.957969295016145,77.5581581870441
epigenomics_1944_filterContams_271,18.993252399063767,61.10633540812845
epigenomics_1944_filterContams_272,15.3773879261243,74.1876846566439
epigenomics_1944_filterContams_273,19.420230443785428,73.58880299920266
epigenomics_1944_filterContams_274,21.88740822207928,70.56188345549573
epigenomics_1944_filterContams_275,20.583445723875197,69.55234398208165
epigenomics_1944_filterContams_276,19.993631348438022,71.01538836772204
epigenomics_1944_filterContams_277,22.655324299098154,90.68625928988298
epigenomics_1944_filterContams_278,20.12521989963778,59.435214877052275
epigenomics_1944_filterContams_279,19.97094037880712,60.55421030917375
epigenomics_1944_filterContams_280,15.921526933919282,71.08187992940995
epigenomics_1944_filterContams_281,24.648160276135087,75.56270500855862
epigenomics_1944_filterContams_282,29.15997812046966,68.32782336949005
epigenomics_1944_filterContams_283,23.381972820893402,59.399352233116865
epigenomics_1944_filterContams_284,20.20869926041681,67.30426951271085
epigenomics_1944_filterContams_285,18.719837713989225,64.66452861571476
epigenomics_1944_filterContams_286,19.784233254002036,52.98867978652173
epigenomics_1944_filterContams_287,23.54537035309806,68.32259149322797
epigenomics_1944_filterContams_288,16.220573554610308,74.18896444059182
epigenomics_1944_filterContams_289,20.568197670100908,57.63065683165661
epigenomics_1944_filterContams_290,17.868520352278424,54.939403198160434
epigenomics_1944_filterContams_291,23.074851224637683,62.57036278359919
epigenomics_1944_filterContams_292,18.026402676002572,60.08414506956466
epigenomics_1944_filterContams_293,28.743765324779154,59.35721255071068
epigenomics_1944_filterContams_294,20.963915429877687,66.41107205237877
epigenomics_1944_filterContams_295,20.521357298697783,68.09128652842061
epigenomics_1944_filterContams_296,19.947897841630382,51.693293675053475
epigenomics_1944_filterContams_297,22.136271452571275,68.56993672372876
epigenomics_1944_filterContams_298,14.620615719837405,64.25415725006195
epigenomics_1944_filterContams_299,27.23566590017463,76.35767828003635
epigenomics_1944_filterContams_300,24.192990258232985,69.0147440687431
epigenomics_1944_filterContams_301,23.339418674012745,72.15419627127812
epigenomics_1944_filterContams_302,18.721258363187548,57.32469573766316
epigenomics_1944_filterContams_303,20.54511806630778,67.37741453759568
epigenomics_1944_filterContams_304,19.06314197858768,49.74643727377641
epigenomics_1944_filterContams_305,15.469069528995249,64.44670664513392
epigenomics_1944_filterContams_306,21.2397855618797,72.97486985451575
epigenomics_1944_filterContams_307,23.75064674982074,69.91102398676571
epigenomics_1944_filterContams_308,16.380601267802007,36.78961250141947
epigenomics_1944_filterContams_309,24.517690926186724,69.5090839967605
epigenomics_1944_filterContams_310,21.93105764266363,65.07006817849812
epigenomics_1944_filterContams_311,17.320698149819755,45.294254279456524
epigenomics_1944_filterContams_312,16.299239532526308,60.76571238698527
epigenomics_1944_filterContams_313,18.51102069038292,66.59700385865483
epigenomics_1944_filterContams_314,18.09858234043604,67.79337794117515
epigenomics_1944_filterContams_315,16.970777371322974,58.76327491041298
epigenomics_1944_filterContams_316,20.04366498416474,57.38295719599722
epigenomics_1944_filterContams_317,23.061240992823947,64.89251162077979
epigenomics_1944_filterContams_318,17.644416709527803,64.73072318222202
epigenomics_1944_filterContams_319,18.499995604389976,57.250147246862134
epigenomics_1944_filterContams_320,19.464880750584932,66.53811884719005
epigenomics_1944_filterContams_321,17.208464145586703,66.65179492124143
epigenomics_1944_filterContams_322,20.085617397717627,68.09593505734803
epigenomics_1944_filterContams_323,17.116979173370815,66.92528093299592
epigenomics_1944_filterContams_324,21.286906010865312,65.2432400490982
epigenomics_1944_filterContams_325,21.406576931419266,61.53690019768674
epigenomics_1944_filterContams_326,21.039670952251186,47.489191409627665
epigenomics_1944_filterContams_327,20.276822418002908,61.33200309164585
epigenomics_1944_filterContams_328,19.158259931456364,64.51960889343883
epigenomics_1944_filterContams_329,21.111409359336612,62.94005401123409
epigenomics_1944_filterContams_330,21.778087036111625,44.08118803242775
epigenomics_1944_filterContams_331,19.119778007560036,74.59203701115224
epigenomics_1944_filterContams_332,22.831357899436085,76.72813776640098
epigenomics_1944_filterContams_333,18.690607949493334,57.01972807670518
epigenomics_1944_filterContams_334,19.07489242323345,71.82543576233618
epigenomics_1944_filterContams_335,17.35434541073615,59.06425478191413
epigenomics_1944_filterContams_336,22.691169722810237,85.90484613064532
epigenomics_1944_filterContams_337,18.97691770353225,46.74735066358647
epigenomics_1944_filterContams_338,20.257906875322583,80.40358365912569
epigenomics_1944_filterContams_339,19.062426379934607,64.13277097194573
epigenomics_1944_filterContams_340,15.833542340385545,49.87303731268851
epigenomics_1944_filterContams_341,17.20497019308327,63.47083064974124
epigenomics_1944_filterContams_342,20.071290622523147,53.92747422406815
epigenomics_1944_filterContams_343,19.7799791818615,55.72505262307961
epigenomics_1944_filterContams_344,18.19691584070123,65.97233295599797
epigenomics_1944_filterContams_345,15.361423847995226,62.37751352299985
epigenomics_1944_filterContams_346,18.82202023389634,54.701295613719324
epigenomics_1944_filterContams_347,21.170747804648773,62.11053717245672
epigenomics_1944_filterContams_348,23.457618369586896,73.39582800570298
epigenomics_1944_filterContams_349,19.611358526548493,54.69201878373067
epigenomics_1944_filterContams_350,21.097590638744443,68.53679446940005
epigenomics_1944_filterContams_351,27.07816635920642,60.51974765145737
epigenomics_1944_filterContams_352,24.99150113198033,54.9887602416885
epigenomics_1944_filterContams_353,20.724965802459792,61.54914621934459
epigenomics_1944_filterContams_354,22.185555694687395,69.46022675090424
epigenomics_1944_filterContams_355,21.917898987817473,73.12931511980096
epigenomics_1944_filterContams_356,19.139064823491392,68.76441119752462
epigenomics_1944_filterContams_357,18.357884623137572,82.70936769967885
epigenomics_1944_filterContams_358,22.643593741938403,68.64803502505016
epigenomics_1944_filterContams_359,20.72086761458647,68.33674419791551
epigenomics_1944_filterContams_360,21.326009215207648,75.19498975878568
epigenomics_1944_filterContams_361,16.352142099672523,65.45979622423263
epigenomics_1944_filterContams_362,21.217613150735183,60.40319527387796
epigenomics_1944_filterContams_363,22.609141176430533,62.74245063734093
epigenomics_1944_filterContams_364,19.75495953754695,73.1985196977316
epigenomics_1944_filterContams_365,16.18597770952656,59.193403619469784
epigenomics_1944_filterContams_366,18.725983210827174,72.6660908983165
epigenomics_1944_filterContams_367,20.276005213024384,59.29453276486024
epigenomics_1944_filterContams_368,21.435469646564222,71.96795880140436
epigenomics_1944_filterContams_369,21.879333579427172,75.63788804975545
epigenomics_1944_filterContams_370,24.31745622076616,67.29372182736164
epigenomics_1944_filterContams_371,19.69215309290231,65.19309927024315
epigenomics_1944_filterContams_372,25.857890238538936,70.70783013151978
epigenomics_1944_filterContams_373,22.10211355919008,59.61762960081172
epigenomics_1944_filterContams_374,18.6370679226556,59.22730709634241
epigenomics_1944_filterContams_375,18.215550440708483,75.04690142399974
epigenomics_1944_filterContams_376,17.769264479131184,72.27944326620444
epigenomics_1944_filterContams_377,22.80625599601137,76.112585353938
epigenomics_1944_filterContams_378,23.917888310496828,65.21370811324853
epigenomics_1944_filterContams_379,23.06796119325046,61.36975728698235
epigenomics_1944_filterContams_380,16.59529065731936,65.1763698737351
epigenomics_1944_filterContams_381,26.990045705756337,59.50309154588805
epigenomics_1944_filterContams_382,19.524346005255385,72.02409095876774
epigenomics_1944_filterContams_383,17.7338624664823,67.78757255507237
epigenomics_1944_filterContams_384,20.21845934192201,62.97374877883262
epigenomics_1944_filterContams_385,24.804136093934524,58.763605469445864
epigenomics_1944_filterContams_386,17.57031278233106,66.34331818857841
epigenomics_1944_filterContams_387,21.65989196457607,59.19707193593073
epigenomics_1944_filterContams_388,17.471136223463315,69.77868535480916
epigenomics_1944_filterContams_389,20.300952884531945,72.35174443619049
epigenomics_1944_filterContams_390,16.435245287086502,69.49392850354523
epigenomics_1944_filterContams_391,25.72687154435151,70.51083910579406
epigenomics_1944_filterContams_392,18.72674556562922,54.21776463919609
epigenomics_1944_filterContams_393,19.970198630994258,54.66817196660492
epigenomics_1944_filterContams_394,21.208590894640516,66.55565556730011
epigenomics_1944_filterContams_395,23.880906490964293,74.26657659523514
epigenomics_1944_filterContams_396,19.539750086926272,67.77224076344596
epigenomics_1944_filterContams_397,21.131542671612017,50.1387575490295
epigenomics_1944_filterContams_398,22.209095257999046,85.71080599910417
epigenomics_1944_filterContams_399,22.643759160645583,59.176426965886826
epigenomics_1944_filterContams_400,23.103011251833543,60.263487100954094
epigenomics_1944_filterContams_401,23.493499310996956,63.62368358446486
epigenomics_1944_filterContams_402,17.230468201769053,70.21805792926715
epigenomics_1944_filterContams_403,17.127496492799864,77.28412271576806
epigenomics_1944_filterContams_404,24.229802808975798,73.17807892210459
epigenomics_1944_filterContams_405,18.15908420263939,58.1403647717037
epigenomics_1944_filterContams_406,20.25606115899743,73.68231870290826
epigenomics_1944_filterContams_407,18.90884946101001,62.71903695884156
epigenomics_1944_filterContams_408,21.619059637513526,64.333957692979
epigenomics_1944_filterContams_409,18.592008189330464,66.8352935928186
epigenomics_1944_filterContams_410,23.001237590104438,56.174785131183796
epigenomics_1944_filterContams_411,15.625229030722073,69.10146921344636
epigenomics_1944_filterContams_412,20.646648453540084,65.98765154727268
epigenomics_1944_filterContams_413,15.224994918298542,50.39985352896528
epigenomics_1944_filterContams_414,20.9599415438644,74.51361093196147
epigenomics_1944_filterContams_415,15.999223021764484,64.48599444323871
epigenomics_1944_filterContams_416,21.072966493632773,62.48290203116081
epigenomics_1944_filterContams_417,14.34868968885151,68.19649610254375
epigenomics_1944_filterContams_418,15.79595371399725,74.11811858760633
epigenomics_1944_filterContams_419,20.41368008371812,63.496286448408966
epigenomics_1944_filterContams_420,15.105862974322308,50.28137510363864
epigenomics_1944_filterContams_421,20.5945297570844,63.392808718452656
epigenomics_1944_filterContams_422,22.154170745630847,46.32734004964908
epigenomics_1944_filterContams_423,13.741939533792072,57.69446314620807
epigenomics_1944_filterContams_424,21.847588259792282,59.81427655885206
epigenomics_1944_filterContams_425,21.565845690800995,57.62676119558652
epigenomics_1944_filterContams_426,20.924460083417674,60.86342559412205
epigenomics_1944_filterContams_427,18.71549579661083,68.99777034841341
epigenomics_1944_filterContams_428,24.746759846291173,63.160012738661166
epigenomics_1944_filterContams_429,21.091445570559348,62.05109095857998
epigenomics_1944_filterContams_430,21.2303798437937,68.89039188100384
epigenomics_1944_filterContams_431,18.794109921736492,63.10641045546779
epigenomics_1944_filterContams_432,21.14985535979507,59.27235682321431
epigenomics_1944_filterContams_433,21.135561009484356,50.62177558057745
epigenomics_1944_filterContams_434,14.421901912150366,58.478428736953504
epigenomics_1944_filterContams_435,20.232212734657114,66.22788458574371
epigenomics_1944_filterContams_436,28.582656863365003,63.028084468981305
epigenomics_1944_filterContams_437,21.92523316826847,71.40164853635437
epigenomics_1944_filterContams_438,19.731918385968754,62.30822944826433
epigenomics_1944_filterContams_439,17.710024276537798,59.65681621769783
epigenomics_1944_filterContams_440,20.42323817556763,66.0261467494176
epigenomics_1944_filterContams_441,16.17596198545266,63.44235427879963
epigenomics_1944_filterContams_442,16.58567252295194,58.115032459272115
epigenomics_1944_filterContams_443,23.821478281264078,72.54935358950094
epigenomics_1944_filterContams_444,19.50086688299443,35.07312659033066
epigenomics_1944_filterContams_445,20.615824404007466,53.998346045745976
epigenomics_1944_filterContams_446,25.0997489203311,70.58723699476856
epigenomics_1944_filterContams_447,18.01509608754913,70.84798965973906
epigenomics_1944_filterContams_448,20.632261315826472,65.10970476841808
epigenomics_1944_filterContams_449,24.885273997407175,62.806879651422236
epigenomics_1944_filterContams_450,19.964000424323732,66.5124742147389
epigenomics_1944_filterContams_451,19.4629738615047,76.27839080981387
epigenomics_1944_filterContams_452,20.131557621466072,60.050330406190035
epigenomics_1944_filterContams_453,15.269132645483733,75.58983094274625
epigenomics_1944_filterContams_454,16.152957588806352,65.2801860968312
epigenomics_1944_filterContams_455,15.468423805380805,60.474035633249215
epigenomics_1944_filterContams_456,20.36976733279691,68.10397810846477
epigenomics_1944_filterContams_457,22.110595646721464,69.8145167010019
epigenomics_1944_filterContams_458,22.55583592083579,71.99834131772643
epigenomics_1944_filterContams_459,20.98102948133709,66.8707434906515
epigenomics_1944_filterContams_460,23.253567027406703,54.70489419921573
epigenomics_1944_filterContams_461,19.43090387379762,73.80627805719507
epigenomics_1944_filterContams_462,19.750661351898035,73.03898327052856
epigenomics_1944_filterContams_463,19.965879756841826,58.738209660737006
epigenomics_1944_filterContams_464,21.86880021831583,67.01611055622098
epigenomics_1944_filterContams_465,20.437400083140222,62.00133421932303
epigenomics_1944_filterContams_466,18.9216627013586,73.26783441041411
epigenomics_1944_filterContams_467,19.549966224605498,71.71219958265591
epigenomics_1944_filterContams_468,23.208106888747185,70.77867877943858
epigenomics_1944_filterContams_469,21.77369671300259,75.67069617340547
epigenomics_1944_filterContams_470,17.037612374255303,70.03817948325681
epigenomics_1944_filterContams_471,15.74741833667628,72.12432107384545
epigenomics_1944_filterContams_472,22.97471148065757,71.20281227353641
epigenomics_1944_filterContams_473,24.48614178045871,63.632169945451416
epigenomics_1944_filterContams_474,20.591095013928673,68.0819123434446
epigenomics_1944_filterContams_475,20.471065500636676,70.2834145624654
epigenomics_1944_filterContams_476,21.037950310663167,57.03566824169748
epigenomics_1944_filterContams_477,20.028805856006226,63.230404091084964
epigenomics_1944_filterContams_478,12.705623887510995,69.96092454993149
epigenomics_1944_filterContams_479,22.58421071404394,66.56870737573297
epigenomics_1944_filterContams_480,20.61073628318295,69.7854872166594
epigenomics_1944_filterContams_481,18.57395575638153,66.08659198706935
epigenomics_1944_filterContams_482,15.613126462833225,62.07280955621682
epigenomics_1944_filterContams_483,21.038040695812477,78.44215114250002
epigenomics_1944_filterContams_484,15.069633399708888,72.3177410349355
epigenomics_1944_filterContams_485,12.355631455744414,54.115917472072056
epigenomics_1944_filterContams_486,20.659098800800223,58.77560681646833
epigenomics_1944_filterContams_487,23.042735030242504,53.254000062637445
epigenomics_1944_filterContams_488,23.559248731446196,77.48686662276711
epigenomics_1944_filterContams_489,16.488718260818022,71.00533849808136
epigenomics_1944_filterContams_490,11.770982916567805,48.26742243028267
epigenomics_1944_filterContams_491,22.3775745217104,63.46437400545898
epigenomics_1944_filterContams_492,20.317865556194814,71.91409952663759
epigenomics_1944_filterContams_493,22.03869540465928,56.105758606330156
epigenomics_1944_filterContams_494,21.934623353963524,75.26676704222761
epigenomics_1944_filterContams_495,23.393539809477527,61.893686822372565
epigenomics_1944_filterContams_496,22.39815414593878,51.13022120264023
epigenomics_1944_filterContams_497,25.89986430608988,63.99811343959446
epigenomics_1944_filterContams_498,20.10139081548826,71.59449850662318
epigenomics_1944_filterContams_499,22.21848555045974,71.74420681389488
epigenomics_1944_sol2sanger_0,80.83858444446439,32.22828603983369
epigenomics_1944_sol2sanger_1,72.5401663996926,43.80016565964332
epigenomics_1944_sol2sanger_2,85.43068491313709,42.94504069040339
epigenomics_1944_sol2sanger_3,87.40579287183986,67.45219859874159
epigenomics_1944_sol2sanger_4,84.1195989424711,49.91127390347949
epigenomics_1944_sol2sanger_5,72.65374323035769,37.46435760705354
epigenomics_1944_sol2sanger_6,82.2622163382694,38.10451919466367
epigenomics_1944_sol2sanger_7,78.18804689167591,37.252064552009315
epigenomics_1944_sol2sanger_8,78.76567022578381,41.308692061237466
epigenomics_1944_sol2sanger_9,80.2722115163142,46.43810216855322
epigenomics_1944_sol2sanger_10,75.62965885484826,47.47826114367963
epigenomics_1944_sol2sanger_11,72.76224980001612,46.64727668122316
epigenomics_1944_sol2sanger_12,89.76534174679782,59.433958945549506
epigenomics_1944_sol2sanger_13,79.16060664258438,29.139341428620114
epigenomics_1944_sol2sanger_14,78.10023500969902,53.341221431227346
epigenomics_1944_sol2sanger_15,79.54043967126593,40.62729710933847
epigenomics_1944_sol2sanger_16,89.26768973419615,49.35558569078922
epigenomics_1944_sol2sanger_17,79.65648935279827,44.90576313257868
epigenomics_1944_sol2sanger_18,82.07059217695385,41.3620103194122
epigenomics_1944_sol2sanger_19,77.97573070861154,45.10943599992627
epigenomics_1944_sol2sanger_20,75.16696997579321,42.5932126140646
epigenomics_1944_sol2sanger_21,84.95325570892693,50.09296865402588
epigenomics_1944_sol2sanger_22,71.51963588972514,41.808408581859034
epigenomics_1944_sol2sanger_23,81.80635916455518,47.186518723581884
epigenomics_1944_sol2sanger_24,90.69972417413747,45.30702908846901
epigenomics_1944_sol2sanger_25,84.16165200237829,46.60511299756718
epigenomics_1944_sol2sanger_26,82.32993399726432,48.00657428351634
epigenomics_1944_sol2sanger_27,88.83267547469796,46.020027542654844
epigenomics_1944_sol2sanger_28,70.1989695211345,57.244337345908484
epigenomics_1944_sol2sanger_29,83.65433798536327,44.603353105282174
epigenomics_1944_sol2sanger_30,82.97946332560933,42.903200940135896
epigenomics_1944_sol2sanger_31,81.18736434087961,63.287012758663394
epigenomics_1944_sol2sanger_32,90.36403264135248,49.3235468633799
epigenomics_1944_sol2sanger_33,69.6541034129354,30.291555101848452
epigenomics_1944_sol2sanger_34,81.12566973540814,36.69613263103217
epigenomics_1944_sol2sanger_35,74.57468302769213,21.60445545745066
epigenomics_1944_sol2sanger_36,83.66555154472587,50.69372228691571
epigenomics_1944_sol2sanger_37,76.67233646906213,50.3273130857673
epigenomics_1944_sol2sanger_38,79.20451444476043,45.47649474066539
epigenomics_1944_sol2sanger_39,84.21571554071083,40.511857601113455
epigenomics_1944_sol2sanger_40,80.2835761586892,55.559379404783805
epigenomics_1944_sol2sanger_41,80.6381989381951,46.622252393360135
epigenomics_1944_sol2sanger_42,83.9231792688591,43.02682610340691
epigenomics_1944_sol2sanger_43,76.4656289528726,51.75929074194558
epigenomics_1944_sol2sanger_44,76.99936821117981,46.26365721308149
epigenomics_1944_sol2sanger_45,81.6905048905075,40.933583871021106
epigenomics_1944_sol2sanger_46,82.11942034538973,49.47872899487222
epigenomics_1944_sol2sanger_47,78.75756738809868,51.50843226083104
epigenomics_1944_sol2sanger_48,74.26824506085542,52.91571224715021
epigenomics_1944_sol2sanger_49,81.37057288883061,47.63638258782231
epigenomics_1944_sol2sanger_50,70.84544575380778,44.79408867099555
epigenomics_1944_sol2sanger_51,80.43511660562532,47.23638092015093
epigenomics_1944_sol2sanger_52,74.67052306653538,53.94596341698914
epigenomics_1944_sol2sanger_53,83.7190189319652,47.25054616958467
epigenomics_1944_sol2sanger_54,72.0493808783606,39.20287746706742
epigenomics_1944_sol2sanger_55,89.26990114774676,43.30610631663158
epigenomics_1944_sol2sanger_56,84.35809627030008,46.47978424770038
epigenomics_1944_sol2sanger_57,75.39868103463094,46.661430314900265
epigenomics_1944_sol2sanger_58,88.02569277011213,36.185735476744895
epigenomics_1944_sol2sanger_59,82.39252783799257,49.89836600917115
epigenomics_1944_sol2sanger_60,85.6709985321268,44.99573206173512
epigenomics_1944_sol2sanger_61,80.33977079251866,43.44614701812953
epigenomics_1944_sol2sanger_62,85.20232889937736,40.87093513818753
epigenomics_1944_sol2sanger_63,77.96208489136527,25.20379830492737
epigenomics_1944_sol2sanger_64,76.42111978502055,47.08960793475458
epigenomics_1944_sol2sanger_65,71.94259174311017,43.12689874773774
epigenomics_1944_sol2sanger_66,88.52687610035842,36.32780616323929
epigenomics_1944_sol2sanger_67,80.11984747454126,44.55925052781901
epigenomics_1944_sol2sanger_68,81.30349240545452,40.85489095281358
epigenomics_1944_sol2sanger_69,78.78222305160692,36.01957223969897
epigenomics_1944_sol2sanger_70,80.44949952049241,46.18660305468522
epigenomics_1944_sol2sanger_71,73.86659919102796,51.89159046017608
epigenomics_1944_sol2sanger_72,87.43072622392813,39.90105561705753
epigenomics_1944_sol2sanger_73,82.79707537575554,49.31072579750165
epigenomics_1944_sol2sanger_74,75.7754947536684,50.51622555510113
epigenomics_1944_sol2sanger_75,76.02370433225346,55.83982558652486
epigenomics_1944_sol2sanger_76,79.26275022597764,48.49206022339721
epigenomics_1944_sol2sanger_77,87.53021744882787,55.98864216657366
epigenomics_1944_sol2sanger_78,84.60090169271399,51.28592118134261
epigenomics_1944_sol2sanger_79,80.9383763667102,52.8414231081399
epigenomics_1944_sol2sanger_80,82.20091683797986,45.10036316945215
epigenomics_1944_sol2sanger_81,75.22364861078147,46.5181225154529
epigenomics_1944_sol2sanger_82,81.49649486899756,49.91213996966465
epigenomics_1944_sol2sanger_83,82.24172831272702,38.34697352541258
epigenomics_1944_sol2sanger_84,77.84233663469259,40.60045008552882
epigenomics_1944_sol2sanger_85,84.63273332911153,66.5712519966589
epigenomics_1944_sol2sanger_86,81.35047774704968,38.35608787721056
epigenomics_1944_sol2sanger_87,80.28249018598328,50.365664042973215
epigenomics_1944_sol2sanger_88,86.66400846106319,44.35900357666796
epigenomics_1944_sol2sanger_89,80.80032915380514,48.06822898091678
epigenomics_1944_sol2sanger_90,85.18134970343925,41.8988727425496
epigenomics_1944_sol2sanger_91,78.28097449598344,50.277302560336004
epigenomics_1944_sol2sanger_92,76.11070683565488,50.719019207630204
epigenomics_1944_sol2sanger_93,88.14026872472688,43.97627734303337
epigenomics_1944_sol2sanger_94,74.20774470944114,55.71226395463009
epigenomics_1944_sol2sanger_95,79.28308398989856,34.31894869393554
epigenomics_1944_sol2sanger_96,90.83658928877291,39.007972232629385
epigenomics_1944_sol2sanger_97,77.61710768323448,39.55894648428051
epigenomics_1944_sol2sanger_98,74.85944562450128,44.23071670156659
epigenomics_1944_sol2sanger_99,82.56654689103,45.40321573578304
epigenomics_1944_sol2sanger_100,75.19614773185877,56.206298626623294
epigenomics_1944_sol2sanger_101,74.2861555954437,34.60682858012543
epigenomics_1944_sol2sanger_102,78.30837063921162,41.36668061039167
epigenomics_1944_sol2sanger_103,82.51433502831841,46.93908114146867
epigenomics_1944_sol2sanger_104,75.52484234540518,57.96063507295746
epigenomics_1944_sol2sanger_105,80.62524485975081,31.61085274435427
epigenomics_1944_sol2sanger_106,80.18700206132229,56.38644054613083
epigenomics_1944_sol2sanger_107,80.79036742947872,42.999394558508165
epigenomics_1944_sol2sanger_108,78.00188154007832,37.77635862021613
epigenomics_1944_sol2sanger_109,85.90633819350684,46.07557553633496
epigenomics_1944_sol2sanger_110,82.34360661560586,35.76400923608567
epigenomics_1944_sol2sanger_111,80.74457793911819,52.619766760959315
epigenomics_1944_sol2sanger_112,81.46802959409698,42.79838994426627
epigenomics_1944_sol2sanger_113,71.23284351386192,39.12677769704086
epigenomics_1944_sol2sanger_114,79.56052919580894,31.23599515564193
epigenomics_1944_sol2sanger_115,86.99209231692916,41.282134650285265
epigenomics_1944_sol2sanger_116,88.87264539372492,44.465549346340545
epigenomics_1944_sol2sanger_117,76.85712751243585,50.57273217862707
epigenomics_1944_sol2sanger_118,82.98932180725927,30.534129431139302
epigenomics_1944_sol2sanger_119,76.66728928205183,54.12766716795636
epigenomics_1944_sol2sanger_120,82.21106539130484,40.52695580708575
epigenomics_1944_sol2sanger_121,82.02059574231689,41.94000086366888
epigenomics_1944_sol2sanger_122,82.2253951140339,46.51479246551179
epigenomics_1944_sol2sanger_123,75.42063498991712,42.61815893281474
epigenomics_1944_sol2sanger_124,85.76712310856915,46.870655531153886
epigenomics_1944_sol2sanger_125,81.71169697055603,42.64185364341627
epigenomics_1944_sol2sanger_126,74.85059253510933,48.86600101922138
epigenomics_1944_sol2sanger_127,84.17881649046768,46.17702147781148
epigenomics_1944_sol2sanger_128,75.5339296971599,51.657423950790054
epigenomics_1944_sol2sanger_129,74.50359851894794,39.569161626131724
epigenomics_1944_sol2sanger_130,81.32618998883852,35.43664401494684
epigenomics_1944_sol2sanger_131,82.42298599868154,17.09501431316803
epigenomics_1944_sol2sanger_132,87.1300053563651,51.23294448740405
epigenomics_1944_sol2sanger_133,77.12598171291329,49.448158415694564
epigenomics_1944_sol2sanger_134,87.4013749831839,53.3837641033864
epigenomics_1944_sol2sanger_135,73.86297877838476,46.1160975639849
epigenomics_1944_sol2sanger_136,85.06927682068574,44.97224486200247
epigenomics_1944_sol2sanger_137,86.05254379616824,48.132438213917354
epigenomics_1944_sol2sanger_138,75.40809625600774,35.007451329252596
epigenomics_1944_sol2sanger_139,72.2837498719275,37.12152392660216
epigenomics_1944_sol2sanger_140,85.58996722684019,47.04956454355341
epigenomics_1944_sol2sanger_141,76.51429141017833,58.97119026385322
epigenomics_1944_sol2sanger_142,78.69506584039252,36.68021527082502
epigenomics_1944_sol2sanger_143,79.0593458134964,45.13068782032182
epigenomics_1944_sol2sanger_144,84.27938811167924,62.2657408305096
epigenomics_1944_sol2sanger_145,81.15184613362759,42.81760127905331
epigenomics_1944_sol2sanger_146,73.59214584629959,40.523551122855935
epigenomics_1944_sol2sanger_147,78.58114534084974,43.73334540185149
epigenomics_1944_sol2sanger_148,73.40367300278655,36.10406724774831
epigenomics_1944_sol2sanger_149,85.92004620262098,43.17431602195779
epigenomics_1944_sol2sanger_150,84.40727640578906,41.628094996972656
epigenomics_1944_sol2sanger_151,84.52874654450031,35.255919404408374
epigenomics_1944_sol2sanger_152,76.09564858517885,49.63418199384063
epigenomics_1944_sol2sanger_153,68.38779965071119,39.06045948376473
epigenomics_1944_sol2sanger_154,82.54315676552775,44.81275080553233
epigenomics_1944_sol2sanger_155,78.03449592773362,52.61001378582419
epigenomics_1944_sol2sanger_156,81.27815287297803,59.283493498015076
epigenomics_1944_sol2sanger_157,74.92905099805512,45.18969224816318
epigenomics_1944_sol2sanger_158,78.46666655181002,33.8153438483707
epigenomics_1944_sol2sanger_159,89.50560183421622,38.98714743218722
epigenomics_1944_sol2sanger_160,85.2573663667227,48.297461879818044
epigenomics_1944_sol2sanger_161,72.67642230183485,41.59881852521926
epigenomics_1944_sol2sanger_162,81.30822126745976,33.53072366794424
epigenomics_1944_sol2sanger_163,88.07272533539526,39.26133806247332
epigenomics_1944_sol2sanger_164,76.0013613121631,36.77820199996251
epigenomics_1944_sol2sanger_165,86.99514361514795,49.09879005610954
epigenomics_1944_sol2sanger_166,86.29149515981372,48.98481440516785
epigenomics_1944_sol2sanger_167,83.82137574830196,41.1601730471429
epigenomics_1944_sol2sanger_168,85.32804343228739,53.14114001612981
epigenomics_1944_sol2sanger_169,80.69559643969264,53.85658307337716
epigenomics_1944_sol2sanger_170,84.51706789409153,42.39719154707606
epigenomics_1944_sol2sanger_171,71.38399999664249,40.98557583111577
epigenomics_1944_sol2sanger_172,75.1872073631242,58.68845060388697
epigenomics_1944_sol2sanger_173,77.82305815916568,35.813238958397065
epigenomics_1944_sol2sanger_174,73.92104928962044,30.36043344825452
epigenomics_1944_sol2sanger_175,88.3971783615203,44.32952557462485
epigenomics_1944_sol2sanger_176,81.81331397134802,38.895322146275326
epigenomics_1944_sol2sanger_177,77.05019989503957,58.17971975875389
epigenomics_1944_sol2sanger_178,71.57593831133448,40.89663993528707
epigenomics_1944_sol2sanger_179,69.64994057911802,35.81490421890275
epigenomics_1944_sol2sanger_180,76.1296278576763,41.10071751908511
epigenomics_1944_sol2sanger_181,81.39306822740772,43.065862911441386
epigenomics_1944_sol2sanger_182,84.19270061382119,53.134415046356644
epigenomics_1944_sol2sanger_183,78.7541437007815,45.937714080926504
epigenomics_1944_sol2sanger_184,86.17964196643456,41.801640912867235
epigenomics_1944_sol2sanger_185,80.7997049458493,39.59288935925958
epigenomics_1944_sol2sanger_186,82.73113644709497,37.5898994017369
epigenomics_1944_sol2sanger_187,83.92556629724302,51.80794417317626
epigenomics_1944_sol2sanger_188,79.976199616848,29.82872015399272
epigenomics_1944_sol2sanger_189,76.68057267592974,50.53823348606311
epigenomics_1944_sol2sanger_190,85.36484440041895,36.65277906039895
epigenomics_1944_sol2sanger_191,77.54286739588066,36.83261217999761
epigenomics_1944_sol2sanger_192,89.79474247085852,48.01421431542554
epigenomics_1944_sol2sanger_193,78.97592184159885,57.33977809328681
epigenomics_1944_sol2sanger_194,79.72412275988206,46.31990053989551
epigenomics_1944_sol2sanger_195,77.58651964738416,51.20991205885103
epigenomics_1944_sol2sanger_196,72.265785048742,51.7779575225056
epigenomics_1944_sol2sanger_197,73.18160843268961,43.10789208912873
epigenomics_1944_sol2sanger_198,81.76343767213278,34.54561393532457
epigenomics_1944_sol2sanger_199,82.66534115741658,32.63338293395734
epigenomics_1944_sol2sanger_200,83.03269226940449,49.88335644048391
epigenomics_1944_sol2sanger_201,80.6555673967152,47.276011968409534
epigenomics_1944_sol2sanger_202,81.31619581833114,56.448238553921826
epigenomics_1944_sol2sanger_203,74.22148743287131,50.5319429550977
epigenomics_1944_sol2sanger_204,73.92453144634818,46.975673453255304
epigenomics_1944_sol2sanger_205,81.18276287613652,47.924598105830846
epigenomics_1944_sol2sanger_206,80.93416703741056,46.3033356045816
epigenomics_1944_sol2sanger_207,81.29061898256705,49.31615190985704
epigenomics_1944_sol2sanger_208,74.95365414179163,34.71511359332922
epigenomics_1944_sol2sanger_209,80.44567372802199,51.14910049825236
epigenomics_1944_sol2sanger_210,77.95749371221228,40.16146021732278
epigenomics_1944_sol2sanger_211,90.87380335986424,52.98318294344102
epigenomics_1944_sol2sanger_212,80.09506017535972,33.51861188266712
epigenomics_1944_sol2sanger_213,95.06633153631515,39.01027393157272
epigenomics_1944_sol2sanger_214,70.9479394655686,40.878373520019146
epigenomics_1944_sol2sanger_215,73.18800484361444,33.68529368149806
epigenomics_1944_sol2sanger_216,74.34417219448721,49.68728971208964
epigenomics_1944_sol2sanger_217,83.27769612335678,47.82416746981859
epigenomics_1944_sol2sanger_218,78.71224870398666,35.840541803544276
epigenomics_1944_sol2sanger_219,76.95456103133182,50.922629813841766
epigenomics_1944_sol2sanger_220,85.10455381556463,45.84984865145634
epigenomics_1944_sol2sanger_221,85.61719213492192,47.32251464562677
epigenomics_1944_sol2sanger_222,88.43973196709076,57.10867224358982
epigenomics_1944_sol2sanger_223,77.39284238572435,56.34893459425334
epigenomics_1944_sol2sanger_224,81.11135985230803,54.62545286065665
epigenomics_1944_sol2sanger_225,77.34183332906832,54.6282011177269
epigenomics_1944_sol2sanger_226,79.34342035307414,44.736173907997276
epigenomics_1944_sol2sanger_227,80.55162673113274,42.62522100853759
epigenomics_1944_sol2sanger_228,79.58073802866684,43.67372702873405
epigenomics_1944_sol2sanger_229,93.57460982503478,37.13123138736636
epigenomics_1944_sol2sanger_230,78.13349565879773,24.569265922654292
epigenomics_1944_sol2sanger_231,83.16201581454423,39.65488380737949
epigenomics_1944_sol2sanger_232,75.0710081343979,38.2130163084137
epigenomics_1944_sol2sanger_233,78.08713926519252,52.198500577316636
epigenomics_1944_sol2sanger_234,89.47936271698256,45.29323631102639
epigenomics_1944_sol2sanger_235,91.00459660637783,40.173574862534664
epigenomics_1944_sol2sanger_236,82.74644516957653,31.966052495253216
epigenomics_1944_sol2sanger_237,80.2392737959891,54.177420629198416
epigenomics_1944_sol2sanger_238,73.64324550991122,44.09979371188362
epigenomics_1944_sol2sanger_239,73.7406317437678,52.594689973567256
epigenomics_1944_sol2sanger_240,79.1462039746297,49.152966267613024
epigenomics_1944_sol2sanger_241,82.48861291431581,32.422024141407704
epigenomics_1944_sol2sanger_242,80.71377411317505,39.718350305875674
epigenomics_1944_sol2sanger_243,67.13675435977956,49.104162067130716
epigenomics_1944_sol2sanger_244,73.76199028675177,39.017163559465345
epigenomics_1944_sol2sanger_245,75.93143962765691,44.351125553125456
epigenomics_1944_sol2sanger_246,76.56957523419761,29.327960653947923
epigenomics_1944_sol2sanger_247,80.95953886976075,33.34777740181078
epigenomics_1944_sol2sanger_248,81.44038478699676,51.01942860243166
epigenomics_1944_sol2sanger_249,85.69139360043509,47.67403143321596
epigenomics_1944_sol2sanger_250,80.09546985354801,59.29458465589995
epigenomics_1944_sol2sanger_251,81.2242800153482,35.85299617868003
epigenomics_1944_sol2sanger_252,76.40749127609351,47.045880868507666
epigenomics_1944_sol2sanger_253,82.44777304530868,34.61926314504302
epigenomics_1944_sol2sanger_254,83.00545676179846,51.5551666315208
epigenomics_1944_sol2sanger_255,73.67683414453182,57.01142523568794
epigenomics_1944_sol2sanger_256,83.8835699572939,51.13296701283611
epigenomics_1944_sol2sanger_257,70.64615864692288,53.6962090424331
epigenomics_1944_sol2sanger_258,85.73622560016629,48.81947917156799
epigenomics_1944_sol2sanger_259,74.38071044384873,42.372285354547635
epigenomics_1944_sol2sanger_260,83.99830940453697,44.74162111036033
epigenomics_1944_sol2sanger_261,82.07581473810095,41.45712538910859
epigenomics_1944_sol2sanger_262,81.1417663790636,41.23412382301553
epigenomics_1944_sol2sanger_263,79.11789553745929,38.431827283208314
epigenomics_1944_sol2sanger_264,70.47310590405331,36.097524123889556
epigenomics_1944_sol2sanger_265,84.66570722352014,56.59516722751426
epigenomics_1944_sol2sanger_266,86.24971800832846,30.6464613769138
epigenomics_1944_sol2sanger_267,73.32690944147288,32.94325842300564
epigenomics_1944_sol2sanger_268,83.35833814102016,37.86886069640967
epigenomics_1944_sol2sanger_269,77.6416137640227,39.619172968363486
epigenomics_1944_sol2sanger_270,78.24154840329946,39.70009169631659
epigenomics_1944_sol2sanger_271,83.81430992171349,31.596032475076065
epigenomics_1944_sol2sanger_272,72.41460766371858,45.22417254607894
epigenomics_1944_sol2sanger_273,78.98294030844083,51.492371257188296
epigenomics_1944_sol2sanger_274,71.24363058620554,36.05966208507615
epigenomics_1944_sol2sanger_275,79.69942431670692,36.96344640085675
epigenomics_1944_sol2sanger_276,79.02654695623343,34.78801993170618
epigenomics_1944_sol2sanger_277,81.21337094182044,48.97520063339118
epigenomics_1944_sol2sanger_278,80.42504782123063,27.855042654266374
epigenomics_1944_sol2sanger_279,81.47684340355737,49.92829843135114
epigenomics_1944_sol2sanger_280,90.33458243375051,43.27258772850585
epigenomics_1944_sol2sanger_281,93.65566830673208,37.78152160734706
epigenomics_1944_sol2sanger_282,80.63251219611598,45.74661356305433
epigenomics_1944_sol2sanger_283,77.56120264954943,43.561779429961916
epigenomics_1944_sol2sanger_284,78.97235339214421,49.84751890627378
epigenomics_1944_sol2sanger_285,80.25879007291911,34.72883929909015
epigenomics_1944_sol2sanger_286,71.30839259587356,29.366246963440176
epigenomics_1944_sol2sanger_287,77.58360931743125,45.84759295993759
epigenomics_1944_sol2sanger_288,83.23037212651991,49.21545651108928
epigenomics_1944_sol2sanger_289,74.27533668879609,49.17042068321969
epigenomics_1944_sol2sanger_290,76.0898164096646,53.11576098168428
epigenomics_1944_sol2sanger_291,89.99530854996948,49.964567207506185
epigenomics_1944_sol2sanger_292,75.80871915378015,45.79273148393912
epigenomics_1944_sol2sanger_293,80.2690986898471,44.88409211731628
epigenomics_1944_sol2sanger_294,85.78676056804969,47.80581253074892
epigenomics_1944_sol2sanger_295,77.37440846532198,31.88547043830342
epigenomics_1944_sol2sanger_296,70.87940099040837,45.77591743165498
epigenomics_1944_sol2sanger_297,84.50804209633819,41.7689017930714
epigenomics_1944_sol2sanger_298,84.81374511690157,42.07403467767511
epigenomics_1944_sol2sanger_299,83.74453983427523,41.17372091214246
epigenomics_1944_sol2sanger_300,75.00215447835724,49.469237500156304
epigenomics_1944_sol2sanger_301,83.26797268275641,52.378293477116564
epigenomics_1944_sol2sanger_302,82.80971010563098,43.32679481806263
epigenomics_1944_sol2sanger_303,81.65907515760135,45.84632503411398
epigenomics_1944_sol2sanger_304,83.57949828329055,34.48535147032452
epigenomics_1944_sol2sanger_305,84.93043323417459,39.062853423215316
epigenomics_1944_sol2sanger_306,85.91408409171467,43.713581195017845
epigenomics_1944_sol2sanger_307,86.19045424106375,50.84444315787549
epigenomics_1944_sol2sanger_308,86.80371038469178,61.82151156711144
epigenomics_1944_sol2sanger_309,80.44835466748884,39.92204189323663
epigenomics_1944_sol2sanger_310,71.62132248487937,26.44877320540965
epigenomics_1944_sol2sanger_311,83.11928891397405,43.37955596787087
epigenomics_1944_sol2sanger_312,69.09797586042065,50.491789726627054
epigenomics_1944_sol2sanger_313,82.76605509901249,30.828212348212176
epigenomics_1944_sol2sanger_314,79.83995217530911,47.63211954296668
epigenomics_1944_sol2sanger_315,77.60718944629349,29.766250412626906
epigenomics_1944_sol2sanger_316,80.72174187775991,39.1982867384326
epigenomics_1944_sol2sanger_317,83.03563655794514,35.22721962312375
epigenomics_1944_sol2sanger_318,80.14779717661119,58.71535752327816
epigenomics_1944_sol2sanger_319,81.54429369214465,50.426513763761996
epigenomics_1944_sol2sanger_320,84.31954473882037,46.8504232569542
epigenomics_1944_sol2sanger_321,80.58805047583174,50.1317343384583
epigenomics_1944_sol2sanger_322,82.35104282036598,64.14028351425372
epigenomics_1944_sol2sanger_323,87.24507355300837,26.97060043436219
epigenomics_1944_sol2sanger_324,80.41308397136922,33.110877491727294
epigenomics_1944_sol2sanger_325,77.20918101737128,55.25586521563539
epigenomics_1944_sol2sanger_326,78.7176101394491,46.856243286407135
epigenomics_1944_sol2sanger_327,86.11772586254244,45.84848804519324
epigenomics_1944_sol2sanger_328,80.30300861345331,51.92952176789691
epigenomics_1944_sol2sanger_329,82.37297863873282,27.401644502140066
epigenomics_1944_sol2sanger_330,76.3873277614275,42.94457298692775
epigenomics_1944_sol2sanger_331,71.3185747986166,34.48745306973406
epigenomics_1944_sol2sanger_332,86.62810882220498,40.10929535539716
epigenomics_1944_sol2sanger_333,80.81430704868238,51.538321939565975
epigenomics_1944_sol2sanger_334,86.52537589614889,51.21282924497382
epigenomics_1944_sol2sanger_335,74.61609869168637,41.69721685513183
epigenomics_1944_sol2sanger_336,82.2700141564754,42.928017962495105
epigenomics_1944_sol2sanger_337,79.31547519033187,39.064213818198596
epigenomics_1944_sol2sanger_338,78.00054109230435,41.519811805027224
epigenomics_1944_sol2sanger_339,82.79401602902661,47.544326323054236
epigenomics_1944_sol2sanger_340,79.49608787083736,47.78801932162489
epigenomics_1944_sol2sanger_341,83.28736874937677,47.69528664321534
epigenomics_1944_sol2sanger_342,85.15487073031456,46.74677466568245
epigenomics_1944_sol2sanger_343,76.15090255852711,43.57383886302619
epigenomics_1944_sol2sanger_344,76.43751558833429,62.56654597571126
epigenomics_1944_sol2sanger_345,80.37656322585559,36.854383727603086
epigenomics_1944_sol2sanger_346,77.50613379900743,61.76112727224393
epigenomics_1944_sol2sanger_347,80.68479233880576,56.659115639518774
epigenomics_1944_sol2sanger_348,64.62303052075757,41.99800891198732
epigenomics_1944_sol2sanger_349,82.54760935305309,44.42716451638814
epigenomics_1944_sol2sanger_350,81.44618342047598,41.43578348359337
epigenomics_1944_sol2sanger_351,88.17018340282439,42.18361133654395
epigenomics_1944_sol2sanger_352,68.76633570723625,42.716792117976894
epigenomics_1944_sol2sanger_353,74.69371595387244,44.09011816594169
epigenomics_1944_sol2sanger_354,82.87589077161829,48.181302331870576
epigenomics_1944_sol2sanger_355,74.11784858141547,37.18762429760116
epigenomics_1944_sol2sanger_356,85.84379988118087,48.06831809721686
epigenomics_1944_sol2sanger_357,75.35126506552945,38.87290077404477
epigenomics_1944_sol2sanger_358,78.52308346584718,59.8152253146904
epigenomics_1944_sol2sanger_359,82.8757943165335,48.70649005696325
epigenomics_1944_sol2sanger_360,81.86837013622872,53.644580734485395
epigenomics_1944_sol2sanger_361,80.32188387771676,45.90362746616195
epigenomics_1944_sol2sanger_362,72.7000014715812,43.119925866705856
epigenomics_1944_sol2sanger_363,84.47239252590603,39.62075535311625
epigenomics_1944_sol2sanger_364,76.70452472247496,43.802681466722014
epigenomics_1944_sol2sanger_365,75.68584651026853,47.612242854116985
epigenomics_1944_sol2sanger_366,70.58661924607436,59.705709062243905
epigenomics_1944_sol2sanger_367,85.02309717318131,35.035281992504295
epigenomics_1944_sol2sanger_368,81.50483263862732,42.58646558594425
epigenomics_1944_sol2sanger_369,77.92931378016658,42.64115899481704
epigenomics_1944_sol2sanger_370,77.11257631043036,54.10606112255732
epigenomics_1944_sol2sanger_371,83.58991172352441,31.18463754428082
epigenomics_1944_sol2sanger_372,78.56539985719857,46.18367467649119
epigenomics_1944_sol2sanger_373,75.44993431662941,36.90309819692341
epigenomics_1944_sol2sanger_374,83.8492430421819,34.890198492463135
epigenomics_1944_sol2sanger_375,84.37092181832118,39.77481997785373
epigenomics_1944_sol2sanger_376,86.01943021881351,36.52559072395788
epigenomics_1944_sol2sanger_377,77.08075999378589,35.78638444954299
epigenomics_1944_sol2sanger_378,82.08814095310126,48.13604949401298
epigenomics_1944_sol2sanger_379,80.779612092923,46.12118989296675
epigenomics_1944_sol2sanger_380,83.57880925927826,36.10014055375247
epigenomics_1944_sol2sanger_381,75.02360307926878,46.33349018104068
epigenomics_1944_sol2sanger_382,77.39630177505595,30.219985773916086
epigenomics_1944_sol2sanger_383,88.34545523616143,52.50455729098353
epigenomics_1944_sol2sanger_384,81.47182034224626,30.246190799827893
epigenomics_1944_sol2sanger_385,83.98398689530025,55.553694975551565
epigenomics_1944_sol2sanger_386,73.78926615498233,39.719065169032994
epigenomics_1944_sol2sanger_387,80.79500977239731,45.89044156668977
epigenomics_1944_sol2sanger_388,79.24246043807973,35.94446770038671
epigenomics_1944_sol2sanger_389,75.00546372934878,48.09950489450809
epigenomics_1944_sol2sanger_390,86.55328656451879,40.97436564389903
epigenomics_1944_sol2sanger_391,81.10729684250455,39.983701842016586
epigenomics_1944_sol2sanger_392,73.77427550983002,28.26896264837605
epigenomics_1944_sol2sanger_393,74.79810499269036,43.1378900853274
epigenomics_1944_sol2sanger_394,81.18029531050509,57.94873242538381
epigenomics_1944_sol2sanger_395,81.31936845388829,46.70418389350703
epigenomics_1944_sol2sanger_396,80.6159123515194,46.87519845168883
epigenomics_1944_sol2sanger_397,76.23917050276053,50.62256704748186
epigenomics_1944_sol2sanger_398,80.4146192139615,38.06516308317292
epigenomics_1944_sol2sanger_399,83.87925139680729,57.859596270400985
epigenomics_1944_sol2sanger_400,87.21211482438783,40.3945968629795
epigenomics_1944_sol2sanger_401,83.04608657401913,46.21457040667417
epigenomics_1944_sol2sanger_402,79.51714759905488,39.611647924005034
epigenomics_1944_sol2sanger_403,77.88012336580096,51.16615393103406
epigenomics_1944_sol2sanger_404,74.95475806251218,52.48345913391806
epigenomics_1944_sol2sanger_405,80.75153388619603,38.676295647184126
epigenomics_1944_sol2sanger_406,83.36603321923941,60.65992587663188
epigenomics_1944_sol2sanger_407,76.43645712660285,57.73371080013987
epigenomics_1944_sol2sanger_408,75.97768561404087,42.135884579832464
epigenomics_1944_sol2sanger_409,84.31930090219531,53.98903403836578
epigenomics_1944_sol2sanger_410,82.38391974694753,44.953929995279275
epigenomics_1944_sol2sanger_411,77.65875058985544,40.28861487434431
epigenomics_1944_sol2sanger_412,83.20869190382868,49.27961693230706
epigenomics_1944_sol2sanger_413,76.83612885499463,33.70299057436072
epigenomics_1944_sol2sanger_414,79.39530276083845,43.706827931180804
epigenomics_1944_sol2sanger_415,82.77005886373195,52.72915752812646
epigenomics_1944_sol2sanger_416,85.9183237408916,51.34163398222274
epigenomics_1944_sol2sanger_417,80.49704143126593,53.3244014049141
epigenomics_1944_sol2sanger_418,79.64019714324454,54.988355520106154
epigenomics_1944_sol2sanger_419,75.99934286088718,33.90131152532184
epigenomics_1944_sol2sanger_420,82.03490860329885,39.632222393812064
epigenomics_1944_sol2sanger_421,78.00193555899196,33.35702287756462
epigenomics_1944_sol2sanger_422,89.06736462428731,47.45260144930788
epigenomics_1944_sol2sanger_423,84.52612436494971,33.498146462888585
epigenomics_1944_sol2sanger_424,79.29802315084056,51.88818667483355
epigenomics_1944_sol2sanger_425,88.73617846795484,39.88338565072517
epigenomics_1944_sol2sanger_426,70.64470469245444,47.10127325376664
epigenomics_1944_sol2sanger_427,72.08035120840813,47.38942058577119
epigenomics_1944_sol2sanger_428,75.66362383037303,35.92966064608521
epigenomics_1944_sol2sanger_429,79.02620976539565,53.969532426441305
epigenomics_1944_sol2sanger_430,80.5887959840635,24.42347938984454
epigenomics_1944_sol2sanger_431,89.38129489489924,31.067871556882757
epigenomics_1944_sol2sanger_432,80.56168542847186,29.475217163446594
epigenomics_1944_sol2sanger_433,81.76126364193206,56.127876347921344
epigenomics_1944_sol2sanger_434,80.15846910894423,52.97164161781037
epigenomics_1944_sol2sanger_435,83.68725454628496,41.12779519875681
epigenomics_1944_sol2sanger_436,82.2323061810594,52.134108217894756
epigenomics_1944_sol2sanger_437,74.36151987759548,47.062498078857544
epigenomics_1944_sol2sanger_438,79.01316367116307,57.31458150455798
epigenomics_1944_sol2sanger_439,87.02431045037612,45.36260839685774
epigenomics_1944_sol2sanger_440,87.30343928629068,42.43362200118712
epigenomics_1944_sol2sanger_441,82.55686179377238,47.35616245019299
epigenomics_1944_sol2sanger_442,78.94949523140937,52.89583576900704
epigenomics_1944_sol2sanger_443,78.51421142211942,56.70983854338257
epigenomics_1944_sol2sanger_444,79.91610072609923,47.60139536755594
epigenomics_1944_sol2sanger_445,85.07060724005912,45.29316390296064
epigenomics_1944_sol2sanger_446,80.74677334959766,48.70997750838026
epigenomics_1944_sol2sanger_447,81.27026351651998,42.09015492160577
epigenomics_1944_sol2sanger_448,85.15868734754592,40.980082346585945
epigenomics_1944_sol2sanger_449,81.01754696338799,44.47255101310176
epigenomics_1944_sol2sanger_450,87.6938908850541,48.774862571891404
epigenomics_1944_sol2sanger_451,86.93103139790402,38.318656809359425
epigenomics_1944_sol2sanger_452,83.8029700443754,49.60662683428543
epigenomics_1944_sol2sanger_453,89.17106213095597,43.234876618126044
epigenomics_1944_sol2sanger_454,80.91247078213551,35.447707771348654
epigenomics_1944_sol2sanger_455,77.98384570744653,56.88703133235346
epigenomics_1944_sol2sanger_456,69.65261234157428,55.97050346956645
epigenomics_1944_sol2sanger_457,75.45063233988411,47.69366712003405
epigenomics_1944_sol2sanger_458,83.14912606429641,60.976384052357574
epigenomics_1944_sol2sanger_459,70.1267645654861,39.847995674375845
epigenomics_1944_sol2sanger_460,71.45376749964473,33.94600325255897
epigenomics_1944_sol2sanger_461,78.57110320689134,33.751074664924936
epigenomics_1944_sol2sanger_462,75.58948570389714,45.774364420719166
epigenomics_1944_sol2sanger_463,67.17403334376255,42.62428801452913
epigenomics_1944_sol2sanger_464,73.20937312896518,51.97651274846713
epigenomics_1944_sol2sanger_465,77.89996053819303,56.38647302256632
epigenomics_1944_sol2sanger_466,78.08545685121263,47.25379100591423
epigenomics_1944_sol2sanger_467,85.14989864429606,62.21243206507446
epigenomics_1944_sol2sanger_468,76.06957059566533,53.52558472332437
epigenomics_1944_sol2sanger_469,84.86030854610719,47.016033133872455
epigenomics_1944_sol2sanger_470,67.03303453481489,43.540404762922364
epigenomics_1944_sol2sanger_471,80.39856731571342,35.19933573453476
epigenomics_1944_sol2sanger_472,79.54331731337732,31.602641572133898
epigenomics_1944_sol2sanger_473,78.06425346030237,39.2261564626224
epigenomics_1944_sol2sanger_474,82.97244634841573,40.61516285826296
epigenomics_1944_sol2sanger_475,77.4634509951607,35.5524269103933
epigenomics_1944_sol2sanger_476,87.11565942468073,37.42200318780279
epigenomics_1944_sol2sanger_477,75.47876707483687,42.68139754420543
epigenomics_1944_sol2sanger_478,78.80559699976016,37.997786052544456
epigenomics_1944_sol2sanger_479,78.39935979292325,46.50666221137174
epigenomics_1944_sol2sanger_480,75.30745277901026,48.01292550030496
epigenomics_1944_sol2sanger_481,73.88109655885908,48.26058675570492
epigenomics_1944_sol2sanger_482,83.09792120097678,59.316226091313844
epigenomics_1944_sol2sanger_483,79.3290655195565,36.30634881524312
epigenomics_1944_sol2sanger_484,89.36187444957926,42.05248582583555
epigenomics_1944_sol2sanger_485,87.81558436730326,41.83414461664367
epigenomics_1944_sol2sanger_486,71.80385020392708,44.071085072715604
epigenomics_1944_sol2sanger_487,82.96061441954677,29.99023031397418
epigenomics_1944_sol2sanger_488,82.37285537103914,38.77372904281699
epigenomics_1944_sol2sanger_489,81.44108352521654,37.50826034513773
epigenomics_1944_sol2sanger_490,72.73188258693723,43.01006258856589
epigenomics_1944_sol2sanger_491,83.61253721248559,32.558539911458794
epigenomics_1944_sol2sanger_492,82.12105248064267,48.12372608362217
epigenomics_1944_sol2sanger_493,79.01549111438389,47.388204107224894
epigenomics_1944_sol2sanger_494,78.10492710304204,48.916185270156774
epigenomics_1944_sol2sanger_495,84.92475255057406,45.49412629253496
epigenomics_1944_sol2sanger_496,81.29677216565719,43.063725097894746
epigenomics_1944_sol2sanger_497,78.9098565520976,41.21572187608939
epigenomics_1944_sol2sanger_498,78.67801325127671,44.144246164658554
epigenomics_1944_sol2sanger_499,75.9171506911246,38.65094409151646
epigenomics_1944_fast2bfq_0,48.79198986315564,64.16637052848981
epigenomics_1944_fast2bfq_1,43.620759634908886,62.53075489518601
epigenomics_1944_fast2bfq_2,49.96582375795611,64.39508310886107
epigenomics_1944_fast2bfq_3,38.48339048791043,84.22383778106854
epigenomics_1944_fast2bfq_4,46.80497014688377,75.9870808225866
epigenomics_1944_fast2bfq_5,28.876507948050293,72.51419385331728
epigenomics_1944_fast2bfq_6,40.20470191814112,77.11193892720651
epigenomics_1944_fast2bfq_7,40.90291248430307,82.12445558419107
epigenomics_1944_fast2bfq_8,27.131017878198936,81.54197877599476
epigenomics_1944_fast2bfq_9,40.895780412486474,85.8958042622128
epigenomics_1944_fast2bfq_10,41.23632936218381,74.54935033192218
epigenomics_1944_fast2bfq_11,49.90371335778559,82.24955649890344
epigenomics_1944_fast2bfq_12,41.21041767856674,85.33366419288437
epigenomics_1944_fast2bfq_13,44.16313408597652,80.76974415341812
epigenomics_1944_fast2bfq_14,49.95527877397912,80.86639546640869
epigenomics_1944_fast2bfq_15,42.75757358734582,90.83997559989425
epigenomics_1944_fast2bfq_16,44.32834043729333,75.52377938176188
epigenomics_1944_fast2bfq_17,44.69019946426393,89.37447468151012
epigenomics_1944_fast2bfq_18,58.366524402438536,79.98192553835243
epigenomics_1944_fast2bfq_19,62.904156888247655,85.13431608563418
epigenomics_1944_fast2bfq_20,44.078564975777546,73.94853521787311
epigenomics_1944_fast2bfq_21,52.35144269545414,73.87989429967541
epigenomics_1944_fast2bfq_22,30.60968902057813,80.18646283084728
epigenomics_1944_fast2bfq_23,51.85527515705363,89.53109455852237
epigenomics_1944_fast2bfq_24,41.788325211846356,91.29975454075779
epigenomics_1944_fast2bfq_25,34.636853689903944,74.75285387390056
epigenomics_1944_fast2bfq_26,51.346696429299755,72.75449363195203
epigenomics_1944_fast2bfq_27,50.72819854485997,74.39605191226863
epigenomics_1944_fast2bfq_28,50.27513362305468,80.82242644175776
epigenomics_1944_fast2bfq_29,48.56286911723703,79.37745138085087
epigenomics_1944_fast2bfq_30,30.285843235787425,72.21556894475967
epigenomics_1944_fast2bfq_31,46.42705151552212,69.54224651949458
epigenomics_1944_fast2bfq_32,47.71667490485994,73.35290323206513
epigenomics_1944_fast2bfq_33,55.65685387376878,78.11142074852003
epigenomics_1944_fast2bfq_34,50.68710630525341,78.14042882126334
epigenomics_1944_fast2bfq_35,43.75849849444678,79.56198276540172
epigenomics_1944_fast2bfq_36,36.97694824469407,66.308155415463
epigenomics_1944_fast2bfq_37,46.25005507160235,76.64203915064729
epigenomics_1944_fast2bfq_38,23.027867399668025,79.84286432993596
epigenomics_1944_fast2bfq_39,52.44315631087961,78.3173049973873
epigenomics_1944_fast2bfq_40,44.008180256365954,81.46813103857211
epigenomics_1944_fast2bfq_41,48.8914864752833,87.16821629994686
epigenomics_1944_fast2bfq_42,53.95194741504247,79.10510749717287
epigenomics_1944_fast2bfq_43,48.932507382889625,87.05773748236483
epigenomics_1944_fast2bfq_44,26.68453028423285,84.90900635615657
epigenomics_1944_fast2bfq_45,36.800262432229,85.4834061706552
epigenomics_1944_fast2bfq_46,51.23775924179583,82.32456349010809
epigenomics_1944_fast2bfq_47,51.225431788725714,79.87206764089876
epigenomics_1944_fast2bfq_48,51.32577121986946,79.37913515743654
epigenomics_1944_fast2bfq_49,51.74667289655721,68.91619221391805
epigenomics_1944_fast2bfq_50,46.59238027351879,70.39816410837211
epigenomics_1944_fast2bfq_51,30.790813435947975,82.10157176343843
epigenomics_1944_fast2bfq_52,37.33425046828505,76.15995187289018
epigenomics_1944_fast2bfq_53,45.54155240040516,81.42644763449665
epigenomics_1944_fast2bfq_54,48.13381119744976,89.30777483906671
epigenomics_1944_fast2bfq_55,42.32625041495625,72.90881823026777
epigenomics_1944_fast2bfq_56,41.126261565880895,77.59831650358039
epigenomics_1944_fast2bfq_57,30.560886239915725,85.38406565855404
epigenomics_1944_fast2bfq_58,43.328518175843435,71.90619885321303
epigenomics_1944_fast2bfq_59,32.804627830970716,83.10954925823853
epigenomics_1944_fast2bfq_60,45.9553943416416,74.15104178029154
epigenomics_1944_fast2bfq_61,49.9252842522352,82.74191163844496
epigenomics_1944_fast2bfq_62,29.508617880383795,86.50715024957039
epigenomics_1944_fast2bfq_63,46.78854592679825,78.57989314655345
epigenomics_1944_fast2bfq_64,42.38160275913332,96.01651828455508
epigenomics_1944_fast2bfq_65,51.31050474069557,61.18104810562669
epigenomics_1944_fast2bfq_66,35.77443142969648,69.59465386989346
epigenomics_1944_fast2bfq_67,50.99455712530927,77.56373708468071
epigenomics_1944_fast2bfq_68,53.862897208560355,75.72775488469325
epigenomics_1944_fast2bfq_69,40.068132121601124,81.58512500862287
epigenomics_1944_fast2bfq_70,60.88833790157171,71.43697681260697
epigenomics_1944_fast2bfq_71,43.28056140621041,82.52486662455271
epigenomics_1944_fast2bfq_72,38.10176526917772,73.9024451792879
epigenomics_1944_fast2bfq_73,51.97553212454315,66.05660087112213
epigenomics_1944_fast2bfq_74,38.8015776467624,73.53251439706004
epigenomics_1944_fast2bfq_75,49.73316910235924,81.16205791577043
epigenomics_1944_fast2bfq_76,45.07715276132809,74.66093679998973
epigenomics_1944_fast2bfq_77,48.115385543244095,72.28199477517128
epigenomics_1944_fast2bfq_78,37.81645274853619,57.1657055555946
epigenomics_1944_fast2bfq_79,57.86545850518747,83.13950782743235
epigenomics_1944_fast2bfq_80,46.21569698311429,84.79738597998477
epigenomics_1944_fast2bfq_81,58.89239774667523,87.42360068755218
epigenomics_1944_fast2bfq_82,66.89459690816554,78.07836224620398
epigenomics_1944_fast2bfq_83,54.52939958986347,90.9642173939319
epigenomics_1944_fast2bfq_84,47.82312702826667,75.31499025475296
epigenomics_1944_fast2bfq_85,40.96418710237869,82.68838831088836
epigenomics_1944_fast2bfq_86,36.98124741576375,68.11350487546571
epigenomics_1944_fast2bfq_87,46.72598389198071,83.52611171101266
epigenomics_1944_fast2bfq_88,46.91650161381505,86.33575111347494
epigenomics_1944_fast2bfq_89,43.06126734597197,78.3783804401665
epigenomics_1944_fast2bfq_90,40.827681006753934,87.89897090227782
epigenomics_1944_fast2bfq_91,47.79063462825758,89.08730198704825
epigenomics_1944_fast2bfq_92,46.04263696787244,84.19633886285371
epigenomics_1944_fast2bfq_93,49.009367275287374,85.20810108248483
epigenomics_1944_fast2bfq_94,45.67490421667819,89.13174922432854
epigenomics_1944_fast2bfq_95,57.40106840740394,74.13913604624571
epigenomics_1944_fast2bfq_96,50.1495613925629,86.27104686541016
epigenomics_1944_fast2bfq_97,38.71330802264032,67.24669246404747
epigenomics_1944_fast2bfq_98,38.84362599236167,66.51758329875389
epigenomics_1944_fast2bfq_99,48.16978408902459,83.53279115844977
epigenomics_1944_fast2bfq_100,40.90958344450255,67.73851896340076
epigenomics_1944_fast2bfq_101,44.13601131026582,87.80637838627956
epigenomics_1944_fast2bfq_102,59.85536426966073,84.53862655945451
epigenomics_1944_fast2bfq_103,47.14467686397157,80.17207053430324
epigenomics_1944_fast2bfq_104,45.59304917470196,71.53588303346575
epigenomics_1944_fast2bfq_105,39.431392492215195,80.48624020785451
epigenomics_1944_fast2bfq_106,45.978150506560084,82.37683633464323
epigenomics_1944_fast2bfq_107,50.203484577899104,85.19339521960791
epigenomics_1944_fast2bfq_108,42.342804594079716,85.4730334585186
epigenomics_1944_fast2bfq_109,48.0046543769952,93.85381945469527
epigenomics_1944_fast2bfq_110,52.07941513274285,78.1091580647795
epigenomics_1944_fast2bfq_111,34.814957251989156,79.43027862075851
epigenomics_1944_fast2bfq_112,40.128504156337975,77.20367413434435
epigenomics_1944_fast2bfq_113,59.356285063119685,83.88797800700237
epigenomics_1944_fast2bfq_114,58.17012057023217,83.51279210170303
epigenomics_1944_fast2bfq_115,41.608690111867816,78.21089840569836
epigenomics_1944_fast2bfq_116,46.69888644884643,73.72929038115119
epigenomics_1944_fast2bfq_117,45.86804307978792,77.09346691169118
epigenomics_1944_fast2bfq_118,45.40634438482018,88.59901572050376
epigenomics_1944_fast2bfq_119,38.58997807262658,75.60157628747626
epigenomics_1944_fast2bfq_120,39.05651057484452,81.50674307896705
epigenomics_1944_fast2bfq_121,40.057304653183145,88.42571979476496
epigenomics_1944_fast2bfq_122,44.848780171577,72.49984684908257
epigenomics_1944_fast2bfq_123,30.725306774359762,77.83027984379383
epigenomics_1944_fast2bfq_124,46.505516724124426,79.581970857142
epigenomics_1944_fast2bfq_125,41.228199499162436,82.02602155489674
epigenomics_1944_fast2bfq_126,39.63628751103431,79.94461374791753
epigenomics_1944_fast2bfq_127,49.52846705411466,66.78962235442711
epigenomics_1944_fast2bfq_128,44.16682250808433,75.16252237225603
epigenomics_1944_fast2bfq_129,49.13868144546078,80.59029982173851
epigenomics_1944_fast2bfq_130,44.44859703659571,83.92637555917531
epigenomics_1944_fast2bfq_131,42.423339042134074,74.11487826186777
epigenomics_1944_fast2bfq_132,30.82643365070328,77.79617692701922
epigenomics_1944_fast2bfq_133,39.461016753453286,76.55322786728563
epigenomics_1944_fast2bfq_134,40.55170318980539,61.917234428342994
epigenomics_1944_fast2bfq_135,44.7930016220283,83.72519921866882
epigenomics_1944_fast2bfq_136,44.11107601794231,85.3863907072988
epigenomics_1944_fast2bfq_137,41.520640142814884,80.46860897118258
epigenomics_1944_fast2bfq_138,45.72401724669461,74.17739586114486
epigenomics_1944_fast2bfq_139,43.34627668626046,82.47091649053147
epigenomics_1944_fast2bfq_140,50.42417618403876,82.29929433467045
epigenomics_1944_fast2bfq_141,47.317277942698745,78.40294916012257
epigenomics_1944_fast2bfq_142,41.747189340208,72.57241475132798
epigenomics_1944_fast2bfq_143,44.323698263124484,77.03712542544389
epigenomics_1944_fast2bfq_144,46.614013633989494,65.06922912985884
epigenomics_1944_fast2bfq_145,49.01749818754608,84.0834748121804
epigenomics_1944_fast2bfq_146,43.20401954349844,77.21867024548493
epigenomics_1944_fast2bfq_147,45.92982770924983,83.46853767958784
epigenomics_1944_fast2bfq_148,34.5807106264648,72.84432279062833
epigenomics_1944_fast2bfq_149,58.16641325736192,69.97596152965392
epigenomics_1944_fast2bfq_150,32.19017269297564,79.84403086696186
epigenomics_1944_fast2bfq_151,37.43721419564879,89.94645842601656
epigenomics_1944_fast2bfq_152,54.48152954905677,93.33341242309582
epigenomics_1944_fast2bfq_153,41.65045564657318,79.24586512018628
epigenomics_1944_fast2bfq_154,55.54183002021466,71.62554358906445
epigenomics_1944_fast2bfq_155,51.08666179911306,78.17877283587292
epigenomics_1944_fast2bfq_156,53.84645712582518,91.71744046103001
epigenomics_1944_fast2bfq_157,52.23353425662467,87.0840121330026
epigenomics_1944_fast2bfq_158,48.13679159317838,77.44070082546008
epigenomics_1944_fast2bfq_159,37.541005673266575,87.83294603709778
epigenomics_1944_fast2bfq_160,36.797223240887746,88.24675016134475
epigenomics_1944_fast2bfq_161,40.213908882057325,83.615894428311
epigenomics_1944_fast2bfq_162,37.72120314039347,90.87782676871345
epigenomics_1944_fast2bfq_163,33.37004973313298,73.8043061539786
epigenomics_1944_fast2bfq_164,35.13541069094863,82.40325215778266
epigenomics_1944_fast2bfq_165,47.386071919072116,70.7923316606212
epigenomics_1944_fast2bfq_166,43.27148310894214,84.76208362976385
epigenomics_1944_fast2bfq_167,53.56322559940597,72.19380089189544
epigenomics_1944_fast2bfq_168,47.52127151178586,81.56129604662303
epigenomics_1944_fast2bfq_169,36.50347757443747,79.76807802494814
epigenomics_1944_fast2bfq_170,58.99865979377036,68.64147084224335
epigenomics_1944_fast2bfq_171,31.866679556381023,70.16885975120967
epigenomics_1944_fast2bfq_172,45.23957191749866,83.34093806619504
epigenomics_1944_fast2bfq_173,36.54602926867397,70.96538163961019
epigenomics_1944_fast2bfq_174,38.568338930924675,84.06130221487263
epigenomics_1944_fast2bfq_175,32.697421777617144,94.72986661825607
epigenomics_1944_fast2bfq_176,47.061936605209986,71.44078446932076
epigenomics_1944_fast2bfq_177,44.20191321955815,75.85251421898816
epigenomics_1944_fast2bfq_178,43.30970280545994,77.50060547271919
epigenomics_1944_fast2bfq_179,51.025124950971154,78.67877136206997
epigenomics_1944_fast2bfq_180,51.18184658047656,79.0668775733258
epigenomics_1944_fast2bfq_181,44.70406986271438,74.26657232057758
epigenomics_1944_fast2bfq_182,53.49990352928626,92.44980932152198
epigenomics_1944_fast2bfq_183,35.63303598107684,79.69407509613674
epigenomics_1944_fast2bfq_184,40.88457470848665,81.08686711929492
epigenomics_1944_fast2bfq_185,43.870758843799,71.90990529045595
epigenomics_1944_fast2bfq_186,59.712689391484744,86.90473758010586
epigenomics_1944_fast2bfq_187,37.20955392018998,70.56249812837902
epigenomics_1944_fast2bfq_188,41.088018102627835,78.16230017285264
epigenomics_1944_fast2bfq_189,25.369207196800456,80.49411977580382
epigenomics_1944_fast2bfq_190,45.67328157841864,71.0129199848595
epigenomics_1944_fast2bfq_191,46.98309509375518,89.06587685350874
epigenomics_1944_fast2bfq_192,45.03049787742416,93.490057781088
epigenomics_1944_fast2bfq_193,52.18397542361554,79.7600629211088
epigenomics_1944_fast2bfq_194,50.61025995873096,75.63165820011517
epigenomics_1944_fast2bfq_195,56.62342300918112,77.6182623815409
epigenomics_1944_fast2bfq_196,35.98266250277807,87.83394912546174
epigenomics_1944_fast2bfq_197,42.10069328398597,100.4684187141616
epigenomics_1944_fast2bfq_198,63.97919684052235,81.00930791218438
epigenomics_1944_fast2bfq_199,44.15548799011477,76.9938877784886
epigenomics_1944_fast2bfq_200,40.530803178715594,77.2782497560691
epigenomics_1944_fast2bfq_201,47.578037953428925,88.50319098421431
epigenomics_1944_fast2bfq_202,56.274115526021305,90.52985834677776
epigenomics_1944_fast2bfq_203,45.07261205257318,77.71145308941774
epigenomics_1944_fast2bfq_204,45.03785004548075,69.21673500805522
epigenomics_1944_fast2bfq_205,44.11074333564207,80.1882204044539
epigenomics_1944_fast2bfq_206,44.4994403851937,64.87119335517305
epigenomics_1944_fast2bfq_207,53.50713839679649,76.63610052925156
epigenomics_1944_fast2bfq_208,39.67191855146281,72.11009270073374
epigenomics_1944_fast2bfq_209,39.9030311964579,83.17003492790316
epigenomics_1944_fast2bfq_210,48.61444679931457,77.42187910143511
epigenomics_1944_fast2bfq_211,48.136551686232885,89.12848339874735
epigenomics_1944_fast2bfq_212,32.42957594761573,76.00270742102785
epigenomics_1944_fast2bfq_213,38.16956189010911,86.04457292250557
epigenomics_1944_fast2bfq_214,44.02285264760416,74.76564954362262
epigenomics_1944_fast2bfq_215,46.175292990783205,79.42104770230928
epigenomics_1944_fast2bfq_216,37.44090796486178,61.29972595451245
epigenomics_1944_fast2bfq_217,49.914802761878555,87.40039684241678
epigenomics_1944_fast2bfq_218,40.00333325462059,80.68489109034074
epigenomics_1944_fast2bfq_219,48.042187484644764,83.22993585813437
epigenomics_1944_fast2bfq_220,37.9152524251813,89.84847184553115
epigenomics_1944_fast2bfq_221,56.31615865784456,77.02130858462648
epigenomics_1944_fast2bfq_222,40.94127710911126,71.34053291773292
epigenomics_1944_fast2bfq_223,31.95521492255774,75.50267318367995
epigenomics_1944_fast2bfq_224,47.74948416874447,62.94665702641746
epigenomics_1944_fast2bfq_225,53.84276946730198,74.24629348960448
epigenomics_1944_fast2bfq_226,42.535256221366076,82.67332963311311
epigenomics_1944_fast2bfq_227,44.560000416710714,79.77672227022366
epigenomics_1944_fast2bfq_228,30.117173669618406,94.72372308903573
epigenomics_1944_fast2bfq_229,36.191333410088355,77.11907281236951
epigenomics_1944_fast2bfq_230,44.96259906570527,76.20228647632963
epigenomics_1944_fast2bfq_231,44.66477462235709,77.06666675360442
epigenomics_1944_fast2bfq_232,31.588097926406427,86.77364939530337
epigenomics_1944_fast2bfq_233,54.12448862514876,76.92067165488248
epigenomics_1944_fast2bfq_234,49.94219104618982,81.95461488437272
epigenomics_1944_fast2bfq_235,44.918131500902305,73.616907663881
epigenomics_1944_fast2bfq_236,47.08916971652298,81.36545121649318
epigenomics_1944_fast2bfq_237,55.018387197633196,78.5476572275807
epigenomics_1944_fast2bfq_238,44.46934461318365,79.48873658378645
epigenomics_1944_fast2bfq_239,44.50477261847629,69.45030837622062
epigenomics_1944_fast2bfq_240,52.35037684313309,85.1939093682847
epigenomics_1944_fast2bfq_241,41.322398089439204,80.00092036119725
epigenomics_1944_fast2bfq_242,42.18744584211434,84.46568593593628
epigenomics_1944_fast2bfq_243,49.05716645499022,81.29949367224785
epigenomics_1944_fast2bfq_244,43.59066962233382,78.68612194523735
epigenomics_1944_fast2bfq_245,35.74240365641858,81.50560486244315
epigenomics_1944_fast2bfq_246,26.574506523352326,83.2093235485387
epigenomics_1944_fast2bfq_247,47.23789019065232,68.2677787479834
epigenomics_1944_fast2bfq_248,38.612869555250995,71.54084740882453
epigenomics_1944_fast2bfq_249,41.739142270307305,90.05512387672337
epigenomics_1944_fast2bfq_250,55.985356751174336,75.84333969441161
epigenomics_1944_fast2bfq_251,39.27798618207583,85.99279817734852
epigenomics_1944_fast2bfq_252,35.65616867018852,89.3943354311925
epigenomics_1944_fast2bfq_253,57.414347042861266,78.80375477457413
epigenomics_1944_fast2bfq_254,53.73565689040378,89.77913010419924
epigenomics_1944_fast2bfq_255,41.79035354505422,73.85109464034844
epigenomics_1944_fast2bfq_256,32.53332697318811,82.15404679032967
epigenomics_1944_fast2bfq_257,50.913608113814995,71.06961656099233
epigenomics_1944_fast2bfq_258,50.5608799489788,78.93249403114216
epigenomics_1944_fast2bfq_259,46.85378859984795,81.5430285737521
epigenomics_1944_fast2bfq_260,48.59910388241954,77.88676211872901
epigenomics_1944_fast2bfq_261,44.398779363330156,78.00829826816397
epigenomics_1944_fast2bfq_262,49.28049176934246,74.68560239875937
epigenomics_1944_fast2bfq_263,46.61907369723639,80.71806752466699
epigenomics_1944_fast2bfq_264,40.9517204995977,78.4923880294119
epigenomics_1944_fast2bfq_265,38.06850759383806,77.61362956708632
epigenomics_1944_fast2bfq_266,44.647604812334784,83.5365248176144
epigenomics_1944_fast2bfq_267,47.56270121913446,86.92854194839443
epigenomics_1944_fast2bfq_268,56.01641666525917,81.58858498864645
epigenomics_1944_fast2bfq_269,34.19923168202704,80.62921737134145
epigenomics_1944_fast2bfq_270,43.129816752713495,94.59795857572654
epigenomics_1944_fast2bfq_271,41.564322365527666,76.64251885726168
epigenomics_1944_fast2bfq_272,47.30360666135054,93.87670656352302
epigenomics_1944_fast2bfq_273,28.15376464325874,76.59967934859753
epigenomics_1944_fast2bfq_274,37.45922801169051,85.42767809277078
epigenomics_1944_fast2bfq_275,47.7171246765197,78.24181457494305
epigenomics_1944_fast2bfq_276,41.77010559840673,68.19579036695502
epigenomics_1944_fast2bfq_277,49.60505241185006,94.41014724962989
epigenomics_1944_fast2bfq_278,46.744672713269956,76.11653398081832
epigenomics_1944_fast2bfq_279,52.245625449160066,69.74071393502133
epigenomics_1944_fast2bfq_280,42.5489801874676,65.36376927160858
epigenomics_1944_fast2bfq_281,36.724692318430094,75.06058571189138
epigenomics_1944_fast2bfq_282,47.09270234043564,86.61018972221216
epigenomics_1944_fast2bfq_283,37.62663061412309,78.22238262740669
epigenomics_1944_fast2bfq_284,40.32712123059705,76.05899024345229
epigenomics_1944_fast2bfq_285,36.03050816646099,65.9727071927095
epigenomics_1944_fast2bfq_286,44.19490607417005,93.88304502174859
epigenomics_1944_fast2bfq_287,41.14216562272682,80.54459664745934
epigenomics_1944_fast2bfq_288,38.959875766161154,91.90318922479211
epigenomics_1944_fast2bfq_289,51.806512818228995,78.93716151222931
epigenomics_1944_fast2bfq_290,53.338412911032876,66.04406868642579
epigenomics_1944_fast2bfq_291,58.73993722561524,73.07726627900334
epigenomics_1944_fast2bfq_292,62.14922575059997,74.99956131356697
epigenomics_1944_fast2bfq_293,53.261822645715924,88.48330959986025
epigenomics_1944_fast2bfq_294,52.450602203654796,87.9372809799311
epigenomics_1944_fast2bfq_295,37.811136060793835,85.1691495826393
epigenomics_1944_fast2bfq_296,46.772307716463594,77.23103230996105
epigenomics_1944_fast2bfq_297,45.20016814637673,72.29406458490251
epigenomics_1944_fast2bfq_298,45.441005350800225,91.9389400991721
epigenomics_1944_fast2bfq_299,41.74641141945795,74.81712402221521
epigenomics_1944_fast2bfq_300,49.81513492822473,78.15431714879425
epigenomics_1944_fast2bfq_301,53.306121898698166,79.37254652090476
epigenomics_1944_fast2bfq_302,51.123526995136174,72.28171003795931
epigenomics_1944_fast2bfq_303,40.368119598435584,68.0088319886349
epigenomics_1944_fast2bfq_304,43.43130769956581,91.76213616070787
epigenomics_1944_fast2bfq_305,40.19780327805611,75.28725304530771
epigenomics_1944_fast2bfq_306,39.11498346206368,89.67317916446822
epigenomics_1944_fast2bfq_307,33.389443164490274,74.75363702308968
epigenomics_1944_fast2bfq_308,42.29583618441135,94.05293680291281
epigenomics_1944_fast2bfq_309,51.66423170189799,79.67181584272156
epigenomics_1944_fast2bfq_310,55.067624687005846,86.46352696991964
epigenomics_1944_fast2bfq_311,41.784676643888986,84.9723151052608
epigenomics_1944_fast2bfq_312,52.29129162120817,67.35391853259935
epigenomics_1944_fast2bfq_313,45.88829844816129,83.78531845002686
epigenomics_1944_fast2bfq_314,59.26661092571349,72.8090872527882
epigenomics_1944_fast2bfq_315,40.5529852470579,83.72526402201203
epigenomics_1944_fast2bfq_316,54.27209476206323,87.39099989690371
epigenomics_1944_fast2bfq_317,45.56102897354535,70.46809603729756
epigenomics_1944_fast2bfq_318,40.38965951397976,83.7035188143171
epigenomics_1944_fast2bfq_319,51.341736936811856,66.05939765915986
epigenomics_1944_fast2bfq_320,43.98062918220413,77.01625359859422
epigenomics_1944_fast2bfq_321,50.171316483956005,75.63051642791947
epigenomics_1944_fast2bfq_322,50.22097363352832,73.73182187438438
epigenomics_1944_fast2bfq_323,37.52776975702215,78.88287237789382
epigenomics_1944_fast2bfq_324,39.04891681073985,69.49103647458396
epigenomics_1944_fast2bfq_325,42.51537301138309,72.91422379944026
epigenomics_1944_fast2bfq_326,46.435869562251085,95.22415700344354
epigenomics_1944_fast2bfq_327,58.27096957407447,85.70033193891092
epigenomics_1944_fast2bfq_328,46.52653397520891,76.62399860478452
epigenomics_1944_fast2bfq_329,46.283502965875876,81.18787821631066
epigenomics_1944_fast2bfq_330,34.60055338256443,78.19986916563263
epigenomics_1944_fast2bfq_331,44.99012643533757,75.40389768296608
epigenomics_1944_fast2bfq_332,39.907239994500465,76.18892133157182
epigenomics_1944_fast2bfq_333,45.750033729421915,72.50470284557241
epigenomics_1944_fast2bfq_334,38.79660443174922,68.69873280788967
epigenomics_1944_fast2bfq_335,42.89677887868304,84.71983743516316
epigenomics_1944_fast2bfq_336,43.089224042171054,74.15454154864408
epigenomics_1944_fast2bfq_337,44.758627703881736,80.35673485787441
epigenomics_1944_fast2bfq_338,44.96372695482878,81.00776701743871
epigenomics_1944_fast2bfq_339,49.24032818072442,76.513511725497
epigenomics_1944_fast2bfq_340,40.54786125639555,83.23446489136427
epigenomics_1944_fast2bfq_341,41.41111928685303,77.81978194610426
epigenomics_1944_fast2bfq_342,51.26613040155204,83.88460035151535
epigenomics_1944_fast2bfq_343,43.88607370054152,84.34632134044179
epigenomics_1944_fast2bfq_344,47.662838403914726,80.08093234145987
epigenomics_1944_fast2bfq_345,44.75796611788723,72.5873348797248
epigenomics_1944_fast2bfq_346,36.216295002998194,72.05954656882777
epigenomics_1944_fast2bfq_347,38.224357638091504,89.40062917477081
epigenomics_1944_fast2bfq_348,59.6420648741264,82.80358607917805
epigenomics_1944_fast2bfq_349,34.026828195438,74.32119085027624
epigenomics_1944_fast2bfq_350,60.499400657157366,80.33628495054566
epigenomics_1944_fast2bfq_351,45.1968452930073,80.18587564114767
epigenomics_1944_fast2bfq_352,45.87726843995421,80.48206852547976
epigenomics_1944_fast2bfq_353,47.55139045296767,75.72756744358752
epigenomics_1944_fast2bfq_354,45.353294169577474,88.83163856439862
epigenomics_1944_fast2bfq_355,44.38383249729722,78.16513795883418
epigenomics_1944_fast2bfq_356,40.47289960875947,69.11932862723917
epigenomics_1944_fast2bfq_357,42.52172206340167,77.96990084987274
epigenomics_1944_fast2bfq_358,48.50874074326835,72.23450151918325
epigenomics_1944_fast2bfq_359,33.32014551772341,81.92207374319045
epigenomics_1944_fast2bfq_360,35.39498823713011,90.04082418635475
epigenomics_1944_fast2bfq_361,53.994633692135736,77.61283806814131
epigenomics_1944_fast2bfq_362,49.22268577729274,85.84724598572683
epigenomics_1944_fast2bfq_363,54.513221449182815,84.27073428986718
epigenomics_1944_fast2bfq_364,37.20139286939949,98.4512896152525
epigenomics_1944_fast2bfq_365,38.48386493430293,75.8346614403679
epigenomics_1944_fast2bfq_366,51.72327649116581,72.4845937865839
epigenomics_1944_fast2bfq_367,44.2881353099686,89.90355484335959
epigenomics_1944_fast2bfq_368,37.656095115586666,69.0473407743606
epigenomics_1944_fast2bfq_369,44.59037186176378,75.73331425673128
epigenomics_1944_fast2bfq_370,58.586968385734,86.30107536381931
epigenomics_1944_fast2bfq_371,37.89223361040592,79.10376837602298
epigenomics_1944_fast2bfq_372,49.798477648402525,87.51367113911583
epigenomics_1944_fast2bfq_373,44.112832923888774,76.62708471187923
epigenomics_1944_fast2bfq_374,48.1911828291952,77.79010620657729
epigenomics_1944_fast2bfq_375,46.47373289184293,79.18703088802901
epigenomics_1944_fast2bfq_376,46.80304056111895,87.78705429949527
epigenomics_1944_fast2bfq_377,42.957360760806154,86.30887570559244
epigenomics_1944_fast2bfq_378,37.603783099168254,83.97324810309219
epigenomics_1944_fast2bfq_379,46.91666853821765,81.99374329969694
epigenomics_1944_fast2bfq_380,55.72613280293498,85.10814218215346
epigenomics_1944_fast2bfq_381,45.82540069024683,89.78463941790804
epigenomics_1944_fast2bfq_382,43.90643285983534,81.35648241619883
epigenomics_1944_fast2bfq_383,42.699457191991584,62.76545960449672
epigenomics_1944_fast2bfq_384,39.198403329269865,77.80294158402876
epigenomics_1944_fast2bfq_385,43.73992760924408,72.45753184268763
epigenomics_1944_fast2bfq_386,52.394452008329736,76.35886643126689
epigenomics_1944_fast2bfq_387,53.279095931684694,83.21660341679976
epigenomics_1944_fast2bfq_388,52.23523067693417,87.97549786270068
epigenomics_1944_fast2bfq_389,43.098328956587004,79.13463903728913
epigenomics_1944_fast2bfq_390,41.84458629549157,76.78207194428371
epigenomics_1944_fast2bfq_391,33.08015142315115,69.01836262455384
epigenomics_1944_fast2bfq_392,42.607060885923914,76.66343371901769
epigenomics_1944_fast2bfq_393,43.98789230580241,80.06022325251014
epigenomics_1944_fast2bfq_394,52.12821903261667,73.14305677352833
epigenomics_1944_fast2bfq_395,42.171066205089026,72.86679887985645
epigenomics_1944_fast2bfq_396,37.265816168868724,84.32803422974574
epigenomics_1944_fast2bfq_397,47.24216219859814,79.53209324362746
epigenomics_1944_fast2bfq_398,35.05731771921786,78.39683490491883
epigenomics_1944_fast2bfq_399,52.15429582944412,85.03708468004255
epigenomics_1944_fast2bfq_400,51.13956539015884,82.04539343929044
epigenomics_1944_fast2bfq_401,36.73451755126839,89.35893842780683
epigenomics_1944_fast2bfq_402,37.51616484848758,88.82875759550895
epigenomics_1944_fast2bfq_403,51.86347538421842,59.814534733188
epigenomics_1944_fast2bfq_404,44.07333668660052,89.36676873528864
epigenomics_1944_fast2bfq_405,37.67331515286659,68.4315719986511
epigenomics_1944_fast2bfq_406,38.88182671957795,76.75418107978138
epigenomics_1944_fast2bfq_407,47.614625521958274,90.48380969758784
epigenomics_1944_fast2bfq_408,34.69136373802047,65.62877055970135
epigenomics_1944_fast2bfq_409,31.042804348013988,78.8423023037026
epigenomics_1944_fast2bfq_410,52.264779373464734,84.99525699034547
epigenomics_1944_fast2bfq_411,39.85467822158839,75.71705397532041
epigenomics_1944_fast2bfq_412,38.76396433762727,75.45772285458219
epigenomics_1944_fast2bfq_413,61.205874741218224,76.6637966204175
epigenomics_1944_fast2bfq_414,57.71984901769309,77.61796232973693
epigenomics_1944_fast2bfq_415,42.263527114731346,75.06244194422396
epigenomics_1944_fast2bfq_416,41.42077001876882,81.82712471160391
epigenomics_1944_fast2bfq_417,50.49548452414812,79.9262756611655
epigenomics_1944_fast2bfq_418,42.76891535070516,82.81100999375157
epigenomics_1944_fast2bfq_419,49.62033573652991,71.71950961340895
epigenomics_1944_fast2bfq_420,42.525822154594096,79.31787419980782
epigenomics_1944_fast2bfq_421,40.66378073189571,82.75498278277608
epigenomics_1944_fast2bfq_422,51.239402096020136,77.93793023295407
epigenomics_1944_fast2bfq_423,50.342448967269355,76.9931372560817
epigenomics_1944_fast2bfq_424,39.15320187725538,84.84671766870866
epigenomics_1944_fast2bfq_425,45.00674542586161,86.03331364081063
epigenomics_1944_fast2bfq_426,45.630503517522584,74.65055165258046
epigenomics_1944_fast2bfq_427,41.59127631238485,86.05398799077568
epigenomics_1944_fast2bfq_428,42.75353924886666,85.64402265012806
epigenomics_1944_fast2bfq_429,55.08512007107301,76.34096462761926
epigenomics_1944_fast2bfq_430,40.65818151165466,79.07233185778738
epigenomics_1944_fast2bfq_431,44.466475712955564,74.91903916072255
epigenomics_1944_fast2bfq_432,44.9303677060451,73.86645868536554
epigenomics_1944_fast2bfq_433,53.72654281136362,68.82298581769618
epigenomics_1944_fast2bfq_434,42.68176163810817,81.45060881024008
epigenomics_1944_fast2bfq_435,46.61375096830241,71.58116016162549
epigenomics_1944_fast2bfq_436,36.853401385687576,91.48444789974846
epigenomics_1944_fast2bfq_437,42.58726176329831,82.90766889763587
epigenomics_1944_fast2bfq_438,46.94225085533109,85.39479017896792
epigenomics_1944_fast2bfq_439,33.69467921741246,75.71594242407775
epigenomics_1944_fast2bfq_440,53.60092516155168,81.74794015641525
epigenomics_1944_fast2bfq_441,47.38655025377352,84.0691298200546
epigenomics_1944_fast2bfq_442,33.19956451252505,78.76293735949844
epigenomics_1944_fast2bfq_443,50.95006593890209,87.93342381846101
epigenomics_1944_fast2bfq_444,51.55346289219046,80.27968879709508
epigenomics_1944_fast2bfq_445,61.554693304428355,79.5920308314521
epigenomics_1944_fast2bfq_446,43.537389730253764,78.02169958361483
epigenomics_1944_fast2bfq_447,44.168136231698405,81.63253692354446
epigenomics_1944_fast2bfq_448,35.476562997783915,79.62265937794446
epigenomics_1944_fast2bfq_449,52.40754284438159,70.19739275935035
epigenomics_1944_fast2bfq_450,51.498778152787885,88.97658779898964
epigenomics_1944_fast2bfq_451,33.01275243272724,75.39712806919682
epigenomics_1944_fast2bfq_452,41.18461925533279,74.69007650334429
epigenomics_1944_fast2bfq_453,47.31558872443371,80.44151168250258
epigenomics_1944_fast2bfq_454,48.93509685508001,76.64925530386047
epigenomics_1944_fast2bfq_455,40.89146533168989,76.98830422365953
epigenomics_1944_fast2bfq_456,32.35434042540507,77.21875283664656
epigenomics_1944_fast2bfq_457,39.849257969561165,89.1741093223852
epigenomics_1944_fast2bfq_458,43.65844159788731,81.59337942003762
epigenomics_1944_fast2bfq_459,59.91859275589916,86.35221521315391
epigenomics_1944_fast2bfq_460,40.4933996120764,75.08820681835603
epigenomics_1944_fast2bfq_461,46.121271820689465,72.89706922792273
epigenomics_1944_fast2bfq_462,32.37732979179941,81.54460161851966
epigenomics_1944_fast2bfq_463,41.486863402101434,79.32067201048389
epigenomics_1944_fast2bfq_464,48.80485138794823,87.11760062591922
epigenomics_1944_fast2bfq_465,62.44235552727223,72.0143936196042
epigenomics_1944_fast2bfq_466,40.76074171067211,79.25755806541255
epigenomics_1944_fast2bfq_467,57.491556162133826,80.06332213414699
epigenomics_1944_fast2bfq_468,36.761645745938324,93.85019095445118
epigenomics_1944_fast2bfq_469,56.339739318672585,80.99761901549356
epigenomics_1944_fast2bfq_470,43.344245939656375,76.10970171345923
epigenomics_1944_fast2bfq_471,47.53106740805337,73.26122466817726
epigenomics_1944_fast2bfq_472,42.67220379760249,77.47237264341857
epigenomics_1944_fast2bfq_473,37.2278815829216,76.28799313950694
epigenomics_1944_fast2bfq_474,40.754285045832596,71.69299398790204
epigenomics_1944_fast2bfq_475,39.29988352279479,77.70401812234897
epigenomics_1944_fast2bfq_476,51.74486862377796,79.57000291627085
epigenomics_1944_fast2bfq_477,49.05447501031056,82.03351949574382
epigenomics_1944_fast2bfq_478,45.39255355728808,82.11316174298295
epigenomics_1944_fast2bfq_479,46.6971466420333,89.34869951226185
epigenomics_1944_fast2bfq_480,46.53516843886981,71.99612200672064
epigenomics_1944_fast2bfq_481,39.46371814693384,74.29480153603693
epigenomics_1944_fast2bfq_482,59.084341867590894,74.61738953516792
epigenomics_1944_fast2bfq_483,46.24602353198469,93.76290824771107
epigenomics_1944_fast2bfq_484,40.49082972683256,76.41332836615622
epigenomics_1944_fast2bfq_485,54.78159916029098,85.96196698923546
epigenomics_1944_fast2bfq_486,53.459516702869486,77.73374475121335
epigenomics_1944_fast2bfq_487,56.79083973071239,76.17621878152981
epigenomics_1944_fast2bfq_488,40.92625867015087,90.42250672942029
epigenomics_1944_fast2bfq_489,42.30258487119771,87.04080316092089
epigenomics_1944_fast2bfq_490,34.93300294434265,81.78447472930425
epigenomics_1944_fast2bfq_491,50.196364804999554,85.52350705529679
epigenomics_1944_fast2bfq_492,48.28033027472406,80.70322548818667
epigenomics_1944_fast2bfq_493,46.17644788788992,78.21525775369096
epigenomics_1944_fast2bfq_494,44.61145790357392,82.18295646059525
epigenomics_1944_fast2bfq_495,40.390618428147704,84.94104448897842
epigenomics_1944_fast2bfq_496,30.25923370888883,85.13917588308215
epigenomics_1944_fast2bfq_497,52.540416199528416,71.59951507811883
epigenomics_1944_fast2bfq_498,47.48812665636228,87.92953930942618
epigenomics_1944_fast2bfq_499,46.559434029747564,71.6229802105569
epigenomics_1944_map_0,10137.06211123266,181.75338884986306
epigenomics_1944_map_1,9806.61686998015,186.61294742568998
epigenomics_1944_map_2,10678.825907917077,187.7660263597494
epigenomics_1944_map_3,10337.679108465029,185.05638330319192
epigenomics_1944_map_4,9847.477023202511,173.33366192172224
epigenomics_1944_map_5,9071.15545137892,185.76417629018871
epigenomics_1944_map_6,9713.522637558297,187.72823777631947
epigenomics_1944_map_7,9573.919316138044,182.11998525760697
epigenomics_1944_map_8,10424.424360500194,188.8454539178997
epigenomics_1944_map_9,9077.282096948577,187.92802179460548
epigenomics_1944_map_10,9873.404895804746,178.12627152694472
epigenomics_1944_map_11,10261.25156373667,183.52820759011576
epigenomics_1944_map_12,9909.121199674617,188.85503372411665
epigenomics_1944_map_13,9745.011221777859,179.42208418625344
epigenomics_1944_map_14,9466.831688168624,185.11953637531977
epigenomics_1944_map_15,9038.480526194511,182.70215096952475
epigenomics_1944_map_16,10069.417713267962,182.46777020774928
epigenomics_1944_map_17,9959.404536242102,185.05197718059063
epigenomics_1944_map_18,10425.497159505872,180.82501824444884
epigenomics_1944_map_19,10067.555882786959,173.91426768079666
epigenomics_1944_map_20,10876.88391113117,193.74751040228747
epigenomics_1944_map_21,9576.902888781322,184.2690651273167
epigenomics_1944_map_22,9533.237096717517,183.3436629008659
epigenomics_1944_map_23,9942.684301791265,189.97159074000825
epigenomics_1944_map_24,9485.77715456383,182.74943696774673
epigenomics_1944_map_25,9686.71637091939,184.42996155968217
epigenomics_1944_map_26,10921.323115257617,191.8585301035011
epigenomics_1944_map_27,9782.162507820458,182.35533692427313
epigenomics_1944_map_28,8862.105859059999,187.8656615520791
epigenomics_1944_map_29,10648.354674789367,187.36919523705708
epigenomics_1944_map_30,8556.97116864633,182.51804999404052
epigenomics_1944_map_31,10509.414542013452,180.77871780685538
epigenomics_1944_map_32,9811.696871088152,185.0071485628529
epigenomics_1944_map_33,10101.585740330622,172.66085672296938
epigenomics_1944_map_34,10252.497866291398,188.4052349105435
epigenomics_1944_map_35,9573.273273117722,189.39342682573954
epigenomics_1944_map_36,10181.256026889414,187.83688859754542
epigenomics_1944_map_37,11037.356917560799,179.18421161488982
epigenomics_1944_map_38,10426.220151251851,184.2146428811887
epigenomics_1944_map_39,10021.981676442276,187.30969192488703
epigenomics_1944_map_40,9772.677235848212,176.25184685105816
epigenomics_1944_map_41,10574.879782918235,194.16751582025162
epigenomics_1944_map_42,9864.245587647585,179.67935396534182
epigenomics_1944_map_43,10332.298069616345,185.37856471303226
epigenomics_1944_map_44,9694.952179699725,186.1346853637938
epigenomics_1944_map_45,9995.122826110606,192.3007534827684
epigenomics_1944_map_46,10746.095535758572,192.18740094324772
epigenomics_1944_map_47,9686.027713637824,184.42889602834694
epigenomics_1944_map_48,9461.588719520021,184.71583877228645
epigenomics_1944_map_49,10418.129316631166,187.65778494936416
epigenomics_1944_map_50,8762.916326171458,183.6286573400687
epigenomics_1944_map_51,9463.988586211453,180.20731786679872
epigenomics_1944_map_52,9620.369928178472,175.35441041297383
epigenomics_1944_map_53,11012.21829520353,188.95956459428245
epigenomics_1944_map_54,10639.117825068766,183.6821169618372
epigenomics_1944_map_55,10972.787157678067,187.0590761544493
epigenomics_1944_map_56,9429.730916533632,173.0122374764497
epigenomics_1944_map_57,9918.02342817843,195.29746405842093
epigenomics_1944_map_58,9982.06959241724,184.91167653171084
epigenomics_1944_map_59,10653.131908906715,189.85517837437482
epigenomics_1944_map_60,10347.455363133906,184.928884326361
epigenomics_1944_map_61,9599.142475817946,184.31246541147073
epigenomics_1944_map_62,9952.818600535595,184.6260447116364
epigenomics_1944_map_63,10011.37679272801,183.61764071860287
epigenomics_1944_map_64,9692.151817820844,182.049802466926
epigenomics_1944_map_65,10520.87323134309,184.5768193220543
epigenomics_1944_map_66,9949.203975399621,181.91655620050707
epigenomics_1944_map_67,9065.844772105625,184.13652745478896
epigenomics_1944_map_68,9616.530374086751,190.6683300318553
epigenomics_1944_map_69,10089.12227332572,185.05507863866612
epigenomics_1944_map_70,9872.15772445424,194.06278847151344
epigenomics_1944_map_71,10518.046373703306,186.7459467695764
epigenomics_1944_map_72,9902.0355203188,185.05946649630525
epigenomics_1944_map_73,9822.941965958256,185.79706076452916
epigenomics_1944_map_74,10661.05228670937,176.45563565104652
epigenomics_1944_map_75,10358.58049031162,187.2950727169771
epigenomics_1944_map_76,9739.004784221946,188.87924612442418
epigenomics_1944_map_77,9857.5039262471,195.21709209309884
epigenomics_1944_map_78,9699.758436977889,186.83280350387386
epigenomics_1944_map_79,10527.695294073634,193.57096710196987
epigenomics_1944_map_80,9575.135462072654,196.03736633565543
epigenomics_1944_map_81,10797.077867012473,183.72198574478017
epigenomics_1944_map_82,10464.221915649608,176.60159694822804
epigenomics_1944_map_83,9143.02476135936,185.82272968888063
epigenomics_1944_map_84,9704.571424745174,184.65342623749436
epigenomics_1944_map_85,10226.26783867269,186.86851679035607
epigenomics_1944_map_86,9791.490787428407,176.09920606414053
epigenomics_1944_map_87,10992.30720165651,188.0239657734295
epigenomics_1944_map_88,9260.481462815818,183.5123634379997
epigenomics_1944_map_89,9913.680152187837,180.91977448533385
epigenomics_1944_map_90,10362.73062021749,182.5909561485101
epigenomics_1944_map_91,10566.993637999753,183.61888262806104
epigenomics_1944_map_92,10386.236808397121,188.56122094907627
epigenomics_1944_map_93,10031.635688606384,184.74029219334616
epigenomics_1944_map_94,10359.0996548897,180.6247818873546
epigenomics_1944_map_95,10675.466222022857,190.56529489085207
epigenomics_1944_map_96,9666.244281070258,185.42875981051398
epigenomics_1944_map_97,10148.00592880273,186.57784845737487
epigenomics_1944_map_98,10254.978764465717,180.93807838149868
epigenomics_1944_map_99,9931.852002557827,184.60940928631254
epigenomics_1944_map_100,9724.857581116368,191.9262224264564
epigenomics_1944_map_101,9974.963920151933,191.57496514940223
epigenomics_1944_map_102,10146.978326983302,190.9591211397462
epigenomics_1944_map_103,10823.848974617296,183.93399883356764
epigenomics_1944_map_104,9775.576391690405,193.08768432048296
epigenomics_1944_map_105,9381.334413688755,181.34323674038615
epigenomics_1944_map_106,9072.06563510928,187.52943691160513
epigenomics_1944_map_107,9602.490499866766,177.21999044470653
epigenomics_1944_map_108,10892.114508042676,183.70792869929224
epigenomics_1944_map_109,9806.819366733587,184.51716726077152
epigenomics_1944_map_110,9754.845853401628,182.36773506998495
epigenomics_1944_map_111,10613.0518760938,190.06047608549684
epigenomics_1944_map_112,9047.780850491134,189.78568889384843
epigenomics_1944_map_113,9857.92909767682,191.72724631983647
epigenomics_1944_map_114,9883.55125365572,186.81919376343026
epigenomics_1944_map_115,11388.96784578417,183.20288227616757
epigenomics_1944_map_116,10410.269276631698,189.6296648251255
epigenomics_1944_map_117,10125.338206803322,186.94846904516308
epigenomics_1944_map_118,9874.84652938303,187.37286579446567
epigenomics_1944_map_119,11339.003762707638,194.84996188451802
epigenomics_1944_map_120,9239.19204742808,188.46204127695614
epigenomics_1944_map_121,10733.92729324836,185.45842042569885
epigenomics_1944_map_122,10413.95315089808,180.68905894692176
epigenomics_1944_map_123,10003.98287754743,188.90249301780477
epigenomics_1944_map_124,9988.469761750439,180.54671526796272
epigenomics_1944_map_125,9793.664219385595,194.0636315966532
epigenomics_1944_map_126,9422.330858404448,188.78571485041576
epigenomics_1944_map_127,9652.24499781167,182.51090163459858
epigenomics_1944_map_128,9017.452526400264,180.30156501002324
epigenomics_1944_map_129,10794.163133324135,190.20096038017033
epigenomics_1944_map_130,9885.61544412053,185.7337349156916
epigenomics_1944_map_131,10017.85417257312,178.65643050636072
epigenomics_1944_map_132,10243.855528525019,188.86367552740043
epigenomics_1944_map_133,10186.892845295217,192.30764836500623
epigenomics_1944_map_134,10249.169082328133,192.71895012884227
epigenomics_1944_map_135,10193.283718773177,190.39186790552873
epigenomics_1944_map_136,10517.419773428881,178.11738457444997
epigenomics_1944_map_137,10047.574360680093,176.65416279108473
epigenomics_1944_map_138,10556.04152974436,177.81590631074295
epigenomics_1944_map_139,10459.775031013978,186.77343746585368
epigenomics_1944_map_140,9615.65656683239,182.23600912524427
epigenomics_1944_map_141,10084.90778502511,181.08030799701623
epigenomics_1944_map_142,10673.674312114872,188.42261302298778
epigenomics_1944_map_143,9827.178819398114,181.5902839545245
epigenomics_1944_map_144,9867.517667500248,177.79315234039595
epigenomics_1944_map_145,10213.954840002572,180.0926596993344
epigenomics_1944_map_146,10581.64686393406,181.63116744828122
epigenomics_1944_map_147,9191.203537199455,186.69723421645935
epigenomics_1944_map_148,10195.244414925968,188.06484277268606
epigenomics_1944_map_149,9751.203964963697,187.63415239080027
epigenomics_1944_map_150,9200.460523600388,188.18786031138282
epigenomics_1944_map_151,9633.599087335186,178.47613134647648
epigenomics_1944_map_152,9038.457239037036,184.4888238051813
epigenomics_1944_map_153,10117.851364211981,189.94219517365337
epigenomics_1944_map_154,9464.122340630849,187.90296505795484
epigenomics_1944_map_155,10922.809457176336,185.8323511163457
epigenomics_1944_map_156,9199.878241601347,183.1690522946862
epigenomics_1944_map_157,9381.705541857376,182.882587214466
epigenomics_1944_map_158,9030.918774331885,174.7039019297638
epigenomics_1944_map_159,9836.911654642108,178.90275221973272
epigenomics_1944_map_160,9619.541595024983,187.99698575372986
epigenomics_1944_map_161,10074.2617895097,185.57463001844653
epigenomics_1944_map_162,9912.986008886248,185.73818735133128
epigenomics_1944_map_163,10870.121187561264,180.43188172934208
epigenomics_1944_map_164,10435.671666734326,183.98431405345445
epigenomics_1944_map_165,10246.439081192091,181.62879316574706
epigenomics_1944_map_166,9835.291166347444,182.41907711694626
epigenomics_1944_map_167,10399.581909775578,183.08679182971517
epigenomics_1944_map_168,9392.662271279836,188.78298643360569
epigenomics_1944_map_169,9824.992224818743,185.8518704033096
epigenomics_1944_map_170,10133.351999630708,186.66412776052394
epigenomics_1944_map_171,9830.882915138709,194.76914415318987
epigenomics_1944_map_172,9699.626166370706,176.76135767605763
epigenomics_1944_map_173,9791.195349781827,189.86531517427017
epigenomics_1944_map_174,10579.577958338521,185.49187146368888
epigenomics_1944_map_175,9889.285465200974,179.52597376602182
epigenomics_1944_map_176,10287.027820743591,176.65361876918615
epigenomics_1944_map_177,10704.379307103101,173.42821214505878
epigenomics_1944_map_178,9554.010040188614,181.29964792588473
epigenomics_1944_map_179,10469.015557925108,183.6980150608514
epigenomics_1944_map_180,10377.835260475098,189.74036607434138
epigenomics_1944_map_181,10077.63837994949,187.13747597577725
epigenomics_1944_map_182,10686.598594303803,178.6608315781315
epigenomics_1944_map_183,10656.615239366296,185.0803593489871
epigenomics_1944_map_184,10610.196483279537,183.07072587340255
epigenomics_1944_map_185,9683.021793603179,179.8202129361884
epigenomics_1944_map_186,9701.695939043444,189.91815575158935
epigenomics_1944_map_187,9805.881424509176,183.1417780468591
epigenomics_1944_map_188,10158.58971719329,175.85359757512543
epigenomics_1944_map_189,9519.485052246784,177.85645609220077
epigenomics_1944_map_190,11190.68783134939,177.81680347161623
epigenomics_1944_map_191,10271.008778365976,181.64385438361126
epigenomics_1944_map_192,9415.596905230532,188.22704909763223
epigenomics_1944_map_193,9713.680003414642,190.61609464941603
epigenomics_1944_map_194,11027.220305611709,185.0341852878432
epigenomics_1944_map_195,9756.077292230326,192.48767818509342
epigenomics_1944_map_196,9959.02050535705,187.55139631372728
epigenomics_1944_map_197,9335.538830400508,183.32388083551055
epigenomics_1944_map_198,10486.244153348389,185.50862829881322
epigenomics_1944_map_199,10205.621471632858,179.1145827488189
epigenomics_1944_map_200,9547.89610301386,185.83227543488601
epigenomics_1944_map_201,10320.371297976188,194.08256406141368
epigenomics_1944_map_202,10149.637615287478,178.67659745552942
epigenomics_1944_map_203,9928.314011664072,184.0090733395026
epigenomics_1944_map_204,9988.648269868758,186.18487939515407
epigenomics_1944_map_205,10296.134356838014,189.033293010424
epigenomics_1944_map_206,10776.9391628199,189.44428770111531
epigenomics_1944_map_207,10235.261535290518,185.40300230481964
epigenomics_1944_map_208,10234.239045946086,186.2107484777354
epigenomics_1944_map_209,9984.6946417438,192.456047491685
epigenomics_1944_map_210,9707.101414793371,182.134946249509
epigenomics_1944_map_211,10482.768904391203,191.6924134752828
epigenomics_1944_map_212,10088.195781593764,178.1269139391602
epigenomics_1944_map_213,9477.589873023462,182.7163997000655
epigenomics_1944_map_214,9648.875800858672,183.5369586124435
epigenomics_1944_map_215,10287.156739461601,172.719549623558
epigenomics_1944_map_216,9828.955183275872,185.75349339995344
epigenomics_1944_map_217,10351.901271075056,188.32197926120057
epigenomics_1944_map_218,9584.43939425785,183.38090478962084
epigenomics_1944_map_219,9788.841780244253,185.8240489996283
epigenomics_1944_map_220,10289.798210094139,183.1267636858175
epigenomics_1944_map_221,9487.725262906319,183.2793117521571
epigenomics_1944_map_222,9326.477462796203,180.2588922080318
epigenomics_1944_map_223,10240.750967259344,182.55577389804887
epigenomics_1944_map_224,10531.446964673982,185.42315946991857
epigenomics_1944_map_225,10152.92634157367,198.341841804707
epigenomics_1944_map_226,9585.943374276114,180.512884285592
epigenomics_1944_map_227,10252.660671376294,174.7590969565775
epigenomics_1944_map_228,10799.017464171158,184.98672140387777
epigenomics_1944_map_229,10805.61955360149,183.09418930881446
epigenomics_1944_map_230,9680.29854805806,191.21881845649858
epigenomics_1944_map_231,10101.343025010878,186.21423062054816
epigenomics_1944_map_232,9816.579489998601,187.27600291555598
epigenomics_1944_map_233,10301.469632152332,182.9308629248017
epigenomics_1944_map_234,10246.98757547861,185.62797233406621
epigenomics_1944_map_235,9679.512548401442,185.07668641782388
epigenomics_1944_map_236,9011.756655303798,183.75459076973704
epigenomics_1944_map_237,10684.514091867832,175.59220742250557
epigenomics_1944_map_238,10157.551905290187,184.71278928555867
epigenomics_1944_map_239,10283.65783546294,188.37818169498064
epigenomics_1944_map_240,9780.354817271758,193.85529167002974
epigenomics_1944_map_241,10036.55348303337,189.07631742574665
epigenomics_1944_map_242,9618.335827944687,188.1006798649472
epigenomics_1944_map_243,9905.388272263424,187.27877335091117
epigenomics_1944_map_244,9953.497240722054,176.45525365125488
epigenomics_1944_map_245,8780.489134811853,179.75471100265477
epigenomics_1944_map_246,9180.058105438515,190.8537652603337
epigenomics_1944_map_247,9057.69432759436,183.83712662563826
epigenomics_1944_map_248,10170.40356778909,174.84595275986288
epigenomics_1944_map_249,9729.934445603838,184.47418441513582
epigenomics_1944_map_250,8665.949075016017,193.8123470902076
epigenomics_1944_map_251,8872.29269085044,188.41511370928364
epigenomics_1944_map_252,10687.77694033081,190.43073112896607
epigenomics_1944_map_253,10191.879782804284,194.50918086850055
epigenomics_1944_map_254,10226.994241673661,193.58104912487664
epigenomics_1944_map_255,10307.300995076148,183.77411339638323
epigenomics_1944_map_256,9769.494127374664,187.3790968501415
epigenomics_1944_map_257,10097.583289272136,185.50874462262018
epigenomics_1944_map_258,9996.307762597306,185.49740443400023
epigenomics_1944_map_259,9875.856712088747,181.96349021308617
epigenomics_1944_map_260,9866.265018548305,183.63655858082643
epigenomics_1944_map_261,9898.07791137227,187.47683597709892
epigenomics_1944_map_262,10678.388759686173,182.41498744783573
epigenomics_1944_map_263,10623.982539094683,182.06555887978405
epigenomics_1944_map_264,10896.694692304949,175.88019248664986
epigenomics_1944_map_265,9693.413009840502,181.53872064102217
epigenomics_1944_map_266,10748.225141413597,191.17057474385112
epigenomics_1944_map_267,9726.118182532155,179.44851447624242
epigenomics_1944_map_268,10061.208585247585,189.28186889273272
epigenomics_1944_map_269,8928.410538090926,189.17222215430652
epigenomics_1944_map_270,9934.008122403018,179.91918341376692
epigenomics_1944_map_271,10495.421788597141,182.37909211007238
epigenomics_1944_map_272,10566.778695685014,186.86738121472666
epigenomics_1944_map_273,10911.527259662716,175.1892675111343
epigenomics_1944_map_274,9731.409751501953,184.19812666362614
epigenomics_1944_map_275,9543.022981518312,187.7640619841663
epigenomics_1944_map_276,9872.038684424277,190.5391680921307
epigenomics_1944_map_277,9847.105214991896,192.3640500601579
epigenomics_1944_map_278,10387.488009236973,186.66805783293438
epigenomics_1944_map_279,10724.989136105953,190.29818247714536
epigenomics_1944_map_280,9747.538152854917,178.9203920937533
epigenomics_1944_map_281,10820.818566025266,194.20338373666985
epigenomics_1944_map_282,10136.151198409862,183.42661049667893
epigenomics_1944_map_283,9285.790314184636,181.67601086386614
epigenomics_1944_map_284,10110.83717552045,174.3666473120547
epigenomics_1944_map_285,10383.916135510271,190.13020988792502
epigenomics_1944_map_286,9310.056184590963,185.45846615177948
epigenomics_1944_map_287,10808.813056666528,187.3085947710058
epigenomics_1944_map_288,9624.732670226802,188.26741333985453
epigenomics_1944_map_289,10419.993847668886,190.46584414212316
epigenomics_1944_map_290,8873.795992995783,191.68909983976943
epigenomics_1944_map_291,10026.20856029206,189.7062149477716
epigenomics_1944_map_292,10435.252158182951,187.18463551882843
epigenomics_1944_map_293,9993.382613112908,180.46981295614435
epigenomics_1944_map_294,10522.879286338439,177.38822551979462
epigenomics_1944_map_295,9175.566926936117,188.1718350507382
epigenomics_1944_map_296,9222.364707294602,192.22725696722452
epigenomics_1944_map_297,10402.70353987997,181.96703400200286
epigenomics_1944_map_298,10158.766519438934,185.88303674481656
epigenomics_1944_map_299,9452.732069598054,193.50379029262018
epigenomics_1944_map_300,9527.178154891995,185.4296346123344
epigenomics_1944_map_301,9094.250064364043,186.4473137582929
epigenomics_1944_map_302,10253.217287784648,185.4869665476818
epigenomics_1944_map_303,9404.025587681823,185.64391839311392
epigenomics_1944_map_304,10354.14221730174,186.57983074786048
epigenomics_1944_map_305,9594.453364945257,180.45494389954098
epigenomics_1944_map_306,9389.38114892919,187.72258083293707
epigenomics_1944_map_307,9460.04315721998,182.69923484710344
epigenomics_1944_map_308,9874.899048821864,192.17566528615123
epigenomics_1944_map_309,9655.954770932833,183.74866566370204
epigenomics_1944_map_310,9970.21535117486,189.78981578675413
epigenomics_1944_map_311,10619.145410488434,180.4301432386518
epigenomics_1944_map_312,9912.099999508659,190.1994364503068
epigenomics_1944_map_313,9503.271075301569,187.30032488524165
epigenomics_1944_map_314,9691.059892791054,184.83966716078928
epigenomics_1944_map_315,9738.02657783895,181.50552948656792
epigenomics_1944_map_316,10151.155643727958,185.20218162923572
epigenomics_1944_map_317,9708.041237910895,174.98608987257285
epigenomics_1944_map_318,9800.064359736114,191.49094445481182
epigenomics_1944_map_319,10298.438346468089,184.24162717379426
epigenomics_1944_map_320,9192.63563534832,178.65232575787104
epigenomics_1944_map_321,9996.839625611596,187.2454867634672
epigenomics_1944_map_322,10221.484479837369,185.61293620530216
epigenomics_1944_map_323,9942.636708734683,190.48929515923396
epigenomics_1944_map_324,9457.97642352624,190.35333266591957
epigenomics_1944_map_325,9664.538443314224,188.3868443785785
epigenomics_1944_map_326,10376.670829534145,180.88006311387443
epigenomics_1944_map_327,9863.943138983464,189.51324299410936
epigenomics_1944_map_328,9581.689121785497,191.51070527200824
epigenomics_1944_map_329,9305.152658149811,181.07410074256504
epigenomics_1944_map_330,10116.423080872688,180.84134873574408
epigenomics_1944_map_331,9496.0957285744,179.72644589274978
epigenomics_1944_map_332,9833.576805093582,196.5182181481194
epigenomics_1944_map_333,10058.210224273158,189.77271727098602
epigenomics_1944_map_334,9846.617743454404,178.97922117306612
epigenomics_1944_map_335,11358.011584547634,189.46858110683186
epigenomics_1944_map_336,10006.068230590898,184.81100007662735
epigenomics_1944_map_337,9546.892818711909,180.45523454984868
epigenomics_1944_map_338,9765.710068107383,185.78010164360967
epigenomics_1944_map_339,9810.830903558957,178.8306237236247
epigenomics_1944_map_340,9859.246124212046,180.56728656564533
epigenomics_1944_map_341,10898.275765575805,178.5885934878959
epigenomics_1944_map_342,10211.585268846797,179.75248716134706
epigenomics_1944_map_343,9754.62483061474,182.40126823529897
epigenomics_1944_map_344,10436.547917078084,186.52281365121763
epigenomics_1944_map_345,9734.11153170702,183.0243648495173
epigenomics_1944_map_346,10416.904765336736,182.58401828131608
epigenomics_1944_map_347,10173.977388075227,180.70665546200934
epigenomics_1944_map_348,10479.214623597776,200.96468804872578
epigenomics_1944_map_349,10315.674349457098,188.8288745232648
epigenomics_1944_map_350,10298.7453087688,189.18614160843504
epigenomics_1944_map_351,10461.451723341179,186.3847590042175
epigenomics_1944_map_352,9334.586927983713,179.7083186076863
epigenomics_1944_map_353,9451.813574056778,173.93424428170152
epigenomics_1944_map_354,9876.65340647633,189.48778315859727
epigenomics_1944_map_355,10429.685372230013,173.30892067352352
epigenomics_1944_map_356,10118.017200949744,188.84921170873864
epigenomics_1944_map_357,10529.227009792216,180.21028315765705
epigenomics_1944_map_358,9366.08974899102,182.45334218332587
epigenomics_1944_map_359,9497.999276742607,182.65602354849315
epigenomics_1944_map_360,9704.291374887907,192.8411031536287
epigenomics_1944_map_361,10506.54046307278,193.0754294110649
epigenomics_1944_map_362,10568.371488278675,180.34372639821802
epigenomics_1944_map_363,10304.600292889852,190.48245605864642
epigenomics_1944_map_364,11034.615145917423,185.00376483750938
epigenomics_1944_map_365,10673.320337954647,184.0962096965593
epigenomics_1944_map_366,9888.095758548267,183.04200811698712
epigenomics_1944_map_367,9647.394605954663,179.28803001967242
epigenomics_1944_map_368,9918.71873348051,189.0404707567227
epigenomics_1944_map_369,10872.142648117637,182.52127323266984
epigenomics_1944_map_370,9802.815597524528,179.26710618819837
epigenomics_1944_map_371,9629.778531454504,187.69705590766725
epigenomics_1944_map_372,10565.784666252668,187.5737548690769
epigenomics_1944_map_373,10175.109220154467,177.53608453495897
epigenomics_1944_map_374,10965.46319355732,184.7788932592974
epigenomics_1944_map_375,10260.894436343764,180.41431115677767
epigenomics_1944_map_376,10134.46773470423,180.51162476617063
epigenomics_1944_map_377,10497.244716740497,186.96988436790517
epigenomics_1944_map_378,10099.757707647594,185.41806568209398
epigenomics_1944_map_379,10221.492229488991,164.72102867258084
epigenomics_1944_map_380,10019.25154028377,187.08361570091733
epigenomics_1944_map_381,9860.061220444888,178.08608933304765
epigenomics_1944_map_382,9795.743931198203,178.9873703217874
epigenomics_1944_map_383,9530.865139074915,182.49788848334927
epigenomics_1944_map_384,9412.263308229878,184.3853106789992
epigenomics_1944_map_385,10565.64596242994,183.38255466700636
epigenomics_1944_map_386,9236.035635903354,177.1902609137235
epigenomics_1944_map_387,10273.377346031502,188.52423831953078
epigenomics_1944_map_388,10334.785875772395,184.19185487035767
epigenomics_1944_map_389,9442.296975285752,186.38306946344593
epigenomics_1944_map_390,10775.039490259132,184.7788627766961
epigenomics_1944_map_391,9731.73720931607,188.1842877967842
epigenomics_1944_map_392,10080.518156223154,186.3425091475753
epigenomics_1944_map_393,10051.317537756986,186.39358518711526
epigenomics_1944_map_394,10747.325861086782,181.64143761215166
epigenomics_1944_map_395,9744.300973975385,178.20232244841813
epigenomics_1944_map_396,9969.752618064338,191.1845271863549
epigenomics_1944_map_397,9879.2256940012,187.75472010232434
epigenomics_1944_map_398,10066.178881844698,190.9950880075044
epigenomics_1944_map_399,9692.535506813803,190.86979481946975
epigenomics_1944_map_400,9790.748454080314,184.73148720155922
epigenomics_1944_map_401,10178.473313105636,183.37848187837307
epigenomics_1944_map_402,9898.418253890737,182.95135416671428
epigenomics_1944_map_403,10575.059503636872,178.10145405408178
epigenomics_1944_map_404,9941.133239658337,177.23790242728094
epigenomics_1944_map_405,10090.395826695221,180.14978462831894
epigenomics_1944_map_406,11138.113166422101,176.93744114843167
epigenomics_1944_map_407,9729.466074370665,178.00964206706004
epigenomics_1944_map_408,9508.883963615965,183.67548777205198
epigenomics_1944_map_409,9593.53553347051,180.77678761552013
epigenomics_1944_map_410,9966.024702920102,186.04825634355439
epigenomics_1944_map_411,10117.961011521431,195.4903810921582
epigenomics_1944_map_412,10619.309361655354,181.22021719274335
epigenomics_1944_map_413,9925.771904811878,177.22074234666147
epigenomics_1944_map_414,9978.288815154001,186.13992081385607
epigenomics_1944_map_415,9541.347739984321,183.92267396918365
epigenomics_1944_map_416,9194.478554210202,183.1927214903241
epigenomics_1944_map_417,9771.39607775619,187.65266695264089
epigenomics_1944_map_418,10049.704268861424,179.83619084611254
epigenomics_1944_map_419,10015.749588199098,184.6425548285259
epigenomics_1944_map_420,10486.944572742299,189.39062365742058
epigenomics_1944_map_421,10094.904238479265,188.15929364011734
epigenomics_1944_map_422,9094.343859821467,189.93344874805743
epigenomics_1944_map_423,9821.099622853286,185.96691748714784
epigenomics_1944_map_424,10146.032025675939,183.19209043628004
epigenomics_1944_map_425,10928.315646505931,177.5204496649261
epigenomics_1944_map_426,9782.49152920393,188.15303244578976
epigenomics_1944_map_427,10233.981590000361,187.41634334771746
epigenomics_1944_map_428,10612.818545864955,191.33526408415696
epigenomics_1944_map_429,9989.736801617173,189.8106619555342
epigenomics_1944_map_430,9218.303704942859,186.66942431894432
epigenomics_1944_map_431,10649.276024753537,190.1289950365523
epigenomics_1944_map_432,10141.616631625833,192.33120431822633
epigenomics_1944_map_433,10078.360246236376,179.6065367132369
epigenomics_1944_map_434,10221.442206299662,182.49630382333794
epigenomics_1944_map_435,9764.87131962605,180.89743837639665
epigenomics_1944_map_436,9532.144466349797,176.92714022062518
epigenomics_1944_map_437,9673.890399589842,189.10968138342207
epigenomics_1944_map_438,10117.571875516129,178.97110226288575
epigenomics_1944_map_439,9541.378870063696,187.56485688157647
epigenomics_1944_map_440,10246.156163775413,185.5728597854456
epigenomics_1944_map_441,9957.95122641366,185.38465124918307
epigenomics_1944_map_442,9094.203603483733,183.87215182730938
epigenomics_1944_map_443,10532.868727953091,183.31255081082608
epigenomics_1944_map_444,10132.312310843581,181.49920889407957
epigenomics_1944_map_445,10088.257974383714,179.5009313621835
epigenomics_1944_map_446,10702.548909306955,187.4132375781577
epigenomics_1944_map_447,9977.31703647199,180.85620745904728
epigenomics_1944_map_448,9595.095060039394,184.14668424188312
epigenomics_1944_map_449,9747.818156184856,187.04127006574828
epigenomics_1944_map_450,9757.230039449922,176.04727574693732
epigenomics_1944_map_451,9599.434019017019,196.16124525556816
epigenomics_1944_map_452,10692.078380412922,184.3627475683114
epigenomics_1944_map_453,9624.868638720653,183.82642277003123
epigenomics_1944_map_454,10382.560931564118,182.23243507521005
epigenomics_1944_map_455,10130.08013940612,184.21197500500796
epigenomics_1944_map_456,10585.622428189683,183.4905110223592
epigenomics_1944_map_457,10498.634315186844,189.7748319455857
epigenomics_1944_map_458,8865.45505523856,184.14970670599345
epigenomics_1944_map_459,10122.882596273565,184.65509674701366
epigenomics_1944_map_460,9531.967210395462,175.41840530232005
epigenomics_1944_map_461,9689.02455493278,187.09632309364486
epigenomics_1944_map_462,10803.961294660117,182.85322245865223
epigenomics_1944_map_463,9694.0935768702,177.61750475336956
epigenomics_1944_map_464,10150.958524811744,182.5105142448278
epigenomics_1944_map_465,9991.187337824374,174.66830449738626
epigenomics_1944_map_466,10093.180831710917,181.0418108655927
epigenomics_1944_map_467,10755.131151867141,189.59300647643116
epigenomics_1944_map_468,10439.981454205192,187.2805858620495
epigenomics_1944_map_469,10890.693795144534,185.12391892905248
epigenomics_1944_map_470,9485.676525413077,172.55364422586175
epigenomics_1944_map_471,9603.5408404345,170.58946528191703
epigenomics_1944_map_472,10043.161997567346,192.4334321271097
epigenomics_1944_map_473,9685.752794578959,174.80657328612705
epigenomics_1944_map_474,10071.440104442645,180.76938514735002
epigenomics_1944_map_475,9932.772415244654,188.11808146290468
epigenomics_1944_map_476,10128.335034709917,179.8153497961452
epigenomics_1944_map_477,10496.10623980106,182.65285079143698
epigenomics_1944_map_478,9798.892214684254,185.15564869354816
epigenomics_1944_map_479,10506.131010703939,182.29336080155966
epigenomics_1944_map_480,10223.948992901414,183.47771610351307
epigenomics_1944_map_481,10371.856096717123,181.1741561775385
epigenomics_1944_map_482,10012.052708547673,192.24780554347547
epigenomics_1944_map_483,10350.141718962253,178.66248139179535
epigenomics_1944_map_484,9874.933104157219,183.98527021150792
epigenomics_1944_map_485,9784.645242597704,194.46240984543027
epigenomics_1944_map_486,9165.342033669715,183.10146579553992
epigenomics_1944_map_487,9970.019362779318,186.0973145468439
epigenomics_1944_map_488,9713.776959465948,187.5117275481583
epigenomics_1944_map_489,9645.496922818133,182.72694128860368
epigenomics_1944_map_490,10264.155992768328,184.15750005128385
epigenomics_1944_map_491,9879.151383068025,179.58015049020887
epigenomics_1944_map_492,10164.606877549959,182.8350348453746
epigenomics_1944_map_493,8810.368991047711,172.54897940652828
epigenomics_1944_map_494,9712.37318802654,180.07163386633133
epigenomics_1944_map_495,10193.47568080446,184.66527752296042
epigenomics_1944_map_496,10283.587669993238,181.39210955695003
epigenomics_1944_map_497,9320.726218510976,192.21686160003807
epigenomics_1944_map_498,9721.077825092187,180.0656600565408
epigenomics_1944_map_499,9503.041886959767,181.1700066294672
epigenomics_1944_mapMerge1_0,117.96360820454393,126.01878096313672
epigenomics_1944_mapMerge1_1,156.14444167683234,113.5648092375188
epigenomics_1944_mapMerge2_0,115.01516586826745,128.93109250459037
epigenomics_1944_chr21_0,160.94307180172225,60.53705582941133
epigenomics_1944_pileup_0,201.08105742755052,85.54968398598734
