request,latency,mem
epigenomics_1658_entry_0,1.0,1.0
epigenomics_1658_fastqSplit_0,59.7736044347471,111.60096644410622
epigenomics_1658_fastqSplit_1,74.67253097472239,97.09872683016813
epigenomics_1658_filterContams_0,22.684041678759012,55.47304535004237
epigenomics_1658_filterContams_1,15.673899963961263,59.61367194553988
epigenomics_1658_filterContams_2,20.472289805711142,56.08036261638547
epigenomics_1658_filterContams_3,18.707871664507266,51.11623429897428
epigenomics_1658_filterContams_4,24.57064336963545,81.95537150216032
epigenomics_1658_filterContams_5,20.077786894018207,63.13423074312295
epigenomics_1658_filterContams_6,21.095332824841865,56.82754952006622
epigenomics_1658_filterContams_7,18.016832778161948,66.72788160572274
epigenomics_1658_filterContams_8,20.22126083891232,63.9683340674768
epigenomics_1658_filterContams_9,18.039499194968734,64.10590540607932
epigenomics_1658_filterContams_10,25.5085958060873,64.7286942431924
epigenomics_1658_filterContams_11,17.58783617110616,66.6113877067989
epigenomics_1658_filterContams_12,19.490327492992183,69.26714534019246
epigenomics_1658_filterContams_13,19.617451376581887,68.98935818177891
epigenomics_1658_filterContams_14,15.497887932396612,67.1702281594181
epigenomics_1658_filterContams_15,22.282576811335325,54.078477680462
epigenomics_1658_filterContams_16,24.452419245959234,77.96117480662939
epigenomics_1658_filterContams_17,22.632008254696558,54.99111308601399
epigenomics_1658_filterContams_18,19.78051558583871,64.2836007361989
epigenomics_1658_filterContams_19,22.20512120937202,58.509799070156596
epigenomics_1658_filterContams_20,17.749437587730334,58.990609608193544
epigenomics_1658_filterContams_21,24.498563017902292,57.82747398200905
epigenomics_1658_filterContams_22,26.382415156834078,67.47242943562703
epigenomics_1658_filterContams_23,22.02156701540364,72.35015975536855
epigenomics_1658_filterContams_24,16.24548258792739,63.08740084203742
epigenomics_1658_filterContams_25,20.453235528408225,67.28260354341303
epigenomics_1658_filterContams_26,16.578079970118935,68.84510091824058
epigenomics_1658_filterContams_27,17.27015412254094,71.80398257640167
epigenomics_1658_filterContams_28,21.814528381561797,74.52675277308916
epigenomics_1658_filterContams_29,19.595605844678975,62.122837722229896
epigenomics_1658_filterContams_30,22.778157301164892,57.825105363068985
epigenomics_1658_filterContams_31,18.206228517450032,66.50309807380333
epigenomics_1658_filterContams_32,17.505707456358273,66.13955651899161
epigenomics_1658_filterContams_33,24.285399053327218,71.621439614621
epigenomics_1658_filterContams_34,15.83382237870172,65.46777333870315
epigenomics_1658_filterContams_35,17.050877727990496,67.37991479330412
epigenomics_1658_filterContams_36,19.71332942691189,73.43604674053246
epigenomics_1658_filterContams_37,17.19366344661258,69.40271140597073
epigenomics_1658_filterContams_38,20.147143258890935,71.1937630732499
epigenomics_1658_filterContams_39,18.83060889183096,63.3434658777844
epigenomics_1658_filterContams_40,21.44958406618233,73.46004638988101
epigenomics_1658_filterContams_41,17.91607110003355,71.44706919538262
epigenomics_1658_filterContams_42,16.179585585274527,70.52103835403045
epigenomics_1658_filterContams_43,16.850406983679605,79.13274782741703
epigenomics_1658_filterContams_44,24.82867698570167,65.75717567208942
epigenomics_1658_filterContams_45,21.634369725202117,62.33297747182186
epigenomics_1658_filterContams_46,23.170393371894647,66.02643804214748
epigenomics_1658_filterContams_47,18.375206560622615,61.41664551148113
epigenomics_1658_filterContams_48,19.937017247722576,42.36073633661105
epigenomics_1658_filterContams_49,24.163803228383813,54.96911188782194
epigenomics_1658_filterContams_50,18.75822496142343,68.51171724343787
epigenomics_1658_filterContams_51,21.611410563912237,63.31151864549893
epigenomics_1658_filterContams_52,23.736707988905923,58.719031204068216
epigenomics_1658_filterContams_53,23.749122478635798,51.87157822575587
epigenomics_1658_filterContams_54,18.31091691294441,61.9678567740343
epigenomics_1658_filterContams_55,20.56916215078729,76.05395780644675
epigenomics_1658_filterContams_56,19.954786615075445,65.28197751382672
epigenomics_1658_filterContams_57,16.741193461232456,60.5298282347028
epigenomics_1658_filterContams_58,18.773120170918688,55.57222932823495
epigenomics_1658_filterContams_59,23.168090031664978,48.70116356476548
epigenomics_1658_filterContams_60,24.862753264855236,65.09736979224701
epigenomics_1658_filterContams_61,20.06790585409569,83.23854661256244
epigenomics_1658_filterContams_62,18.796649092591778,56.21981383854309
epigenomics_1658_filterContams_63,19.472311415475414,66.3951776215674
epigenomics_1658_filterContams_64,15.750608502490312,65.56881995675927
epigenomics_1658_filterContams_65,20.878090839259187,55.41027235130191
epigenomics_1658_filterContams_66,22.800355582815556,76.91607369101874
epigenomics_1658_filterContams_67,22.436544872003985,66.28518500120043
epigenomics_1658_filterContams_68,18.706810131247472,61.630026851472614
epigenomics_1658_filterContams_69,20.121986502199757,74.92347381845909
epigenomics_1658_filterContams_70,20.54217163096627,65.60777690288383
epigenomics_1658_filterContams_71,17.924189024037926,65.00736349067422
epigenomics_1658_filterContams_72,21.16553672737468,73.20034272785131
epigenomics_1658_filterContams_73,17.413054087322575,62.921619989027484
epigenomics_1658_filterContams_74,22.53976823458462,72.0754439649593
epigenomics_1658_filterContams_75,19.977385335181,60.17287878122765
epigenomics_1658_filterContams_76,18.303290646170407,54.840709422130125
epigenomics_1658_filterContams_77,16.566508011948855,66.43987325063469
epigenomics_1658_filterContams_78,19.15205824777959,65.3302428802257
epigenomics_1658_filterContams_79,19.940710671802588,68.92478514981417
epigenomics_1658_filterContams_80,19.564421295221987,61.80537132539946
epigenomics_1658_filterContams_81,20.53769279345374,77.54121355150463
epigenomics_1658_filterContams_82,24.103034978077332,68.86494376921117
epigenomics_1658_filterContams_83,23.170404095964837,67.1385929144174
epigenomics_1658_filterContams_84,20.96523046908132,58.915514772386175
epigenomics_1658_filterContams_85,20.960661855956374,66.08516292972737
epigenomics_1658_filterContams_86,20.126290653583048,75.07365279890473
epigenomics_1658_filterContams_87,24.032860662650886,58.675422674870525
epigenomics_1658_filterContams_88,19.54299786569468,53.510333032354424
epigenomics_1658_filterContams_89,18.683959782450376,62.05585121550632
epigenomics_1658_filterContams_90,21.200752994518325,68.65071690306495
epigenomics_1658_filterContams_91,18.955154554031665,72.55115678417461
epigenomics_1658_filterContams_92,18.214236801369513,66.89724772884598
epigenomics_1658_filterContams_93,19.733211786156527,60.50625178779053
epigenomics_1658_filterContams_94,20.91332249136919,70.7342228968352
epigenomics_1658_filterContams_95,25.381582231729453,75.02904883869309
epigenomics_1658_filterContams_96,22.71028840132501,69.73958974039391
epigenomics_1658_filterContams_97,22.433200841225368,82.53057860316535
epigenomics_1658_filterContams_98,14.163114683015785,61.311481230531385
epigenomics_1658_filterContams_99,21.553858519083207,75.54693307594798
epigenomics_1658_filterContams_100,23.67806053753644,61.19059577866199
epigenomics_1658_filterContams_101,21.396201942379772,64.49794394444356
epigenomics_1658_filterContams_102,14.626956899578763,85.81604202481215
epigenomics_1658_filterContams_103,19.673859888437,65.75599898764622
epigenomics_1658_filterContams_104,20.401203866808324,52.76180356602863
epigenomics_1658_filterContams_105,21.26071214705546,66.42135879684575
epigenomics_1658_filterContams_106,18.441813872544923,67.06616568734461
epigenomics_1658_filterContams_107,15.01535900842612,58.14580174668371
epigenomics_1658_filterContams_108,19.471613143609463,53.43321214980522
epigenomics_1658_filterContams_109,21.02770597320381,60.66715901771689
epigenomics_1658_filterContams_110,21.772444763597175,71.82129351294172
epigenomics_1658_filterContams_111,23.75753640036747,77.49271517505053
epigenomics_1658_filterContams_112,21.258569771584035,47.9568975000107
epigenomics_1658_filterContams_113,14.670888077356823,46.77681831003023
epigenomics_1658_filterContams_114,21.272408303253897,67.19278395302625
epigenomics_1658_filterContams_115,16.678199459887384,61.3794914251644
epigenomics_1658_filterContams_116,15.803589830322476,52.85758795496673
epigenomics_1658_filterContams_117,21.92456852553475,64.5129273320118
epigenomics_1658_filterContams_118,18.9540900710703,72.40943779947462
epigenomics_1658_filterContams_119,16.083549784750243,65.28184312318767
epigenomics_1658_filterContams_120,16.70064933227311,70.72022019058946
epigenomics_1658_filterContams_121,24.825492985852733,55.02759506160218
epigenomics_1658_filterContams_122,16.135705020337397,86.25059160221379
epigenomics_1658_filterContams_123,20.08877795942494,54.53824145561362
epigenomics_1658_filterContams_124,24.551238222751604,67.7883481064643
epigenomics_1658_filterContams_125,16.467123274282073,66.87426463829658
epigenomics_1658_filterContams_126,24.408160691583667,51.3293964092448
epigenomics_1658_filterContams_127,12.959425079058182,58.92982122003889
epigenomics_1658_filterContams_128,18.46810308417505,73.32672608676306
epigenomics_1658_filterContams_129,20.175355402612272,57.379674543342965
epigenomics_1658_filterContams_130,19.509195058902936,49.84217865512211
epigenomics_1658_filterContams_131,22.475114687796584,67.20859138878882
epigenomics_1658_filterContams_132,23.569399427100876,66.61480968796685
epigenomics_1658_filterContams_133,16.983143218239178,77.1062503599495
epigenomics_1658_filterContams_134,18.519742923173194,67.49888412408082
epigenomics_1658_filterContams_135,20.19614204446922,61.78037830835744
epigenomics_1658_filterContams_136,23.05853313691943,61.396320861221774
epigenomics_1658_filterContams_137,20.82003654916759,79.31192436478028
epigenomics_1658_filterContams_138,15.398984741033079,70.13569373518126
epigenomics_1658_filterContams_139,16.790578265257714,77.6784812012813
epigenomics_1658_filterContams_140,16.181089034596226,67.02649283321173
epigenomics_1658_filterContams_141,18.397266375453434,55.20052808846703
epigenomics_1658_filterContams_142,16.755948304587502,68.07078454700996
epigenomics_1658_filterContams_143,20.95858228615272,70.86471929790144
epigenomics_1658_filterContams_144,24.424512153342846,55.183591610750625
epigenomics_1658_filterContams_145,21.484076337996427,57.436542236219104
epigenomics_1658_filterContams_146,16.915296931263757,48.86497597332216
epigenomics_1658_filterContams_147,17.233324040051833,71.64314698592612
epigenomics_1658_filterContams_148,27.13633353507688,70.37960428749587
epigenomics_1658_filterContams_149,20.90336464461953,72.40914533866878
epigenomics_1658_filterContams_150,21.024755032428857,57.311072269413394
epigenomics_1658_filterContams_151,22.128416123788256,58.26656951720316
epigenomics_1658_filterContams_152,15.363424152547772,59.11782000676368
epigenomics_1658_filterContams_153,20.115939990226252,66.03518174813779
epigenomics_1658_filterContams_154,28.740257326198872,69.71333036615319
epigenomics_1658_filterContams_155,22.864171890993624,57.242454316093514
epigenomics_1658_filterContams_156,17.457405483537663,65.72850917399518
epigenomics_1658_filterContams_157,24.410140502746774,69.03057739267274
epigenomics_1658_filterContams_158,21.329898197348996,63.363137123009444
epigenomics_1658_filterContams_159,23.990958638367285,76.54949957064991
epigenomics_1658_filterContams_160,19.347744705840434,44.516628440237035
epigenomics_1658_filterContams_161,25.225106677081136,71.10833968531446
epigenomics_1658_filterContams_162,14.649345203750475,68.6005840260896
epigenomics_1658_filterContams_163,19.820913066701223,62.91755327434316
epigenomics_1658_filterContams_164,18.00161770642395,73.87126565338662
epigenomics_1658_filterContams_165,20.655967793542032,55.171536262757044
epigenomics_1658_filterContams_166,19.348954245175438,59.70721053544073
epigenomics_1658_filterContams_167,23.743470249069084,75.97747255134868
epigenomics_1658_filterContams_168,16.171821365290754,51.536227787095775
epigenomics_1658_filterContams_169,18.243675276793997,67.87687302825975
epigenomics_1658_filterContams_170,19.251604223487988,58.89216641766025
epigenomics_1658_filterContams_171,16.483448349514966,59.326176910395795
epigenomics_1658_filterContams_172,12.314239829541146,61.93834222983042
epigenomics_1658_filterContams_173,21.16273025933509,74.31059924454071
epigenomics_1658_filterContams_174,19.060890734728968,62.746480900445384
epigenomics_1658_filterContams_175,19.95823893865571,55.22544536178363
epigenomics_1658_filterContams_176,14.793896043185256,59.7828921847737
epigenomics_1658_filterContams_177,22.810240273187162,64.96949453407161
epigenomics_1658_filterContams_178,20.283673148084073,73.05881331529474
epigenomics_1658_filterContams_179,22.969208978431404,55.60099557833422
epigenomics_1658_filterContams_180,17.224657244188872,70.73019557665812
epigenomics_1658_filterContams_181,27.167106206979348,72.07138497280962
epigenomics_1658_filterContams_182,23.284532467652067,65.53314824327323
epigenomics_1658_filterContams_183,20.03622226150498,74.62461270831946
epigenomics_1658_filterContams_184,19.234534098329934,82.45006600193238
epigenomics_1658_filterContams_185,16.984091809350666,51.51131110190531
epigenomics_1658_filterContams_186,21.652489039224697,64.50171937535154
epigenomics_1658_filterContams_187,18.38383766067834,68.67190930603947
epigenomics_1658_filterContams_188,19.01219586826773,63.93549429941941
epigenomics_1658_filterContams_189,17.87945292715867,60.90528487870998
epigenomics_1658_filterContams_190,21.31400866883606,62.06349292923902
epigenomics_1658_filterContams_191,22.092782108558172,80.44873776159866
epigenomics_1658_filterContams_192,21.861226625850897,61.368127989643135
epigenomics_1658_filterContams_193,17.766267751862028,58.461999989676386
epigenomics_1658_filterContams_194,21.8983486946086,60.06129397020969
epigenomics_1658_filterContams_195,23.08074451633252,44.9168346340912
epigenomics_1658_filterContams_196,20.526155678811914,75.40364102684316
epigenomics_1658_filterContams_197,20.3677237375465,70.35539723974051
epigenomics_1658_filterContams_198,25.813363060490506,74.54356497603135
epigenomics_1658_filterContams_199,18.752511766375537,59.0347233049283
epigenomics_1658_filterContams_200,19.001799499978745,60.340985911116334
epigenomics_1658_filterContams_201,19.158216053827307,55.48399157096422
epigenomics_1658_filterContams_202,15.906265360426424,61.62004247877611
epigenomics_1658_filterContams_203,20.294084297451366,78.63356381607922
epigenomics_1658_filterContams_204,23.51199025210241,71.95520040378598
epigenomics_1658_filterContams_205,22.860134904680624,63.68614165975433
epigenomics_1658_filterContams_206,16.741735211369164,63.50386124036461
epigenomics_1658_filterContams_207,17.754382546098924,58.4880721358928
epigenomics_1658_filterContams_208,17.26757731823885,64.51560728450241
epigenomics_1658_filterContams_209,20.505100552566883,68.59179735498583
epigenomics_1658_filterContams_210,22.040225517114727,67.41634942953031
epigenomics_1658_filterContams_211,22.669146881068414,56.97360069663404
epigenomics_1658_filterContams_212,18.563662272233305,63.351846140517914
epigenomics_1658_filterContams_213,22.74954827427443,53.287814256530964
epigenomics_1658_filterContams_214,19.328518807404233,64.23580319921889
epigenomics_1658_filterContams_215,23.90794068968939,68.0699217695082
epigenomics_1658_filterContams_216,21.206601823356287,68.71520183729272
epigenomics_1658_filterContams_217,23.770073898820378,60.05473217136582
epigenomics_1658_filterContams_218,24.813651385360586,68.42412109177714
epigenomics_1658_filterContams_219,20.526538537182347,64.51029679727303
epigenomics_1658_filterContams_220,22.730849537588966,60.983668080443536
epigenomics_1658_filterContams_221,20.055684334760027,65.53504855062192
epigenomics_1658_filterContams_222,21.66776982972524,57.12228949029691
epigenomics_1658_filterContams_223,20.119269430525897,65.97421593669962
epigenomics_1658_filterContams_224,23.32716996675872,63.4001831321051
epigenomics_1658_filterContams_225,21.492316331026796,74.187286699708
epigenomics_1658_filterContams_226,20.697823970529132,68.62851763551112
epigenomics_1658_filterContams_227,20.0584550281094,66.17291500874083
epigenomics_1658_filterContams_228,20.27635535749492,70.92869577627923
epigenomics_1658_filterContams_229,21.8307574556977,74.80185940091192
epigenomics_1658_filterContams_230,22.321429246751016,71.82363815482749
epigenomics_1658_filterContams_231,23.940034388990412,67.40432277164282
epigenomics_1658_filterContams_232,23.33978315786344,68.0300322015595
epigenomics_1658_filterContams_233,23.62189175326092,67.98320752306141
epigenomics_1658_filterContams_234,20.108305866437238,71.24152566446598
epigenomics_1658_filterContams_235,17.350752059893995,63.24310223818316
epigenomics_1658_filterContams_236,22.91332705890449,64.47090639448002
epigenomics_1658_filterContams_237,20.839233391033368,61.720773278079264
epigenomics_1658_filterContams_238,22.232146937496477,69.27888358008148
epigenomics_1658_filterContams_239,18.611127044187974,60.71537535005176
epigenomics_1658_filterContams_240,23.440390363078585,77.82392296567943
epigenomics_1658_filterContams_241,15.535927423652474,65.02775029419914
epigenomics_1658_filterContams_242,15.742537573274916,54.51390238231724
epigenomics_1658_filterContams_243,17.59333945617688,64.40620947824755
epigenomics_1658_filterContams_244,24.19882385863638,57.81915760359186
epigenomics_1658_filterContams_245,25.573081547559802,60.82590292954682
epigenomics_1658_filterContams_246,16.198760616796093,73.86008036641121
epigenomics_1658_filterContams_247,18.025724234309873,61.96787498206657
epigenomics_1658_filterContams_248,26.77782396396342,81.82296127187558
epigenomics_1658_filterContams_249,21.61138236945141,63.33809347223294
epigenomics_1658_filterContams_250,19.676791613422544,58.01515672484522
epigenomics_1658_filterContams_251,18.45746669232218,53.807596852150226
epigenomics_1658_filterContams_252,19.745418943321106,66.62510730572671
epigenomics_1658_filterContams_253,18.775524920390314,64.54728370267135
epigenomics_1658_filterContams_254,15.797819443249855,78.06592453978364
epigenomics_1658_filterContams_255,15.781802536480653,68.7941282878244
epigenomics_1658_filterContams_256,18.868367664075492,73.09019089090779
epigenomics_1658_filterContams_257,17.302208514405173,43.31200553886745
epigenomics_1658_filterContams_258,21.38578073780441,56.59666623601579
epigenomics_1658_filterContams_259,17.015843838746378,72.60223117061072
epigenomics_1658_filterContams_260,16.95734599941445,67.14419911557017
epigenomics_1658_filterContams_261,18.642488441681916,75.78576110942554
epigenomics_1658_filterContams_262,19.940058659420014,76.18141710114269
epigenomics_1658_filterContams_263,18.851939898124172,66.29530578112754
epigenomics_1658_filterContams_264,19.714410322357995,66.48403936521045
epigenomics_1658_filterContams_265,20.431406287823226,68.26994796656494
epigenomics_1658_filterContams_266,22.112717323604777,67.99200599008493
epigenomics_1658_filterContams_267,26.991002971482228,59.3984997199862
epigenomics_1658_filterContams_268,25.48464867676959,63.08342253073023
epigenomics_1658_filterContams_269,18.428385143276323,66.5237758658852
epigenomics_1658_filterContams_270,19.21914203170532,74.51274063929748
epigenomics_1658_filterContams_271,20.413680854879587,61.36711580012596
epigenomics_1658_filterContams_272,18.38987333314504,71.72851228990196
epigenomics_1658_filterContams_273,20.28340012762984,56.14619881517177
epigenomics_1658_filterContams_274,18.781427547052953,58.103865778779735
epigenomics_1658_filterContams_275,21.566081631141177,65.08260172263721
epigenomics_1658_filterContams_276,18.274603781714088,65.91775973056379
epigenomics_1658_filterContams_277,22.90470655540542,72.1026766327314
epigenomics_1658_filterContams_278,17.70361043119801,76.94858786125366
epigenomics_1658_filterContams_279,22.371142142967457,69.93476150712537
epigenomics_1658_filterContams_280,22.12123644849366,69.93875903998148
epigenomics_1658_filterContams_281,20.541990487792035,59.56463232770203
epigenomics_1658_filterContams_282,20.829527591698763,73.8784938739438
epigenomics_1658_filterContams_283,23.677977741763446,55.140741862176114
epigenomics_1658_filterContams_284,22.685099832110865,67.11470722635072
epigenomics_1658_filterContams_285,20.055217539107947,69.39628792296058
epigenomics_1658_filterContams_286,17.99600970335345,73.4902044523562
epigenomics_1658_filterContams_287,19.89078398029003,58.731457914836916
epigenomics_1658_filterContams_288,17.363642245193144,70.96391735506883
epigenomics_1658_filterContams_289,18.21025367540265,80.10669297272285
epigenomics_1658_filterContams_290,18.80363765080017,66.35999756991198
epigenomics_1658_filterContams_291,20.346990765333313,76.7544717533658
epigenomics_1658_filterContams_292,17.51708639225927,64.29517903915023
epigenomics_1658_filterContams_293,21.133928192935304,66.08161512619266
epigenomics_1658_filterContams_294,17.13395069504589,54.63623207466969
epigenomics_1658_filterContams_295,20.746948743448197,75.37506550314517
epigenomics_1658_filterContams_296,17.95372327229939,54.736767939219476
epigenomics_1658_filterContams_297,21.519304550783673,76.90453566123597
epigenomics_1658_filterContams_298,22.253090555024734,53.3715270056243
epigenomics_1658_filterContams_299,16.266265464568335,74.58563356305585
epigenomics_1658_filterContams_300,18.824273968472735,61.506580946984684
epigenomics_1658_filterContams_301,21.65941291465583,71.07270296547777
epigenomics_1658_filterContams_302,20.99737972034091,67.77696143203016
epigenomics_1658_filterContams_303,26.712223024766708,70.47711239758154
epigenomics_1658_filterContams_304,24.174792548323754,52.81838890743167
epigenomics_1658_filterContams_305,21.273241119831734,50.9849156309585
epigenomics_1658_filterContams_306,19.230871846377372,69.77977817907087
epigenomics_1658_filterContams_307,19.664631401972727,69.04214038140162
epigenomics_1658_filterContams_308,19.05987319409304,58.92104002718665
epigenomics_1658_filterContams_309,17.301966427777867,61.81740740518301
epigenomics_1658_filterContams_310,17.451626346121195,64.02119158404409
epigenomics_1658_filterContams_311,19.776636858582663,52.04874343716873
epigenomics_1658_filterContams_312,23.686988407637326,62.014503385168915
epigenomics_1658_filterContams_313,19.183480286768848,64.47399555935868
epigenomics_1658_filterContams_314,22.015713481063344,75.1181121000248
epigenomics_1658_filterContams_315,18.065847787352116,55.33889424791549
epigenomics_1658_filterContams_316,21.905254864055394,64.67254924897773
epigenomics_1658_filterContams_317,18.5232550077727,74.4869173320531
epigenomics_1658_filterContams_318,17.081548272791462,76.76252654686833
epigenomics_1658_filterContams_319,21.812975917839697,66.00270907277607
epigenomics_1658_filterContams_320,17.264579005163355,52.726074541884714
epigenomics_1658_filterContams_321,22.940776489605312,70.01079318518325
epigenomics_1658_filterContams_322,27.47539900836803,54.92291900841946
epigenomics_1658_filterContams_323,19.698509641282964,74.14643304712497
epigenomics_1658_filterContams_324,18.44168826978612,64.26224387016036
epigenomics_1658_filterContams_325,22.002603554538293,64.38368040072469
epigenomics_1658_filterContams_326,19.049276934748708,68.53399864904625
epigenomics_1658_filterContams_327,16.57009589845503,56.803141234932255
epigenomics_1658_filterContams_328,21.540567098804402,62.44610244555271
epigenomics_1658_filterContams_329,25.89033450385426,78.01516583968862
epigenomics_1658_filterContams_330,18.169391153303103,61.22406394884342
epigenomics_1658_filterContams_331,14.467643239543884,63.25843268343243
epigenomics_1658_filterContams_332,15.581852781352804,69.49969764682268
epigenomics_1658_filterContams_333,21.319535659729233,58.086524335697064
epigenomics_1658_filterContams_334,18.77129086948625,70.0756692907463
epigenomics_1658_filterContams_335,21.79718612265925,62.054919667348564
epigenomics_1658_filterContams_336,18.836500193371467,64.05458721820304
epigenomics_1658_filterContams_337,18.03981175123738,70.05653920843102
epigenomics_1658_filterContams_338,23.78841889622392,76.58178505545577
epigenomics_1658_filterContams_339,23.39541310180288,64.88146040026434
epigenomics_1658_filterContams_340,22.994219545219384,65.92416884329677
epigenomics_1658_filterContams_341,19.376150058792533,69.92994841426457
epigenomics_1658_filterContams_342,24.685295811342073,75.83483347334166
epigenomics_1658_filterContams_343,18.146852297656913,61.21922715222072
epigenomics_1658_filterContams_344,15.417920164247207,59.31314521614697
epigenomics_1658_filterContams_345,16.624679305821957,67.16140324416699
epigenomics_1658_filterContams_346,22.128704616558835,74.55158107163258
epigenomics_1658_filterContams_347,20.269169035500937,59.55618802853602
epigenomics_1658_filterContams_348,20.841842494839437,67.52617505918836
epigenomics_1658_filterContams_349,19.85449401067394,64.48440414957341
epigenomics_1658_filterContams_350,19.49465811061187,64.52742657387854
epigenomics_1658_filterContams_351,16.390209426493886,57.024677535113966
epigenomics_1658_filterContams_352,18.34246281900988,58.57051200289593
epigenomics_1658_filterContams_353,19.89044880673435,59.13778293177955
epigenomics_1658_filterContams_354,21.123511736678285,66.220039509369
epigenomics_1658_filterContams_355,25.367054839128734,65.18482269250681
epigenomics_1658_filterContams_356,16.851665837262363,70.65938527764982
epigenomics_1658_filterContams_357,25.517275293870387,78.94325740733468
epigenomics_1658_filterContams_358,18.12339232858119,74.66056734186509
epigenomics_1658_filterContams_359,20.327240934421976,54.83025458804071
epigenomics_1658_filterContams_360,19.65656761814087,67.87753571411096
epigenomics_1658_filterContams_361,25.526415557862492,62.1189920123283
epigenomics_1658_filterContams_362,21.296351157687244,72.89626964425382
epigenomics_1658_filterContams_363,27.912655879285275,61.43077145800343
epigenomics_1658_filterContams_364,19.031107025442488,65.76310957685038
epigenomics_1658_filterContams_365,17.529048366180582,84.88755167031691
epigenomics_1658_filterContams_366,18.765426988732173,63.333650460490986
epigenomics_1658_filterContams_367,20.733684481704934,60.19375604626389
epigenomics_1658_filterContams_368,15.380755287263845,68.7339846326628
epigenomics_1658_filterContams_369,20.502599791265308,80.15908702707932
epigenomics_1658_filterContams_370,17.700957911047066,49.883324027500734
epigenomics_1658_filterContams_371,21.214932513655942,58.26326625652034
epigenomics_1658_filterContams_372,20.36615379805824,80.69227041709051
epigenomics_1658_filterContams_373,20.51193028979729,59.30528141166803
epigenomics_1658_filterContams_374,21.7959530542693,73.90422769128767
epigenomics_1658_filterContams_375,22.820528407506632,71.43055812755175
epigenomics_1658_filterContams_376,17.06156740675264,64.35731746053624
epigenomics_1658_filterContams_377,23.973228382304594,76.16280985631022
epigenomics_1658_filterContams_378,18.31832328509857,65.7540256934689
epigenomics_1658_filterContams_379,19.86924504034324,67.85231932467907
epigenomics_1658_filterContams_380,20.17499414502656,57.282919381145796
epigenomics_1658_filterContams_381,18.834992568699185,59.93103155406759
epigenomics_1658_filterContams_382,16.49973077669092,41.249545271184985
epigenomics_1658_filterContams_383,21.054360906990876,59.34893507358899
epigenomics_1658_filterContams_384,16.640035235946364,76.02946167077803
epigenomics_1658_filterContams_385,20.90028536561961,61.11572255063122
epigenomics_1658_filterContams_386,23.36413449759545,74.89109721981008
epigenomics_1658_filterContams_387,23.252866082668998,65.78473943552831
epigenomics_1658_filterContams_388,20.621665528765174,68.80546324272503
epigenomics_1658_filterContams_389,19.979095711108993,57.14119459369473
epigenomics_1658_filterContams_390,20.288793195540396,66.94506034704695
epigenomics_1658_filterContams_391,18.81203632464896,62.05722929295105
epigenomics_1658_filterContams_392,26.16017885091392,64.09540966108548
epigenomics_1658_filterContams_393,20.60500473183397,69.62564505102317
epigenomics_1658_filterContams_394,14.807063766070769,49.053004282277406
epigenomics_1658_filterContams_395,19.6935587079406,79.76719943204999
epigenomics_1658_filterContams_396,21.383870309881516,52.16792368642843
epigenomics_1658_filterContams_397,14.114203721900731,70.14905823932706
epigenomics_1658_filterContams_398,26.06092884642868,60.89251733285607
epigenomics_1658_filterContams_399,22.14062665541907,73.42937433468765
epigenomics_1658_filterContams_400,20.62005454888994,64.08836253060599
epigenomics_1658_filterContams_401,20.19275831126821,66.39677740948716
epigenomics_1658_filterContams_402,22.928895442203316,63.904495009569686
epigenomics_1658_filterContams_403,18.4201567054905,60.25129816410563
epigenomics_1658_filterContams_404,19.14664516619859,60.50412914628614
epigenomics_1658_filterContams_405,15.18431191335151,55.66207726999214
epigenomics_1658_filterContams_406,17.297467240971176,66.77742977173524
epigenomics_1658_filterContams_407,18.801368626274026,76.53592877346976
epigenomics_1658_filterContams_408,17.226632792740144,59.16617419694558
epigenomics_1658_filterContams_409,23.181128720264805,55.470947662702315
epigenomics_1658_filterContams_410,27.919145506328686,74.85723921220281
epigenomics_1658_filterContams_411,20.580660288152725,70.98125279785252
epigenomics_1658_filterContams_412,19.971464399528013,55.48514203476309
epigenomics_1658_filterContams_413,19.99859465190031,74.409688079649
epigenomics_1658_filterContams_414,17.009887825256502,70.14678585912736
epigenomics_1658_filterContams_415,14.566055550793106,73.27957224343275
epigenomics_1658_filterContams_416,16.24257606380305,72.4453187084541
epigenomics_1658_filterContams_417,25.044084459380286,68.1263777085998
epigenomics_1658_filterContams_418,23.843422330459475,78.22224439942659
epigenomics_1658_filterContams_419,13.080665007598853,63.67003293432777
epigenomics_1658_filterContams_420,17.416803243284264,73.40885722791434
epigenomics_1658_filterContams_421,15.23876166963497,73.17807386402558
epigenomics_1658_filterContams_422,26.530705738295623,74.49912424148249
epigenomics_1658_filterContams_423,19.394991491334974,73.97694460660237
epigenomics_1658_filterContams_424,17.474873672681543,76.89427527587361
epigenomics_1658_filterContams_425,20.46356424366728,51.48524956540105
epigenomics_1658_filterContams_426,24.28392157436344,51.10136715015992
epigenomics_1658_filterContams_427,18.811688697251125,72.75259307828995
epigenomics_1658_filterContams_428,16.246430034216637,70.58285761865719
epigenomics_1658_filterContams_429,17.723711293425385,56.621074991344706
epigenomics_1658_filterContams_430,23.98763447457965,71.05456533401016
epigenomics_1658_filterContams_431,22.60578401628038,75.5562719990186
epigenomics_1658_filterContams_432,24.84818199642939,64.83996579090002
epigenomics_1658_filterContams_433,18.705891705549003,59.008930336844855
epigenomics_1658_filterContams_434,24.458182170194736,61.510694139661744
epigenomics_1658_filterContams_435,16.799527770317756,79.23222573922968
epigenomics_1658_filterContams_436,23.753261940716996,67.57569527994308
epigenomics_1658_filterContams_437,15.849632946997474,78.62405335045315
epigenomics_1658_filterContams_438,16.9551871889211,60.75813676767395
epigenomics_1658_filterContams_439,17.622912345631768,76.86714765307639
epigenomics_1658_filterContams_440,17.85696685525028,50.01884880671215
epigenomics_1658_filterContams_441,20.836778319078352,69.06732679403605
epigenomics_1658_filterContams_442,22.370826191739713,62.78673069151385
epigenomics_1658_filterContams_443,24.42991047158882,79.01410914105678
epigenomics_1658_filterContams_444,18.02370208391282,74.76237874533777
epigenomics_1658_filterContams_445,17.667796865734996,55.93638616301746
epigenomics_1658_filterContams_446,22.081590945453875,67.30929073641413
epigenomics_1658_filterContams_447,19.394648012761376,71.57096160263713
epigenomics_1658_filterContams_448,21.217698417515308,58.28614279121773
epigenomics_1658_filterContams_449,17.92797215239307,76.7608883744805
epigenomics_1658_filterContams_450,19.863620143496515,67.37091383991714
epigenomics_1658_filterContams_451,16.200400684949496,71.74874934242223
epigenomics_1658_filterContams_452,20.545406001315087,76.50090103095486
epigenomics_1658_filterContams_453,15.399528573910242,58.41050624981302
epigenomics_1658_filterContams_454,21.079099289681064,69.03756336295638
epigenomics_1658_filterContams_455,20.367339417028123,66.32259673968844
epigenomics_1658_filterContams_456,19.964679729854925,59.80908839674339
epigenomics_1658_filterContams_457,16.956467593682525,74.13954131016303
epigenomics_1658_filterContams_458,16.412610439570557,60.75576397882724
epigenomics_1658_filterContams_459,20.977767970234886,55.50380343950254
epigenomics_1658_filterContams_460,17.101667898456533,69.96481511827317
epigenomics_1658_filterContams_461,21.155949255196266,63.594208699883616
epigenomics_1658_filterContams_462,20.62041673837436,73.68113703490556
epigenomics_1658_filterContams_463,20.26515098173272,52.18672216671117
epigenomics_1658_filterContams_464,24.951580463900335,80.1151906130622
epigenomics_1658_filterContams_465,25.735903972070986,72.35693498550494
epigenomics_1658_filterContams_466,19.273728859605203,56.321569008164026
epigenomics_1658_filterContams_467,19.042464821523197,74.06572281877959
epigenomics_1658_filterContams_468,21.18095123982725,58.68721125389756
epigenomics_1658_filterContams_469,23.722968318211485,72.15370827395519
epigenomics_1658_filterContams_470,17.706771050217345,54.07198968424069
epigenomics_1658_filterContams_471,20.458656634936084,71.90075076811948
epigenomics_1658_filterContams_472,19.93261271457805,69.85031197624869
epigenomics_1658_filterContams_473,20.103263054888856,63.94126969764409
epigenomics_1658_filterContams_474,22.81186673795775,72.07378518885771
epigenomics_1658_filterContams_475,24.875698529126588,67.00255740959214
epigenomics_1658_filterContams_476,17.543150890715065,64.05939850392544
epigenomics_1658_filterContams_477,18.727266325399416,50.928721307407535
epigenomics_1658_filterContams_478,19.413849110733654,56.11486529400624
epigenomics_1658_filterContams_479,23.678283316252482,77.97858381247866
epigenomics_1658_filterContams_480,23.28098201335798,69.99557737012273
epigenomics_1658_filterContams_481,18.161632199483524,59.94225450424922
epigenomics_1658_filterContams_482,25.031886122558134,61.4211765887561
epigenomics_1658_filterContams_483,18.77062015726198,66.60146613492486
epigenomics_1658_filterContams_484,20.321290095506434,77.11721346413587
epigenomics_1658_filterContams_485,20.85321233674617,57.203776776427674
epigenomics_1658_filterContams_486,17.734851231737114,71.49442977631972
epigenomics_1658_filterContams_487,18.372022680145374,71.37004958035615
epigenomics_1658_filterContams_488,18.195571988230878,68.6899546101931
epigenomics_1658_filterContams_489,19.487884137220433,67.78055241109745
epigenomics_1658_filterContams_490,20.951886840676778,52.9218947674446
epigenomics_1658_filterContams_491,17.845520236447527,66.46394567985631
epigenomics_1658_filterContams_492,21.820690552996336,80.32027106357579
epigenomics_1658_filterContams_493,19.67390888401393,66.59105461145934
epigenomics_1658_filterContams_494,16.193996539268667,78.18874052120813
epigenomics_1658_filterContams_495,23.579607203798908,65.13144034625215
epigenomics_1658_filterContams_496,25.680864493525924,52.383196101719506
epigenomics_1658_filterContams_497,18.216152426183847,66.79002043649105
epigenomics_1658_filterContams_498,25.387849240329242,68.62542766290473
epigenomics_1658_filterContams_499,22.49742866582876,53.136274445231415
epigenomics_1658_sol2sanger_0,83.24239918088234,45.18557499580412
epigenomics_1658_sol2sanger_1,76.93257189578073,62.413028134488314
epigenomics_1658_sol2sanger_2,85.4638697502718,38.27775687012841
epigenomics_1658_sol2sanger_3,71.9854858449808,50.10870363893578
epigenomics_1658_sol2sanger_4,83.15737519166812,41.263010838216445
epigenomics_1658_sol2sanger_5,78.40927005379658,23.95336542688891
epigenomics_1658_sol2sanger_6,88.28945256137047,37.78985171042428
epigenomics_1658_sol2sanger_7,84.75053385527391,35.98778335870519
epigenomics_1658_sol2sanger_8,90.92423163167248,42.68791434077423
epigenomics_1658_sol2sanger_9,80.21647794371594,31.43856582517526
epigenomics_1658_sol2sanger_10,79.26654861624002,42.662616873129785
epigenomics_1658_sol2sanger_11,86.52650998718971,39.229036065068115
epigenomics_1658_sol2sanger_12,74.9430088649368,39.53942206313236
epigenomics_1658_sol2sanger_13,78.76845514296474,42.05600620504855
epigenomics_1658_sol2sanger_14,76.61984355021384,38.66693394217879
epigenomics_1658_sol2sanger_15,84.2085851818894,53.01056268226932
epigenomics_1658_sol2sanger_16,74.33071245750175,42.37571540222878
epigenomics_1658_sol2sanger_17,77.31362616411576,44.70011502560342
epigenomics_1658_sol2sanger_18,82.26224601941266,46.74863734709221
epigenomics_1658_sol2sanger_19,73.97739580559637,47.79308834908736
epigenomics_1658_sol2sanger_20,80.33772501035979,38.37859359010556
epigenomics_1658_sol2sanger_21,78.97386983390192,46.38411340763316
epigenomics_1658_sol2sanger_22,85.76926348300813,51.31470179539061
epigenomics_1658_sol2sanger_23,89.88350868865749,46.99990817141568
epigenomics_1658_sol2sanger_24,79.74543447470644,42.373291541255
epigenomics_1658_sol2sanger_25,81.86097034940168,47.61941329640672
epigenomics_1658_sol2sanger_26,87.8216100313984,49.02218019595591
epigenomics_1658_sol2sanger_27,75.7592441906283,37.81849142308472
epigenomics_1658_sol2sanger_28,79.1897591096787,44.61831382951952
epigenomics_1658_sol2sanger_29,81.33522263751692,47.46054170918321
epigenomics_1658_sol2sanger_30,80.82185723834266,34.86347022595288
epigenomics_1658_sol2sanger_31,78.03471792740152,51.298037367419546
epigenomics_1658_sol2sanger_32,78.48795448253715,40.639240981022226
epigenomics_1658_sol2sanger_33,81.00541099798598,40.0344492496153
epigenomics_1658_sol2sanger_34,77.45455600697615,47.09707125144142
epigenomics_1658_sol2sanger_35,79.05160394314282,34.13555603481513
epigenomics_1658_sol2sanger_36,78.72122235801233,37.51870696578902
epigenomics_1658_sol2sanger_37,82.60088039511727,59.41540383287318
epigenomics_1658_sol2sanger_38,76.89640840028733,46.17729017593444
epigenomics_1658_sol2sanger_39,68.8919103889605,52.014957533738226
epigenomics_1658_sol2sanger_40,79.10464876311863,54.66329643723844
epigenomics_1658_sol2sanger_41,70.64264469519925,42.25754479807901
epigenomics_1658_sol2sanger_42,73.35190578462873,67.8822122040064
epigenomics_1658_sol2sanger_43,82.63503135454974,36.31880633841006
epigenomics_1658_sol2sanger_44,79.35145640597318,40.6215465206197
epigenomics_1658_sol2sanger_45,84.15461387755748,51.836973436548426
epigenomics_1658_sol2sanger_46,75.99686787035343,36.15381792470879
epigenomics_1658_sol2sanger_47,78.66411077624034,40.99440605834455
epigenomics_1658_sol2sanger_48,79.45856532497999,47.75001373454058
epigenomics_1658_sol2sanger_49,74.98580281625004,54.2034910682732
epigenomics_1658_sol2sanger_50,80.03275949767537,60.2056947106183
epigenomics_1658_sol2sanger_51,79.99178251060555,51.86077056062249
epigenomics_1658_sol2sanger_52,78.61327677179828,40.787889836039994
epigenomics_1658_sol2sanger_53,76.29997515434499,52.63856475520453
epigenomics_1658_sol2sanger_54,74.65659711054914,43.97743900737979
epigenomics_1658_sol2sanger_55,83.61747349397403,42.41097146990855
epigenomics_1658_sol2sanger_56,77.84489069707512,58.87231836520775
epigenomics_1658_sol2sanger_57,88.73193193129285,31.06704272644953
epigenomics_1658_sol2sanger_58,72.88024464158268,54.52036593837611
epigenomics_1658_sol2sanger_59,83.07541386439642,50.318467146452235
epigenomics_1658_sol2sanger_60,83.91263910400347,41.30397097698304
epigenomics_1658_sol2sanger_61,69.37484203457758,46.78411173491622
epigenomics_1658_sol2sanger_62,73.11758857392428,49.76127345257551
epigenomics_1658_sol2sanger_63,74.29358474016433,51.846000375520966
epigenomics_1658_sol2sanger_64,81.33354811374788,50.063125275938845
epigenomics_1658_sol2sanger_65,74.3151419686003,56.10818507083975
epigenomics_1658_sol2sanger_66,78.13088926879358,26.249541246228546
epigenomics_1658_sol2sanger_67,80.12464974549307,60.68901411290552
epigenomics_1658_sol2sanger_68,81.51915123950258,45.641278468679694
epigenomics_1658_sol2sanger_69,84.51909479197738,42.23442886117438
epigenomics_1658_sol2sanger_70,76.17680581490946,43.10086001455378
epigenomics_1658_sol2sanger_71,81.05461551191377,33.74089650232918
epigenomics_1658_sol2sanger_72,73.17711092130615,52.22498095588203
epigenomics_1658_sol2sanger_73,70.3272676056704,45.7668894793216
epigenomics_1658_sol2sanger_74,83.55884284381186,32.499683237741124
epigenomics_1658_sol2sanger_75,80.7959418890251,49.532786773878165
epigenomics_1658_sol2sanger_76,71.34138006155405,32.29720208057256
epigenomics_1658_sol2sanger_77,80.47506258851527,37.667973118922035
epigenomics_1658_sol2sanger_78,80.41363498801955,44.8638780986008
epigenomics_1658_sol2sanger_79,71.0335191047656,52.32846135332829
epigenomics_1658_sol2sanger_80,77.60265694126583,35.88973809520141
epigenomics_1658_sol2sanger_81,79.64249661707201,44.288334813500555
epigenomics_1658_sol2sanger_82,82.54840676020824,40.04851755745143
epigenomics_1658_sol2sanger_83,86.84312977554357,46.24971505515691
epigenomics_1658_sol2sanger_84,76.44497758586057,36.61905773397041
epigenomics_1658_sol2sanger_85,79.45671052942006,48.02608969976133
epigenomics_1658_sol2sanger_86,84.04861837253473,48.38966765291297
epigenomics_1658_sol2sanger_87,75.19428323464555,52.6018871968556
epigenomics_1658_sol2sanger_88,78.71540745359846,32.57510401015486
epigenomics_1658_sol2sanger_89,82.3813349649125,46.36452720935141
epigenomics_1658_sol2sanger_90,83.24964049643812,43.30539992772332
epigenomics_1658_sol2sanger_91,82.6528624030822,48.62768346889836
epigenomics_1658_sol2sanger_92,79.97373356265669,48.10608893453622
epigenomics_1658_sol2sanger_93,79.83421774679944,41.13985160832948
epigenomics_1658_sol2sanger_94,75.93562519495782,42.51668368456366
epigenomics_1658_sol2sanger_95,76.02193990690792,48.73023345515922
epigenomics_1658_sol2sanger_96,66.86600347161311,37.91164870838875
epigenomics_1658_sol2sanger_97,77.49464614674812,49.80195188162167
epigenomics_1658_sol2sanger_98,76.9845284061373,43.361748687434634
epigenomics_1658_sol2sanger_99,79.17141062712476,42.26250137610058
epigenomics_1658_sol2sanger_100,83.11642356632268,42.954853923833895
epigenomics_1658_sol2sanger_101,79.2928708825866,42.510681948102516
epigenomics_1658_sol2sanger_102,76.12040439210477,49.030063391084525
epigenomics_1658_sol2sanger_103,84.95012990839167,56.70136999360897
epigenomics_1658_sol2sanger_104,70.17848186181324,48.83142767512969
epigenomics_1658_sol2sanger_105,77.84198176902564,39.8804650444853
epigenomics_1658_sol2sanger_106,83.31031103619459,52.1995450498372
epigenomics_1658_sol2sanger_107,74.67532437453397,53.632053967999425
epigenomics_1658_sol2sanger_108,82.37839102339271,63.152238738202115
epigenomics_1658_sol2sanger_109,89.36828716406646,44.169064903194894
epigenomics_1658_sol2sanger_110,79.95947445533099,54.96051835566931
epigenomics_1658_sol2sanger_111,78.4729823834865,54.036374895904
epigenomics_1658_sol2sanger_112,83.45073818659773,30.04417851461435
epigenomics_1658_sol2sanger_113,84.0912379939598,39.38815025847338
epigenomics_1658_sol2sanger_114,80.14965713249303,47.6538480178631
epigenomics_1658_sol2sanger_115,88.78102076682194,44.77237530687118
epigenomics_1658_sol2sanger_116,73.82243264312584,40.656483958629316
epigenomics_1658_sol2sanger_117,86.35979866885482,55.019852667394275
epigenomics_1658_sol2sanger_118,78.85040411707269,45.594672028569924
epigenomics_1658_sol2sanger_119,79.98756645118864,59.253030438569034
epigenomics_1658_sol2sanger_120,72.83458108472419,55.635307510303775
epigenomics_1658_sol2sanger_121,77.46600485365127,46.645930278761355
epigenomics_1658_sol2sanger_122,73.34831569866819,45.707971238270474
epigenomics_1658_sol2sanger_123,73.95608507999128,48.48846177458568
epigenomics_1658_sol2sanger_124,75.04709526666637,34.9910265240309
epigenomics_1658_sol2sanger_125,81.74096309529475,27.93419158240383
epigenomics_1658_sol2sanger_126,75.02258479253543,43.344802508224895
epigenomics_1658_sol2sanger_127,87.85177292633666,35.07490408836655
epigenomics_1658_sol2sanger_128,83.74540133079408,50.00026078595808
epigenomics_1658_sol2sanger_129,74.74834547424082,39.253346678912294
epigenomics_1658_sol2sanger_130,80.88358104991008,50.324896846420735
epigenomics_1658_sol2sanger_131,80.10165110053191,45.885077146443855
epigenomics_1658_sol2sanger_132,73.04724416967653,40.89984580389617
epigenomics_1658_sol2sanger_133,85.7209421893431,55.03419871355874
epigenomics_1658_sol2sanger_134,75.88686144664263,43.97100648972716
epigenomics_1658_sol2sanger_135,86.51848630862246,50.78065527910395
epigenomics_1658_sol2sanger_136,88.6815211999361,40.67579576464395
epigenomics_1658_sol2sanger_137,81.35256193471547,42.23217575430847
epigenomics_1658_sol2sanger_138,68.72533432223271,58.758453052535344
epigenomics_1658_sol2sanger_139,77.9389652238015,33.814042772566154
epigenomics_1658_sol2sanger_140,72.68208799263051,45.14857424662938
epigenomics_1658_sol2sanger_141,85.47819270216829,40.45426524232424
epigenomics_1658_sol2sanger_142,86.13191787419598,31.679726419299662
epigenomics_1658_sol2sanger_143,82.60315397644047,46.32115902030078
epigenomics_1658_sol2sanger_144,82.82528318321992,42.129277493847454
epigenomics_1658_sol2sanger_145,76.3235029009485,59.62890383232097
epigenomics_1658_sol2sanger_146,85.70970066330162,43.624916000196045
epigenomics_1658_sol2sanger_147,76.73625774981747,33.93738105043021
epigenomics_1658_sol2sanger_148,81.04945672154581,38.20874829990806
epigenomics_1658_sol2sanger_149,80.0371319376753,37.28442800568955
epigenomics_1658_sol2sanger_150,83.42455774162079,39.299697215104295
epigenomics_1658_sol2sanger_151,85.71235941801126,47.955544675987035
epigenomics_1658_sol2sanger_152,82.73820752172853,46.572646735053574
epigenomics_1658_sol2sanger_153,67.28808319706812,46.79706110628933
epigenomics_1658_sol2sanger_154,87.13248201684326,38.69798698538408
epigenomics_1658_sol2sanger_155,84.61153781449383,39.27475701255761
epigenomics_1658_sol2sanger_156,78.85999484529599,48.77291661410178
epigenomics_1658_sol2sanger_157,80.3776435177371,46.18137423930039
epigenomics_1658_sol2sanger_158,87.83668480695883,37.718580812678475
epigenomics_1658_sol2sanger_159,84.61891660002387,47.046439346163865
epigenomics_1658_sol2sanger_160,85.11281386785271,49.020202439084564
epigenomics_1658_sol2sanger_161,86.3968947661491,48.92365324310973
epigenomics_1658_sol2sanger_162,67.62350080615501,52.53664557556959
epigenomics_1658_sol2sanger_163,89.56426273331896,46.294028758446736
epigenomics_1658_sol2sanger_164,74.56998326198797,46.5415148304899
epigenomics_1658_sol2sanger_165,78.3142991586854,46.64989019359552
epigenomics_1658_sol2sanger_166,79.4468401194294,49.98214653233257
epigenomics_1658_sol2sanger_167,81.91211052905554,57.94498123298082
epigenomics_1658_sol2sanger_168,81.00367307266697,33.649960129173834
epigenomics_1658_sol2sanger_169,77.16424086375437,31.43276384860351
epigenomics_1658_sol2sanger_170,77.8034034668172,45.49610090771942
epigenomics_1658_sol2sanger_171,82.87301797158021,46.47921924340876
epigenomics_1658_sol2sanger_172,73.21741574525137,33.167762927928905
epigenomics_1658_sol2sanger_173,80.34792481472358,49.51827748172134
epigenomics_1658_sol2sanger_174,83.42172313529869,53.919236644381385
epigenomics_1658_sol2sanger_175,79.22142616058564,39.59850490463654
epigenomics_1658_sol2sanger_176,84.15047174007897,55.55779132226994
epigenomics_1658_sol2sanger_177,70.29143518888917,64.53295749498368
epigenomics_1658_sol2sanger_178,84.95557527403362,45.94709486141963
epigenomics_1658_sol2sanger_179,85.08470138857282,37.328328655844444
epigenomics_1658_sol2sanger_180,82.46897368456172,40.1383582110436
epigenomics_1658_sol2sanger_181,86.75144825505718,51.08095076562599
epigenomics_1658_sol2sanger_182,73.79679920477615,59.41118155424909
epigenomics_1658_sol2sanger_183,80.69263715898853,41.917044746943915
epigenomics_1658_sol2sanger_184,81.99771541979703,53.96356604923144
epigenomics_1658_sol2sanger_185,80.13976834698622,34.04672808034563
epigenomics_1658_sol2sanger_186,79.67762549358852,41.97034038167963
epigenomics_1658_sol2sanger_187,82.61896995168007,39.80554501842507
epigenomics_1658_sol2sanger_188,76.30956511107642,38.401976699406404
epigenomics_1658_sol2sanger_189,86.62921997940927,45.10683686868011
epigenomics_1658_sol2sanger_190,75.45528411156762,60.43655201101971
epigenomics_1658_sol2sanger_191,77.08319033690192,43.46251462436304
epigenomics_1658_sol2sanger_192,74.99002358696045,35.928530521386605
epigenomics_1658_sol2sanger_193,80.96006727114293,45.99501161082711
epigenomics_1658_sol2sanger_194,81.13490547362775,44.6843924063938
epigenomics_1658_sol2sanger_195,89.57890737566298,52.867013410951614
epigenomics_1658_sol2sanger_196,81.00177029556917,42.50561399635367
epigenomics_1658_sol2sanger_197,81.69514807777914,50.81052846383827
epigenomics_1658_sol2sanger_198,77.89882631776285,44.15978771703376
epigenomics_1658_sol2sanger_199,70.25374913609949,50.440818870910476
epigenomics_1658_sol2sanger_200,80.35548372324239,53.04868830131741
epigenomics_1658_sol2sanger_201,75.18850380463215,48.01488900932898
epigenomics_1658_sol2sanger_202,79.58604230928569,47.319786842842674
epigenomics_1658_sol2sanger_203,81.53083491246996,47.85170803855124
epigenomics_1658_sol2sanger_204,75.26519040217836,46.6779303655141
epigenomics_1658_sol2sanger_205,69.22497434266191,46.97893729997279
epigenomics_1658_sol2sanger_206,76.84191561552106,65.45805204289678
epigenomics_1658_sol2sanger_207,78.37562178929117,36.501426031195805
epigenomics_1658_sol2sanger_208,72.2977724723771,33.54758741464646
epigenomics_1658_sol2sanger_209,82.01601680248253,40.899536857779054
epigenomics_1658_sol2sanger_210,80.9893922350341,43.65729351955206
epigenomics_1658_sol2sanger_211,84.46197043035677,51.592888827287915
epigenomics_1658_sol2sanger_212,81.46006870809353,37.75584524992495
epigenomics_1658_sol2sanger_213,80.47426697517211,48.1441385127856
epigenomics_1658_sol2sanger_214,80.16197716667972,57.598788354701966
epigenomics_1658_sol2sanger_215,73.08624181681404,48.53715110256797
epigenomics_1658_sol2sanger_216,80.63874104388003,41.88458510305687
epigenomics_1658_sol2sanger_217,83.37962351427352,54.83280693122924
epigenomics_1658_sol2sanger_218,82.23573340429023,53.865928676853585
epigenomics_1658_sol2sanger_219,79.35344702155122,47.892160349999564
epigenomics_1658_sol2sanger_220,89.42031121181338,48.00230649512237
epigenomics_1658_sol2sanger_221,87.6963721074807,34.02238553803183
epigenomics_1658_sol2sanger_222,82.38186508926054,40.65863692231116
epigenomics_1658_sol2sanger_223,69.0666321484707,44.11385773551958
epigenomics_1658_sol2sanger_224,85.2319710818092,48.827961972436434
epigenomics_1658_sol2sanger_225,85.75256764549954,43.620290262910366
epigenomics_1658_sol2sanger_226,74.85637178711235,38.11176744501821
epigenomics_1658_sol2sanger_227,75.20580440411597,54.307996263079204
epigenomics_1658_sol2sanger_228,85.62227890059918,49.41523876643176
epigenomics_1658_sol2sanger_229,81.21542198854932,44.44632811024132
epigenomics_1658_sol2sanger_230,79.99607299702544,46.256506326375884
epigenomics_1658_sol2sanger_231,86.00112523420344,40.18898593795335
epigenomics_1658_sol2sanger_232,85.84055771702864,40.35406781234277
epigenomics_1658_sol2sanger_233,80.61592382555963,41.95027202915078
epigenomics_1658_sol2sanger_234,84.45249875966097,42.908909069053124
epigenomics_1658_sol2sanger_235,75.46962264034346,45.00223356245667
epigenomics_1658_sol2sanger_236,76.93015272754573,57.59207203769634
epigenomics_1658_sol2sanger_237,79.29031683217794,42.73892441723021
epigenomics_1658_sol2sanger_238,70.70625737515371,48.48387997262834
epigenomics_1658_sol2sanger_239,76.69827866044997,45.54111412928865
epigenomics_1658_sol2sanger_240,80.29003965651819,39.76498508336641
epigenomics_1658_sol2sanger_241,84.19590833465315,50.038847094432946
epigenomics_1658_sol2sanger_242,74.7081402994375,50.245045882264684
epigenomics_1658_sol2sanger_243,69.83477628149198,42.36003877616975
epigenomics_1658_sol2sanger_244,80.39226940540415,48.09575611249241
epigenomics_1658_sol2sanger_245,77.36348985575017,42.384007433260436
epigenomics_1658_sol2sanger_246,82.14217565121913,45.830522270113306
epigenomics_1658_sol2sanger_247,91.2083935129194,51.11653333559047
epigenomics_1658_sol2sanger_248,84.43924052490465,36.66720963555659
epigenomics_1658_sol2sanger_249,83.34935040602478,37.59423493007983
epigenomics_1658_sol2sanger_250,79.56967749672388,33.610066887745546
epigenomics_1658_sol2sanger_251,85.39568476567955,37.40592995278782
epigenomics_1658_sol2sanger_252,75.94268340876857,46.136534359330774
epigenomics_1658_sol2sanger_253,78.91334243120014,49.291189392391345
epigenomics_1658_sol2sanger_254,81.69658789347217,57.389377199567974
epigenomics_1658_sol2sanger_255,75.83454510300452,42.55912400290621
epigenomics_1658_sol2sanger_256,79.07749731436039,43.77094627909167
epigenomics_1658_sol2sanger_257,81.93529573028013,58.49497854702719
epigenomics_1658_sol2sanger_258,74.38888447344942,55.14931394556861
epigenomics_1658_sol2sanger_259,80.01832487392213,51.01117219434438
epigenomics_1658_sol2sanger_260,74.56223375167737,54.66065241042094
epigenomics_1658_sol2sanger_261,71.73496701093063,32.078091839244195
epigenomics_1658_sol2sanger_262,69.5542967661415,45.67887948770159
epigenomics_1658_sol2sanger_263,86.44370119022224,37.45631941226784
epigenomics_1658_sol2sanger_264,84.68336346584611,51.2043172536362
epigenomics_1658_sol2sanger_265,86.6932203088728,64.67317121113075
epigenomics_1658_sol2sanger_266,75.0186874733688,53.1916877148227
epigenomics_1658_sol2sanger_267,84.0296919390155,39.118832819198005
epigenomics_1658_sol2sanger_268,82.15316485503041,56.048984583491716
epigenomics_1658_sol2sanger_269,76.83032979936434,38.17050954833267
epigenomics_1658_sol2sanger_270,81.32818192285592,38.36143622040167
epigenomics_1658_sol2sanger_271,81.37124150406285,49.925751906866935
epigenomics_1658_sol2sanger_272,86.82400060941617,42.50870050419917
epigenomics_1658_sol2sanger_273,75.6072724300333,35.40873099477613
epigenomics_1658_sol2sanger_274,74.11926501239577,46.16834919720653
epigenomics_1658_sol2sanger_275,74.72554870753802,41.611751410835154
epigenomics_1658_sol2sanger_276,81.24365185047141,65.90760263743991
epigenomics_1658_sol2sanger_277,76.6617261500663,37.79183252404844
epigenomics_1658_sol2sanger_278,85.83817196516105,44.93064768037627
epigenomics_1658_sol2sanger_279,76.51737210147266,43.89666538336217
epigenomics_1658_sol2sanger_280,93.10793511336585,40.132280269122916
epigenomics_1658_sol2sanger_281,82.48817274285781,48.44993026603449
epigenomics_1658_sol2sanger_282,79.5346804816008,47.54963426512663
epigenomics_1658_sol2sanger_283,81.88647355271922,44.42802870454381
epigenomics_1658_sol2sanger_284,84.84979096335509,40.38426988158565
epigenomics_1658_sol2sanger_285,80.00790924672758,41.82553129972612
epigenomics_1658_sol2sanger_286,74.52288630009822,46.09280430419538
epigenomics_1658_sol2sanger_287,78.62760448459365,41.20807972837204
epigenomics_1658_sol2sanger_288,77.4757566534176,33.91569459368637
epigenomics_1658_sol2sanger_289,89.18417322054047,30.61656574495487
epigenomics_1658_sol2sanger_290,77.26569562309865,39.947442118168496
epigenomics_1658_sol2sanger_291,93.10642872175704,43.73229484082864
epigenomics_1658_sol2sanger_292,81.38374590864613,58.953118427416655
epigenomics_1658_sol2sanger_293,72.59663780266142,52.45558770273483
epigenomics_1658_sol2sanger_294,89.29044504803126,48.21090681236069
epigenomics_1658_sol2sanger_295,72.00651375238432,52.54530802675861
epigenomics_1658_sol2sanger_296,84.3672782540762,43.00890041073133
epigenomics_1658_sol2sanger_297,71.52776065907614,33.91142273433124
epigenomics_1658_sol2sanger_298,87.00682124143646,49.90295507041563
epigenomics_1658_sol2sanger_299,86.850907185007,48.90044806616428
epigenomics_1658_sol2sanger_300,79.12084604941971,50.92288834165612
epigenomics_1658_sol2sanger_301,78.24623688764515,47.82694179814297
epigenomics_1658_sol2sanger_302,82.81743310896181,52.86868016037476
epigenomics_1658_sol2sanger_303,78.83676976200806,39.6268155916362
epigenomics_1658_sol2sanger_304,78.14420096025005,41.55802890646047
epigenomics_1658_sol2sanger_305,82.50816536376674,38.900737204771296
epigenomics_1658_sol2sanger_306,71.50046270878727,50.04686704654365
epigenomics_1658_sol2sanger_307,81.99111270760658,34.991907869627305
epigenomics_1658_sol2sanger_308,86.30670107862935,43.919557739004034
epigenomics_1658_sol2sanger_309,86.12957697210615,37.08865634011096
epigenomics_1658_sol2sanger_310,81.0399117821704,50.259242880482006
epigenomics_1658_sol2sanger_311,77.22607351790329,48.753512418453965
epigenomics_1658_sol2sanger_312,72.75020615528524,56.647144162666805
epigenomics_1658_sol2sanger_313,76.45549498514164,44.58649143747729
epigenomics_1658_sol2sanger_314,78.38065456138024,52.141626834078664
epigenomics_1658_sol2sanger_315,86.78622998654488,51.151717540126825
epigenomics_1658_sol2sanger_316,75.39205176656324,38.12799358102908
epigenomics_1658_sol2sanger_317,79.65940984038706,50.831707386919604
epigenomics_1658_sol2sanger_318,82.69252755782561,39.60309061400061
epigenomics_1658_sol2sanger_319,75.81446898867158,38.1256953973743
epigenomics_1658_sol2sanger_320,78.6681493825646,46.53194320560469
epigenomics_1658_sol2sanger_321,79.48818910830147,55.7845950070209
epigenomics_1658_sol2sanger_322,83.896251335751,52.527023189920605
epigenomics_1658_sol2sanger_323,88.02642745500745,28.898254422770815
epigenomics_1658_sol2sanger_324,74.64900607505403,64.98594439785272
epigenomics_1658_sol2sanger_325,82.39927698506833,57.41980751278383
epigenomics_1658_sol2sanger_326,78.93581995674147,46.55802956682795
epigenomics_1658_sol2sanger_327,77.66534395788565,51.22334230665593
epigenomics_1658_sol2sanger_328,78.71292737580488,47.24402314058334
epigenomics_1658_sol2sanger_329,71.30805714248245,40.74452546926114
epigenomics_1658_sol2sanger_330,71.66432125407553,40.84602601101598
epigenomics_1658_sol2sanger_331,80.748173960827,48.258343966921636
epigenomics_1658_sol2sanger_332,81.48784880981071,39.86107977883748
epigenomics_1658_sol2sanger_333,74.64078090716272,43.534072387788356
epigenomics_1658_sol2sanger_334,75.51169095475623,35.38003841534889
epigenomics_1658_sol2sanger_335,81.73333664280044,37.37193124719732
epigenomics_1658_sol2sanger_336,86.62931718740478,39.80779013231674
epigenomics_1658_sol2sanger_337,83.85699665820023,42.275702357868546
epigenomics_1658_sol2sanger_338,78.49046982745202,38.009227356841215
epigenomics_1658_sol2sanger_339,86.8523246601449,39.026472176870726
epigenomics_1658_sol2sanger_340,87.17791771612251,36.637291498715626
epigenomics_1658_sol2sanger_341,80.36238204451708,31.46511937024787
epigenomics_1658_sol2sanger_342,79.07778844478814,37.37618178236565
epigenomics_1658_sol2sanger_343,78.06584632581577,54.14299131652416
epigenomics_1658_sol2sanger_344,76.49354199243223,43.02282580821867
epigenomics_1658_sol2sanger_345,80.21160940945606,49.37936395617506
epigenomics_1658_sol2sanger_346,67.95710936533408,34.98960185958198
epigenomics_1658_sol2sanger_347,79.11404237083937,38.937986158061165
epigenomics_1658_sol2sanger_348,77.63118180090345,34.68455879082914
epigenomics_1658_sol2sanger_349,86.16289316426463,45.136174286044294
epigenomics_1658_sol2sanger_350,84.61369901122198,39.76218669287746
epigenomics_1658_sol2sanger_351,79.56870814644707,31.507396915497836
epigenomics_1658_sol2sanger_352,88.34739220714451,38.395304421996215
epigenomics_1658_sol2sanger_353,77.94987942788374,60.648642705147935
epigenomics_1658_sol2sanger_354,69.48518096879835,45.61423040278701
epigenomics_1658_sol2sanger_355,73.66045719280775,30.79407818608822
epigenomics_1658_sol2sanger_356,85.45549557601832,37.25306790719027
epigenomics_1658_sol2sanger_357,86.60674747628718,51.47187759600305
epigenomics_1658_sol2sanger_358,82.87311859304575,51.75511338926257
epigenomics_1658_sol2sanger_359,80.88013463621324,52.72135074561876
epigenomics_1658_sol2sanger_360,78.18362279564555,33.47893902653973
epigenomics_1658_sol2sanger_361,76.06542063239867,55.297585098169804
epigenomics_1658_sol2sanger_362,81.10336172471314,50.23485643923379
epigenomics_1658_sol2sanger_363,85.37985129181189,26.609172054730923
epigenomics_1658_sol2sanger_364,77.23786607414927,54.86263972289981
epigenomics_1658_sol2sanger_365,83.69054535668174,47.126873407961355
epigenomics_1658_sol2sanger_366,82.43549274737288,42.73276753229676
epigenomics_1658_sol2sanger_367,80.22602037218158,46.12080405428489
epigenomics_1658_sol2sanger_368,79.50387655426852,35.3385571607656
epigenomics_1658_sol2sanger_369,81.14209432927613,42.641593111829394
epigenomics_1658_sol2sanger_370,73.5797837683325,47.32636511105326
epigenomics_1658_sol2sanger_371,79.08795973146344,43.90618831134949
epigenomics_1658_sol2sanger_372,83.01613456979527,36.76986742098426
epigenomics_1658_sol2sanger_373,78.47992136964523,55.71046339075473
epigenomics_1658_sol2sanger_374,78.22297574591077,50.68172579395689
epigenomics_1658_sol2sanger_375,73.03512032289102,35.24212608500561
epigenomics_1658_sol2sanger_376,84.01162124318947,47.01523587546006
epigenomics_1658_sol2sanger_377,77.24919750389314,56.05433523537333
epigenomics_1658_sol2sanger_378,74.6359634734952,53.07280986991034
epigenomics_1658_sol2sanger_379,65.07330470972225,34.61690302630524
epigenomics_1658_sol2sanger_380,78.32512060077795,53.84468991520418
epigenomics_1658_sol2sanger_381,76.58266198165772,33.552867157207196
epigenomics_1658_sol2sanger_382,74.4080978179036,53.94032910091755
epigenomics_1658_sol2sanger_383,80.76342173221678,33.03212322941783
epigenomics_1658_sol2sanger_384,75.8863519860395,51.068514324031696
epigenomics_1658_sol2sanger_385,85.67560942989758,41.10910630512419
epigenomics_1658_sol2sanger_386,88.68675108568668,50.79483182169475
epigenomics_1658_sol2sanger_387,83.45136706895643,45.768349478934915
epigenomics_1658_sol2sanger_388,86.88096776562936,35.84136068666956
epigenomics_1658_sol2sanger_389,80.01005867928114,56.13769637316388
epigenomics_1658_sol2sanger_390,75.2181170631101,33.8623334449036
epigenomics_1658_sol2sanger_391,77.53263918833011,55.458139749587104
epigenomics_1658_sol2sanger_392,72.48632476751784,44.1225518615581
epigenomics_1658_sol2sanger_393,74.67707420926344,40.59333238730705
epigenomics_1658_sol2sanger_394,85.19431640864417,39.77641268958725
epigenomics_1658_sol2sanger_395,80.06354106173382,57.33698600786981
epigenomics_1658_sol2sanger_396,79.55885760157294,49.74483058424575
epigenomics_1658_sol2sanger_397,79.72325103773957,32.31561331728403
epigenomics_1658_sol2sanger_398,69.39123818097296,40.60839667972121
epigenomics_1658_sol2sanger_399,86.4657112488457,38.04284046784411
epigenomics_1658_sol2sanger_400,73.15279124074738,50.868882574065694
epigenomics_1658_sol2sanger_401,77.89768131089019,42.11633186613414
epigenomics_1658_sol2sanger_402,79.97483813711906,43.07062757768426
epigenomics_1658_sol2sanger_403,75.35357076601063,42.990640720920446
epigenomics_1658_sol2sanger_404,79.28196342589628,54.91023004050635
epigenomics_1658_sol2sanger_405,79.68499726308808,41.61967065300615
epigenomics_1658_sol2sanger_406,79.36402211616509,55.984458941662
epigenomics_1658_sol2sanger_407,76.66146870497613,50.94093602655707
epigenomics_1658_sol2sanger_408,76.94886568591481,42.724086644468564
epigenomics_1658_sol2sanger_409,79.79986302704822,45.17421582338508
epigenomics_1658_sol2sanger_410,82.06747967530937,53.85734650296128
epigenomics_1658_sol2sanger_411,72.34163141684692,59.74295952557461
epigenomics_1658_sol2sanger_412,88.49658418342399,54.22691144734742
epigenomics_1658_sol2sanger_413,74.11009892290743,42.92417034899421
epigenomics_1658_sol2sanger_414,77.83924212575643,44.111918970474115
epigenomics_1658_sol2sanger_415,77.83651828467632,41.70020479062781
epigenomics_1658_sol2sanger_416,84.1814916210171,45.25202614758302
epigenomics_1658_sol2sanger_417,90.1748771578722,46.80697617748248
epigenomics_1658_sol2sanger_418,75.71215515257241,41.20514806507588
epigenomics_1658_sol2sanger_419,78.48793069409226,45.15689964645032
epigenomics_1658_sol2sanger_420,78.87734177704371,51.10243170733651
epigenomics_1658_sol2sanger_421,78.5811877759132,46.276566411297615
epigenomics_1658_sol2sanger_422,82.87471120344091,45.34561271401001
epigenomics_1658_sol2sanger_423,86.14681751247932,33.45638258132233
epigenomics_1658_sol2sanger_424,84.47011307659794,46.19126443861581
epigenomics_1658_sol2sanger_425,85.59643786695887,51.85571746684109
epigenomics_1658_sol2sanger_426,74.95702440875073,27.88973350402539
epigenomics_1658_sol2sanger_427,86.29648530246155,46.900742231512744
epigenomics_1658_sol2sanger_428,65.4733568774528,38.24688583336428
epigenomics_1658_sol2sanger_429,81.68348785590825,30.30203774625095
epigenomics_1658_sol2sanger_430,79.36041785169046,43.98836256276883
epigenomics_1658_sol2sanger_431,73.42723628071491,39.657085783728846
epigenomics_1658_sol2sanger_432,73.37371208164,45.710646274204166
epigenomics_1658_sol2sanger_433,80.41828067478617,47.636257753369506
epigenomics_1658_sol2sanger_434,74.2783016592898,49.56578312331727
epigenomics_1658_sol2sanger_435,80.63920628254178,38.51071879788006
epigenomics_1658_sol2sanger_436,67.83157295399155,39.19357665007617
epigenomics_1658_sol2sanger_437,80.71568759777387,43.30907765684719
epigenomics_1658_sol2sanger_438,85.98365547643749,47.73973994281921
epigenomics_1658_sol2sanger_439,72.95097852901205,52.63427992294299
epigenomics_1658_sol2sanger_440,78.85393655929775,66.98950628945404
epigenomics_1658_sol2sanger_441,74.68846051240065,58.159241309371254
epigenomics_1658_sol2sanger_442,73.82894320089966,46.169803284277705
epigenomics_1658_sol2sanger_443,76.7467860599963,34.1529161067612
epigenomics_1658_sol2sanger_444,83.57427634099331,45.37070007433829
epigenomics_1658_sol2sanger_445,87.76573010458655,50.8710378121117
epigenomics_1658_sol2sanger_446,78.01584378327557,49.902064906531436
epigenomics_1658_sol2sanger_447,76.0503067746501,53.9210160098444
epigenomics_1658_sol2sanger_448,72.8571977415436,53.65343558190318
epigenomics_1658_sol2sanger_449,74.17482180482712,48.78739102465816
epigenomics_1658_sol2sanger_450,85.32649828300714,53.98493467796088
epigenomics_1658_sol2sanger_451,80.09688634563824,35.47096436147173
epigenomics_1658_sol2sanger_452,86.87214035896682,38.74653363240891
epigenomics_1658_sol2sanger_453,84.41379073443291,38.32430058440934
epigenomics_1658_sol2sanger_454,84.34490173285185,42.11559652066318
epigenomics_1658_sol2sanger_455,79.52926228442725,48.49231610413239
epigenomics_1658_sol2sanger_456,80.66632915884166,39.69256824110118
epigenomics_1658_sol2sanger_457,82.75026526501375,52.25171620969306
epigenomics_1658_sol2sanger_458,84.05643262704747,48.926820502895154
epigenomics_1658_sol2sanger_459,77.10037328375388,39.115401119746465
epigenomics_1658_sol2sanger_460,77.54791194156581,49.88500151503827
epigenomics_1658_sol2sanger_461,89.18000735739805,26.845771091151054
epigenomics_1658_sol2sanger_462,77.92575662923095,55.53902857087042
epigenomics_1658_sol2sanger_463,84.91812237977842,63.86437618260146
epigenomics_1658_sol2sanger_464,75.5184198095049,42.465946519994986
epigenomics_1658_sol2sanger_465,75.15951830276981,39.91084007722783
epigenomics_1658_sol2sanger_466,79.83126745864064,47.4345946904633
epigenomics_1658_sol2sanger_467,73.49506473231413,47.666390734035
epigenomics_1658_sol2sanger_468,83.71675499600092,48.05672190566852
epigenomics_1658_sol2sanger_469,84.39694655264609,50.99852259851266
epigenomics_1658_sol2sanger_470,75.54796216864041,47.93159312004195
epigenomics_1658_sol2sanger_471,80.38053084448698,47.088281341666395
epigenomics_1658_sol2sanger_472,77.97586642978604,42.90682071986588
epigenomics_1658_sol2sanger_473,84.9372873941484,50.24723424184941
epigenomics_1658_sol2sanger_474,83.80801322672416,50.01025050166787
epigenomics_1658_sol2sanger_475,84.7575050948015,43.06262990619294
epigenomics_1658_sol2sanger_476,78.69953326729191,46.88778901287747
epigenomics_1658_sol2sanger_477,82.24431511111803,46.99000072007323
epigenomics_1658_sol2sanger_478,72.81807896476812,32.67234278000817
epigenomics_1658_sol2sanger_479,77.69207127046013,39.560017568872915
epigenomics_1658_sol2sanger_480,83.84794699031002,43.17450041727213
epigenomics_1658_sol2sanger_481,76.92425727496259,40.75348828535555
epigenomics_1658_sol2sanger_482,75.29712930752694,56.35668857601155
epigenomics_1658_sol2sanger_483,86.75842192714215,42.80426516646698
epigenomics_1658_sol2sanger_484,79.53835288310135,37.63207995780479
epigenomics_1658_sol2sanger_485,74.12117950877264,32.114540884124246
epigenomics_1658_sol2sanger_486,86.22355012777838,51.912250811615586
epigenomics_1658_sol2sanger_487,87.40005462861221,30.13342750134877
epigenomics_1658_sol2sanger_488,80.81718499019932,37.33396809824963
epigenomics_1658_sol2sanger_489,73.37331249594443,47.02374692018528
epigenomics_1658_sol2sanger_490,88.31586557855445,36.61641421328092
epigenomics_1658_sol2sanger_491,75.7915007043063,47.39265256346947
epigenomics_1658_sol2sanger_492,83.6158068873801,43.71863547589355
epigenomics_1658_sol2sanger_493,83.42977739832723,55.29059410302635
epigenomics_1658_sol2sanger_494,78.3714124296286,37.88650620004995
epigenomics_1658_sol2sanger_495,74.09478007308888,43.61767168528226
epigenomics_1658_sol2sanger_496,82.76547407784064,40.013656808498595
epigenomics_1658_sol2sanger_497,76.49323138568656,40.27293626126057
epigenomics_1658_sol2sanger_498,84.48724627900316,39.33961861381429
epigenomics_1658_sol2sanger_499,81.03223741807881,34.917139317381775
epigenomics_1658_fast2bfq_0,30.545366044141723,86.41601318696654
epigenomics_1658_fast2bfq_1,38.5414740094702,90.21124448558525
epigenomics_1658_fast2bfq_2,42.46555741145773,80.87763211342406
epigenomics_1658_fast2bfq_3,57.81477420569885,69.7841656211289
epigenomics_1658_fast2bfq_4,46.67896373509458,77.06793741286656
epigenomics_1658_fast2bfq_5,49.714033165955804,88.34678726034261
epigenomics_1658_fast2bfq_6,56.8348662826203,80.71695961428024
epigenomics_1658_fast2bfq_7,47.30922648787107,78.53881368674304
epigenomics_1658_fast2bfq_8,39.288153244232284,90.88550460176556
epigenomics_1658_fast2bfq_9,46.012681976968494,73.81623761319202
epigenomics_1658_fast2bfq_10,62.39063207345851,80.19926137409068
epigenomics_1658_fast2bfq_11,45.78909014724192,76.07057448113116
epigenomics_1658_fast2bfq_12,42.34612617888331,78.4574277044966
epigenomics_1658_fast2bfq_13,37.370982318474084,74.20258109973558
epigenomics_1658_fast2bfq_14,42.204445113308815,81.32836832726427
epigenomics_1658_fast2bfq_15,29.791361427791976,79.67687169728681
epigenomics_1658_fast2bfq_16,53.174250285691485,84.49084561381893
epigenomics_1658_fast2bfq_17,42.95822968328485,88.75741958069403
epigenomics_1658_fast2bfq_18,37.016958290306235,80.8992088582157
epigenomics_1658_fast2bfq_19,50.10676127688418,87.95200761279285
epigenomics_1658_fast2bfq_20,44.404016607851595,76.83684035767136
epigenomics_1658_fast2bfq_21,46.560239389990144,85.95355992077525
epigenomics_1658_fast2bfq_22,42.081141108838764,74.7671560725666
epigenomics_1658_fast2bfq_23,45.18972008216262,68.58297650919057
epigenomics_1658_fast2bfq_24,51.938442597367896,69.21012037606033
epigenomics_1658_fast2bfq_25,47.61307649914372,88.70864788734028
epigenomics_1658_fast2bfq_26,39.5971313333695,85.57402737330361
epigenomics_1658_fast2bfq_27,36.76044759846617,75.32911262949891
epigenomics_1658_fast2bfq_28,47.166191225897414,83.77292639802344
epigenomics_1658_fast2bfq_29,46.69735058641867,68.13731711328653
epigenomics_1658_fast2bfq_30,45.921078405558546,86.11832856317622
epigenomics_1658_fast2bfq_31,40.585302191151506,73.49093308237155
epigenomics_1658_fast2bfq_32,41.68924612726177,78.82229120179436
epigenomics_1658_fast2bfq_33,43.56100251535701,75.03611024163138
epigenomics_1658_fast2bfq_34,55.61834022949194,77.41959074949723
epigenomics_1658_fast2bfq_35,42.99604751663193,91.21048790655138
epigenomics_1658_fast2bfq_36,46.408009258698,71.55078463258882
epigenomics_1658_fast2bfq_37,45.82965059341929,81.06474842193794
epigenomics_1658_fast2bfq_38,46.89470889100969,78.9778253454587
epigenomics_1658_fast2bfq_39,40.83344838382194,67.15447076637669
epigenomics_1658_fast2bfq_40,41.00180084044359,84.96410466774005
epigenomics_1658_fast2bfq_41,48.61518729981755,76.8319044924338
epigenomics_1658_fast2bfq_42,41.41254112930311,94.32754063551324
epigenomics_1658_fast2bfq_43,44.11349457678027,80.65604887657824
epigenomics_1658_fast2bfq_44,53.21832229777361,83.2371613634426
epigenomics_1658_fast2bfq_45,46.096083749735676,76.93927263987075
epigenomics_1658_fast2bfq_46,50.420908293919574,70.65201778528495
epigenomics_1658_fast2bfq_47,38.12704930890397,78.60698657026462
epigenomics_1658_fast2bfq_48,37.21652235576617,79.40437056008585
epigenomics_1658_fast2bfq_49,34.97718674528025,79.71857404537319
epigenomics_1658_fast2bfq_50,40.60056221358009,81.70617918400905
epigenomics_1658_fast2bfq_51,53.6656947540665,74.56853116010896
epigenomics_1658_fast2bfq_52,55.391366185550936,70.35152785768624
epigenomics_1658_fast2bfq_53,47.84022412142592,73.2384698811266
epigenomics_1658_fast2bfq_54,44.572022576358,75.22939248875646
epigenomics_1658_fast2bfq_55,38.98983842880975,82.37438318159599
epigenomics_1658_fast2bfq_56,36.963749107785944,82.19142609957076
epigenomics_1658_fast2bfq_57,66.87228934770752,72.04663137801187
epigenomics_1658_fast2bfq_58,39.94341624691683,81.55415196222238
epigenomics_1658_fast2bfq_59,47.047112519112254,64.21898479948312
epigenomics_1658_fast2bfq_60,54.89890995874455,81.95156147280211
epigenomics_1658_fast2bfq_61,40.58064193817877,65.65305099855925
epigenomics_1658_fast2bfq_62,51.69428422557741,84.18414489179213
epigenomics_1658_fast2bfq_63,44.29463339151094,90.60285111295597
epigenomics_1658_fast2bfq_64,42.73592152541015,85.16945769642747
epigenomics_1658_fast2bfq_65,38.711637624660085,84.74375481064813
epigenomics_1658_fast2bfq_66,43.006194109986964,91.10714720591422
epigenomics_1658_fast2bfq_67,43.215665678669225,79.1069591824422
epigenomics_1658_fast2bfq_68,41.31957570586381,76.41050643017064
epigenomics_1658_fast2bfq_69,39.8948737264809,84.41781855391253
epigenomics_1658_fast2bfq_70,51.7233326191629,78.0698723230511
epigenomics_1658_fast2bfq_71,42.36831647908397,84.01643395849656
epigenomics_1658_fast2bfq_72,33.5354586697811,87.62492481723915
epigenomics_1658_fast2bfq_73,41.503538497849156,78.32603267701438
epigenomics_1658_fast2bfq_74,40.85876627019417,92.12157262671009
epigenomics_1658_fast2bfq_75,56.49391028853164,77.46639660863929
epigenomics_1658_fast2bfq_76,30.378663908039613,70.27746732543841
epigenomics_1658_fast2bfq_77,43.91492810296498,76.77570259023823
epigenomics_1658_fast2bfq_78,47.985857496215694,81.2601863683447
epigenomics_1658_fast2bfq_79,56.887338881788935,72.03215316266139
epigenomics_1658_fast2bfq_80,48.00233600042884,91.45512062876523
epigenomics_1658_fast2bfq_81,49.67067792768801,74.99551666954201
epigenomics_1658_fast2bfq_82,40.46927974593639,86.78437320709604
epigenomics_1658_fast2bfq_83,52.69324881225741,83.41149285550595
epigenomics_1658_fast2bfq_84,38.07380756988687,74.59712989284378
epigenomics_1658_fast2bfq_85,51.506619018464804,82.60217600069039
epigenomics_1658_fast2bfq_86,39.98716893615084,74.46726999058855
epigenomics_1658_fast2bfq_87,48.89717170204941,74.32248983809349
epigenomics_1658_fast2bfq_88,47.51084250712353,75.65156888550803
epigenomics_1658_fast2bfq_89,59.17442804980987,76.32140383876113
epigenomics_1658_fast2bfq_90,40.89483282824578,78.07766315056793
epigenomics_1658_fast2bfq_91,47.70741625318434,76.29005891685016
epigenomics_1658_fast2bfq_92,50.937616389690355,83.61285650234223
epigenomics_1658_fast2bfq_93,27.235792479712543,73.62924857964474
epigenomics_1658_fast2bfq_94,49.29976345091993,87.26489403893727
epigenomics_1658_fast2bfq_95,53.128261592687316,77.15340707830086
epigenomics_1658_fast2bfq_96,44.96878356057827,83.4748014582926
epigenomics_1658_fast2bfq_97,37.97864278381003,86.03082372896654
epigenomics_1658_fast2bfq_98,51.187746615349944,75.57200508295224
epigenomics_1658_fast2bfq_99,49.371392794632584,75.57122341458303
epigenomics_1658_fast2bfq_100,49.198552682112286,78.89089094051768
epigenomics_1658_fast2bfq_101,51.8466068619204,90.85902936406775
epigenomics_1658_fast2bfq_102,44.66849889572786,67.80980556144446
epigenomics_1658_fast2bfq_103,41.986065752267464,81.76264922842373
epigenomics_1658_fast2bfq_104,53.59306238464992,67.92778845635655
epigenomics_1658_fast2bfq_105,30.788436919075366,85.87354227705363
epigenomics_1658_fast2bfq_106,42.04869941935882,93.8520417707585
epigenomics_1658_fast2bfq_107,32.09996083221589,89.70959715323698
epigenomics_1658_fast2bfq_108,47.1861944123236,95.4120523127454
epigenomics_1658_fast2bfq_109,59.39474263588275,74.23576057103865
epigenomics_1658_fast2bfq_110,53.46107950032763,87.69769239646837
epigenomics_1658_fast2bfq_111,54.17326799361912,72.6006097065052
epigenomics_1658_fast2bfq_112,55.03074604781362,75.57106875965718
epigenomics_1658_fast2bfq_113,46.13772631905342,82.7192680776645
epigenomics_1658_fast2bfq_114,40.999559962446995,66.98016111216586
epigenomics_1658_fast2bfq_115,47.09520054647046,85.69675518254844
epigenomics_1658_fast2bfq_116,40.68863533642258,80.63143351176413
epigenomics_1658_fast2bfq_117,44.69212568288853,94.72606432847607
epigenomics_1658_fast2bfq_118,41.581863233750646,77.67639948980184
epigenomics_1658_fast2bfq_119,41.885922420882544,72.17829543700512
epigenomics_1658_fast2bfq_120,41.10560317424792,82.76824914068851
epigenomics_1658_fast2bfq_121,27.119662975643088,80.3457680967347
epigenomics_1658_fast2bfq_122,45.24550550621082,73.65753772098422
epigenomics_1658_fast2bfq_123,46.32760017961454,67.47075283958893
epigenomics_1658_fast2bfq_124,58.0626533307567,72.13121703500903
epigenomics_1658_fast2bfq_125,43.84398212440133,97.02712926383327
epigenomics_1658_fast2bfq_126,52.31164817633835,92.15926839820277
epigenomics_1658_fast2bfq_127,35.99592990410982,80.84549486050831
epigenomics_1658_fast2bfq_128,46.21732272706196,95.44382915663151
epigenomics_1658_fast2bfq_129,56.10923217954618,81.23302793280735
epigenomics_1658_fast2bfq_130,42.06022122380261,64.77322709696561
epigenomics_1658_fast2bfq_131,51.6242390478199,78.15199950202307
epigenomics_1658_fast2bfq_132,51.6110213441304,93.08678770309994
epigenomics_1658_fast2bfq_133,45.483149875504424,81.99760378779403
epigenomics_1658_fast2bfq_134,48.895597167364095,78.6703316653423
epigenomics_1658_fast2bfq_135,32.94849314654584,79.16158357870123
epigenomics_1658_fast2bfq_136,32.08009633790741,75.91042717237309
epigenomics_1658_fast2bfq_137,46.68702360307665,78.93276196190563
epigenomics_1658_fast2bfq_138,48.79751817418569,79.85370115910959
epigenomics_1658_fast2bfq_139,41.1231597120705,74.48456325112163
epigenomics_1658_fast2bfq_140,38.49062723869246,75.91210991511578
epigenomics_1658_fast2bfq_141,40.27619612004751,79.30363848437156
epigenomics_1658_fast2bfq_142,37.340410150565,79.27927336482168
epigenomics_1658_fast2bfq_143,49.5272168354857,81.94254199334571
epigenomics_1658_fast2bfq_144,41.093712290595974,80.70563647765708
epigenomics_1658_fast2bfq_145,55.91255162726283,82.3709120601537
epigenomics_1658_fast2bfq_146,42.15160899376237,72.53462314167372
epigenomics_1658_fast2bfq_147,46.917750151058456,70.67143017851109
epigenomics_1658_fast2bfq_148,41.73682359727629,72.86984823366853
epigenomics_1658_fast2bfq_149,36.31925506678027,67.66694778001519
epigenomics_1658_fast2bfq_150,50.04393684971772,66.33048492892001
epigenomics_1658_fast2bfq_151,52.71810752085145,69.44054596838308
epigenomics_1658_fast2bfq_152,52.198049837084724,71.978477978013
epigenomics_1658_fast2bfq_153,38.98835047503408,83.60540838172892
epigenomics_1658_fast2bfq_154,57.6266218013755,73.27644221384047
epigenomics_1658_fast2bfq_155,45.950832195594266,89.04188228056793
epigenomics_1658_fast2bfq_156,40.76754912607153,82.88347186165281
epigenomics_1658_fast2bfq_157,46.04538305005107,75.36441122536381
epigenomics_1658_fast2bfq_158,56.90787980643471,77.00338016207232
epigenomics_1658_fast2bfq_159,44.2651559014499,61.749806470737525
epigenomics_1658_fast2bfq_160,37.72490493508458,83.35958782266839
epigenomics_1658_fast2bfq_161,49.44150419094139,80.53145369155267
epigenomics_1658_fast2bfq_162,50.832381492825796,76.9292265160526
epigenomics_1658_fast2bfq_163,50.3721270513573,82.55891334229
epigenomics_1658_fast2bfq_164,59.39635625231464,76.60776634044817
epigenomics_1658_fast2bfq_165,52.255166525999925,77.77368809908661
epigenomics_1658_fast2bfq_166,48.12893673880564,70.04574448136862
epigenomics_1658_fast2bfq_167,50.711026544348904,66.79226903938238
epigenomics_1658_fast2bfq_168,33.349289234075584,86.29737679935708
epigenomics_1658_fast2bfq_169,41.77788025462532,76.9617144038878
epigenomics_1658_fast2bfq_170,38.77462651074465,76.047225841579
epigenomics_1658_fast2bfq_171,51.909566814839124,72.24338707776124
epigenomics_1658_fast2bfq_172,34.12624017591477,80.1880966700039
epigenomics_1658_fast2bfq_173,53.089639545398114,82.12793357727404
epigenomics_1658_fast2bfq_174,58.90172176168408,72.29925843442356
epigenomics_1658_fast2bfq_175,45.99513026033638,73.6417240764971
epigenomics_1658_fast2bfq_176,54.501134389958054,92.37827464696699
epigenomics_1658_fast2bfq_177,42.38194805061779,83.53949366712231
epigenomics_1658_fast2bfq_178,46.888962105299726,80.85866417652706
epigenomics_1658_fast2bfq_179,67.18072233391004,73.36460971822434
epigenomics_1658_fast2bfq_180,48.23504422554093,79.91884170779623
epigenomics_1658_fast2bfq_181,51.67361451685641,65.24316841345193
epigenomics_1658_fast2bfq_182,31.526043728502668,73.71039547254642
epigenomics_1658_fast2bfq_183,45.28335515366606,90.54005172885893
epigenomics_1658_fast2bfq_184,41.035878166874525,69.63333610610516
epigenomics_1658_fast2bfq_185,42.51741000304154,83.19879890113182
epigenomics_1658_fast2bfq_186,29.25872578638404,78.41536284758405
epigenomics_1658_fast2bfq_187,49.28863067072458,84.63818511688785
epigenomics_1658_fast2bfq_188,53.60689142241705,73.53113279644802
epigenomics_1658_fast2bfq_189,50.38597550584448,77.76373746346398
epigenomics_1658_fast2bfq_190,37.02507738607325,80.57212751301208
epigenomics_1658_fast2bfq_191,53.39711257294623,94.0595592419392
epigenomics_1658_fast2bfq_192,50.79351246201338,72.52479672925867
epigenomics_1658_fast2bfq_193,30.21419644422737,75.54249251575507
epigenomics_1658_fast2bfq_194,48.46386136577952,80.46961725781473
epigenomics_1658_fast2bfq_195,49.352320636359565,88.52341490984452
epigenomics_1658_fast2bfq_196,40.71823084405026,81.61519751505702
epigenomics_1658_fast2bfq_197,40.234713600796695,81.26276174068711
epigenomics_1658_fast2bfq_198,44.10698998954765,81.72403937533107
epigenomics_1658_fast2bfq_199,37.006263109522415,77.28062081874278
epigenomics_1658_fast2bfq_200,35.81169766600167,77.42672362104645
epigenomics_1658_fast2bfq_201,54.67411961208016,85.40119383077732
epigenomics_1658_fast2bfq_202,51.48905864730139,78.01035357489762
epigenomics_1658_fast2bfq_203,58.31183458914944,82.19651011103232
epigenomics_1658_fast2bfq_204,36.133157316638055,84.78050477167923
epigenomics_1658_fast2bfq_205,39.5614250244887,75.51764457178804
epigenomics_1658_fast2bfq_206,38.99733856983307,78.95795218832625
epigenomics_1658_fast2bfq_207,35.14891736555428,83.39890622776467
epigenomics_1658_fast2bfq_208,38.68615425395873,90.54098806665185
epigenomics_1658_fast2bfq_209,42.52515700500567,70.84078995845849
epigenomics_1658_fast2bfq_210,40.35829792815397,81.41405728070728
epigenomics_1658_fast2bfq_211,42.322119705107895,78.99523742094979
epigenomics_1658_fast2bfq_212,33.170584975138304,71.85540733547334
epigenomics_1658_fast2bfq_213,50.42196021531457,67.91781602883347
epigenomics_1658_fast2bfq_214,48.64716513995564,60.31429879049827
epigenomics_1658_fast2bfq_215,41.786788396454476,76.22461546539085
epigenomics_1658_fast2bfq_216,48.483009417540345,79.68250929010638
epigenomics_1658_fast2bfq_217,39.26557640820155,73.41084094186917
epigenomics_1658_fast2bfq_218,47.687268823993335,86.32513058762306
epigenomics_1658_fast2bfq_219,61.01781022274572,81.26121803385736
epigenomics_1658_fast2bfq_220,45.848629849466334,86.86790999418126
epigenomics_1658_fast2bfq_221,44.03119608193191,80.7201487856476
epigenomics_1658_fast2bfq_222,42.7776582175075,85.26960935770187
epigenomics_1658_fast2bfq_223,49.46352927832487,91.34061661964063
epigenomics_1658_fast2bfq_224,43.09460370474806,78.98180801794673
epigenomics_1658_fast2bfq_225,48.71284047597143,85.75408397103106
epigenomics_1658_fast2bfq_226,33.66737693457162,79.02806831832307
epigenomics_1658_fast2bfq_227,51.14090056186313,78.21376709315277
epigenomics_1658_fast2bfq_228,55.729545868426875,71.94131308007472
epigenomics_1658_fast2bfq_229,54.1609345424557,74.22396063265025
epigenomics_1658_fast2bfq_230,48.6859804846414,72.72138873199582
epigenomics_1658_fast2bfq_231,54.41810767339451,80.47247536000843
epigenomics_1658_fast2bfq_232,49.447820110873536,78.17249982874938
epigenomics_1658_fast2bfq_233,48.525140167545885,70.95627596374302
epigenomics_1658_fast2bfq_234,48.48284717518439,67.86293310954964
epigenomics_1658_fast2bfq_235,38.38154783208793,79.4643285735668
epigenomics_1658_fast2bfq_236,44.024274514382554,74.37641269122327
epigenomics_1658_fast2bfq_237,45.25458140857489,82.49857843647625
epigenomics_1658_fast2bfq_238,43.79214180299905,77.02229435309523
epigenomics_1658_fast2bfq_239,32.013799717518026,82.63617457540214
epigenomics_1658_fast2bfq_240,39.22041393379439,80.30777711044625
epigenomics_1658_fast2bfq_241,43.9956218742473,91.04353095156353
epigenomics_1658_fast2bfq_242,42.766543729764024,70.62409661716657
epigenomics_1658_fast2bfq_243,46.46079526821643,81.9814358588861
epigenomics_1658_fast2bfq_244,46.7796803516463,64.94529097586872
epigenomics_1658_fast2bfq_245,56.48109117706919,90.43116452458966
epigenomics_1658_fast2bfq_246,44.0749518150201,88.9486727390087
epigenomics_1658_fast2bfq_247,49.67678306680066,84.07924419423561
epigenomics_1658_fast2bfq_248,50.45322802269099,77.99848101306542
epigenomics_1658_fast2bfq_249,52.327498753966275,83.09963599926029
epigenomics_1658_fast2bfq_250,61.21569828381098,75.05713297263338
epigenomics_1658_fast2bfq_251,47.466542783274605,88.20783695213998
epigenomics_1658_fast2bfq_252,37.881575113346436,78.8320478730003
epigenomics_1658_fast2bfq_253,37.03051259684166,85.0133632650867
epigenomics_1658_fast2bfq_254,56.18191008095104,77.80636151649416
epigenomics_1658_fast2bfq_255,34.18597083206976,88.74943062784709
epigenomics_1658_fast2bfq_256,50.14134230856753,80.10146706527223
epigenomics_1658_fast2bfq_257,42.54610843519236,72.55131832146199
epigenomics_1658_fast2bfq_258,57.23568996176939,76.78148954995044
epigenomics_1658_fast2bfq_259,47.79477025468152,79.1610006926966
epigenomics_1658_fast2bfq_260,60.70850072544574,79.14039230150587
epigenomics_1658_fast2bfq_261,24.745681407072226,89.51657967913539
epigenomics_1658_fast2bfq_262,42.279358590598264,89.91604804716818
epigenomics_1658_fast2bfq_263,46.036887931153075,72.8938882486086
epigenomics_1658_fast2bfq_264,41.6645248025623,76.793568949142
epigenomics_1658_fast2bfq_265,48.977925670017214,89.47064583809814
epigenomics_1658_fast2bfq_266,41.7788042021509,72.73725195086973
epigenomics_1658_fast2bfq_267,31.14076697517669,80.0804777082202
epigenomics_1658_fast2bfq_268,46.07999555174044,75.66674352514758
epigenomics_1658_fast2bfq_269,44.713388477150296,79.27216673424675
epigenomics_1658_fast2bfq_270,34.406360551558464,77.22820228679437
epigenomics_1658_fast2bfq_271,39.23329461389687,77.09854845353209
epigenomics_1658_fast2bfq_272,48.493550542885,78.43949282369455
epigenomics_1658_fast2bfq_273,51.07678886783954,78.90090612786564
epigenomics_1658_fast2bfq_274,44.32924368621526,75.06341503247044
epigenomics_1658_fast2bfq_275,42.8243754064925,78.76695122252383
epigenomics_1658_fast2bfq_276,56.453644372037125,73.66735364528597
epigenomics_1658_fast2bfq_277,52.13532433582985,75.7704124343356
epigenomics_1658_fast2bfq_278,44.17781297197402,78.31498039815321
epigenomics_1658_fast2bfq_279,49.456517910441235,77.49958294750215
epigenomics_1658_fast2bfq_280,56.21643298730512,75.57447359409854
epigenomics_1658_fast2bfq_281,42.54322349663737,87.68564383950967
epigenomics_1658_fast2bfq_282,33.42077765698662,80.0660031034608
epigenomics_1658_fast2bfq_283,44.92489544256143,71.97699913214234
epigenomics_1658_fast2bfq_284,50.218322509749946,75.36531118352676
epigenomics_1658_fast2bfq_285,36.546375499866784,78.33938147559762
epigenomics_1658_fast2bfq_286,57.5828994125061,79.41426433313903
epigenomics_1658_fast2bfq_287,39.032922983418885,71.05147316766693
epigenomics_1658_fast2bfq_288,54.22852295989608,88.79279597338277
epigenomics_1658_fast2bfq_289,40.670565836849406,86.39144059979124
epigenomics_1658_fast2bfq_290,43.12332342714536,79.37916130942712
epigenomics_1658_fast2bfq_291,35.14841778055641,84.89488150269709
epigenomics_1658_fast2bfq_292,45.23209411099221,63.5409015754538
epigenomics_1658_fast2bfq_293,44.90706466576107,69.72436499428187
epigenomics_1658_fast2bfq_294,49.352238677328,78.03644096477979
epigenomics_1658_fast2bfq_295,54.51090322505251,87.0807497633316
epigenomics_1658_fast2bfq_296,48.64081872994505,95.99537151567544
epigenomics_1658_fast2bfq_297,50.69137674945367,76.43328225614358
epigenomics_1658_fast2bfq_298,46.4507018808456,79.5253228343979
epigenomics_1658_fast2bfq_299,39.67309432472031,73.59192244960634
epigenomics_1658_fast2bfq_300,51.38164883629197,78.29448266496176
epigenomics_1658_fast2bfq_301,41.11194282848897,86.00885777461573
epigenomics_1658_fast2bfq_302,34.73112932203301,60.847970813260744
epigenomics_1658_fast2bfq_303,47.94413599941108,78.21037326708623
epigenomics_1658_fast2bfq_304,47.02431649693781,61.679956825962805
epigenomics_1658_fast2bfq_305,45.28599865107342,68.7096312663496
epigenomics_1658_fast2bfq_306,40.32670751487346,79.9078539393198
epigenomics_1658_fast2bfq_307,37.84315479383001,93.52179709284728
epigenomics_1658_fast2bfq_308,44.39321906291496,81.7918130190037
epigenomics_1658_fast2bfq_309,29.53105412017119,84.85269802194462
epigenomics_1658_fast2bfq_310,25.850274138155974,73.82145333792903
epigenomics_1658_fast2bfq_311,45.85365666728271,75.37464873206852
epigenomics_1658_fast2bfq_312,49.69744673372034,66.70145198669259
epigenomics_1658_fast2bfq_313,47.871103102828855,76.09757758761353
epigenomics_1658_fast2bfq_314,49.961920342619365,88.10110161916856
epigenomics_1658_fast2bfq_315,32.95380735901569,96.77904993772547
epigenomics_1658_fast2bfq_316,49.87717922788558,86.1158938397023
epigenomics_1658_fast2bfq_317,39.91342291043637,84.31850983361666
epigenomics_1658_fast2bfq_318,41.16242755382679,76.95393124754408
epigenomics_1658_fast2bfq_319,37.093696945946526,73.4035615365995
epigenomics_1658_fast2bfq_320,53.2002193551001,81.14646563052416
epigenomics_1658_fast2bfq_321,51.654825945703216,68.31783331071017
epigenomics_1658_fast2bfq_322,47.16755510936765,73.8123303482366
epigenomics_1658_fast2bfq_323,34.669449245049115,88.37680310478297
epigenomics_1658_fast2bfq_324,56.163748700830766,73.3834964703345
epigenomics_1658_fast2bfq_325,47.04676827716363,84.85606806415487
epigenomics_1658_fast2bfq_326,38.719092470422446,84.954934024608
epigenomics_1658_fast2bfq_327,49.61991334008785,86.82263715068407
epigenomics_1658_fast2bfq_328,41.74838835765805,84.94688243396948
epigenomics_1658_fast2bfq_329,45.99615221798856,87.05702414170321
epigenomics_1658_fast2bfq_330,40.22081479518451,86.74936422937205
epigenomics_1658_fast2bfq_331,39.85487881219189,64.52953020644122
epigenomics_1658_fast2bfq_332,54.05512129877624,79.77624101609115
epigenomics_1658_fast2bfq_333,32.60677148279086,74.63968783776946
epigenomics_1658_fast2bfq_334,41.78786018362581,87.16088473676021
epigenomics_1658_fast2bfq_335,53.44196051683862,89.42492503723639
epigenomics_1658_fast2bfq_336,36.80236018081145,80.89295747331113
epigenomics_1658_fast2bfq_337,59.09032437111869,79.56345541035802
epigenomics_1658_fast2bfq_338,46.42983014267602,74.47189033432669
epigenomics_1658_fast2bfq_339,41.74351583863421,77.5002669135844
epigenomics_1658_fast2bfq_340,41.620808036849326,84.8412117935798
epigenomics_1658_fast2bfq_341,50.82313088537753,77.67230756005854
epigenomics_1658_fast2bfq_342,35.18594037057704,79.89038915138136
epigenomics_1658_fast2bfq_343,51.18757678745058,80.41308146261383
epigenomics_1658_fast2bfq_344,44.474186717896615,77.79258773759554
epigenomics_1658_fast2bfq_345,46.3586527092854,80.08408847523995
epigenomics_1658_fast2bfq_346,48.70588826994953,72.99583491095942
epigenomics_1658_fast2bfq_347,40.116441698347934,79.91678034554408
epigenomics_1658_fast2bfq_348,50.95593213159027,85.68339307062016
epigenomics_1658_fast2bfq_349,48.936038270010876,85.16893519588778
epigenomics_1658_fast2bfq_350,55.1959021746493,77.05416017544864
epigenomics_1658_fast2bfq_351,40.842152002181926,86.28944332639276
epigenomics_1658_fast2bfq_352,41.64742809916167,83.30062604479532
epigenomics_1658_fast2bfq_353,41.25637812064755,71.03916319465358
epigenomics_1658_fast2bfq_354,32.38102326594955,82.76501783024352
epigenomics_1658_fast2bfq_355,38.2627952310074,75.85460176773644
epigenomics_1658_fast2bfq_356,43.056571225642,86.07378833595884
epigenomics_1658_fast2bfq_357,53.921198154312634,85.67011747684447
epigenomics_1658_fast2bfq_358,53.12106984691464,72.8044085489903
epigenomics_1658_fast2bfq_359,44.63574297799343,90.0731878707283
epigenomics_1658_fast2bfq_360,51.711875782915975,83.92097762249854
epigenomics_1658_fast2bfq_361,32.51875963004769,88.58795094853478
epigenomics_1658_fast2bfq_362,44.17370072375589,64.08050215995912
epigenomics_1658_fast2bfq_363,40.12702058415644,79.97421787370781
epigenomics_1658_fast2bfq_364,33.00727513103255,76.2108008998138
epigenomics_1658_fast2bfq_365,51.069815750848505,82.73200212680787
epigenomics_1658_fast2bfq_366,53.2385461872749,72.7162741114106
epigenomics_1658_fast2bfq_367,46.62151226645886,80.11419859025123
epigenomics_1658_fast2bfq_368,29.219603528314646,95.1174074513066
epigenomics_1658_fast2bfq_369,50.19808339948834,68.93680327817981
epigenomics_1658_fast2bfq_370,42.40062892967266,80.65930909139632
epigenomics_1658_fast2bfq_371,51.73338605013788,73.421899929821
epigenomics_1658_fast2bfq_372,35.046861690652406,73.51061042493747
epigenomics_1658_fast2bfq_373,35.55461621560285,86.6686866932927
epigenomics_1658_fast2bfq_374,52.671525685349096,82.07043251545525
epigenomics_1658_fast2bfq_375,42.34008067730369,79.23910879803427
epigenomics_1658_fast2bfq_376,44.63237348319019,75.53702272204109
epigenomics_1658_fast2bfq_377,45.97087709705802,80.05626923035557
epigenomics_1658_fast2bfq_378,49.98296913671092,83.91925428144297
epigenomics_1658_fast2bfq_379,46.9977392500511,75.34320803783055
epigenomics_1658_fast2bfq_380,43.18503937377471,82.94177668570498
epigenomics_1658_fast2bfq_381,38.16098364429767,83.41674270114335
epigenomics_1658_fast2bfq_382,50.157010397273666,74.1848220468179
epigenomics_1658_fast2bfq_383,42.50904510300723,95.75865841374434
epigenomics_1658_fast2bfq_384,44.78855625696248,79.69003084597293
epigenomics_1658_fast2bfq_385,51.54771258557828,79.21943944384331
epigenomics_1658_fast2bfq_386,38.36787372434185,84.11527510719495
epigenomics_1658_fast2bfq_387,49.605641557124486,87.34343110416462
epigenomics_1658_fast2bfq_388,39.33950438201698,64.82722970320673
epigenomics_1658_fast2bfq_389,53.52005609737275,81.45854957716182
epigenomics_1658_fast2bfq_390,53.85259931509786,76.4842942003202
epigenomics_1658_fast2bfq_391,40.60390087587626,92.58316238853506
epigenomics_1658_fast2bfq_392,56.51478278497107,93.68977981514313
epigenomics_1658_fast2bfq_393,52.186891523428145,84.87568939891965
epigenomics_1658_fast2bfq_394,37.675655692678966,77.41612438158393
epigenomics_1658_fast2bfq_395,48.933205875576114,78.10542907541233
epigenomics_1658_fast2bfq_396,52.02038660658759,72.71184379142568
epigenomics_1658_fast2bfq_397,42.64951915196456,69.52933441886694
epigenomics_1658_fast2bfq_398,57.42371650811409,81.99407963773966
epigenomics_1658_fast2bfq_399,47.5025478202201,72.05537972107822
epigenomics_1658_fast2bfq_400,53.58025422792174,80.6134898427679
epigenomics_1658_fast2bfq_401,45.5774633305822,80.84091754704863
epigenomics_1658_fast2bfq_402,43.82044438244196,74.54849786367224
epigenomics_1658_fast2bfq_403,42.89378850255598,89.21190182099195
epigenomics_1658_fast2bfq_404,32.22097253711281,77.11189269446238
epigenomics_1658_fast2bfq_405,51.78625012469149,66.89236695822336
epigenomics_1658_fast2bfq_406,49.165202212800764,86.28865351191045
epigenomics_1658_fast2bfq_407,44.71708289616184,87.12336868872757
epigenomics_1658_fast2bfq_408,34.15594805747824,77.73674257323023
epigenomics_1658_fast2bfq_409,47.35587541453442,66.68893412796133
epigenomics_1658_fast2bfq_410,55.615479324188286,78.79285596857234
epigenomics_1658_fast2bfq_411,47.86317232610802,86.4633860574618
epigenomics_1658_fast2bfq_412,30.52509532210265,81.77166304546664
epigenomics_1658_fast2bfq_413,37.76925707614623,71.98654378604347
epigenomics_1658_fast2bfq_414,41.716593999249994,83.39131833060796
epigenomics_1658_fast2bfq_415,44.8093125015188,71.89138109827432
epigenomics_1658_fast2bfq_416,51.26866898509932,77.53928818354898
epigenomics_1658_fast2bfq_417,62.529251468657165,87.60076084486428
epigenomics_1658_fast2bfq_418,47.88276298942917,79.63133510338156
epigenomics_1658_fast2bfq_419,31.118056718525807,88.33733873122692
epigenomics_1658_fast2bfq_420,37.132291455466785,70.43869172355932
epigenomics_1658_fast2bfq_421,41.349296086512716,71.07377434747121
epigenomics_1658_fast2bfq_422,50.30867160396918,84.67159320919264
epigenomics_1658_fast2bfq_423,51.260913448680796,78.80448015174613
epigenomics_1658_fast2bfq_424,40.30159034817751,68.79516607116362
epigenomics_1658_fast2bfq_425,47.78353559677216,76.99754552624745
epigenomics_1658_fast2bfq_426,48.48113199353056,82.03623162704133
epigenomics_1658_fast2bfq_427,41.483895182467016,69.98900273959089
epigenomics_1658_fast2bfq_428,37.7144165147,77.03626280117496
epigenomics_1658_fast2bfq_429,43.88238357108428,71.14353668618911
epigenomics_1658_fast2bfq_430,57.7192992457274,91.04520762587102
epigenomics_1658_fast2bfq_431,54.78624863643887,86.95842887243296
epigenomics_1658_fast2bfq_432,40.98060774442124,75.22669300399897
epigenomics_1658_fast2bfq_433,48.418311389686124,76.9976841024179
epigenomics_1658_fast2bfq_434,57.26254778569143,77.70374163876318
epigenomics_1658_fast2bfq_435,59.02523496947901,76.99941427168753
epigenomics_1658_fast2bfq_436,26.82056363849087,79.50650645889179
epigenomics_1658_fast2bfq_437,43.07110241479752,64.6077509226343
epigenomics_1658_fast2bfq_438,36.72803489276413,58.41789739342987
epigenomics_1658_fast2bfq_439,46.33873102016275,83.07397833528103
epigenomics_1658_fast2bfq_440,40.71580615333304,86.90970851036796
epigenomics_1658_fast2bfq_441,59.29590563438209,67.46374166254485
epigenomics_1658_fast2bfq_442,40.32465733470319,98.2434893606101
epigenomics_1658_fast2bfq_443,43.47087192363282,85.72532087401913
epigenomics_1658_fast2bfq_444,39.152750817497505,74.13481848874031
epigenomics_1658_fast2bfq_445,55.36740984157463,79.99992711717395
epigenomics_1658_fast2bfq_446,61.71618145243794,81.24262474219047
epigenomics_1658_fast2bfq_447,29.38601584516977,82.4599117937651
epigenomics_1658_fast2bfq_448,50.607408176914426,73.82825754147551
epigenomics_1658_fast2bfq_449,54.24628173657683,85.97805107872186
epigenomics_1658_fast2bfq_450,42.074125778610984,75.23286764607745
epigenomics_1658_fast2bfq_451,29.602074142173613,85.293077305974
epigenomics_1658_fast2bfq_452,57.99409302301315,83.13605880701337
epigenomics_1658_fast2bfq_453,33.26572518583308,78.37549833976223
epigenomics_1658_fast2bfq_454,46.97529280056533,78.58822654411132
epigenomics_1658_fast2bfq_455,52.96036365964436,73.21464544526764
epigenomics_1658_fast2bfq_456,47.95570819421229,76.33749765692066
epigenomics_1658_fast2bfq_457,40.60515052566224,71.28568974474867
epigenomics_1658_fast2bfq_458,45.19451133330743,77.83654257633069
epigenomics_1658_fast2bfq_459,52.09926941041085,75.59150925034592
epigenomics_1658_fast2bfq_460,43.105503466646304,79.42203773227196
epigenomics_1658_fast2bfq_461,53.950884722117806,82.71146945305489
epigenomics_1658_fast2bfq_462,41.74916396495392,75.29086412362528
epigenomics_1658_fast2bfq_463,32.62914920229095,88.61211751216973
epigenomics_1658_fast2bfq_464,33.12446088617966,71.59415687799935
epigenomics_1658_fast2bfq_465,48.584511322441415,74.19531504594944
epigenomics_1658_fast2bfq_466,46.34048646009413,83.97308916514297
epigenomics_1658_fast2bfq_467,42.855000423818005,77.75776580784559
epigenomics_1658_fast2bfq_468,53.81567873116507,75.78515495867119
epigenomics_1658_fast2bfq_469,44.47441137625127,86.23189857624594
epigenomics_1658_fast2bfq_470,30.577746439609626,85.81492000874903
epigenomics_1658_fast2bfq_471,38.5490033239057,94.72594777236083
epigenomics_1658_fast2bfq_472,40.521324580281615,80.3507438420227
epigenomics_1658_fast2bfq_473,45.841969313364274,80.06895153010124
epigenomics_1658_fast2bfq_474,46.81988189779256,78.03044598582433
epigenomics_1658_fast2bfq_475,36.49320101085161,69.24845510496012
epigenomics_1658_fast2bfq_476,42.63460564521968,78.09343973802693
epigenomics_1658_fast2bfq_477,39.78575014051067,87.94652080520696
epigenomics_1658_fast2bfq_478,43.06010412409056,70.89570085336565
epigenomics_1658_fast2bfq_479,53.91477323161285,93.93582480245954
epigenomics_1658_fast2bfq_480,43.3404715995436,72.63484683010212
epigenomics_1658_fast2bfq_481,44.56555061584888,64.58224029560576
epigenomics_1658_fast2bfq_482,40.89014888738697,81.46666996784582
epigenomics_1658_fast2bfq_483,39.25870387732002,79.84430519940064
epigenomics_1658_fast2bfq_484,60.69458422329423,84.41434200532883
epigenomics_1658_fast2bfq_485,54.73357208437685,69.8635237892543
epigenomics_1658_fast2bfq_486,53.12628364048956,76.30635656713446
epigenomics_1658_fast2bfq_487,34.39526479524615,82.77475431054984
epigenomics_1658_fast2bfq_488,47.88409356689471,96.08965211972586
epigenomics_1658_fast2bfq_489,54.08697880502527,73.13022622005322
epigenomics_1658_fast2bfq_490,51.63105847788094,72.43437638452264
epigenomics_1658_fast2bfq_491,46.07496722911374,95.0084913321318
epigenomics_1658_fast2bfq_492,48.03485261310823,74.75250864376508
epigenomics_1658_fast2bfq_493,47.94091546810427,95.49812916009438
epigenomics_1658_fast2bfq_494,45.405242608738526,91.74189211132823
epigenomics_1658_fast2bfq_495,48.33773615399912,73.62072878452425
epigenomics_1658_fast2bfq_496,38.20404094767579,80.94382121665758
epigenomics_1658_fast2bfq_497,40.343263949767056,78.40666880318126
epigenomics_1658_fast2bfq_498,32.29322904582473,72.03684280639482
epigenomics_1658_fast2bfq_499,41.35784112904643,77.79692802022936
epigenomics_1658_map_0,9434.289206558404,184.38432383226038
epigenomics_1658_map_1,10573.751873702315,185.73465992663625
epigenomics_1658_map_2,9810.79903661074,188.80370969485028
epigenomics_1658_map_3,9431.15007205602,183.27359735526736
epigenomics_1658_map_4,9115.333143777576,182.63838085812347
epigenomics_1658_map_5,10486.613180146953,190.48362646313595
epigenomics_1658_map_6,10665.107923755198,184.17144995297704
epigenomics_1658_map_7,10252.328509734749,182.37943652326993
epigenomics_1658_map_8,9854.958193938737,194.07875854434693
epigenomics_1658_map_9,10444.657670114262,188.8569203662296
epigenomics_1658_map_10,10233.169787108549,188.68585741371484
epigenomics_1658_map_11,9976.255038336298,190.7147492043764
epigenomics_1658_map_12,10519.7487909255,184.006790616847
epigenomics_1658_map_13,10379.170647066605,182.8882161560479
epigenomics_1658_map_14,10352.693904824533,185.13225208687282
epigenomics_1658_map_15,9533.950993650586,183.1683030097187
epigenomics_1658_map_16,9634.938616642277,176.68753649709785
epigenomics_1658_map_17,9892.431215201535,179.97224641924058
epigenomics_1658_map_18,10510.119801111618,186.59330631392226
epigenomics_1658_map_19,9646.315843684977,185.29093122493535
epigenomics_1658_map_20,10293.779362917283,180.60931807783402
epigenomics_1658_map_21,9471.227088888067,177.9641722894129
epigenomics_1658_map_22,9835.511348675067,183.43423456941616
epigenomics_1658_map_23,9770.114364541807,186.3644347739194
epigenomics_1658_map_24,9632.402333079579,179.63950813642938
epigenomics_1658_map_25,9733.425824627706,184.78801632949683
epigenomics_1658_map_26,9183.987596498666,190.94271655478735
epigenomics_1658_map_27,9664.477034339057,188.46115865887307
epigenomics_1658_map_28,10769.37079417164,189.31782189502474
epigenomics_1658_map_29,10452.660855543276,182.1504923081076
epigenomics_1658_map_30,10790.814990384199,180.2263021274139
epigenomics_1658_map_31,10226.74918834141,182.68966375467372
epigenomics_1658_map_32,10006.535025780715,179.90071170199917
epigenomics_1658_map_33,9888.041802330208,185.32813671950944
epigenomics_1658_map_34,9804.865606290236,177.698629140978
epigenomics_1658_map_35,10562.534403688758,187.0262178571158
epigenomics_1658_map_36,11123.790624387566,180.8171607563059
epigenomics_1658_map_37,8881.36173759455,195.06348235889456
epigenomics_1658_map_38,10110.91943381852,178.64566000963407
epigenomics_1658_map_39,11074.510531480202,180.64936150312442
epigenomics_1658_map_40,9334.946070457687,191.92537190873105
epigenomics_1658_map_41,9553.165764286636,186.05027922514694
epigenomics_1658_map_42,9850.411532611797,183.52050174443255
epigenomics_1658_map_43,9727.681506362731,175.99095820066938
epigenomics_1658_map_44,9542.733589326399,186.72100943942945
epigenomics_1658_map_45,9893.679493837853,183.5414334196719
epigenomics_1658_map_46,9490.371256800818,187.80390448127773
epigenomics_1658_map_47,9933.480703077706,185.08368418839976
epigenomics_1658_map_48,10160.313882933733,184.3002811257553
epigenomics_1658_map_49,10569.99378296227,183.18296998935307
epigenomics_1658_map_50,10543.620060140187,190.25554293118233
epigenomics_1658_map_51,9724.512166611592,176.75122603478513
epigenomics_1658_map_52,9827.647048978579,174.16811755500618
epigenomics_1658_map_53,9727.044926395818,179.87418319610873
epigenomics_1658_map_54,10141.638729154602,186.2489954573038
epigenomics_1658_map_55,10214.016897178173,189.71499742316894
epigenomics_1658_map_56,10419.384531193371,182.38625312567197
epigenomics_1658_map_57,9497.236619059373,186.74448781327644
epigenomics_1658_map_58,9917.562743185163,196.09139026384983
epigenomics_1658_map_59,8990.721806653886,189.26928279769672
epigenomics_1658_map_60,9572.409243490747,185.95240207831867
epigenomics_1658_map_61,10158.605678594759,189.5782218444212
epigenomics_1658_map_62,9993.959290892415,181.06201852945932
epigenomics_1658_map_63,10305.063912040127,188.64417319158238
epigenomics_1658_map_64,9783.861148674614,191.63901161756365
epigenomics_1658_map_65,10436.679224344307,184.28494977166784
epigenomics_1658_map_66,10157.646813357793,190.04332948507286
epigenomics_1658_map_67,10131.630291862006,182.51707981185905
epigenomics_1658_map_68,10042.206522776725,190.88323985922426
epigenomics_1658_map_69,10207.038200850187,184.93933878084772
epigenomics_1658_map_70,10023.653785204408,191.89164241629535
epigenomics_1658_map_71,9921.294289399239,186.59269183007612
epigenomics_1658_map_72,8665.040507390831,185.02472067806028
epigenomics_1658_map_73,9350.907571408978,188.7796432394413
epigenomics_1658_map_74,9996.258645077487,190.08117990949916
epigenomics_1658_map_75,10704.581015526324,188.69501902879475
epigenomics_1658_map_76,9545.215130063654,186.55036083209922
epigenomics_1658_map_77,10779.388689272873,178.16061501470634
epigenomics_1658_map_78,10404.980584043678,180.82880198010662
epigenomics_1658_map_79,9285.258197789713,186.83146008291206
epigenomics_1658_map_80,9713.355888907456,185.02949469537558
epigenomics_1658_map_81,10026.16432925981,189.1741986600333
epigenomics_1658_map_82,9710.831183028564,187.31158536028408
epigenomics_1658_map_83,9676.48764092693,184.18284539041176
epigenomics_1658_map_84,10168.303104489416,187.6829371324446
epigenomics_1658_map_85,9791.322983702521,187.26060287582936
epigenomics_1658_map_86,10260.314052191736,181.86416959228504
epigenomics_1658_map_87,10028.944225633813,179.12281581770674
epigenomics_1658_map_88,10063.027772982454,180.185247558049
epigenomics_1658_map_89,9926.026816627298,204.7398147011532
epigenomics_1658_map_90,10458.749251115885,182.64777741988945
epigenomics_1658_map_91,11268.724784248467,188.63398469007063
epigenomics_1658_map_92,9678.976530802298,196.20086978632364
epigenomics_1658_map_93,10578.88146274456,184.14976759473117
epigenomics_1658_map_94,10713.798355674035,183.45725475695156
epigenomics_1658_map_95,10287.117932486584,187.45951726978547
epigenomics_1658_map_96,10033.450438883658,191.1166079467637
epigenomics_1658_map_97,9727.081770556746,180.1888046194182
epigenomics_1658_map_98,10395.220923043738,185.83331376917866
epigenomics_1658_map_99,10205.66081575693,185.75701911613268
epigenomics_1658_map_100,9316.157125287491,185.34672987711582
epigenomics_1658_map_101,9629.167652536098,189.64576563611945
epigenomics_1658_map_102,10741.934424889321,188.28446330330834
epigenomics_1658_map_103,9648.937670986461,177.9725702249699
epigenomics_1658_map_104,10611.717374139873,185.01636047542553
epigenomics_1658_map_105,10381.286577926598,184.2601468613377
epigenomics_1658_map_106,9285.393011899818,183.40421419461575
epigenomics_1658_map_107,10253.498922553366,198.62173022624327
epigenomics_1658_map_108,10008.243302226903,187.7118490705072
epigenomics_1658_map_109,9873.37374476566,188.81034477800213
epigenomics_1658_map_110,9077.3444351314,183.2103002709554
epigenomics_1658_map_111,10320.562868202667,183.03283584788684
epigenomics_1658_map_112,9389.787070379933,185.67084354274448
epigenomics_1658_map_113,9768.931134647606,183.8971973683347
epigenomics_1658_map_114,10746.815805402051,181.4197109699075
epigenomics_1658_map_115,9576.27939469682,186.29672939031923
epigenomics_1658_map_116,9932.98382770522,192.3278132018665
epigenomics_1658_map_117,10655.009631086283,178.3876051772023
epigenomics_1658_map_118,10291.457177187978,194.94267014229155
epigenomics_1658_map_119,9481.53335137192,178.19102477838717
epigenomics_1658_map_120,9986.330371088154,180.42109653122435
epigenomics_1658_map_121,9188.42614663774,179.2418787503627
epigenomics_1658_map_122,9709.413566128713,186.11025518975228
epigenomics_1658_map_123,9161.862273726747,187.20785628225275
epigenomics_1658_map_124,10308.766347346305,180.52631690701767
epigenomics_1658_map_125,10289.358307375607,179.60429750756006
epigenomics_1658_map_126,10099.21567324674,179.99920357924609
epigenomics_1658_map_127,9449.546324560428,190.8155381951679
epigenomics_1658_map_128,10091.625055830802,193.49852819554087
epigenomics_1658_map_129,10313.216142766692,183.89717765497426
epigenomics_1658_map_130,9570.627105314778,184.15322575612993
epigenomics_1658_map_131,10259.173545493048,187.01264499244016
epigenomics_1658_map_132,9611.814631284533,182.50540638319458
epigenomics_1658_map_133,9311.253616804732,183.7885348694732
epigenomics_1658_map_134,10220.654224696558,186.51829883277532
epigenomics_1658_map_135,9851.179867373221,173.60663279988344
epigenomics_1658_map_136,10011.528684516197,181.24149686225164
epigenomics_1658_map_137,9738.111161096274,182.69118251709645
epigenomics_1658_map_138,10189.198511323219,183.02158120778535
epigenomics_1658_map_139,10240.747185925746,189.34081642832106
epigenomics_1658_map_140,9437.222689635157,185.00726959055814
epigenomics_1658_map_141,9810.085494501025,190.3759423177413
epigenomics_1658_map_142,9811.303110672927,180.30136726964236
epigenomics_1658_map_143,10664.197885934555,182.91048572024332
epigenomics_1658_map_144,10593.90634516862,175.4174569779188
epigenomics_1658_map_145,10482.481553228492,180.80245218675958
epigenomics_1658_map_146,9786.88603861992,185.14327756527786
epigenomics_1658_map_147,9523.332587476627,190.5999655195667
epigenomics_1658_map_148,9496.106833195934,186.036173655992
epigenomics_1658_map_149,10118.035009527852,189.07923412603327
epigenomics_1658_map_150,9750.532494398913,186.28712038774165
epigenomics_1658_map_151,9848.521641268213,181.8872015303538
epigenomics_1658_map_152,10001.957046688769,185.42675364828003
epigenomics_1658_map_153,9588.713821879122,177.8537744559685
epigenomics_1658_map_154,10448.294848432926,177.33147602354077
epigenomics_1658_map_155,9129.828790486357,193.20841122783065
epigenomics_1658_map_156,10449.393586902434,185.33716357594417
epigenomics_1658_map_157,10022.708358297356,187.481781883173
epigenomics_1658_map_158,10025.834336764805,194.04333979280656
epigenomics_1658_map_159,10115.720576349491,186.23422475736683
epigenomics_1658_map_160,9872.88810999267,185.26593318557755
epigenomics_1658_map_161,9555.618633621618,184.78052800476067
epigenomics_1658_map_162,10609.995208761939,191.94241757619557
epigenomics_1658_map_163,10112.615892653133,181.3291590900058
epigenomics_1658_map_164,10536.833159577274,179.22796378192595
epigenomics_1658_map_165,9722.583752976392,185.0262181848652
epigenomics_1658_map_166,9221.333906123707,192.6867210383295
epigenomics_1658_map_167,10536.509785969234,184.24406009990673
epigenomics_1658_map_168,9402.009116784779,185.73304315683376
epigenomics_1658_map_169,10038.8411951489,187.59996727074338
epigenomics_1658_map_170,10824.981955144494,194.73643496169126
epigenomics_1658_map_171,10242.326911855624,177.7632586525618
epigenomics_1658_map_172,9473.479035717144,181.343666536586
epigenomics_1658_map_173,10711.871224253493,182.62528509284334
epigenomics_1658_map_174,10406.437746961747,182.53893699819113
epigenomics_1658_map_175,9800.517874217008,187.48622560370853
epigenomics_1658_map_176,9346.492907617463,180.7169816914233
epigenomics_1658_map_177,10711.451927456934,187.7366105473082
epigenomics_1658_map_178,10516.457432192963,184.03530705646983
epigenomics_1658_map_179,9279.784812091593,181.6017754593141
epigenomics_1658_map_180,10264.595110008802,185.9145833492012
epigenomics_1658_map_181,9396.668194463988,183.46933365253736
epigenomics_1658_map_182,10676.272511383615,190.4641023916197
epigenomics_1658_map_183,10840.313850818919,177.49447029861528
epigenomics_1658_map_184,10416.878490902192,178.4136965148183
epigenomics_1658_map_185,9160.580850728245,187.89296688937353
epigenomics_1658_map_186,11205.845047705589,191.0401424881308
epigenomics_1658_map_187,9996.145334571684,196.69775062228453
epigenomics_1658_map_188,10333.928774908734,182.41556061243355
epigenomics_1658_map_189,10461.584874869131,186.47870554818522
epigenomics_1658_map_190,10071.717395235848,182.48991823284453
epigenomics_1658_map_191,9826.37714217767,189.29041128649803
epigenomics_1658_map_192,9545.901888526318,187.10990691310482
epigenomics_1658_map_193,10247.14385151754,175.97559657477476
epigenomics_1658_map_194,10536.354980087819,180.94450635976116
epigenomics_1658_map_195,9812.712258332022,188.48164353163912
epigenomics_1658_map_196,9407.124393664319,183.0006416077539
epigenomics_1658_map_197,9431.069356135351,190.4294285518232
epigenomics_1658_map_198,10178.741909541419,182.08318182343018
epigenomics_1658_map_199,10234.067165654875,184.9411149155108
epigenomics_1658_map_200,10250.135420375265,182.8778647161284
epigenomics_1658_map_201,9702.47349644019,180.28732843574878
epigenomics_1658_map_202,9878.753611220405,188.74234328597652
epigenomics_1658_map_203,9716.159583253355,182.18156060369853
epigenomics_1658_map_204,10628.927811572808,184.7869550416737
epigenomics_1658_map_205,10304.621766864153,186.30935328331466
epigenomics_1658_map_206,9740.146599273128,182.56160782478054
epigenomics_1658_map_207,9771.531767640376,194.4791727386165
epigenomics_1658_map_208,10113.741830955822,187.36088738061002
epigenomics_1658_map_209,9639.236415288686,191.3983871517397
epigenomics_1658_map_210,10550.911385419695,184.07461489001733
epigenomics_1658_map_211,9418.66896572882,180.20729883186286
epigenomics_1658_map_212,9541.826492311946,185.03922250339542
epigenomics_1658_map_213,9573.223666916683,185.21961300670236
epigenomics_1658_map_214,11196.179990845283,177.9805089028027
epigenomics_1658_map_215,9941.881796114405,185.08609961060293
epigenomics_1658_map_216,9205.07750489233,188.7474789866454
epigenomics_1658_map_217,9495.792996440865,186.01290709113
epigenomics_1658_map_218,11021.992981895199,189.43097190726036
epigenomics_1658_map_219,10344.958830736005,194.17709700003024
epigenomics_1658_map_220,10345.455440565249,178.02463452183903
epigenomics_1658_map_221,10236.34672777894,188.0058374592051
epigenomics_1658_map_222,10156.687223070649,191.15634416057605
epigenomics_1658_map_223,9284.309536113058,177.90640791652655
epigenomics_1658_map_224,9695.760285969289,190.0426682543525
epigenomics_1658_map_225,9059.558690410506,203.7443086988402
epigenomics_1658_map_226,9551.864645237521,180.10979075545353
epigenomics_1658_map_227,9384.308117548342,182.2235500722719
epigenomics_1658_map_228,10222.235760470327,178.3267839794195
epigenomics_1658_map_229,10346.901706209172,176.16162175337217
epigenomics_1658_map_230,9305.163079027598,187.29238474454246
epigenomics_1658_map_231,11008.028418445996,183.85229271657178
epigenomics_1658_map_232,10548.298847827356,181.8789549095659
epigenomics_1658_map_233,9326.36671372515,192.82494500896374
epigenomics_1658_map_234,10687.467606266922,179.0554313770027
epigenomics_1658_map_235,9993.871521661673,188.59961399702948
epigenomics_1658_map_236,8158.065645474133,187.27840543447616
epigenomics_1658_map_237,9773.038308678151,187.7286757145261
epigenomics_1658_map_238,10478.81100206488,190.28105694941976
epigenomics_1658_map_239,9546.8904776597,184.34662389406014
epigenomics_1658_map_240,9943.427451168644,177.54367299901875
epigenomics_1658_map_241,10510.16844120603,185.2559396868205
epigenomics_1658_map_242,9899.374595552203,186.10492192116794
epigenomics_1658_map_243,10356.136272337106,188.2860106513454
epigenomics_1658_map_244,10375.343898502633,181.3444287126396
epigenomics_1658_map_245,9926.09016212263,185.76256761012843
epigenomics_1658_map_246,10365.348406827288,180.4691093762598
epigenomics_1658_map_247,10016.16801574284,188.70150490550702
epigenomics_1658_map_248,9625.865106368416,191.4309057950371
epigenomics_1658_map_249,10136.418365639893,180.789866301361
epigenomics_1658_map_250,10343.04994260418,193.48469721852808
epigenomics_1658_map_251,9748.879324399366,179.24475900072022
epigenomics_1658_map_252,9901.26904621256,186.24017079220286
epigenomics_1658_map_253,10136.754288372742,188.8110404483186
epigenomics_1658_map_254,10124.492111976446,187.28086014988597
epigenomics_1658_map_255,9475.376373659574,188.74489958130084
epigenomics_1658_map_256,10773.865292050814,178.39806284930918
epigenomics_1658_map_257,10099.916548156909,178.26102415868527
epigenomics_1658_map_258,10166.504636661852,190.85145875840624
epigenomics_1658_map_259,9748.961171073277,184.32041917748975
epigenomics_1658_map_260,11075.818450426166,196.22843845233402
epigenomics_1658_map_261,10584.879026827395,182.14269130941437
epigenomics_1658_map_262,10688.109457483313,189.1870423874906
epigenomics_1658_map_263,9974.634692143143,185.31982404620123
epigenomics_1658_map_264,9970.003231152106,192.28620390248196
epigenomics_1658_map_265,10153.85700830971,186.25262294020462
epigenomics_1658_map_266,11085.528631366613,199.01942489823014
epigenomics_1658_map_267,9876.373194922564,187.44761986029
epigenomics_1658_map_268,10595.207245446109,188.22798722695092
epigenomics_1658_map_269,9846.843183106701,184.0173063185224
epigenomics_1658_map_270,10491.797263101535,183.66086790640196
epigenomics_1658_map_271,9699.91006955787,186.02634732829716
epigenomics_1658_map_272,10135.714823792125,187.64610296852987
epigenomics_1658_map_273,9684.819507792208,188.15783526988582
epigenomics_1658_map_274,10459.074040321524,184.40493562275373
epigenomics_1658_map_275,10258.986039677366,182.43409938873367
epigenomics_1658_map_276,9772.591034525494,183.97449510221983
epigenomics_1658_map_277,8541.55400963416,175.4011068288738
epigenomics_1658_map_278,10109.514646008947,188.28945903048293
epigenomics_1658_map_279,11338.795415246534,188.58473208072323
epigenomics_1658_map_280,9728.09265751652,177.75476044099267
epigenomics_1658_map_281,10312.704650638201,187.2096920794247
epigenomics_1658_map_282,10461.732423711956,183.58316631899083
epigenomics_1658_map_283,10596.761950031974,175.1466688788739
epigenomics_1658_map_284,9841.193887885163,186.63830439606457
epigenomics_1658_map_285,9602.714762114581,185.6134070978791
epigenomics_1658_map_286,10449.701574795723,176.9816143840149
epigenomics_1658_map_287,10142.404521110093,193.22705263191705
epigenomics_1658_map_288,10308.11660724982,191.75479313590108
epigenomics_1658_map_289,9773.156158953778,185.01041138041734
epigenomics_1658_map_290,9680.006110002063,180.34532579079308
epigenomics_1658_map_291,10352.363893736067,177.27436670210997
epigenomics_1658_map_292,10201.506174151318,175.2712713552882
epigenomics_1658_map_293,9477.664872953896,185.67660624918273
epigenomics_1658_map_294,10401.997346430073,186.82615891890927
epigenomics_1658_map_295,10268.978767176575,182.84493950426665
epigenomics_1658_map_296,11196.466459933697,183.24181268003437
epigenomics_1658_map_297,9216.507494539243,180.47063712831533
epigenomics_1658_map_298,9982.106792832055,174.338136502892
epigenomics_1658_map_299,9911.933874637904,191.74696806223716
epigenomics_1658_map_300,10602.068842305562,190.48598779151627
epigenomics_1658_map_301,9215.800057193155,180.682434727336
epigenomics_1658_map_302,9473.91529596303,180.5208197100258
epigenomics_1658_map_303,9041.51460385911,179.8259908151954
epigenomics_1658_map_304,10778.518309867246,187.43689431392082
epigenomics_1658_map_305,10113.002829993837,176.01562524592526
epigenomics_1658_map_306,9808.021765505588,182.33263965839166
epigenomics_1658_map_307,10592.436623800068,195.98716342178045
epigenomics_1658_map_308,10397.98385268525,186.46532082768255
epigenomics_1658_map_309,9353.059422278342,179.62811306887448
epigenomics_1658_map_310,10161.763768948087,178.56777311186144
epigenomics_1658_map_311,10145.18646104173,180.07967624092382
epigenomics_1658_map_312,9818.455981294059,196.23908051054832
epigenomics_1658_map_313,10182.972322358477,186.9489493663802
epigenomics_1658_map_314,9900.463545597906,176.2356293992876
epigenomics_1658_map_315,10260.369088573327,187.01155799414627
epigenomics_1658_map_316,9944.996561195541,181.78478832088052
epigenomics_1658_map_317,9227.656138378132,177.2528653368546
epigenomics_1658_map_318,9787.634952298786,185.42557924183032
epigenomics_1658_map_319,10101.344492121985,181.3511639406222
epigenomics_1658_map_320,9939.820005008009,181.08781492165934
epigenomics_1658_map_321,9123.614763347805,180.02873119203034
epigenomics_1658_map_322,9245.61757532299,183.55655484272816
epigenomics_1658_map_323,10547.232391347412,186.83534082984488
epigenomics_1658_map_324,9043.992920835099,187.0423036431461
epigenomics_1658_map_325,10257.801046373273,184.19831248340273
epigenomics_1658_map_326,9980.070504532576,186.2093932721947
epigenomics_1658_map_327,9285.815967184673,186.8056847309557
epigenomics_1658_map_328,10826.472680622217,184.0577495614563
epigenomics_1658_map_329,9581.965577952296,184.92683099713295
epigenomics_1658_map_330,10271.012688521916,178.86499182400388
epigenomics_1658_map_331,9971.361203321905,184.73356048799158
epigenomics_1658_map_332,9593.649214031751,180.31220633969917
epigenomics_1658_map_333,9733.949236384193,191.35905193415957
epigenomics_1658_map_334,10403.44856972466,181.36445985642484
epigenomics_1658_map_335,10522.676912530384,191.80289513145155
epigenomics_1658_map_336,10221.791654735367,190.78990943443745
epigenomics_1658_map_337,10105.912671504573,177.6540857666774
epigenomics_1658_map_338,9517.039797681955,184.5179664724561
epigenomics_1658_map_339,10876.412677574295,185.25348886362283
epigenomics_1658_map_340,10867.489197544599,186.22611270597258
epigenomics_1658_map_341,9731.870942832169,190.22216903836508
epigenomics_1658_map_342,9509.17578885978,187.841801933006
epigenomics_1658_map_343,10162.305990309043,182.82463663935698
epigenomics_1658_map_344,10141.896945776078,185.16353378676777
epigenomics_1658_map_345,10823.514800239596,192.32915090510724
epigenomics_1658_map_346,9391.646237091654,191.36953601347932
epigenomics_1658_map_347,9641.383041968375,186.4558199768798
epigenomics_1658_map_348,9948.509002069633,180.239597985282
epigenomics_1658_map_349,9905.256805443792,177.44201096365137
epigenomics_1658_map_350,10797.498951159385,179.82732996397283
epigenomics_1658_map_351,10399.141940080066,183.0526590504623
epigenomics_1658_map_352,10658.401111785772,187.9613498970832
epigenomics_1658_map_353,9907.120954305554,190.06432351966785
epigenomics_1658_map_354,9996.926937679822,185.2953175057757
epigenomics_1658_map_355,10061.75584201374,191.18997598085406
epigenomics_1658_map_356,9637.318327874747,186.92202538493012
epigenomics_1658_map_357,9768.859485106252,187.752481853993
epigenomics_1658_map_358,9871.396352736849,181.1710987529982
epigenomics_1658_map_359,9766.689803749401,187.28146657833764
epigenomics_1658_map_360,10240.468390779726,190.0777718598229
epigenomics_1658_map_361,10546.31420167189,188.52756473551796
epigenomics_1658_map_362,9908.755137942759,182.685600258531
epigenomics_1658_map_363,9555.770588338348,184.21724073761303
epigenomics_1658_map_364,9989.661356592514,185.68344509195757
epigenomics_1658_map_365,10287.55911480574,190.9109373748729
epigenomics_1658_map_366,9573.53121621886,188.41948748705525
epigenomics_1658_map_367,10142.614302028616,186.19418809601444
epigenomics_1658_map_368,11107.810440258243,181.81513670121134
epigenomics_1658_map_369,10301.881378201684,184.2375617696195
epigenomics_1658_map_370,9505.700449604445,189.4199610108662
epigenomics_1658_map_371,9794.418993128289,189.29475921299047
epigenomics_1658_map_372,9019.758304734709,175.14174351542357
epigenomics_1658_map_373,10029.645851332914,183.0548397602731
epigenomics_1658_map_374,10771.209323556142,190.3709374883017
epigenomics_1658_map_375,10303.14850030019,191.76465381887132
epigenomics_1658_map_376,9968.445516568634,180.46380508745156
epigenomics_1658_map_377,9459.804193731576,184.09949096360552
epigenomics_1658_map_378,9482.491434257765,184.97282965425066
epigenomics_1658_map_379,9209.241581784961,179.8559089074767
epigenomics_1658_map_380,10735.459449453847,182.747287200762
epigenomics_1658_map_381,9947.86525698283,185.9736487380155
epigenomics_1658_map_382,9627.175614145706,175.1943831739058
epigenomics_1658_map_383,9550.908799398878,197.4738494946456
epigenomics_1658_map_384,10178.432418295894,177.77065514710029
epigenomics_1658_map_385,8936.611444896673,188.60850081040437
epigenomics_1658_map_386,9882.64762851136,179.74667419251892
epigenomics_1658_map_387,10579.27936266234,178.39177424803017
epigenomics_1658_map_388,9964.046555921532,184.67952762870675
epigenomics_1658_map_389,10575.347453746768,191.52183871061567
epigenomics_1658_map_390,10325.183010755482,197.12398410532973
epigenomics_1658_map_391,10761.33670175258,191.22802826249924
epigenomics_1658_map_392,10381.364008471784,184.74490873587703
epigenomics_1658_map_393,10259.849074090425,181.88269961835388
epigenomics_1658_map_394,10869.777388988594,184.5110578785476
epigenomics_1658_map_395,10186.909931595948,182.9862825031151
epigenomics_1658_map_396,10046.819404646414,185.1111630823571
epigenomics_1658_map_397,10086.494016547018,192.1663707099532
epigenomics_1658_map_398,11049.549644937973,194.7045949639613
epigenomics_1658_map_399,10588.18539619293,191.4601543053848
epigenomics_1658_map_400,10228.52392022592,172.91099916437028
epigenomics_1658_map_401,9053.54601840815,180.0029776089988
epigenomics_1658_map_402,9482.437308846173,185.6532040696458
epigenomics_1658_map_403,10378.061904437314,186.9181379763955
epigenomics_1658_map_404,9709.764078533071,190.30892421107382
epigenomics_1658_map_405,9434.453042686628,186.71751020312442
epigenomics_1658_map_406,9558.940682295019,180.78409193474252
epigenomics_1658_map_407,9699.368279704888,186.57883745397513
epigenomics_1658_map_408,9667.971801204423,187.07632367233896
epigenomics_1658_map_409,9914.651769955206,188.46954338665256
epigenomics_1658_map_410,10356.134815224916,169.21964902679332
epigenomics_1658_map_411,9657.091078443575,185.34648659007615
epigenomics_1658_map_412,9883.49635293101,189.40896620071007
epigenomics_1658_map_413,9764.090747128577,188.64036940232342
epigenomics_1658_map_414,10315.462008847479,185.41236908613692
epigenomics_1658_map_415,9806.172797695031,178.8674681410599
epigenomics_1658_map_416,9857.815700045416,186.3956104964068
epigenomics_1658_map_417,10326.689500627059,182.20093280565206
epigenomics_1658_map_418,9472.224192850836,186.75670590313914
epigenomics_1658_map_419,10221.457969699839,186.95611925403003
epigenomics_1658_map_420,11067.976114222622,182.4440638051875
epigenomics_1658_map_421,9555.013089041191,182.24443029089127
epigenomics_1658_map_422,10045.537013719435,189.24113142814468
epigenomics_1658_map_423,9597.68041656116,183.44547105068588
epigenomics_1658_map_424,9973.539989163672,186.52476132056387
epigenomics_1658_map_425,9425.754453872072,183.99770234405008
epigenomics_1658_map_426,9722.760521718019,178.42971421658717
epigenomics_1658_map_427,10566.28841913827,183.9773050353252
epigenomics_1658_map_428,9633.839540214598,188.07000072338997
epigenomics_1658_map_429,9150.994133716718,201.07938480686414
epigenomics_1658_map_430,10202.046025374562,189.38136066944676
epigenomics_1658_map_431,9384.784127742792,177.74247688580505
epigenomics_1658_map_432,10083.670674234536,187.05319722947917
epigenomics_1658_map_433,9036.699464416755,184.4790029307541
epigenomics_1658_map_434,10082.439327916623,186.64917083311548
epigenomics_1658_map_435,10412.1304845373,184.78135532441843
epigenomics_1658_map_436,9992.242916788444,195.99330462152386
epigenomics_1658_map_437,10236.0044987117,186.41699641528083
epigenomics_1658_map_438,10126.701549613857,190.23339701205194
epigenomics_1658_map_439,10022.351065339974,188.93832145641807
epigenomics_1658_map_440,10750.983158974883,189.10916707084405
epigenomics_1658_map_441,9911.975021685277,184.4194950557339
epigenomics_1658_map_442,9525.75267860303,187.96792969480487
epigenomics_1658_map_443,10649.059016090647,191.1106296932821
epigenomics_1658_map_444,9605.837648628765,195.46038485062573
epigenomics_1658_map_445,10360.857728696621,184.894414688105
epigenomics_1658_map_446,10302.732701075098,180.4538704964967
epigenomics_1658_map_447,9903.377922278934,185.05975707625035
epigenomics_1658_map_448,9653.650828697506,185.64699959877407
epigenomics_1658_map_449,9923.591955489072,183.63922293235808
epigenomics_1658_map_450,9865.500705369464,187.3749553525494
epigenomics_1658_map_451,9542.456978335595,188.24999506215653
epigenomics_1658_map_452,9589.951536008173,185.7623813661172
epigenomics_1658_map_453,10641.907472926454,182.21203473215755
epigenomics_1658_map_454,9946.365287290602,184.4838273599249
epigenomics_1658_map_455,9503.47282499306,187.13997987173133
epigenomics_1658_map_456,10244.840487054007,190.28358035315483
epigenomics_1658_map_457,9577.641455007986,190.12324727150977
epigenomics_1658_map_458,9947.223856714983,188.5785179164144
epigenomics_1658_map_459,10101.88215004634,178.0506717801153
epigenomics_1658_map_460,9698.24012476495,189.0758787663737
epigenomics_1658_map_461,9055.4177982902,191.30766198615547
epigenomics_1658_map_462,10535.589824569957,184.87472197175393
epigenomics_1658_map_463,9465.571294676747,185.78179144262273
epigenomics_1658_map_464,9615.683713276605,186.87491957672339
epigenomics_1658_map_465,9855.262522563013,184.40895159816702
epigenomics_1658_map_466,10438.706290502372,182.10530970931558
epigenomics_1658_map_467,10894.95016728081,181.88235304404736
epigenomics_1658_map_468,10496.95785755369,176.40081441749322
epigenomics_1658_map_469,10027.71539688398,186.68762253528507
epigenomics_1658_map_470,9798.430147778503,191.4510775698235
epigenomics_1658_map_471,9994.646590393091,182.6695885838693
epigenomics_1658_map_472,9864.357491405737,181.97152625406375
epigenomics_1658_map_473,9549.657526960644,182.84154378659682
epigenomics_1658_map_474,9026.98022825069,185.9931927041123
epigenomics_1658_map_475,9079.647443158508,182.6930004485188
epigenomics_1658_map_476,9362.350040419447,188.29469444054988
epigenomics_1658_map_477,10322.269861435065,191.23139264262133
epigenomics_1658_map_478,10308.524819109005,178.40404462828738
epigenomics_1658_map_479,10395.089598215603,184.0922529197531
epigenomics_1658_map_480,10157.028381082138,194.16068525789586
epigenomics_1658_map_481,9260.013860989733,185.0724160086955
epigenomics_1658_map_482,9515.121537891366,183.83060173466055
epigenomics_1658_map_483,8987.89844919156,179.17015992378404
epigenomics_1658_map_484,10403.168077207207,185.33770240113233
epigenomics_1658_map_485,8888.122111106499,183.74459870540286
epigenomics_1658_map_486,9451.922916229503,189.55534793760276
epigenomics_1658_map_487,9370.090638687521,178.47826306114789
epigenomics_1658_map_488,10308.530183465851,180.73183854926705
epigenomics_1658_map_489,9804.24305209931,191.9966168137032
epigenomics_1658_map_490,9889.703679888684,180.42767801628702
epigenomics_1658_map_491,10409.03942002166,188.24026849597007
epigenomics_1658_map_492,9756.866869167696,175.84182099094258
epigenomics_1658_map_493,9994.699424377657,170.18782079704417
epigenomics_1658_map_494,9380.573037516335,182.05917645815845
epigenomics_1658_map_495,10717.372760408469,198.27678666563898
epigenomics_1658_map_496,9859.743358734306,190.89635655861156
epigenomics_1658_map_497,10370.374009719084,177.35710517737994
epigenomics_1658_map_498,9750.108859420441,186.6727423503343
epigenomics_1658_map_499,9866.98361325597,189.08879446128967
epigenomics_1658_mapMerge1_0,119.39983487316636,120.54752766567191
epigenomics_1658_mapMerge1_1,132.2788016816377,110.81504294453073
epigenomics_1658_mapMerge2_0,150.2054103986543,95.44265697518696
epigenomics_1658_chr21_0,165.38141564870716,65.93067826140317
epigenomics_1658_pileup_0,149.3032381148516,95.20292682404546
