request,latency,mem
epigenomics_5822_entry_0,1.0,1.0
epigenomics_5822_fastqSplit_0,55.383276027419434,93.37766997490053
epigenomics_5822_fastqSplit_1,50.04155371957978,98.73207043304394
epigenomics_5822_filterContams_0,18.944155757907545,66.01810917435118
epigenomics_5822_filterContams_1,20.73559767119046,70.16187751018018
epigenomics_5822_filterContams_2,19.92439397944906,66.87781489613535
epigenomics_5822_filterContams_3,24.066787362410548,49.12047731309997
epigenomics_5822_filterContams_4,18.90565648532973,66.14169984673529
epigenomics_5822_filterContams_5,25.29490267757813,63.11211147348097
epigenomics_5822_filterContams_6,20.510584318278656,56.45967275505635
epigenomics_5822_filterContams_7,19.490948647423547,50.33081198433393
epigenomics_5822_filterContams_8,20.558827881679683,63.22471984580772
epigenomics_5822_filterContams_9,22.53754224014854,48.925131755416835
epigenomics_5822_filterContams_10,24.732808454609888,77.75889827420211
epigenomics_5822_filterContams_11,19.58793703294305,74.11680557303805
epigenomics_5822_filterContams_12,22.228458317111553,60.58707756736889
epigenomics_5822_filterContams_13,20.27833010780581,67.28790173282084
epigenomics_5822_filterContams_14,20.725896405635257,67.19303154862469
epigenomics_5822_filterContams_15,23.097523759477745,60.72433549385219
epigenomics_5822_filterContams_16,27.255180087847634,70.24793344747152
epigenomics_5822_filterContams_17,19.483956648369997,50.95444065592491
epigenomics_5822_filterContams_18,20.600326204213246,70.04284891767271
epigenomics_5822_filterContams_19,25.334865078640178,71.67204704958775
epigenomics_5822_filterContams_20,21.119612418721584,69.33351470438885
epigenomics_5822_filterContams_21,18.786701201754937,70.95468737259469
epigenomics_5822_filterContams_22,12.3694160848135,49.457761677028785
epigenomics_5822_filterContams_23,18.73813009506888,65.94827189359228
epigenomics_5822_filterContams_24,19.978680722989505,67.30807901278385
epigenomics_5822_filterContams_25,16.885221090169598,63.160283215730445
epigenomics_5822_filterContams_26,19.592482989132616,61.549196883125056
epigenomics_5822_filterContams_27,16.425443223294312,68.52327357541077
epigenomics_5822_filterContams_28,17.93924926389277,60.31922916965832
epigenomics_5822_filterContams_29,20.034889601694942,50.95320266082385
epigenomics_5822_filterContams_30,20.15014846442145,66.37412569311395
epigenomics_5822_filterContams_31,27.253200932737602,57.502345397751434
epigenomics_5822_filterContams_32,19.72579302886101,70.70497201675882
epigenomics_5822_filterContams_33,21.42206336842702,79.54009403584631
epigenomics_5822_filterContams_34,24.777144414419855,69.66225810238284
epigenomics_5822_filterContams_35,21.007177530283204,70.96930500962952
epigenomics_5822_filterContams_36,25.227378328270945,53.92101906441688
epigenomics_5822_filterContams_37,17.50598321844092,68.94406763086698
epigenomics_5822_filterContams_38,13.64597914304098,65.46927622528473
epigenomics_5822_filterContams_39,16.968259037190272,64.49058846412211
epigenomics_5822_filterContams_40,15.949177916654035,69.78674128647009
epigenomics_5822_filterContams_41,20.280450325860578,64.16753895263749
epigenomics_5822_filterContams_42,23.945054315124786,64.04951656006203
epigenomics_5822_filterContams_43,22.653837859916038,68.43686841947121
epigenomics_5822_filterContams_44,19.46185335105791,61.88860662093808
epigenomics_5822_filterContams_45,19.72563656049842,74.3569071502156
epigenomics_5822_filterContams_46,18.4373280704181,73.20660991718633
epigenomics_5822_filterContams_47,17.200141708579835,76.28689872198761
epigenomics_5822_filterContams_48,21.3220662529657,63.11231406770095
epigenomics_5822_filterContams_49,21.747864184929877,76.61679389505802
epigenomics_5822_filterContams_50,27.21972067342215,60.10808487420058
epigenomics_5822_filterContams_51,25.011235682700192,70.1974419800061
epigenomics_5822_filterContams_52,19.96038047411008,54.05049881885288
epigenomics_5822_filterContams_53,20.173168938689578,45.350298520944996
epigenomics_5822_filterContams_54,24.56262093987493,63.44139271974601
epigenomics_5822_filterContams_55,22.853933411595502,75.4632293301011
epigenomics_5822_filterContams_56,20.247264694782388,58.28750928753022
epigenomics_5822_filterContams_57,20.79365280432108,57.37398354259221
epigenomics_5822_filterContams_58,21.71886421182967,59.811741621588254
epigenomics_5822_filterContams_59,22.470763349344452,71.09004786588807
epigenomics_5822_filterContams_60,24.46711963472573,47.791079312609675
epigenomics_5822_filterContams_61,17.77356507086228,66.37872076681892
epigenomics_5822_filterContams_62,19.393138544827472,69.64213599213859
epigenomics_5822_filterContams_63,18.02875821145711,62.51144566608065
epigenomics_5822_filterContams_64,20.763355457460563,65.36793684616607
epigenomics_5822_filterContams_65,22.528028198290727,69.70468694318367
epigenomics_5822_filterContams_66,19.159635795393207,74.44721670675611
epigenomics_5822_filterContams_67,16.965035127955346,66.95748561119034
epigenomics_5822_filterContams_68,19.674440155339163,64.17305549462189
epigenomics_5822_filterContams_69,21.89422696834064,64.58419432800484
epigenomics_5822_filterContams_70,18.640394090966947,69.79155901180569
epigenomics_5822_filterContams_71,23.70138848827571,53.61977088924559
epigenomics_5822_filterContams_72,21.3061967740609,59.429950971178805
epigenomics_5822_filterContams_73,17.3869851830964,57.99861389934437
epigenomics_5822_filterContams_74,21.044170398052334,53.76517635712437
epigenomics_5822_filterContams_75,21.0965569253186,81.41487883325118
epigenomics_5822_filterContams_76,16.329224319057477,60.425620111624255
epigenomics_5822_filterContams_77,21.55260366436126,75.73394521577657
epigenomics_5822_filterContams_78,16.564550196599814,62.482659483704126
epigenomics_5822_filterContams_79,17.7094670839982,62.74135553126821
epigenomics_5822_filterContams_80,21.22569139618326,58.15858005648944
epigenomics_5822_filterContams_81,20.739905423845805,65.20739478198185
epigenomics_5822_filterContams_82,19.537302354602808,67.19976436038618
epigenomics_5822_filterContams_83,20.227416525670748,53.216699201830316
epigenomics_5822_filterContams_84,15.046206044059158,67.50373532155643
epigenomics_5822_filterContams_85,17.623129613055074,64.97671908986356
epigenomics_5822_filterContams_86,18.103447679725612,58.466879545237596
epigenomics_5822_filterContams_87,21.63566490756736,76.00950048315346
epigenomics_5822_filterContams_88,18.393943344497153,73.31766346491258
epigenomics_5822_filterContams_89,16.330750676298294,69.59244196227097
epigenomics_5822_filterContams_90,14.543183272988728,58.74508807539889
epigenomics_5822_filterContams_91,18.89969064283926,57.57062402739055
epigenomics_5822_filterContams_92,21.750233439831387,54.99209978066942
epigenomics_5822_filterContams_93,18.26711209900048,64.93677666408419
epigenomics_5822_filterContams_94,18.09901203942006,66.4279643454933
epigenomics_5822_filterContams_95,22.74203509384068,59.75669002692927
epigenomics_5822_filterContams_96,17.210746548704783,55.71780004388748
epigenomics_5822_filterContams_97,20.235767322644293,55.630465680600246
epigenomics_5822_filterContams_98,16.528064095932592,64.18212291272575
epigenomics_5822_filterContams_99,15.677507112112927,59.33954550038557
epigenomics_5822_filterContams_100,16.02407519492556,72.89574903619449
epigenomics_5822_filterContams_101,20.809743945259463,62.230137727336135
epigenomics_5822_filterContams_102,22.382883586313987,54.43701709670539
epigenomics_5822_filterContams_103,17.336618623732804,61.705957682760484
epigenomics_5822_filterContams_104,22.845806294589988,57.89522151211492
epigenomics_5822_filterContams_105,18.781021649270684,48.86456372417112
epigenomics_5822_filterContams_106,17.49460756144728,54.76678031678391
epigenomics_5822_filterContams_107,18.92766576323741,62.466411298788564
epigenomics_5822_filterContams_108,21.250718625283298,51.55910709001802
epigenomics_5822_filterContams_109,19.770854659164293,68.95464271211407
epigenomics_5822_filterContams_110,19.206854779798878,71.97935260356701
epigenomics_5822_filterContams_111,16.520796873346704,72.93159779370406
epigenomics_5822_filterContams_112,18.634601723079403,70.64394608337206
epigenomics_5822_filterContams_113,17.139696323933947,75.53175544425487
epigenomics_5822_filterContams_114,16.18290883170711,65.78172228947335
epigenomics_5822_filterContams_115,22.175274077252542,66.86903741435036
epigenomics_5822_filterContams_116,23.34156194595232,64.40089893706653
epigenomics_5822_filterContams_117,20.588391393410223,69.38432058479219
epigenomics_5822_filterContams_118,19.364453874580047,66.76095133652117
epigenomics_5822_filterContams_119,22.22412081238004,72.17823177537544
epigenomics_5822_filterContams_120,21.899213681771986,74.33108241182816
epigenomics_5822_filterContams_121,23.73948116804239,74.33827800978467
epigenomics_5822_filterContams_122,21.0047264780662,61.85258235855037
epigenomics_5822_filterContams_123,16.327210680032234,60.39935394224803
epigenomics_5822_filterContams_124,20.47759071497983,64.34792275779088
epigenomics_5822_filterContams_125,21.634202383067485,64.77709064150113
epigenomics_5822_filterContams_126,18.818129588635855,51.22536590197343
epigenomics_5822_filterContams_127,22.68206519926208,73.18454471842773
epigenomics_5822_filterContams_128,20.69991311576455,64.59453135339213
epigenomics_5822_filterContams_129,16.91616908566765,78.54693641600645
epigenomics_5822_filterContams_130,20.62295481812643,61.00724934679098
epigenomics_5822_filterContams_131,22.1137161048623,74.1865033310419
epigenomics_5822_filterContams_132,14.872369259981669,56.436747631086206
epigenomics_5822_filterContams_133,15.825138150499606,82.50844389183887
epigenomics_5822_filterContams_134,17.64277832671543,68.16059383828056
epigenomics_5822_filterContams_135,21.63480817373725,70.98895077513104
epigenomics_5822_filterContams_136,19.489258396869758,53.90929577634153
epigenomics_5822_filterContams_137,23.522595759412983,58.47792417950171
epigenomics_5822_filterContams_138,20.500366642215063,72.39719068737081
epigenomics_5822_filterContams_139,15.553977664636378,62.60947969391516
epigenomics_5822_filterContams_140,19.327555727425604,69.79007982279214
epigenomics_5822_filterContams_141,21.9030429729723,63.38241042831067
epigenomics_5822_filterContams_142,19.861485281891305,60.79297053698266
epigenomics_5822_filterContams_143,22.461104965843205,58.257453653021024
epigenomics_5822_filterContams_144,22.575709109044013,86.19585432160262
epigenomics_5822_filterContams_145,19.914738220835858,59.256662589572926
epigenomics_5822_filterContams_146,19.72426836208482,59.15166052591793
epigenomics_5822_filterContams_147,17.534558640322164,74.56761832459387
epigenomics_5822_filterContams_148,17.9431533952188,70.10362718513736
epigenomics_5822_filterContams_149,18.914101660816247,56.90034132958585
epigenomics_5822_filterContams_150,14.572694722565078,72.00664055317911
epigenomics_5822_filterContams_151,22.103299421087915,69.22804175096293
epigenomics_5822_filterContams_152,18.59630708358726,63.75602737482147
epigenomics_5822_filterContams_153,19.708714811164175,65.63091362523673
epigenomics_5822_filterContams_154,15.981030418155207,69.10973410006459
epigenomics_5822_filterContams_155,22.273723386066134,77.0907774733235
epigenomics_5822_filterContams_156,21.648606264402382,65.96759583594434
epigenomics_5822_filterContams_157,21.459192334331284,65.70172566548293
epigenomics_5822_filterContams_158,16.115982018893213,52.253614574531255
epigenomics_5822_filterContams_159,17.819541133874363,75.93113926898077
epigenomics_5822_filterContams_160,15.0490578273352,68.5681879881677
epigenomics_5822_filterContams_161,21.23664490145942,78.78504478712365
epigenomics_5822_filterContams_162,28.347891309005263,65.14956476485857
epigenomics_5822_filterContams_163,20.469026771358195,64.8478094458216
epigenomics_5822_filterContams_164,20.86994423749221,72.59042061712181
epigenomics_5822_filterContams_165,19.848927552515388,81.54349549364929
epigenomics_5822_filterContams_166,20.823027949324278,64.304366908883
epigenomics_5822_filterContams_167,18.104189121743588,67.90519641195814
epigenomics_5822_filterContams_168,17.352047597114804,68.73900763390594
epigenomics_5822_filterContams_169,23.610870064145494,54.84721337121096
epigenomics_5822_filterContams_170,16.791983421281344,56.95737101516125
epigenomics_5822_filterContams_171,16.23419943290478,80.8036737268519
epigenomics_5822_filterContams_172,17.67636749394323,67.84656100376907
epigenomics_5822_filterContams_173,18.161099801831117,65.62428937217307
epigenomics_5822_filterContams_174,18.00627828519869,65.27572391562805
epigenomics_5822_filterContams_175,17.892992686200262,55.731517488023854
epigenomics_5822_filterContams_176,24.995106280665663,61.39263214846856
epigenomics_5822_filterContams_177,22.739525086238576,74.03046630947762
epigenomics_5822_filterContams_178,17.981020626817354,58.52986347826529
epigenomics_5822_filterContams_179,19.461385847503962,58.826668021230134
epigenomics_5822_filterContams_180,18.463295549844194,72.27772378532374
epigenomics_5822_filterContams_181,21.176609140027956,64.96488652383375
epigenomics_5822_filterContams_182,23.503635047804835,43.61962910473154
epigenomics_5822_filterContams_183,17.52139854975326,56.502634544009666
epigenomics_5822_filterContams_184,18.586750287990622,50.558528938603104
epigenomics_5822_filterContams_185,18.361711952885234,54.75896335902843
epigenomics_5822_filterContams_186,17.486100848739554,75.82910353648549
epigenomics_5822_filterContams_187,15.506839511872618,58.67105229541019
epigenomics_5822_filterContams_188,20.869056357795227,50.70858334388334
epigenomics_5822_filterContams_189,21.567261598443558,55.29085150058991
epigenomics_5822_filterContams_190,18.624243422378665,51.40995129515507
epigenomics_5822_filterContams_191,17.91502848149814,72.98198061610827
epigenomics_5822_filterContams_192,20.737821994763408,51.761838424447035
epigenomics_5822_filterContams_193,21.931648793953084,64.25870247087587
epigenomics_5822_filterContams_194,22.298905362604387,68.0036740002135
epigenomics_5822_filterContams_195,26.42614643112878,63.5578488300657
epigenomics_5822_filterContams_196,22.352013812088597,56.78842499739188
epigenomics_5822_filterContams_197,18.024481478300885,74.16904016717841
epigenomics_5822_filterContams_198,20.908162046949492,75.25972864902488
epigenomics_5822_filterContams_199,23.192040508185386,58.43980659070573
epigenomics_5822_filterContams_200,21.58943081284564,72.76597911769899
epigenomics_5822_filterContams_201,22.455367861840582,71.43200074616576
epigenomics_5822_filterContams_202,19.13022010804931,74.47165111278765
epigenomics_5822_filterContams_203,20.2824524067632,79.07516974158817
epigenomics_5822_filterContams_204,17.30028724116918,65.57114492339458
epigenomics_5822_filterContams_205,23.175761245359208,53.05282176984954
epigenomics_5822_filterContams_206,20.988830649637674,62.12358824382763
epigenomics_5822_filterContams_207,25.17110945676584,63.30090624896576
epigenomics_5822_filterContams_208,17.180039253113417,51.99919725378409
epigenomics_5822_filterContams_209,19.8440867706272,80.74120020868466
epigenomics_5822_filterContams_210,27.701420513551216,71.4317216512492
epigenomics_5822_filterContams_211,23.398037165069063,62.6819004096877
epigenomics_5822_filterContams_212,22.588747416438864,59.30570410992555
epigenomics_5822_filterContams_213,20.35303221809678,66.96217407906461
epigenomics_5822_filterContams_214,23.060520460239424,49.82675936926131
epigenomics_5822_filterContams_215,20.044912816577092,70.49274635541643
epigenomics_5822_filterContams_216,20.059634802329924,82.38507594072664
epigenomics_5822_filterContams_217,18.434788363014025,66.5041333159674
epigenomics_5822_filterContams_218,18.961197269165005,76.90479503496282
epigenomics_5822_filterContams_219,19.203539471772533,68.80929206067364
epigenomics_5822_filterContams_220,19.5275665646705,84.53670113040077
epigenomics_5822_filterContams_221,20.022769403262778,61.05518113958563
epigenomics_5822_filterContams_222,21.722264744043528,74.20571882220293
epigenomics_5822_filterContams_223,25.307470168518698,66.09979170022817
epigenomics_5822_filterContams_224,16.754688129158787,73.53426762939894
epigenomics_5822_filterContams_225,23.768707496146085,65.29168370888546
epigenomics_5822_filterContams_226,20.109669156080194,60.39109726544437
epigenomics_5822_filterContams_227,15.675689556576367,69.5083269632394
epigenomics_5822_filterContams_228,18.580733954021685,66.63815298652385
epigenomics_5822_filterContams_229,24.357983503015333,66.60656264246028
epigenomics_5822_filterContams_230,25.289409010647777,64.63903332112658
epigenomics_5822_filterContams_231,18.26394217454807,62.354414222532824
epigenomics_5822_filterContams_232,25.456841357421865,67.28936337074313
epigenomics_5822_filterContams_233,22.249341040485625,70.24696409805942
epigenomics_5822_filterContams_234,20.767096532851554,63.93013374171765
epigenomics_5822_filterContams_235,18.42030651437937,63.479094882456124
epigenomics_5822_filterContams_236,21.06405611126182,47.36231130491971
epigenomics_5822_filterContams_237,20.78329116693376,59.00450741903675
epigenomics_5822_filterContams_238,20.613830390725422,70.59289355667008
epigenomics_5822_filterContams_239,20.73454465221392,66.55627940492879
epigenomics_5822_filterContams_240,14.597830346141274,52.339263836937576
epigenomics_5822_filterContams_241,23.525931331392908,62.24004349743073
epigenomics_5822_filterContams_242,17.511300435172934,53.077732059036855
epigenomics_5822_filterContams_243,17.821228719013575,54.531652678317094
epigenomics_5822_filterContams_244,24.325092721190224,57.14713305981456
epigenomics_5822_filterContams_245,23.152105902304946,76.03187142362489
epigenomics_5822_filterContams_246,24.98909798358774,64.64340891118852
epigenomics_5822_filterContams_247,20.856656448242106,65.59810912606522
epigenomics_5822_filterContams_248,20.394525832456292,64.17026909802625
epigenomics_5822_filterContams_249,19.738935932560427,65.38970869054351
epigenomics_5822_filterContams_250,18.08817119917083,66.01196351768616
epigenomics_5822_filterContams_251,17.43016433606273,71.82549340192973
epigenomics_5822_filterContams_252,20.7341457970466,53.14925925638927
epigenomics_5822_filterContams_253,20.296380532346134,82.1623024939738
epigenomics_5822_filterContams_254,22.666248023368304,61.972948423943315
epigenomics_5822_filterContams_255,18.807894180277177,61.9200121846796
epigenomics_5822_filterContams_256,20.64782187820761,54.98856344629145
epigenomics_5822_filterContams_257,20.704457377256826,65.86020881899303
epigenomics_5822_filterContams_258,19.8983773750535,72.0466307730069
epigenomics_5822_filterContams_259,16.06170079257705,74.16677254265531
epigenomics_5822_filterContams_260,21.948191772665076,60.91430976910929
epigenomics_5822_filterContams_261,11.789203806902533,78.99230016377889
epigenomics_5822_filterContams_262,21.313949349561227,74.49899670791652
epigenomics_5822_filterContams_263,17.890297189185688,77.37659037130615
epigenomics_5822_filterContams_264,20.08233968525857,65.0636015201895
epigenomics_5822_filterContams_265,19.98195988387969,67.69672000406896
epigenomics_5822_filterContams_266,21.300187510996686,61.69571321237907
epigenomics_5822_filterContams_267,17.854095262447466,75.9605547125339
epigenomics_5822_filterContams_268,18.669029641915905,55.754740643763206
epigenomics_5822_filterContams_269,17.216916323314422,69.32787196454866
epigenomics_5822_filterContams_270,18.818995037174997,57.18214657633974
epigenomics_5822_filterContams_271,18.622641547648257,63.22276400209926
epigenomics_5822_filterContams_272,16.860993184502885,66.37257211623472
epigenomics_5822_filterContams_273,18.220883286595143,64.60907794567868
epigenomics_5822_filterContams_274,23.076203866139352,60.98050247914372
epigenomics_5822_filterContams_275,21.338977863898034,57.02413983996506
epigenomics_5822_filterContams_276,19.278132713202158,68.1263180804728
epigenomics_5822_filterContams_277,15.48167462778623,67.92280469725112
epigenomics_5822_filterContams_278,17.621554584742526,48.869379432302985
epigenomics_5822_filterContams_279,22.85947165414085,38.18939896625755
epigenomics_5822_filterContams_280,21.62488662712395,62.10974220689274
epigenomics_5822_filterContams_281,19.91099579711862,55.39899125684551
epigenomics_5822_filterContams_282,12.898794007642547,65.14488194776689
epigenomics_5822_filterContams_283,23.738790917476575,63.02574923089428
epigenomics_5822_filterContams_284,19.822719023016152,69.46444310435083
epigenomics_5822_filterContams_285,14.687446172867823,61.47151439241096
epigenomics_5822_filterContams_286,20.725616977145112,57.104218622239635
epigenomics_5822_filterContams_287,21.594318079103928,68.45821062349923
epigenomics_5822_filterContams_288,23.17571777051007,58.86749336710869
epigenomics_5822_filterContams_289,22.96528767131527,64.14817682414612
epigenomics_5822_filterContams_290,17.556072269659126,73.42815402306613
epigenomics_5822_filterContams_291,20.707668363435435,63.087618753470146
epigenomics_5822_filterContams_292,21.221658680133515,65.73631695879627
epigenomics_5822_filterContams_293,19.58353646739283,56.75191270505721
epigenomics_5822_filterContams_294,19.454404456855915,68.91243703049088
epigenomics_5822_filterContams_295,24.52158626549239,62.74683884653153
epigenomics_5822_filterContams_296,18.35449994151519,61.49859220797758
epigenomics_5822_filterContams_297,20.92622379682332,63.65771300543033
epigenomics_5822_filterContams_298,23.11469604444078,66.73615985984999
epigenomics_5822_filterContams_299,18.84294892227983,61.746131407820855
epigenomics_5822_filterContams_300,22.460180609502693,62.3844032893545
epigenomics_5822_filterContams_301,17.041644298752004,68.29758426868287
epigenomics_5822_filterContams_302,21.016759422939778,71.68692913474932
epigenomics_5822_filterContams_303,15.452154712102539,67.35504561177044
epigenomics_5822_filterContams_304,22.247552819045815,76.2490718038776
epigenomics_5822_filterContams_305,18.35699932255587,63.20993051493442
epigenomics_5822_filterContams_306,15.197288139800719,48.26629133765621
epigenomics_5822_filterContams_307,17.420156368741218,75.08800010025345
epigenomics_5822_filterContams_308,22.827298062382603,51.26854095396998
epigenomics_5822_filterContams_309,19.58354624879019,68.230420238468
epigenomics_5822_filterContams_310,22.9843081111192,72.62084133537375
epigenomics_5822_filterContams_311,23.494331058078565,64.7917994848051
epigenomics_5822_filterContams_312,19.550913298053374,63.801083906070296
epigenomics_5822_filterContams_313,24.40250453702958,70.85142702188293
epigenomics_5822_filterContams_314,21.141766566794875,68.42584996310828
epigenomics_5822_filterContams_315,17.24205196995786,71.42938927372346
epigenomics_5822_filterContams_316,21.96544856078195,69.02834979637312
epigenomics_5822_filterContams_317,20.477820890048967,59.1658856654751
epigenomics_5822_filterContams_318,23.23268032402477,63.542076933591666
epigenomics_5822_filterContams_319,17.430510805162857,76.42686042129431
epigenomics_5822_filterContams_320,23.417847351363136,67.56450850880935
epigenomics_5822_filterContams_321,17.951001976428742,56.654087287608775
epigenomics_5822_filterContams_322,18.515310714921025,67.38847912470365
epigenomics_5822_filterContams_323,18.59143736989555,74.73403727438449
epigenomics_5822_filterContams_324,15.498704969472762,57.059806847650684
epigenomics_5822_filterContams_325,13.426784434412069,63.308261058275214
epigenomics_5822_filterContams_326,9.121411728928281,67.5476386062982
epigenomics_5822_filterContams_327,17.8537425371607,76.5888030979603
epigenomics_5822_filterContams_328,23.565808077610573,79.98385162387638
epigenomics_5822_filterContams_329,24.788116977493143,66.69379922327876
epigenomics_5822_filterContams_330,18.770656303455688,56.84285249929056
epigenomics_5822_filterContams_331,20.700174726492087,40.968593231839954
epigenomics_5822_filterContams_332,18.803456151982246,50.05715816489243
epigenomics_5822_filterContams_333,25.222416514111558,63.403485841851584
epigenomics_5822_filterContams_334,20.230056578244252,61.47412634508236
epigenomics_5822_filterContams_335,21.398000261986326,67.48562380136484
epigenomics_5822_filterContams_336,19.74892688986173,69.9981402484346
epigenomics_5822_filterContams_337,21.293699487739296,81.04629633652621
epigenomics_5822_filterContams_338,24.6651858584787,63.31374275971098
epigenomics_5822_filterContams_339,20.016971195514078,61.716304632761926
epigenomics_5822_filterContams_340,21.249243400630476,63.08337843993677
epigenomics_5822_filterContams_341,22.40793942259398,55.67342067135801
epigenomics_5822_filterContams_342,17.57294569935125,52.05682772687972
epigenomics_5822_filterContams_343,18.480224138987108,63.13679433601597
epigenomics_5822_filterContams_344,23.516541012772525,63.80934200802176
epigenomics_5822_filterContams_345,14.503578905654948,56.438446254087786
epigenomics_5822_filterContams_346,19.64174253877086,61.18202678537489
epigenomics_5822_filterContams_347,20.688832590694513,59.898324074232214
epigenomics_5822_filterContams_348,14.697201794754179,67.40703124582986
epigenomics_5822_filterContams_349,22.80204534496918,62.77976292946359
epigenomics_5822_filterContams_350,14.600504842989235,61.41418218172113
epigenomics_5822_filterContams_351,22.407199448118757,60.86766351639538
epigenomics_5822_filterContams_352,24.22969372434018,56.919599712545285
epigenomics_5822_filterContams_353,20.589801375449476,75.26839917871649
epigenomics_5822_filterContams_354,19.023274785948846,68.02563716313725
epigenomics_5822_filterContams_355,18.418874788255835,59.24350099762462
epigenomics_5822_filterContams_356,17.646537176187636,81.26400010402917
epigenomics_5822_filterContams_357,18.990006247495472,70.4026446416518
epigenomics_5822_filterContams_358,19.317484182904774,62.065855274157975
epigenomics_5822_filterContams_359,17.228487871243953,59.94000447113002
epigenomics_5822_filterContams_360,17.447659142744396,57.89946664536938
epigenomics_5822_filterContams_361,18.78804526322718,65.38900742205378
epigenomics_5822_filterContams_362,22.835090387642,62.616498910523006
epigenomics_5822_filterContams_363,19.3465246572117,67.75324025013111
epigenomics_5822_filterContams_364,19.647977670896168,59.06645916855648
epigenomics_5822_filterContams_365,20.498962666620884,69.8145117515651
epigenomics_5822_filterContams_366,18.25291393069703,55.30486422655113
epigenomics_5822_filterContams_367,19.37686832437913,55.46620292288351
epigenomics_5822_filterContams_368,17.496670636294567,71.28441550118959
epigenomics_5822_filterContams_369,23.570663888282592,74.21291502625309
epigenomics_5822_filterContams_370,22.055928147259582,69.17566135950268
epigenomics_5822_filterContams_371,13.691338979777466,70.80154357902364
epigenomics_5822_filterContams_372,20.11909415503484,56.811403603212
epigenomics_5822_filterContams_373,22.490499879790704,53.90775630917197
epigenomics_5822_filterContams_374,19.589169690328013,64.45706737307586
epigenomics_5822_filterContams_375,17.311188649044507,55.22072214213972
epigenomics_5822_filterContams_376,21.140598993149833,63.56086004327808
epigenomics_5822_filterContams_377,25.03043314448983,57.16597377491821
epigenomics_5822_filterContams_378,21.62334059674975,62.97248722619398
epigenomics_5822_filterContams_379,21.37473974484561,54.355143500472224
epigenomics_5822_filterContams_380,19.147217857063048,66.66140609088554
epigenomics_5822_filterContams_381,21.375543486659225,51.258675595072134
epigenomics_5822_filterContams_382,19.138260046945632,69.68250243356735
epigenomics_5822_filterContams_383,19.680585272035906,78.62196113620085
epigenomics_5822_filterContams_384,17.80236528108211,63.9778785976296
epigenomics_5822_filterContams_385,15.78356255548407,57.68812915448805
epigenomics_5822_filterContams_386,20.494742458139164,74.20218021662653
epigenomics_5822_filterContams_387,23.679996009163908,73.28696897491018
epigenomics_5822_filterContams_388,23.324369257927366,80.22227326884641
epigenomics_5822_filterContams_389,21.628513441365765,64.30282684219516
epigenomics_5822_filterContams_390,20.57789321956088,63.55760025062318
epigenomics_5822_filterContams_391,24.049103916119364,69.64813944783162
epigenomics_5822_filterContams_392,14.956886954466754,64.34357536509192
epigenomics_5822_filterContams_393,13.343188201219338,63.56119174232876
epigenomics_5822_filterContams_394,18.10116540682332,59.26691833683826
epigenomics_5822_filterContams_395,21.75686378182027,71.14521134015258
epigenomics_5822_filterContams_396,17.255286086292575,85.53124577701297
epigenomics_5822_filterContams_397,17.26154246667792,66.79873684343302
epigenomics_5822_filterContams_398,19.882568581421932,53.59767552160339
epigenomics_5822_filterContams_399,24.64072531785237,68.25270127676349
epigenomics_5822_filterContams_400,18.720109189142164,65.48144447918465
epigenomics_5822_filterContams_401,22.300300711484415,63.39472040919954
epigenomics_5822_filterContams_402,25.465370433345463,80.33418985323804
epigenomics_5822_filterContams_403,23.079791474363056,55.786539056553934
epigenomics_5822_filterContams_404,22.38437642556224,64.99599628012238
epigenomics_5822_filterContams_405,23.510019181630373,61.15122581831418
epigenomics_5822_filterContams_406,19.18152331753488,53.18078205116889
epigenomics_5822_filterContams_407,17.92571507913292,60.83571016539942
epigenomics_5822_filterContams_408,21.013544765026104,57.91586885138925
epigenomics_5822_filterContams_409,17.99228576450708,72.72368105553511
epigenomics_5822_filterContams_410,26.269948398281894,63.20936326348873
epigenomics_5822_filterContams_411,19.460643941789186,60.02005099093892
epigenomics_5822_filterContams_412,21.082369170563517,56.28951431074468
epigenomics_5822_filterContams_413,18.80198925825402,71.89872198258581
epigenomics_5822_filterContams_414,18.17747693558449,55.484387271357306
epigenomics_5822_filterContams_415,15.728937953648728,59.69193650556267
epigenomics_5822_filterContams_416,24.841122840638292,55.12027965845138
epigenomics_5822_filterContams_417,20.298143970454586,71.6448709681302
epigenomics_5822_filterContams_418,18.026957835093476,59.715689758724224
epigenomics_5822_filterContams_419,25.453044751721986,61.791884663823204
epigenomics_5822_filterContams_420,24.98284131768227,68.92009241588978
epigenomics_5822_filterContams_421,21.23603740452859,71.94293360951171
epigenomics_5822_filterContams_422,20.781087806688298,76.32793651652024
epigenomics_5822_filterContams_423,16.457262595681545,64.32670055626973
epigenomics_5822_filterContams_424,20.70340411701467,70.7014351025985
epigenomics_5822_filterContams_425,23.166746456048532,53.62602696159451
epigenomics_5822_filterContams_426,20.812327383887006,67.51112686104368
epigenomics_5822_filterContams_427,22.27226337881452,58.221238425277036
epigenomics_5822_filterContams_428,17.533150306960422,53.888447432323204
epigenomics_5822_filterContams_429,26.338869810505077,49.77573894304286
epigenomics_5822_filterContams_430,24.429858371208283,74.076136995201
epigenomics_5822_filterContams_431,19.720556164765643,78.06956987480443
epigenomics_5822_filterContams_432,19.274614301789903,65.56934481048252
epigenomics_5822_filterContams_433,16.768089917312597,70.86835895618005
epigenomics_5822_filterContams_434,14.964174416248104,60.74232860557594
epigenomics_5822_filterContams_435,21.672570116524003,63.97336052329236
epigenomics_5822_filterContams_436,23.997213958401126,67.81849828955978
epigenomics_5822_filterContams_437,22.99460037894695,51.36494840721738
epigenomics_5822_filterContams_438,17.625040110173394,60.73137918228565
epigenomics_5822_filterContams_439,22.157093684088963,66.07094666368457
epigenomics_5822_filterContams_440,18.926699984113686,77.38755396869139
epigenomics_5822_filterContams_441,20.075391209842145,64.2608584067844
epigenomics_5822_filterContams_442,25.680522927733914,60.50193025656183
epigenomics_5822_filterContams_443,16.525014351400685,47.21012541421263
epigenomics_5822_filterContams_444,17.533505059081893,61.79451127085038
epigenomics_5822_filterContams_445,14.147115083622325,59.576062463172875
epigenomics_5822_filterContams_446,20.278368373564817,68.10284975188121
epigenomics_5822_filterContams_447,26.791052379136357,66.6976494181551
epigenomics_5822_filterContams_448,18.905114248099064,69.51402418114361
epigenomics_5822_filterContams_449,21.20960247295775,55.05668376067635
epigenomics_5822_filterContams_450,10.950198267537775,58.67287696416049
epigenomics_5822_filterContams_451,19.440522276388087,75.92934347249411
epigenomics_5822_filterContams_452,22.543826411998744,76.25526413513495
epigenomics_5822_filterContams_453,22.35807039842903,69.49827373253687
epigenomics_5822_filterContams_454,28.59272369738916,63.14839114074645
epigenomics_5822_filterContams_455,20.135722744095467,73.99823954652874
epigenomics_5822_filterContams_456,23.33662553451014,64.96208784370455
epigenomics_5822_filterContams_457,26.511929080970063,56.979229713404905
epigenomics_5822_filterContams_458,16.970083096111942,54.67514736006445
epigenomics_5822_filterContams_459,16.29971709829165,70.47128725723923
epigenomics_5822_filterContams_460,17.58184482388947,61.97761718724375
epigenomics_5822_filterContams_461,20.917649595285607,67.56231205817453
epigenomics_5822_filterContams_462,14.068272285392117,58.31920028912016
epigenomics_5822_filterContams_463,20.829405518730173,59.279829805485534
epigenomics_5822_filterContams_464,21.20731242472698,70.34731997911398
epigenomics_5822_filterContams_465,20.90458384276537,60.63796307213563
epigenomics_5822_filterContams_466,22.956282327726612,55.09840761427343
epigenomics_5822_filterContams_467,16.72260250621156,46.834845037721436
epigenomics_5822_filterContams_468,21.85064637003594,75.78710405791584
epigenomics_5822_filterContams_469,18.396756934119395,70.78074260839668
epigenomics_5822_filterContams_470,19.577383044001223,64.10052622034434
epigenomics_5822_filterContams_471,18.594980298067156,57.21108055172586
epigenomics_5822_filterContams_472,20.893127648325336,62.217915908163874
epigenomics_5822_filterContams_473,15.942836278714573,68.45613242513184
epigenomics_5822_filterContams_474,19.708158110403573,78.4070032160302
epigenomics_5822_filterContams_475,21.004448188137772,75.0091328385759
epigenomics_5822_filterContams_476,17.611890350791295,60.15017248252343
epigenomics_5822_filterContams_477,21.12562237627274,56.814661591958135
epigenomics_5822_filterContams_478,23.682638517010847,60.188129455888586
epigenomics_5822_filterContams_479,16.057418227214562,57.12863597603905
epigenomics_5822_filterContams_480,17.252740211186065,61.74421007177334
epigenomics_5822_filterContams_481,17.532052722977525,63.13725216533688
epigenomics_5822_filterContams_482,16.01007890114222,51.8463746723139
epigenomics_5822_filterContams_483,18.180777185398554,64.82407359424964
epigenomics_5822_filterContams_484,17.308627004684247,60.11381944227918
epigenomics_5822_filterContams_485,23.086162318120458,57.8472142459177
epigenomics_5822_filterContams_486,17.840234093658655,77.97707961304657
epigenomics_5822_filterContams_487,20.461611890959443,61.09945972491102
epigenomics_5822_filterContams_488,18.450196136586673,55.50620751636581
epigenomics_5822_filterContams_489,16.7651242366151,47.810377088222516
epigenomics_5822_filterContams_490,20.462346697152174,78.22314348844716
epigenomics_5822_filterContams_491,19.875163639646455,51.89582332739177
epigenomics_5822_filterContams_492,19.68744532384444,65.83944621906534
epigenomics_5822_filterContams_493,19.220933101132307,64.49477054239397
epigenomics_5822_filterContams_494,14.190119244822874,60.136788839218
epigenomics_5822_filterContams_495,23.894331002022405,51.708762028908545
epigenomics_5822_filterContams_496,18.46604324485913,69.47979803475486
epigenomics_5822_filterContams_497,19.636588737977622,54.82220080559298
epigenomics_5822_filterContams_498,21.721163261442417,60.16905607416398
epigenomics_5822_filterContams_499,18.70150252827803,56.78866469226686
epigenomics_5822_sol2sanger_0,83.77898853096836,46.462199771164
epigenomics_5822_sol2sanger_1,86.71282013762583,30.432269241377924
epigenomics_5822_sol2sanger_2,82.34786771761091,27.308486911956777
epigenomics_5822_sol2sanger_3,77.35197455014766,57.82513462465967
epigenomics_5822_sol2sanger_4,79.3468237727655,45.02575669586524
epigenomics_5822_sol2sanger_5,84.8743204221338,43.34943532448303
epigenomics_5822_sol2sanger_6,81.5166106917846,45.16835806087264
epigenomics_5822_sol2sanger_7,80.4537758129993,42.390353466346944
epigenomics_5822_sol2sanger_8,72.42386045614523,29.725907859850636
epigenomics_5822_sol2sanger_9,79.90139097414578,50.038297820393794
epigenomics_5822_sol2sanger_10,77.15178046416855,44.427690483200976
epigenomics_5822_sol2sanger_11,75.61268902850489,50.33430245808669
epigenomics_5822_sol2sanger_12,82.83029582644328,59.99026899241772
epigenomics_5822_sol2sanger_13,79.23953610954231,46.942125589137724
epigenomics_5822_sol2sanger_14,92.77695706923927,40.0749292720725
epigenomics_5822_sol2sanger_15,85.4197846800285,55.05196374071389
epigenomics_5822_sol2sanger_16,73.98129700556167,35.869949479016604
epigenomics_5822_sol2sanger_17,73.16771517510283,40.48139955925465
epigenomics_5822_sol2sanger_18,76.00027285868991,36.05397641469917
epigenomics_5822_sol2sanger_19,82.9503398405408,49.87033270171042
epigenomics_5822_sol2sanger_20,71.28124635391724,38.57863172242685
epigenomics_5822_sol2sanger_21,77.32915020527994,59.46604694470706
epigenomics_5822_sol2sanger_22,74.16927721713793,31.223613208517463
epigenomics_5822_sol2sanger_23,83.15227693128915,45.92843008712551
epigenomics_5822_sol2sanger_24,89.61335245643683,47.39070594627244
epigenomics_5822_sol2sanger_25,71.93236712452828,47.26860020317607
epigenomics_5822_sol2sanger_26,83.74057897602356,48.65801917365803
epigenomics_5822_sol2sanger_27,81.37172647742287,53.221887884485305
epigenomics_5822_sol2sanger_28,80.5069203690421,64.87329586696481
epigenomics_5822_sol2sanger_29,83.81883984948335,52.60988327919427
epigenomics_5822_sol2sanger_30,78.96886115658555,48.12459399307652
epigenomics_5822_sol2sanger_31,82.32154224747589,40.5104246543705
epigenomics_5822_sol2sanger_32,75.76778690111703,31.73681988774198
epigenomics_5822_sol2sanger_33,71.68601148399773,39.60776804636913
epigenomics_5822_sol2sanger_34,81.9201431222816,33.20335266423142
epigenomics_5822_sol2sanger_35,79.25852117581674,42.83640721632588
epigenomics_5822_sol2sanger_36,85.00016559947187,35.44387110260181
epigenomics_5822_sol2sanger_37,79.41099094892485,45.93862200193515
epigenomics_5822_sol2sanger_38,83.64024161357462,41.617255582538405
epigenomics_5822_sol2sanger_39,83.5018880940655,45.718813054663485
epigenomics_5822_sol2sanger_40,83.21239949063751,34.73571567939824
epigenomics_5822_sol2sanger_41,85.46158314938248,55.61154809483577
epigenomics_5822_sol2sanger_42,67.85604537113743,42.820445492248325
epigenomics_5822_sol2sanger_43,73.84282473302143,49.847364649098544
epigenomics_5822_sol2sanger_44,82.83822423496233,55.71821502590163
epigenomics_5822_sol2sanger_45,81.436435111223,44.94016396006286
epigenomics_5822_sol2sanger_46,83.20225977464904,36.69726023898072
epigenomics_5822_sol2sanger_47,74.52028967710777,39.81708416141513
epigenomics_5822_sol2sanger_48,86.93757491340804,49.66822223762657
epigenomics_5822_sol2sanger_49,71.4722064316674,57.86918614708989
epigenomics_5822_sol2sanger_50,80.01431027792857,47.572902896368944
epigenomics_5822_sol2sanger_51,81.63410629851614,43.51285699218845
epigenomics_5822_sol2sanger_52,76.99845542154912,32.94437895055441
epigenomics_5822_sol2sanger_53,87.11997057056479,32.59122143123567
epigenomics_5822_sol2sanger_54,80.58791125761962,36.728569333798355
epigenomics_5822_sol2sanger_55,73.99614942252013,42.02516624292933
epigenomics_5822_sol2sanger_56,83.36510386845721,36.52452495755651
epigenomics_5822_sol2sanger_57,72.53597495132612,44.324189742133925
epigenomics_5822_sol2sanger_58,75.8679914932306,48.51936706745744
epigenomics_5822_sol2sanger_59,89.80269768062445,54.89157895855136
epigenomics_5822_sol2sanger_60,86.81367946740876,50.76777554241101
epigenomics_5822_sol2sanger_61,74.66792985208717,36.80007651683421
epigenomics_5822_sol2sanger_62,82.0290638861936,39.59976345939578
epigenomics_5822_sol2sanger_63,71.62285131628957,31.560637748879312
epigenomics_5822_sol2sanger_64,74.85802674585487,49.58537401247459
epigenomics_5822_sol2sanger_65,86.23410982874177,58.02973697354715
epigenomics_5822_sol2sanger_66,80.8018113789711,59.73799618704304
epigenomics_5822_sol2sanger_67,83.62612362745524,26.991205218170467
epigenomics_5822_sol2sanger_68,75.0477262922065,67.68545851699457
epigenomics_5822_sol2sanger_69,76.15776510541436,33.84468383376978
epigenomics_5822_sol2sanger_70,79.65676771256229,60.828486446084035
epigenomics_5822_sol2sanger_71,75.80082535280683,65.37100921468323
epigenomics_5822_sol2sanger_72,84.81413811171352,44.56432175633733
epigenomics_5822_sol2sanger_73,79.68809324211414,39.34145615254805
epigenomics_5822_sol2sanger_74,82.32449816601212,33.433276470346186
epigenomics_5822_sol2sanger_75,77.16873251575764,42.13484390764704
epigenomics_5822_sol2sanger_76,86.24091824264988,41.62859639125508
epigenomics_5822_sol2sanger_77,84.12538944642685,46.12231954060041
epigenomics_5822_sol2sanger_78,85.46820158613122,42.107630438782564
epigenomics_5822_sol2sanger_79,75.71099521451208,53.33133382880064
epigenomics_5822_sol2sanger_80,82.44255753863607,34.39305350492191
epigenomics_5822_sol2sanger_81,80.88585659658764,55.777395711108
epigenomics_5822_sol2sanger_82,78.08855761978498,41.256672694464136
epigenomics_5822_sol2sanger_83,77.59784135724978,46.144907799181496
epigenomics_5822_sol2sanger_84,83.40175811857064,32.44151606971071
epigenomics_5822_sol2sanger_85,79.20834649734614,48.93694529520121
epigenomics_5822_sol2sanger_86,73.12011142541994,42.028551601997684
epigenomics_5822_sol2sanger_87,84.60701770468616,39.28189644876544
epigenomics_5822_sol2sanger_88,79.2403414831203,41.731787308866615
epigenomics_5822_sol2sanger_89,86.36360446328345,54.30624269442015
epigenomics_5822_sol2sanger_90,84.93287949642287,38.14355081357474
epigenomics_5822_sol2sanger_91,81.88953071962288,43.55239997759377
epigenomics_5822_sol2sanger_92,80.37947041578265,48.27322592759317
epigenomics_5822_sol2sanger_93,89.09484236080948,54.548174299210395
epigenomics_5822_sol2sanger_94,81.75782763777538,46.80033065168705
epigenomics_5822_sol2sanger_95,84.21000838670894,62.0940203792735
epigenomics_5822_sol2sanger_96,79.3192234108607,65.08786496248597
epigenomics_5822_sol2sanger_97,92.45061893836821,39.20205980490458
epigenomics_5822_sol2sanger_98,87.2017657623994,43.187876682498334
epigenomics_5822_sol2sanger_99,85.99299277986182,49.34052777118308
epigenomics_5822_sol2sanger_100,82.20559663100269,47.85765682847982
epigenomics_5822_sol2sanger_101,79.6878043420718,39.79473098765672
epigenomics_5822_sol2sanger_102,69.50231033690774,50.78871344436681
epigenomics_5822_sol2sanger_103,75.69796694330078,50.20559859490874
epigenomics_5822_sol2sanger_104,70.01369594888072,51.224499853867634
epigenomics_5822_sol2sanger_105,76.6133641454987,42.44902596022844
epigenomics_5822_sol2sanger_106,85.88124205932732,53.085806801234064
epigenomics_5822_sol2sanger_107,76.27040035965524,48.22301174143266
epigenomics_5822_sol2sanger_108,82.6519080179137,37.05941390347434
epigenomics_5822_sol2sanger_109,80.97960975091598,30.97570996522726
epigenomics_5822_sol2sanger_110,83.7994872414965,52.8332187702798
epigenomics_5822_sol2sanger_111,79.77790523199565,35.86515818451031
epigenomics_5822_sol2sanger_112,71.0268524832124,45.80175864532851
epigenomics_5822_sol2sanger_113,85.20836289011909,47.28485772723043
epigenomics_5822_sol2sanger_114,81.0418750492873,55.819124949397704
epigenomics_5822_sol2sanger_115,75.74152325307448,45.68478069689394
epigenomics_5822_sol2sanger_116,83.482294223872,42.750879380278754
epigenomics_5822_sol2sanger_117,81.20528133652482,51.10204493181924
epigenomics_5822_sol2sanger_118,75.64298086510519,42.00152775462522
epigenomics_5822_sol2sanger_119,73.17462709823808,51.84514795342291
epigenomics_5822_sol2sanger_120,77.4540669194304,42.146539465151946
epigenomics_5822_sol2sanger_121,85.48142453352034,52.9324569989069
epigenomics_5822_sol2sanger_122,75.43327881951315,42.35677981236131
epigenomics_5822_sol2sanger_123,79.80599201919887,45.69690811694224
epigenomics_5822_sol2sanger_124,86.55970687508248,49.047819155994205
epigenomics_5822_sol2sanger_125,81.43862499954375,40.04848935035871
epigenomics_5822_sol2sanger_126,85.64372404018724,39.07236394435
epigenomics_5822_sol2sanger_127,73.54614696630713,44.37731622420729
epigenomics_5822_sol2sanger_128,81.23871046227012,42.97135019419733
epigenomics_5822_sol2sanger_129,72.88242219782146,48.66145893755934
epigenomics_5822_sol2sanger_130,83.8102688959429,30.44554968841573
epigenomics_5822_sol2sanger_131,81.93131377676993,58.447177470862165
epigenomics_5822_sol2sanger_132,72.87217093300511,47.76085935443041
epigenomics_5822_sol2sanger_133,76.91828495629724,52.02336483067107
epigenomics_5822_sol2sanger_134,74.55351308133883,41.38359646153288
epigenomics_5822_sol2sanger_135,78.74954610903976,53.61979720369105
epigenomics_5822_sol2sanger_136,88.142924979435,45.50154440779689
epigenomics_5822_sol2sanger_137,81.16294828774316,36.482166999898496
epigenomics_5822_sol2sanger_138,74.0367716478102,45.16673233664328
epigenomics_5822_sol2sanger_139,86.98973191231445,53.91085415392431
epigenomics_5822_sol2sanger_140,86.47168766941691,39.99891813382318
epigenomics_5822_sol2sanger_141,76.46389449542254,31.723231895076623
epigenomics_5822_sol2sanger_142,70.14686229229297,42.12504750463376
epigenomics_5822_sol2sanger_143,77.0281659611627,55.567866943149134
epigenomics_5822_sol2sanger_144,73.25060734242099,63.55155067149883
epigenomics_5822_sol2sanger_145,78.36868629961971,48.560844844538714
epigenomics_5822_sol2sanger_146,84.55362034705047,47.437559286402774
epigenomics_5822_sol2sanger_147,74.47929457923927,62.39969864203694
epigenomics_5822_sol2sanger_148,84.4306084479162,34.514520205809845
epigenomics_5822_sol2sanger_149,84.29288090334009,38.79658892082908
epigenomics_5822_sol2sanger_150,86.31846990688499,49.001411970742986
epigenomics_5822_sol2sanger_151,79.83630343983997,37.35286745904788
epigenomics_5822_sol2sanger_152,80.34891687415688,34.54127868538589
epigenomics_5822_sol2sanger_153,61.933531231650065,45.37905386765639
epigenomics_5822_sol2sanger_154,77.55699121942708,41.910609962528625
epigenomics_5822_sol2sanger_155,83.08160877054922,53.308753634073184
epigenomics_5822_sol2sanger_156,76.93858259155547,56.29301164568759
epigenomics_5822_sol2sanger_157,87.96861990311636,32.95629878167274
epigenomics_5822_sol2sanger_158,82.4816111323309,41.91768105500652
epigenomics_5822_sol2sanger_159,84.69575054745383,51.714723437253916
epigenomics_5822_sol2sanger_160,82.53111458443072,50.396424312494524
epigenomics_5822_sol2sanger_161,77.20599469244047,44.995270523834286
epigenomics_5822_sol2sanger_162,74.10753467101938,54.33613890881379
epigenomics_5822_sol2sanger_163,71.30761031109392,33.21546604253729
epigenomics_5822_sol2sanger_164,79.3017817730479,52.100761852444826
epigenomics_5822_sol2sanger_165,76.40851154829524,36.1948965956346
epigenomics_5822_sol2sanger_166,77.19602859929836,42.47174084591816
epigenomics_5822_sol2sanger_167,75.34144773416031,47.31679026574756
epigenomics_5822_sol2sanger_168,75.5773608841439,49.80324992258843
epigenomics_5822_sol2sanger_169,84.85758079557749,42.91689358190053
epigenomics_5822_sol2sanger_170,82.20356374137093,55.58228384984919
epigenomics_5822_sol2sanger_171,82.81850037268866,40.12563366777847
epigenomics_5822_sol2sanger_172,83.15741774418439,43.22790629080943
epigenomics_5822_sol2sanger_173,91.92468768083333,31.24403631989265
epigenomics_5822_sol2sanger_174,86.73897425696572,44.636976116720525
epigenomics_5822_sol2sanger_175,80.32691654450281,38.33880668082092
epigenomics_5822_sol2sanger_176,82.05243264146873,42.3801278230517
epigenomics_5822_sol2sanger_177,77.45847963155705,41.86288719959561
epigenomics_5822_sol2sanger_178,77.7031775790219,35.80841879220179
epigenomics_5822_sol2sanger_179,78.08810261523746,42.93775002891763
epigenomics_5822_sol2sanger_180,85.0015583514348,42.85847519903356
epigenomics_5822_sol2sanger_181,83.93142861865365,45.36280409787232
epigenomics_5822_sol2sanger_182,77.35425937177494,51.05240812731871
epigenomics_5822_sol2sanger_183,81.84482512247305,35.14216679763034
epigenomics_5822_sol2sanger_184,81.62875105732216,45.19366424287027
epigenomics_5822_sol2sanger_185,85.03823802716097,46.003597010688566
epigenomics_5822_sol2sanger_186,77.66331743556505,47.976955236562745
epigenomics_5822_sol2sanger_187,76.42350991275606,36.49269254283108
epigenomics_5822_sol2sanger_188,67.74871562969275,51.50529570837481
epigenomics_5822_sol2sanger_189,78.94947179547587,50.93895299670234
epigenomics_5822_sol2sanger_190,83.38962499821396,45.6504650202512
epigenomics_5822_sol2sanger_191,90.62850493622776,38.60540489553247
epigenomics_5822_sol2sanger_192,82.55824929248982,47.20675516716297
epigenomics_5822_sol2sanger_193,85.47905379329409,58.43637986026778
epigenomics_5822_sol2sanger_194,73.98487950406668,46.027986970160974
epigenomics_5822_sol2sanger_195,77.52411568688323,39.78886305834652
epigenomics_5822_sol2sanger_196,80.24309507762545,48.75093747986684
epigenomics_5822_sol2sanger_197,80.79452087354898,44.78217807974827
epigenomics_5822_sol2sanger_198,80.33179569169322,51.27465200796357
epigenomics_5822_sol2sanger_199,86.05588520286148,39.13088650412869
epigenomics_5822_sol2sanger_200,84.39552614993725,34.08877380959708
epigenomics_5822_sol2sanger_201,87.46244020277422,44.69076291762769
epigenomics_5822_sol2sanger_202,78.55328977103085,59.99072415393502
epigenomics_5822_sol2sanger_203,79.58968403896411,54.96643808294936
epigenomics_5822_sol2sanger_204,87.78078353159212,49.69161550233269
epigenomics_5822_sol2sanger_205,85.1899835144118,47.27521914009463
epigenomics_5822_sol2sanger_206,75.13760563077246,39.60721712799005
epigenomics_5822_sol2sanger_207,77.73058473360125,66.17121658594601
epigenomics_5822_sol2sanger_208,78.43600572002838,52.34848531127295
epigenomics_5822_sol2sanger_209,77.52410939969111,36.04086088679942
epigenomics_5822_sol2sanger_210,76.0456574562121,35.23544619229983
epigenomics_5822_sol2sanger_211,82.576343272627,46.31259759115667
epigenomics_5822_sol2sanger_212,86.04516963240388,51.00800393006743
epigenomics_5822_sol2sanger_213,79.39590723336539,59.676663721063676
epigenomics_5822_sol2sanger_214,76.49241384162968,49.6207559562145
epigenomics_5822_sol2sanger_215,83.6934428856119,48.80690510127723
epigenomics_5822_sol2sanger_216,86.71222882770184,48.26189693128077
epigenomics_5822_sol2sanger_217,77.63169706596156,35.79060825608132
epigenomics_5822_sol2sanger_218,81.90873432983628,46.614962379231365
epigenomics_5822_sol2sanger_219,75.81494372254137,48.526379039414756
epigenomics_5822_sol2sanger_220,86.00638535305274,49.56962614090336
epigenomics_5822_sol2sanger_221,77.36553544726938,30.938479633085866
epigenomics_5822_sol2sanger_222,83.98325833078854,52.39293265002776
epigenomics_5822_sol2sanger_223,75.69380466878746,50.13572100090115
epigenomics_5822_sol2sanger_224,83.33242354871587,40.44917390487928
epigenomics_5822_sol2sanger_225,77.27847687811372,50.42080137765662
epigenomics_5822_sol2sanger_226,79.89899764713172,42.89018556241375
epigenomics_5822_sol2sanger_227,75.25885569011776,48.26720003696626
epigenomics_5822_sol2sanger_228,73.2625058672535,34.84572542935547
epigenomics_5822_sol2sanger_229,80.63906983601593,61.95703205900837
epigenomics_5822_sol2sanger_230,76.72568609295014,42.384000748013705
epigenomics_5822_sol2sanger_231,80.16852321697364,52.434344896922035
epigenomics_5822_sol2sanger_232,73.04921758040726,46.31444016524695
epigenomics_5822_sol2sanger_233,81.52019917603356,38.100827162427514
epigenomics_5822_sol2sanger_234,80.15202557010326,44.398899887152126
epigenomics_5822_sol2sanger_235,85.59012145697739,39.52489195612366
epigenomics_5822_sol2sanger_236,80.43423341690952,42.89102221841524
epigenomics_5822_sol2sanger_237,78.3130631272428,38.998907970340866
epigenomics_5822_sol2sanger_238,85.95027915168225,54.618244262441706
epigenomics_5822_sol2sanger_239,84.19924545022863,58.49284761438451
epigenomics_5822_sol2sanger_240,71.73694318735558,52.77508476874815
epigenomics_5822_sol2sanger_241,82.72654450004123,31.055591243524514
epigenomics_5822_sol2sanger_242,82.2427332815576,40.22108031306905
epigenomics_5822_sol2sanger_243,90.57802716089827,35.302844084079595
epigenomics_5822_sol2sanger_244,83.27959639914125,52.07324152997183
epigenomics_5822_sol2sanger_245,81.55076388300056,52.37345842792903
epigenomics_5822_sol2sanger_246,88.61457419984052,59.142220305112986
epigenomics_5822_sol2sanger_247,81.47935715909722,54.13063326482506
epigenomics_5822_sol2sanger_248,78.45815702978992,45.11324243887028
epigenomics_5822_sol2sanger_249,76.47046259163922,38.756919032817635
epigenomics_5822_sol2sanger_250,74.72042634593491,47.55997176556951
epigenomics_5822_sol2sanger_251,87.70359806005774,35.10385909567669
epigenomics_5822_sol2sanger_252,86.6921195768933,44.40550441762801
epigenomics_5822_sol2sanger_253,81.9557907875624,56.46666358492569
epigenomics_5822_sol2sanger_254,78.51537716801515,36.77862244346865
epigenomics_5822_sol2sanger_255,83.31842402737662,36.0887653458875
epigenomics_5822_sol2sanger_256,81.8096166355102,41.79632942162241
epigenomics_5822_sol2sanger_257,79.03821786760396,62.766039084231906
epigenomics_5822_sol2sanger_258,88.25728503287746,47.48253867110163
epigenomics_5822_sol2sanger_259,86.12536109642016,49.21463939184141
epigenomics_5822_sol2sanger_260,77.4082112878045,44.82487878113616
epigenomics_5822_sol2sanger_261,84.9567787360169,38.065781228056245
epigenomics_5822_sol2sanger_262,87.09177946842371,57.59030403625674
epigenomics_5822_sol2sanger_263,86.72261563573137,37.87136289257932
epigenomics_5822_sol2sanger_264,79.68457608770568,45.74517699729022
epigenomics_5822_sol2sanger_265,84.384393883984,36.31719951257699
epigenomics_5822_sol2sanger_266,78.44901193691138,54.951399222739965
epigenomics_5822_sol2sanger_267,74.51496380297375,34.53838931714791
epigenomics_5822_sol2sanger_268,83.35891362369097,41.95578750905433
epigenomics_5822_sol2sanger_269,75.84280565626501,35.98235485322935
epigenomics_5822_sol2sanger_270,88.05418062688608,59.87406986357284
epigenomics_5822_sol2sanger_271,83.03945000348085,47.5987940007571
epigenomics_5822_sol2sanger_272,72.29034989826935,28.477547946561184
epigenomics_5822_sol2sanger_273,81.1366863052699,47.9935310802849
epigenomics_5822_sol2sanger_274,84.04372722888358,39.689976845598814
epigenomics_5822_sol2sanger_275,72.4861169339608,43.85197914620062
epigenomics_5822_sol2sanger_276,79.37259918189137,45.75839324018063
epigenomics_5822_sol2sanger_277,77.47670949469948,32.08076917683981
epigenomics_5822_sol2sanger_278,77.41007142235443,43.79689423928112
epigenomics_5822_sol2sanger_279,85.56630240651015,39.58446167709339
epigenomics_5822_sol2sanger_280,77.68881854985472,42.9947547620852
epigenomics_5822_sol2sanger_281,75.30091374898271,40.78344073213189
epigenomics_5822_sol2sanger_282,79.19504248254158,53.3849549916207
epigenomics_5822_sol2sanger_283,83.04035300417112,44.07697586133973
epigenomics_5822_sol2sanger_284,86.2890245480654,49.281752302763124
epigenomics_5822_sol2sanger_285,87.25149833700515,39.78879604015134
epigenomics_5822_sol2sanger_286,71.18128663549481,44.66486897337348
epigenomics_5822_sol2sanger_287,77.62720728370837,56.320275068973196
epigenomics_5822_sol2sanger_288,82.43795591604234,35.21000638126164
epigenomics_5822_sol2sanger_289,84.17456763775067,26.119641106500303
epigenomics_5822_sol2sanger_290,78.59129375004936,48.973512752282424
epigenomics_5822_sol2sanger_291,72.69291597040498,54.19111822969886
epigenomics_5822_sol2sanger_292,79.13154928194992,39.96241604940686
epigenomics_5822_sol2sanger_293,78.52158797854847,46.55742475441922
epigenomics_5822_sol2sanger_294,76.33329456879966,50.01715249702858
epigenomics_5822_sol2sanger_295,74.32955977067516,52.19082350646616
epigenomics_5822_sol2sanger_296,69.94950231624277,45.54536805127736
epigenomics_5822_sol2sanger_297,81.31847964591353,44.543055555910094
epigenomics_5822_sol2sanger_298,85.94842149751595,47.972538003521045
epigenomics_5822_sol2sanger_299,77.87831324054551,63.14181818165876
epigenomics_5822_sol2sanger_300,76.93428614433593,30.659734886937393
epigenomics_5822_sol2sanger_301,83.76951307167833,39.51803796234841
epigenomics_5822_sol2sanger_302,77.50441807572471,51.97116114683333
epigenomics_5822_sol2sanger_303,82.48068108592942,46.94274948893194
epigenomics_5822_sol2sanger_304,66.97511971926488,49.10585869902398
epigenomics_5822_sol2sanger_305,76.73243397859252,44.70231375797002
epigenomics_5822_sol2sanger_306,82.93050579568198,31.957521265141757
epigenomics_5822_sol2sanger_307,67.86238820659035,53.50377608127851
epigenomics_5822_sol2sanger_308,80.91716829791085,35.22563556110039
epigenomics_5822_sol2sanger_309,76.20568078427044,47.28722632073234
epigenomics_5822_sol2sanger_310,79.07764482552929,52.201325892657465
epigenomics_5822_sol2sanger_311,70.11708844062179,46.0265776822449
epigenomics_5822_sol2sanger_312,81.06264713586705,40.69545761220142
epigenomics_5822_sol2sanger_313,78.97182412231071,43.64177106477664
epigenomics_5822_sol2sanger_314,79.14710523403478,43.62189413554076
epigenomics_5822_sol2sanger_315,74.850102363686,37.884051158916435
epigenomics_5822_sol2sanger_316,75.898987615245,45.36843898766402
epigenomics_5822_sol2sanger_317,69.91699489977866,40.7407690578601
epigenomics_5822_sol2sanger_318,85.09245910964883,49.58677122602646
epigenomics_5822_sol2sanger_319,77.34518042394824,58.340477365879075
epigenomics_5822_sol2sanger_320,76.1561083822118,52.061544929214634
epigenomics_5822_sol2sanger_321,81.02354513212286,29.077585329432193
epigenomics_5822_sol2sanger_322,77.11067446656448,37.92096283277294
epigenomics_5822_sol2sanger_323,79.47464754687965,45.291268409331494
epigenomics_5822_sol2sanger_324,80.11667360890709,49.790455389696284
epigenomics_5822_sol2sanger_325,82.43618626528122,62.61270554730356
epigenomics_5822_sol2sanger_326,74.47015769249558,49.188408662641194
epigenomics_5822_sol2sanger_327,78.22775323060058,44.19696347034101
epigenomics_5822_sol2sanger_328,74.0879237072955,48.73251190943199
epigenomics_5822_sol2sanger_329,81.11705005447955,42.82003961060075
epigenomics_5822_sol2sanger_330,78.01518331535145,46.18215312131107
epigenomics_5822_sol2sanger_331,84.34298955319116,38.67437479850009
epigenomics_5822_sol2sanger_332,75.89496769750475,40.753154753729454
epigenomics_5822_sol2sanger_333,78.72271017518166,60.699367528059064
epigenomics_5822_sol2sanger_334,82.72350464915105,33.35615939497876
epigenomics_5822_sol2sanger_335,73.76646676332689,37.56536538419088
epigenomics_5822_sol2sanger_336,82.39447905483027,53.7961469385607
epigenomics_5822_sol2sanger_337,76.0281300923916,35.82706449032271
epigenomics_5822_sol2sanger_338,76.74095363616927,47.585425477781264
epigenomics_5822_sol2sanger_339,80.09908198422389,56.72369983374433
epigenomics_5822_sol2sanger_340,82.08649959755871,37.420562347098326
epigenomics_5822_sol2sanger_341,75.51772922553259,47.518383906038686
epigenomics_5822_sol2sanger_342,77.64013767240395,53.39513146346438
epigenomics_5822_sol2sanger_343,72.17188347034703,40.81526621607785
epigenomics_5822_sol2sanger_344,82.93228324576013,37.531445697484884
epigenomics_5822_sol2sanger_345,84.07332563983555,41.76119226779861
epigenomics_5822_sol2sanger_346,74.76086657297265,33.031229554823206
epigenomics_5822_sol2sanger_347,83.96183518716204,52.59483713490685
epigenomics_5822_sol2sanger_348,84.01585512215301,41.40012633781295
epigenomics_5822_sol2sanger_349,74.5834409134648,32.30570206046847
epigenomics_5822_sol2sanger_350,87.59894869791816,41.726017007307874
epigenomics_5822_sol2sanger_351,90.27727207173467,49.537205323452774
epigenomics_5822_sol2sanger_352,81.14033365984753,46.379029475231235
epigenomics_5822_sol2sanger_353,80.02899450590652,57.20872205376141
epigenomics_5822_sol2sanger_354,76.0726086819504,45.48710037342392
epigenomics_5822_sol2sanger_355,84.08869099922994,38.04438538291112
epigenomics_5822_sol2sanger_356,76.05276081704683,32.2587826345935
epigenomics_5822_sol2sanger_357,90.16044577517876,41.897732745620424
epigenomics_5822_sol2sanger_358,84.00533972706475,45.56808269659369
epigenomics_5822_sol2sanger_359,80.96307160084167,47.13144491998963
epigenomics_5822_sol2sanger_360,80.60340358633157,42.462015226448
epigenomics_5822_sol2sanger_361,84.07496831679289,49.3757193806666
epigenomics_5822_sol2sanger_362,66.21329055402839,49.80965623898375
epigenomics_5822_sol2sanger_363,83.43663992170808,44.31466593852983
epigenomics_5822_sol2sanger_364,81.46900251302985,40.64673499754001
epigenomics_5822_sol2sanger_365,81.21294085191133,35.161246490660794
epigenomics_5822_sol2sanger_366,75.31198570712232,40.495254528813916
epigenomics_5822_sol2sanger_367,76.43674075790157,40.1446966423718
epigenomics_5822_sol2sanger_368,83.95674203155104,40.97240613370873
epigenomics_5822_sol2sanger_369,76.79379595618414,52.599287625301855
epigenomics_5822_sol2sanger_370,76.96224177984455,36.5426525470618
epigenomics_5822_sol2sanger_371,76.5799616830641,42.91395399892563
epigenomics_5822_sol2sanger_372,80.96881329052803,47.4967314068192
epigenomics_5822_sol2sanger_373,80.47924339248733,46.72300491902586
epigenomics_5822_sol2sanger_374,73.71023096927007,39.62706702851862
epigenomics_5822_sol2sanger_375,82.26243639457083,45.78836228774333
epigenomics_5822_sol2sanger_376,84.51743539400276,53.11671161170067
epigenomics_5822_sol2sanger_377,82.20214908883524,47.44841281416451
epigenomics_5822_sol2sanger_378,86.76208575053865,43.93261300850153
epigenomics_5822_sol2sanger_379,87.77142958285988,28.248566664525157
epigenomics_5822_sol2sanger_380,79.84203465353966,28.364459893812448
epigenomics_5822_sol2sanger_381,78.57863186828456,48.67445309831372
epigenomics_5822_sol2sanger_382,73.31280156812626,41.98044709211664
epigenomics_5822_sol2sanger_383,78.10389235156923,31.435131714248477
epigenomics_5822_sol2sanger_384,79.08574214697875,26.850261034802816
epigenomics_5822_sol2sanger_385,78.77246071143905,38.045643274091745
epigenomics_5822_sol2sanger_386,78.40751529410831,50.10318003593853
epigenomics_5822_sol2sanger_387,85.74587423728025,32.83190364128342
epigenomics_5822_sol2sanger_388,84.53448717892063,38.20599758745365
epigenomics_5822_sol2sanger_389,77.22005024193813,47.27787072465916
epigenomics_5822_sol2sanger_390,88.99028693952049,46.13455641063645
epigenomics_5822_sol2sanger_391,80.64156565776788,40.93909051478741
epigenomics_5822_sol2sanger_392,81.75941474838076,41.84470147792418
epigenomics_5822_sol2sanger_393,84.4034263955763,43.677196817153714
epigenomics_5822_sol2sanger_394,80.07265512961834,44.67504593290311
epigenomics_5822_sol2sanger_395,71.8909362381327,43.99560798185028
epigenomics_5822_sol2sanger_396,87.38183585753985,35.492474382937715
epigenomics_5822_sol2sanger_397,84.19156354331196,41.28087788979741
epigenomics_5822_sol2sanger_398,80.10449714088354,59.974635138062446
epigenomics_5822_sol2sanger_399,78.35321838138267,60.305880767503076
epigenomics_5822_sol2sanger_400,84.7473152349337,44.465380617483945
epigenomics_5822_sol2sanger_401,78.81862338308645,32.17214793578811
epigenomics_5822_sol2sanger_402,80.39303987955519,45.92241286998418
epigenomics_5822_sol2sanger_403,75.59985158172513,46.188890653219154
epigenomics_5822_sol2sanger_404,84.10340479309455,43.289914837113024
epigenomics_5822_sol2sanger_405,82.69319551958084,32.92966151799901
epigenomics_5822_sol2sanger_406,84.403126440566,29.659438937537345
epigenomics_5822_sol2sanger_407,81.2273216973108,44.34781069541608
epigenomics_5822_sol2sanger_408,75.28609752673832,51.93902167874277
epigenomics_5822_sol2sanger_409,79.35828585369318,41.53531214461437
epigenomics_5822_sol2sanger_410,78.17797338902987,48.61131446337596
epigenomics_5822_sol2sanger_411,81.28321379134891,51.85292061164505
epigenomics_5822_sol2sanger_412,81.99446868982318,49.928890282446154
epigenomics_5822_sol2sanger_413,89.62338418057081,46.13902470978149
epigenomics_5822_sol2sanger_414,77.71294577399595,39.91738188470949
epigenomics_5822_sol2sanger_415,73.00087432154184,39.65487416827184
epigenomics_5822_sol2sanger_416,72.92527719039226,39.93282143934601
epigenomics_5822_sol2sanger_417,72.36491414200538,38.46173585639217
epigenomics_5822_sol2sanger_418,84.28141695212499,57.65165352422228
epigenomics_5822_sol2sanger_419,72.92571771065447,35.08178372455258
epigenomics_5822_sol2sanger_420,88.48765171779134,46.02192398719041
epigenomics_5822_sol2sanger_421,79.71298333756346,55.13873646817514
epigenomics_5822_sol2sanger_422,86.94581700702604,47.68177457696751
epigenomics_5822_sol2sanger_423,74.10167624724708,35.38836356846214
epigenomics_5822_sol2sanger_424,77.25549254430071,44.374856120540784
epigenomics_5822_sol2sanger_425,66.0615680357235,43.207030576355265
epigenomics_5822_sol2sanger_426,79.5819575277625,50.07772253176155
epigenomics_5822_sol2sanger_427,83.58478226969088,45.82423768702126
epigenomics_5822_sol2sanger_428,80.87368216392785,56.24135322513321
epigenomics_5822_sol2sanger_429,76.36763992070576,47.64269919355219
epigenomics_5822_sol2sanger_430,81.68686581856309,46.65951092485176
epigenomics_5822_sol2sanger_431,80.96196068882973,44.706448370250044
epigenomics_5822_sol2sanger_432,77.91584519319511,48.665884461324076
epigenomics_5822_sol2sanger_433,78.33747130208576,32.18854990651174
epigenomics_5822_sol2sanger_434,81.04111012419492,50.40800170538292
epigenomics_5822_sol2sanger_435,85.6133867883226,44.288257459134584
epigenomics_5822_sol2sanger_436,69.38526574359119,48.91862834103695
epigenomics_5822_sol2sanger_437,87.2287158474795,55.13403109955658
epigenomics_5822_sol2sanger_438,86.92498907940022,51.2948165798579
epigenomics_5822_sol2sanger_439,82.2195211723729,33.9954584584942
epigenomics_5822_sol2sanger_440,87.75307523306427,48.190246857234456
epigenomics_5822_sol2sanger_441,89.51101578937406,48.266030478543286
epigenomics_5822_sol2sanger_442,80.52817230716339,41.7893699180106
epigenomics_5822_sol2sanger_443,81.08135845955292,36.91699230350838
epigenomics_5822_sol2sanger_444,74.7267130095801,51.337003509721086
epigenomics_5822_sol2sanger_445,76.908009392778,49.06278140188492
epigenomics_5822_sol2sanger_446,85.82650388004245,35.83312548856951
epigenomics_5822_sol2sanger_447,81.1370355528436,42.246253918029744
epigenomics_5822_sol2sanger_448,80.67107992062618,55.76674635388758
epigenomics_5822_sol2sanger_449,83.63097931293126,47.34842196756705
epigenomics_5822_sol2sanger_450,85.02543396041757,37.974242885312435
epigenomics_5822_sol2sanger_451,70.52293479798972,50.41108640836697
epigenomics_5822_sol2sanger_452,82.04071830944746,46.26042210946685
epigenomics_5822_sol2sanger_453,67.73861889912806,35.42563458573369
epigenomics_5822_sol2sanger_454,78.37727515441469,37.83335658289673
epigenomics_5822_sol2sanger_455,73.32381557561776,53.539973600713054
epigenomics_5822_sol2sanger_456,81.39538793447431,43.11941196228066
epigenomics_5822_sol2sanger_457,85.93373124575771,35.44932263626399
epigenomics_5822_sol2sanger_458,76.97898859652767,57.82669095521464
epigenomics_5822_sol2sanger_459,83.61693327922117,50.92863270862469
epigenomics_5822_sol2sanger_460,90.95231399072279,43.503388047601256
epigenomics_5822_sol2sanger_461,82.9931266804309,32.2343129361403
epigenomics_5822_sol2sanger_462,90.07409609618051,50.20470361779882
epigenomics_5822_sol2sanger_463,74.83005200578893,52.10078377482489
epigenomics_5822_sol2sanger_464,79.68063786565575,50.05686114113415
epigenomics_5822_sol2sanger_465,84.19841504879223,34.64893346047181
epigenomics_5822_sol2sanger_466,80.90206417962278,40.90710052989493
epigenomics_5822_sol2sanger_467,82.49193988516208,51.057630950566676
epigenomics_5822_sol2sanger_468,92.18682390926135,48.31160036176933
epigenomics_5822_sol2sanger_469,85.63693950094589,58.361654883418325
epigenomics_5822_sol2sanger_470,86.25557760339812,47.85089231794497
epigenomics_5822_sol2sanger_471,83.1288806711811,45.67806682429123
epigenomics_5822_sol2sanger_472,74.10239183064364,45.63798225350324
epigenomics_5822_sol2sanger_473,75.89376946907093,50.96912329106842
epigenomics_5822_sol2sanger_474,80.94054022671969,50.2965196613204
epigenomics_5822_sol2sanger_475,83.02504940543471,65.02728422810048
epigenomics_5822_sol2sanger_476,81.4185812882851,63.29834657417686
epigenomics_5822_sol2sanger_477,77.00739945270067,62.34607345252611
epigenomics_5822_sol2sanger_478,77.3755781525821,38.3198212206078
epigenomics_5822_sol2sanger_479,86.38430902445432,49.040164585089165
epigenomics_5822_sol2sanger_480,79.37401737777495,50.084480774167496
epigenomics_5822_sol2sanger_481,80.6582995401229,51.29794444008442
epigenomics_5822_sol2sanger_482,76.13502883510725,47.71312230441904
epigenomics_5822_sol2sanger_483,80.57247212219553,33.15877262598336
epigenomics_5822_sol2sanger_484,83.88376424461224,41.41950933257135
epigenomics_5822_sol2sanger_485,84.31785151935266,42.06573222536098
epigenomics_5822_sol2sanger_486,87.89259981487959,44.08391262911282
epigenomics_5822_sol2sanger_487,79.05962271615553,44.449602469045566
epigenomics_5822_sol2sanger_488,88.10608757963168,43.50895796455036
epigenomics_5822_sol2sanger_489,86.61322976652629,39.42240821379173
epigenomics_5822_sol2sanger_490,73.88322389015953,43.65720490282325
epigenomics_5822_sol2sanger_491,82.48249334956375,38.110023736679594
epigenomics_5822_sol2sanger_492,71.54588202543573,48.83679892968664
epigenomics_5822_sol2sanger_493,81.122867925571,37.620952416948334
epigenomics_5822_sol2sanger_494,74.56965226822659,43.737073018455504
epigenomics_5822_sol2sanger_495,79.98576684944685,41.012405924078244
epigenomics_5822_sol2sanger_496,80.54570054772128,50.16112336454079
epigenomics_5822_sol2sanger_497,85.49940097309936,51.71620602231508
epigenomics_5822_sol2sanger_498,81.04557768428256,29.29698572557893
epigenomics_5822_sol2sanger_499,72.0424605423415,41.69101174857266
epigenomics_5822_fast2bfq_0,51.60605590944818,88.93253663468326
epigenomics_5822_fast2bfq_1,48.59429716464463,84.2150813904039
epigenomics_5822_fast2bfq_2,48.50196464848898,84.76696276987597
epigenomics_5822_fast2bfq_3,55.64569468145543,79.74549939049899
epigenomics_5822_fast2bfq_4,52.848938474588465,76.62293208497961
epigenomics_5822_fast2bfq_5,39.43197978769199,74.97591128128491
epigenomics_5822_fast2bfq_6,47.211200049271184,69.94468563351535
epigenomics_5822_fast2bfq_7,55.32082057180885,86.95691298185982
epigenomics_5822_fast2bfq_8,50.015782276896964,80.50301203248588
epigenomics_5822_fast2bfq_9,56.72372479199323,64.99716411621125
epigenomics_5822_fast2bfq_10,53.54273388561339,85.6727051574231
epigenomics_5822_fast2bfq_11,33.929456241391016,81.85659663348889
epigenomics_5822_fast2bfq_12,47.305038485255125,74.973577612703
epigenomics_5822_fast2bfq_13,35.249392165776115,70.14311314386948
epigenomics_5822_fast2bfq_14,47.7700987482972,74.95510333909735
epigenomics_5822_fast2bfq_15,47.11048571672156,77.81055534068089
epigenomics_5822_fast2bfq_16,51.655355458283715,84.04928298264129
epigenomics_5822_fast2bfq_17,40.07178977926157,73.64173119504943
epigenomics_5822_fast2bfq_18,49.9575493623582,82.66307567588107
epigenomics_5822_fast2bfq_19,38.718709381517236,86.97086936716534
epigenomics_5822_fast2bfq_20,51.00273776266599,87.5561418312374
epigenomics_5822_fast2bfq_21,41.99249537799462,82.72553293742163
epigenomics_5822_fast2bfq_22,53.31557398143209,89.50506673712701
epigenomics_5822_fast2bfq_23,48.28553432302466,67.7574572537519
epigenomics_5822_fast2bfq_24,48.95544688714938,78.32272864873457
epigenomics_5822_fast2bfq_25,34.45660170742461,76.24007125521946
epigenomics_5822_fast2bfq_26,47.60536517003125,83.457498187958
epigenomics_5822_fast2bfq_27,38.02449665263994,86.08695484806155
epigenomics_5822_fast2bfq_28,35.73292632968556,79.72414415249514
epigenomics_5822_fast2bfq_29,37.792524206972494,76.48845602958119
epigenomics_5822_fast2bfq_30,42.255184654813675,77.0972350860386
epigenomics_5822_fast2bfq_31,45.13691655022499,81.35155882370084
epigenomics_5822_fast2bfq_32,42.22549661272979,81.29585431285713
epigenomics_5822_fast2bfq_33,41.042074083908076,73.62721159690648
epigenomics_5822_fast2bfq_34,45.310742876835775,95.63227651578003
epigenomics_5822_fast2bfq_35,38.58680967348681,72.9752599625224
epigenomics_5822_fast2bfq_36,36.41731777410417,89.09243355064534
epigenomics_5822_fast2bfq_37,54.23230928826242,72.422694617441
epigenomics_5822_fast2bfq_38,45.949289510273736,88.84618898637424
epigenomics_5822_fast2bfq_39,28.934918672423784,74.73137750076945
epigenomics_5822_fast2bfq_40,27.139579861345396,70.58578077276736
epigenomics_5822_fast2bfq_41,52.77112794836947,86.47853787692343
epigenomics_5822_fast2bfq_42,49.38397407050295,80.98297255765647
epigenomics_5822_fast2bfq_43,45.626160212693996,79.4416164046025
epigenomics_5822_fast2bfq_44,54.24794357268494,80.22187816070065
epigenomics_5822_fast2bfq_45,50.68916494162441,79.12461721771713
epigenomics_5822_fast2bfq_46,47.26031745677456,77.00683343486581
epigenomics_5822_fast2bfq_47,42.2368646306697,75.15803131745994
epigenomics_5822_fast2bfq_48,47.69347880472099,81.90702871450902
epigenomics_5822_fast2bfq_49,43.298801555683674,84.3569083611102
epigenomics_5822_fast2bfq_50,51.995433436897486,76.79997323043501
epigenomics_5822_fast2bfq_51,39.80373344720903,76.91567670071255
epigenomics_5822_fast2bfq_52,48.26169750504724,87.71132131916652
epigenomics_5822_fast2bfq_53,57.29427320520473,68.0709198241164
epigenomics_5822_fast2bfq_54,55.063771087735724,67.48026360009302
epigenomics_5822_fast2bfq_55,43.74055180083687,79.68674711508297
epigenomics_5822_fast2bfq_56,48.012381845188365,83.23641253863849
epigenomics_5822_fast2bfq_57,46.81207285044832,83.50105871396457
epigenomics_5822_fast2bfq_58,43.901263134583594,70.80539449430609
epigenomics_5822_fast2bfq_59,64.9737701888466,89.8298355615919
epigenomics_5822_fast2bfq_60,50.50004090755886,86.19959634694095
epigenomics_5822_fast2bfq_61,46.1818789007964,74.74515730413408
epigenomics_5822_fast2bfq_62,34.21609872976437,86.1675274815354
epigenomics_5822_fast2bfq_63,26.2420712383652,67.82277181950568
epigenomics_5822_fast2bfq_64,53.111779736818995,75.64138731160037
epigenomics_5822_fast2bfq_65,30.680464816908575,64.67689729350259
epigenomics_5822_fast2bfq_66,42.711549559594665,83.43774844002839
epigenomics_5822_fast2bfq_67,48.640374399719676,81.48539278091121
epigenomics_5822_fast2bfq_68,44.949059417082864,91.338112607524
epigenomics_5822_fast2bfq_69,44.654139186404585,78.2779056438527
epigenomics_5822_fast2bfq_70,44.45533220952368,80.2880813076084
epigenomics_5822_fast2bfq_71,50.489525040909044,88.98430718816232
epigenomics_5822_fast2bfq_72,45.14832336543111,75.87213641989256
epigenomics_5822_fast2bfq_73,60.71057932277308,84.35053317878048
epigenomics_5822_fast2bfq_74,44.34840854852409,85.17243885586785
epigenomics_5822_fast2bfq_75,48.983946184668255,77.18216761516483
epigenomics_5822_fast2bfq_76,49.54360721709184,82.59621565104709
epigenomics_5822_fast2bfq_77,54.83045332140073,83.01907609463017
epigenomics_5822_fast2bfq_78,41.83730798027182,79.65176177545938
epigenomics_5822_fast2bfq_79,54.175393197196925,77.86191806485918
epigenomics_5822_fast2bfq_80,49.44796989757574,77.11481380543425
epigenomics_5822_fast2bfq_81,52.74112917988936,84.18594932944549
epigenomics_5822_fast2bfq_82,38.49206184663306,83.91638838218628
epigenomics_5822_fast2bfq_83,41.99696615080266,71.57939466053256
epigenomics_5822_fast2bfq_84,34.36363864858595,64.03552735285882
epigenomics_5822_fast2bfq_85,44.85837600315662,87.11483936333964
epigenomics_5822_fast2bfq_86,34.852766736177266,79.41759483989196
epigenomics_5822_fast2bfq_87,40.351655249793936,77.12533025486104
epigenomics_5822_fast2bfq_88,44.627673160515606,76.9008541536787
epigenomics_5822_fast2bfq_89,39.89612740542343,65.62248894562353
epigenomics_5822_fast2bfq_90,40.16090291733609,75.63545580668938
epigenomics_5822_fast2bfq_91,50.39894859491663,90.4902548982688
epigenomics_5822_fast2bfq_92,44.82462350972127,70.9112794208217
epigenomics_5822_fast2bfq_93,36.87597621113873,89.1444084996287
epigenomics_5822_fast2bfq_94,38.070478767004175,91.9500805969465
epigenomics_5822_fast2bfq_95,42.15339036180295,81.12968060994737
epigenomics_5822_fast2bfq_96,50.02076904543007,75.06696542694357
epigenomics_5822_fast2bfq_97,58.98996604450968,85.51016654550662
epigenomics_5822_fast2bfq_98,52.963069812706465,80.18909792344785
epigenomics_5822_fast2bfq_99,49.317155457037366,81.55241572572679
epigenomics_5822_fast2bfq_100,36.52852857846075,86.81183174572405
epigenomics_5822_fast2bfq_101,42.65687575459229,72.72217870713258
epigenomics_5822_fast2bfq_102,40.83590480466764,92.57443875878485
epigenomics_5822_fast2bfq_103,44.156132538691345,80.23646737785553
epigenomics_5822_fast2bfq_104,38.92746982514068,79.38653260546835
epigenomics_5822_fast2bfq_105,43.84767634378409,77.55531234286272
epigenomics_5822_fast2bfq_106,38.54933986653968,76.45744966265333
epigenomics_5822_fast2bfq_107,44.47688052194777,67.18707502739872
epigenomics_5822_fast2bfq_108,52.507785223350254,81.99475453657733
epigenomics_5822_fast2bfq_109,49.85634095442562,83.72919803070685
epigenomics_5822_fast2bfq_110,33.78343551627624,84.04164145802793
epigenomics_5822_fast2bfq_111,41.22789270302916,79.29363122422056
epigenomics_5822_fast2bfq_112,39.557229031461716,86.68939611959023
epigenomics_5822_fast2bfq_113,49.19713077776209,85.50549298999356
epigenomics_5822_fast2bfq_114,42.73244752754757,75.861989793684
epigenomics_5822_fast2bfq_115,44.885065848764484,79.62411384313984
epigenomics_5822_fast2bfq_116,44.823614569046455,87.73249011759786
epigenomics_5822_fast2bfq_117,43.91140212384771,74.79929028103813
epigenomics_5822_fast2bfq_118,27.292282778252147,89.22664184874957
epigenomics_5822_fast2bfq_119,45.026545286787524,78.2334854927123
epigenomics_5822_fast2bfq_120,49.54295291957258,80.36773252851415
epigenomics_5822_fast2bfq_121,43.37435793983727,85.59534309608816
epigenomics_5822_fast2bfq_122,54.85252593974279,87.80367698376337
epigenomics_5822_fast2bfq_123,36.92170449470193,75.66838061653637
epigenomics_5822_fast2bfq_124,51.73390412221771,65.312587533823
epigenomics_5822_fast2bfq_125,50.54744736164335,84.56371922817986
epigenomics_5822_fast2bfq_126,47.3505128495387,76.68767033333476
epigenomics_5822_fast2bfq_127,50.64954099204516,66.03581009164019
epigenomics_5822_fast2bfq_128,48.11418490539582,78.60873940577187
epigenomics_5822_fast2bfq_129,40.838583869968005,69.19724263446393
epigenomics_5822_fast2bfq_130,47.24834621992953,75.881047548734
epigenomics_5822_fast2bfq_131,45.02640202874908,96.39904925687901
epigenomics_5822_fast2bfq_132,52.48961518659543,78.09082028138249
epigenomics_5822_fast2bfq_133,32.860929688970046,74.01807131721087
epigenomics_5822_fast2bfq_134,45.150316765750254,80.39792170602814
epigenomics_5822_fast2bfq_135,48.85788814692213,82.26168713033744
epigenomics_5822_fast2bfq_136,51.94307770438698,83.58732611100382
epigenomics_5822_fast2bfq_137,32.25222446497942,73.05172209434575
epigenomics_5822_fast2bfq_138,49.28848574481078,89.02653319408508
epigenomics_5822_fast2bfq_139,40.18157617279176,70.42892119602979
epigenomics_5822_fast2bfq_140,48.791757101445896,80.6898290861049
epigenomics_5822_fast2bfq_141,40.79095822455,82.98222169146631
epigenomics_5822_fast2bfq_142,42.66725517035272,84.1500198782219
epigenomics_5822_fast2bfq_143,44.682976713379446,84.28130913354292
epigenomics_5822_fast2bfq_144,41.0017498450355,84.88747023014196
epigenomics_5822_fast2bfq_145,40.76400231293508,83.85613505915633
epigenomics_5822_fast2bfq_146,42.602859035286095,72.87854757601467
epigenomics_5822_fast2bfq_147,43.523757627324116,77.22907289351566
epigenomics_5822_fast2bfq_148,63.893607057470675,83.53343701569015
epigenomics_5822_fast2bfq_149,57.78927934602288,70.14941221822573
epigenomics_5822_fast2bfq_150,56.68614241526319,74.71794862096458
epigenomics_5822_fast2bfq_151,55.83135948725459,76.39350441466188
epigenomics_5822_fast2bfq_152,53.23088542763671,83.47972547194301
epigenomics_5822_fast2bfq_153,35.95629697801106,85.920523794921
epigenomics_5822_fast2bfq_154,46.1975885695242,73.70521924060851
epigenomics_5822_fast2bfq_155,48.760181768312044,79.65483349547135
epigenomics_5822_fast2bfq_156,48.10972512036412,70.97597050028584
epigenomics_5822_fast2bfq_157,53.180970027152625,88.1589402992996
epigenomics_5822_fast2bfq_158,40.72473484701059,75.3971811880966
epigenomics_5822_fast2bfq_159,30.88227425061224,79.74349956786709
epigenomics_5822_fast2bfq_160,42.2049475087206,77.36985533863061
epigenomics_5822_fast2bfq_161,40.92116000237789,84.65680627947974
epigenomics_5822_fast2bfq_162,41.833363515053485,74.70546513131205
epigenomics_5822_fast2bfq_163,37.387144002762064,73.23424476164392
epigenomics_5822_fast2bfq_164,37.841930681482225,78.12846956229633
epigenomics_5822_fast2bfq_165,29.070408240483708,81.81185635064887
epigenomics_5822_fast2bfq_166,46.63354645521535,81.41575548550615
epigenomics_5822_fast2bfq_167,47.466619992887416,79.99414931627265
epigenomics_5822_fast2bfq_168,38.01630357409922,70.78223128616283
epigenomics_5822_fast2bfq_169,39.16943186284177,89.70813693928615
epigenomics_5822_fast2bfq_170,45.03818592128679,88.11388007106828
epigenomics_5822_fast2bfq_171,50.401653507793036,81.78656593117594
epigenomics_5822_fast2bfq_172,52.522994574467084,72.66013617836029
epigenomics_5822_fast2bfq_173,44.31541811437563,74.52290603199955
epigenomics_5822_fast2bfq_174,34.50488187410914,72.46909091887777
epigenomics_5822_fast2bfq_175,47.83272997659255,79.52495917390216
epigenomics_5822_fast2bfq_176,46.21248531880163,73.19247294057185
epigenomics_5822_fast2bfq_177,47.38608511581696,81.12338590711123
epigenomics_5822_fast2bfq_178,44.254654180348275,84.87822752402774
epigenomics_5822_fast2bfq_179,49.110759722067336,94.0488600316095
epigenomics_5822_fast2bfq_180,37.080187073276655,79.15471612227726
epigenomics_5822_fast2bfq_181,40.80238605116028,60.2368546410157
epigenomics_5822_fast2bfq_182,39.705894226294355,77.32859679186026
epigenomics_5822_fast2bfq_183,37.548062609300636,90.74724164810286
epigenomics_5822_fast2bfq_184,49.26954603685336,81.26013151342876
epigenomics_5822_fast2bfq_185,47.692117084214466,83.00228679811222
epigenomics_5822_fast2bfq_186,34.92567454568116,76.48844659258563
epigenomics_5822_fast2bfq_187,40.696853650587336,87.2050849241138
epigenomics_5822_fast2bfq_188,40.93165620143103,96.63181566862914
epigenomics_5822_fast2bfq_189,44.59393971004901,83.66252559823627
epigenomics_5822_fast2bfq_190,48.83687838214358,86.14962094244312
epigenomics_5822_fast2bfq_191,36.380643101185015,86.0213967357838
epigenomics_5822_fast2bfq_192,39.691279747476756,81.13981799584029
epigenomics_5822_fast2bfq_193,40.80921356992057,62.119288929022986
epigenomics_5822_fast2bfq_194,49.50427060569175,71.24988829607591
epigenomics_5822_fast2bfq_195,52.65098170504638,84.77641429116375
epigenomics_5822_fast2bfq_196,45.608173638526026,68.60242884994008
epigenomics_5822_fast2bfq_197,42.42622173830247,80.48559046632144
epigenomics_5822_fast2bfq_198,54.768322835468354,89.37211398823119
epigenomics_5822_fast2bfq_199,46.527107981808705,76.52622462196277
epigenomics_5822_fast2bfq_200,44.55167461923641,82.3971806501523
epigenomics_5822_fast2bfq_201,35.49859051021707,74.39288330683759
epigenomics_5822_fast2bfq_202,54.280252516017114,88.30513210221224
epigenomics_5822_fast2bfq_203,39.38550413469868,79.85279081882572
epigenomics_5822_fast2bfq_204,47.169377180886976,81.74456796603651
epigenomics_5822_fast2bfq_205,45.6961362054445,74.3043350654561
epigenomics_5822_fast2bfq_206,46.906769276944566,82.83796932673224
epigenomics_5822_fast2bfq_207,45.85248094409791,73.95244664382562
epigenomics_5822_fast2bfq_208,48.67174389117434,67.38494926322039
epigenomics_5822_fast2bfq_209,32.50417803811865,83.07334641300443
epigenomics_5822_fast2bfq_210,47.8325003525913,81.59636787310635
epigenomics_5822_fast2bfq_211,42.22013940363791,71.22920616689498
epigenomics_5822_fast2bfq_212,48.30740303219835,74.98868642625673
epigenomics_5822_fast2bfq_213,52.17258432871202,85.6594490124706
epigenomics_5822_fast2bfq_214,43.97091391050084,77.44752470618816
epigenomics_5822_fast2bfq_215,65.42968495843863,81.99124589920514
epigenomics_5822_fast2bfq_216,38.34813055707365,79.5403847110082
epigenomics_5822_fast2bfq_217,58.08231706253001,78.78893473692303
epigenomics_5822_fast2bfq_218,41.4971958643528,80.62055952471225
epigenomics_5822_fast2bfq_219,34.796915762901214,88.58258203588656
epigenomics_5822_fast2bfq_220,35.38314471205518,91.56354589528333
epigenomics_5822_fast2bfq_221,39.440827775812494,85.04863158692528
epigenomics_5822_fast2bfq_222,42.8341392867148,77.62812477918993
epigenomics_5822_fast2bfq_223,51.80526575095124,77.92920138335168
epigenomics_5822_fast2bfq_224,30.994963031637635,84.23888251608997
epigenomics_5822_fast2bfq_225,52.12629993060329,82.8497221880164
epigenomics_5822_fast2bfq_226,40.39410214807446,88.02604279930537
epigenomics_5822_fast2bfq_227,58.217816410241895,70.41299770017658
epigenomics_5822_fast2bfq_228,28.11345735885279,77.66754817210149
epigenomics_5822_fast2bfq_229,42.57969223276817,93.70076523902334
epigenomics_5822_fast2bfq_230,42.91370600538079,76.1343410764984
epigenomics_5822_fast2bfq_231,46.41325041945571,78.57783835899461
epigenomics_5822_fast2bfq_232,48.33922450989186,74.92111065148558
epigenomics_5822_fast2bfq_233,62.831215266696375,77.3343314550275
epigenomics_5822_fast2bfq_234,50.88844089319092,76.1973163838543
epigenomics_5822_fast2bfq_235,52.48996623940772,80.13332443593397
epigenomics_5822_fast2bfq_236,50.48734700914021,77.23275468455702
epigenomics_5822_fast2bfq_237,47.14454084596301,66.90596633406909
epigenomics_5822_fast2bfq_238,44.54257255450649,74.89727444736774
epigenomics_5822_fast2bfq_239,57.54776520093535,84.12047790281841
epigenomics_5822_fast2bfq_240,45.48264605386388,71.11271225814748
epigenomics_5822_fast2bfq_241,39.271343116176446,85.39929891281533
epigenomics_5822_fast2bfq_242,45.94949287407128,71.29375850365341
epigenomics_5822_fast2bfq_243,48.3966325185157,86.02509001820576
epigenomics_5822_fast2bfq_244,49.046214021134105,88.93786593315888
epigenomics_5822_fast2bfq_245,48.86783007028354,80.13471316793478
epigenomics_5822_fast2bfq_246,55.561812553129535,81.33026510432286
epigenomics_5822_fast2bfq_247,51.406303088682876,67.25690535338217
epigenomics_5822_fast2bfq_248,51.27200760170744,81.0807204484015
epigenomics_5822_fast2bfq_249,38.116390636097165,80.63414981954014
epigenomics_5822_fast2bfq_250,39.61410044310897,80.05234908721802
epigenomics_5822_fast2bfq_251,56.689087081734876,80.3601098065964
epigenomics_5822_fast2bfq_252,50.175305955582196,73.60595822756642
epigenomics_5822_fast2bfq_253,44.2564234159387,86.03627467927463
epigenomics_5822_fast2bfq_254,28.370033670659247,82.0463256660624
epigenomics_5822_fast2bfq_255,54.945469196354736,80.58890241791931
epigenomics_5822_fast2bfq_256,46.87211643478833,69.692744777701
epigenomics_5822_fast2bfq_257,44.20346199685939,63.387342938968196
epigenomics_5822_fast2bfq_258,53.339355614077505,82.0539594662691
epigenomics_5822_fast2bfq_259,38.56187032077145,83.73655958592076
epigenomics_5822_fast2bfq_260,44.93621380686455,79.93031588105347
epigenomics_5822_fast2bfq_261,47.45966432722992,79.01894647699666
epigenomics_5822_fast2bfq_262,44.95362595532901,84.28016370673238
epigenomics_5822_fast2bfq_263,58.75850381247332,74.68761167620131
epigenomics_5822_fast2bfq_264,52.61545398852179,80.66604906262883
epigenomics_5822_fast2bfq_265,42.43724044738685,85.2570585875076
epigenomics_5822_fast2bfq_266,42.84099698495406,76.80547725551136
epigenomics_5822_fast2bfq_267,51.610586974499284,92.81987335609838
epigenomics_5822_fast2bfq_268,47.70216327828545,73.57022978454052
epigenomics_5822_fast2bfq_269,40.56438677161013,84.07810859390054
epigenomics_5822_fast2bfq_270,45.393790546578096,85.56851445699014
epigenomics_5822_fast2bfq_271,55.65759746680391,84.31550869351193
epigenomics_5822_fast2bfq_272,51.73835487689165,80.48801680363476
epigenomics_5822_fast2bfq_273,42.86254657402666,81.45512591947224
epigenomics_5822_fast2bfq_274,59.6264085937394,70.358628818224
epigenomics_5822_fast2bfq_275,50.801515034002165,77.20295399748478
epigenomics_5822_fast2bfq_276,51.07489367319331,71.94159664458536
epigenomics_5822_fast2bfq_277,53.168177427752,84.42810302175762
epigenomics_5822_fast2bfq_278,46.54819685578648,80.99033484757429
epigenomics_5822_fast2bfq_279,40.81215622302787,78.56671725906322
epigenomics_5822_fast2bfq_280,42.318756915176024,86.76921219068552
epigenomics_5822_fast2bfq_281,48.8934542424617,81.8587587878052
epigenomics_5822_fast2bfq_282,56.558582903041575,80.52725240986126
epigenomics_5822_fast2bfq_283,48.38348532534598,69.6616056774285
epigenomics_5822_fast2bfq_284,59.58035583506112,76.10823822807582
epigenomics_5822_fast2bfq_285,31.28677078585817,79.14593170035894
epigenomics_5822_fast2bfq_286,47.97489793536479,86.62368043354127
epigenomics_5822_fast2bfq_287,59.049908125643846,74.16362125642895
epigenomics_5822_fast2bfq_288,31.57913062266651,72.11303713698311
epigenomics_5822_fast2bfq_289,47.50040569517505,79.98287577108856
epigenomics_5822_fast2bfq_290,40.29998733603929,80.74767182478726
epigenomics_5822_fast2bfq_291,35.80249307537658,81.94066696039475
epigenomics_5822_fast2bfq_292,43.230363198623635,91.7384545938078
epigenomics_5822_fast2bfq_293,49.34428113345505,82.70215866614615
epigenomics_5822_fast2bfq_294,47.478457670046915,80.67538202886743
epigenomics_5822_fast2bfq_295,44.857228392300854,89.52711929658058
epigenomics_5822_fast2bfq_296,43.84010216403472,94.9955062983966
epigenomics_5822_fast2bfq_297,49.69858945422719,61.59904732730732
epigenomics_5822_fast2bfq_298,56.58571128638397,86.41721221423501
epigenomics_5822_fast2bfq_299,42.730210232021314,86.74504674725773
epigenomics_5822_fast2bfq_300,47.445885015442386,71.06633646160446
epigenomics_5822_fast2bfq_301,50.60984942943207,73.91567080785211
epigenomics_5822_fast2bfq_302,46.28355401555637,76.19987507403434
epigenomics_5822_fast2bfq_303,62.49101104508219,72.12444927717779
epigenomics_5822_fast2bfq_304,54.60660648947911,82.44587176388022
epigenomics_5822_fast2bfq_305,45.201054427006284,65.59456245075711
epigenomics_5822_fast2bfq_306,47.15675654043205,79.05287912564059
epigenomics_5822_fast2bfq_307,55.86007378284114,85.66084676951665
epigenomics_5822_fast2bfq_308,31.43703298960545,85.30068976624236
epigenomics_5822_fast2bfq_309,38.770315264076004,85.88390096483494
epigenomics_5822_fast2bfq_310,61.660081102208146,80.25123804658547
epigenomics_5822_fast2bfq_311,49.824081225236235,83.34194088684656
epigenomics_5822_fast2bfq_312,52.594954390696124,81.23837643204837
epigenomics_5822_fast2bfq_313,39.53377465904228,78.90350151047059
epigenomics_5822_fast2bfq_314,50.36282099414861,68.81383497453812
epigenomics_5822_fast2bfq_315,55.516875233956625,82.60251840280002
epigenomics_5822_fast2bfq_316,41.19739025740343,82.03749721351966
epigenomics_5822_fast2bfq_317,43.00669797611238,88.05867609061146
epigenomics_5822_fast2bfq_318,53.6414738225011,65.7191296308157
epigenomics_5822_fast2bfq_319,46.73337490108422,79.89123504984308
epigenomics_5822_fast2bfq_320,41.4683652515328,63.622250100282955
epigenomics_5822_fast2bfq_321,40.333532939043934,68.62123708039182
epigenomics_5822_fast2bfq_322,44.84885248039812,79.77680241666886
epigenomics_5822_fast2bfq_323,52.49756098350425,82.83955935335938
epigenomics_5822_fast2bfq_324,46.085635825606545,72.66492945439077
epigenomics_5822_fast2bfq_325,50.31160575220557,78.6735394774744
epigenomics_5822_fast2bfq_326,42.70517598911928,81.88103811192724
epigenomics_5822_fast2bfq_327,51.514785542699705,79.79623826422818
epigenomics_5822_fast2bfq_328,62.90735853584006,74.90906584630531
epigenomics_5822_fast2bfq_329,38.25822177634052,66.7785124380464
epigenomics_5822_fast2bfq_330,64.63851328341917,90.8819272843916
epigenomics_5822_fast2bfq_331,45.39479440494024,74.22933018658735
epigenomics_5822_fast2bfq_332,46.19679839785729,71.67532771229858
epigenomics_5822_fast2bfq_333,48.032467661829415,75.15786280774755
epigenomics_5822_fast2bfq_334,49.63416463551974,86.1899542810115
epigenomics_5822_fast2bfq_335,41.333164458095716,94.2238499057761
epigenomics_5822_fast2bfq_336,52.66517154055897,82.9293189866523
epigenomics_5822_fast2bfq_337,46.64966124851361,79.76814237767256
epigenomics_5822_fast2bfq_338,38.834281116171766,84.63625157237139
epigenomics_5822_fast2bfq_339,53.51956451649432,76.02537604132068
epigenomics_5822_fast2bfq_340,39.694759364240426,77.7986715859797
epigenomics_5822_fast2bfq_341,63.58232067395731,86.95641000697272
epigenomics_5822_fast2bfq_342,38.25540770707255,60.33725436010795
epigenomics_5822_fast2bfq_343,49.54888033515805,65.41313178855108
epigenomics_5822_fast2bfq_344,43.15260820567689,83.65103090789198
epigenomics_5822_fast2bfq_345,41.02549245826148,76.314422850895
epigenomics_5822_fast2bfq_346,34.17234342188497,77.40065032953682
epigenomics_5822_fast2bfq_347,40.5852454362298,78.65601658758719
epigenomics_5822_fast2bfq_348,51.62711442085966,76.75308730744605
epigenomics_5822_fast2bfq_349,50.50648515408801,70.7857149384377
epigenomics_5822_fast2bfq_350,45.87138130657493,83.09144419433852
epigenomics_5822_fast2bfq_351,43.46965428996031,75.56817023135699
epigenomics_5822_fast2bfq_352,52.216002921739644,79.76832163900602
epigenomics_5822_fast2bfq_353,31.944808937129988,75.93420875467082
epigenomics_5822_fast2bfq_354,38.16745874223095,73.23092086027424
epigenomics_5822_fast2bfq_355,47.077251630240475,83.09702090647825
epigenomics_5822_fast2bfq_356,54.26645546610112,80.07333807418232
epigenomics_5822_fast2bfq_357,47.47919893645559,85.63953363091062
epigenomics_5822_fast2bfq_358,35.61953867434538,80.00985078617495
epigenomics_5822_fast2bfq_359,45.3637960293218,74.59350544918117
epigenomics_5822_fast2bfq_360,39.30573066253495,77.28400158048689
epigenomics_5822_fast2bfq_361,32.93621377679762,83.30464350899712
epigenomics_5822_fast2bfq_362,47.212479673828916,73.67047276401917
epigenomics_5822_fast2bfq_363,55.857737232297616,81.66484956325144
epigenomics_5822_fast2bfq_364,45.82460359535242,74.76697948863202
epigenomics_5822_fast2bfq_365,46.26923388546696,84.18453453454278
epigenomics_5822_fast2bfq_366,25.85235967133734,86.24640307647039
epigenomics_5822_fast2bfq_367,40.59175562056981,78.98884630089263
epigenomics_5822_fast2bfq_368,50.309719239553594,77.81041737101805
epigenomics_5822_fast2bfq_369,44.4012200947233,77.47329930902919
epigenomics_5822_fast2bfq_370,33.15484197720182,87.0508074151883
epigenomics_5822_fast2bfq_371,36.52315288162381,79.87782560683515
epigenomics_5822_fast2bfq_372,53.851424625230685,90.63714644252602
epigenomics_5822_fast2bfq_373,44.85085611939023,80.3707589026682
epigenomics_5822_fast2bfq_374,43.066195751872485,70.72707088406847
epigenomics_5822_fast2bfq_375,36.7306225045153,82.10601988170257
epigenomics_5822_fast2bfq_376,48.4397290997753,75.22801475677723
epigenomics_5822_fast2bfq_377,52.10307639448698,81.93695065727195
epigenomics_5822_fast2bfq_378,45.25751496734513,75.74753251561405
epigenomics_5822_fast2bfq_379,34.804638898743896,91.19591465477916
epigenomics_5822_fast2bfq_380,50.346324396772104,91.45910421086826
epigenomics_5822_fast2bfq_381,46.250588343471016,72.26812002818397
epigenomics_5822_fast2bfq_382,28.167204756435453,76.4124834857913
epigenomics_5822_fast2bfq_383,43.75562128860626,76.82868535581981
epigenomics_5822_fast2bfq_384,40.3054205095897,88.64401037077751
epigenomics_5822_fast2bfq_385,38.655895388191894,85.31600969787384
epigenomics_5822_fast2bfq_386,42.22499169596212,82.30284246014247
epigenomics_5822_fast2bfq_387,51.83580771863315,83.74431781975319
epigenomics_5822_fast2bfq_388,42.4378022820517,79.02971748865787
epigenomics_5822_fast2bfq_389,34.19054049525462,78.31900528977415
epigenomics_5822_fast2bfq_390,47.19622132928077,66.7816718240956
epigenomics_5822_fast2bfq_391,32.16786961414496,86.66593259199195
epigenomics_5822_fast2bfq_392,50.039029278783055,76.3906327272797
epigenomics_5822_fast2bfq_393,50.93303290845358,78.53910699578897
epigenomics_5822_fast2bfq_394,29.558400581987527,76.85454241290952
epigenomics_5822_fast2bfq_395,55.81386971575456,76.66463717088622
epigenomics_5822_fast2bfq_396,34.25279646642636,79.87447438954784
epigenomics_5822_fast2bfq_397,38.86747913689504,67.14710262320548
epigenomics_5822_fast2bfq_398,46.851209402999324,78.6182664164728
epigenomics_5822_fast2bfq_399,46.917027666006774,75.55321935477171
epigenomics_5822_fast2bfq_400,42.32281404510884,87.98359906003377
epigenomics_5822_fast2bfq_401,52.54572719671848,85.43147804169499
epigenomics_5822_fast2bfq_402,38.7641184844364,74.80665369158146
epigenomics_5822_fast2bfq_403,46.024722071994,84.08722287538686
epigenomics_5822_fast2bfq_404,43.714927968776976,84.2573505881471
epigenomics_5822_fast2bfq_405,45.79643516407806,77.27211577829067
epigenomics_5822_fast2bfq_406,43.45803047417824,88.04726180999694
epigenomics_5822_fast2bfq_407,37.455629778234005,90.71372846149373
epigenomics_5822_fast2bfq_408,46.9044167516589,71.44455596847916
epigenomics_5822_fast2bfq_409,44.441852078167216,72.10470692097668
epigenomics_5822_fast2bfq_410,53.60851999361314,91.41159232055823
epigenomics_5822_fast2bfq_411,55.91879480169398,86.61496325633794
epigenomics_5822_fast2bfq_412,56.28793140962413,87.34269192607006
epigenomics_5822_fast2bfq_413,50.70028018271356,74.10219417356542
epigenomics_5822_fast2bfq_414,50.13019770895309,72.90329927407198
epigenomics_5822_fast2bfq_415,53.223478737881074,81.6167168966753
epigenomics_5822_fast2bfq_416,36.89684079124215,68.21071007052119
epigenomics_5822_fast2bfq_417,52.48040252728878,77.30590128828752
epigenomics_5822_fast2bfq_418,42.20294823441735,72.27265838583635
epigenomics_5822_fast2bfq_419,42.338060980853946,84.97324690225096
epigenomics_5822_fast2bfq_420,40.221052867791975,76.03537462964914
epigenomics_5822_fast2bfq_421,38.7285574203525,80.63700899046847
epigenomics_5822_fast2bfq_422,40.955735080371106,67.17582901375688
epigenomics_5822_fast2bfq_423,40.5703442388227,70.59388650600113
epigenomics_5822_fast2bfq_424,55.436236623523335,77.04009016513263
epigenomics_5822_fast2bfq_425,42.153397877517946,84.64818392508712
epigenomics_5822_fast2bfq_426,44.10125362304155,89.6027427018248
epigenomics_5822_fast2bfq_427,48.456591315311755,80.09023557767316
epigenomics_5822_fast2bfq_428,46.02950642078664,64.5093623670856
epigenomics_5822_fast2bfq_429,46.68134357632575,81.13313177330421
epigenomics_5822_fast2bfq_430,47.10162430618837,78.81751512680351
epigenomics_5822_fast2bfq_431,54.669627084705326,78.86532314807833
epigenomics_5822_fast2bfq_432,51.78665236825702,86.74780515906407
epigenomics_5822_fast2bfq_433,45.007278665562566,73.20389022011685
epigenomics_5822_fast2bfq_434,53.19507863329605,73.24312693076985
epigenomics_5822_fast2bfq_435,46.73047780973313,80.46134228179291
epigenomics_5822_fast2bfq_436,46.85698224564177,72.5314659110185
epigenomics_5822_fast2bfq_437,37.75695421193012,72.72341483922881
epigenomics_5822_fast2bfq_438,47.86766139631408,74.91753056373717
epigenomics_5822_fast2bfq_439,38.51543823743208,79.13150120010152
epigenomics_5822_fast2bfq_440,65.73799155571486,87.6798567160081
epigenomics_5822_fast2bfq_441,31.609117149426787,86.85622662483107
epigenomics_5822_fast2bfq_442,48.89883481726451,82.56210471001091
epigenomics_5822_fast2bfq_443,51.79982356328018,81.07050088071877
epigenomics_5822_fast2bfq_444,37.06038268010032,89.56092562805725
epigenomics_5822_fast2bfq_445,52.372587154602385,76.2002638004464
epigenomics_5822_fast2bfq_446,47.21661542060629,83.03392083385617
epigenomics_5822_fast2bfq_447,53.198347033381566,83.21857874513543
epigenomics_5822_fast2bfq_448,45.561192718245984,87.30869775165168
epigenomics_5822_fast2bfq_449,45.02236700495457,81.80715847792823
epigenomics_5822_fast2bfq_450,55.77168240427769,77.32735223517568
epigenomics_5822_fast2bfq_451,40.44434331213885,86.8983311911405
epigenomics_5822_fast2bfq_452,45.21351506218729,84.30086449763279
epigenomics_5822_fast2bfq_453,51.560705718214976,75.11088200726975
epigenomics_5822_fast2bfq_454,45.93513305138105,74.11565669293628
epigenomics_5822_fast2bfq_455,36.24151760534848,71.81503803817482
epigenomics_5822_fast2bfq_456,61.59932143217597,86.03976512146254
epigenomics_5822_fast2bfq_457,49.200025965827145,77.92330292676192
epigenomics_5822_fast2bfq_458,39.815196971087715,80.58371691457454
epigenomics_5822_fast2bfq_459,34.30612850830541,72.8134788056273
epigenomics_5822_fast2bfq_460,48.95781216711783,75.32992409775659
epigenomics_5822_fast2bfq_461,39.86693872341274,59.69506643902205
epigenomics_5822_fast2bfq_462,35.75804369026469,76.10677199895076
epigenomics_5822_fast2bfq_463,49.67789860837178,82.32591887613484
epigenomics_5822_fast2bfq_464,52.67994818672874,88.79739647066813
epigenomics_5822_fast2bfq_465,36.749380443125126,73.05476504202798
epigenomics_5822_fast2bfq_466,25.12287842640955,94.25549393447459
epigenomics_5822_fast2bfq_467,43.945896338973874,67.01987873586174
epigenomics_5822_fast2bfq_468,49.31490213873664,88.75682690498819
epigenomics_5822_fast2bfq_469,50.22253394873262,86.25903144164695
epigenomics_5822_fast2bfq_470,51.60862306282479,79.05199986105626
epigenomics_5822_fast2bfq_471,40.4600396256787,87.0070988630236
epigenomics_5822_fast2bfq_472,46.99505102663669,94.11854075243045
epigenomics_5822_fast2bfq_473,41.342360188749474,81.459107344496
epigenomics_5822_fast2bfq_474,42.02160306488152,83.1489319958943
epigenomics_5822_fast2bfq_475,45.73805695793196,93.71026677837271
epigenomics_5822_fast2bfq_476,49.41106478738627,81.44760556233804
epigenomics_5822_fast2bfq_477,36.671001945123386,84.82367929042034
epigenomics_5822_fast2bfq_478,47.32270618899915,79.78940039248111
epigenomics_5822_fast2bfq_479,44.22582862461941,77.89013590316111
epigenomics_5822_fast2bfq_480,38.811463950691746,72.1801106610901
epigenomics_5822_fast2bfq_481,50.14848354638669,83.36795128435213
epigenomics_5822_fast2bfq_482,51.888852661064,75.8712093079003
epigenomics_5822_fast2bfq_483,40.163873318419036,88.56779699886809
epigenomics_5822_fast2bfq_484,44.2163970659217,83.11326813358602
epigenomics_5822_fast2bfq_485,55.73918451501984,76.84816480147175
epigenomics_5822_fast2bfq_486,45.090842727504004,69.06087336735764
epigenomics_5822_fast2bfq_487,44.1999815260133,66.1050557466284
epigenomics_5822_fast2bfq_488,43.469400999915884,75.20687880683093
epigenomics_5822_fast2bfq_489,29.525307017237985,72.02629727502077
epigenomics_5822_fast2bfq_490,54.258089477832016,81.60843507284271
epigenomics_5822_fast2bfq_491,36.55382685676926,73.20935367971477
epigenomics_5822_fast2bfq_492,42.97239891018089,73.64440710549306
epigenomics_5822_fast2bfq_493,40.06227443226743,72.41149532534965
epigenomics_5822_fast2bfq_494,53.27636319430012,83.13634464622974
epigenomics_5822_fast2bfq_495,46.00147146763043,72.95173347801367
epigenomics_5822_fast2bfq_496,42.16564114400279,71.59742056918748
epigenomics_5822_fast2bfq_497,58.66309832213038,79.14773281864771
epigenomics_5822_fast2bfq_498,51.330377313558145,85.7883531270853
epigenomics_5822_fast2bfq_499,44.977813482590506,83.89733900753927
epigenomics_5822_map_0,10026.60825753387,189.6688438543718
epigenomics_5822_map_1,9754.215739023615,183.05707928494138
epigenomics_5822_map_2,10147.1135881658,183.22023802874418
epigenomics_5822_map_3,10391.536192927095,178.94817813169846
epigenomics_5822_map_4,9776.731924085461,179.77595664786801
epigenomics_5822_map_5,9512.353065871268,181.10826259177253
epigenomics_5822_map_6,10254.504084835118,175.48034998923646
epigenomics_5822_map_7,11136.763924070223,183.83350674790057
epigenomics_5822_map_8,9697.067165568953,180.06262291195316
epigenomics_5822_map_9,9514.153231135726,173.3060252155367
epigenomics_5822_map_10,9992.857845154982,180.35722811887157
epigenomics_5822_map_11,10764.242256533173,180.30774669270846
epigenomics_5822_map_12,10162.095439558017,175.76242667523505
epigenomics_5822_map_13,10997.336573578905,179.67688205112546
epigenomics_5822_map_14,10128.191911945347,184.5267314285512
epigenomics_5822_map_15,10782.714038122795,179.04924112227218
epigenomics_5822_map_16,9781.895185378096,187.32921444215535
epigenomics_5822_map_17,10274.75922631559,184.15583110081317
epigenomics_5822_map_18,9128.999223644738,188.34334539972303
epigenomics_5822_map_19,11067.013734186607,180.07448626960476
epigenomics_5822_map_20,9421.219596293024,185.98751140187534
epigenomics_5822_map_21,10787.712728237404,185.60378078933385
epigenomics_5822_map_22,9364.300392933035,183.76299302775612
epigenomics_5822_map_23,9680.145321239905,185.2222023828248
epigenomics_5822_map_24,10188.20927905205,187.51432833215716
epigenomics_5822_map_25,9715.750300081365,185.37175811189914
epigenomics_5822_map_26,9442.731808517998,189.06226177539077
epigenomics_5822_map_27,9602.890790775458,186.74722303789304
epigenomics_5822_map_28,10577.35428143553,191.0873467338378
epigenomics_5822_map_29,9607.799300289158,182.08177749046155
epigenomics_5822_map_30,10891.054688886687,187.75489111377348
epigenomics_5822_map_31,8963.151936979451,184.21466489656726
epigenomics_5822_map_32,10007.483178827002,181.79340338120278
epigenomics_5822_map_33,9992.104629602662,183.56825537975115
epigenomics_5822_map_34,10944.33519970065,185.4326632626647
epigenomics_5822_map_35,10346.35392079664,186.55923700657468
epigenomics_5822_map_36,10301.387356423142,182.71726317856812
epigenomics_5822_map_37,9800.244494972545,185.2741206248417
epigenomics_5822_map_38,10628.967643505755,185.78366066440245
epigenomics_5822_map_39,9429.537977335352,179.4173719004842
epigenomics_5822_map_40,8736.266882559388,187.56731073244495
epigenomics_5822_map_41,10709.358941609395,186.18520330440796
epigenomics_5822_map_42,9272.90193544595,180.2438302577737
epigenomics_5822_map_43,10148.45147130183,177.41552526159504
epigenomics_5822_map_44,9407.541605828821,186.25723112676565
epigenomics_5822_map_45,9289.62915669774,184.03840087288864
epigenomics_5822_map_46,10184.359451592745,192.25035787678902
epigenomics_5822_map_47,9469.420530179,181.94223239616576
epigenomics_5822_map_48,10040.20195300516,180.6277697241431
epigenomics_5822_map_49,10554.927419754335,198.26154856116054
epigenomics_5822_map_50,8924.528584048021,181.95589173929173
epigenomics_5822_map_51,10368.193859400237,184.6408444283385
epigenomics_5822_map_52,10512.658257565545,182.27011564226612
epigenomics_5822_map_53,10326.53981538584,182.43785312080158
epigenomics_5822_map_54,9949.239690109896,179.65872351249956
epigenomics_5822_map_55,9453.249657546303,181.97517422843563
epigenomics_5822_map_56,10545.447116648851,176.42671755264212
epigenomics_5822_map_57,9956.74814089854,191.70113724275518
epigenomics_5822_map_58,9776.152962601021,177.86125455189205
epigenomics_5822_map_59,9519.237001942693,197.29147150529207
epigenomics_5822_map_60,9264.385211558785,182.81869763700792
epigenomics_5822_map_61,10159.730946509671,188.76883251276112
epigenomics_5822_map_62,9569.499753047776,189.96820785308375
epigenomics_5822_map_63,9838.156401481132,190.74684776713437
epigenomics_5822_map_64,10622.491783363294,180.40786069917934
epigenomics_5822_map_65,10129.56825328191,177.30656040850872
epigenomics_5822_map_66,10609.795086070952,187.14368419123434
epigenomics_5822_map_67,9933.131289481362,185.21747493230416
epigenomics_5822_map_68,9619.322534676727,180.4992606341883
epigenomics_5822_map_69,10491.247035368808,192.57696027037377
epigenomics_5822_map_70,9488.703012108614,182.364630686211
epigenomics_5822_map_71,9537.501100154826,186.9568386415485
epigenomics_5822_map_72,9896.012628126475,184.71712072021867
epigenomics_5822_map_73,10332.52779750872,185.7127402550162
epigenomics_5822_map_74,9641.270749034144,186.7026573105114
epigenomics_5822_map_75,9517.219979936217,186.22063815859212
epigenomics_5822_map_76,9713.81435263171,190.42674609186852
epigenomics_5822_map_77,9670.831110705536,186.78372579615808
epigenomics_5822_map_78,9318.996571468959,184.11929888436774
epigenomics_5822_map_79,10251.033839344622,188.17175329595673
epigenomics_5822_map_80,9910.270712741101,196.4769191834239
epigenomics_5822_map_81,9243.880974267198,176.04922572750903
epigenomics_5822_map_82,10236.549954921858,181.36920638320777
epigenomics_5822_map_83,10104.75268216019,187.27722562405603
epigenomics_5822_map_84,10540.946003506744,179.49738704835758
epigenomics_5822_map_85,11582.216649043137,185.38078429830873
epigenomics_5822_map_86,10603.175606719971,187.7919068493439
epigenomics_5822_map_87,9522.63746452794,192.30549718959676
epigenomics_5822_map_88,9643.261986815896,188.23261689632074
epigenomics_5822_map_89,10468.379460708906,185.17148284418045
epigenomics_5822_map_90,9345.984787838328,185.11378534305885
epigenomics_5822_map_91,10433.158089661496,182.63762891883917
epigenomics_5822_map_92,9878.09882032793,194.20563937659867
epigenomics_5822_map_93,10084.76137511876,185.69157855375042
epigenomics_5822_map_94,9820.15431562912,185.20510745945168
epigenomics_5822_map_95,9985.494669639482,177.49286488001152
epigenomics_5822_map_96,10089.250921124494,187.40472453206257
epigenomics_5822_map_97,10879.341753441026,181.8014058764693
epigenomics_5822_map_98,9782.951486765945,191.17050618826414
epigenomics_5822_map_99,9105.401739653851,180.62375403962537
epigenomics_5822_map_100,10448.755916100845,184.09869328769233
epigenomics_5822_map_101,9229.15485245534,191.2622085053827
epigenomics_5822_map_102,9957.129120035605,182.6549470363542
epigenomics_5822_map_103,9507.757129540809,184.53672008532376
epigenomics_5822_map_104,9661.665865699033,180.3909331996023
epigenomics_5822_map_105,10539.156385789582,187.6365584757052
epigenomics_5822_map_106,9606.10755645553,177.69437538111706
epigenomics_5822_map_107,10077.411445839296,181.3910458538543
epigenomics_5822_map_108,10898.817545887303,177.25297718405872
epigenomics_5822_map_109,9853.585567070004,190.29704915285856
epigenomics_5822_map_110,9466.50124920919,175.76727137573053
epigenomics_5822_map_111,10406.719745112885,183.88124615597826
epigenomics_5822_map_112,10298.194962140442,179.3588157657615
epigenomics_5822_map_113,10263.762936162995,181.27732772267964
epigenomics_5822_map_114,10651.221972370284,182.30898379078957
epigenomics_5822_map_115,10617.10335752969,184.986314794772
epigenomics_5822_map_116,9984.003829575844,186.5637594750327
epigenomics_5822_map_117,9043.555998402906,179.47879039787256
epigenomics_5822_map_118,9827.577209228722,180.33789261149496
epigenomics_5822_map_119,9118.176134719644,186.15351964417536
epigenomics_5822_map_120,10265.97595488356,179.37226843047344
epigenomics_5822_map_121,10340.774278796363,180.63399800835265
epigenomics_5822_map_122,9118.487951510577,179.78613874475545
epigenomics_5822_map_123,9926.493428655367,177.12093492547976
epigenomics_5822_map_124,8721.740408421942,182.87705748127087
epigenomics_5822_map_125,10266.982478050852,184.51247520644912
epigenomics_5822_map_126,10885.436295988027,177.54504747695466
epigenomics_5822_map_127,9757.683419439598,182.66801061776368
epigenomics_5822_map_128,9370.350247509392,186.12432557597373
epigenomics_5822_map_129,9639.3588281896,185.28053820880757
epigenomics_5822_map_130,10668.219725723404,189.63094521870786
epigenomics_5822_map_131,9580.74954810898,188.14686423148754
epigenomics_5822_map_132,9747.977057881199,179.11946585920958
epigenomics_5822_map_133,10205.088422992008,181.49407410485736
epigenomics_5822_map_134,10371.298035010386,183.58976851561715
epigenomics_5822_map_135,10677.991729674546,181.53387269408313
epigenomics_5822_map_136,10495.57774696071,181.69586293044017
epigenomics_5822_map_137,9807.603495746127,178.2923461850044
epigenomics_5822_map_138,9835.600914420656,190.4399720523923
epigenomics_5822_map_139,10638.273911550748,182.3382993909145
epigenomics_5822_map_140,10339.151562073293,169.91421725397146
epigenomics_5822_map_141,10179.338887501364,176.35800411168407
epigenomics_5822_map_142,10540.589747458145,185.24798671820577
epigenomics_5822_map_143,10291.59335996839,192.55021515968116
epigenomics_5822_map_144,9317.204766211684,186.00084085572487
epigenomics_5822_map_145,10067.779159600255,185.18394679891173
epigenomics_5822_map_146,10977.862624175987,178.71233954703962
epigenomics_5822_map_147,10873.761616704063,180.37961240695765
epigenomics_5822_map_148,9897.977525307204,183.98227300404466
epigenomics_5822_map_149,11036.482209468253,179.4605610242595
epigenomics_5822_map_150,10765.867687385971,189.64958273340693
epigenomics_5822_map_151,10969.946204968734,175.1646191385284
epigenomics_5822_map_152,9540.73908727207,185.01524778195002
epigenomics_5822_map_153,10294.801712638793,190.38107433627306
epigenomics_5822_map_154,10412.652281650726,182.49726030583284
epigenomics_5822_map_155,10108.492107319573,180.71366463803804
epigenomics_5822_map_156,10140.027166745867,184.15036482965297
epigenomics_5822_map_157,10277.816724568202,199.53829780765525
epigenomics_5822_map_158,10521.927172565152,184.2534278149772
epigenomics_5822_map_159,10145.055359618063,189.2285315999473
epigenomics_5822_map_160,9359.27083968855,187.25087666072923
epigenomics_5822_map_161,10301.293409235697,174.7888613763319
epigenomics_5822_map_162,9276.598797810897,181.30600702321678
epigenomics_5822_map_163,9889.246667179124,181.9295132850015
epigenomics_5822_map_164,8955.209118242437,177.6893647189458
epigenomics_5822_map_165,10041.38158791003,189.44770025141875
epigenomics_5822_map_166,9683.36220050332,186.7160642602758
epigenomics_5822_map_167,9656.16073477793,196.15214661265242
epigenomics_5822_map_168,9306.719269906353,188.9788224289034
epigenomics_5822_map_169,10021.034592992524,179.1822653208464
epigenomics_5822_map_170,10072.21530221367,182.9141691098804
epigenomics_5822_map_171,9894.798324684522,175.54790942052227
epigenomics_5822_map_172,9708.85312253961,179.93599711776483
epigenomics_5822_map_173,10006.674798910737,189.9411056854281
epigenomics_5822_map_174,9450.529127561505,175.6142291292693
epigenomics_5822_map_175,10423.428602799904,194.31449452609834
epigenomics_5822_map_176,10139.912183044638,180.40661354527577
epigenomics_5822_map_177,10162.840860624305,189.30478880487124
epigenomics_5822_map_178,9953.234567980831,192.63744491425493
epigenomics_5822_map_179,9653.940676520182,186.61027469635874
epigenomics_5822_map_180,10787.48733247037,186.81499058398188
epigenomics_5822_map_181,10049.884809519017,188.93993343351084
epigenomics_5822_map_182,10680.330771010895,181.93351963301288
epigenomics_5822_map_183,10337.7534728478,189.40340659788234
epigenomics_5822_map_184,9465.056448660234,185.22440400442545
epigenomics_5822_map_185,9416.99643142887,183.61438259784526
epigenomics_5822_map_186,9925.226864387545,194.32617354809972
epigenomics_5822_map_187,9684.081855554681,186.6415014922949
epigenomics_5822_map_188,10305.538200063334,189.33791073578854
epigenomics_5822_map_189,8991.536737757633,184.10410036616497
epigenomics_5822_map_190,9383.846385133382,181.54136552507455
epigenomics_5822_map_191,9043.74792527093,187.7134354621781
epigenomics_5822_map_192,10247.758728538203,190.13979839842247
epigenomics_5822_map_193,10363.319033767586,180.77846176998648
epigenomics_5822_map_194,10012.498046616662,194.99075548738742
epigenomics_5822_map_195,9860.150944460443,186.50099721535304
epigenomics_5822_map_196,10013.690844836543,181.84600109347113
epigenomics_5822_map_197,9930.501379935755,182.3817262319177
epigenomics_5822_map_198,10776.554662650406,185.2203250217938
epigenomics_5822_map_199,9308.65559854749,180.97530756978975
epigenomics_5822_map_200,10113.576102615978,180.24294936020098
epigenomics_5822_map_201,9667.157078058102,197.07654860097085
epigenomics_5822_map_202,10416.409190810708,192.78551421153466
epigenomics_5822_map_203,10166.107442465098,176.66596840199747
epigenomics_5822_map_204,9775.919092368096,179.18069926246528
epigenomics_5822_map_205,10148.87283302612,183.34505937331622
epigenomics_5822_map_206,9727.675735527153,187.52322960512797
epigenomics_5822_map_207,10312.798326246668,187.42571766629047
epigenomics_5822_map_208,9502.93255010144,180.09350110258174
epigenomics_5822_map_209,9488.38683835961,179.47407560935835
epigenomics_5822_map_210,10008.422851510515,182.29616383605855
epigenomics_5822_map_211,9345.391954659006,182.3196861641239
epigenomics_5822_map_212,9827.207435195887,186.22442505535687
epigenomics_5822_map_213,9775.188262797272,190.183095978075
epigenomics_5822_map_214,9648.789221425593,186.04252103676745
epigenomics_5822_map_215,9328.268592205644,179.8600924660564
epigenomics_5822_map_216,10046.45366842732,181.98798492972554
epigenomics_5822_map_217,10295.231589422961,193.03717466841496
epigenomics_5822_map_218,10189.384219597327,183.9518037498664
epigenomics_5822_map_219,10556.482912202173,178.52022264817188
epigenomics_5822_map_220,10327.15713853349,182.42422919958662
epigenomics_5822_map_221,10816.98452878698,190.1869075111388
epigenomics_5822_map_222,9388.571044708151,188.58524285898915
epigenomics_5822_map_223,10339.809350322606,187.6457042319911
epigenomics_5822_map_224,8726.102918577813,183.53897912303225
epigenomics_5822_map_225,9977.904136749461,180.4776092262609
epigenomics_5822_map_226,9703.694740079069,183.30342931587103
epigenomics_5822_map_227,10510.420362090112,188.47975002459467
epigenomics_5822_map_228,10007.941390927748,183.05640043899174
epigenomics_5822_map_229,9200.620992779426,183.34439403004706
epigenomics_5822_map_230,10661.150742316062,179.94030973361234
epigenomics_5822_map_231,9571.032760963,181.86144013381977
epigenomics_5822_map_232,8765.945572286906,187.33522765921296
epigenomics_5822_map_233,9652.864485514705,183.25835002189527
epigenomics_5822_map_234,9545.457843546297,195.63315730335412
epigenomics_5822_map_235,10306.255884627086,184.1125873960588
epigenomics_5822_map_236,9221.364645493853,175.385689373985
epigenomics_5822_map_237,9425.552714343889,188.19017108680484
epigenomics_5822_map_238,9373.326140766761,185.7568521489991
epigenomics_5822_map_239,10093.748551096025,179.2717647326926
epigenomics_5822_map_240,9375.931620124846,174.06374386110474
epigenomics_5822_map_241,10139.353629650173,183.42054715670628
epigenomics_5822_map_242,10071.653263559456,179.35227977103585
epigenomics_5822_map_243,9947.324483363669,177.97445345152275
epigenomics_5822_map_244,10675.060595021945,184.2894396434237
epigenomics_5822_map_245,9924.613523720296,178.745964391158
epigenomics_5822_map_246,10318.92001274287,182.61123180664472
epigenomics_5822_map_247,10379.593408234226,189.9203622642445
epigenomics_5822_map_248,9595.890317067164,188.21906443710725
epigenomics_5822_map_249,9940.13136573195,180.33897700074053
epigenomics_5822_map_250,9697.729602544285,182.10558728574935
epigenomics_5822_map_251,9438.43550200096,189.84663956140736
epigenomics_5822_map_252,10063.309468553465,188.41599520671883
epigenomics_5822_map_253,10030.156192361776,193.5615008124685
epigenomics_5822_map_254,9316.360868793705,174.34397958690184
epigenomics_5822_map_255,10222.277934038497,193.73678384301112
epigenomics_5822_map_256,10493.366481861553,185.72901351006286
epigenomics_5822_map_257,9738.340740400465,176.97085852766298
epigenomics_5822_map_258,9611.032389461,178.7154397643268
epigenomics_5822_map_259,9728.949073458174,184.9270640560725
epigenomics_5822_map_260,10444.75087695069,189.3853768909104
epigenomics_5822_map_261,9389.476436774099,182.14927080205416
epigenomics_5822_map_262,9743.219818545662,180.7463121088361
epigenomics_5822_map_263,10454.946767062103,182.610987680384
epigenomics_5822_map_264,9732.879834704292,185.7472752913889
epigenomics_5822_map_265,9726.712283633922,186.81877714106554
epigenomics_5822_map_266,9484.049438276783,181.5383050511136
epigenomics_5822_map_267,9539.28230211966,183.16419083839477
epigenomics_5822_map_268,11066.524695177248,192.39878960595053
epigenomics_5822_map_269,9297.37884173588,187.3310187857279
epigenomics_5822_map_270,10211.945774025213,183.78452062831752
epigenomics_5822_map_271,9983.603695215497,191.44818575417048
epigenomics_5822_map_272,9853.301585890544,182.65921230697737
epigenomics_5822_map_273,10619.109544433348,194.63687069239774
epigenomics_5822_map_274,8967.303171724336,181.29059025775024
epigenomics_5822_map_275,9691.554026088641,183.66941485027812
epigenomics_5822_map_276,10004.54770776124,181.82467701410135
epigenomics_5822_map_277,10593.636461049742,185.29552608979367
epigenomics_5822_map_278,8896.124812792932,181.73607400761256
epigenomics_5822_map_279,9444.673236913952,183.6951102477858
epigenomics_5822_map_280,10306.855469544837,183.62777216864902
epigenomics_5822_map_281,10655.782870051493,192.73852254299933
epigenomics_5822_map_282,10220.124946631051,180.10581229939496
epigenomics_5822_map_283,10185.165036321965,192.2220960536311
epigenomics_5822_map_284,10326.354473181369,182.36662647987615
epigenomics_5822_map_285,9779.125346998842,184.75814958549293
epigenomics_5822_map_286,10356.114236126503,190.46996206643104
epigenomics_5822_map_287,9954.649085550725,176.60586520688545
epigenomics_5822_map_288,9441.713616936207,180.9727058841008
epigenomics_5822_map_289,8884.47689642001,182.66099327494612
epigenomics_5822_map_290,10563.9261584502,187.93487451307655
epigenomics_5822_map_291,9613.465108893111,196.89383976209086
epigenomics_5822_map_292,10046.218971478287,183.79937679274792
epigenomics_5822_map_293,10159.98004646097,188.96883914722068
epigenomics_5822_map_294,9769.832750228321,177.550198838571
epigenomics_5822_map_295,10083.299543063193,187.79741917664293
epigenomics_5822_map_296,10201.023792091202,184.90619026071036
epigenomics_5822_map_297,9815.766000552258,181.02758104027586
epigenomics_5822_map_298,10117.969041289556,184.5368409802478
epigenomics_5822_map_299,10015.519479062687,191.55417634192264
epigenomics_5822_map_300,9374.59498865659,183.7704809894152
epigenomics_5822_map_301,9638.448557816537,177.15354323843036
epigenomics_5822_map_302,10104.11455526905,188.5510110588825
epigenomics_5822_map_303,10596.606916214745,183.3482985238999
epigenomics_5822_map_304,9671.267618512165,177.1634388982772
epigenomics_5822_map_305,10884.807131021518,185.90404584797633
epigenomics_5822_map_306,10015.748595586261,192.16671001759696
epigenomics_5822_map_307,10401.685077380904,185.66958016297923
epigenomics_5822_map_308,9899.741253574353,179.230887159735
epigenomics_5822_map_309,10987.9144741039,181.7655515890009
epigenomics_5822_map_310,8968.422919654653,183.1338991987316
epigenomics_5822_map_311,10469.134152832588,186.52570810941077
epigenomics_5822_map_312,9895.189750719484,181.28020454304166
epigenomics_5822_map_313,9731.295945284088,190.65086153670077
epigenomics_5822_map_314,9683.215950708385,187.0359847488848
epigenomics_5822_map_315,9270.65734289314,192.43249907443564
epigenomics_5822_map_316,10398.734915793351,182.9553049692331
epigenomics_5822_map_317,9621.797102434808,199.46568528092848
epigenomics_5822_map_318,10002.483193676984,183.49983459445258
epigenomics_5822_map_319,9566.237027300096,183.98319551295748
epigenomics_5822_map_320,10320.620140220359,182.82767998071904
epigenomics_5822_map_321,10090.956384633473,184.43591437757763
epigenomics_5822_map_322,10014.120041817756,191.01979607482977
epigenomics_5822_map_323,10091.432192010241,188.87280805545035
epigenomics_5822_map_324,9433.703213425404,186.61682367663434
epigenomics_5822_map_325,9929.635838317292,182.48908775173155
epigenomics_5822_map_326,10068.43448885889,180.94011904802247
epigenomics_5822_map_327,10532.590903016484,179.1886467361411
epigenomics_5822_map_328,10144.456546957328,186.15044777874994
epigenomics_5822_map_329,9690.85629136822,185.84031254771148
epigenomics_5822_map_330,10507.447036587577,178.11969459363644
epigenomics_5822_map_331,10346.929539976707,186.963980747017
epigenomics_5822_map_332,9839.691276725529,182.5938196064279
epigenomics_5822_map_333,9870.948652571618,182.64958628224505
epigenomics_5822_map_334,10582.808886310135,189.41831222734004
epigenomics_5822_map_335,9915.604342854229,193.0787859293316
epigenomics_5822_map_336,9825.489062357236,181.83261477249906
epigenomics_5822_map_337,10319.921224203892,186.64551090571962
epigenomics_5822_map_338,9666.362696935677,182.2974660784601
epigenomics_5822_map_339,9950.9119818586,187.4942778120995
epigenomics_5822_map_340,10305.715548781927,185.32667491620708
epigenomics_5822_map_341,10595.548476976084,174.04296131304687
epigenomics_5822_map_342,10191.972043324537,188.43814835671031
epigenomics_5822_map_343,10165.729321582849,180.6250868284216
epigenomics_5822_map_344,10021.09759241343,178.97669199472008
epigenomics_5822_map_345,9837.811314527613,184.84798417738668
epigenomics_5822_map_346,9732.873099269029,185.579668392714
epigenomics_5822_map_347,9660.690365215909,186.0155732559758
epigenomics_5822_map_348,10635.35488689026,185.86399183285536
epigenomics_5822_map_349,9120.654556431928,180.55961425685305
epigenomics_5822_map_350,10005.685990364718,188.50500218573276
epigenomics_5822_map_351,9411.742222664881,183.2978041006763
epigenomics_5822_map_352,10249.7537459362,190.90696409261565
epigenomics_5822_map_353,10252.76411651871,181.5237642148323
epigenomics_5822_map_354,10078.039063694507,184.15438997351242
epigenomics_5822_map_355,9912.815873904467,187.64896414898018
epigenomics_5822_map_356,10100.329912881392,189.0685006720313
epigenomics_5822_map_357,10015.542394062006,195.91061543410206
epigenomics_5822_map_358,9603.707142777375,185.34866163379218
epigenomics_5822_map_359,10341.050740866789,178.70391392621025
epigenomics_5822_map_360,9854.147374302831,182.3212019998545
epigenomics_5822_map_361,9781.632483002159,178.31388478153886
epigenomics_5822_map_362,9748.284234528477,184.44877464796883
epigenomics_5822_map_363,10015.57419317776,182.25451910395532
epigenomics_5822_map_364,10557.464677554168,193.85485407601553
epigenomics_5822_map_365,9861.953173569984,196.22185193254754
epigenomics_5822_map_366,10279.170696399899,187.34841275330487
epigenomics_5822_map_367,9822.382889680768,179.94859581890609
epigenomics_5822_map_368,10460.58277224922,185.11078745591686
epigenomics_5822_map_369,10170.203992858327,178.3574405761176
epigenomics_5822_map_370,10065.59544420243,185.12987857452413
epigenomics_5822_map_371,9968.100513962096,187.43343186583147
epigenomics_5822_map_372,9595.010910393386,176.87047884784636
epigenomics_5822_map_373,9414.030920269837,175.7083519869998
epigenomics_5822_map_374,9594.3379468857,179.9219819137019
epigenomics_5822_map_375,9905.36874234336,180.0740582937227
epigenomics_5822_map_376,10985.752302721357,191.93141237871586
epigenomics_5822_map_377,10004.129783020664,187.3610237487188
epigenomics_5822_map_378,10124.825884730584,191.14163412056888
epigenomics_5822_map_379,9665.857857037487,193.476567306291
epigenomics_5822_map_380,10750.525202880546,187.57401556091608
epigenomics_5822_map_381,9955.03959551645,186.17723675376538
epigenomics_5822_map_382,10142.65269126663,180.11693031445674
epigenomics_5822_map_383,9388.87522195749,180.59497301477106
epigenomics_5822_map_384,9620.081990976729,179.9296364344222
epigenomics_5822_map_385,10899.98268757171,180.18670843940413
epigenomics_5822_map_386,10210.307246603115,182.34289056950777
epigenomics_5822_map_387,10010.51779199202,187.1522666125506
epigenomics_5822_map_388,10415.652796823038,183.2735775880776
epigenomics_5822_map_389,10114.920690532526,187.27417331010156
epigenomics_5822_map_390,10410.880800166606,181.36104297740454
epigenomics_5822_map_391,9595.109741980395,180.84712959678612
epigenomics_5822_map_392,10870.058212511058,182.00163038372116
epigenomics_5822_map_393,9660.847234929064,175.52147327044187
epigenomics_5822_map_394,9136.197032001202,174.8697046151993
epigenomics_5822_map_395,10233.403528809431,182.9499716424348
epigenomics_5822_map_396,10234.141362449418,190.15581410163637
epigenomics_5822_map_397,10773.929076764372,186.89003209579744
epigenomics_5822_map_398,10328.07567076501,185.89171192367465
epigenomics_5822_map_399,10500.317583550544,181.17229631601833
epigenomics_5822_map_400,9984.865817646281,191.99312767525234
epigenomics_5822_map_401,9621.05248432927,188.73199091091934
epigenomics_5822_map_402,9999.16825510133,186.90486584268913
epigenomics_5822_map_403,10027.710909662903,178.49198403331175
epigenomics_5822_map_404,10066.245818682573,183.14627475661945
epigenomics_5822_map_405,9692.734407220436,188.15226702977517
epigenomics_5822_map_406,10189.176473004281,180.82329312535762
epigenomics_5822_map_407,10049.063918994907,186.97228127777095
epigenomics_5822_map_408,9807.866198823915,185.31170033051825
epigenomics_5822_map_409,9404.422740901642,187.34743980132572
epigenomics_5822_map_410,9967.572637021687,183.4065753710369
epigenomics_5822_map_411,10076.303237827413,182.6959691416988
epigenomics_5822_map_412,9696.050893478507,185.25364412241228
epigenomics_5822_map_413,10250.088386561749,191.02148867457538
epigenomics_5822_map_414,9998.601787425552,182.05167560038905
epigenomics_5822_map_415,10131.783852882758,193.08372108410606
epigenomics_5822_map_416,9236.115784616852,190.01880307133476
epigenomics_5822_map_417,9730.753124627647,185.8450835975062
epigenomics_5822_map_418,9452.568338999996,180.92174504681296
epigenomics_5822_map_419,9526.870744307402,182.6856214216668
epigenomics_5822_map_420,9615.28762401718,194.7123339031828
epigenomics_5822_map_421,9943.178012973705,178.5796537786346
epigenomics_5822_map_422,9836.548998084183,187.6282708797074
epigenomics_5822_map_423,10395.365930784084,178.996366610425
epigenomics_5822_map_424,9314.892771909477,190.8105579035206
epigenomics_5822_map_425,9943.2721188746,183.70937697530601
epigenomics_5822_map_426,10024.1902029184,186.2474076347679
epigenomics_5822_map_427,9750.899165200848,179.20696367735167
epigenomics_5822_map_428,10989.208888323345,191.9195681756376
epigenomics_5822_map_429,11003.26307545181,178.9249306772492
epigenomics_5822_map_430,9263.071271764053,180.21462698431444
epigenomics_5822_map_431,9323.667981630178,180.23448536701892
epigenomics_5822_map_432,10301.329892016834,193.77382246937515
epigenomics_5822_map_433,9486.524432260765,180.42005773304248
epigenomics_5822_map_434,10627.382232271477,180.65090221614872
epigenomics_5822_map_435,9241.35463943862,191.3923542929923
epigenomics_5822_map_436,9874.099088386221,177.6538341449356
epigenomics_5822_map_437,9753.45718826717,181.67762285219405
epigenomics_5822_map_438,10264.671254199087,190.74650624549056
epigenomics_5822_map_439,10972.760421484247,180.98400579090213
epigenomics_5822_map_440,9871.714085211266,183.32260518798876
epigenomics_5822_map_441,9497.389916612756,183.2783247554084
epigenomics_5822_map_442,9719.354443290984,183.91910757328722
epigenomics_5822_map_443,9488.680973721319,183.2430038864205
epigenomics_5822_map_444,10195.704415601751,181.2420334874013
epigenomics_5822_map_445,10606.598768249087,178.7462651356513
epigenomics_5822_map_446,10865.101184673575,190.24224368603913
epigenomics_5822_map_447,9373.623165031666,182.68567077144385
epigenomics_5822_map_448,9061.44945628707,183.70044867295323
epigenomics_5822_map_449,9793.973853813519,178.53795822631463
epigenomics_5822_map_450,9626.38934692664,188.69502753077455
epigenomics_5822_map_451,10548.23258610326,184.87085589651315
epigenomics_5822_map_452,9961.524167760244,179.87570631055962
epigenomics_5822_map_453,10817.63194257545,182.50284765188903
epigenomics_5822_map_454,9914.53264074055,187.1295752632328
epigenomics_5822_map_455,9594.655857524021,192.07086163748605
epigenomics_5822_map_456,10387.5286844485,183.24237364598636
epigenomics_5822_map_457,10787.905195233066,180.9358530110216
epigenomics_5822_map_458,10314.021615065414,191.01449336165942
epigenomics_5822_map_459,11274.193508117876,184.03589084239147
epigenomics_5822_map_460,9918.283870725485,186.34142240141796
epigenomics_5822_map_461,10458.39079736437,186.98218594831152
epigenomics_5822_map_462,10126.210978402689,188.72729680102992
epigenomics_5822_map_463,9590.7743613164,179.50888630868312
epigenomics_5822_map_464,10222.771942759702,183.60195443226317
epigenomics_5822_map_465,9901.209099589867,182.67677372458454
epigenomics_5822_map_466,10184.8621115458,194.89444585853076
epigenomics_5822_map_467,10064.125161114249,190.3588130213373
epigenomics_5822_map_468,10133.175887138343,185.46266350034892
epigenomics_5822_map_469,9304.632573528417,188.81013873102853
epigenomics_5822_map_470,9556.649297669752,177.64026540616743
epigenomics_5822_map_471,9437.029562415377,183.38811772897873
epigenomics_5822_map_472,9860.239069698182,180.0810327936295
epigenomics_5822_map_473,9334.834072584641,187.10226465624103
epigenomics_5822_map_474,10125.411352102681,180.94090468997018
epigenomics_5822_map_475,10133.705303025028,176.1282966154572
epigenomics_5822_map_476,10447.39949085421,195.413532459524
epigenomics_5822_map_477,10256.381080559759,194.43635097833572
epigenomics_5822_map_478,8616.373290104499,190.79299615235416
epigenomics_5822_map_479,10331.209367422567,189.3100862562744
epigenomics_5822_map_480,9336.698660893297,194.0583988839554
epigenomics_5822_map_481,9056.5668905497,183.6786247776458
epigenomics_5822_map_482,10376.541733605998,185.33520909761472
epigenomics_5822_map_483,10091.152955389893,170.49969092838714
epigenomics_5822_map_484,9496.235610729846,182.44309051598572
epigenomics_5822_map_485,9640.61547472364,180.2552785087895
epigenomics_5822_map_486,9979.705982779204,189.03539901231534
epigenomics_5822_map_487,9734.032061696365,176.26267881744837
epigenomics_5822_map_488,10390.825437541876,190.93355336793752
epigenomics_5822_map_489,10283.602621873424,186.43842794737992
epigenomics_5822_map_490,9438.780491880445,185.87994620463547
epigenomics_5822_map_491,10441.191578594064,189.64945995629634
epigenomics_5822_map_492,9105.190233806637,179.32424486460167
epigenomics_5822_map_493,9995.978549470943,183.0513387090712
epigenomics_5822_map_494,9759.48424097771,179.86012926424542
epigenomics_5822_map_495,10632.931885427934,188.19613062790555
epigenomics_5822_map_496,9100.361515311322,188.2635306111917
epigenomics_5822_map_497,10862.006038243266,194.09941078795276
epigenomics_5822_map_498,10306.186632684607,186.3456118077131
epigenomics_5822_map_499,10970.637101435077,183.5871246611531
epigenomics_5822_mapMerge1_0,126.55743701760865,110.54483589019878
epigenomics_5822_mapMerge1_1,97.81460497965804,122.63021407019416
epigenomics_5822_mapMerge2_0,131.28701218420164,114.08856902916439
epigenomics_5822_chr21_0,94.61282513106381,59.8442488217312
epigenomics_5822_pileup_0,199.10243230232302,100.5548285929474
