request,latency,mem
epigenomics_9650_entry_0,1.0,1.0
epigenomics_9650_fastqSplit_0,53.71813314612685,89.5260539127999
epigenomics_9650_fastqSplit_1,51.140558636372134,96.65442038477201
epigenomics_9650_filterContams_0,25.143286303797563,58.62071500117485
epigenomics_9650_filterContams_1,21.387680966461456,70.19642792537115
epigenomics_9650_filterContams_2,22.015872706705075,73.18378732087933
epigenomics_9650_filterContams_3,25.72846313040634,65.83161260889321
epigenomics_9650_filterContams_4,15.945787845885484,56.810258170457935
epigenomics_9650_filterContams_5,18.63646482021289,62.84448940357488
epigenomics_9650_filterContams_6,23.330206740409427,66.98726633518865
epigenomics_9650_filterContams_7,19.150216333166455,79.84707263940004
epigenomics_9650_filterContams_8,16.421370929278954,58.80998852215121
epigenomics_9650_filterContams_9,17.45248447954263,61.334018341862546
epigenomics_9650_filterContams_10,19.85750247378035,65.54760864715067
epigenomics_9650_filterContams_11,22.960574321082465,63.68791146372539
epigenomics_9650_filterContams_12,19.341764436871717,56.42352799211297
epigenomics_9650_filterContams_13,25.835857216903587,37.35539764620374
epigenomics_9650_filterContams_14,22.225913659154813,75.0233387673696
epigenomics_9650_filterContams_15,21.588553181233273,70.43796072413285
epigenomics_9650_filterContams_16,21.399937682516445,57.954683990803915
epigenomics_9650_filterContams_17,18.71816524421081,57.79269359503874
epigenomics_9650_filterContams_18,20.73182068761429,72.10801479865286
epigenomics_9650_filterContams_19,16.21482767181854,47.0509448901234
epigenomics_9650_filterContams_20,24.951124989274575,71.47486715568975
epigenomics_9650_filterContams_21,24.234059379170862,70.494148580088
epigenomics_9650_filterContams_22,17.62143075318659,63.72419399608785
epigenomics_9650_filterContams_23,17.20334568371012,57.7007701731318
epigenomics_9650_filterContams_24,18.393765585838565,68.42237346587852
epigenomics_9650_filterContams_25,20.73523975732615,72.29209790109968
epigenomics_9650_filterContams_26,22.944699758767452,62.23258972184373
epigenomics_9650_filterContams_27,22.335338894913175,49.92211957133759
epigenomics_9650_filterContams_28,16.45173307991028,76.18271116733867
epigenomics_9650_filterContams_29,16.545711377965475,70.79423334650822
epigenomics_9650_filterContams_30,16.355123394047197,79.22229992577067
epigenomics_9650_filterContams_31,17.404082124913703,60.08809078035618
epigenomics_9650_filterContams_32,20.613698293003882,64.64457735582394
epigenomics_9650_filterContams_33,26.458855374124905,65.89114062096765
epigenomics_9650_filterContams_34,23.567587102007344,72.33886392422268
epigenomics_9650_filterContams_35,20.212886593988813,70.76172220583739
epigenomics_9650_filterContams_36,24.589680101483047,75.19036767081812
epigenomics_9650_filterContams_37,16.770781089684682,66.07414167881456
epigenomics_9650_filterContams_38,20.28867739977445,73.53403736182227
epigenomics_9650_filterContams_39,20.991802339891315,64.4730721843102
epigenomics_9650_filterContams_40,21.006347624694566,66.9223228027584
epigenomics_9650_filterContams_41,19.833654401662354,58.954813700554894
epigenomics_9650_filterContams_42,20.4022122878895,59.73984137611976
epigenomics_9650_filterContams_43,17.3557045321877,59.267880821468005
epigenomics_9650_filterContams_44,21.895184084755392,77.75146770746824
epigenomics_9650_filterContams_45,25.071134851768758,53.7267441002131
epigenomics_9650_filterContams_46,16.56376394449952,67.12570205414016
epigenomics_9650_filterContams_47,19.41400433458308,54.916638160099055
epigenomics_9650_filterContams_48,15.443735605751826,62.24557759660281
epigenomics_9650_filterContams_49,25.096106240964954,71.7694777663822
epigenomics_9650_filterContams_50,25.6765414969139,51.15651614501218
epigenomics_9650_filterContams_51,25.242951332659118,74.81235401615443
epigenomics_9650_filterContams_52,20.756487066238368,63.26699739949905
epigenomics_9650_filterContams_53,20.297028100164237,70.09005547484894
epigenomics_9650_filterContams_54,18.792858573860094,67.51105824263313
epigenomics_9650_filterContams_55,22.353344510351864,73.23449300027711
epigenomics_9650_filterContams_56,14.574101953456882,62.25052809508669
epigenomics_9650_filterContams_57,14.466877070914675,74.06055738471896
epigenomics_9650_filterContams_58,21.4305221392051,72.00973739856946
epigenomics_9650_filterContams_59,19.496627154203843,71.10032130367291
epigenomics_9650_filterContams_60,20.16211349123386,66.67348499189794
epigenomics_9650_filterContams_61,16.946838794448396,70.65411905259464
epigenomics_9650_filterContams_62,23.112587580290032,72.27092712941725
epigenomics_9650_filterContams_63,24.39290244586937,64.44210072312471
epigenomics_9650_filterContams_64,24.602287503812917,58.23661254584295
epigenomics_9650_filterContams_65,22.14287827148446,51.43088342944509
epigenomics_9650_filterContams_66,22.794442856704013,40.704119223938925
epigenomics_9650_filterContams_67,17.922262910959365,67.95724794495905
epigenomics_9650_filterContams_68,21.932960733112793,62.83511014904318
epigenomics_9650_filterContams_69,17.28469812375612,61.166255744822635
epigenomics_9650_filterContams_70,20.41424003097656,63.730974301360895
epigenomics_9650_filterContams_71,21.562536522655595,81.18840326440065
epigenomics_9650_filterContams_72,21.857787670933956,68.33717052422861
epigenomics_9650_filterContams_73,21.328213777228655,77.08931366982961
epigenomics_9650_filterContams_74,23.2177074661906,66.47551418712196
epigenomics_9650_filterContams_75,18.599114993370712,69.86349536341885
epigenomics_9650_filterContams_76,15.342846362610363,57.834769592408655
epigenomics_9650_filterContams_77,21.061236357151955,87.58960187736713
epigenomics_9650_filterContams_78,19.581190691638447,66.6321132650627
epigenomics_9650_filterContams_79,19.932973988630827,67.30508106976275
epigenomics_9650_filterContams_80,21.867322325041503,87.61801924313255
epigenomics_9650_filterContams_81,18.260672927007782,62.682332457401714
epigenomics_9650_filterContams_82,17.162193757694403,61.087306830927446
epigenomics_9650_filterContams_83,20.436207766526785,54.30085262703979
epigenomics_9650_filterContams_84,23.406547869131565,63.15811314008529
epigenomics_9650_filterContams_85,19.673196891382375,59.7782243447745
epigenomics_9650_filterContams_86,19.530130265947687,75.8888356830323
epigenomics_9650_filterContams_87,17.61572260099249,66.92074727317734
epigenomics_9650_filterContams_88,18.850849791605885,75.6992798469381
epigenomics_9650_filterContams_89,18.471367249966217,56.14119496332198
epigenomics_9650_filterContams_90,18.22541894149738,68.38893297413199
epigenomics_9650_filterContams_91,15.948781226482081,65.28790496971297
epigenomics_9650_filterContams_92,21.90884587487716,62.551151036049966
epigenomics_9650_filterContams_93,23.87888742747504,57.05141446426111
epigenomics_9650_filterContams_94,20.795280499500354,72.82952509045812
epigenomics_9650_filterContams_95,19.659742488886085,55.25604698323451
epigenomics_9650_filterContams_96,24.511601513769016,53.236346180075635
epigenomics_9650_filterContams_97,16.3981295482399,58.715870834814936
epigenomics_9650_filterContams_98,15.203719139017313,43.6205338451876
epigenomics_9650_filterContams_99,25.372199738774157,61.33455030233983
epigenomics_9650_filterContams_100,16.838450183547323,75.62545528713815
epigenomics_9650_filterContams_101,18.484872647393356,58.85386019704678
epigenomics_9650_filterContams_102,22.92578302768317,43.88767151811487
epigenomics_9650_filterContams_103,19.888168513372538,70.74301668286041
epigenomics_9650_filterContams_104,20.244114333437174,61.03170576164596
epigenomics_9650_filterContams_105,23.775113021878816,58.19976793080524
epigenomics_9650_filterContams_106,20.305635413218603,57.19774203837446
epigenomics_9650_filterContams_107,17.690568381375005,60.7669380191973
epigenomics_9650_filterContams_108,18.402312839514842,44.85981028180419
epigenomics_9650_filterContams_109,25.59271003132717,50.89978747998284
epigenomics_9650_filterContams_110,19.932339046524106,60.08482413244658
epigenomics_9650_filterContams_111,21.677691711586785,80.24352084241826
epigenomics_9650_filterContams_112,21.095356560541944,62.30784370991696
epigenomics_9650_filterContams_113,20.869197716491048,54.747173836185056
epigenomics_9650_filterContams_114,12.688899364168547,51.35983288674724
epigenomics_9650_filterContams_115,15.583852359135058,65.7234118801869
epigenomics_9650_filterContams_116,16.6048012005734,60.090006564035576
epigenomics_9650_filterContams_117,16.075397138859095,65.71840830872905
epigenomics_9650_filterContams_118,21.73333825269043,68.97435454866606
epigenomics_9650_filterContams_119,25.00811394339381,66.31429036291357
epigenomics_9650_filterContams_120,23.81843193851777,59.89884656883563
epigenomics_9650_filterContams_121,21.578652644446226,68.2870517656416
epigenomics_9650_filterContams_122,18.775447691332694,63.07769447660339
epigenomics_9650_filterContams_123,12.906554266050087,65.25119299716827
epigenomics_9650_filterContams_124,18.244718102376225,47.06621744035
epigenomics_9650_filterContams_125,20.015998166486682,65.25583189327791
epigenomics_9650_filterContams_126,19.713735919976056,73.97949307497231
epigenomics_9650_filterContams_127,18.315444380353313,78.78919206416197
epigenomics_9650_filterContams_128,20.477881479493675,79.67125835523693
epigenomics_9650_filterContams_129,19.522475952540375,69.74757444528277
epigenomics_9650_filterContams_130,15.919325151165793,69.08385348294819
epigenomics_9650_filterContams_131,19.89514858774327,47.91868861007367
epigenomics_9650_filterContams_132,16.938280141990973,63.108844571078805
epigenomics_9650_filterContams_133,18.472115360499654,58.012449204470485
epigenomics_9650_filterContams_134,21.85597903585235,62.51109274716055
epigenomics_9650_filterContams_135,23.20224583951536,65.75749246088701
epigenomics_9650_filterContams_136,25.12937735855855,65.21240590588566
epigenomics_9650_filterContams_137,19.37564345282094,66.14892925694186
epigenomics_9650_filterContams_138,21.201756547700256,64.88234520478524
epigenomics_9650_filterContams_139,25.39514924842774,67.4578796096719
epigenomics_9650_filterContams_140,16.608405055267298,53.80344453597927
epigenomics_9650_filterContams_141,16.419757748005907,62.2214919809153
epigenomics_9650_filterContams_142,22.28345302378701,82.17190085957041
epigenomics_9650_filterContams_143,19.873835229967547,48.18031005658165
epigenomics_9650_filterContams_144,15.51493060978408,44.1440302344065
epigenomics_9650_filterContams_145,23.978291659204164,77.69019700745028
epigenomics_9650_filterContams_146,17.819280935664345,63.46684862135112
epigenomics_9650_filterContams_147,18.04378747895859,50.92240531944227
epigenomics_9650_filterContams_148,24.57731609009908,66.30861802540997
epigenomics_9650_filterContams_149,18.176495550151625,64.86596795962677
epigenomics_9650_filterContams_150,22.29457776612848,62.57568931866712
epigenomics_9650_filterContams_151,19.20514926894266,70.5729363631102
epigenomics_9650_filterContams_152,17.5246870704751,52.81092581135424
epigenomics_9650_filterContams_153,23.16304534975162,57.4604909790536
epigenomics_9650_filterContams_154,17.32398734852721,68.52918754533273
epigenomics_9650_filterContams_155,21.18238156694682,68.49407379669039
epigenomics_9650_filterContams_156,23.8134958762161,69.13363466875543
epigenomics_9650_filterContams_157,17.166298314170984,58.24553917308244
epigenomics_9650_filterContams_158,21.1950003891272,55.37185699866542
epigenomics_9650_filterContams_159,23.469599355042902,61.449061656987325
epigenomics_9650_filterContams_160,17.978034777918293,59.78879905777625
epigenomics_9650_filterContams_161,21.634788372483495,57.61325995729322
epigenomics_9650_filterContams_162,22.41154457642297,61.258130747690835
epigenomics_9650_filterContams_163,18.483473888060466,59.90985739722447
epigenomics_9650_filterContams_164,19.078368339947097,75.97088900813542
epigenomics_9650_filterContams_165,22.51245456250843,77.4345276337958
epigenomics_9650_filterContams_166,22.437073185107774,65.21695187805172
epigenomics_9650_filterContams_167,23.64628040886916,62.25913029393997
epigenomics_9650_filterContams_168,15.898409062693434,66.13238701603163
epigenomics_9650_filterContams_169,19.52868429139016,65.91121310143696
epigenomics_9650_filterContams_170,13.56041117765844,72.2290627418383
epigenomics_9650_filterContams_171,19.36015350374733,84.56496348265591
epigenomics_9650_filterContams_172,24.431044651067964,51.92839707733765
epigenomics_9650_filterContams_173,21.322801030109666,70.79679641405875
epigenomics_9650_filterContams_174,20.5413801044863,61.75483746215625
epigenomics_9650_filterContams_175,17.451142041280786,52.02616320430863
epigenomics_9650_filterContams_176,17.677281678221178,59.01146425226317
epigenomics_9650_filterContams_177,20.822951760868175,57.17841129670329
epigenomics_9650_filterContams_178,19.205266561210472,78.73915638910711
epigenomics_9650_filterContams_179,21.510644355758142,82.26595920726257
epigenomics_9650_filterContams_180,23.752581829178624,78.9128529283671
epigenomics_9650_filterContams_181,17.610666104896605,66.26228856124347
epigenomics_9650_filterContams_182,22.575372474089303,70.91436262726789
epigenomics_9650_filterContams_183,22.51153571399398,55.40593223513411
epigenomics_9650_filterContams_184,19.283837147926036,58.433563372317465
epigenomics_9650_filterContams_185,17.2315535752204,49.570865833642834
epigenomics_9650_filterContams_186,19.171037699573947,70.63919756110917
epigenomics_9650_filterContams_187,22.922176102676318,74.10318938338636
epigenomics_9650_filterContams_188,20.157551456855405,61.92319394827382
epigenomics_9650_filterContams_189,20.86519100771324,47.37986207446048
epigenomics_9650_filterContams_190,18.447615835898013,73.04266117252696
epigenomics_9650_filterContams_191,18.246873492422846,55.43448538078041
epigenomics_9650_filterContams_192,21.944244149205716,62.43523511709351
epigenomics_9650_filterContams_193,21.2914365453657,57.53626476585829
epigenomics_9650_filterContams_194,17.930413613648703,61.25082432957213
epigenomics_9650_filterContams_195,17.55607512370217,76.694305636609
epigenomics_9650_filterContams_196,18.972642839170085,52.04409768812984
epigenomics_9650_filterContams_197,15.756685765405074,74.11691879391746
epigenomics_9650_filterContams_198,19.988268948988583,73.37975721943059
epigenomics_9650_filterContams_199,25.659863852812435,72.16240613239431
epigenomics_9650_filterContams_200,18.570174447648753,59.88710057220711
epigenomics_9650_filterContams_201,13.814261985800815,62.982691397124015
epigenomics_9650_filterContams_202,17.43200181600142,67.2204290807374
epigenomics_9650_filterContams_203,21.57023683869249,65.59119157454852
epigenomics_9650_filterContams_204,15.686122630780725,57.08481606084592
epigenomics_9650_filterContams_205,21.608017270290773,80.16675616651325
epigenomics_9650_filterContams_206,22.047035426265076,72.4306381232515
epigenomics_9650_filterContams_207,20.714354500971837,59.84923357330903
epigenomics_9650_filterContams_208,22.48919746198015,69.34863122891852
epigenomics_9650_filterContams_209,19.589192001162726,59.0968176638064
epigenomics_9650_filterContams_210,26.82593848075887,79.35391964539762
epigenomics_9650_filterContams_211,17.402786889163377,73.18473859012865
epigenomics_9650_filterContams_212,18.433816772636682,77.203042642487
epigenomics_9650_filterContams_213,21.276670384843325,80.79212090963289
epigenomics_9650_filterContams_214,17.897456078398992,56.89764386909257
epigenomics_9650_filterContams_215,25.181860930731535,66.6845830139757
epigenomics_9650_filterContams_216,17.82555550604841,71.10106790913706
epigenomics_9650_filterContams_217,18.01811750389675,62.61408878654899
epigenomics_9650_filterContams_218,14.80914051618764,77.87087314744244
epigenomics_9650_filterContams_219,18.490109525985684,61.16097381604874
epigenomics_9650_filterContams_220,16.59465742180444,66.87506275562032
epigenomics_9650_filterContams_221,16.088057443372747,48.711664924049586
epigenomics_9650_filterContams_222,18.674597384710072,58.72883834695052
epigenomics_9650_filterContams_223,24.63843632483106,57.81675005399175
epigenomics_9650_filterContams_224,19.91171104610927,60.444587291355234
epigenomics_9650_filterContams_225,15.00275257535326,76.77706244941464
epigenomics_9650_filterContams_226,17.837080780441017,82.91611996645642
epigenomics_9650_filterContams_227,14.076742324068768,61.727373034322355
epigenomics_9650_filterContams_228,23.62250565418738,65.5001013153589
epigenomics_9650_filterContams_229,18.69399463695167,70.92855426608182
epigenomics_9650_filterContams_230,18.34865552899029,67.40244433742772
epigenomics_9650_filterContams_231,16.433449857109938,73.3420857781789
epigenomics_9650_filterContams_232,19.47048349347041,62.16337849373798
epigenomics_9650_filterContams_233,19.809153624827047,67.31933946777973
epigenomics_9650_filterContams_234,17.88745885290609,54.66345176584508
epigenomics_9650_filterContams_235,19.044568582301416,63.761956855643476
epigenomics_9650_filterContams_236,24.269206867121966,68.62067917731532
epigenomics_9650_filterContams_237,24.96887746210563,65.9447022411705
epigenomics_9650_filterContams_238,21.300723233257585,51.14851144698292
epigenomics_9650_filterContams_239,19.565979399259984,55.04774612884525
epigenomics_9650_filterContams_240,22.136146972719263,64.23903167320272
epigenomics_9650_filterContams_241,18.628984554415176,65.5839220192793
epigenomics_9650_filterContams_242,15.885005839937069,70.59652678920249
epigenomics_9650_filterContams_243,16.927342890155444,67.48262335200027
epigenomics_9650_filterContams_244,18.190571224262012,65.62499960619651
epigenomics_9650_filterContams_245,19.945540168570755,53.66107941859465
epigenomics_9650_filterContams_246,21.614889410415536,63.15491743328498
epigenomics_9650_filterContams_247,22.152856790590814,54.0266796177532
epigenomics_9650_filterContams_248,17.48060543032888,62.37275703235813
epigenomics_9650_filterContams_249,19.744316674381054,56.169130986360415
epigenomics_9650_filterContams_250,26.882136552785653,57.72891406272057
epigenomics_9650_filterContams_251,22.971697661739267,60.92464602945613
epigenomics_9650_filterContams_252,24.644260876787364,64.45607432973418
epigenomics_9650_filterContams_253,20.60086776652989,55.83299209018931
epigenomics_9650_filterContams_254,20.332855878837258,75.57647813174025
epigenomics_9650_filterContams_255,15.94491455468307,59.30656287318828
epigenomics_9650_filterContams_256,16.151827688996395,75.58470233957942
epigenomics_9650_filterContams_257,24.636926637942103,58.03978581686036
epigenomics_9650_filterContams_258,19.006866151661008,66.14915974467456
epigenomics_9650_filterContams_259,19.779570390892008,56.3048404286974
epigenomics_9650_filterContams_260,20.141301414657377,76.90014109796655
epigenomics_9650_filterContams_261,20.256556464764675,55.875700028593414
epigenomics_9650_filterContams_262,22.89508475235302,47.44703816945062
epigenomics_9650_filterContams_263,18.38768660796434,77.06605579862831
epigenomics_9650_filterContams_264,26.845269076415327,67.73013631587496
epigenomics_9650_filterContams_265,22.33880722436422,62.15284173695368
epigenomics_9650_filterContams_266,23.400727981312947,78.44326013952607
epigenomics_9650_filterContams_267,15.222796671607894,79.62402941657709
epigenomics_9650_filterContams_268,15.303304712133563,57.563588851601466
epigenomics_9650_filterContams_269,22.57587232350756,63.82205992600901
epigenomics_9650_filterContams_270,26.730154268984617,80.83267049826031
epigenomics_9650_filterContams_271,15.157015875932762,57.66549383866946
epigenomics_9650_filterContams_272,19.828301865999286,67.55480887767422
epigenomics_9650_filterContams_273,22.300374445990897,74.86975495229667
epigenomics_9650_filterContams_274,18.958307010267852,48.98255667384237
epigenomics_9650_filterContams_275,16.943342739080265,69.65013487943956
epigenomics_9650_filterContams_276,23.131095715656254,59.89746542813526
epigenomics_9650_filterContams_277,21.079444389377713,55.995777159156034
epigenomics_9650_filterContams_278,16.919361159853935,70.50200062594381
epigenomics_9650_filterContams_279,24.118960374566264,63.952815974688114
epigenomics_9650_filterContams_280,17.768074446201926,55.73468927750468
epigenomics_9650_filterContams_281,21.72848664168527,66.21460245729065
epigenomics_9650_filterContams_282,17.707808929692884,76.34338321010497
epigenomics_9650_filterContams_283,15.07889000871402,58.955980135135164
epigenomics_9650_filterContams_284,15.439883744292967,66.4758003972868
epigenomics_9650_filterContams_285,17.486649733582063,58.04847892241071
epigenomics_9650_filterContams_286,21.208776800959956,73.8542704677694
epigenomics_9650_filterContams_287,19.659382668485733,44.75892191392553
epigenomics_9650_filterContams_288,19.786243962684363,61.79345091539535
epigenomics_9650_filterContams_289,20.10698000239506,78.43814081986247
epigenomics_9650_filterContams_290,17.987735235141102,72.70733085060145
epigenomics_9650_filterContams_291,25.03130727814929,61.34902172057227
epigenomics_9650_filterContams_292,15.365015400067232,42.45203020947859
epigenomics_9650_filterContams_293,29.28623714002226,70.83595139597104
epigenomics_9650_filterContams_294,20.791990874461888,48.28434571911305
epigenomics_9650_filterContams_295,21.119016216103788,53.36297485619147
epigenomics_9650_filterContams_296,19.13135648240669,50.857127257484045
epigenomics_9650_filterContams_297,17.156725762808534,56.73252355505332
epigenomics_9650_filterContams_298,24.000850594808398,63.63752252113736
epigenomics_9650_filterContams_299,22.18229666366181,67.41860183111353
epigenomics_9650_filterContams_300,21.92261953208771,58.53841029261061
epigenomics_9650_filterContams_301,13.195625088654282,61.15459003220546
epigenomics_9650_filterContams_302,16.519346510166983,75.51469975657464
epigenomics_9650_filterContams_303,20.061208112871558,61.09096659564838
epigenomics_9650_filterContams_304,18.92526021630611,67.25905976854014
epigenomics_9650_filterContams_305,15.854845378783327,57.65893572052105
epigenomics_9650_filterContams_306,18.768000305845607,67.56718553249198
epigenomics_9650_filterContams_307,19.70714961452387,67.41529079622948
epigenomics_9650_filterContams_308,18.534862540423223,57.603150987143216
epigenomics_9650_filterContams_309,25.17096268139649,80.72709573940062
epigenomics_9650_filterContams_310,13.713967236675819,54.59547706182493
epigenomics_9650_filterContams_311,17.079260643298795,67.42659222428267
epigenomics_9650_filterContams_312,17.567061346684902,73.21337891145345
epigenomics_9650_filterContams_313,23.956854457010785,66.49880224840057
epigenomics_9650_filterContams_314,22.686287387385974,63.63917796601496
epigenomics_9650_filterContams_315,20.433191428787065,49.2729426335806
epigenomics_9650_filterContams_316,24.029062125474812,58.320830825928454
epigenomics_9650_filterContams_317,22.228819041199223,65.5776068063228
epigenomics_9650_filterContams_318,20.18277209310444,69.42132213867337
epigenomics_9650_filterContams_319,17.055069375023514,73.45812894182737
epigenomics_9650_filterContams_320,19.624707582053812,74.52728160299623
epigenomics_9650_filterContams_321,21.866536598662687,80.4696424837501
epigenomics_9650_filterContams_322,18.414281373483547,57.73729084758838
epigenomics_9650_filterContams_323,18.483946048888114,68.50283020609518
epigenomics_9650_filterContams_324,24.114935005533628,56.48905934292299
epigenomics_9650_filterContams_325,16.17633174111151,74.27946303253862
epigenomics_9650_filterContams_326,19.576023713275138,74.18333574807389
epigenomics_9650_filterContams_327,15.485797994291332,66.98315412590503
epigenomics_9650_filterContams_328,21.028567351986005,78.84984984852596
epigenomics_9650_filterContams_329,26.096621443976,82.99875943467995
epigenomics_9650_filterContams_330,18.136561538727314,59.391700583810774
epigenomics_9650_filterContams_331,18.25787820092321,63.50601499773482
epigenomics_9650_filterContams_332,19.567168293113163,62.9905418325475
epigenomics_9650_filterContams_333,21.770091149992354,55.69376979367721
epigenomics_9650_filterContams_334,18.155592942779197,60.26371563842025
epigenomics_9650_filterContams_335,22.113387586689726,70.54660183881155
epigenomics_9650_filterContams_336,23.874760523575304,69.44102521699784
epigenomics_9650_filterContams_337,28.23200097753391,62.18231995840596
epigenomics_9650_filterContams_338,21.310611362390194,67.5888837926502
epigenomics_9650_filterContams_339,23.505038517268726,61.416534981645476
epigenomics_9650_filterContams_340,16.524452260784,57.03112611736847
epigenomics_9650_filterContams_341,25.614479316457974,70.5313223944111
epigenomics_9650_filterContams_342,26.40109297666862,44.45248432747812
epigenomics_9650_filterContams_343,18.911794656060813,70.99678249341906
epigenomics_9650_filterContams_344,21.54265698250674,79.75351367049066
epigenomics_9650_filterContams_345,15.5865978202688,60.71741768979177
epigenomics_9650_filterContams_346,21.553699150875918,70.68773193657928
epigenomics_9650_filterContams_347,24.106351615598307,76.78435623548947
epigenomics_9650_filterContams_348,18.441355712097373,78.20180942114465
epigenomics_9650_filterContams_349,25.332067464442503,72.35949027679196
epigenomics_9650_filterContams_350,15.125949210608496,60.06102813138956
epigenomics_9650_filterContams_351,23.389997461536723,66.80389413466901
epigenomics_9650_filterContams_352,18.27775960673958,56.684595427101
epigenomics_9650_filterContams_353,20.098250250718632,62.00542564304172
epigenomics_9650_filterContams_354,18.093173600069584,59.79644557241818
epigenomics_9650_filterContams_355,21.33854131967426,65.31742722189583
epigenomics_9650_filterContams_356,18.167517855312184,68.61367741015309
epigenomics_9650_filterContams_357,23.69799500194194,49.92605024500972
epigenomics_9650_filterContams_358,24.698473605729802,54.655374194410456
epigenomics_9650_filterContams_359,20.247969453535745,68.30579132842998
epigenomics_9650_filterContams_360,20.952731766812708,57.86178208193452
epigenomics_9650_filterContams_361,13.16786578174959,69.31485902305837
epigenomics_9650_filterContams_362,23.95064816266573,63.14608715630969
epigenomics_9650_filterContams_363,18.367080117018993,55.9884562266444
epigenomics_9650_filterContams_364,19.607139875317007,66.90584249169649
epigenomics_9650_filterContams_365,22.37925044870088,60.10601793500862
epigenomics_9650_filterContams_366,18.727531272021487,53.45588604649522
epigenomics_9650_filterContams_367,17.937403385036625,75.9807242430922
epigenomics_9650_filterContams_368,21.26381865840829,66.71978591449326
epigenomics_9650_filterContams_369,19.86950910734003,74.84188787235581
epigenomics_9650_filterContams_370,23.013567194788173,67.71193862116272
epigenomics_9650_filterContams_371,26.28566182147543,56.69259385372925
epigenomics_9650_filterContams_372,19.243095610077678,73.14057568799771
epigenomics_9650_filterContams_373,18.28180426144953,63.13344816544733
epigenomics_9650_filterContams_374,19.29805791520782,53.92659792898303
epigenomics_9650_filterContams_375,18.968061002687648,64.75180423627572
epigenomics_9650_filterContams_376,22.6103042412428,67.18939143943174
epigenomics_9650_filterContams_377,20.410073069278297,60.23703337885718
epigenomics_9650_filterContams_378,19.359219881244012,75.3144212309542
epigenomics_9650_filterContams_379,22.488166528048946,70.49772816847114
epigenomics_9650_filterContams_380,25.53660565840875,61.952722237618886
epigenomics_9650_filterContams_381,26.04306232866734,69.12305386785211
epigenomics_9650_filterContams_382,14.699706764108958,58.94231774863513
epigenomics_9650_filterContams_383,17.2911366443266,63.59076579412357
epigenomics_9650_filterContams_384,21.1644801098221,73.12541517678113
epigenomics_9650_filterContams_385,23.79841600840394,58.53432285021823
epigenomics_9650_filterContams_386,13.965692648639891,62.94804621612142
epigenomics_9650_filterContams_387,17.9911780602,66.31002275941296
epigenomics_9650_filterContams_388,27.18706940758146,58.736607525875804
epigenomics_9650_filterContams_389,22.98810498762765,76.46476748110015
epigenomics_9650_filterContams_390,17.63212369764635,57.4992087064722
epigenomics_9650_filterContams_391,19.717493741223297,50.02419150961859
epigenomics_9650_filterContams_392,17.719981591385306,73.50377800785147
epigenomics_9650_filterContams_393,15.010697796919617,74.66458539282607
epigenomics_9650_filterContams_394,20.546990308773562,78.92110629694528
epigenomics_9650_filterContams_395,21.103742509910305,63.99448819608638
epigenomics_9650_filterContams_396,23.691036055773733,54.5656499925214
epigenomics_9650_filterContams_397,18.69350722328289,58.59173653610536
epigenomics_9650_filterContams_398,18.79728939905797,77.915219847979
epigenomics_9650_filterContams_399,14.88763794334616,44.582609646708335
epigenomics_9650_filterContams_400,20.323574203118213,64.54669726377588
epigenomics_9650_filterContams_401,22.831497397914802,57.80276872818471
epigenomics_9650_filterContams_402,16.616271830362443,79.29099623883327
epigenomics_9650_filterContams_403,18.10839955535303,55.10390074912863
epigenomics_9650_filterContams_404,19.212646580832526,61.2802292020033
epigenomics_9650_filterContams_405,18.46950228407457,68.60749076450654
epigenomics_9650_filterContams_406,19.632152013674837,58.93480189023788
epigenomics_9650_filterContams_407,20.88391248165731,58.41860742913152
epigenomics_9650_filterContams_408,19.20539261924075,65.8298057254222
epigenomics_9650_filterContams_409,21.678656136620987,66.66862955945514
epigenomics_9650_filterContams_410,17.621668017473013,79.77248608027034
epigenomics_9650_filterContams_411,19.206850823920973,69.12513953595499
epigenomics_9650_filterContams_412,21.050527250491893,58.64793841756261
epigenomics_9650_filterContams_413,26.38735720525515,62.57907188230661
epigenomics_9650_filterContams_414,21.790234427162297,72.35527039135481
epigenomics_9650_filterContams_415,20.217754904819117,67.82393503280164
epigenomics_9650_filterContams_416,22.653820241338906,56.68187022580615
epigenomics_9650_filterContams_417,16.50372567280508,61.72793612683944
epigenomics_9650_filterContams_418,20.129775365027797,44.06693976509002
epigenomics_9650_filterContams_419,18.950162400244647,69.07359979389587
epigenomics_9650_filterContams_420,22.952255175615377,69.74461963425941
epigenomics_9650_filterContams_421,21.02254412373997,63.780794959873866
epigenomics_9650_filterContams_422,23.70107836077151,63.579736015866004
epigenomics_9650_filterContams_423,15.781034833268036,62.74411754679655
epigenomics_9650_filterContams_424,13.193888865279503,66.47934451461677
epigenomics_9650_filterContams_425,21.200485327716958,71.36710193031601
epigenomics_9650_filterContams_426,12.9265064507401,63.61459387570712
epigenomics_9650_filterContams_427,23.95601468675805,82.96729837244162
epigenomics_9650_filterContams_428,13.342000332348361,58.326123225152116
epigenomics_9650_filterContams_429,21.234897526750945,72.84459096305129
epigenomics_9650_filterContams_430,19.898841725993453,52.20920219748775
epigenomics_9650_filterContams_431,18.96364198365173,54.33581312363194
epigenomics_9650_filterContams_432,21.356898016015318,76.74149018948759
epigenomics_9650_filterContams_433,15.264900736462286,73.4732298400333
epigenomics_9650_filterContams_434,23.897588391935898,56.11031353025467
epigenomics_9650_filterContams_435,20.258858800229813,68.52810612813211
epigenomics_9650_filterContams_436,21.55302899318188,59.33816091008453
epigenomics_9650_filterContams_437,18.443823501264035,69.68335934167351
epigenomics_9650_filterContams_438,18.063929024174552,74.21049391355486
epigenomics_9650_filterContams_439,19.247755398040102,58.40543815264406
epigenomics_9650_filterContams_440,16.19078159057849,69.54655809856602
epigenomics_9650_filterContams_441,22.835618202972103,78.54030573723294
epigenomics_9650_filterContams_442,17.89687759809501,63.3262762184605
epigenomics_9650_filterContams_443,24.019079589107093,59.04493264170313
epigenomics_9650_filterContams_444,19.382700569393425,63.25080542886173
epigenomics_9650_filterContams_445,17.861394447569534,70.91316208192235
epigenomics_9650_filterContams_446,21.73068050006469,47.762024576950765
epigenomics_9650_filterContams_447,18.70180802624746,69.2220145808966
epigenomics_9650_filterContams_448,21.635010588612886,53.80437836453736
epigenomics_9650_filterContams_449,24.564555222956248,62.7912348010559
epigenomics_9650_filterContams_450,19.373498238995833,65.95790287444886
epigenomics_9650_filterContams_451,24.5907235979693,51.2377822176625
epigenomics_9650_filterContams_452,21.752215040113153,65.19951330002634
epigenomics_9650_filterContams_453,19.251988750430865,59.163157547677926
epigenomics_9650_filterContams_454,21.665891157989627,70.50616039372778
epigenomics_9650_filterContams_455,18.353493150756442,72.80205649546369
epigenomics_9650_filterContams_456,23.167532686041934,51.157592160581686
epigenomics_9650_filterContams_457,21.45009629498788,81.27873818400435
epigenomics_9650_filterContams_458,19.694748058434264,65.98235929268029
epigenomics_9650_filterContams_459,18.560583498874088,74.51058015203066
epigenomics_9650_filterContams_460,23.866757740375284,62.97600202161288
epigenomics_9650_filterContams_461,23.290663475160326,68.44460639931539
epigenomics_9650_filterContams_462,21.958772048387377,71.43049550045271
epigenomics_9650_filterContams_463,16.971085357345174,52.04548966021392
epigenomics_9650_filterContams_464,17.505576993314303,66.63101926461194
epigenomics_9650_filterContams_465,16.17173996945676,63.08290620900276
epigenomics_9650_filterContams_466,24.897806284541083,58.357010759457914
epigenomics_9650_filterContams_467,16.972476153579777,52.55668473216861
epigenomics_9650_filterContams_468,24.47059536191579,50.723714199240355
epigenomics_9650_filterContams_469,20.80990069866343,61.69199037715297
epigenomics_9650_filterContams_470,22.20337725940898,73.62406391814348
epigenomics_9650_filterContams_471,23.305524454848005,67.42792444704891
epigenomics_9650_filterContams_472,23.7773300611568,72.81077718387458
epigenomics_9650_filterContams_473,20.937911592761427,60.806379268239155
epigenomics_9650_filterContams_474,17.61900028611113,79.38496516740294
epigenomics_9650_filterContams_475,16.844026062687888,70.68449558959173
epigenomics_9650_filterContams_476,24.82572237696799,63.258935968670954
epigenomics_9650_filterContams_477,23.401900676980603,69.1728810922715
epigenomics_9650_filterContams_478,19.894556015669647,50.161520151886535
epigenomics_9650_filterContams_479,20.75444915932289,63.97763168892194
epigenomics_9650_filterContams_480,19.846450312338835,69.92895968178301
epigenomics_9650_filterContams_481,23.148424107573014,61.44938050455152
epigenomics_9650_filterContams_482,20.673603748493722,50.4021389373008
epigenomics_9650_filterContams_483,15.958494964786247,43.54781881808957
epigenomics_9650_filterContams_484,18.4406546471674,74.49429244817746
epigenomics_9650_filterContams_485,25.10078515596935,62.65924022996856
epigenomics_9650_filterContams_486,25.472837302677654,70.7195453791578
epigenomics_9650_filterContams_487,21.635194728943677,74.88959677812902
epigenomics_9650_filterContams_488,15.68925521308772,64.19691707906468
epigenomics_9650_filterContams_489,19.578447311944714,67.36447771862872
epigenomics_9650_filterContams_490,17.98885381214434,74.63339827816998
epigenomics_9650_filterContams_491,20.25944508757672,82.26067799881227
epigenomics_9650_filterContams_492,23.252186223757953,69.81075589575244
epigenomics_9650_filterContams_493,15.227327066351677,64.0998046118486
epigenomics_9650_filterContams_494,17.578004105026956,62.58019631380151
epigenomics_9650_filterContams_495,20.747832009600113,53.22912654132926
epigenomics_9650_filterContams_496,22.493357482084765,72.57528678127747
epigenomics_9650_filterContams_497,18.05335013646471,52.841430194366566
epigenomics_9650_filterContams_498,22.37938488882521,68.53510554701539
epigenomics_9650_filterContams_499,20.524963421175542,60.28706264320634
epigenomics_9650_sol2sanger_0,78.80434014638423,51.30355377116473
epigenomics_9650_sol2sanger_1,74.9387437786359,34.33768541972706
epigenomics_9650_sol2sanger_2,74.21478174995926,49.05705479545289
epigenomics_9650_sol2sanger_3,83.59824673632409,62.63040511215648
epigenomics_9650_sol2sanger_4,90.67780745985033,52.532905267235435
epigenomics_9650_sol2sanger_5,81.0589525501732,57.231202218987775
epigenomics_9650_sol2sanger_6,78.81203555263387,34.63324594570497
epigenomics_9650_sol2sanger_7,83.5233658205315,40.94429369437427
epigenomics_9650_sol2sanger_8,80.6558564609302,51.02938215445127
epigenomics_9650_sol2sanger_9,81.06518979447011,29.401550326723658
epigenomics_9650_sol2sanger_10,74.90918941483025,48.8767950359752
epigenomics_9650_sol2sanger_11,72.77121799705154,42.15300156745526
epigenomics_9650_sol2sanger_12,78.81753432260241,46.71623631423069
epigenomics_9650_sol2sanger_13,76.30665850612215,48.925701141787954
epigenomics_9650_sol2sanger_14,81.89854597555055,55.7331160793593
epigenomics_9650_sol2sanger_15,71.66392413933941,57.74985797143333
epigenomics_9650_sol2sanger_16,76.27894449879871,41.940648892245626
epigenomics_9650_sol2sanger_17,78.65688990800001,48.93411825809243
epigenomics_9650_sol2sanger_18,83.67617194750282,38.56447510997709
epigenomics_9650_sol2sanger_19,78.72625686112043,48.924586619294814
epigenomics_9650_sol2sanger_20,76.43691259728831,38.2373777843368
epigenomics_9650_sol2sanger_21,78.98874729115808,36.90877222074767
epigenomics_9650_sol2sanger_22,80.33885505881649,41.745273086858646
epigenomics_9650_sol2sanger_23,76.73460400630357,50.492477035638345
epigenomics_9650_sol2sanger_24,82.03373623065872,57.49257134724881
epigenomics_9650_sol2sanger_25,83.25715620028372,39.66387771654208
epigenomics_9650_sol2sanger_26,74.51295601679355,40.858510317070305
epigenomics_9650_sol2sanger_27,78.62545326794927,51.53079892579394
epigenomics_9650_sol2sanger_28,92.67386154275846,55.64915457538527
epigenomics_9650_sol2sanger_29,87.3335389394165,39.311406111910486
epigenomics_9650_sol2sanger_30,78.69975189576564,50.890896649643224
epigenomics_9650_sol2sanger_31,85.74102398490089,46.7392153502496
epigenomics_9650_sol2sanger_32,74.96527448700164,50.38818049522705
epigenomics_9650_sol2sanger_33,84.69517332330422,47.33386233519486
epigenomics_9650_sol2sanger_34,84.3403711375471,45.792775035509855
epigenomics_9650_sol2sanger_35,76.55387333259053,36.48875806612726
epigenomics_9650_sol2sanger_36,68.38897516454921,47.95078180650043
epigenomics_9650_sol2sanger_37,88.83481815124534,42.758640903884576
epigenomics_9650_sol2sanger_38,82.79001134206824,38.70124961709394
epigenomics_9650_sol2sanger_39,77.33819252368512,57.81088443790231
epigenomics_9650_sol2sanger_40,82.35433067318992,43.54216670766877
epigenomics_9650_sol2sanger_41,79.25701566126975,35.957055470613795
epigenomics_9650_sol2sanger_42,74.99431493969897,39.36666328660862
epigenomics_9650_sol2sanger_43,76.77306659399285,48.69896590118242
epigenomics_9650_sol2sanger_44,78.04940127266607,45.71877264651138
epigenomics_9650_sol2sanger_45,82.50670336224367,63.61090100945997
epigenomics_9650_sol2sanger_46,77.39897396199935,52.561287919557635
epigenomics_9650_sol2sanger_47,80.27886238558034,44.00383922130643
epigenomics_9650_sol2sanger_48,86.93198141901264,44.28548425545819
epigenomics_9650_sol2sanger_49,82.39249262891272,56.312353411766686
epigenomics_9650_sol2sanger_50,83.85783798867801,52.1045131054507
epigenomics_9650_sol2sanger_51,88.35990993387543,46.285254805735896
epigenomics_9650_sol2sanger_52,84.02528596599926,44.34977923013978
epigenomics_9650_sol2sanger_53,75.650674888744,50.00450321292784
epigenomics_9650_sol2sanger_54,82.6775135975411,33.742796046424864
epigenomics_9650_sol2sanger_55,76.42556843420326,34.90431841706348
epigenomics_9650_sol2sanger_56,79.87255148221547,48.71449570921889
epigenomics_9650_sol2sanger_57,76.65535708838277,51.67808314222048
epigenomics_9650_sol2sanger_58,73.83900534654661,58.28495988846773
epigenomics_9650_sol2sanger_59,75.11078336794533,41.489425633725475
epigenomics_9650_sol2sanger_60,82.7756777029887,50.74513069926449
epigenomics_9650_sol2sanger_61,82.20424128661354,49.27074460777507
epigenomics_9650_sol2sanger_62,75.84836319548836,42.426953704904385
epigenomics_9650_sol2sanger_63,77.5063997887765,54.81946983737407
epigenomics_9650_sol2sanger_64,67.10591205886361,48.46326077300054
epigenomics_9650_sol2sanger_65,77.45035707645413,49.342875813368025
epigenomics_9650_sol2sanger_66,78.29300540909762,46.131381004877184
epigenomics_9650_sol2sanger_67,79.0034407204777,55.94378607004907
epigenomics_9650_sol2sanger_68,81.91006344546544,28.65507788548749
epigenomics_9650_sol2sanger_69,81.62761262709897,35.94554009346958
epigenomics_9650_sol2sanger_70,79.433274028149,49.082329876439545
epigenomics_9650_sol2sanger_71,75.75144032309609,36.18292984312196
epigenomics_9650_sol2sanger_72,83.1191735945559,50.14692596704239
epigenomics_9650_sol2sanger_73,81.74366534798689,41.061978620565675
epigenomics_9650_sol2sanger_74,79.5746982838077,39.53858828602636
epigenomics_9650_sol2sanger_75,87.87752125682317,54.57335535685783
epigenomics_9650_sol2sanger_76,75.20253266367274,46.624002565656
epigenomics_9650_sol2sanger_77,69.84117436312809,36.28125135628714
epigenomics_9650_sol2sanger_78,73.82570614165327,57.56831113109462
epigenomics_9650_sol2sanger_79,75.96736868269656,47.817291121141984
epigenomics_9650_sol2sanger_80,82.84485848865693,40.49154825065106
epigenomics_9650_sol2sanger_81,85.24787173821703,40.23739061065514
epigenomics_9650_sol2sanger_82,75.78786386163628,44.93237901341448
epigenomics_9650_sol2sanger_83,86.91922656759328,40.03394770408552
epigenomics_9650_sol2sanger_84,73.34020181800817,35.21129321531076
epigenomics_9650_sol2sanger_85,75.70463712031047,44.48608764975574
epigenomics_9650_sol2sanger_86,73.6093764200681,44.49216050997301
epigenomics_9650_sol2sanger_87,78.84204161896679,41.69876709835567
epigenomics_9650_sol2sanger_88,82.5344270226696,38.7661561825158
epigenomics_9650_sol2sanger_89,83.7682960619097,51.8788427811225
epigenomics_9650_sol2sanger_90,79.96360444393501,47.48297607986399
epigenomics_9650_sol2sanger_91,73.24857850443654,69.39050189443955
epigenomics_9650_sol2sanger_92,81.92844376039284,52.448875916301816
epigenomics_9650_sol2sanger_93,74.00899047921204,54.3004525314533
epigenomics_9650_sol2sanger_94,82.8858513795002,54.35689706802473
epigenomics_9650_sol2sanger_95,78.43052869830144,46.69611620963409
epigenomics_9650_sol2sanger_96,81.1354915610601,50.263391268357644
epigenomics_9650_sol2sanger_97,87.16473630077473,47.97642218917372
epigenomics_9650_sol2sanger_98,78.3995558248011,47.69284626156622
epigenomics_9650_sol2sanger_99,75.33211187559016,44.43577730302239
epigenomics_9650_sol2sanger_100,72.47529619691433,40.3577160701201
epigenomics_9650_sol2sanger_101,80.91161415181013,50.51862939795905
epigenomics_9650_sol2sanger_102,79.74400704686975,28.09262014493324
epigenomics_9650_sol2sanger_103,82.35033120394954,34.97126630652135
epigenomics_9650_sol2sanger_104,78.39435582322263,47.37590751334023
epigenomics_9650_sol2sanger_105,83.18065725875171,46.15356659031142
epigenomics_9650_sol2sanger_106,85.57587063113084,40.77418360822845
epigenomics_9650_sol2sanger_107,87.84892359041736,40.10649793346819
epigenomics_9650_sol2sanger_108,80.31216906507669,52.58552704778207
epigenomics_9650_sol2sanger_109,79.88057449900036,43.2847226297988
epigenomics_9650_sol2sanger_110,78.90987458803296,50.19462307803104
epigenomics_9650_sol2sanger_111,70.97995869168571,53.887015653684394
epigenomics_9650_sol2sanger_112,77.01170191129589,44.24603625426185
epigenomics_9650_sol2sanger_113,74.21571699294243,49.423556566396975
epigenomics_9650_sol2sanger_114,85.58194855537066,35.29986453199143
epigenomics_9650_sol2sanger_115,79.10643130427107,37.17794361304583
epigenomics_9650_sol2sanger_116,79.10476187421362,56.25139269152194
epigenomics_9650_sol2sanger_117,87.20849824058286,45.172461903001974
epigenomics_9650_sol2sanger_118,72.98480684026646,54.03105360594469
epigenomics_9650_sol2sanger_119,86.79930465216164,55.590695822288225
epigenomics_9650_sol2sanger_120,74.62666860218047,52.337605343593715
epigenomics_9650_sol2sanger_121,76.82419088934094,37.777487574976334
epigenomics_9650_sol2sanger_122,81.3094355921808,39.31365355708996
epigenomics_9650_sol2sanger_123,84.83781370441103,31.962752602543375
epigenomics_9650_sol2sanger_124,80.13612680174076,46.36376704219271
epigenomics_9650_sol2sanger_125,80.68384732341163,39.64586324464955
epigenomics_9650_sol2sanger_126,71.17991789793963,48.91325999603452
epigenomics_9650_sol2sanger_127,79.00032835235288,30.191303435217655
epigenomics_9650_sol2sanger_128,81.1422030520849,48.33501827911232
epigenomics_9650_sol2sanger_129,72.06998649709188,46.40936507666211
epigenomics_9650_sol2sanger_130,72.37441336880019,46.25569994644091
epigenomics_9650_sol2sanger_131,77.51125707449746,47.9741440591943
epigenomics_9650_sol2sanger_132,78.56400998163092,44.861953428383686
epigenomics_9650_sol2sanger_133,80.41474591660216,48.701836409111195
epigenomics_9650_sol2sanger_134,78.56399178588123,47.168335165405594
epigenomics_9650_sol2sanger_135,77.59308616577391,45.4590811215393
epigenomics_9650_sol2sanger_136,75.94648773353491,52.392017242169814
epigenomics_9650_sol2sanger_137,85.32344519291924,45.87128337949685
epigenomics_9650_sol2sanger_138,84.91181783912987,38.138568343844064
epigenomics_9650_sol2sanger_139,78.11179184950203,62.69008101476854
epigenomics_9650_sol2sanger_140,75.7310043962705,44.076599274661035
epigenomics_9650_sol2sanger_141,82.49634877130474,43.88541695458704
epigenomics_9650_sol2sanger_142,75.94660596176317,45.1194238520992
epigenomics_9650_sol2sanger_143,84.43346627457818,41.82919244415391
epigenomics_9650_sol2sanger_144,86.28453508119064,28.975408294582024
epigenomics_9650_sol2sanger_145,71.33060403215471,35.190214947019996
epigenomics_9650_sol2sanger_146,72.73860751880706,52.54068588835904
epigenomics_9650_sol2sanger_147,78.71827882263923,58.82671639098983
epigenomics_9650_sol2sanger_148,82.00008661555486,38.335386140526246
epigenomics_9650_sol2sanger_149,76.11869369608593,50.15055399226346
epigenomics_9650_sol2sanger_150,84.5642260523275,38.219290415160415
epigenomics_9650_sol2sanger_151,82.76790513677338,46.24411223963932
epigenomics_9650_sol2sanger_152,82.09027903295937,56.25390841840856
epigenomics_9650_sol2sanger_153,85.20981030292329,41.32226845825857
epigenomics_9650_sol2sanger_154,83.34352592242125,48.074561758923686
epigenomics_9650_sol2sanger_155,72.9371947912284,50.739117799234926
epigenomics_9650_sol2sanger_156,84.26981509665404,49.792292739838004
epigenomics_9650_sol2sanger_157,80.45206732152637,47.76398488521399
epigenomics_9650_sol2sanger_158,78.7398127995475,34.360071308545415
epigenomics_9650_sol2sanger_159,74.04639401108629,50.48490998021555
epigenomics_9650_sol2sanger_160,73.98863419907347,44.60039485487658
epigenomics_9650_sol2sanger_161,79.39500030449858,33.84765101191691
epigenomics_9650_sol2sanger_162,73.84705126337465,46.54013392307203
epigenomics_9650_sol2sanger_163,72.70778598118187,48.79405619606097
epigenomics_9650_sol2sanger_164,84.09932230144506,48.206819122977464
epigenomics_9650_sol2sanger_165,84.09870732067348,37.67336961587948
epigenomics_9650_sol2sanger_166,77.57802839326048,52.381038969663265
epigenomics_9650_sol2sanger_167,84.12759654927564,36.40170933214494
epigenomics_9650_sol2sanger_168,78.9939929105279,31.24163848921399
epigenomics_9650_sol2sanger_169,79.50102112695807,38.04436167295711
epigenomics_9650_sol2sanger_170,72.71215508647815,39.000234719883686
epigenomics_9650_sol2sanger_171,82.87594133261766,50.51240037854421
epigenomics_9650_sol2sanger_172,71.34107517760374,37.36695529745404
epigenomics_9650_sol2sanger_173,89.21017725101073,47.32944343746179
epigenomics_9650_sol2sanger_174,73.89275179135801,41.54399601662238
epigenomics_9650_sol2sanger_175,74.83095418698474,51.46878250924086
epigenomics_9650_sol2sanger_176,88.63564473177621,38.87387947253401
epigenomics_9650_sol2sanger_177,82.49972371886017,47.84992247441741
epigenomics_9650_sol2sanger_178,84.3083957238206,52.65907497435881
epigenomics_9650_sol2sanger_179,86.48861304309469,50.1496965272794
epigenomics_9650_sol2sanger_180,83.85573640009352,43.84766956887006
epigenomics_9650_sol2sanger_181,80.95575182761273,48.266782795139264
epigenomics_9650_sol2sanger_182,83.19276324980613,50.32145533607498
epigenomics_9650_sol2sanger_183,82.72790159743235,41.711336782055255
epigenomics_9650_sol2sanger_184,74.5121071714902,44.390263752806106
epigenomics_9650_sol2sanger_185,87.84341220977633,44.587036027628216
epigenomics_9650_sol2sanger_186,82.36103400285738,23.58799734117794
epigenomics_9650_sol2sanger_187,78.35777509844884,50.4467805936709
epigenomics_9650_sol2sanger_188,86.86034201721749,52.16660058232012
epigenomics_9650_sol2sanger_189,85.91519447669539,44.35936869370221
epigenomics_9650_sol2sanger_190,77.55361127006886,53.27546372058104
epigenomics_9650_sol2sanger_191,79.93354790825073,66.82892640063349
epigenomics_9650_sol2sanger_192,83.04919977807661,23.91022075524699
epigenomics_9650_sol2sanger_193,80.86190157259833,38.107414467705446
epigenomics_9650_sol2sanger_194,81.02689375372542,42.61102885237346
epigenomics_9650_sol2sanger_195,81.1292983891429,43.02789489175776
epigenomics_9650_sol2sanger_196,74.93332160092838,49.409769300107335
epigenomics_9650_sol2sanger_197,79.7611561576786,48.08123542067097
epigenomics_9650_sol2sanger_198,91.1868038521483,39.475507432719915
epigenomics_9650_sol2sanger_199,83.44974192917776,49.10343740099957
epigenomics_9650_sol2sanger_200,91.14385802324153,39.90063011239326
epigenomics_9650_sol2sanger_201,90.34304499671272,58.40075482536349
epigenomics_9650_sol2sanger_202,72.93309519099259,33.24141329162088
epigenomics_9650_sol2sanger_203,73.20412341905255,40.21331223398735
epigenomics_9650_sol2sanger_204,84.4608403042745,47.12117158103912
epigenomics_9650_sol2sanger_205,85.08034239118399,31.54228876214362
epigenomics_9650_sol2sanger_206,82.24937301065575,52.08007114481205
epigenomics_9650_sol2sanger_207,77.82701986751405,34.23371523900651
epigenomics_9650_sol2sanger_208,78.77646848707303,43.30390632854376
epigenomics_9650_sol2sanger_209,79.67613447848146,51.5245479698876
epigenomics_9650_sol2sanger_210,93.30567221130589,39.08562022941056
epigenomics_9650_sol2sanger_211,84.92932171627406,54.693279868975935
epigenomics_9650_sol2sanger_212,78.07290865969964,33.341168329091644
epigenomics_9650_sol2sanger_213,86.43440557194248,20.447618972139047
epigenomics_9650_sol2sanger_214,76.09806752741561,48.54609198749395
epigenomics_9650_sol2sanger_215,88.70115175524644,58.742047733261955
epigenomics_9650_sol2sanger_216,85.46293591291725,31.13013330494872
epigenomics_9650_sol2sanger_217,73.56632579695545,48.25111269858178
epigenomics_9650_sol2sanger_218,78.9224489515149,57.34760176975094
epigenomics_9650_sol2sanger_219,84.30734445781772,50.91950707737044
epigenomics_9650_sol2sanger_220,78.71381846504238,40.342693367841264
epigenomics_9650_sol2sanger_221,85.00299434275871,34.25714815024604
epigenomics_9650_sol2sanger_222,75.6330997495839,56.71818339993983
epigenomics_9650_sol2sanger_223,75.66562554314024,42.93643030248091
epigenomics_9650_sol2sanger_224,76.56521131468146,43.10124735657415
epigenomics_9650_sol2sanger_225,74.10993512260042,42.51247441758522
epigenomics_9650_sol2sanger_226,74.1972486699125,48.69910223136002
epigenomics_9650_sol2sanger_227,83.10372697350816,41.029567507273754
epigenomics_9650_sol2sanger_228,85.68385846780382,41.46331451465829
epigenomics_9650_sol2sanger_229,83.90770195590005,50.382913664200565
epigenomics_9650_sol2sanger_230,73.24181099265601,57.34761423195391
epigenomics_9650_sol2sanger_231,80.20128589578606,50.448219092031515
epigenomics_9650_sol2sanger_232,73.10957727960059,62.589242468527374
epigenomics_9650_sol2sanger_233,79.42010366011307,42.24119826543031
epigenomics_9650_sol2sanger_234,80.21784380697005,58.18130720359335
epigenomics_9650_sol2sanger_235,84.08938889939687,48.20018991925698
epigenomics_9650_sol2sanger_236,71.18371753038994,47.48332492748822
epigenomics_9650_sol2sanger_237,76.8709015959151,47.052950275836125
epigenomics_9650_sol2sanger_238,84.11253898393811,59.816890935079265
epigenomics_9650_sol2sanger_239,75.88097300850363,52.438809187286886
epigenomics_9650_sol2sanger_240,76.53684766620566,40.51336539999877
epigenomics_9650_sol2sanger_241,76.80477382873238,49.03235891983274
epigenomics_9650_sol2sanger_242,80.98525002504502,46.369451627315726
epigenomics_9650_sol2sanger_243,81.61621438459719,51.2364521616317
epigenomics_9650_sol2sanger_244,81.49899567595862,34.555145963211864
epigenomics_9650_sol2sanger_245,80.799069461657,54.537947803878005
epigenomics_9650_sol2sanger_246,82.49735520453662,55.53460484907482
epigenomics_9650_sol2sanger_247,81.0837547137576,63.981450271889834
epigenomics_9650_sol2sanger_248,79.34171656786613,56.984688979809555
epigenomics_9650_sol2sanger_249,80.25953279914054,45.394441136606034
epigenomics_9650_sol2sanger_250,75.1656945376013,33.127570512829756
epigenomics_9650_sol2sanger_251,75.86011231871953,48.01881271876778
epigenomics_9650_sol2sanger_252,83.22046808812587,48.40539391873983
epigenomics_9650_sol2sanger_253,78.47350212332515,35.24475690109453
epigenomics_9650_sol2sanger_254,78.72613290358309,38.40512680118293
epigenomics_9650_sol2sanger_255,77.49938431738396,32.21293306480535
epigenomics_9650_sol2sanger_256,77.51512490481916,51.1925449346885
epigenomics_9650_sol2sanger_257,83.89367636817425,44.281953786463404
epigenomics_9650_sol2sanger_258,72.33181055642422,37.1097361511297
epigenomics_9650_sol2sanger_259,81.47112280293219,57.4179164583441
epigenomics_9650_sol2sanger_260,77.05603387276538,54.14209798529328
epigenomics_9650_sol2sanger_261,86.91835307346935,36.56647629121454
epigenomics_9650_sol2sanger_262,77.7055803311411,42.39383610736086
epigenomics_9650_sol2sanger_263,87.58701849904084,53.44105365727677
epigenomics_9650_sol2sanger_264,80.9758657991125,50.59267238578686
epigenomics_9650_sol2sanger_265,71.35598070728452,40.873619226681136
epigenomics_9650_sol2sanger_266,81.50594237921618,53.47776213791724
epigenomics_9650_sol2sanger_267,85.17869839924847,54.117524278952544
epigenomics_9650_sol2sanger_268,85.30132318743051,43.538149896629655
epigenomics_9650_sol2sanger_269,75.27488162260138,43.20960299282722
epigenomics_9650_sol2sanger_270,73.49598582974595,29.424861508991413
epigenomics_9650_sol2sanger_271,83.45236590966604,39.216397532518016
epigenomics_9650_sol2sanger_272,75.3093175687861,45.57276284598709
epigenomics_9650_sol2sanger_273,76.74087045951086,36.37726874990785
epigenomics_9650_sol2sanger_274,80.49089091665468,43.47034628945724
epigenomics_9650_sol2sanger_275,84.09541680922456,46.68802366472019
epigenomics_9650_sol2sanger_276,77.88438154772766,34.59040537999621
epigenomics_9650_sol2sanger_277,77.18126435894452,50.68995359739725
epigenomics_9650_sol2sanger_278,76.9226988869155,45.8581676724523
epigenomics_9650_sol2sanger_279,79.85996609946564,58.50276192112548
epigenomics_9650_sol2sanger_280,78.85782161947982,39.21156723641463
epigenomics_9650_sol2sanger_281,75.41115383560042,38.520085126024846
epigenomics_9650_sol2sanger_282,84.73081194455864,48.177950483873644
epigenomics_9650_sol2sanger_283,72.43344593597072,49.76262692375786
epigenomics_9650_sol2sanger_284,84.9027485533113,52.20366459497034
epigenomics_9650_sol2sanger_285,76.90534627390511,65.3549975472827
epigenomics_9650_sol2sanger_286,75.76952589535598,46.19875515908777
epigenomics_9650_sol2sanger_287,83.1398384669809,47.863612120725485
epigenomics_9650_sol2sanger_288,85.22560069234561,55.960283887825256
epigenomics_9650_sol2sanger_289,87.00402051532237,41.65583589469653
epigenomics_9650_sol2sanger_290,82.08080909562644,47.771400501564166
epigenomics_9650_sol2sanger_291,72.19036122110604,46.098984325420304
epigenomics_9650_sol2sanger_292,78.59147231929646,44.05780973346699
epigenomics_9650_sol2sanger_293,79.53693586235633,44.393839897820214
epigenomics_9650_sol2sanger_294,77.28642154604765,41.1137779452543
epigenomics_9650_sol2sanger_295,84.3909049548262,43.166515355029375
epigenomics_9650_sol2sanger_296,79.67466420300444,45.61292311252812
epigenomics_9650_sol2sanger_297,87.2980903966327,51.89515221893408
epigenomics_9650_sol2sanger_298,65.97276360311139,41.85333699077867
epigenomics_9650_sol2sanger_299,80.92092955985518,46.71949563049531
epigenomics_9650_sol2sanger_300,81.88366545436885,56.24943725497772
epigenomics_9650_sol2sanger_301,84.7092826797308,51.11270330334262
epigenomics_9650_sol2sanger_302,81.39055074065767,37.50151270235124
epigenomics_9650_sol2sanger_303,89.94000794110764,46.43449261362532
epigenomics_9650_sol2sanger_304,81.51812062713151,46.214493363514336
epigenomics_9650_sol2sanger_305,79.79477248988239,44.57342304877949
epigenomics_9650_sol2sanger_306,74.98815618767016,51.20826606729427
epigenomics_9650_sol2sanger_307,76.87482251231323,51.50377617724138
epigenomics_9650_sol2sanger_308,82.78762512327356,22.032364460150664
epigenomics_9650_sol2sanger_309,73.99721320725622,45.95592772183646
epigenomics_9650_sol2sanger_310,76.18336750077695,41.28794811320899
epigenomics_9650_sol2sanger_311,79.72947747691856,54.200804698103966
epigenomics_9650_sol2sanger_312,77.30095495219251,50.35533209349533
epigenomics_9650_sol2sanger_313,82.7368567597584,42.241405199708886
epigenomics_9650_sol2sanger_314,76.94845455577979,47.423625435090344
epigenomics_9650_sol2sanger_315,76.16238039469039,34.74906805978421
epigenomics_9650_sol2sanger_316,87.84246329199368,43.13040607491665
epigenomics_9650_sol2sanger_317,86.1131832951855,37.35477093829604
epigenomics_9650_sol2sanger_318,85.92249109448315,49.945463545085246
epigenomics_9650_sol2sanger_319,75.46429339522619,47.787681365714704
epigenomics_9650_sol2sanger_320,78.42218860344865,54.5202780928872
epigenomics_9650_sol2sanger_321,82.81312909841897,52.712242869647085
epigenomics_9650_sol2sanger_322,70.71168428536286,52.38160807711533
epigenomics_9650_sol2sanger_323,80.19184930218755,46.2909500334417
epigenomics_9650_sol2sanger_324,80.49675650690672,53.86555004874206
epigenomics_9650_sol2sanger_325,83.14392411176492,49.38927351422402
epigenomics_9650_sol2sanger_326,83.68800170563007,48.45427685921311
epigenomics_9650_sol2sanger_327,80.46755725963423,44.123281817134725
epigenomics_9650_sol2sanger_328,81.1129856835789,41.22303757926662
epigenomics_9650_sol2sanger_329,84.99198121370134,44.77291824468166
epigenomics_9650_sol2sanger_330,86.19502300649503,43.316063836068764
epigenomics_9650_sol2sanger_331,83.071858245062,41.87120396107879
epigenomics_9650_sol2sanger_332,77.43066742172157,43.522300240555836
epigenomics_9650_sol2sanger_333,78.2976509331984,50.70236618369559
epigenomics_9650_sol2sanger_334,79.28951870103381,49.410126263699816
epigenomics_9650_sol2sanger_335,79.16351018445118,31.48056905158679
epigenomics_9650_sol2sanger_336,84.14646538389606,46.39829753893087
epigenomics_9650_sol2sanger_337,83.44179888533895,48.31496382792201
epigenomics_9650_sol2sanger_338,78.93747830624704,51.51426971327735
epigenomics_9650_sol2sanger_339,78.99618856384703,65.37673677871672
epigenomics_9650_sol2sanger_340,81.51450121570531,38.986983983178625
epigenomics_9650_sol2sanger_341,77.54024695232681,57.11318685468077
epigenomics_9650_sol2sanger_342,74.0885450683297,46.66577157681943
epigenomics_9650_sol2sanger_343,77.95202727660305,44.115645672999946
epigenomics_9650_sol2sanger_344,81.39250563008149,57.88139122270557
epigenomics_9650_sol2sanger_345,80.59249848796163,47.36249021149564
epigenomics_9650_sol2sanger_346,88.05594018657115,35.32815300839267
epigenomics_9650_sol2sanger_347,76.70661135047222,42.24372133081088
epigenomics_9650_sol2sanger_348,84.24463254398808,51.702184020963195
epigenomics_9650_sol2sanger_349,77.10881137396024,47.407008414075094
epigenomics_9650_sol2sanger_350,83.45633911440238,47.84360898526712
epigenomics_9650_sol2sanger_351,83.17124746486844,37.06997714019184
epigenomics_9650_sol2sanger_352,79.25499288425627,53.1219893606293
epigenomics_9650_sol2sanger_353,78.53937914471011,47.25711687303969
epigenomics_9650_sol2sanger_354,76.91359894298874,40.097707061345986
epigenomics_9650_sol2sanger_355,82.85055801593418,44.966909241972715
epigenomics_9650_sol2sanger_356,74.8600296611739,40.67274466709273
epigenomics_9650_sol2sanger_357,78.76661031515165,37.71566385176176
epigenomics_9650_sol2sanger_358,77.83318837507485,44.658935061392725
epigenomics_9650_sol2sanger_359,83.88192169273609,29.18435459923763
epigenomics_9650_sol2sanger_360,76.91878184170561,36.785609420213945
epigenomics_9650_sol2sanger_361,81.83633002694313,43.63900202050493
epigenomics_9650_sol2sanger_362,78.05387742782581,36.814003637536814
epigenomics_9650_sol2sanger_363,79.36352289951756,43.50375992562936
epigenomics_9650_sol2sanger_364,80.0433209008806,51.52268166209013
epigenomics_9650_sol2sanger_365,80.79496189084792,35.71220943278997
epigenomics_9650_sol2sanger_366,84.8482164202291,42.18768439609954
epigenomics_9650_sol2sanger_367,81.83232446063116,50.025443728235665
epigenomics_9650_sol2sanger_368,84.31945873425498,52.020093957099846
epigenomics_9650_sol2sanger_369,80.84533583532924,41.195257435904566
epigenomics_9650_sol2sanger_370,77.87294950891814,47.283750629129536
epigenomics_9650_sol2sanger_371,76.15840388348333,47.454737894313254
epigenomics_9650_sol2sanger_372,82.86279414684522,44.23576908345673
epigenomics_9650_sol2sanger_373,73.22105835241537,58.776970976029745
epigenomics_9650_sol2sanger_374,85.91698924610822,54.59771087407714
epigenomics_9650_sol2sanger_375,79.21607049983531,33.138135033721326
epigenomics_9650_sol2sanger_376,72.18833998790507,63.23030459545811
epigenomics_9650_sol2sanger_377,88.18042192820975,30.365891487097596
epigenomics_9650_sol2sanger_378,82.52384239721086,44.675979157933405
epigenomics_9650_sol2sanger_379,72.07815578410361,33.61314998821327
epigenomics_9650_sol2sanger_380,76.48913840829668,41.94893004875102
epigenomics_9650_sol2sanger_381,83.68054473182053,46.24308855191197
epigenomics_9650_sol2sanger_382,81.71774391197249,54.55381444070744
epigenomics_9650_sol2sanger_383,81.38818414861967,32.99298373661302
epigenomics_9650_sol2sanger_384,76.99608078869898,43.357189792461284
epigenomics_9650_sol2sanger_385,78.95647066575212,40.87206882829217
epigenomics_9650_sol2sanger_386,85.50877819934068,35.02017902538906
epigenomics_9650_sol2sanger_387,72.2644353661157,44.180560027278055
epigenomics_9650_sol2sanger_388,75.2957556016856,38.84449511396482
epigenomics_9650_sol2sanger_389,70.64879040704304,49.54249785266593
epigenomics_9650_sol2sanger_390,74.12419287426061,56.51498359870673
epigenomics_9650_sol2sanger_391,73.15659201774267,31.682474447670913
epigenomics_9650_sol2sanger_392,78.14992344453623,29.404240823831074
epigenomics_9650_sol2sanger_393,79.57751280650989,43.67234487539796
epigenomics_9650_sol2sanger_394,68.42298759123766,39.74798538567949
epigenomics_9650_sol2sanger_395,82.55965382067487,51.168331499635634
epigenomics_9650_sol2sanger_396,95.82043464291593,32.93450859796526
epigenomics_9650_sol2sanger_397,84.07349033970077,40.90023563485785
epigenomics_9650_sol2sanger_398,90.44922182014255,39.56201885081502
epigenomics_9650_sol2sanger_399,73.87251557693001,55.29385610111343
epigenomics_9650_sol2sanger_400,79.56946877400077,52.56793222400059
epigenomics_9650_sol2sanger_401,88.11359947659861,43.17863840327759
epigenomics_9650_sol2sanger_402,67.26339367875319,41.209245374423766
epigenomics_9650_sol2sanger_403,77.0060463330779,40.72484950180258
epigenomics_9650_sol2sanger_404,66.63014441420887,30.535000719390485
epigenomics_9650_sol2sanger_405,76.59877632913735,56.29254731273603
epigenomics_9650_sol2sanger_406,81.4412336896131,52.98026177005204
epigenomics_9650_sol2sanger_407,86.82407978312891,35.24649995173174
epigenomics_9650_sol2sanger_408,80.03683866819722,48.340078982044
epigenomics_9650_sol2sanger_409,76.35944307055111,38.66969807714684
epigenomics_9650_sol2sanger_410,82.56943741187825,36.613107759404
epigenomics_9650_sol2sanger_411,81.32595863438087,41.45573611361322
epigenomics_9650_sol2sanger_412,80.12042230145572,45.627312868748824
epigenomics_9650_sol2sanger_413,80.07065060724801,57.32812461851732
epigenomics_9650_sol2sanger_414,78.05279086051662,30.02186915826447
epigenomics_9650_sol2sanger_415,74.84100702487888,45.602198399158176
epigenomics_9650_sol2sanger_416,83.82410872964365,34.11627426101873
epigenomics_9650_sol2sanger_417,84.47195025545781,39.11214788879152
epigenomics_9650_sol2sanger_418,78.4034106005697,54.20007807334703
epigenomics_9650_sol2sanger_419,86.5669758894571,49.764985640471515
epigenomics_9650_sol2sanger_420,81.66445475149195,50.219912530600745
epigenomics_9650_sol2sanger_421,83.79793169759327,39.61709102733953
epigenomics_9650_sol2sanger_422,74.3509844995734,35.7737943129231
epigenomics_9650_sol2sanger_423,80.64065933616168,39.82084903244603
epigenomics_9650_sol2sanger_424,78.40687661567216,51.45888790939312
epigenomics_9650_sol2sanger_425,77.94112937570279,41.32335988784524
epigenomics_9650_sol2sanger_426,78.91318839709739,39.979497164987606
epigenomics_9650_sol2sanger_427,79.55498048215742,51.07957802194334
epigenomics_9650_sol2sanger_428,77.91753454491585,43.43260627084986
epigenomics_9650_sol2sanger_429,73.31580574460186,44.12612655262301
epigenomics_9650_sol2sanger_430,74.78343876319862,46.86557525345454
epigenomics_9650_sol2sanger_431,78.12419407539808,60.00415515751404
epigenomics_9650_sol2sanger_432,76.3586672469947,40.30969494882643
epigenomics_9650_sol2sanger_433,75.48767050817216,45.24158025965412
epigenomics_9650_sol2sanger_434,82.07537886393727,46.068963051265094
epigenomics_9650_sol2sanger_435,88.90876028097732,36.47994684264246
epigenomics_9650_sol2sanger_436,78.68649246437047,47.41276598390635
epigenomics_9650_sol2sanger_437,85.8228271689947,51.03029722391531
epigenomics_9650_sol2sanger_438,78.27878402069226,58.17133599903738
epigenomics_9650_sol2sanger_439,74.13984532730639,47.617190703824456
epigenomics_9650_sol2sanger_440,84.48268025387469,40.6423266160068
epigenomics_9650_sol2sanger_441,95.67138264064917,28.882634414522855
epigenomics_9650_sol2sanger_442,82.89857907002974,39.635739938380645
epigenomics_9650_sol2sanger_443,77.21116284610474,52.64255172428479
epigenomics_9650_sol2sanger_444,78.16613880346958,39.38240539609394
epigenomics_9650_sol2sanger_445,81.89652167685243,48.84833500870953
epigenomics_9650_sol2sanger_446,80.20584539174072,35.1963095583963
epigenomics_9650_sol2sanger_447,80.63224631891283,45.390414785308074
epigenomics_9650_sol2sanger_448,73.33014834605042,52.64517000113876
epigenomics_9650_sol2sanger_449,77.30893012102806,40.96091071830372
epigenomics_9650_sol2sanger_450,76.15633955187465,41.63591586210864
epigenomics_9650_sol2sanger_451,69.1450480352363,50.45849676748331
epigenomics_9650_sol2sanger_452,84.5019576766337,49.31218937379181
epigenomics_9650_sol2sanger_453,80.97872121927946,54.76169251286383
epigenomics_9650_sol2sanger_454,68.46287763771838,46.70443818723821
epigenomics_9650_sol2sanger_455,86.49010916253788,41.692608418867195
epigenomics_9650_sol2sanger_456,86.17146619633021,43.66840584556761
epigenomics_9650_sol2sanger_457,76.11125248535265,39.11814471335329
epigenomics_9650_sol2sanger_458,84.9286252050617,47.91661567513504
epigenomics_9650_sol2sanger_459,81.93157908496322,35.61907655782214
epigenomics_9650_sol2sanger_460,76.4905891852578,48.07353645943899
epigenomics_9650_sol2sanger_461,75.6249220937716,42.41841292583917
epigenomics_9650_sol2sanger_462,75.83548716147547,35.69186429067724
epigenomics_9650_sol2sanger_463,87.83789943687437,50.74427710688667
epigenomics_9650_sol2sanger_464,82.91576615040987,40.6052978012614
epigenomics_9650_sol2sanger_465,79.51783191312735,35.24879580228421
epigenomics_9650_sol2sanger_466,75.94334302199279,61.29483849284644
epigenomics_9650_sol2sanger_467,74.98427207723658,33.51843932480013
epigenomics_9650_sol2sanger_468,76.92681819656055,48.81791008862332
epigenomics_9650_sol2sanger_469,77.47238583795132,45.25920233673737
epigenomics_9650_sol2sanger_470,84.41633420829615,42.67317658951106
epigenomics_9650_sol2sanger_471,80.12608131472939,52.923439235764604
epigenomics_9650_sol2sanger_472,79.2547608595424,45.66910400757443
epigenomics_9650_sol2sanger_473,82.845579894692,53.455745127084
epigenomics_9650_sol2sanger_474,79.6398273423945,42.54725983545078
epigenomics_9650_sol2sanger_475,69.81998544216542,44.26290420615004
epigenomics_9650_sol2sanger_476,78.66887004313095,44.39514850708302
epigenomics_9650_sol2sanger_477,86.29605742666763,45.23180679673346
epigenomics_9650_sol2sanger_478,77.74214010860362,36.00973251523729
epigenomics_9650_sol2sanger_479,88.24753219081376,48.568758218740356
epigenomics_9650_sol2sanger_480,74.05840770964788,38.8027206316991
epigenomics_9650_sol2sanger_481,80.33183386200311,50.63538125137166
epigenomics_9650_sol2sanger_482,77.028650132364,44.3609912300538
epigenomics_9650_sol2sanger_483,74.88524839800577,40.21387427610924
epigenomics_9650_sol2sanger_484,73.85648209768885,37.299989514220854
epigenomics_9650_sol2sanger_485,85.69368528959157,47.78045532535066
epigenomics_9650_sol2sanger_486,80.32134084775346,49.247640440783485
epigenomics_9650_sol2sanger_487,79.88113772061098,55.58187675007203
epigenomics_9650_sol2sanger_488,83.53150201895969,47.28244241319276
epigenomics_9650_sol2sanger_489,70.94123543839653,41.93201518118959
epigenomics_9650_sol2sanger_490,89.25892206357857,43.543053669592695
epigenomics_9650_sol2sanger_491,82.76839053715739,43.240312796711706
epigenomics_9650_sol2sanger_492,76.98971816592837,45.40761776710406
epigenomics_9650_sol2sanger_493,75.29267035529189,55.285194485651765
epigenomics_9650_sol2sanger_494,82.5210744597657,48.809611592363446
epigenomics_9650_sol2sanger_495,79.4269034955028,49.829573066301535
epigenomics_9650_sol2sanger_496,80.3314584449236,51.72809236592682
epigenomics_9650_sol2sanger_497,77.75509657769031,47.41015713854438
epigenomics_9650_sol2sanger_498,83.67702541162623,48.54219928356969
epigenomics_9650_sol2sanger_499,82.94846037276669,67.82600601445125
epigenomics_9650_fast2bfq_0,57.09744762557201,69.15699043355181
epigenomics_9650_fast2bfq_1,32.87506142584096,73.33872263893505
epigenomics_9650_fast2bfq_2,37.73528332549242,72.45797731487866
epigenomics_9650_fast2bfq_3,37.64760359589838,77.91423960747902
epigenomics_9650_fast2bfq_4,43.26865603598115,85.07680599419749
epigenomics_9650_fast2bfq_5,49.654351219383635,83.28665774274823
epigenomics_9650_fast2bfq_6,36.22913267563178,74.83907687869753
epigenomics_9650_fast2bfq_7,50.449671016370466,85.32919671815709
epigenomics_9650_fast2bfq_8,46.03646153602476,87.26369966702879
epigenomics_9650_fast2bfq_9,39.63989520942347,88.44292006709134
epigenomics_9650_fast2bfq_10,37.55257967699322,65.42100544406172
epigenomics_9650_fast2bfq_11,41.08759812057363,70.49462693998998
epigenomics_9650_fast2bfq_12,42.70843764813335,91.46354925988769
epigenomics_9650_fast2bfq_13,46.113787676893814,76.30360139914288
epigenomics_9650_fast2bfq_14,34.48524462301843,62.92681472435693
epigenomics_9650_fast2bfq_15,43.26125708953951,87.87958243497476
epigenomics_9650_fast2bfq_16,32.74448578291262,81.14015835201292
epigenomics_9650_fast2bfq_17,40.59106445436399,82.27575142556383
epigenomics_9650_fast2bfq_18,53.44219782006937,74.03476765300567
epigenomics_9650_fast2bfq_19,36.117802889467946,83.49648533817708
epigenomics_9650_fast2bfq_20,48.950051286285586,92.26369488178409
epigenomics_9650_fast2bfq_21,46.69188427135338,72.08548171628182
epigenomics_9650_fast2bfq_22,36.14990052162213,83.59064756988893
epigenomics_9650_fast2bfq_23,33.650884957335066,84.6566753910601
epigenomics_9650_fast2bfq_24,45.23601912096267,89.58668654365425
epigenomics_9650_fast2bfq_25,51.65860719910212,87.57135551634437
epigenomics_9650_fast2bfq_26,50.25911023904281,76.37845205481318
epigenomics_9650_fast2bfq_27,49.48741636247806,85.92882285240806
epigenomics_9650_fast2bfq_28,47.88074351954095,83.14772712429938
epigenomics_9650_fast2bfq_29,56.88002059834788,81.95581170537832
epigenomics_9650_fast2bfq_30,58.334287103477386,69.58076269307759
epigenomics_9650_fast2bfq_31,42.56880222135816,78.32256789002403
epigenomics_9650_fast2bfq_32,57.33136482784267,77.22736502964699
epigenomics_9650_fast2bfq_33,26.895049558146543,89.34741582777929
epigenomics_9650_fast2bfq_34,38.95724466656357,79.471419136422
epigenomics_9650_fast2bfq_35,45.80994011260848,75.15417513321933
epigenomics_9650_fast2bfq_36,42.4977121850906,82.91725514610597
epigenomics_9650_fast2bfq_37,51.396249993280506,82.7416383086289
epigenomics_9650_fast2bfq_38,32.28215712790875,79.70182917045665
epigenomics_9650_fast2bfq_39,39.434776330683285,77.9820369624335
epigenomics_9650_fast2bfq_40,40.61781690105077,85.0374403152159
epigenomics_9650_fast2bfq_41,53.02385186980867,65.54178877879204
epigenomics_9650_fast2bfq_42,50.39706325528028,79.80133594859734
epigenomics_9650_fast2bfq_43,40.816201665547204,87.44547346988784
epigenomics_9650_fast2bfq_44,40.36016077848254,77.85234127623464
epigenomics_9650_fast2bfq_45,41.6344110242048,76.76133433018812
epigenomics_9650_fast2bfq_46,47.55023503087043,82.09608285121257
epigenomics_9650_fast2bfq_47,38.2762906015556,79.35856277760126
epigenomics_9650_fast2bfq_48,46.18141238491189,79.75807990850448
epigenomics_9650_fast2bfq_49,42.16416726502659,67.33223840299061
epigenomics_9650_fast2bfq_50,45.38307002784483,81.93097196232533
epigenomics_9650_fast2bfq_51,48.7365213298223,81.07478345905469
epigenomics_9650_fast2bfq_52,56.15056574704843,91.88506188574847
epigenomics_9650_fast2bfq_53,39.39655733845434,70.06015336053811
epigenomics_9650_fast2bfq_54,50.60619729402267,73.64813218670055
epigenomics_9650_fast2bfq_55,42.44693659496414,75.40069760882174
epigenomics_9650_fast2bfq_56,39.095391909319986,74.95046124926428
epigenomics_9650_fast2bfq_57,42.093199672996306,80.60766803035175
epigenomics_9650_fast2bfq_58,38.71834108386804,79.8257425266786
epigenomics_9650_fast2bfq_59,35.79937850954125,78.63981090238545
epigenomics_9650_fast2bfq_60,30.85523836120217,84.71913373835527
epigenomics_9650_fast2bfq_61,40.815480541929766,71.33283061202592
epigenomics_9650_fast2bfq_62,61.93819845665441,85.30615409126547
epigenomics_9650_fast2bfq_63,32.330088982573145,94.48203213816444
epigenomics_9650_fast2bfq_64,43.1535350376112,93.9557507964235
epigenomics_9650_fast2bfq_65,40.736125411760995,75.24690139143405
epigenomics_9650_fast2bfq_66,50.655436162947666,78.8955195756743
epigenomics_9650_fast2bfq_67,45.01055933129914,84.66754107841516
epigenomics_9650_fast2bfq_68,41.20685287733758,79.4837647351859
epigenomics_9650_fast2bfq_69,39.50498109726984,75.62407203136537
epigenomics_9650_fast2bfq_70,44.05356580056601,74.83980936581284
epigenomics_9650_fast2bfq_71,42.586582441060784,87.2053662661936
epigenomics_9650_fast2bfq_72,42.21741372855462,85.61983756923172
epigenomics_9650_fast2bfq_73,38.39610093670748,77.0095230258771
epigenomics_9650_fast2bfq_74,36.13199464061128,71.62281257582298
epigenomics_9650_fast2bfq_75,33.462818563488234,77.4806906007879
epigenomics_9650_fast2bfq_76,50.45970870934947,85.5220028640666
epigenomics_9650_fast2bfq_77,55.22302025804248,77.28014213867674
epigenomics_9650_fast2bfq_78,34.5806956107321,79.6297447398673
epigenomics_9650_fast2bfq_79,52.05602757833272,68.99573969632448
epigenomics_9650_fast2bfq_80,49.83556166128951,84.75367650575083
epigenomics_9650_fast2bfq_81,47.043164941040516,73.69939931148258
epigenomics_9650_fast2bfq_82,37.56860672116851,91.39700347518173
epigenomics_9650_fast2bfq_83,44.49004830085446,86.76585312073234
epigenomics_9650_fast2bfq_84,46.220479462053696,82.13563690571138
epigenomics_9650_fast2bfq_85,50.24924092013561,72.0600081271485
epigenomics_9650_fast2bfq_86,48.061510071584756,89.86545936064273
epigenomics_9650_fast2bfq_87,40.19494946481209,77.31311772219051
epigenomics_9650_fast2bfq_88,51.606468566030856,77.16302509604859
epigenomics_9650_fast2bfq_89,41.13589305203536,76.90277403760034
epigenomics_9650_fast2bfq_90,53.70388823150117,74.34889705705713
epigenomics_9650_fast2bfq_91,39.54962438673532,83.15190006952928
epigenomics_9650_fast2bfq_92,41.830304154931355,82.06198643634293
epigenomics_9650_fast2bfq_93,56.01026472857707,57.78191231350779
epigenomics_9650_fast2bfq_94,35.939095540783896,73.91450283731413
epigenomics_9650_fast2bfq_95,36.08770705713577,74.0818965938947
epigenomics_9650_fast2bfq_96,49.58595329199646,87.33902456326776
epigenomics_9650_fast2bfq_97,43.08938695569659,71.28851220612147
epigenomics_9650_fast2bfq_98,39.51159553489312,75.16526344221771
epigenomics_9650_fast2bfq_99,48.81386636948218,78.0510182435411
epigenomics_9650_fast2bfq_100,46.454094496771106,73.53850482638536
epigenomics_9650_fast2bfq_101,47.35790093749702,72.67120890745122
epigenomics_9650_fast2bfq_102,51.79520545887116,81.59054405737636
epigenomics_9650_fast2bfq_103,50.36834821775481,73.06732673750007
epigenomics_9650_fast2bfq_104,50.552929456459935,69.43287441634953
epigenomics_9650_fast2bfq_105,45.31237129945683,85.84793937757857
epigenomics_9650_fast2bfq_106,51.511406267906125,89.14191098098242
epigenomics_9650_fast2bfq_107,48.52797872610765,75.76167918471123
epigenomics_9650_fast2bfq_108,38.79289893074583,75.87166323337877
epigenomics_9650_fast2bfq_109,58.54982784640485,72.06172921466008
epigenomics_9650_fast2bfq_110,59.81734082502036,70.1343005338947
epigenomics_9650_fast2bfq_111,37.61326979050453,73.41801266777253
epigenomics_9650_fast2bfq_112,53.42814927731703,69.10256147655461
epigenomics_9650_fast2bfq_113,37.028655356633486,79.32846321152147
epigenomics_9650_fast2bfq_114,52.65639425788337,78.45606451722583
epigenomics_9650_fast2bfq_115,44.855944347562065,74.36113095779757
epigenomics_9650_fast2bfq_116,40.6547493745117,71.13840876952001
epigenomics_9650_fast2bfq_117,49.33250639713285,74.07955488971639
epigenomics_9650_fast2bfq_118,39.54612964289044,92.92392456932028
epigenomics_9650_fast2bfq_119,41.44643797780133,85.39406802106724
epigenomics_9650_fast2bfq_120,51.076670613185875,77.26124263985868
epigenomics_9650_fast2bfq_121,43.28790838970465,86.06437217469332
epigenomics_9650_fast2bfq_122,49.03071870323,77.16717670489201
epigenomics_9650_fast2bfq_123,51.90579323384468,80.41588044896628
epigenomics_9650_fast2bfq_124,35.61645438500301,81.61768925129661
epigenomics_9650_fast2bfq_125,47.877122267691384,80.86436566795861
epigenomics_9650_fast2bfq_126,43.597977419988545,69.25902239057234
epigenomics_9650_fast2bfq_127,49.49097883467233,84.35504710001105
epigenomics_9650_fast2bfq_128,42.278839243776105,96.27311516657576
epigenomics_9650_fast2bfq_129,37.68160461082718,86.20878555505467
epigenomics_9650_fast2bfq_130,48.57894856982407,73.6142015636457
epigenomics_9650_fast2bfq_131,48.749245051582704,85.87171794259147
epigenomics_9650_fast2bfq_132,48.322601501952775,73.3374623606659
epigenomics_9650_fast2bfq_133,41.062535062562176,73.48986167603363
epigenomics_9650_fast2bfq_134,44.72242258366982,89.65559476948486
epigenomics_9650_fast2bfq_135,36.34018375777079,79.03026027276022
epigenomics_9650_fast2bfq_136,39.11235970225384,70.76744437627069
epigenomics_9650_fast2bfq_137,50.08491671686796,76.70719624488154
epigenomics_9650_fast2bfq_138,46.08458597766054,80.87347295979058
epigenomics_9650_fast2bfq_139,42.61999087369138,74.09058631899586
epigenomics_9650_fast2bfq_140,54.835827101143714,77.11111160261945
epigenomics_9650_fast2bfq_141,46.44744053548666,86.5139061281433
epigenomics_9650_fast2bfq_142,48.20148763901115,75.26195540389507
epigenomics_9650_fast2bfq_143,44.57545066189482,81.83265900565158
epigenomics_9650_fast2bfq_144,48.75471997334216,62.4987401603001
epigenomics_9650_fast2bfq_145,43.04240616023948,71.60637788258907
epigenomics_9650_fast2bfq_146,47.93155170813003,72.6818428492133
epigenomics_9650_fast2bfq_147,45.656386367219355,92.36541510796236
epigenomics_9650_fast2bfq_148,30.335504355973683,84.63098422048485
epigenomics_9650_fast2bfq_149,40.75790139589238,71.58406272360776
epigenomics_9650_fast2bfq_150,32.39754960618506,78.03980322882198
epigenomics_9650_fast2bfq_151,43.85688192213709,76.74525339393945
epigenomics_9650_fast2bfq_152,49.90709986077265,77.99737703118063
epigenomics_9650_fast2bfq_153,45.83946970312565,72.90350087930975
epigenomics_9650_fast2bfq_154,47.622873458747904,74.49759560668721
epigenomics_9650_fast2bfq_155,42.56117701550442,69.20756390684636
epigenomics_9650_fast2bfq_156,40.53810429914052,90.39988588336283
epigenomics_9650_fast2bfq_157,57.69569192157566,71.8968911457905
epigenomics_9650_fast2bfq_158,46.51964176381523,93.6428407958739
epigenomics_9650_fast2bfq_159,31.646045574557583,78.48026281975112
epigenomics_9650_fast2bfq_160,45.717159640172014,76.40790029686798
epigenomics_9650_fast2bfq_161,48.712630423745445,64.1594047438126
epigenomics_9650_fast2bfq_162,32.72940628819591,92.64029706642957
epigenomics_9650_fast2bfq_163,38.8034158686758,82.42257236963367
epigenomics_9650_fast2bfq_164,49.51298769754514,81.02082667456277
epigenomics_9650_fast2bfq_165,39.93097216881834,74.2277397716504
epigenomics_9650_fast2bfq_166,47.79762033791372,88.1035795956936
epigenomics_9650_fast2bfq_167,46.360090074920414,80.36896438914506
epigenomics_9650_fast2bfq_168,60.930114045512894,87.8202665670039
epigenomics_9650_fast2bfq_169,50.62438256150192,90.40025013609828
epigenomics_9650_fast2bfq_170,42.231476495714205,81.63127762155291
epigenomics_9650_fast2bfq_171,54.273330837994166,82.42618283476752
epigenomics_9650_fast2bfq_172,48.46017817726242,74.83126629061489
epigenomics_9650_fast2bfq_173,32.62729800456365,83.74270411637106
epigenomics_9650_fast2bfq_174,29.495436566910474,78.60574115142141
epigenomics_9650_fast2bfq_175,51.332764394291836,79.25245605585629
epigenomics_9650_fast2bfq_176,41.496619040304324,91.23096582476536
epigenomics_9650_fast2bfq_177,45.50705066167981,89.33475404754957
epigenomics_9650_fast2bfq_178,53.69760964879006,74.9517757852022
epigenomics_9650_fast2bfq_179,36.47691849441237,74.75678762503833
epigenomics_9650_fast2bfq_180,49.5513940204659,75.17425171347813
epigenomics_9650_fast2bfq_181,35.73197974477834,87.03122116383172
epigenomics_9650_fast2bfq_182,53.2995332446625,84.81697946866194
epigenomics_9650_fast2bfq_183,43.113728496198306,96.73019278287863
epigenomics_9650_fast2bfq_184,41.24475557804747,89.73517112957111
epigenomics_9650_fast2bfq_185,40.25087752061207,74.75282390741664
epigenomics_9650_fast2bfq_186,43.53371543602684,71.59696782037453
epigenomics_9650_fast2bfq_187,49.475409193722875,85.16521171256207
epigenomics_9650_fast2bfq_188,38.361987896421745,87.64203267916173
epigenomics_9650_fast2bfq_189,32.58690436673632,73.15517004085018
epigenomics_9650_fast2bfq_190,40.25561407547744,76.14012597181285
epigenomics_9650_fast2bfq_191,27.903406365908182,78.97118981726787
epigenomics_9650_fast2bfq_192,52.50008094830512,77.51364042785545
epigenomics_9650_fast2bfq_193,49.02862580994225,71.95604162519943
epigenomics_9650_fast2bfq_194,39.08009624046035,85.55346140902446
epigenomics_9650_fast2bfq_195,40.95624720071251,78.66380230211756
epigenomics_9650_fast2bfq_196,37.43783790477407,85.88115385192421
epigenomics_9650_fast2bfq_197,53.48801003580783,78.1340875189312
epigenomics_9650_fast2bfq_198,39.45655625532471,81.31930676267078
epigenomics_9650_fast2bfq_199,40.335578370193545,80.0439281641899
epigenomics_9650_fast2bfq_200,49.917880844933975,82.71066511645948
epigenomics_9650_fast2bfq_201,49.58216571232329,74.88205999991497
epigenomics_9650_fast2bfq_202,33.006312311212824,84.81530967177373
epigenomics_9650_fast2bfq_203,42.12053276411468,92.34525054871544
epigenomics_9650_fast2bfq_204,44.50503401044255,89.63005759662083
epigenomics_9650_fast2bfq_205,50.29771253605329,81.36435713853001
epigenomics_9650_fast2bfq_206,30.07076843185274,84.55614425845063
epigenomics_9650_fast2bfq_207,42.55653820192089,82.44261021084053
epigenomics_9650_fast2bfq_208,35.54845873674215,69.58791773443701
epigenomics_9650_fast2bfq_209,48.83017792249992,78.69500866604841
epigenomics_9650_fast2bfq_210,50.67002282943085,73.18924839959216
epigenomics_9650_fast2bfq_211,42.34115840083037,90.18298315294966
epigenomics_9650_fast2bfq_212,52.61716714346881,77.5898490328045
epigenomics_9650_fast2bfq_213,46.261028569356974,79.55704084820697
epigenomics_9650_fast2bfq_214,47.377046161703866,80.3362031812914
epigenomics_9650_fast2bfq_215,55.56898755508365,84.75764134493993
epigenomics_9650_fast2bfq_216,47.15578003964025,88.41412023451655
epigenomics_9650_fast2bfq_217,52.58709545741347,76.42332323494766
epigenomics_9650_fast2bfq_218,39.10895740371104,62.982140295626245
epigenomics_9650_fast2bfq_219,40.34841621512898,65.89801804441142
epigenomics_9650_fast2bfq_220,40.50693003895641,76.68401066518065
epigenomics_9650_fast2bfq_221,49.75973050633694,75.5273386761385
epigenomics_9650_fast2bfq_222,53.085506654564654,88.18069724089388
epigenomics_9650_fast2bfq_223,45.18306087696173,77.2902317515118
epigenomics_9650_fast2bfq_224,46.278358678652744,79.10823810993266
epigenomics_9650_fast2bfq_225,47.792846075841524,95.00684865988929
epigenomics_9650_fast2bfq_226,36.49054179073389,68.50231426446541
epigenomics_9650_fast2bfq_227,54.146719961495585,77.01612026834573
epigenomics_9650_fast2bfq_228,45.93742825722892,73.27711816467486
epigenomics_9650_fast2bfq_229,54.394520112058366,83.88947750214065
epigenomics_9650_fast2bfq_230,40.6501007506904,88.97455711929436
epigenomics_9650_fast2bfq_231,47.86016368953887,82.62343205761475
epigenomics_9650_fast2bfq_232,39.50281742116873,86.88972313609901
epigenomics_9650_fast2bfq_233,55.26666487270181,87.1345765531206
epigenomics_9650_fast2bfq_234,45.51386608966428,77.02496538251803
epigenomics_9650_fast2bfq_235,50.64639976296877,87.14840466480777
epigenomics_9650_fast2bfq_236,46.5208406828408,68.0863882029963
epigenomics_9650_fast2bfq_237,61.40987454247932,90.32821799244174
epigenomics_9650_fast2bfq_238,36.448936101692375,80.98250994403203
epigenomics_9650_fast2bfq_239,45.7169903269473,79.11740104517821
epigenomics_9650_fast2bfq_240,45.33679686393798,82.82243521470275
epigenomics_9650_fast2bfq_241,56.11374642517287,72.66857443400316
epigenomics_9650_fast2bfq_242,41.138755376767094,82.89296201192266
epigenomics_9650_fast2bfq_243,39.38872405847689,82.53179318967874
epigenomics_9650_fast2bfq_244,44.40284600261075,78.30834291598633
epigenomics_9650_fast2bfq_245,43.42533347326243,79.37264020766496
epigenomics_9650_fast2bfq_246,41.81817487093046,69.69897023380378
epigenomics_9650_fast2bfq_247,48.54226205548455,77.63085256190035
epigenomics_9650_fast2bfq_248,59.78536698842266,68.9343023767525
epigenomics_9650_fast2bfq_249,29.71972875518224,79.76975072272023
epigenomics_9650_fast2bfq_250,46.31792560318782,77.92518477911818
epigenomics_9650_fast2bfq_251,42.78314981467646,76.38055392597006
epigenomics_9650_fast2bfq_252,57.71095974618716,77.46689840077303
epigenomics_9650_fast2bfq_253,38.77773835513168,69.71947341360924
epigenomics_9650_fast2bfq_254,43.49858022617071,78.9976723702107
epigenomics_9650_fast2bfq_255,54.671441039951844,82.1525967373753
epigenomics_9650_fast2bfq_256,58.86221784177154,77.1115409107047
epigenomics_9650_fast2bfq_257,44.461787037149605,85.53351974923633
epigenomics_9650_fast2bfq_258,52.41797430532987,89.29558026448767
epigenomics_9650_fast2bfq_259,47.713954987119266,79.40587155028861
epigenomics_9650_fast2bfq_260,60.2270532146894,88.02460277525654
epigenomics_9650_fast2bfq_261,44.182473868233345,78.82365177112517
epigenomics_9650_fast2bfq_262,40.64471426569116,78.41185921377878
epigenomics_9650_fast2bfq_263,39.48942724706145,94.475617671964
epigenomics_9650_fast2bfq_264,45.90113206550175,78.06399636372312
epigenomics_9650_fast2bfq_265,48.46954035046543,68.96385526033333
epigenomics_9650_fast2bfq_266,44.82297677865228,92.57297540893373
epigenomics_9650_fast2bfq_267,33.03440719298234,83.65350227816006
epigenomics_9650_fast2bfq_268,43.112132874684185,78.1987856572056
epigenomics_9650_fast2bfq_269,44.32897880659469,68.44847683849244
epigenomics_9650_fast2bfq_270,37.02386996112234,70.77943470490098
epigenomics_9650_fast2bfq_271,45.34506673829779,71.84013638090435
epigenomics_9650_fast2bfq_272,44.1905021133252,89.57213803938603
epigenomics_9650_fast2bfq_273,51.29233486152538,83.2492713682793
epigenomics_9650_fast2bfq_274,47.65608941778337,78.04966573584116
epigenomics_9650_fast2bfq_275,52.831012698952904,82.24123291653761
epigenomics_9650_fast2bfq_276,47.91303656354664,75.74279981641784
epigenomics_9650_fast2bfq_277,49.129440255782754,83.46307270661237
epigenomics_9650_fast2bfq_278,47.34728267010481,89.8091802585009
epigenomics_9650_fast2bfq_279,45.80051309672926,83.87147576667668
epigenomics_9650_fast2bfq_280,41.476359439606696,72.73340926187501
epigenomics_9650_fast2bfq_281,40.141166124650304,89.31462644915966
epigenomics_9650_fast2bfq_282,52.97904859657282,90.09280763153926
epigenomics_9650_fast2bfq_283,44.2456365461746,70.35100977975
epigenomics_9650_fast2bfq_284,47.9347278077736,71.77153208343096
epigenomics_9650_fast2bfq_285,40.76115872977534,78.07849604570671
epigenomics_9650_fast2bfq_286,46.223803698468224,86.52484631799547
epigenomics_9650_fast2bfq_287,39.76337353274884,78.0974302375211
epigenomics_9650_fast2bfq_288,53.3023376552248,83.57602195998867
epigenomics_9650_fast2bfq_289,41.3804291307353,76.23462760407907
epigenomics_9650_fast2bfq_290,45.19277680708113,67.61472045083103
epigenomics_9650_fast2bfq_291,43.86141353919758,83.64513618203372
epigenomics_9650_fast2bfq_292,64.59399080722993,87.35024654040286
epigenomics_9650_fast2bfq_293,42.94471425567509,65.40741050217656
epigenomics_9650_fast2bfq_294,48.383333260115336,91.40691879104365
epigenomics_9650_fast2bfq_295,53.714119208152546,80.10332726427272
epigenomics_9650_fast2bfq_296,33.96684605527028,76.93863169675934
epigenomics_9650_fast2bfq_297,49.47194658557312,73.2854317909251
epigenomics_9650_fast2bfq_298,45.11700122083997,82.21520634692388
epigenomics_9650_fast2bfq_299,53.70747207409411,89.60223553861856
epigenomics_9650_fast2bfq_300,35.250053046414706,75.12498195006393
epigenomics_9650_fast2bfq_301,46.9091193988303,84.70416784351883
epigenomics_9650_fast2bfq_302,46.39803119923612,76.91994336177642
epigenomics_9650_fast2bfq_303,40.9725415065914,86.3241461276904
epigenomics_9650_fast2bfq_304,49.44970410994187,85.11903074402893
epigenomics_9650_fast2bfq_305,51.08819372971213,80.46585109820127
epigenomics_9650_fast2bfq_306,58.90607508421078,77.29390523655304
epigenomics_9650_fast2bfq_307,53.05216501042779,74.39588815589414
epigenomics_9650_fast2bfq_308,69.14332108183862,83.20529402711297
epigenomics_9650_fast2bfq_309,40.57403621887826,79.62854046602227
epigenomics_9650_fast2bfq_310,51.28956921113308,74.2460212476988
epigenomics_9650_fast2bfq_311,34.06040689741753,72.22915833178142
epigenomics_9650_fast2bfq_312,52.64961736708048,87.22988204802314
epigenomics_9650_fast2bfq_313,44.96970220769005,89.05787754124246
epigenomics_9650_fast2bfq_314,56.765794560986876,71.81681854668979
epigenomics_9650_fast2bfq_315,40.22985215479412,78.23858932449076
epigenomics_9650_fast2bfq_316,39.25387683884078,82.80395219688845
epigenomics_9650_fast2bfq_317,39.61659519411316,95.33742408877774
epigenomics_9650_fast2bfq_318,47.30290278950632,74.19923901723561
epigenomics_9650_fast2bfq_319,33.594677888328015,83.12018393862186
epigenomics_9650_fast2bfq_320,55.31582953623226,78.34293940546637
epigenomics_9650_fast2bfq_321,39.053634752897025,82.31858821634171
epigenomics_9650_fast2bfq_322,53.757170606064406,61.74878474583274
epigenomics_9650_fast2bfq_323,62.99893147243464,84.38507276838945
epigenomics_9650_fast2bfq_324,56.85047422366661,80.11213321314703
epigenomics_9650_fast2bfq_325,49.685167105786434,74.38570414546693
epigenomics_9650_fast2bfq_326,48.215134609788684,79.0087681214361
epigenomics_9650_fast2bfq_327,40.527327657708,67.2175419881601
epigenomics_9650_fast2bfq_328,36.08084883933847,78.34423108321225
epigenomics_9650_fast2bfq_329,37.20689942088748,69.6973072477344
epigenomics_9650_fast2bfq_330,48.81683018448371,82.66732491946391
epigenomics_9650_fast2bfq_331,49.53210661935583,70.1609031880101
epigenomics_9650_fast2bfq_332,60.52104908688962,79.76998236559301
epigenomics_9650_fast2bfq_333,45.09261545210196,79.77455331024815
epigenomics_9650_fast2bfq_334,48.41637753204215,78.1562672692475
epigenomics_9650_fast2bfq_335,44.76821008085455,78.52894471098804
epigenomics_9650_fast2bfq_336,48.39271299393976,79.47305332674429
epigenomics_9650_fast2bfq_337,45.92984911651218,85.83438914715113
epigenomics_9650_fast2bfq_338,40.882230607105015,84.8628633492056
epigenomics_9650_fast2bfq_339,37.27324056567534,73.90571943445069
epigenomics_9650_fast2bfq_340,54.435123326489546,74.45321198770951
epigenomics_9650_fast2bfq_341,38.70785644692387,81.38659870221649
epigenomics_9650_fast2bfq_342,45.007203324458224,92.42664032140057
epigenomics_9650_fast2bfq_343,35.798425568374604,90.99493029724519
epigenomics_9650_fast2bfq_344,43.66980662342394,84.05845346797753
epigenomics_9650_fast2bfq_345,30.351929408167926,79.05539625998853
epigenomics_9650_fast2bfq_346,40.87621100546225,78.69097966016133
epigenomics_9650_fast2bfq_347,55.11233960603583,73.5716586197067
epigenomics_9650_fast2bfq_348,48.51740098889735,74.1142501515366
epigenomics_9650_fast2bfq_349,49.846561814794114,80.72918937006557
epigenomics_9650_fast2bfq_350,54.0623508060031,93.97623811290927
epigenomics_9650_fast2bfq_351,51.58072827113069,69.95237429057136
epigenomics_9650_fast2bfq_352,39.57541398093262,84.39600749108459
epigenomics_9650_fast2bfq_353,44.51924041326089,84.07936494988643
epigenomics_9650_fast2bfq_354,46.60890822670553,88.2115284928596
epigenomics_9650_fast2bfq_355,56.243056111136006,89.89402918689524
epigenomics_9650_fast2bfq_356,51.745078649252136,81.52506056169099
epigenomics_9650_fast2bfq_357,46.30559523831253,79.48470846948238
epigenomics_9650_fast2bfq_358,54.06806708582977,84.17461660469195
epigenomics_9650_fast2bfq_359,60.17796593902146,95.94548807832476
epigenomics_9650_fast2bfq_360,47.907723849987384,89.4319484111202
epigenomics_9650_fast2bfq_361,30.518943617422366,93.1483291615867
epigenomics_9650_fast2bfq_362,54.107041562531904,70.75877660722844
epigenomics_9650_fast2bfq_363,40.498607774042696,78.49917049937828
epigenomics_9650_fast2bfq_364,45.557051051505454,98.89742630561291
epigenomics_9650_fast2bfq_365,48.60263679688451,83.28556928896359
epigenomics_9650_fast2bfq_366,49.1540779179488,85.482154132285
epigenomics_9650_fast2bfq_367,43.353290755042224,79.87744239685314
epigenomics_9650_fast2bfq_368,44.73818069799749,84.42736069490745
epigenomics_9650_fast2bfq_369,40.11446589598911,79.19304753897646
epigenomics_9650_fast2bfq_370,52.6258536765363,81.37097853012729
epigenomics_9650_fast2bfq_371,35.67713779033993,79.11491528271463
epigenomics_9650_fast2bfq_372,41.24672301995696,81.17041996004986
epigenomics_9650_fast2bfq_373,42.926911361840816,80.7818527773082
epigenomics_9650_fast2bfq_374,38.97024866901031,73.64819030917931
epigenomics_9650_fast2bfq_375,32.38876037358328,78.4739648755314
epigenomics_9650_fast2bfq_376,52.49243241667901,85.13939105397951
epigenomics_9650_fast2bfq_377,31.945055250410693,78.35360085559593
epigenomics_9650_fast2bfq_378,49.49395715580576,77.82144204488115
epigenomics_9650_fast2bfq_379,42.585972183127275,70.37268137171597
epigenomics_9650_fast2bfq_380,39.2776705500702,80.87374115859305
epigenomics_9650_fast2bfq_381,33.52236109236164,78.8449752307169
epigenomics_9650_fast2bfq_382,47.77281132891251,80.27832878912359
epigenomics_9650_fast2bfq_383,45.792173832364334,73.86706174979393
epigenomics_9650_fast2bfq_384,47.602112385086116,84.53866353336876
epigenomics_9650_fast2bfq_385,40.99179087856696,67.30430463280705
epigenomics_9650_fast2bfq_386,46.9858852959907,85.52750212667213
epigenomics_9650_fast2bfq_387,36.75416914537032,77.33998082719323
epigenomics_9650_fast2bfq_388,51.529634954341816,75.57039167514651
epigenomics_9650_fast2bfq_389,33.494388909290564,79.87816772748909
epigenomics_9650_fast2bfq_390,41.464729706331084,66.45206389193007
epigenomics_9650_fast2bfq_391,34.01415523350721,71.93144291382534
epigenomics_9650_fast2bfq_392,46.93943499038536,69.4597152248013
epigenomics_9650_fast2bfq_393,32.42849812353229,82.62704135178637
epigenomics_9650_fast2bfq_394,53.87441967114142,86.09765906212228
epigenomics_9650_fast2bfq_395,46.94365957739515,84.95336365455721
epigenomics_9650_fast2bfq_396,46.39607695624422,77.597785142115
epigenomics_9650_fast2bfq_397,50.46177002054923,69.97537891001525
epigenomics_9650_fast2bfq_398,37.4660385712898,83.64179348843804
epigenomics_9650_fast2bfq_399,58.900440075590595,78.80139697400482
epigenomics_9650_fast2bfq_400,47.12132890586392,82.56354522294835
epigenomics_9650_fast2bfq_401,41.704784679354205,75.95051675897237
epigenomics_9650_fast2bfq_402,49.73533665387027,68.9453286298926
epigenomics_9650_fast2bfq_403,30.81253549901709,77.72463086889876
epigenomics_9650_fast2bfq_404,55.31885253085972,77.73639367524503
epigenomics_9650_fast2bfq_405,43.441011375364155,87.33890894983386
epigenomics_9650_fast2bfq_406,52.540489232637,80.94318155468365
epigenomics_9650_fast2bfq_407,47.47502358861175,92.83047606371234
epigenomics_9650_fast2bfq_408,48.53575451052762,74.00450441171868
epigenomics_9650_fast2bfq_409,44.62035835239596,78.01287997736392
epigenomics_9650_fast2bfq_410,54.74554688368073,73.8235602259384
epigenomics_9650_fast2bfq_411,56.68529541710528,91.14902331380533
epigenomics_9650_fast2bfq_412,40.7477133670032,63.910485327975735
epigenomics_9650_fast2bfq_413,45.1433565368516,73.36531652370442
epigenomics_9650_fast2bfq_414,43.70089269270648,90.52382375041024
epigenomics_9650_fast2bfq_415,41.94987763184822,70.09400777345742
epigenomics_9650_fast2bfq_416,43.55529804642971,78.52678413858621
epigenomics_9650_fast2bfq_417,51.8363667044207,83.95616617852035
epigenomics_9650_fast2bfq_418,42.50427269979143,70.10272715618477
epigenomics_9650_fast2bfq_419,37.50342421248069,72.36895729462509
epigenomics_9650_fast2bfq_420,45.202663994536465,72.98238814107557
epigenomics_9650_fast2bfq_421,44.97178088293549,77.84408744124876
epigenomics_9650_fast2bfq_422,44.12098073774806,81.0060629370141
epigenomics_9650_fast2bfq_423,51.648910675717396,81.75461671638196
epigenomics_9650_fast2bfq_424,47.90325706743951,68.52401498243898
epigenomics_9650_fast2bfq_425,51.05071659434308,74.53007119511541
epigenomics_9650_fast2bfq_426,45.561165731484856,87.06890058553789
epigenomics_9650_fast2bfq_427,50.52928263532291,87.8614756220876
epigenomics_9650_fast2bfq_428,42.55361388115394,67.41351399825597
epigenomics_9650_fast2bfq_429,42.83616981797773,78.86857410875996
epigenomics_9650_fast2bfq_430,39.50744209739605,68.82302158256448
epigenomics_9650_fast2bfq_431,40.234071493770465,93.5424573245654
epigenomics_9650_fast2bfq_432,41.89224791735444,73.19440742650346
epigenomics_9650_fast2bfq_433,47.82955203364202,77.17540228560111
epigenomics_9650_fast2bfq_434,52.38774118149427,76.02392398888001
epigenomics_9650_fast2bfq_435,38.27623496103667,74.45044576739653
epigenomics_9650_fast2bfq_436,51.729434531781116,81.03996753271973
epigenomics_9650_fast2bfq_437,38.61078355175566,78.84482374876397
epigenomics_9650_fast2bfq_438,34.125886072513445,76.59206262511763
epigenomics_9650_fast2bfq_439,45.030856363911155,79.24507199804455
epigenomics_9650_fast2bfq_440,50.16290723852245,78.11316543513233
epigenomics_9650_fast2bfq_441,52.394154012199245,79.34679423090523
epigenomics_9650_fast2bfq_442,51.731561616582006,78.45835078104206
epigenomics_9650_fast2bfq_443,43.83485268253812,74.92672530681327
epigenomics_9650_fast2bfq_444,53.2397938743654,74.85376199133266
epigenomics_9650_fast2bfq_445,38.81464879318885,88.16425539149233
epigenomics_9650_fast2bfq_446,45.85195424064888,72.99194634250549
epigenomics_9650_fast2bfq_447,47.36940267311334,86.67876271382602
epigenomics_9650_fast2bfq_448,49.40556117970604,86.28249593461565
epigenomics_9650_fast2bfq_449,46.61016846819202,83.46394415916815
epigenomics_9650_fast2bfq_450,44.98738673128645,85.89311087673339
epigenomics_9650_fast2bfq_451,36.539405518906506,76.24642501014722
epigenomics_9650_fast2bfq_452,43.7854787915887,83.57745069634791
epigenomics_9650_fast2bfq_453,40.46273416590436,79.83576066513392
epigenomics_9650_fast2bfq_454,38.491261829139646,77.40501506845419
epigenomics_9650_fast2bfq_455,58.82739864325548,79.09468551842822
epigenomics_9650_fast2bfq_456,43.698928575198345,80.66183817379371
epigenomics_9650_fast2bfq_457,43.79200813219749,86.06517388223456
epigenomics_9650_fast2bfq_458,53.329282587526535,78.13495928523454
epigenomics_9650_fast2bfq_459,45.429106225198225,88.09014756236871
epigenomics_9650_fast2bfq_460,38.11698590799762,78.07090647494246
epigenomics_9650_fast2bfq_461,56.53056935732042,82.52732827619138
epigenomics_9650_fast2bfq_462,41.42285054549732,83.10499351455346
epigenomics_9650_fast2bfq_463,43.075391091478046,85.53792522694192
epigenomics_9650_fast2bfq_464,41.39034380947366,78.80540138209268
epigenomics_9650_fast2bfq_465,35.0645140503441,72.25281435420422
epigenomics_9650_fast2bfq_466,53.61912647104551,86.72639984939332
epigenomics_9650_fast2bfq_467,57.481414408302285,82.63645805865814
epigenomics_9650_fast2bfq_468,50.52290607325244,78.45393211524062
epigenomics_9650_fast2bfq_469,51.882190478840315,75.32313456892552
epigenomics_9650_fast2bfq_470,47.77109122139053,77.58203485809173
epigenomics_9650_fast2bfq_471,42.27696746691755,83.1956636535476
epigenomics_9650_fast2bfq_472,37.09118233358416,76.3465803921285
epigenomics_9650_fast2bfq_473,41.1487310722354,101.28652524687593
epigenomics_9650_fast2bfq_474,53.760195301377394,83.56889442226378
epigenomics_9650_fast2bfq_475,57.286624045820105,63.9469028221835
epigenomics_9650_fast2bfq_476,50.27755800837102,75.54111646230302
epigenomics_9650_fast2bfq_477,42.566381235307524,71.488246979305
epigenomics_9650_fast2bfq_478,42.45179106055341,81.02633757666756
epigenomics_9650_fast2bfq_479,45.364674794626,83.13935080236769
epigenomics_9650_fast2bfq_480,43.464905400966465,76.75790119404265
epigenomics_9650_fast2bfq_481,52.90381711741317,77.2058209332624
epigenomics_9650_fast2bfq_482,40.50623857206806,81.40597079672278
epigenomics_9650_fast2bfq_483,45.94742107817019,75.49472741615814
epigenomics_9650_fast2bfq_484,47.00023592081086,77.71358650435747
epigenomics_9650_fast2bfq_485,40.75985417408972,70.69396386888131
epigenomics_9650_fast2bfq_486,49.72173044733909,80.8602715128994
epigenomics_9650_fast2bfq_487,44.5435151817483,75.72987605416361
epigenomics_9650_fast2bfq_488,38.21562169547751,77.38087654577458
epigenomics_9650_fast2bfq_489,45.168346034610394,83.5584224181801
epigenomics_9650_fast2bfq_490,33.49260897118516,79.1392053688159
epigenomics_9650_fast2bfq_491,46.70348632997153,86.71489464928585
epigenomics_9650_fast2bfq_492,39.049362545451885,81.03686829980406
epigenomics_9650_fast2bfq_493,37.727258286697456,73.29433430652291
epigenomics_9650_fast2bfq_494,42.849883987662906,88.60475558801244
epigenomics_9650_fast2bfq_495,31.040759612541063,77.21884621196742
epigenomics_9650_fast2bfq_496,53.21531803812988,84.15910585574906
epigenomics_9650_fast2bfq_497,63.459270223959216,93.1480786804043
epigenomics_9650_fast2bfq_498,43.059551259467526,88.25356033182483
epigenomics_9650_fast2bfq_499,39.80649465063596,79.54774523735982
epigenomics_9650_map_0,10701.992204425977,181.4072078897622
epigenomics_9650_map_1,10326.542055953685,195.40651283425726
epigenomics_9650_map_2,9898.57575743542,185.81418594471796
epigenomics_9650_map_3,10631.421372063078,181.67160332891015
epigenomics_9650_map_4,10148.10583074303,177.92815247691595
epigenomics_9650_map_5,11015.454427175277,182.6838341102819
epigenomics_9650_map_6,9892.551564517793,189.3716405226153
epigenomics_9650_map_7,9663.494015854123,186.28587794743757
epigenomics_9650_map_8,9372.155344095496,187.7153892351336
epigenomics_9650_map_9,9565.48439010694,182.13969827516516
epigenomics_9650_map_10,9717.97188927795,181.95542005113273
epigenomics_9650_map_11,10571.279751171609,183.1873145715638
epigenomics_9650_map_12,9899.878118322711,177.49946681114267
epigenomics_9650_map_13,9734.180846318743,178.61975566294342
epigenomics_9650_map_14,8655.113012719348,192.9947535736237
epigenomics_9650_map_15,10565.56511302567,181.01325641762799
epigenomics_9650_map_16,10562.730311530664,182.95666087962317
epigenomics_9650_map_17,11050.479152079637,178.55446076521173
epigenomics_9650_map_18,10320.767703550562,187.40602536360416
epigenomics_9650_map_19,10046.821553577443,191.08683528965727
epigenomics_9650_map_20,9961.446963880655,182.22044505636669
epigenomics_9650_map_21,9315.187609877636,182.45531544371534
epigenomics_9650_map_22,10462.00643191493,180.62817565514112
epigenomics_9650_map_23,10085.134340126335,182.2359416038026
epigenomics_9650_map_24,10224.402250195331,189.41923808936215
epigenomics_9650_map_25,9735.563777866859,187.84816915406458
epigenomics_9650_map_26,9835.193644228562,181.4446346079864
epigenomics_9650_map_27,9580.817273769813,191.6889776437988
epigenomics_9650_map_28,10376.066540026179,183.83882455412748
epigenomics_9650_map_29,9901.823009244961,177.7004291898511
epigenomics_9650_map_30,10022.41137193816,194.00618042353756
epigenomics_9650_map_31,10412.424468496876,177.50388000810938
epigenomics_9650_map_32,9930.66088914933,183.50452686939158
epigenomics_9650_map_33,9452.822874708496,175.07210220219096
epigenomics_9650_map_34,10625.227376392517,180.12811916270505
epigenomics_9650_map_35,10589.346236926547,185.5480077748626
epigenomics_9650_map_36,10079.529351084246,177.28667442211065
epigenomics_9650_map_37,9382.698876268254,187.43816414336908
epigenomics_9650_map_38,9656.645707659556,186.3303202026969
epigenomics_9650_map_39,10681.85009671387,189.55625029976417
epigenomics_9650_map_40,10531.720527939264,186.251256539704
epigenomics_9650_map_41,8819.335783705223,181.8236645101575
epigenomics_9650_map_42,9436.53099383847,187.83932007874503
epigenomics_9650_map_43,10488.583550449137,187.54584471016884
epigenomics_9650_map_44,10015.5905187636,183.3868595640319
epigenomics_9650_map_45,10286.184041963283,182.95887197319792
epigenomics_9650_map_46,10027.576047543134,181.2093796000353
epigenomics_9650_map_47,9551.772459259904,177.07260228720375
epigenomics_9650_map_48,9255.259433978512,178.1000379780597
epigenomics_9650_map_49,10497.907506741107,189.3881067235798
epigenomics_9650_map_50,9677.596478485793,186.9559904154196
epigenomics_9650_map_51,10285.929732423603,184.4856749827195
epigenomics_9650_map_52,9777.746515982619,194.14465682977755
epigenomics_9650_map_53,10413.752149488397,182.17710009993002
epigenomics_9650_map_54,10059.956319822537,193.6431418163205
epigenomics_9650_map_55,9724.95101797351,188.39762248350243
epigenomics_9650_map_56,10378.360809753573,184.76240388058514
epigenomics_9650_map_57,9273.908996814595,190.50844878066476
epigenomics_9650_map_58,10474.050257353894,182.6852779212786
epigenomics_9650_map_59,10267.573565801315,177.2129498063495
epigenomics_9650_map_60,10671.78561146585,181.76760482779116
epigenomics_9650_map_61,10460.497537054014,192.28995321498718
epigenomics_9650_map_62,10031.515815749553,181.52248949934108
epigenomics_9650_map_63,10340.602172396842,183.89154990923606
epigenomics_9650_map_64,11160.498159294635,186.320080987727
epigenomics_9650_map_65,10057.48603009049,178.04958073312287
epigenomics_9650_map_66,9911.3624544361,189.33833262228265
epigenomics_9650_map_67,9916.672153229716,191.27357153681118
epigenomics_9650_map_68,10189.327296630698,187.204690033037
epigenomics_9650_map_69,9467.883336957002,196.33930053977704
epigenomics_9650_map_70,9924.270750617015,185.4361202148787
epigenomics_9650_map_71,8989.920088589239,183.74538859274364
epigenomics_9650_map_72,9908.771521153667,188.70274265935217
epigenomics_9650_map_73,9841.452143845841,182.43667959860187
epigenomics_9650_map_74,11627.226223640591,189.381970953056
epigenomics_9650_map_75,10000.608275877112,187.20773555728798
epigenomics_9650_map_76,9908.672603061728,185.97966306913634
epigenomics_9650_map_77,10173.31255974703,181.134497656809
epigenomics_9650_map_78,10564.636391305527,180.4850382066647
epigenomics_9650_map_79,10228.23329183706,183.61451469291677
epigenomics_9650_map_80,10189.25657305731,188.62838287336433
epigenomics_9650_map_81,10949.677870555211,186.33263378891945
epigenomics_9650_map_82,9580.422326091193,187.59503829496498
epigenomics_9650_map_83,10104.354145687435,178.25494662341194
epigenomics_9650_map_84,9478.661983224529,184.93112269808225
epigenomics_9650_map_85,9752.982706326638,192.96307597074457
epigenomics_9650_map_86,10151.567379272201,190.59257396345532
epigenomics_9650_map_87,10553.16108752729,179.4075809152417
epigenomics_9650_map_88,10317.207852847783,181.98367635384977
epigenomics_9650_map_89,9367.888950089431,185.0360988564232
epigenomics_9650_map_90,10676.547386817538,186.93332210323942
epigenomics_9650_map_91,9585.252601324522,182.64879369700012
epigenomics_9650_map_92,10605.703037829431,182.7887981088773
epigenomics_9650_map_93,9701.845154430906,187.90371396283965
epigenomics_9650_map_94,10911.134093890756,185.18121800478764
epigenomics_9650_map_95,10269.897699048239,187.25657062096332
epigenomics_9650_map_96,11096.946111710451,193.932831558758
epigenomics_9650_map_97,10209.040140709907,178.72643354340858
epigenomics_9650_map_98,10521.214015775951,185.7834921019552
epigenomics_9650_map_99,9407.083190280244,188.09157306977752
epigenomics_9650_map_100,10158.627367545992,181.54940768042763
epigenomics_9650_map_101,10477.438059240085,184.966492071029
epigenomics_9650_map_102,9471.360324953737,187.24731163047147
epigenomics_9650_map_103,9694.839592149228,182.80485827994588
epigenomics_9650_map_104,10278.345672209009,189.07191704741481
epigenomics_9650_map_105,9976.99521048239,189.08848940294067
epigenomics_9650_map_106,9693.726210918596,181.32605389027685
epigenomics_9650_map_107,10319.120849409752,182.20020565001704
epigenomics_9650_map_108,10119.737287852615,188.3394617455028
epigenomics_9650_map_109,10032.276585515228,177.67628510205535
epigenomics_9650_map_110,10297.570054864344,178.2810330149781
epigenomics_9650_map_111,10208.90309968669,200.00171929625313
epigenomics_9650_map_112,10140.51954762751,185.00986451110177
epigenomics_9650_map_113,10551.557330172707,187.36315620336413
epigenomics_9650_map_114,9772.24961537804,183.68307674991092
epigenomics_9650_map_115,10781.131275937321,187.21398427840037
epigenomics_9650_map_116,10253.362097673356,190.20612587234257
epigenomics_9650_map_117,9542.026148213017,178.03736275187697
epigenomics_9650_map_118,10252.113437047581,192.9037189286089
epigenomics_9650_map_119,10210.874420961301,195.71818173103392
epigenomics_9650_map_120,10525.282369137158,183.6077248189044
epigenomics_9650_map_121,10449.90433188921,185.19066837460315
epigenomics_9650_map_122,10252.384717689385,175.66130787901878
epigenomics_9650_map_123,10323.327126305614,186.2237718002485
epigenomics_9650_map_124,9812.711000064788,180.4906822208181
epigenomics_9650_map_125,10830.392320221606,174.7163108675298
epigenomics_9650_map_126,9589.776254668752,194.9798430766062
epigenomics_9650_map_127,10541.619393632698,184.21179337461925
epigenomics_9650_map_128,9659.590155505453,192.15851073898938
epigenomics_9650_map_129,9561.329003713867,184.50188207751566
epigenomics_9650_map_130,10503.242237290888,176.6576442417467
epigenomics_9650_map_131,10287.166844993735,195.2158335545683
epigenomics_9650_map_132,10122.25198582045,184.5546056752165
epigenomics_9650_map_133,10519.141480592603,186.81285894793743
epigenomics_9650_map_134,10297.662151075006,186.26109557285872
epigenomics_9650_map_135,10346.889528757358,191.36853395580596
epigenomics_9650_map_136,11067.93437748934,173.08967557517533
epigenomics_9650_map_137,10796.722996510218,187.49116901722434
epigenomics_9650_map_138,9599.961507428638,192.37414483611312
epigenomics_9650_map_139,10093.502118193834,180.24235994080948
epigenomics_9650_map_140,10281.613700049018,186.49910319100994
epigenomics_9650_map_141,9741.898654891087,185.05894921442558
epigenomics_9650_map_142,9929.586935346953,187.82563053315204
epigenomics_9650_map_143,10100.10176278638,182.46915459495037
epigenomics_9650_map_144,9853.852133187964,181.26517228649587
epigenomics_9650_map_145,10409.431018221256,189.35878557716885
epigenomics_9650_map_146,9977.16538468486,193.5485355118782
epigenomics_9650_map_147,9932.900579967833,176.59269279588986
epigenomics_9650_map_148,10749.837593031983,184.38739296267389
epigenomics_9650_map_149,10231.92339092267,187.65714555718495
epigenomics_9650_map_150,9715.621449836966,185.72963706145967
epigenomics_9650_map_151,9087.953822446436,184.05538856807428
epigenomics_9650_map_152,10422.424834675843,183.50175407807
epigenomics_9650_map_153,9492.398619575417,187.75480138779315
epigenomics_9650_map_154,8978.261367086807,178.9452622306752
epigenomics_9650_map_155,9517.55914469401,188.7789799409138
epigenomics_9650_map_156,10732.67200505421,181.44412420263288
epigenomics_9650_map_157,10020.355247201564,187.42393097159876
epigenomics_9650_map_158,10402.328698443593,187.32120107028618
epigenomics_9650_map_159,10521.368291454819,181.0663520423058
epigenomics_9650_map_160,10752.11502465487,181.59127631512672
epigenomics_9650_map_161,9792.695774735936,193.05877946454905
epigenomics_9650_map_162,10298.521987788083,182.52704347348714
epigenomics_9650_map_163,10248.45146518473,185.64950056084118
epigenomics_9650_map_164,10179.906936122903,184.89730957810792
epigenomics_9650_map_165,10327.946834635635,187.69426095889108
epigenomics_9650_map_166,9718.727987203305,187.8373384441911
epigenomics_9650_map_167,9669.762547889026,189.5272315325609
epigenomics_9650_map_168,10015.228726532334,178.96053619274937
epigenomics_9650_map_169,9619.734737229872,186.4743140759672
epigenomics_9650_map_170,10186.520088676738,194.42523359836505
epigenomics_9650_map_171,9748.9521076802,182.77285951708717
epigenomics_9650_map_172,10151.124514246367,177.62642033594642
epigenomics_9650_map_173,9951.207037383732,182.6625477781621
epigenomics_9650_map_174,10341.653981572916,186.65741598687438
epigenomics_9650_map_175,10564.356135346887,183.78442870768075
epigenomics_9650_map_176,9952.784115817038,191.41551589288247
epigenomics_9650_map_177,9451.373458413234,184.62248001001032
epigenomics_9650_map_178,9832.597912382882,180.6062040543299
epigenomics_9650_map_179,8573.691672005005,188.89910599998655
epigenomics_9650_map_180,10249.93594670934,184.696295967551
epigenomics_9650_map_181,10387.727897310637,192.0463733859203
epigenomics_9650_map_182,10081.841075263881,179.0491209113042
epigenomics_9650_map_183,9838.269545396737,183.09836961250429
epigenomics_9650_map_184,9922.81602124582,185.7176809498854
epigenomics_9650_map_185,10049.916741097639,186.88437779649968
epigenomics_9650_map_186,9926.394318670886,187.1726778092138
epigenomics_9650_map_187,10519.152761693478,187.4668057004656
epigenomics_9650_map_188,9850.220218018756,181.16296809603264
epigenomics_9650_map_189,10043.205041489136,188.5996505868981
epigenomics_9650_map_190,10150.528157965158,190.2883726211207
epigenomics_9650_map_191,9691.388968301217,178.32244058124783
epigenomics_9650_map_192,10020.264300509696,185.35621594614005
epigenomics_9650_map_193,9340.292798069275,188.34452075318097
epigenomics_9650_map_194,10378.691841633226,182.3063784678588
epigenomics_9650_map_195,10032.618192861015,190.88101135914314
epigenomics_9650_map_196,10355.88024674676,176.60288808676842
epigenomics_9650_map_197,10402.640339947056,189.9814226960399
epigenomics_9650_map_198,9685.87018020948,188.4311818249858
epigenomics_9650_map_199,10492.282501773661,189.71099168733974
epigenomics_9650_map_200,9405.54208476656,184.9867569960199
epigenomics_9650_map_201,10360.666127851144,179.27200046736772
epigenomics_9650_map_202,10317.862231388974,189.32457062165196
epigenomics_9650_map_203,8830.446856166851,185.69252786146038
epigenomics_9650_map_204,9866.17078090938,187.77535897784372
epigenomics_9650_map_205,9509.805285181457,184.1515310505036
epigenomics_9650_map_206,10001.832346794183,192.48870618902538
epigenomics_9650_map_207,10059.931184341782,183.10612830583486
epigenomics_9650_map_208,9596.263287449012,190.99080082590743
epigenomics_9650_map_209,10466.140679206297,183.15742964456382
epigenomics_9650_map_210,10380.802306819556,183.40356140548965
epigenomics_9650_map_211,10334.541777049151,187.68032259927398
epigenomics_9650_map_212,10378.687445109059,184.41059471907644
epigenomics_9650_map_213,9085.434085615125,182.45670118221113
epigenomics_9650_map_214,9412.917218188759,187.03330870261613
epigenomics_9650_map_215,10268.324526984188,182.45865510095933
epigenomics_9650_map_216,9830.571731780747,179.80847493702757
epigenomics_9650_map_217,9313.157209530948,185.36852630365865
epigenomics_9650_map_218,10461.464980668557,188.9298957383643
epigenomics_9650_map_219,10036.711290784377,190.39647470769347
epigenomics_9650_map_220,9880.333617832552,183.00650121479208
epigenomics_9650_map_221,10710.158908298245,182.84438927319368
epigenomics_9650_map_222,9668.216475988142,189.5997382212814
epigenomics_9650_map_223,9989.573917602742,181.00096934394165
epigenomics_9650_map_224,10871.954227744041,189.0778498343303
epigenomics_9650_map_225,9389.029206330846,180.90578715370077
epigenomics_9650_map_226,9956.54047703221,189.47716583222092
epigenomics_9650_map_227,10271.140812571199,190.39432110110212
epigenomics_9650_map_228,10249.062450829035,194.95636460667257
epigenomics_9650_map_229,9943.924567993041,186.098994935504
epigenomics_9650_map_230,9535.155358502527,190.79741489628077
epigenomics_9650_map_231,10041.540317636618,184.0111244538807
epigenomics_9650_map_232,9496.044260095727,182.98744324215616
epigenomics_9650_map_233,10743.71207666249,182.6255804664291
epigenomics_9650_map_234,9547.437475601115,183.4875204039465
epigenomics_9650_map_235,9699.646818944251,187.91692634127753
epigenomics_9650_map_236,10313.808239666452,185.96887126844595
epigenomics_9650_map_237,10730.258942880471,184.68172193685973
epigenomics_9650_map_238,9827.456847615644,191.09674912571342
epigenomics_9650_map_239,10090.599394720315,189.53584317171592
epigenomics_9650_map_240,10177.252869309423,200.13383594960635
epigenomics_9650_map_241,9128.019129775712,190.27218240416175
epigenomics_9650_map_242,9615.104193294104,177.44358850765875
epigenomics_9650_map_243,10357.42244743558,183.27809534698707
epigenomics_9650_map_244,10465.83930810782,191.69845422883915
epigenomics_9650_map_245,9503.283390163766,185.53724969240616
epigenomics_9650_map_246,10528.8142638541,178.92297316109773
epigenomics_9650_map_247,9645.523542394252,187.00663835513308
epigenomics_9650_map_248,8911.774832866997,187.32037632078806
epigenomics_9650_map_249,9176.551104695203,184.46001172705942
epigenomics_9650_map_250,9907.385557707392,179.9781224824032
epigenomics_9650_map_251,10535.392089856916,179.85418780239678
epigenomics_9650_map_252,9379.20828391721,189.59656230433936
epigenomics_9650_map_253,9813.654704677121,185.176836942956
epigenomics_9650_map_254,9879.988297097741,180.63019876580188
epigenomics_9650_map_255,10214.340075426058,180.4689747916329
epigenomics_9650_map_256,11034.881325676213,192.7640096674626
epigenomics_9650_map_257,10528.70339887202,187.68934996862768
epigenomics_9650_map_258,10202.787098263361,183.6368130172562
epigenomics_9650_map_259,10510.550039599775,196.76528862707764
epigenomics_9650_map_260,10594.84150883899,192.46855527619104
epigenomics_9650_map_261,9453.395150229542,183.67547838544243
epigenomics_9650_map_262,9771.278625588324,190.28002195982353
epigenomics_9650_map_263,10368.626665844393,184.5100213941002
epigenomics_9650_map_264,10260.982134567701,186.78914684502317
epigenomics_9650_map_265,10368.709248252624,193.04475732023997
epigenomics_9650_map_266,9831.6430533663,189.84306526608327
epigenomics_9650_map_267,10924.713306905367,183.44884222611122
epigenomics_9650_map_268,9929.919160888738,183.85313663557724
epigenomics_9650_map_269,9812.463399465958,184.74596157696465
epigenomics_9650_map_270,10788.87909484186,177.21024232633548
epigenomics_9650_map_271,9675.036183630546,190.31656274719757
epigenomics_9650_map_272,10028.636578335463,181.97544173539794
epigenomics_9650_map_273,9881.850373413876,186.04493857353307
epigenomics_9650_map_274,9391.235426981973,181.7167613235443
epigenomics_9650_map_275,10244.494234287162,182.82080345439977
epigenomics_9650_map_276,10603.332602522874,184.98583518132318
epigenomics_9650_map_277,10274.642616641651,191.34147894616777
epigenomics_9650_map_278,10246.215691723135,189.258497930848
epigenomics_9650_map_279,9820.652409299455,179.66269530944308
epigenomics_9650_map_280,10128.784487037261,176.85593677132775
epigenomics_9650_map_281,10199.591170902484,185.04918581925233
epigenomics_9650_map_282,9585.156190133335,179.61285691807507
epigenomics_9650_map_283,11015.16605939145,179.80465796742894
epigenomics_9650_map_284,9974.142459892153,183.270643594934
epigenomics_9650_map_285,9881.386283464935,179.91920650825674
epigenomics_9650_map_286,9052.406814354003,180.72649993653496
epigenomics_9650_map_287,9756.688164616478,178.74682625090907
epigenomics_9650_map_288,10236.231922602712,195.14325412387583
epigenomics_9650_map_289,10150.029877508447,177.70198560310575
epigenomics_9650_map_290,10132.976483249562,191.82357077674982
epigenomics_9650_map_291,9781.337331766521,196.0427615927919
epigenomics_9650_map_292,10677.099321844089,185.48342143625712
epigenomics_9650_map_293,9641.969040703134,186.24231359971014
epigenomics_9650_map_294,9928.69288249436,180.33449537714023
epigenomics_9650_map_295,9728.72273087598,181.36006648959753
epigenomics_9650_map_296,10037.77320897476,182.99168994388432
epigenomics_9650_map_297,9454.223325193921,184.15590017872435
epigenomics_9650_map_298,9639.428822940568,181.6500319753169
epigenomics_9650_map_299,10558.581294667832,189.1565979092981
epigenomics_9650_map_300,9907.10550338138,180.76860201233836
epigenomics_9650_map_301,10134.31627777553,187.7682930251909
epigenomics_9650_map_302,9761.947313338751,185.53812020856014
epigenomics_9650_map_303,9996.170566115989,188.0741268686811
epigenomics_9650_map_304,10032.893613189737,196.77813633565702
epigenomics_9650_map_305,10132.829612054498,192.52305056559558
epigenomics_9650_map_306,9972.393977333884,186.9286598586114
epigenomics_9650_map_307,9964.455917927271,185.99613866574612
epigenomics_9650_map_308,10477.916728062997,177.13525277597898
epigenomics_9650_map_309,9955.431946611408,177.87356901513496
epigenomics_9650_map_310,10658.575821769067,187.14829537510101
epigenomics_9650_map_311,9289.38215538596,183.65864910137998
epigenomics_9650_map_312,10711.845041785728,179.22800327679292
epigenomics_9650_map_313,8856.432910835418,179.21881104158348
epigenomics_9650_map_314,9330.523562309198,184.59841872120202
epigenomics_9650_map_315,10678.065719101087,190.04705436121577
epigenomics_9650_map_316,9186.933663646862,192.4442851010925
epigenomics_9650_map_317,9009.316844959418,181.49392647682922
epigenomics_9650_map_318,10190.670004259347,178.43219784867492
epigenomics_9650_map_319,10379.680927580273,179.5340971324421
epigenomics_9650_map_320,10276.97511729693,187.43388076408792
epigenomics_9650_map_321,10344.15954236521,188.0911310960816
epigenomics_9650_map_322,9784.935692631068,194.67235203911812
epigenomics_9650_map_323,9772.408098252037,188.8977845760482
epigenomics_9650_map_324,10277.178557743964,182.7295670984839
epigenomics_9650_map_325,10457.323040907973,187.34900892840784
epigenomics_9650_map_326,10744.065957794259,175.7548621461305
epigenomics_9650_map_327,9482.266444104724,185.4166494320481
epigenomics_9650_map_328,9877.220816584557,185.303147817722
epigenomics_9650_map_329,10351.913751785754,180.18736191353003
epigenomics_9650_map_330,8819.354429191033,179.3582117070545
epigenomics_9650_map_331,10430.004642692067,185.3658175829223
epigenomics_9650_map_332,10284.886038942914,181.78256051474767
epigenomics_9650_map_333,9762.620670096247,174.52547785266523
epigenomics_9650_map_334,9595.995761140832,186.85227351327805
epigenomics_9650_map_335,9823.83025106978,185.56749777531257
epigenomics_9650_map_336,9376.903435374064,189.31176272984683
epigenomics_9650_map_337,10302.287431689076,184.02879396333594
epigenomics_9650_map_338,10147.092669880223,187.37664090880008
epigenomics_9650_map_339,10536.601039335397,181.88998915904637
epigenomics_9650_map_340,9907.035874043802,189.67040893070472
epigenomics_9650_map_341,9268.227613973115,183.18294097733096
epigenomics_9650_map_342,10153.199354715169,193.13474087605638
epigenomics_9650_map_343,10124.078797952356,183.55608981516156
epigenomics_9650_map_344,9550.837534622473,188.13456189256019
epigenomics_9650_map_345,10825.649375162084,190.84114948177685
epigenomics_9650_map_346,9936.543964994078,186.50079237465258
epigenomics_9650_map_347,9636.851795438612,192.40932180281837
epigenomics_9650_map_348,9435.189157499566,185.48518156418942
epigenomics_9650_map_349,10382.833720751847,181.35916711480954
epigenomics_9650_map_350,10619.797240644128,184.66994676619723
epigenomics_9650_map_351,10096.098983681964,183.87604519247924
epigenomics_9650_map_352,10311.663886688379,183.36938541058475
epigenomics_9650_map_353,11036.060724577275,181.4597823513687
epigenomics_9650_map_354,10741.14626498186,175.32930498042995
epigenomics_9650_map_355,9816.066010029372,188.53646567941175
epigenomics_9650_map_356,10357.743397819313,179.97348804768214
epigenomics_9650_map_357,9860.94228350798,185.43576912938104
epigenomics_9650_map_358,10853.188406290092,180.82824126457376
epigenomics_9650_map_359,10603.310131190365,181.32477033765107
epigenomics_9650_map_360,9906.015297378235,188.9030643752561
epigenomics_9650_map_361,10251.39087585347,185.11600383334016
epigenomics_9650_map_362,10354.256386975174,184.92069621990422
epigenomics_9650_map_363,9809.381853955278,189.68350624734157
epigenomics_9650_map_364,11128.079474231059,179.09668073680797
epigenomics_9650_map_365,10486.511533123077,186.20092540889533
epigenomics_9650_map_366,9754.776699889602,186.54643015281184
epigenomics_9650_map_367,10160.006886315112,184.40685453689048
epigenomics_9650_map_368,9417.420817502409,202.4161282013597
epigenomics_9650_map_369,9435.244028193289,181.599868433208
epigenomics_9650_map_370,9898.768117318978,187.37989495155048
epigenomics_9650_map_371,9702.368041700347,187.63364241031312
epigenomics_9650_map_372,9332.458918667304,183.9057491102888
epigenomics_9650_map_373,10281.197680051304,182.27202995047415
epigenomics_9650_map_374,9730.541890349159,190.1787984675073
epigenomics_9650_map_375,10080.291812681322,187.48551278270278
epigenomics_9650_map_376,10272.51149577807,179.93427548700922
epigenomics_9650_map_377,9525.428491495848,180.50167974437565
epigenomics_9650_map_378,10219.94526082674,187.21363101877503
epigenomics_9650_map_379,9836.485451277356,178.20044095173262
epigenomics_9650_map_380,9322.407518760469,173.58785687409562
epigenomics_9650_map_381,10282.573538717641,191.4764735352279
epigenomics_9650_map_382,10416.950541385722,185.71931137852894
epigenomics_9650_map_383,9324.418366984008,183.49217012086314
epigenomics_9650_map_384,10915.91570771524,197.54246766861831
epigenomics_9650_map_385,10242.852452010115,189.2605059100187
epigenomics_9650_map_386,10053.654166563558,189.4786448963085
epigenomics_9650_map_387,10018.761142797313,185.5103495351083
epigenomics_9650_map_388,11410.854777850696,185.01799507698388
epigenomics_9650_map_389,9603.395546204089,178.5329050824314
epigenomics_9650_map_390,9539.94954181342,179.14331993022014
epigenomics_9650_map_391,9144.975045734378,179.92078469141217
epigenomics_9650_map_392,10084.873893490156,181.67225132484515
epigenomics_9650_map_393,11630.963524271412,179.92029377628185
epigenomics_9650_map_394,9814.375344454613,191.05479413771718
epigenomics_9650_map_395,9854.610602133786,184.56486276169602
epigenomics_9650_map_396,10538.774250036697,180.14349185542915
epigenomics_9650_map_397,9308.260877923973,186.3164717695963
epigenomics_9650_map_398,9357.042582782524,181.67930764469904
epigenomics_9650_map_399,9341.419516011805,189.8217363894063
epigenomics_9650_map_400,10006.928880679503,181.8564921914286
epigenomics_9650_map_401,10278.817330604452,178.89792133990574
epigenomics_9650_map_402,9708.133967009286,181.1407574221282
epigenomics_9650_map_403,10471.09477114737,184.19806518105597
epigenomics_9650_map_404,9426.312300094552,187.68852209427837
epigenomics_9650_map_405,9990.130363404192,191.64390150578154
epigenomics_9650_map_406,9566.866533845208,189.38054679474115
epigenomics_9650_map_407,10462.206829163864,179.19740100893878
epigenomics_9650_map_408,9801.32961498603,179.0377002944687
epigenomics_9650_map_409,10194.290177473162,177.4587791817941
epigenomics_9650_map_410,10470.755468813437,191.28243388139538
epigenomics_9650_map_411,9540.11144436681,178.21167818937812
epigenomics_9650_map_412,10408.029493378539,177.76550046506296
epigenomics_9650_map_413,9453.127509988482,188.2919300265292
epigenomics_9650_map_414,9906.707226653461,177.17592688112643
epigenomics_9650_map_415,10958.077100272005,191.0443283404052
epigenomics_9650_map_416,9278.976640529278,189.4249574343025
epigenomics_9650_map_417,10753.03462353723,191.4907377221099
epigenomics_9650_map_418,10129.478620059073,180.36214429842911
epigenomics_9650_map_419,9427.904427358339,179.92157139591777
epigenomics_9650_map_420,9147.524380184113,185.67450750375153
epigenomics_9650_map_421,10408.152927713978,184.09946359475757
epigenomics_9650_map_422,10545.761536513783,191.083945097365
epigenomics_9650_map_423,9485.329344176102,193.1343919811291
epigenomics_9650_map_424,10177.191884076752,182.58889698223095
epigenomics_9650_map_425,9675.132907360448,176.3373414955068
epigenomics_9650_map_426,11480.141862429067,181.00671559923836
epigenomics_9650_map_427,9469.445486474291,186.18737876168444
epigenomics_9650_map_428,9323.33373350263,190.69798092934042
epigenomics_9650_map_429,10364.582510590983,187.0948882458906
epigenomics_9650_map_430,10696.078877289088,178.55301982360064
epigenomics_9650_map_431,9554.356928116184,179.11160998795043
epigenomics_9650_map_432,9546.841239433703,184.1085350263994
epigenomics_9650_map_433,10403.557280571467,181.2948614643953
epigenomics_9650_map_434,9914.397356593354,181.98331149696185
epigenomics_9650_map_435,9172.187646926,176.86664701657375
epigenomics_9650_map_436,10273.185630399004,184.98677001526846
epigenomics_9650_map_437,10359.996724162553,185.31641877604366
epigenomics_9650_map_438,9366.220547591847,185.74683154802526
epigenomics_9650_map_439,10674.42576103125,181.610158066957
epigenomics_9650_map_440,10718.127147015,183.56716910518878
epigenomics_9650_map_441,9952.740661541362,191.61525597235513
epigenomics_9650_map_442,9194.449263987977,184.74499902429068
epigenomics_9650_map_443,9183.547067382211,192.712473460617
epigenomics_9650_map_444,10454.689576447356,186.34512526465016
epigenomics_9650_map_445,10582.335163369677,181.78251683861677
epigenomics_9650_map_446,9916.623083800507,192.98387501639044
epigenomics_9650_map_447,10644.448893590776,185.91164831243285
epigenomics_9650_map_448,10181.513407812132,180.5292396704738
epigenomics_9650_map_449,10097.789898816462,192.53738096235574
epigenomics_9650_map_450,10002.559632429875,185.69077270714956
epigenomics_9650_map_451,10275.626117560643,187.26434646889663
epigenomics_9650_map_452,9782.417719303798,185.28712132353465
epigenomics_9650_map_453,9321.109471474216,186.28067856466785
epigenomics_9650_map_454,10338.85589361392,185.3117522854259
epigenomics_9650_map_455,10275.338701506573,183.88885722045868
epigenomics_9650_map_456,10191.657420784579,187.79727535981053
epigenomics_9650_map_457,9355.680735448354,183.618122021197
epigenomics_9650_map_458,9303.588797525174,187.5420298220435
epigenomics_9650_map_459,9256.589173029433,191.1194739775218
epigenomics_9650_map_460,10540.638776213884,183.49295589838795
epigenomics_9650_map_461,10528.480429783496,182.60430466521095
epigenomics_9650_map_462,9593.301741315312,191.14137928081436
epigenomics_9650_map_463,10146.58177814827,186.31452484152612
epigenomics_9650_map_464,10293.409489370402,185.01879154675356
epigenomics_9650_map_465,9220.037617210673,186.94043975130805
epigenomics_9650_map_466,9928.044156150436,186.41621857959785
epigenomics_9650_map_467,10379.616301781947,186.38019338118048
epigenomics_9650_map_468,9835.051267739082,188.54001257378263
epigenomics_9650_map_469,10513.45730080986,183.16831411103192
epigenomics_9650_map_470,9818.612330552738,183.5725361553801
epigenomics_9650_map_471,9838.36736493852,185.1058970094665
epigenomics_9650_map_472,9618.422797619736,188.08036406650487
epigenomics_9650_map_473,10654.989468655565,179.67020077845268
epigenomics_9650_map_474,9897.413150570232,181.36324383678996
epigenomics_9650_map_475,10102.398555087422,189.3271632987644
epigenomics_9650_map_476,9331.985913581253,186.36054525065748
epigenomics_9650_map_477,10051.936897222453,190.1407825922464
epigenomics_9650_map_478,9767.764894530188,193.2440348084979
epigenomics_9650_map_479,9939.571131856035,185.24374529916736
epigenomics_9650_map_480,10292.087198607645,182.880886239776
epigenomics_9650_map_481,10196.019162959194,178.58320186907554
epigenomics_9650_map_482,10981.9779768273,193.4758857552936
epigenomics_9650_map_483,9792.613880045341,176.5866408995163
epigenomics_9650_map_484,9961.438890039371,183.93225406249923
epigenomics_9650_map_485,10659.769775410196,179.13018197441275
epigenomics_9650_map_486,9414.063132686473,182.08233049425414
epigenomics_9650_map_487,11271.228896196755,184.56224278881982
epigenomics_9650_map_488,10061.871742420595,176.67701805032286
epigenomics_9650_map_489,9481.808341050477,179.60427184639613
epigenomics_9650_map_490,10030.178556358242,181.92612544265523
epigenomics_9650_map_491,10501.791575538908,187.63004304075778
epigenomics_9650_map_492,9603.377146389881,185.8879464460418
epigenomics_9650_map_493,9680.291227512196,184.95524502270484
epigenomics_9650_map_494,9493.48699209956,184.11450965665065
epigenomics_9650_map_495,9713.237873775037,184.74563275707192
epigenomics_9650_map_496,9711.143309900714,183.12084994798334
epigenomics_9650_map_497,11245.712651249427,186.28887487856832
epigenomics_9650_map_498,10736.248221855709,179.7296955132611
epigenomics_9650_map_499,10548.290900315898,183.1678955596818
epigenomics_9650_mapMerge1_0,109.58336319651222,129.6345184240449
epigenomics_9650_mapMerge1_1,87.85332268484203,140.82472491662114
epigenomics_9650_mapMerge2_0,132.5883822272808,111.44085993244664
epigenomics_9650_chr21_0,194.88828527537362,59.15946487565721
epigenomics_9650_pileup_0,252.53500647362546,83.15241656328499
