request,latency,mem
epigenomics_7226_entry_0,1.0,1.0
epigenomics_7226_fastqSplit_0,43.5923576594468,114.10713085079102
epigenomics_7226_fastqSplit_1,40.81043460422397,110.24977621804837
epigenomics_7226_filterContams_0,23.02018197049761,56.18781266309847
epigenomics_7226_filterContams_1,16.81205916085542,80.42354118565927
epigenomics_7226_filterContams_2,18.816777947442247,79.57057319392788
epigenomics_7226_filterContams_3,16.096417135538502,81.48277908883756
epigenomics_7226_filterContams_4,17.915887842327816,79.10841173909435
epigenomics_7226_filterContams_5,22.995533099081925,72.29768194934026
epigenomics_7226_filterContams_6,17.7540402960365,66.00364328724697
epigenomics_7226_filterContams_7,17.181365590934142,69.41524658294249
epigenomics_7226_filterContams_8,20.83375074674853,54.089860361927364
epigenomics_7226_filterContams_9,15.545982346214842,67.34481259013863
epigenomics_7226_filterContams_10,26.301116325126777,67.9655968706672
epigenomics_7226_filterContams_11,21.402303074745298,70.17669855615608
epigenomics_7226_filterContams_12,15.250879454731155,74.40049165474035
epigenomics_7226_filterContams_13,17.155754698187828,66.51612565957242
epigenomics_7226_filterContams_14,19.60701516205222,64.78157192377469
epigenomics_7226_filterContams_15,18.236651455132957,66.44836957173096
epigenomics_7226_filterContams_16,17.26980722515657,69.25622440707463
epigenomics_7226_filterContams_17,18.732656976268558,67.32809196504016
epigenomics_7226_filterContams_18,16.62533153363332,70.68198542946202
epigenomics_7226_filterContams_19,20.682710899791694,79.29330694313543
epigenomics_7226_filterContams_20,21.2006372407635,61.65911685942702
epigenomics_7226_filterContams_21,25.99185887919326,74.33535555401164
epigenomics_7226_filterContams_22,22.580306499492863,59.22086411017338
epigenomics_7226_filterContams_23,15.238559547686432,65.25248543071238
epigenomics_7226_filterContams_24,19.83836544587043,79.15458754291978
epigenomics_7226_filterContams_25,15.845854432364572,62.70376533326724
epigenomics_7226_filterContams_26,19.72744600841685,65.99271995623432
epigenomics_7226_filterContams_27,21.560470765489082,63.64746614000763
epigenomics_7226_filterContams_28,20.472988405475412,52.93432864717773
epigenomics_7226_filterContams_29,21.108475768952296,88.6510402264838
epigenomics_7226_filterContams_30,23.958673512129078,60.57418866448674
epigenomics_7226_filterContams_31,23.620361061199098,65.43684807555844
epigenomics_7226_filterContams_32,26.016925955770212,66.41293069854022
epigenomics_7226_filterContams_33,16.4188633083047,64.87355340110983
epigenomics_7226_filterContams_34,18.93206077674083,59.029270290364124
epigenomics_7226_filterContams_35,24.554184054872245,60.26948829932762
epigenomics_7226_filterContams_36,21.423719825774626,60.34948252189356
epigenomics_7226_filterContams_37,14.433450969715867,56.5077324288272
epigenomics_7226_filterContams_38,20.0000139782266,71.82388000137527
epigenomics_7226_filterContams_39,16.907866187583604,67.05114672412837
epigenomics_7226_filterContams_40,17.809956709818874,73.05097923320308
epigenomics_7226_filterContams_41,22.54209832893609,57.462288874370884
epigenomics_7226_filterContams_42,22.97687705356593,61.2601246070381
epigenomics_7226_filterContams_43,19.676937280212734,52.16447882021781
epigenomics_7226_filterContams_44,22.447493026038636,65.14596934030867
epigenomics_7226_filterContams_45,12.690921734564855,79.23797037427917
epigenomics_7226_filterContams_46,17.225942745934876,70.86379448165066
epigenomics_7226_filterContams_47,16.39390100837558,65.00013587903005
epigenomics_7226_filterContams_48,16.359530653853394,62.2365859599827
epigenomics_7226_filterContams_49,22.22488673435909,81.61003610912535
epigenomics_7226_filterContams_50,17.23381179955721,61.150705709434675
epigenomics_7226_filterContams_51,17.365294236331316,63.916951300454855
epigenomics_7226_filterContams_52,16.867206942770807,65.78049952439244
epigenomics_7226_filterContams_53,21.99001771386946,78.29151968035454
epigenomics_7226_filterContams_54,15.357472736823343,65.74434355405872
epigenomics_7226_filterContams_55,17.438523704083575,67.00497577633882
epigenomics_7226_filterContams_56,19.125377366389483,63.307423859492914
epigenomics_7226_filterContams_57,18.924070028662783,64.58042562604616
epigenomics_7226_filterContams_58,18.285673683274357,60.042111957953416
epigenomics_7226_filterContams_59,18.517054908178018,62.95718840623975
epigenomics_7226_filterContams_60,17.499983735113055,63.5205038396976
epigenomics_7226_filterContams_61,22.718621029524833,74.46823285137984
epigenomics_7226_filterContams_62,18.885110602572595,66.42910449851723
epigenomics_7226_filterContams_63,18.30107111229247,60.77993297192068
epigenomics_7226_filterContams_64,17.78952314942331,69.12990495484605
epigenomics_7226_filterContams_65,15.342034125323938,60.8183995706179
epigenomics_7226_filterContams_66,13.364541327979635,67.81711000569044
epigenomics_7226_filterContams_67,16.73194943437783,59.05667559103796
epigenomics_7226_filterContams_68,16.016348424867825,65.87428585963899
epigenomics_7226_filterContams_69,19.463599185230716,60.10423635578903
epigenomics_7226_filterContams_70,18.75858931568319,64.35541452769516
epigenomics_7226_filterContams_71,21.202827910296172,70.09632801499654
epigenomics_7226_filterContams_72,29.510406708711166,55.66445475263846
epigenomics_7226_filterContams_73,19.471622688139295,59.73606258304831
epigenomics_7226_filterContams_74,19.706164992582345,55.45213955234013
epigenomics_7226_filterContams_75,23.86012372102752,73.50319320943684
epigenomics_7226_filterContams_76,21.101857610138023,68.10709701440851
epigenomics_7226_filterContams_77,19.287520166851873,61.89093236895705
epigenomics_7226_filterContams_78,17.336898506895633,61.356071824278736
epigenomics_7226_filterContams_79,22.174316439641593,49.19858515453396
epigenomics_7226_filterContams_80,19.838816439603203,61.987416253621326
epigenomics_7226_filterContams_81,21.88416506135155,62.87311634398378
epigenomics_7226_filterContams_82,22.710999639518956,68.89704358463686
epigenomics_7226_filterContams_83,22.01598520808863,56.60494660282953
epigenomics_7226_filterContams_84,22.09580279685399,68.34225288041804
epigenomics_7226_filterContams_85,18.80798579570015,59.893669785493415
epigenomics_7226_filterContams_86,17.276688047057394,56.79666423179111
epigenomics_7226_filterContams_87,12.816430225636788,59.93479125347047
epigenomics_7226_filterContams_88,20.928992496492846,56.34559295370544
epigenomics_7226_filterContams_89,21.76768463534059,47.86102703909502
epigenomics_7226_filterContams_90,18.580963280720507,63.885180334764776
epigenomics_7226_filterContams_91,21.0942998443483,64.6799579431319
epigenomics_7226_filterContams_92,22.25474433027681,73.99408958112596
epigenomics_7226_filterContams_93,25.70850707783835,59.8068508929169
epigenomics_7226_filterContams_94,19.563973000154608,61.9330508461197
epigenomics_7226_filterContams_95,21.63855419488862,61.09008038672432
epigenomics_7226_filterContams_96,24.673728653730628,69.26487230490224
epigenomics_7226_filterContams_97,18.028578978308705,58.223315676239714
epigenomics_7226_filterContams_98,20.085692521856657,60.2365012831568
epigenomics_7226_filterContams_99,25.555009256136522,74.45942099803514
epigenomics_7226_filterContams_100,19.316287939329467,74.12237810132149
epigenomics_7226_filterContams_101,22.885010212356455,70.64849427824717
epigenomics_7226_filterContams_102,21.42497395380859,64.22196760311671
epigenomics_7226_filterContams_103,21.505924381248672,68.30308311606987
epigenomics_7226_filterContams_104,22.931863702831848,67.1623820773952
epigenomics_7226_filterContams_105,15.30847150097846,54.72646591354126
epigenomics_7226_filterContams_106,17.035720492341053,59.091981014741656
epigenomics_7226_filterContams_107,22.37576407638197,59.04256345207886
epigenomics_7226_filterContams_108,25.903974707280526,62.83546592563884
epigenomics_7226_filterContams_109,18.309735651464536,57.89137600754802
epigenomics_7226_filterContams_110,21.208082985972826,59.02943892002687
epigenomics_7226_filterContams_111,23.105068111221804,55.30728075592141
epigenomics_7226_filterContams_112,22.0527403829972,55.75562630038347
epigenomics_7226_filterContams_113,20.59461671433854,66.22367008846051
epigenomics_7226_filterContams_114,19.322889550906456,66.77728124217114
epigenomics_7226_filterContams_115,23.021218215400896,59.89527979207609
epigenomics_7226_filterContams_116,14.347377459820304,69.93687206415325
epigenomics_7226_filterContams_117,19.754866309728413,71.91243741041735
epigenomics_7226_filterContams_118,20.580981405089815,65.4737647935845
epigenomics_7226_filterContams_119,23.516212733049844,67.55277954617996
epigenomics_7226_filterContams_120,24.645509545096544,68.19907695399112
epigenomics_7226_filterContams_121,22.79827281100304,63.20935594242916
epigenomics_7226_filterContams_122,16.087912813614953,60.99038573120325
epigenomics_7226_filterContams_123,18.319472578845282,78.37015635436438
epigenomics_7226_filterContams_124,22.316101965728222,61.07497292464141
epigenomics_7226_filterContams_125,16.046052549007122,57.168374937404785
epigenomics_7226_filterContams_126,19.145518989029114,63.22900005029185
epigenomics_7226_filterContams_127,19.183764725782062,64.18330674200479
epigenomics_7226_filterContams_128,19.91131097541009,57.70008524132209
epigenomics_7226_filterContams_129,15.039819345331583,62.01906684464294
epigenomics_7226_filterContams_130,20.84436568171624,81.10126829201587
epigenomics_7226_filterContams_131,21.575636913431197,63.404591105577005
epigenomics_7226_filterContams_132,12.410224954846356,67.89355253865315
epigenomics_7226_filterContams_133,21.13029776606895,57.46082975191896
epigenomics_7226_filterContams_134,19.179939601664252,66.30569586090942
epigenomics_7226_filterContams_135,24.233178029717543,56.27497350849055
epigenomics_7226_filterContams_136,26.205113285239353,61.35041845229463
epigenomics_7226_filterContams_137,16.835747903350022,67.90560955719212
epigenomics_7226_filterContams_138,22.85299797953059,74.27130219136764
epigenomics_7226_filterContams_139,19.82796281569533,68.25113793911079
epigenomics_7226_filterContams_140,19.76302419602297,63.68630219245534
epigenomics_7226_filterContams_141,21.234781901321856,61.906349540951446
epigenomics_7226_filterContams_142,23.46841625956125,61.1143570499305
epigenomics_7226_filterContams_143,19.246750285760278,56.214574625824774
epigenomics_7226_filterContams_144,23.199513499799757,76.04941402354754
epigenomics_7226_filterContams_145,12.769212794012711,77.45731989829123
epigenomics_7226_filterContams_146,20.542073511730255,64.21407760193115
epigenomics_7226_filterContams_147,22.806426932652478,71.6545676135814
epigenomics_7226_filterContams_148,18.79523993859836,76.50134967174196
epigenomics_7226_filterContams_149,19.070965353022824,51.692218424146084
epigenomics_7226_filterContams_150,24.088400694557993,61.50349140584244
epigenomics_7226_filterContams_151,21.12399139475341,55.40678273408497
epigenomics_7226_filterContams_152,21.502069566224733,54.56977418196087
epigenomics_7226_filterContams_153,23.560840775146183,66.28704379408174
epigenomics_7226_filterContams_154,20.58243367154751,61.652995725845884
epigenomics_7226_filterContams_155,19.144129347368256,86.00941204063821
epigenomics_7226_filterContams_156,21.19622051927108,52.71271095210227
epigenomics_7226_filterContams_157,21.369931371899256,61.24615209699998
epigenomics_7226_filterContams_158,19.133080231086605,62.86296077396333
epigenomics_7226_filterContams_159,24.754236264190123,61.57881270044541
epigenomics_7226_filterContams_160,21.623886998014218,73.91473374174564
epigenomics_7226_filterContams_161,19.14328360718438,69.44939319616292
epigenomics_7226_filterContams_162,23.603439636505723,66.7530656261927
epigenomics_7226_filterContams_163,21.031540373834936,80.50870851810163
epigenomics_7226_filterContams_164,21.58127645779194,69.77605566557119
epigenomics_7226_filterContams_165,22.2358230209512,59.79463071300625
epigenomics_7226_filterContams_166,25.51318708018014,63.832850910952175
epigenomics_7226_filterContams_167,18.159548553322555,72.001465079986
epigenomics_7226_filterContams_168,20.34442843187288,58.88644442169037
epigenomics_7226_filterContams_169,19.245155702531548,65.6078689607087
epigenomics_7226_filterContams_170,26.285162553718692,66.02480085872031
epigenomics_7226_filterContams_171,23.849981699062127,72.87452600458062
epigenomics_7226_filterContams_172,18.97207036828389,61.11379357590946
epigenomics_7226_filterContams_173,16.434878334933654,55.36252892318202
epigenomics_7226_filterContams_174,22.555255983738128,66.88902127584656
epigenomics_7226_filterContams_175,21.990630144089398,74.49295362621025
epigenomics_7226_filterContams_176,19.469936643069147,63.21479189877629
epigenomics_7226_filterContams_177,22.35698079130421,61.3370022705589
epigenomics_7226_filterContams_178,21.621242538505342,68.23782381700259
epigenomics_7226_filterContams_179,20.403235413976297,61.114787607621935
epigenomics_7226_filterContams_180,16.553918860702588,67.32650469051136
epigenomics_7226_filterContams_181,21.916840648728645,65.34384883351515
epigenomics_7226_filterContams_182,23.943112502097232,73.40942032262758
epigenomics_7226_filterContams_183,24.129274364325425,70.17167785716052
epigenomics_7226_filterContams_184,19.353311043402112,73.11532020274657
epigenomics_7226_filterContams_185,26.20948408519571,58.100301727868995
epigenomics_7226_filterContams_186,14.99447052477189,63.59707553413586
epigenomics_7226_filterContams_187,22.580330872079397,75.54612986544625
epigenomics_7226_filterContams_188,20.011460494362193,65.34994251871305
epigenomics_7226_filterContams_189,13.355635240644979,61.221035368180466
epigenomics_7226_filterContams_190,18.27698536856022,60.11285398270094
epigenomics_7226_filterContams_191,20.3386566988241,66.75818813432622
epigenomics_7226_filterContams_192,22.56602900472104,60.532354376509915
epigenomics_7226_filterContams_193,16.48655716515847,67.92149012567357
epigenomics_7226_filterContams_194,23.832807150665733,67.51051194886936
epigenomics_7226_filterContams_195,17.336433730773017,58.105108610926806
epigenomics_7226_filterContams_196,23.187270813601337,60.02823018163824
epigenomics_7226_filterContams_197,16.473637705477046,68.75436994001083
epigenomics_7226_filterContams_198,19.6179805530705,55.92657037437564
epigenomics_7226_filterContams_199,15.530049569409726,74.94279403843757
epigenomics_7226_filterContams_200,21.732044900546,60.81901917092811
epigenomics_7226_filterContams_201,20.260943424058844,67.52666530467557
epigenomics_7226_filterContams_202,19.807378039126696,66.6312208518281
epigenomics_7226_filterContams_203,19.426694559494777,64.77059558114887
epigenomics_7226_filterContams_204,23.133009967729663,62.542104673336894
epigenomics_7226_filterContams_205,20.51728860480177,69.48726206499676
epigenomics_7226_filterContams_206,25.199132623642452,80.37665153945554
epigenomics_7226_filterContams_207,14.307688065656526,59.39929784405315
epigenomics_7226_filterContams_208,18.942466053457125,58.511475004418244
epigenomics_7226_filterContams_209,19.288570532710494,78.98542525003882
epigenomics_7226_filterContams_210,17.351130567107685,74.19624123078012
epigenomics_7226_filterContams_211,16.543365640338077,66.11020748048658
epigenomics_7226_filterContams_212,16.684241577394225,64.59385238573437
epigenomics_7226_filterContams_213,19.245420274975082,53.639825978088695
epigenomics_7226_filterContams_214,17.981793813910663,59.99579427075746
epigenomics_7226_filterContams_215,26.67416027851504,67.27113311043503
epigenomics_7226_filterContams_216,21.88854745664093,55.452744265191015
epigenomics_7226_filterContams_217,22.390734301817396,74.50033231290756
epigenomics_7226_filterContams_218,22.684972159138916,66.81409951239739
epigenomics_7226_filterContams_219,17.807461220738336,75.3217267963741
epigenomics_7226_filterContams_220,23.2376188666217,67.46752094511204
epigenomics_7226_filterContams_221,22.17141325654416,63.202815815303516
epigenomics_7226_filterContams_222,17.96218033511038,57.32477529761179
epigenomics_7226_filterContams_223,26.933785875770425,70.1894412485986
epigenomics_7226_filterContams_224,22.451227148630522,62.24955997022895
epigenomics_7226_filterContams_225,18.542289112905138,77.03134837339503
epigenomics_7226_filterContams_226,17.111055542398336,47.77208910607025
epigenomics_7226_filterContams_227,18.88067444154304,58.17911497768878
epigenomics_7226_filterContams_228,25.463042095776018,63.146591954915735
epigenomics_7226_filterContams_229,16.508418266331926,63.451961229238556
epigenomics_7226_filterContams_230,23.26680037348089,62.06122109999315
epigenomics_7226_filterContams_231,19.96824860328039,77.1481384015777
epigenomics_7226_filterContams_232,21.715113455273,53.61744952671061
epigenomics_7226_filterContams_233,17.556162408594453,68.25459416194128
epigenomics_7226_filterContams_234,23.818789587573626,52.29405405723692
epigenomics_7226_filterContams_235,23.461615608477093,61.892960769845644
epigenomics_7226_filterContams_236,19.141783927373567,56.35501781070846
epigenomics_7226_filterContams_237,19.863019180761484,71.05859688391844
epigenomics_7226_filterContams_238,18.91099275107579,67.06636298469549
epigenomics_7226_filterContams_239,25.012941171321366,53.03615213600012
epigenomics_7226_filterContams_240,16.577858045235455,64.46779881183447
epigenomics_7226_filterContams_241,22.540006004577855,67.44325968710332
epigenomics_7226_filterContams_242,23.917682372731782,53.582247449643944
epigenomics_7226_filterContams_243,23.998259930017912,69.15751882981309
epigenomics_7226_filterContams_244,21.282453880471174,56.263095061438676
epigenomics_7226_filterContams_245,23.554491613505068,67.63236330800002
epigenomics_7226_filterContams_246,21.432541572424743,66.38637265181572
epigenomics_7226_filterContams_247,19.57798459900665,59.162735431054486
epigenomics_7226_filterContams_248,15.924512168959057,52.06186044179046
epigenomics_7226_filterContams_249,20.89553129557321,60.16307238310961
epigenomics_7226_filterContams_250,24.67513746839404,62.29546043466166
epigenomics_7226_filterContams_251,19.504467228311917,62.42059133705291
epigenomics_7226_filterContams_252,21.49004783514908,69.0304959569082
epigenomics_7226_filterContams_253,13.6771471110817,58.949277221165595
epigenomics_7226_filterContams_254,24.323713790336242,65.63333814413188
epigenomics_7226_filterContams_255,24.894481827682405,70.0874246075796
epigenomics_7226_filterContams_256,13.13124523555615,64.03332266784959
epigenomics_7226_filterContams_257,22.836207949069696,72.61661861000583
epigenomics_7226_filterContams_258,20.305836278421005,57.888482791689505
epigenomics_7226_filterContams_259,16.476992982080787,68.94717404805621
epigenomics_7226_filterContams_260,19.32573442168226,51.96583599414545
epigenomics_7226_filterContams_261,19.080317911258582,79.5808017492268
epigenomics_7226_filterContams_262,19.129403761318997,70.6291334836534
epigenomics_7226_filterContams_263,20.08296065229639,64.28600475411137
epigenomics_7226_filterContams_264,19.024236850024224,63.55684521053171
epigenomics_7226_filterContams_265,19.691819046853016,54.68532433863847
epigenomics_7226_filterContams_266,17.229532178051706,65.24438838668186
epigenomics_7226_filterContams_267,19.93878300854346,61.6606567793879
epigenomics_7226_filterContams_268,13.383307591298385,64.9656726881494
epigenomics_7226_filterContams_269,18.583460573800618,64.37731902255139
epigenomics_7226_filterContams_270,15.14665244272606,71.2696149205191
epigenomics_7226_filterContams_271,22.78779865076057,60.84032278163235
epigenomics_7226_filterContams_272,14.735891018384034,86.83738967312732
epigenomics_7226_filterContams_273,21.98911654001632,71.13400746704302
epigenomics_7226_filterContams_274,17.583973953972873,51.01129301725435
epigenomics_7226_filterContams_275,24.568296191194683,66.71535249115632
epigenomics_7226_filterContams_276,17.56187152487218,61.720979944338026
epigenomics_7226_filterContams_277,20.70126480686499,55.510313357070594
epigenomics_7226_filterContams_278,25.526985267179548,62.005094246048905
epigenomics_7226_filterContams_279,20.86476556595637,67.78928644561337
epigenomics_7226_filterContams_280,24.833040629642255,71.38901487159029
epigenomics_7226_filterContams_281,22.451477971055738,61.69272537853697
epigenomics_7226_filterContams_282,16.498194471315838,79.43939493417425
epigenomics_7226_filterContams_283,20.428972505365977,60.822391342821305
epigenomics_7226_filterContams_284,18.564402749508687,51.35398369596557
epigenomics_7226_filterContams_285,18.712367225597824,54.967037586917584
epigenomics_7226_filterContams_286,23.486991338983383,59.69077955986312
epigenomics_7226_filterContams_287,17.17202696632229,69.5661250947571
epigenomics_7226_filterContams_288,24.04713719497224,70.38222651864109
epigenomics_7226_filterContams_289,20.77354194501575,70.6744587651377
epigenomics_7226_filterContams_290,20.179611340594455,67.3646430793646
epigenomics_7226_filterContams_291,20.784120780388946,64.16851862252041
epigenomics_7226_filterContams_292,16.513309893359427,66.23645325436341
epigenomics_7226_filterContams_293,22.674780152505363,70.73221047473892
epigenomics_7226_filterContams_294,20.419802337337774,61.163307312572144
epigenomics_7226_filterContams_295,20.157549576953343,67.8973560265805
epigenomics_7226_filterContams_296,24.822289743877786,43.30757446053944
epigenomics_7226_filterContams_297,22.85336336807302,44.97106474642972
epigenomics_7226_filterContams_298,17.652141859395257,52.409755230448745
epigenomics_7226_filterContams_299,12.585765845993468,55.94578142010827
epigenomics_7226_filterContams_300,21.029378851228493,64.20042089111058
epigenomics_7226_filterContams_301,25.58160549060226,67.54275567942975
epigenomics_7226_filterContams_302,18.914285516900506,71.52385526476903
epigenomics_7226_filterContams_303,16.843695395558886,61.39259022650334
epigenomics_7226_filterContams_304,22.732443042884398,62.672825614894094
epigenomics_7226_filterContams_305,12.526798828613636,73.08221531362386
epigenomics_7226_filterContams_306,26.11378236846604,52.19688006678108
epigenomics_7226_filterContams_307,20.948948222285868,62.952970458189235
epigenomics_7226_filterContams_308,20.52497016412979,56.637756072908616
epigenomics_7226_filterContams_309,24.192880087174224,64.32012077392761
epigenomics_7226_filterContams_310,21.04134817181175,77.46066469048579
epigenomics_7226_filterContams_311,14.166330004421692,50.91456388560597
epigenomics_7226_filterContams_312,22.828446602826745,43.17444011831026
epigenomics_7226_filterContams_313,19.166357013112766,67.69469892486413
epigenomics_7226_filterContams_314,14.058823640218936,54.2149525170481
epigenomics_7226_filterContams_315,19.447651517032824,68.91960317356273
epigenomics_7226_filterContams_316,19.219478928043586,72.91959673848875
epigenomics_7226_filterContams_317,19.808119110985523,66.71564185981799
epigenomics_7226_filterContams_318,22.775045755890556,63.47606967540592
epigenomics_7226_filterContams_319,23.190068583022427,73.35596693057069
epigenomics_7226_filterContams_320,20.349055031992037,84.03756478332622
epigenomics_7226_filterContams_321,16.641193779959405,64.66469619362576
epigenomics_7226_filterContams_322,18.79978722420721,71.36099038890333
epigenomics_7226_filterContams_323,21.251824864569834,70.73866033618107
epigenomics_7226_filterContams_324,21.34997899088293,57.99906488166449
epigenomics_7226_filterContams_325,22.518960297566103,64.58741769187597
epigenomics_7226_filterContams_326,20.265587509249418,75.88164146517312
epigenomics_7226_filterContams_327,21.451684347118658,73.77755270757007
epigenomics_7226_filterContams_328,19.83831630498055,65.92708581065186
epigenomics_7226_filterContams_329,19.171910883132117,64.88093663010123
epigenomics_7226_filterContams_330,12.164424879977613,69.38943629179285
epigenomics_7226_filterContams_331,20.465713066502612,72.77992794272605
epigenomics_7226_filterContams_332,20.050948743446156,73.25876681475887
epigenomics_7226_filterContams_333,22.624156099269598,71.07721597159718
epigenomics_7226_filterContams_334,16.129760497986663,78.56587252636676
epigenomics_7226_filterContams_335,21.5895637521601,72.91881451688839
epigenomics_7226_filterContams_336,17.96624327274218,69.54808448816057
epigenomics_7226_filterContams_337,18.999847699986883,75.1630840585861
epigenomics_7226_filterContams_338,22.767356787410264,56.2107192801419
epigenomics_7226_filterContams_339,18.3539308273277,56.69512597899869
epigenomics_7226_filterContams_340,23.681714781571753,72.59209676343805
epigenomics_7226_filterContams_341,21.11753541278741,62.414432658372945
epigenomics_7226_filterContams_342,24.907085164143098,66.04454576048394
epigenomics_7226_filterContams_343,22.63732520144021,64.32326545783269
epigenomics_7226_filterContams_344,21.102550503835918,77.11970899219833
epigenomics_7226_filterContams_345,20.16801501749342,62.502205765401506
epigenomics_7226_filterContams_346,20.963502434414725,57.39052907973344
epigenomics_7226_filterContams_347,19.98805957966234,54.048176653945085
epigenomics_7226_filterContams_348,21.098774704954103,68.82250659842175
epigenomics_7226_filterContams_349,23.048496718200845,76.5228154296665
epigenomics_7226_filterContams_350,20.340880308086195,58.239391836963534
epigenomics_7226_filterContams_351,19.65148677557865,70.13994492189805
epigenomics_7226_filterContams_352,18.637023078496803,70.87316062103201
epigenomics_7226_filterContams_353,18.51482031275794,65.71487181806631
epigenomics_7226_filterContams_354,21.85890951437186,63.706135647730896
epigenomics_7226_filterContams_355,21.175015346691,60.692380411569175
epigenomics_7226_filterContams_356,21.723123140807854,79.19607974387863
epigenomics_7226_filterContams_357,24.71369735894345,56.39375381478787
epigenomics_7226_filterContams_358,18.668417143479658,60.68429932676657
epigenomics_7226_filterContams_359,17.843148428370785,63.44295634680934
epigenomics_7226_filterContams_360,19.207080244132182,59.08455720372231
epigenomics_7226_filterContams_361,19.08127402370211,61.6989766863081
epigenomics_7226_filterContams_362,26.504172677645563,60.77042924093041
epigenomics_7226_filterContams_363,23.150021928600253,69.23310577086723
epigenomics_7226_filterContams_364,22.154914427920428,54.69396133431384
epigenomics_7226_filterContams_365,18.12012991175654,64.00527805270002
epigenomics_7226_filterContams_366,21.791623177222206,75.03658161466375
epigenomics_7226_filterContams_367,17.738078422869606,50.70225255673676
epigenomics_7226_filterContams_368,23.90968231468494,56.26236868573363
epigenomics_7226_filterContams_369,20.999976337036156,52.9908890190197
epigenomics_7226_filterContams_370,23.02511401979096,74.52110841180159
epigenomics_7226_filterContams_371,20.196843411105398,70.63314100457256
epigenomics_7226_filterContams_372,18.545063851530358,72.68230118931618
epigenomics_7226_filterContams_373,16.60829058091942,66.52463880017187
epigenomics_7226_filterContams_374,18.153263099944315,76.87939307496117
epigenomics_7226_filterContams_375,18.075116197781103,69.6401692039262
epigenomics_7226_filterContams_376,17.843954760201424,52.54687042643086
epigenomics_7226_filterContams_377,25.121694738228825,62.37001446807273
epigenomics_7226_filterContams_378,22.086784678424518,70.44305891522532
epigenomics_7226_filterContams_379,21.163611181729383,81.15416825943518
epigenomics_7226_filterContams_380,19.159452298532628,65.48984916607267
epigenomics_7226_filterContams_381,21.671820405745894,65.22145545622568
epigenomics_7226_filterContams_382,17.70613965238445,68.81717468801142
epigenomics_7226_filterContams_383,20.593549428977497,49.294872547312735
epigenomics_7226_filterContams_384,18.478766233575538,54.62309011859503
epigenomics_7226_filterContams_385,17.476103826046042,55.639659413849024
epigenomics_7226_filterContams_386,21.51464744552184,76.15248199770164
epigenomics_7226_filterContams_387,20.252403101101898,70.58055509238054
epigenomics_7226_filterContams_388,20.600829793187785,65.66475052040323
epigenomics_7226_filterContams_389,17.905265402072065,58.42596427010934
epigenomics_7226_filterContams_390,18.57041905889644,65.33734774526202
epigenomics_7226_filterContams_391,19.23392221251954,61.3277441507627
epigenomics_7226_filterContams_392,16.185851645059845,66.67575822165226
epigenomics_7226_filterContams_393,17.401472279717126,74.47282068887607
epigenomics_7226_filterContams_394,21.53144127144247,63.3923798328703
epigenomics_7226_filterContams_395,19.995003486585077,72.33329262816362
epigenomics_7226_filterContams_396,18.021996570908325,69.57135373305029
epigenomics_7226_filterContams_397,20.52050427102835,57.344083115082185
epigenomics_7226_filterContams_398,17.888361418636933,64.11048883550363
epigenomics_7226_filterContams_399,23.90912420268754,63.82330660826841
epigenomics_7226_filterContams_400,16.560613314820422,70.333614964775
epigenomics_7226_filterContams_401,23.865129853082763,74.93640150522032
epigenomics_7226_filterContams_402,22.001364648088348,60.882352514174066
epigenomics_7226_filterContams_403,23.484969558583384,63.31279647335206
epigenomics_7226_filterContams_404,16.888272151182722,56.46959971661851
epigenomics_7226_filterContams_405,19.566624389398243,60.65018479136966
epigenomics_7226_filterContams_406,21.29129371723287,68.29256313948665
epigenomics_7226_filterContams_407,18.56837203978633,81.62455978170928
epigenomics_7226_filterContams_408,22.188490640620135,64.77417100817078
epigenomics_7226_filterContams_409,20.77885880463827,79.04123822616464
epigenomics_7226_filterContams_410,22.850386091073506,71.48246223951867
epigenomics_7226_filterContams_411,23.320626019372636,71.1917348679221
epigenomics_7226_filterContams_412,26.330029791705755,55.90665774563763
epigenomics_7226_filterContams_413,22.558635470278237,52.141858811776544
epigenomics_7226_filterContams_414,19.868319231446176,63.54474561534305
epigenomics_7226_filterContams_415,20.12424132172688,70.38486022998951
epigenomics_7226_filterContams_416,14.841875595224105,76.0114817598662
epigenomics_7226_filterContams_417,13.037394437277815,63.65859604374079
epigenomics_7226_filterContams_418,24.74194843977641,62.24972258517468
epigenomics_7226_filterContams_419,16.919569408367696,82.20575130068227
epigenomics_7226_filterContams_420,19.806132824352435,63.8900283395789
epigenomics_7226_filterContams_421,20.74124552207577,73.48368461592159
epigenomics_7226_filterContams_422,15.22841218787755,64.41417924526944
epigenomics_7226_filterContams_423,21.542718341438185,59.08397700112306
epigenomics_7226_filterContams_424,19.64634182220776,68.73005412300432
epigenomics_7226_filterContams_425,17.504324990352877,60.339642756889425
epigenomics_7226_filterContams_426,17.16399779372202,73.34622482040162
epigenomics_7226_filterContams_427,18.28889869255258,83.24738235193063
epigenomics_7226_filterContams_428,22.045124013896004,68.71170416100342
epigenomics_7226_filterContams_429,21.045605060185867,74.40777917885794
epigenomics_7226_filterContams_430,20.99062758455198,68.69950776121358
epigenomics_7226_filterContams_431,14.546464064147075,62.53823284951511
epigenomics_7226_filterContams_432,20.746840596804496,81.84561922083267
epigenomics_7226_filterContams_433,23.65925087304143,67.61744201045599
epigenomics_7226_filterContams_434,22.775661302524053,63.152670710742704
epigenomics_7226_filterContams_435,21.759757744491157,75.57382636890236
epigenomics_7226_filterContams_436,19.21214222005439,62.93254792396848
epigenomics_7226_filterContams_437,17.50830739163495,65.048098546716
epigenomics_7226_filterContams_438,15.802515440812797,67.142806332846
epigenomics_7226_filterContams_439,18.627447078319747,53.45573215665691
epigenomics_7226_filterContams_440,25.68018913608575,63.4377951505758
epigenomics_7226_filterContams_441,18.190096825205384,71.03825983400672
epigenomics_7226_filterContams_442,23.999255200742752,72.85953605764868
epigenomics_7226_filterContams_443,20.654472927511648,58.933701853542814
epigenomics_7226_filterContams_444,20.428197659424825,81.83097409032206
epigenomics_7226_filterContams_445,20.593714006284173,74.63290510302727
epigenomics_7226_filterContams_446,15.641585922792222,64.27437167591067
epigenomics_7226_filterContams_447,22.881985513322277,60.278671820880106
epigenomics_7226_filterContams_448,22.534367728877555,77.88740496938206
epigenomics_7226_filterContams_449,21.39465684415115,67.9137745713777
epigenomics_7226_filterContams_450,19.249677842405017,52.716182753870875
epigenomics_7226_filterContams_451,11.971260288886459,59.5959634385623
epigenomics_7226_filterContams_452,23.242643803022627,61.56683470505925
epigenomics_7226_filterContams_453,19.862585719685434,71.67479393678289
epigenomics_7226_filterContams_454,20.365940859375755,64.27142004343115
epigenomics_7226_filterContams_455,24.963155727464223,71.32959024707614
epigenomics_7226_filterContams_456,20.85870183470434,72.999667845496
epigenomics_7226_filterContams_457,18.10401294086179,76.30465043527394
epigenomics_7226_filterContams_458,21.167799356135788,64.92879715001526
epigenomics_7226_filterContams_459,15.623982177122663,61.38139045845989
epigenomics_7226_filterContams_460,28.701859107017818,68.99053758044332
epigenomics_7226_filterContams_461,17.288544059887116,61.96494162731411
epigenomics_7226_filterContams_462,19.333389482853587,69.42585433717285
epigenomics_7226_filterContams_463,24.921147044576585,60.39165735453123
epigenomics_7226_filterContams_464,15.406682962486297,68.63360517919814
epigenomics_7226_filterContams_465,15.16950613293733,67.82685950008157
epigenomics_7226_filterContams_466,26.437177953944875,74.2123297267407
epigenomics_7226_filterContams_467,17.695808588096213,78.00448384974999
epigenomics_7226_filterContams_468,19.69107838384506,55.92893880326332
epigenomics_7226_filterContams_469,16.87784091083489,48.90006282922354
epigenomics_7226_filterContams_470,26.526876991954158,61.824290235411404
epigenomics_7226_filterContams_471,20.192642767083438,52.01629847871982
epigenomics_7226_filterContams_472,21.907674461509394,60.177473381652995
epigenomics_7226_filterContams_473,20.717024429931723,68.15297398181193
epigenomics_7226_filterContams_474,20.915477225786173,64.50945449638303
epigenomics_7226_filterContams_475,19.851606531478083,60.12663296063558
epigenomics_7226_filterContams_476,20.86891715759434,67.15961411126412
epigenomics_7226_filterContams_477,20.73188170790682,80.50691810862374
epigenomics_7226_filterContams_478,22.191565828308054,68.71414082211257
epigenomics_7226_filterContams_479,21.283985131179367,70.48100517398034
epigenomics_7226_filterContams_480,23.303875640904092,62.96255593653952
epigenomics_7226_filterContams_481,22.676998769663502,52.448624632385716
epigenomics_7226_filterContams_482,23.068756792625692,66.22246618562377
epigenomics_7226_filterContams_483,20.46694254453356,61.24078394640192
epigenomics_7226_filterContams_484,21.67943970150948,72.52768493222906
epigenomics_7226_filterContams_485,15.670653787405936,71.09494637489512
epigenomics_7226_filterContams_486,28.341818204286483,66.07803705690822
epigenomics_7226_filterContams_487,19.659344419370594,65.27032536672769
epigenomics_7226_filterContams_488,17.124352157768225,53.41413936202226
epigenomics_7226_filterContams_489,23.11749820942816,69.43403462008683
epigenomics_7226_filterContams_490,17.25508963399585,60.32546198496433
epigenomics_7226_filterContams_491,20.783948423804542,62.80018157821514
epigenomics_7226_filterContams_492,19.630425989515917,72.46615676623135
epigenomics_7226_filterContams_493,25.017457498231813,65.75516536469233
epigenomics_7226_filterContams_494,20.809438141349013,62.49576427760909
epigenomics_7226_filterContams_495,17.41418605168123,71.17449443427753
epigenomics_7226_filterContams_496,20.968819613604147,60.24363204218618
epigenomics_7226_filterContams_497,21.353043327141755,60.35296895183632
epigenomics_7226_filterContams_498,19.862273726674562,64.10844472754069
epigenomics_7226_filterContams_499,24.291288932562644,72.31703247536032
epigenomics_7226_sol2sanger_0,80.10600578873618,38.12131241474065
epigenomics_7226_sol2sanger_1,83.00148418179535,42.997745186408984
epigenomics_7226_sol2sanger_2,73.62445825600417,42.66211828994475
epigenomics_7226_sol2sanger_3,85.28564272853107,30.1193920787252
epigenomics_7226_sol2sanger_4,80.96873140833688,51.82022171610583
epigenomics_7226_sol2sanger_5,79.61202777985193,40.28290439504507
epigenomics_7226_sol2sanger_6,78.94952441660143,38.50500853552808
epigenomics_7226_sol2sanger_7,90.26297083813202,46.83359367839818
epigenomics_7226_sol2sanger_8,77.1621612989288,44.75193673662893
epigenomics_7226_sol2sanger_9,86.81392093973508,34.19998873684511
epigenomics_7226_sol2sanger_10,80.61857857895379,48.18386414812031
epigenomics_7226_sol2sanger_11,68.84013988493157,51.73289991588183
epigenomics_7226_sol2sanger_12,83.89942865932065,56.95855459675013
epigenomics_7226_sol2sanger_13,75.28403946953608,46.99514278124006
epigenomics_7226_sol2sanger_14,78.26939798369683,43.97787101596137
epigenomics_7226_sol2sanger_15,82.71548302228476,39.858549039879264
epigenomics_7226_sol2sanger_16,84.99890751852428,49.169723173578475
epigenomics_7226_sol2sanger_17,80.20822136624983,55.235519876979964
epigenomics_7226_sol2sanger_18,85.85231402865995,48.22011800714301
epigenomics_7226_sol2sanger_19,69.66719775711454,53.85316137056309
epigenomics_7226_sol2sanger_20,76.3659877799438,41.712975253274685
epigenomics_7226_sol2sanger_21,81.21279518199657,41.787739854148626
epigenomics_7226_sol2sanger_22,74.59053314581325,38.39588751747562
epigenomics_7226_sol2sanger_23,79.14136044521496,37.76893017607507
epigenomics_7226_sol2sanger_24,94.36729300659121,46.17410947459008
epigenomics_7226_sol2sanger_25,84.6162830625977,45.15153439196124
epigenomics_7226_sol2sanger_26,79.89723526480715,47.620379829687096
epigenomics_7226_sol2sanger_27,77.17314870127763,53.86452015212379
epigenomics_7226_sol2sanger_28,75.40941281427929,58.14904273420921
epigenomics_7226_sol2sanger_29,81.78455354725568,42.46502952811546
epigenomics_7226_sol2sanger_30,73.6405248536498,32.70165257728564
epigenomics_7226_sol2sanger_31,79.82026164847298,65.11170303890842
epigenomics_7226_sol2sanger_32,81.47847512140177,57.81226484074125
epigenomics_7226_sol2sanger_33,71.64090607580087,49.27936636797771
epigenomics_7226_sol2sanger_34,81.58771141273743,55.876684454861575
epigenomics_7226_sol2sanger_35,77.5069068170619,57.630586744370426
epigenomics_7226_sol2sanger_36,76.66685828934865,42.30123778212099
epigenomics_7226_sol2sanger_37,78.58656104706942,45.82829791151578
epigenomics_7226_sol2sanger_38,79.57957675659503,49.83526377275475
epigenomics_7226_sol2sanger_39,87.11561107654927,49.90690413908938
epigenomics_7226_sol2sanger_40,84.41575432119636,33.109923956878205
epigenomics_7226_sol2sanger_41,85.26928467538161,40.75710323405013
epigenomics_7226_sol2sanger_42,77.43462462850766,49.9845693948423
epigenomics_7226_sol2sanger_43,81.40445067320317,48.907203337548104
epigenomics_7226_sol2sanger_44,98.59144404521174,35.673214585041066
epigenomics_7226_sol2sanger_45,78.92570134159735,37.649455328751145
epigenomics_7226_sol2sanger_46,67.7046163055123,62.55274038967914
epigenomics_7226_sol2sanger_47,81.90965029597201,58.967711787017
epigenomics_7226_sol2sanger_48,80.27634902004212,38.99009968714842
epigenomics_7226_sol2sanger_49,78.47066315426171,45.68210170365801
epigenomics_7226_sol2sanger_50,82.2877472238895,52.689576097809564
epigenomics_7226_sol2sanger_51,81.07399777168801,25.780373422781018
epigenomics_7226_sol2sanger_52,79.74712429638852,48.58051550959801
epigenomics_7226_sol2sanger_53,83.0116275815223,57.55187392753349
epigenomics_7226_sol2sanger_54,76.87669304158942,32.93334032381711
epigenomics_7226_sol2sanger_55,77.20331822091123,34.84098910353211
epigenomics_7226_sol2sanger_56,87.82368443980863,46.854824187757785
epigenomics_7226_sol2sanger_57,79.11423996879674,46.68588831092849
epigenomics_7226_sol2sanger_58,72.41763942612172,34.08794125190839
epigenomics_7226_sol2sanger_59,79.11125533911287,53.700766714368534
epigenomics_7226_sol2sanger_60,80.79344979439688,40.9168620859711
epigenomics_7226_sol2sanger_61,78.39361046482308,30.537237249064408
epigenomics_7226_sol2sanger_62,90.91105755932936,41.832952756490116
epigenomics_7226_sol2sanger_63,77.54463982410002,55.6663855849631
epigenomics_7226_sol2sanger_64,74.70716675323663,58.07582596618148
epigenomics_7226_sol2sanger_65,73.60464270483692,48.67483498036996
epigenomics_7226_sol2sanger_66,80.18879932333414,47.010938964617075
epigenomics_7226_sol2sanger_67,77.6410334292404,49.25677645302908
epigenomics_7226_sol2sanger_68,69.97485391955802,53.14873340180998
epigenomics_7226_sol2sanger_69,86.33973353043298,42.466809274259674
epigenomics_7226_sol2sanger_70,86.26411738564492,38.77038894213025
epigenomics_7226_sol2sanger_71,74.97635182897145,40.54949551065563
epigenomics_7226_sol2sanger_72,73.4611822968896,33.39601875027915
epigenomics_7226_sol2sanger_73,80.49587867923114,50.25549921225241
epigenomics_7226_sol2sanger_74,76.52399382925536,52.26806838919038
epigenomics_7226_sol2sanger_75,71.80808819430939,52.25155181188916
epigenomics_7226_sol2sanger_76,83.09755050357225,46.08409119949756
epigenomics_7226_sol2sanger_77,86.92664559452626,44.0200834096472
epigenomics_7226_sol2sanger_78,77.2793407347904,51.49208008977407
epigenomics_7226_sol2sanger_79,76.07327031490024,38.898595067127616
epigenomics_7226_sol2sanger_80,76.72897301939705,69.89257555406233
epigenomics_7226_sol2sanger_81,87.67355656185632,46.29276050372014
epigenomics_7226_sol2sanger_82,84.45359825709006,48.33218955678776
epigenomics_7226_sol2sanger_83,69.91522723548016,56.94198888068474
epigenomics_7226_sol2sanger_84,73.11024938269415,26.678485230779685
epigenomics_7226_sol2sanger_85,71.6731847298261,38.309404708707035
epigenomics_7226_sol2sanger_86,78.73292330484495,51.56002806450747
epigenomics_7226_sol2sanger_87,75.25047037018297,36.3786298231425
epigenomics_7226_sol2sanger_88,77.8852891791134,40.7232767343984
epigenomics_7226_sol2sanger_89,84.75543831179586,31.86920216354732
epigenomics_7226_sol2sanger_90,76.93817253118944,35.890923944022035
epigenomics_7226_sol2sanger_91,75.62914271914163,28.985414191208925
epigenomics_7226_sol2sanger_92,79.95818592555787,40.62390955108723
epigenomics_7226_sol2sanger_93,78.23377205333135,50.23646934651301
epigenomics_7226_sol2sanger_94,81.18148724795394,49.941578242447385
epigenomics_7226_sol2sanger_95,83.07413404022346,47.39393095958918
epigenomics_7226_sol2sanger_96,75.31755035361137,44.91882143666873
epigenomics_7226_sol2sanger_97,76.88081876567293,49.31579128814093
epigenomics_7226_sol2sanger_98,83.20911084108123,45.736291185188946
epigenomics_7226_sol2sanger_99,82.24458107773549,46.93053387939179
epigenomics_7226_sol2sanger_100,74.34131794473788,49.42267184963141
epigenomics_7226_sol2sanger_101,68.39624604715817,41.892282198965255
epigenomics_7226_sol2sanger_102,70.0280366793549,39.63272630985421
epigenomics_7226_sol2sanger_103,80.63475575639428,52.85977057016381
epigenomics_7226_sol2sanger_104,82.58305896614596,52.215231491429996
epigenomics_7226_sol2sanger_105,80.56887197006785,57.866015498699404
epigenomics_7226_sol2sanger_106,90.43202416297908,39.038156278127474
epigenomics_7226_sol2sanger_107,77.00668437593833,48.26011680265885
epigenomics_7226_sol2sanger_108,78.11728457087277,44.35470524001759
epigenomics_7226_sol2sanger_109,78.04626551444473,45.281872414044955
epigenomics_7226_sol2sanger_110,88.54640796203331,68.01837500624367
epigenomics_7226_sol2sanger_111,77.75903663234253,35.18677874610413
epigenomics_7226_sol2sanger_112,74.26539362644439,43.65541955595944
epigenomics_7226_sol2sanger_113,75.40608613023315,42.506135872947446
epigenomics_7226_sol2sanger_114,63.91552520288899,51.86983100803454
epigenomics_7226_sol2sanger_115,72.59030265572657,49.84021522359754
epigenomics_7226_sol2sanger_116,79.60982956503902,32.296008419497745
epigenomics_7226_sol2sanger_117,79.71560131508325,46.81643145318106
epigenomics_7226_sol2sanger_118,82.22915275524079,43.954905430306916
epigenomics_7226_sol2sanger_119,83.59451929062723,31.40667039292776
epigenomics_7226_sol2sanger_120,83.23562674468253,33.02205216120501
epigenomics_7226_sol2sanger_121,80.63868335394835,46.653613982647265
epigenomics_7226_sol2sanger_122,78.48892853122857,35.74931015352215
epigenomics_7226_sol2sanger_123,81.8819234452716,48.02308230704974
epigenomics_7226_sol2sanger_124,80.93565867136847,44.36488864313731
epigenomics_7226_sol2sanger_125,83.66038490873404,36.89150522976219
epigenomics_7226_sol2sanger_126,83.80622530310153,29.883941273048688
epigenomics_7226_sol2sanger_127,79.95808561262832,45.90549098771043
epigenomics_7226_sol2sanger_128,77.44125050300143,58.80374767610768
epigenomics_7226_sol2sanger_129,80.78262863242736,52.68402607211915
epigenomics_7226_sol2sanger_130,71.43784392830543,49.765179159771805
epigenomics_7226_sol2sanger_131,90.42261986751004,39.48078456754949
epigenomics_7226_sol2sanger_132,84.71177699082615,44.89027779687754
epigenomics_7226_sol2sanger_133,75.61909811137477,44.81056303274665
epigenomics_7226_sol2sanger_134,83.54326712382583,45.70989919523335
epigenomics_7226_sol2sanger_135,83.74074516611176,47.42335181205137
epigenomics_7226_sol2sanger_136,84.08224468535576,39.2165680144233
epigenomics_7226_sol2sanger_137,79.80040694268267,47.858089269153076
epigenomics_7226_sol2sanger_138,91.7996679076793,40.73983410219341
epigenomics_7226_sol2sanger_139,75.54775038345613,44.49009939281919
epigenomics_7226_sol2sanger_140,78.04282813386308,44.461144370012576
epigenomics_7226_sol2sanger_141,73.9430371444246,58.957174171642166
epigenomics_7226_sol2sanger_142,81.61470006702018,60.66951111415233
epigenomics_7226_sol2sanger_143,88.01601199211375,48.392701898901855
epigenomics_7226_sol2sanger_144,80.61078035213491,57.914509059085574
epigenomics_7226_sol2sanger_145,81.33071530817746,43.88630625622344
epigenomics_7226_sol2sanger_146,80.72135449530185,51.42014588723515
epigenomics_7226_sol2sanger_147,79.44329005664991,44.6364868513322
epigenomics_7226_sol2sanger_148,84.879690772327,45.38238369395022
epigenomics_7226_sol2sanger_149,90.6837997685681,44.46345604532132
epigenomics_7226_sol2sanger_150,81.17318061921348,51.75745251371068
epigenomics_7226_sol2sanger_151,79.68774511857112,56.89059231012111
epigenomics_7226_sol2sanger_152,71.7931016180246,42.0029122188016
epigenomics_7226_sol2sanger_153,79.62867573536535,42.10508385671678
epigenomics_7226_sol2sanger_154,76.61544277278007,54.52665997906276
epigenomics_7226_sol2sanger_155,78.85644625018412,38.187498459512994
epigenomics_7226_sol2sanger_156,75.45937246522476,37.11753224027561
epigenomics_7226_sol2sanger_157,83.51447447488707,48.017765782619016
epigenomics_7226_sol2sanger_158,80.17810949379441,40.4033434699294
epigenomics_7226_sol2sanger_159,75.46110166583215,34.48974288343156
epigenomics_7226_sol2sanger_160,81.9807868308316,53.6987353468173
epigenomics_7226_sol2sanger_161,84.18826610722851,45.91055798824916
epigenomics_7226_sol2sanger_162,72.19268613170476,42.522077831197855
epigenomics_7226_sol2sanger_163,79.08728860716262,44.5431781778954
epigenomics_7226_sol2sanger_164,80.13134892606111,50.692081664145846
epigenomics_7226_sol2sanger_165,77.76157726564702,44.562541874748675
epigenomics_7226_sol2sanger_166,79.69978829763325,53.36527282930381
epigenomics_7226_sol2sanger_167,76.4299826259546,33.571852983075956
epigenomics_7226_sol2sanger_168,79.68102993308825,34.947488963742984
epigenomics_7226_sol2sanger_169,85.31976508739498,39.53621702093246
epigenomics_7226_sol2sanger_170,82.42587807866906,33.57067908609142
epigenomics_7226_sol2sanger_171,83.58122969788387,49.20017117834385
epigenomics_7226_sol2sanger_172,80.67358507554908,45.181295400351175
epigenomics_7226_sol2sanger_173,78.78705523427374,56.286511841092114
epigenomics_7226_sol2sanger_174,78.02374019220086,46.886000312583214
epigenomics_7226_sol2sanger_175,79.9298594425589,30.239177614933006
epigenomics_7226_sol2sanger_176,70.2847709408845,47.1233776565317
epigenomics_7226_sol2sanger_177,75.39311660991933,44.848826850895165
epigenomics_7226_sol2sanger_178,83.02835379183556,61.64329106078549
epigenomics_7226_sol2sanger_179,84.74197284120841,58.394346605090796
epigenomics_7226_sol2sanger_180,84.42520280851892,36.698183143976486
epigenomics_7226_sol2sanger_181,69.71814460232886,41.80528836087937
epigenomics_7226_sol2sanger_182,86.91742980124096,46.26621614156994
epigenomics_7226_sol2sanger_183,75.46288146679858,37.73378166566976
epigenomics_7226_sol2sanger_184,88.18230118462075,46.98673298641727
epigenomics_7226_sol2sanger_185,72.25355616062431,43.48951570747567
epigenomics_7226_sol2sanger_186,89.54984161313038,45.973633117935556
epigenomics_7226_sol2sanger_187,81.28657194687342,49.44283721396138
epigenomics_7226_sol2sanger_188,83.8274215985949,40.89761671650628
epigenomics_7226_sol2sanger_189,77.21276901368064,41.66774425479858
epigenomics_7226_sol2sanger_190,76.53253958726658,52.3521948485864
epigenomics_7226_sol2sanger_191,83.38029986091826,56.971670444892446
epigenomics_7226_sol2sanger_192,74.11328736571788,40.022033661901844
epigenomics_7226_sol2sanger_193,85.3960229285245,39.530522012822885
epigenomics_7226_sol2sanger_194,76.41092603833322,36.25456065560561
epigenomics_7226_sol2sanger_195,82.03689123515679,44.368944877532854
epigenomics_7226_sol2sanger_196,86.8518997763026,54.814099586782
epigenomics_7226_sol2sanger_197,79.21428541400938,38.60729954886239
epigenomics_7226_sol2sanger_198,78.41849051755815,47.19059771214298
epigenomics_7226_sol2sanger_199,90.90480963276283,50.214807820850716
epigenomics_7226_sol2sanger_200,72.0182073678772,43.1096042098756
epigenomics_7226_sol2sanger_201,86.90724541429516,66.8704414320167
epigenomics_7226_sol2sanger_202,77.84655308006694,45.112871276091454
epigenomics_7226_sol2sanger_203,73.0110359803951,47.12757783614163
epigenomics_7226_sol2sanger_204,83.9884167424438,48.398923480664465
epigenomics_7226_sol2sanger_205,76.83668747566998,47.411345534873284
epigenomics_7226_sol2sanger_206,87.90640925995336,49.46874853936265
epigenomics_7226_sol2sanger_207,94.77051610071362,41.26239641657516
epigenomics_7226_sol2sanger_208,87.79279351201485,49.097795932344795
epigenomics_7226_sol2sanger_209,88.18864511317376,48.09239996007082
epigenomics_7226_sol2sanger_210,86.13609010489064,50.41765191312868
epigenomics_7226_sol2sanger_211,73.35461356145385,55.22020199068352
epigenomics_7226_sol2sanger_212,83.68847705421861,49.53385613546398
epigenomics_7226_sol2sanger_213,82.84169263873753,52.00210747595386
epigenomics_7226_sol2sanger_214,79.58277712325268,50.57570606837696
epigenomics_7226_sol2sanger_215,82.55108739385093,44.12221761602267
epigenomics_7226_sol2sanger_216,81.27489077488511,51.30557213987866
epigenomics_7226_sol2sanger_217,74.8455304572614,28.452518695458622
epigenomics_7226_sol2sanger_218,85.10101145058744,49.55748281716879
epigenomics_7226_sol2sanger_219,83.23920088655653,55.18348057619683
epigenomics_7226_sol2sanger_220,79.53958005016284,42.8289497313123
epigenomics_7226_sol2sanger_221,78.2811999764732,55.84620776441333
epigenomics_7226_sol2sanger_222,81.275356159761,43.055401969081394
epigenomics_7226_sol2sanger_223,73.86357769827397,31.69048744524261
epigenomics_7226_sol2sanger_224,84.31385354451078,42.9035321624085
epigenomics_7226_sol2sanger_225,74.78158555763842,38.253051900614146
epigenomics_7226_sol2sanger_226,75.65845288706832,54.552883467850506
epigenomics_7226_sol2sanger_227,75.77422197590589,46.50475562928386
epigenomics_7226_sol2sanger_228,73.71727250263213,48.06223841885042
epigenomics_7226_sol2sanger_229,75.6417676727399,52.0928475012323
epigenomics_7226_sol2sanger_230,73.66395067176512,58.24249070569348
epigenomics_7226_sol2sanger_231,83.43899372899406,50.47056795175631
epigenomics_7226_sol2sanger_232,81.08084644109773,32.5268973347521
epigenomics_7226_sol2sanger_233,75.27092976620972,53.46288750842045
epigenomics_7226_sol2sanger_234,81.99520912063645,47.16179970482406
epigenomics_7226_sol2sanger_235,75.47369019290637,37.86360997527457
epigenomics_7226_sol2sanger_236,84.73612004134698,35.05940299854232
epigenomics_7226_sol2sanger_237,78.58112228778585,42.88252543238116
epigenomics_7226_sol2sanger_238,85.47100699606813,42.954504403401195
epigenomics_7226_sol2sanger_239,85.0247916752733,62.680419188461556
epigenomics_7226_sol2sanger_240,73.31778383624281,37.02591225530224
epigenomics_7226_sol2sanger_241,84.04682531691498,41.66164419181741
epigenomics_7226_sol2sanger_242,72.54965065468544,57.43430357638789
epigenomics_7226_sol2sanger_243,77.69890094253678,42.14025117526336
epigenomics_7226_sol2sanger_244,83.04310631292331,49.67960199712848
epigenomics_7226_sol2sanger_245,79.70963405815111,49.33954150085378
epigenomics_7226_sol2sanger_246,69.91972250699453,45.736226031078
epigenomics_7226_sol2sanger_247,78.98992365102693,49.83687131535227
epigenomics_7226_sol2sanger_248,85.56167397662578,38.8578887904533
epigenomics_7226_sol2sanger_249,79.6099479500379,35.19419435794262
epigenomics_7226_sol2sanger_250,84.06639354648269,44.10036843017186
epigenomics_7226_sol2sanger_251,75.32286094415744,60.57490597486401
epigenomics_7226_sol2sanger_252,83.94154463908035,33.79840177809497
epigenomics_7226_sol2sanger_253,83.08960226757688,56.2579526998455
epigenomics_7226_sol2sanger_254,80.54383313742444,51.0126494026718
epigenomics_7226_sol2sanger_255,87.0413625219858,52.089176526698004
epigenomics_7226_sol2sanger_256,75.43167573489144,40.34231409034241
epigenomics_7226_sol2sanger_257,83.87342593142576,40.521090015295115
epigenomics_7226_sol2sanger_258,76.33539820787257,44.603840690816654
epigenomics_7226_sol2sanger_259,75.3379007883817,46.86698649836497
epigenomics_7226_sol2sanger_260,86.90129893364586,40.222366805517794
epigenomics_7226_sol2sanger_261,73.24088040677084,45.20750959332742
epigenomics_7226_sol2sanger_262,79.55770826566017,39.96174156096641
epigenomics_7226_sol2sanger_263,77.99498674331447,44.24305167714242
epigenomics_7226_sol2sanger_264,74.01329382058753,45.169094946559106
epigenomics_7226_sol2sanger_265,86.33439520842498,47.38655556645899
epigenomics_7226_sol2sanger_266,81.83006246690059,41.11921129353101
epigenomics_7226_sol2sanger_267,74.51475493535757,34.0022798675529
epigenomics_7226_sol2sanger_268,83.6664073120175,43.76299704720583
epigenomics_7226_sol2sanger_269,83.84510018218634,41.00936257874554
epigenomics_7226_sol2sanger_270,73.58928808163775,52.091995468259526
epigenomics_7226_sol2sanger_271,82.55451253193624,54.412907896067345
epigenomics_7226_sol2sanger_272,84.08828637306421,59.21012485906448
epigenomics_7226_sol2sanger_273,83.10289072295951,53.39815456283505
epigenomics_7226_sol2sanger_274,82.26745165519186,33.50474618075097
epigenomics_7226_sol2sanger_275,75.28925714949884,65.12015739545312
epigenomics_7226_sol2sanger_276,82.6446021646991,47.4311239577115
epigenomics_7226_sol2sanger_277,76.46727628974334,48.35499713742125
epigenomics_7226_sol2sanger_278,77.62404181965168,32.87032109151625
epigenomics_7226_sol2sanger_279,67.60897690883883,36.60482750495839
epigenomics_7226_sol2sanger_280,83.6135873395964,47.181769165199114
epigenomics_7226_sol2sanger_281,82.22482467275434,41.443358102172404
epigenomics_7226_sol2sanger_282,78.74368223109882,43.69024464447735
epigenomics_7226_sol2sanger_283,77.12936030770203,38.89863256593709
epigenomics_7226_sol2sanger_284,74.1508223501092,49.103743086937016
epigenomics_7226_sol2sanger_285,86.64363812768285,61.15053883268127
epigenomics_7226_sol2sanger_286,71.20659783421293,46.195938873734136
epigenomics_7226_sol2sanger_287,75.76358637522536,53.494698372289854
epigenomics_7226_sol2sanger_288,73.91973933757872,49.725008986646145
epigenomics_7226_sol2sanger_289,69.21909956049844,40.532763111565565
epigenomics_7226_sol2sanger_290,79.25366947036461,32.18351647774468
epigenomics_7226_sol2sanger_291,78.85609069303783,40.410974265853895
epigenomics_7226_sol2sanger_292,87.74030543951807,46.03382704968473
epigenomics_7226_sol2sanger_293,81.81026361309786,47.457161106845795
epigenomics_7226_sol2sanger_294,80.49901773221836,45.1331304881585
epigenomics_7226_sol2sanger_295,81.24412455319207,46.1681921018007
epigenomics_7226_sol2sanger_296,71.75393487099072,46.1619532244836
epigenomics_7226_sol2sanger_297,74.54662530935353,47.28719378645306
epigenomics_7226_sol2sanger_298,75.39386013699055,41.490969674904434
epigenomics_7226_sol2sanger_299,86.08232119611574,41.446750885331745
epigenomics_7226_sol2sanger_300,77.39414522474824,37.98006203060009
epigenomics_7226_sol2sanger_301,75.40636277106009,52.74501977296239
epigenomics_7226_sol2sanger_302,79.50732481532933,42.49502322282521
epigenomics_7226_sol2sanger_303,89.02534291149908,44.5049527632399
epigenomics_7226_sol2sanger_304,76.37936917487959,53.00828780427561
epigenomics_7226_sol2sanger_305,78.04247693768988,49.07556475994839
epigenomics_7226_sol2sanger_306,78.33019118784307,60.732325569317894
epigenomics_7226_sol2sanger_307,75.82723763651046,41.252047374677076
epigenomics_7226_sol2sanger_308,73.53599333186378,47.61826684766592
epigenomics_7226_sol2sanger_309,78.09818713227179,42.65515444559639
epigenomics_7226_sol2sanger_310,84.30051085345826,51.4485944524691
epigenomics_7226_sol2sanger_311,81.24318430992474,40.35083478375347
epigenomics_7226_sol2sanger_312,76.01275826836329,46.300723859537456
epigenomics_7226_sol2sanger_313,73.10355101783475,51.96789816366809
epigenomics_7226_sol2sanger_314,89.69649125472961,35.8050817320841
epigenomics_7226_sol2sanger_315,83.94304134666609,38.139708625416986
epigenomics_7226_sol2sanger_316,86.51340507349198,50.679942097266526
epigenomics_7226_sol2sanger_317,78.83982413314074,44.40439346320274
epigenomics_7226_sol2sanger_318,80.23992174798069,28.443974843204042
epigenomics_7226_sol2sanger_319,76.36393420304984,46.71395202910526
epigenomics_7226_sol2sanger_320,77.45032972434973,49.96948861522971
epigenomics_7226_sol2sanger_321,79.10129590610984,45.907445584223886
epigenomics_7226_sol2sanger_322,91.10548838318319,37.42211990592988
epigenomics_7226_sol2sanger_323,80.18637625469093,43.69277483595309
epigenomics_7226_sol2sanger_324,81.58997313835812,39.50934354022127
epigenomics_7226_sol2sanger_325,78.54196243783544,32.607334224699144
epigenomics_7226_sol2sanger_326,70.85769161724701,57.066024185022194
epigenomics_7226_sol2sanger_327,75.84176190165142,42.621147723056126
epigenomics_7226_sol2sanger_328,82.85992788885015,43.33042259856585
epigenomics_7226_sol2sanger_329,86.35854247054841,40.254127152330426
epigenomics_7226_sol2sanger_330,78.00174561972716,44.232084052355866
epigenomics_7226_sol2sanger_331,79.89044831801547,39.68982607174177
epigenomics_7226_sol2sanger_332,74.69227901088384,41.57467734153404
epigenomics_7226_sol2sanger_333,76.00364312163269,35.38672093772826
epigenomics_7226_sol2sanger_334,78.40773409155584,52.76505903224885
epigenomics_7226_sol2sanger_335,77.36556823934463,44.21867874153519
epigenomics_7226_sol2sanger_336,84.98843399525688,41.50042582871568
epigenomics_7226_sol2sanger_337,82.1238474787504,41.94413305525766
epigenomics_7226_sol2sanger_338,76.12297955909534,37.70337482485219
epigenomics_7226_sol2sanger_339,81.0920213686934,45.668870196744756
epigenomics_7226_sol2sanger_340,87.90686576378982,35.941540801050365
epigenomics_7226_sol2sanger_341,78.05066736678845,38.91410131643212
epigenomics_7226_sol2sanger_342,76.61284967192957,53.034661973671284
epigenomics_7226_sol2sanger_343,88.33837484859532,52.96867453223227
epigenomics_7226_sol2sanger_344,73.40594027778499,48.20781478059648
epigenomics_7226_sol2sanger_345,74.35102370057817,54.460931826454214
epigenomics_7226_sol2sanger_346,82.08775476147929,59.64582769369467
epigenomics_7226_sol2sanger_347,75.3895419761089,42.08313642415665
epigenomics_7226_sol2sanger_348,77.46794413397997,51.97037583013368
epigenomics_7226_sol2sanger_349,67.17249924447432,59.059159630240444
epigenomics_7226_sol2sanger_350,82.06805193401149,35.580182479420166
epigenomics_7226_sol2sanger_351,68.86985176180046,55.39496806110808
epigenomics_7226_sol2sanger_352,73.06662119483813,57.42465256697675
epigenomics_7226_sol2sanger_353,77.94701561498226,52.247487370882375
epigenomics_7226_sol2sanger_354,78.16182458266779,57.38249576445377
epigenomics_7226_sol2sanger_355,80.44825242916423,34.36928131731369
epigenomics_7226_sol2sanger_356,79.5564961643808,38.135679174837385
epigenomics_7226_sol2sanger_357,77.15011923802639,36.863338114261964
epigenomics_7226_sol2sanger_358,77.28472657373445,34.35339806878426
epigenomics_7226_sol2sanger_359,73.09755832799719,46.60876074928603
epigenomics_7226_sol2sanger_360,83.50529166278169,48.89377077032221
epigenomics_7226_sol2sanger_361,79.05237968251059,46.96276553912309
epigenomics_7226_sol2sanger_362,85.47603839768834,59.49372302415463
epigenomics_7226_sol2sanger_363,83.50877677679092,37.54592532410695
epigenomics_7226_sol2sanger_364,80.18934272373285,56.0767697670265
epigenomics_7226_sol2sanger_365,78.99952534318282,48.142595119750496
epigenomics_7226_sol2sanger_366,75.69672520295573,41.5687616680499
epigenomics_7226_sol2sanger_367,78.30214084263427,52.351087498600826
epigenomics_7226_sol2sanger_368,70.644965607019,65.75502438209247
epigenomics_7226_sol2sanger_369,80.0594760937381,63.41284524079799
epigenomics_7226_sol2sanger_370,90.6553393062557,43.232549144606864
epigenomics_7226_sol2sanger_371,79.60596793643124,35.575369342101766
epigenomics_7226_sol2sanger_372,73.77180497499931,37.75181246672963
epigenomics_7226_sol2sanger_373,90.86816670649412,27.68948518940728
epigenomics_7226_sol2sanger_374,81.70303586228138,47.11713623752639
epigenomics_7226_sol2sanger_375,79.16858293959848,37.50649255097034
epigenomics_7226_sol2sanger_376,64.61863658912216,48.13374557252907
epigenomics_7226_sol2sanger_377,83.39433023439918,39.15611082826402
epigenomics_7226_sol2sanger_378,78.38103156870851,44.919470706710655
epigenomics_7226_sol2sanger_379,81.02915901686694,50.10785590415691
epigenomics_7226_sol2sanger_380,73.24073041836503,28.728156656488608
epigenomics_7226_sol2sanger_381,90.51770106930859,45.00172066266331
epigenomics_7226_sol2sanger_382,79.6494060283902,38.1547790553374
epigenomics_7226_sol2sanger_383,81.79020652656367,40.37869417963767
epigenomics_7226_sol2sanger_384,78.17880005704617,43.886841365237125
epigenomics_7226_sol2sanger_385,79.81887679630663,32.56217530058298
epigenomics_7226_sol2sanger_386,73.01120760349028,47.40875093615275
epigenomics_7226_sol2sanger_387,81.20836191300671,47.64806796254622
epigenomics_7226_sol2sanger_388,86.57487586951062,57.321821633001306
epigenomics_7226_sol2sanger_389,78.69896319917562,44.41355270536925
epigenomics_7226_sol2sanger_390,90.52912673156325,29.291569236834434
epigenomics_7226_sol2sanger_391,75.24671022291956,39.787823629453484
epigenomics_7226_sol2sanger_392,78.33115256655222,41.43594729385812
epigenomics_7226_sol2sanger_393,78.42965173435243,55.64405376999537
epigenomics_7226_sol2sanger_394,82.29892395748956,62.42016124150213
epigenomics_7226_sol2sanger_395,88.07076088558597,42.58967345707272
epigenomics_7226_sol2sanger_396,80.15128210797523,35.46185470329728
epigenomics_7226_sol2sanger_397,75.13161006312552,47.15492330661854
epigenomics_7226_sol2sanger_398,77.77946015442878,45.53003558528871
epigenomics_7226_sol2sanger_399,84.12956058551242,36.817238225183615
epigenomics_7226_sol2sanger_400,86.90222207411554,40.642121188626724
epigenomics_7226_sol2sanger_401,75.94566550690898,31.340118295519474
epigenomics_7226_sol2sanger_402,80.25520703133112,45.290450038033555
epigenomics_7226_sol2sanger_403,79.67805303500592,36.838411175561006
epigenomics_7226_sol2sanger_404,80.6742347060382,37.03897390752422
epigenomics_7226_sol2sanger_405,90.58012143112931,48.81393219341143
epigenomics_7226_sol2sanger_406,76.5195916045231,44.83270638156744
epigenomics_7226_sol2sanger_407,72.11079352678044,45.250485277563975
epigenomics_7226_sol2sanger_408,81.11859944174049,71.61947293526092
epigenomics_7226_sol2sanger_409,76.72424515935579,43.329171987824694
epigenomics_7226_sol2sanger_410,82.89277619055117,59.31132435883095
epigenomics_7226_sol2sanger_411,71.94122033463051,30.514360079462968
epigenomics_7226_sol2sanger_412,77.8801833661348,39.1693611213224
epigenomics_7226_sol2sanger_413,87.28420113976145,41.189382852710494
epigenomics_7226_sol2sanger_414,81.56212198784986,44.74190148088158
epigenomics_7226_sol2sanger_415,84.40632601318755,41.68219593958057
epigenomics_7226_sol2sanger_416,77.28965815617731,43.67342760075518
epigenomics_7226_sol2sanger_417,89.47225963047094,34.85145347964048
epigenomics_7226_sol2sanger_418,74.66557691942438,29.585477860181776
epigenomics_7226_sol2sanger_419,77.62792730345252,52.690343823874045
epigenomics_7226_sol2sanger_420,82.27816689357812,40.46911093059384
epigenomics_7226_sol2sanger_421,86.91203416197206,45.72534444459214
epigenomics_7226_sol2sanger_422,77.48104459377858,38.02097651916601
epigenomics_7226_sol2sanger_423,82.15299902353094,30.15304167290874
epigenomics_7226_sol2sanger_424,77.59738998116512,50.203155891666775
epigenomics_7226_sol2sanger_425,72.42797947307957,60.894681736383305
epigenomics_7226_sol2sanger_426,79.25771386448392,32.70963766021724
epigenomics_7226_sol2sanger_427,74.36306274014717,34.331799792869234
epigenomics_7226_sol2sanger_428,69.83603803866396,45.82848065011859
epigenomics_7226_sol2sanger_429,77.2422285994077,48.158868289573576
epigenomics_7226_sol2sanger_430,86.91175605466444,49.614252356722844
epigenomics_7226_sol2sanger_431,75.58964267594723,49.93139411617436
epigenomics_7226_sol2sanger_432,76.85839483477086,29.063886298142307
epigenomics_7226_sol2sanger_433,81.20940496017614,41.06626335852831
epigenomics_7226_sol2sanger_434,80.45052666709041,43.74441351748193
epigenomics_7226_sol2sanger_435,86.46356351804968,47.76129636322738
epigenomics_7226_sol2sanger_436,89.65317708910426,38.11064373594269
epigenomics_7226_sol2sanger_437,81.58476379290784,40.592057628655105
epigenomics_7226_sol2sanger_438,79.12999758319965,42.03953236933393
epigenomics_7226_sol2sanger_439,77.10566617368562,47.81150682365153
epigenomics_7226_sol2sanger_440,84.65215857130431,46.60572429486395
epigenomics_7226_sol2sanger_441,79.00196514713546,60.11664420474783
epigenomics_7226_sol2sanger_442,84.69656965538778,47.152070958273406
epigenomics_7226_sol2sanger_443,84.95963209162984,39.141134502730445
epigenomics_7226_sol2sanger_444,79.04010421607117,46.120340906678585
epigenomics_7226_sol2sanger_445,83.08598550984848,49.73007120200571
epigenomics_7226_sol2sanger_446,78.63378763478451,43.76314968547807
epigenomics_7226_sol2sanger_447,75.20783899335106,44.885589976569975
epigenomics_7226_sol2sanger_448,77.94056045184354,52.698430647971975
epigenomics_7226_sol2sanger_449,79.12746842685688,40.08652901285326
epigenomics_7226_sol2sanger_450,73.33364880050527,57.73063921070338
epigenomics_7226_sol2sanger_451,75.13937466040015,38.140633415848306
epigenomics_7226_sol2sanger_452,90.20824705048733,41.659971920701146
epigenomics_7226_sol2sanger_453,86.51206235641665,45.68809396206745
epigenomics_7226_sol2sanger_454,79.31065405306884,45.31031802044332
epigenomics_7226_sol2sanger_455,76.49527927936094,50.58265907187971
epigenomics_7226_sol2sanger_456,76.30702892576286,51.39614870103478
epigenomics_7226_sol2sanger_457,70.28204674203165,44.469413869645685
epigenomics_7226_sol2sanger_458,78.96187520853947,42.946471854139595
epigenomics_7226_sol2sanger_459,89.68236809817913,41.08903797835088
epigenomics_7226_sol2sanger_460,85.82480619406392,54.78209008556085
epigenomics_7226_sol2sanger_461,79.39777057087082,50.003539060249395
epigenomics_7226_sol2sanger_462,83.03154337606524,43.73776357280915
epigenomics_7226_sol2sanger_463,82.90616220622216,36.64310259779544
epigenomics_7226_sol2sanger_464,76.71080393480766,43.36906354670857
epigenomics_7226_sol2sanger_465,82.39186448832399,41.62867887059749
epigenomics_7226_sol2sanger_466,73.51082625770115,48.153403957900785
epigenomics_7226_sol2sanger_467,85.21757160306696,37.87978726543026
epigenomics_7226_sol2sanger_468,82.40492053093307,49.986273750515295
epigenomics_7226_sol2sanger_469,82.52277029045892,43.664220189030296
epigenomics_7226_sol2sanger_470,78.67667310598682,64.63795300037411
epigenomics_7226_sol2sanger_471,81.11914648309818,43.01774275144615
epigenomics_7226_sol2sanger_472,84.97865253250879,39.430576287295224
epigenomics_7226_sol2sanger_473,84.32384194184746,42.317121442940966
epigenomics_7226_sol2sanger_474,81.88908722698855,43.85642843471917
epigenomics_7226_sol2sanger_475,95.32788372753909,26.694529799552555
epigenomics_7226_sol2sanger_476,74.87424680427713,40.71794813933348
epigenomics_7226_sol2sanger_477,72.592704006283,41.243630518794824
epigenomics_7226_sol2sanger_478,79.00248166257383,46.17376864214899
epigenomics_7226_sol2sanger_479,76.72300536322497,30.004618218851554
epigenomics_7226_sol2sanger_480,72.94135336722984,34.61448708979607
epigenomics_7226_sol2sanger_481,83.59398628814046,55.90378167524683
epigenomics_7226_sol2sanger_482,81.05872550918019,41.34304798124627
epigenomics_7226_sol2sanger_483,86.56754515030013,42.93924116653271
epigenomics_7226_sol2sanger_484,74.30241834144977,34.85455647636808
epigenomics_7226_sol2sanger_485,74.52471725917756,50.75620454522376
epigenomics_7226_sol2sanger_486,81.30783167355587,59.03406947395966
epigenomics_7226_sol2sanger_487,82.46549276891528,46.100395550234566
epigenomics_7226_sol2sanger_488,84.49595206953087,39.11831812697872
epigenomics_7226_sol2sanger_489,78.01089760540067,40.8552405191082
epigenomics_7226_sol2sanger_490,87.59368652416292,43.4089706991009
epigenomics_7226_sol2sanger_491,82.89805597305948,34.53693281896933
epigenomics_7226_sol2sanger_492,78.157433899447,51.192235351873045
epigenomics_7226_sol2sanger_493,79.17886941604873,44.82855803949056
epigenomics_7226_sol2sanger_494,79.94644053986185,44.538319175739396
epigenomics_7226_sol2sanger_495,81.8660735911552,53.582267401782346
epigenomics_7226_sol2sanger_496,77.08532340059575,43.943246936116374
epigenomics_7226_sol2sanger_497,87.7288493355106,34.851324185736715
epigenomics_7226_sol2sanger_498,81.64176418864139,36.47015009246644
epigenomics_7226_sol2sanger_499,73.73688623502363,38.311691410528596
epigenomics_7226_fast2bfq_0,43.8944185145047,82.88146900055344
epigenomics_7226_fast2bfq_1,41.73630968001997,84.72840128393955
epigenomics_7226_fast2bfq_2,48.52865700097133,79.69430302152772
epigenomics_7226_fast2bfq_3,49.125056876530316,73.50203992843207
epigenomics_7226_fast2bfq_4,51.477916456704,78.00973606720439
epigenomics_7226_fast2bfq_5,37.997516650338774,88.44770541209277
epigenomics_7226_fast2bfq_6,49.9756816191077,81.44058277955692
epigenomics_7226_fast2bfq_7,41.56022787706006,79.6920281193127
epigenomics_7226_fast2bfq_8,46.696547326983634,88.4222224968598
epigenomics_7226_fast2bfq_9,49.62637385550067,84.6516975823943
epigenomics_7226_fast2bfq_10,44.39714877848269,82.03900132471753
epigenomics_7226_fast2bfq_11,49.42111903544436,67.7989425382196
epigenomics_7226_fast2bfq_12,37.58109634846349,73.06704788179263
epigenomics_7226_fast2bfq_13,49.33682247385852,83.85235858353609
epigenomics_7226_fast2bfq_14,47.037335970401614,82.7735071677562
epigenomics_7226_fast2bfq_15,49.629796756987126,78.72026482847922
epigenomics_7226_fast2bfq_16,47.9644852648868,83.68163546453127
epigenomics_7226_fast2bfq_17,47.71682666912977,84.4514462113985
epigenomics_7226_fast2bfq_18,44.637700867868006,91.45168426565348
epigenomics_7226_fast2bfq_19,45.131675535478074,73.04081087119098
epigenomics_7226_fast2bfq_20,40.03825426118926,68.03012008250526
epigenomics_7226_fast2bfq_21,47.41931175346402,95.54579043474638
epigenomics_7226_fast2bfq_22,48.22977019683065,77.09665915124435
epigenomics_7226_fast2bfq_23,56.97094153922127,70.71763394973812
epigenomics_7226_fast2bfq_24,49.88756039133625,75.16807506344955
epigenomics_7226_fast2bfq_25,36.98276351187312,75.6930296244229
epigenomics_7226_fast2bfq_26,52.73831906932819,89.20035521996923
epigenomics_7226_fast2bfq_27,55.25185461436336,85.28993469075603
epigenomics_7226_fast2bfq_28,48.152790736134754,74.76469720767444
epigenomics_7226_fast2bfq_29,52.992840929166924,81.46038801774716
epigenomics_7226_fast2bfq_30,40.95550385957697,79.88544667380194
epigenomics_7226_fast2bfq_31,35.12429510947746,82.32153478003531
epigenomics_7226_fast2bfq_32,53.18671608902824,81.53654390603694
epigenomics_7226_fast2bfq_33,40.627212072012775,80.29391970332237
epigenomics_7226_fast2bfq_34,38.32099943105751,82.68404651076217
epigenomics_7226_fast2bfq_35,55.79969152236162,78.92060653947887
epigenomics_7226_fast2bfq_36,54.788682103415766,80.78964922948181
epigenomics_7226_fast2bfq_37,52.89985260600617,75.94148465480924
epigenomics_7226_fast2bfq_38,49.608253698884894,92.01930901762333
epigenomics_7226_fast2bfq_39,40.167468879859214,75.72572529210287
epigenomics_7226_fast2bfq_40,44.91595708592888,89.65427497309322
epigenomics_7226_fast2bfq_41,44.86141093281896,82.73540378012572
epigenomics_7226_fast2bfq_42,44.07963027656842,79.44325685872282
epigenomics_7226_fast2bfq_43,42.17151823932712,79.56289733632134
epigenomics_7226_fast2bfq_44,51.61450513479053,79.19260832907821
epigenomics_7226_fast2bfq_45,33.05912191445598,74.20698323877608
epigenomics_7226_fast2bfq_46,53.13126942410048,84.10022017093517
epigenomics_7226_fast2bfq_47,46.495925695771184,86.61799855082022
epigenomics_7226_fast2bfq_48,47.65611252147292,82.39074143946912
epigenomics_7226_fast2bfq_49,47.38212275940283,70.02773619877843
epigenomics_7226_fast2bfq_50,55.45844211000952,72.90810798279693
epigenomics_7226_fast2bfq_51,49.16997853855679,71.02619726728201
epigenomics_7226_fast2bfq_52,45.30729617820498,66.88248691473132
epigenomics_7226_fast2bfq_53,40.91808822527678,76.70347696413941
epigenomics_7226_fast2bfq_54,44.963430578136155,72.8548541630182
epigenomics_7226_fast2bfq_55,42.67340252830216,70.83424794617898
epigenomics_7226_fast2bfq_56,56.92071968304889,77.64927022632655
epigenomics_7226_fast2bfq_57,52.563698784230326,79.7612326464872
epigenomics_7226_fast2bfq_58,44.046672981183406,97.57019557146057
epigenomics_7226_fast2bfq_59,43.21952477715246,73.59887361713595
epigenomics_7226_fast2bfq_60,31.701327913162046,80.42447517705524
epigenomics_7226_fast2bfq_61,49.174589265021254,81.35336442175209
epigenomics_7226_fast2bfq_62,39.41752152514272,74.5248384746375
epigenomics_7226_fast2bfq_63,44.11556246363404,82.24542504899759
epigenomics_7226_fast2bfq_64,46.03255603044992,78.27585638850935
epigenomics_7226_fast2bfq_65,47.82438822883963,77.57874911537303
epigenomics_7226_fast2bfq_66,47.091863343979746,93.15181293054366
epigenomics_7226_fast2bfq_67,55.02304458743841,69.04007861828052
epigenomics_7226_fast2bfq_68,40.350442509817654,74.5490093433817
epigenomics_7226_fast2bfq_69,43.545534107479895,75.37106427438532
epigenomics_7226_fast2bfq_70,44.61996776076792,74.63971946454484
epigenomics_7226_fast2bfq_71,41.75356642939818,59.65177312905366
epigenomics_7226_fast2bfq_72,49.78218258665806,88.0724032446407
epigenomics_7226_fast2bfq_73,47.3813147690181,76.08009593486916
epigenomics_7226_fast2bfq_74,50.47057941559355,80.19243223459159
epigenomics_7226_fast2bfq_75,40.255666910555234,74.2491951750348
epigenomics_7226_fast2bfq_76,49.87917870514663,88.98412638176679
epigenomics_7226_fast2bfq_77,47.07660797478108,84.27134566438993
epigenomics_7226_fast2bfq_78,41.672337253588864,86.18260874450237
epigenomics_7226_fast2bfq_79,39.43849404693565,80.06205891358482
epigenomics_7226_fast2bfq_80,50.33783523161389,80.86252709755925
epigenomics_7226_fast2bfq_81,40.2197100319759,86.52714160469199
epigenomics_7226_fast2bfq_82,50.97177273461402,76.75290633230226
epigenomics_7226_fast2bfq_83,49.938904338872,73.52672350943898
epigenomics_7226_fast2bfq_84,29.12905296605112,72.35377722912547
epigenomics_7226_fast2bfq_85,39.50374631753589,87.54454497100726
epigenomics_7226_fast2bfq_86,46.43154875037585,74.06015147844788
epigenomics_7226_fast2bfq_87,44.5472181148196,82.86899444956686
epigenomics_7226_fast2bfq_88,37.919802735204506,84.94952443517437
epigenomics_7226_fast2bfq_89,38.48099964401847,76.46639752004795
epigenomics_7226_fast2bfq_90,48.36313212391886,79.45160946243678
epigenomics_7226_fast2bfq_91,48.135096500864826,90.95935521146032
epigenomics_7226_fast2bfq_92,44.802446562267605,76.93054518015164
epigenomics_7226_fast2bfq_93,38.520579484088096,84.28452518429731
epigenomics_7226_fast2bfq_94,41.562597116808476,85.96932276256993
epigenomics_7226_fast2bfq_95,45.19273604747253,76.89963899646158
epigenomics_7226_fast2bfq_96,52.27790432202831,85.62234386476038
epigenomics_7226_fast2bfq_97,39.36087879105537,85.53218483980176
epigenomics_7226_fast2bfq_98,53.68889569168176,74.55851068947861
epigenomics_7226_fast2bfq_99,53.76493885633087,66.41235418751783
epigenomics_7226_fast2bfq_100,45.074247406257896,85.33463972577256
epigenomics_7226_fast2bfq_101,49.741924736565466,74.41621894288454
epigenomics_7226_fast2bfq_102,36.23618431056363,81.98499309107608
epigenomics_7226_fast2bfq_103,44.97388613031117,79.55437252583785
epigenomics_7226_fast2bfq_104,48.87391152266292,82.60654340061511
epigenomics_7226_fast2bfq_105,42.967102101314765,85.2826590858918
epigenomics_7226_fast2bfq_106,40.40699239410389,74.08689858252424
epigenomics_7226_fast2bfq_107,44.233887115327015,84.8333551200131
epigenomics_7226_fast2bfq_108,52.28605649070051,71.86616581932829
epigenomics_7226_fast2bfq_109,44.78000819125244,83.49864121595944
epigenomics_7226_fast2bfq_110,48.8351165548696,71.8016572034804
epigenomics_7226_fast2bfq_111,48.33218199101841,80.26931877393929
epigenomics_7226_fast2bfq_112,64.4890171865453,75.32445751801217
epigenomics_7226_fast2bfq_113,55.638988094490884,79.81733133972
epigenomics_7226_fast2bfq_114,47.22945067717331,71.43456879661359
epigenomics_7226_fast2bfq_115,46.915626035768874,77.19543623029257
epigenomics_7226_fast2bfq_116,43.99772848460223,91.07099196391317
epigenomics_7226_fast2bfq_117,41.210494665465745,65.73330543954523
epigenomics_7226_fast2bfq_118,51.144786627291666,86.44415976497399
epigenomics_7226_fast2bfq_119,38.4693362562646,78.78811623253327
epigenomics_7226_fast2bfq_120,29.526711912088132,79.24839581323133
epigenomics_7226_fast2bfq_121,40.35419388440646,73.89477544076655
epigenomics_7226_fast2bfq_122,44.054582545919544,80.96756606344603
epigenomics_7226_fast2bfq_123,45.78190689555355,78.72354739258124
epigenomics_7226_fast2bfq_124,47.97486422102412,82.95666912098915
epigenomics_7226_fast2bfq_125,30.00300972637818,72.90934114379245
epigenomics_7226_fast2bfq_126,40.05566608710893,74.39547237612071
epigenomics_7226_fast2bfq_127,32.46422018101968,82.78344368781497
epigenomics_7226_fast2bfq_128,46.78412811372809,79.20308273540121
epigenomics_7226_fast2bfq_129,61.74357953946726,75.9276523952592
epigenomics_7226_fast2bfq_130,44.43542614683696,85.16006670660606
epigenomics_7226_fast2bfq_131,40.46551784215662,90.37972711786776
epigenomics_7226_fast2bfq_132,38.537110624753055,81.02996016908767
epigenomics_7226_fast2bfq_133,37.276378710783064,83.17687357878421
epigenomics_7226_fast2bfq_134,51.020911836806604,83.20441181454859
epigenomics_7226_fast2bfq_135,48.83223796369157,87.17168779762325
epigenomics_7226_fast2bfq_136,46.76230146465963,87.4665361574274
epigenomics_7226_fast2bfq_137,43.72620985266688,80.21543793537704
epigenomics_7226_fast2bfq_138,53.067942085584235,71.01094516769746
epigenomics_7226_fast2bfq_139,36.77565338582216,89.49052013214835
epigenomics_7226_fast2bfq_140,49.29420106951198,85.22067510326364
epigenomics_7226_fast2bfq_141,62.360146631068346,76.58275027893953
epigenomics_7226_fast2bfq_142,40.098273291255744,85.83113672515682
epigenomics_7226_fast2bfq_143,45.44588882328788,73.85497146473885
epigenomics_7226_fast2bfq_144,43.1132437271836,68.05079208234778
epigenomics_7226_fast2bfq_145,53.89609223003003,83.10941050719391
epigenomics_7226_fast2bfq_146,51.79861059162813,79.07991592342572
epigenomics_7226_fast2bfq_147,37.50376123492017,71.39355487580873
epigenomics_7226_fast2bfq_148,44.83830129653718,80.70611942219438
epigenomics_7226_fast2bfq_149,45.749684509367164,81.56129452301191
epigenomics_7226_fast2bfq_150,32.54316785389045,77.19650642380398
epigenomics_7226_fast2bfq_151,35.214551031841765,70.99268455226868
epigenomics_7226_fast2bfq_152,44.683361812239504,90.5124442946288
epigenomics_7226_fast2bfq_153,27.103382828050307,85.25043853180611
epigenomics_7226_fast2bfq_154,54.88929702933689,68.54673823831936
epigenomics_7226_fast2bfq_155,45.98365353703096,75.02168863401629
epigenomics_7226_fast2bfq_156,35.489151966435465,75.87662251771056
epigenomics_7226_fast2bfq_157,37.649422456084665,95.2211766546294
epigenomics_7226_fast2bfq_158,60.348743462426505,80.18888865351326
epigenomics_7226_fast2bfq_159,40.44866299190744,89.99478027140182
epigenomics_7226_fast2bfq_160,41.22305076562161,74.39031750826325
epigenomics_7226_fast2bfq_161,37.850896361652175,69.3569366209926
epigenomics_7226_fast2bfq_162,51.59384205546154,79.23712304530544
epigenomics_7226_fast2bfq_163,36.75018966401735,83.00851644042251
epigenomics_7226_fast2bfq_164,41.62318995672045,82.22589802884018
epigenomics_7226_fast2bfq_165,46.58146675693748,74.94841164645942
epigenomics_7226_fast2bfq_166,40.748064983830616,83.0759927453041
epigenomics_7226_fast2bfq_167,39.5046061179879,84.64723544371964
epigenomics_7226_fast2bfq_168,40.80288356137519,80.28479658628586
epigenomics_7226_fast2bfq_169,47.45372793268947,82.98542085737587
epigenomics_7226_fast2bfq_170,39.025470849215246,80.9149473533297
epigenomics_7226_fast2bfq_171,54.0955038674399,77.43434032926085
epigenomics_7226_fast2bfq_172,42.49108203035018,71.25563902945859
epigenomics_7226_fast2bfq_173,52.064999806414775,77.9755454464344
epigenomics_7226_fast2bfq_174,42.77886133677988,81.89688854405587
epigenomics_7226_fast2bfq_175,53.74745035941151,76.87509477580832
epigenomics_7226_fast2bfq_176,46.937281734893155,81.152642460728
epigenomics_7226_fast2bfq_177,49.682651244961846,101.3935623788845
epigenomics_7226_fast2bfq_178,34.16614139903114,101.81194460197682
epigenomics_7226_fast2bfq_179,37.24459445136758,72.91520398961836
epigenomics_7226_fast2bfq_180,44.67919333322467,73.4342182547653
epigenomics_7226_fast2bfq_181,33.24876030568357,83.01049522926283
epigenomics_7226_fast2bfq_182,55.8145071899344,80.24214972452019
epigenomics_7226_fast2bfq_183,59.47128307798704,74.74450400109748
epigenomics_7226_fast2bfq_184,42.26180503201616,81.4790937033333
epigenomics_7226_fast2bfq_185,55.404165362133355,70.49000385700192
epigenomics_7226_fast2bfq_186,40.97177969401963,80.18412273923674
epigenomics_7226_fast2bfq_187,47.84800501773248,76.0282130390803
epigenomics_7226_fast2bfq_188,51.88906673706918,76.13766888890962
epigenomics_7226_fast2bfq_189,45.352076713717494,70.81114724081118
epigenomics_7226_fast2bfq_190,34.34401194667871,90.16603392345003
epigenomics_7226_fast2bfq_191,51.018389724843196,72.12977505530719
epigenomics_7226_fast2bfq_192,54.87263624732356,89.23452638576381
epigenomics_7226_fast2bfq_193,43.257980868025356,87.16761709312055
epigenomics_7226_fast2bfq_194,38.92251048441199,89.53475602775411
epigenomics_7226_fast2bfq_195,42.76061328397349,94.04586745211847
epigenomics_7226_fast2bfq_196,34.3162715226307,77.62412391864805
epigenomics_7226_fast2bfq_197,49.922600350502016,81.41873883294612
epigenomics_7226_fast2bfq_198,45.170862543595355,80.03923728352214
epigenomics_7226_fast2bfq_199,42.16518485498676,72.66607188186636
epigenomics_7226_fast2bfq_200,40.1647007624839,84.09036146445493
epigenomics_7226_fast2bfq_201,49.34636710968503,80.62863880421622
epigenomics_7226_fast2bfq_202,48.432297100105664,80.77214315357752
epigenomics_7226_fast2bfq_203,46.13189458495188,81.29384050873281
epigenomics_7226_fast2bfq_204,33.36466270060078,76.7882177266346
epigenomics_7226_fast2bfq_205,49.495604701566826,81.96544348446201
epigenomics_7226_fast2bfq_206,39.055878341467256,84.8098390925791
epigenomics_7226_fast2bfq_207,44.241265403858236,69.52771273372345
epigenomics_7226_fast2bfq_208,37.51475067495832,64.20479774581096
epigenomics_7226_fast2bfq_209,55.42215364662024,83.89381443484461
epigenomics_7226_fast2bfq_210,56.91196714842195,75.28952869687141
epigenomics_7226_fast2bfq_211,39.7601608198057,79.36276732726097
epigenomics_7226_fast2bfq_212,50.347081737155875,88.44175264583686
epigenomics_7226_fast2bfq_213,50.65974390427985,84.43016031761812
epigenomics_7226_fast2bfq_214,43.920458400195365,83.70135660350353
epigenomics_7226_fast2bfq_215,52.35501323500233,82.22924737912821
epigenomics_7226_fast2bfq_216,45.66603844767787,76.05465833106747
epigenomics_7226_fast2bfq_217,49.388099561164026,70.1689976786117
epigenomics_7226_fast2bfq_218,22.571667325803833,76.71530916232878
epigenomics_7226_fast2bfq_219,41.266552708012306,74.6535481830356
epigenomics_7226_fast2bfq_220,48.58626653820124,88.58039315531317
epigenomics_7226_fast2bfq_221,48.63169961044932,92.26414327138201
epigenomics_7226_fast2bfq_222,54.631807488333166,103.5707706300653
epigenomics_7226_fast2bfq_223,46.14187836557889,87.4472028432073
epigenomics_7226_fast2bfq_224,36.7559463462749,76.28745622169596
epigenomics_7226_fast2bfq_225,39.80055293582932,84.90011774621233
epigenomics_7226_fast2bfq_226,47.03181079905594,85.86415020585929
epigenomics_7226_fast2bfq_227,50.685230595381306,81.15975124286769
epigenomics_7226_fast2bfq_228,56.86775423758081,79.92115807274338
epigenomics_7226_fast2bfq_229,35.87139824167743,84.58660750821501
epigenomics_7226_fast2bfq_230,27.46913920640548,75.42597635908768
epigenomics_7226_fast2bfq_231,33.49220032484451,73.68044193457015
epigenomics_7226_fast2bfq_232,48.97469650390899,86.72131554435089
epigenomics_7226_fast2bfq_233,47.92680039220657,79.6804524357629
epigenomics_7226_fast2bfq_234,38.786366323933336,63.34761273430138
epigenomics_7226_fast2bfq_235,45.993839973631474,70.81480712173702
epigenomics_7226_fast2bfq_236,41.85841559059591,78.38863021014829
epigenomics_7226_fast2bfq_237,48.08079893973401,83.15133504725051
epigenomics_7226_fast2bfq_238,42.69451464298904,75.1407848573308
epigenomics_7226_fast2bfq_239,50.77527003834157,91.91121034670691
epigenomics_7226_fast2bfq_240,42.842261328919626,78.75616713897847
epigenomics_7226_fast2bfq_241,56.50033932404452,82.1800121762765
epigenomics_7226_fast2bfq_242,37.34554345521169,79.74693167111552
epigenomics_7226_fast2bfq_243,29.355647737233646,84.12317763146929
epigenomics_7226_fast2bfq_244,43.71766939856748,81.56264197821936
epigenomics_7226_fast2bfq_245,50.74033940675809,75.6996924718515
epigenomics_7226_fast2bfq_246,45.07407983577043,77.82623346220807
epigenomics_7226_fast2bfq_247,40.80103521788882,81.27600864071222
epigenomics_7226_fast2bfq_248,53.94065830158628,86.05927125870117
epigenomics_7226_fast2bfq_249,38.78078059199531,91.31603658011687
epigenomics_7226_fast2bfq_250,48.917758680426246,74.33498759421943
epigenomics_7226_fast2bfq_251,49.45937834638841,69.71198566981336
epigenomics_7226_fast2bfq_252,49.53444505387091,67.35853247086364
epigenomics_7226_fast2bfq_253,36.69679174726694,77.26029835815051
epigenomics_7226_fast2bfq_254,44.31468601052616,91.71092779952382
epigenomics_7226_fast2bfq_255,37.37075500811423,84.3690210517945
epigenomics_7226_fast2bfq_256,46.1003514563459,73.255167543789
epigenomics_7226_fast2bfq_257,58.08229157007019,75.96258722016997
epigenomics_7226_fast2bfq_258,39.32065527442239,81.0133322125898
epigenomics_7226_fast2bfq_259,41.44004906055351,86.06378225949872
epigenomics_7226_fast2bfq_260,52.641290386214266,83.79539954426967
epigenomics_7226_fast2bfq_261,39.03204967444307,80.12898235100374
epigenomics_7226_fast2bfq_262,40.657067600357294,88.1098618670749
epigenomics_7226_fast2bfq_263,40.30805389297908,79.63212881578283
epigenomics_7226_fast2bfq_264,34.13186639702255,74.53150405243626
epigenomics_7226_fast2bfq_265,53.38191674123076,70.70036234107977
epigenomics_7226_fast2bfq_266,49.81117418937334,80.21688310399331
epigenomics_7226_fast2bfq_267,41.90357133823691,67.34206840654998
epigenomics_7226_fast2bfq_268,45.3406376293891,87.93015548921295
epigenomics_7226_fast2bfq_269,55.98802165571118,71.43581529356759
epigenomics_7226_fast2bfq_270,49.42478038905911,84.35788389564497
epigenomics_7226_fast2bfq_271,37.89811081946948,75.50472271968484
epigenomics_7226_fast2bfq_272,39.72845607648388,76.55940716721234
epigenomics_7226_fast2bfq_273,44.592129321537804,74.57345094565994
epigenomics_7226_fast2bfq_274,47.04052088164053,81.82779748267143
epigenomics_7226_fast2bfq_275,50.07379314407681,91.78692775788194
epigenomics_7226_fast2bfq_276,38.6916381211272,81.37396909098948
epigenomics_7226_fast2bfq_277,41.370605815736226,75.73167880666566
epigenomics_7226_fast2bfq_278,40.06478153329146,78.37391600479928
epigenomics_7226_fast2bfq_279,47.60734322091077,79.3427879831793
epigenomics_7226_fast2bfq_280,45.76483845534262,77.84434509958773
epigenomics_7226_fast2bfq_281,40.01118764365491,94.01491331324263
epigenomics_7226_fast2bfq_282,41.14887640413987,82.19612468109013
epigenomics_7226_fast2bfq_283,39.54614268070718,78.8815447971045
epigenomics_7226_fast2bfq_284,35.23971552950262,79.34224005509651
epigenomics_7226_fast2bfq_285,43.18744464619804,71.7987464719496
epigenomics_7226_fast2bfq_286,35.661133372019165,78.73338840660674
epigenomics_7226_fast2bfq_287,45.58921536213288,72.69511203048636
epigenomics_7226_fast2bfq_288,54.57042432174435,81.31542760602335
epigenomics_7226_fast2bfq_289,36.04122530755779,69.51491351766234
epigenomics_7226_fast2bfq_290,53.809106453686745,76.12892859622694
epigenomics_7226_fast2bfq_291,41.860367910355095,66.18240197742955
epigenomics_7226_fast2bfq_292,36.78342251612874,85.19748977782166
epigenomics_7226_fast2bfq_293,46.71971375209732,73.02715572632407
epigenomics_7226_fast2bfq_294,46.36866753714814,74.1972833925768
epigenomics_7226_fast2bfq_295,46.303291641985474,68.6253425424179
epigenomics_7226_fast2bfq_296,42.50717405818775,83.82988282663169
epigenomics_7226_fast2bfq_297,38.069626716764056,76.49007624472071
epigenomics_7226_fast2bfq_298,30.476825807956633,83.16052709027176
epigenomics_7226_fast2bfq_299,47.91078341913909,73.90099459218808
epigenomics_7226_fast2bfq_300,51.75850514546006,70.40053786454708
epigenomics_7226_fast2bfq_301,40.075202271904246,76.18790951128443
epigenomics_7226_fast2bfq_302,39.02449602309585,80.00021080581358
epigenomics_7226_fast2bfq_303,53.12493364393617,76.7764802420918
epigenomics_7226_fast2bfq_304,42.704772802624674,82.59887246664107
epigenomics_7226_fast2bfq_305,38.00226732664223,87.96207872356982
epigenomics_7226_fast2bfq_306,51.438103973535846,87.20208282873115
epigenomics_7226_fast2bfq_307,46.826413520656196,88.44570776820123
epigenomics_7226_fast2bfq_308,48.07797009564518,81.47209667164866
epigenomics_7226_fast2bfq_309,47.64163374686681,71.6181324364718
epigenomics_7226_fast2bfq_310,55.78551178812293,71.14810986161018
epigenomics_7226_fast2bfq_311,43.15887878613337,79.78432474111735
epigenomics_7226_fast2bfq_312,63.12044518605503,74.57699204776512
epigenomics_7226_fast2bfq_313,48.85415358169858,86.69384374694074
epigenomics_7226_fast2bfq_314,52.014586311565154,94.6976684186758
epigenomics_7226_fast2bfq_315,42.65122112097345,66.19608917079488
epigenomics_7226_fast2bfq_316,49.00282559546223,75.9390006568916
epigenomics_7226_fast2bfq_317,47.92679797408683,75.13928650159697
epigenomics_7226_fast2bfq_318,43.11829840035728,88.25034033605431
epigenomics_7226_fast2bfq_319,28.842334993977722,84.40739149794618
epigenomics_7226_fast2bfq_320,50.00981652023617,86.94852260901337
epigenomics_7226_fast2bfq_321,41.948969577849645,91.9187543097358
epigenomics_7226_fast2bfq_322,40.10673623498379,83.46139666490562
epigenomics_7226_fast2bfq_323,37.20906687802021,89.34742126530946
epigenomics_7226_fast2bfq_324,37.07748784347117,83.955734949843
epigenomics_7226_fast2bfq_325,55.764937883849285,77.09033616868588
epigenomics_7226_fast2bfq_326,41.6348622596147,65.97018454980787
epigenomics_7226_fast2bfq_327,47.41294854131585,83.89761620625357
epigenomics_7226_fast2bfq_328,43.6492974260575,87.74939550533756
epigenomics_7226_fast2bfq_329,36.96416667735318,86.03842277799448
epigenomics_7226_fast2bfq_330,49.553238805683705,75.72449346781954
epigenomics_7226_fast2bfq_331,45.84341195052415,79.82318671919452
epigenomics_7226_fast2bfq_332,49.504485894867486,83.22988464219999
epigenomics_7226_fast2bfq_333,40.65102472184477,82.57631303122145
epigenomics_7226_fast2bfq_334,48.227703751321016,84.21967512132092
epigenomics_7226_fast2bfq_335,44.77833974602545,97.57880811777905
epigenomics_7226_fast2bfq_336,45.22495001761245,81.36904077654623
epigenomics_7226_fast2bfq_337,49.301762474035954,97.42126653920755
epigenomics_7226_fast2bfq_338,52.304943297777186,75.79759719501496
epigenomics_7226_fast2bfq_339,46.8640145149271,68.16484776314086
epigenomics_7226_fast2bfq_340,54.18312979959626,81.057669274527
epigenomics_7226_fast2bfq_341,42.10985306103532,78.64783816938282
epigenomics_7226_fast2bfq_342,39.65405065132878,63.74385769643429
epigenomics_7226_fast2bfq_343,45.30147909033181,87.13852450038979
epigenomics_7226_fast2bfq_344,44.76508432658263,63.799451661023625
epigenomics_7226_fast2bfq_345,56.043833812709245,89.15379862380365
epigenomics_7226_fast2bfq_346,54.358265170041356,86.61103337489267
epigenomics_7226_fast2bfq_347,40.04567447068985,81.98731840578415
epigenomics_7226_fast2bfq_348,37.52319130675855,83.3967779485072
epigenomics_7226_fast2bfq_349,48.87355338102407,76.00942393995574
epigenomics_7226_fast2bfq_350,37.53335875586387,74.6448487581584
epigenomics_7226_fast2bfq_351,49.08350238735071,79.3350472746666
epigenomics_7226_fast2bfq_352,49.66093223992439,76.03259667863549
epigenomics_7226_fast2bfq_353,38.72386818106163,85.73451839197777
epigenomics_7226_fast2bfq_354,50.32497237167504,82.22837208847292
epigenomics_7226_fast2bfq_355,45.61796686916649,82.1003225020511
epigenomics_7226_fast2bfq_356,34.52244547254788,85.87221793998425
epigenomics_7226_fast2bfq_357,50.715999734626116,90.20479777661387
epigenomics_7226_fast2bfq_358,33.18195688061873,88.75629649113765
epigenomics_7226_fast2bfq_359,35.22859718717679,77.51936728905139
epigenomics_7226_fast2bfq_360,48.99873643957909,85.47364359546341
epigenomics_7226_fast2bfq_361,40.97126285323276,60.52008895450142
epigenomics_7226_fast2bfq_362,36.159614002195525,68.58491325969071
epigenomics_7226_fast2bfq_363,37.24442929523043,71.78654471014625
epigenomics_7226_fast2bfq_364,39.90312416313076,75.97546701527975
epigenomics_7226_fast2bfq_365,48.34817071829166,84.2316146632876
epigenomics_7226_fast2bfq_366,48.03829621063626,84.09683490024483
epigenomics_7226_fast2bfq_367,40.675251191243134,83.68763392737227
epigenomics_7226_fast2bfq_368,40.72335013237745,85.04861414167001
epigenomics_7226_fast2bfq_369,40.8705047007213,84.02309767626652
epigenomics_7226_fast2bfq_370,47.20627916294626,85.88950899167511
epigenomics_7226_fast2bfq_371,56.30147089128664,81.83309965795266
epigenomics_7226_fast2bfq_372,42.36201887528544,76.2441360248194
epigenomics_7226_fast2bfq_373,44.38257383358198,75.48750626445205
epigenomics_7226_fast2bfq_374,47.3692609643053,75.75400571116951
epigenomics_7226_fast2bfq_375,35.58293236286537,86.09791411817743
epigenomics_7226_fast2bfq_376,49.63763802915815,86.54644564541678
epigenomics_7226_fast2bfq_377,53.427919056658055,81.06652612744996
epigenomics_7226_fast2bfq_378,55.819988197804584,82.62952778989705
epigenomics_7226_fast2bfq_379,28.392774165416256,92.83188109245809
epigenomics_7226_fast2bfq_380,55.67962870353415,87.25482194068624
epigenomics_7226_fast2bfq_381,32.59554322672189,81.307692437501
epigenomics_7226_fast2bfq_382,39.800379815560675,85.2320949496953
epigenomics_7226_fast2bfq_383,34.2866944831412,73.25853077680769
epigenomics_7226_fast2bfq_384,51.19376651847626,79.43279600743764
epigenomics_7226_fast2bfq_385,30.685151922360042,79.81125312831018
epigenomics_7226_fast2bfq_386,51.970235708110486,77.63248785836335
epigenomics_7226_fast2bfq_387,45.71365657111252,78.94543015729992
epigenomics_7226_fast2bfq_388,54.84453995426402,88.16913628065471
epigenomics_7226_fast2bfq_389,52.30494246363374,79.23174750978819
epigenomics_7226_fast2bfq_390,37.86874186977201,76.23243729523051
epigenomics_7226_fast2bfq_391,51.531265270936196,87.05853331037508
epigenomics_7226_fast2bfq_392,56.781370681744576,82.28702736179808
epigenomics_7226_fast2bfq_393,49.08681395499835,83.58656618673432
epigenomics_7226_fast2bfq_394,56.3348935001421,81.24063902166746
epigenomics_7226_fast2bfq_395,52.04348327469773,69.61364701281522
epigenomics_7226_fast2bfq_396,49.39543258759616,73.10164935556442
epigenomics_7226_fast2bfq_397,44.5476684606242,87.82539783207109
epigenomics_7226_fast2bfq_398,46.86221986190103,77.13151346811738
epigenomics_7226_fast2bfq_399,45.388681902898284,63.942991094422496
epigenomics_7226_fast2bfq_400,37.066209421104965,76.35546926436216
epigenomics_7226_fast2bfq_401,53.21948449242629,80.27271548689797
epigenomics_7226_fast2bfq_402,40.819728495959104,66.04098582430598
epigenomics_7226_fast2bfq_403,43.0628631611834,81.4744775373065
epigenomics_7226_fast2bfq_404,35.519916362715634,78.2165529085215
epigenomics_7226_fast2bfq_405,33.68835586583638,79.24468234867155
epigenomics_7226_fast2bfq_406,44.53511811909612,78.9281687164069
epigenomics_7226_fast2bfq_407,42.06693766984716,84.40132460683824
epigenomics_7226_fast2bfq_408,43.57812684244378,76.76492151135196
epigenomics_7226_fast2bfq_409,35.71701296562428,81.80092689860678
epigenomics_7226_fast2bfq_410,48.60683138685277,66.0712777266509
epigenomics_7226_fast2bfq_411,30.439511205624143,71.3977862258721
epigenomics_7226_fast2bfq_412,35.81578078808013,88.56174328649399
epigenomics_7226_fast2bfq_413,51.29686814363663,100.46111674340747
epigenomics_7226_fast2bfq_414,44.67542706283017,74.79348128679075
epigenomics_7226_fast2bfq_415,49.57797033018877,83.21000196965889
epigenomics_7226_fast2bfq_416,42.164314294821615,92.35107867780269
epigenomics_7226_fast2bfq_417,42.21388100250559,80.2788488329426
epigenomics_7226_fast2bfq_418,43.040380737384005,73.95205206414991
epigenomics_7226_fast2bfq_419,37.594305475504775,90.50252510591739
epigenomics_7226_fast2bfq_420,36.202353702548926,80.92200295552227
epigenomics_7226_fast2bfq_421,25.259392705229036,81.46562424346077
epigenomics_7226_fast2bfq_422,60.813649150626894,81.8638443342959
epigenomics_7226_fast2bfq_423,43.62907340136475,69.53438064954267
epigenomics_7226_fast2bfq_424,51.62654751218701,83.71626671835541
epigenomics_7226_fast2bfq_425,35.77161887615962,70.78836465354283
epigenomics_7226_fast2bfq_426,43.673188518970065,85.64234047958685
epigenomics_7226_fast2bfq_427,47.418201453309834,84.13476438018805
epigenomics_7226_fast2bfq_428,47.98883718240882,88.35323692568241
epigenomics_7226_fast2bfq_429,40.260766350185136,88.75358188358929
epigenomics_7226_fast2bfq_430,49.22506282376189,70.0219438685961
epigenomics_7226_fast2bfq_431,38.80277110381785,70.51452171746438
epigenomics_7226_fast2bfq_432,41.129546611776995,71.54733276557691
epigenomics_7226_fast2bfq_433,49.75555856998822,89.35690168198482
epigenomics_7226_fast2bfq_434,50.375041967874154,88.0421346956218
epigenomics_7226_fast2bfq_435,44.19983784946127,85.26304447858399
epigenomics_7226_fast2bfq_436,51.08696023088424,78.88078873105638
epigenomics_7226_fast2bfq_437,34.46236297355828,81.45509640150803
epigenomics_7226_fast2bfq_438,41.68229374807712,83.79039761900924
epigenomics_7226_fast2bfq_439,45.98091561654831,81.71735216835538
epigenomics_7226_fast2bfq_440,33.65401988104605,81.99376501904808
epigenomics_7226_fast2bfq_441,38.48286989774889,80.67107752222577
epigenomics_7226_fast2bfq_442,45.92397474867489,83.42817424672964
epigenomics_7226_fast2bfq_443,41.439695512881976,82.29666971845727
epigenomics_7226_fast2bfq_444,50.4796853755161,73.23252289813213
epigenomics_7226_fast2bfq_445,43.96907299795337,81.77191851836496
epigenomics_7226_fast2bfq_446,41.485280008240586,82.57822904585713
epigenomics_7226_fast2bfq_447,33.261055834035616,74.92983830995084
epigenomics_7226_fast2bfq_448,47.84700572949427,75.94354081562138
epigenomics_7226_fast2bfq_449,42.849333344112864,74.01431262064658
epigenomics_7226_fast2bfq_450,42.193821318560474,84.13165923329575
epigenomics_7226_fast2bfq_451,39.33849011732473,82.85195724234386
epigenomics_7226_fast2bfq_452,48.947940891659314,88.09533198195072
epigenomics_7226_fast2bfq_453,57.22509450967831,75.06749170105881
epigenomics_7226_fast2bfq_454,37.90481842798826,77.52721589350527
epigenomics_7226_fast2bfq_455,45.944621938423644,84.43366897881528
epigenomics_7226_fast2bfq_456,44.39186847885842,85.8679931150307
epigenomics_7226_fast2bfq_457,47.76457303588246,81.12064372983481
epigenomics_7226_fast2bfq_458,49.580242881400466,75.70235908627193
epigenomics_7226_fast2bfq_459,45.07004602761629,91.05271754798656
epigenomics_7226_fast2bfq_460,45.83102979624597,73.92601191682252
epigenomics_7226_fast2bfq_461,48.410686161732855,76.4724741702381
epigenomics_7226_fast2bfq_462,44.72630761072101,95.54635207932395
epigenomics_7226_fast2bfq_463,42.2639685165442,83.96807580137045
epigenomics_7226_fast2bfq_464,55.23191966074376,79.8817771975049
epigenomics_7226_fast2bfq_465,40.242898203854566,82.39651774548223
epigenomics_7226_fast2bfq_466,58.77746982333587,81.46153626726576
epigenomics_7226_fast2bfq_467,54.89908010287281,82.97760112874865
epigenomics_7226_fast2bfq_468,47.78124606847533,85.31002928788755
epigenomics_7226_fast2bfq_469,39.010540482466816,87.60794117137414
epigenomics_7226_fast2bfq_470,41.24075954152607,82.82918492641082
epigenomics_7226_fast2bfq_471,38.70360537376374,78.07359663757208
epigenomics_7226_fast2bfq_472,44.21804297738047,88.69799511110409
epigenomics_7226_fast2bfq_473,44.61219477286202,71.44325096893793
epigenomics_7226_fast2bfq_474,54.30725925420285,73.48434396493185
epigenomics_7226_fast2bfq_475,29.30082132909592,77.27291575592201
epigenomics_7226_fast2bfq_476,47.26839423137125,67.31261479007173
epigenomics_7226_fast2bfq_477,54.329458833727585,74.0459458006718
epigenomics_7226_fast2bfq_478,37.65360766195691,81.42521541038496
epigenomics_7226_fast2bfq_479,34.26484299888081,86.90944463225107
epigenomics_7226_fast2bfq_480,37.479253284737844,77.56209424101716
epigenomics_7226_fast2bfq_481,40.612180937386555,76.23089334565145
epigenomics_7226_fast2bfq_482,44.585822494357934,75.50377833410036
epigenomics_7226_fast2bfq_483,37.3491425692596,77.28060641813599
epigenomics_7226_fast2bfq_484,48.94073352285185,85.76485267731096
epigenomics_7226_fast2bfq_485,50.503621418946935,84.80369571902776
epigenomics_7226_fast2bfq_486,38.119947281084364,76.07126492958243
epigenomics_7226_fast2bfq_487,47.395250038715226,74.29324977526193
epigenomics_7226_fast2bfq_488,35.91983451693242,72.12066012465151
epigenomics_7226_fast2bfq_489,47.166906513490346,75.92817213929185
epigenomics_7226_fast2bfq_490,53.278524974956824,84.18847637367037
epigenomics_7226_fast2bfq_491,50.088169631051144,88.08305493571514
epigenomics_7226_fast2bfq_492,47.528691797746944,86.6721377573233
epigenomics_7226_fast2bfq_493,40.522213522874424,74.51117526044499
epigenomics_7226_fast2bfq_494,46.306071307930154,81.78095866904864
epigenomics_7226_fast2bfq_495,47.44011124943214,74.04373378871304
epigenomics_7226_fast2bfq_496,49.21868781359607,68.69378615818027
epigenomics_7226_fast2bfq_497,44.293244536227895,75.45875457045929
epigenomics_7226_fast2bfq_498,48.702426402269985,82.14685762728016
epigenomics_7226_fast2bfq_499,50.980463777603475,70.8808864281338
epigenomics_7226_map_0,9863.780370260674,190.0481811367928
epigenomics_7226_map_1,9921.791000064515,184.6264282251387
epigenomics_7226_map_2,9266.439344646846,176.83630474841357
epigenomics_7226_map_3,9310.984561902362,181.00814690135377
epigenomics_7226_map_4,10215.295565201925,185.59965075814262
epigenomics_7226_map_5,9925.913221715295,190.5258074003722
epigenomics_7226_map_6,9938.73222049141,191.62924670726184
epigenomics_7226_map_7,9722.074442730393,189.79404533091247
epigenomics_7226_map_8,9435.000681377725,183.47286488327447
epigenomics_7226_map_9,9888.974145037328,191.56630443020504
epigenomics_7226_map_10,9714.399198843807,184.26462139411237
epigenomics_7226_map_11,10498.112815309374,186.15717817071487
epigenomics_7226_map_12,10477.665802723563,177.75918088451957
epigenomics_7226_map_13,10651.113421111828,174.57256470459083
epigenomics_7226_map_14,9916.89047054683,187.89143507653057
epigenomics_7226_map_15,9763.592808584826,182.46824150959603
epigenomics_7226_map_16,11287.026061749988,184.71446320389185
epigenomics_7226_map_17,9504.860224409245,190.1817924912449
epigenomics_7226_map_18,9888.520789323262,178.3090223956522
epigenomics_7226_map_19,9766.613197652137,192.6036772249147
epigenomics_7226_map_20,9590.199348736207,180.13947385684878
epigenomics_7226_map_21,9881.978258234363,187.9761373447072
epigenomics_7226_map_22,10844.248013987471,190.45334134386914
epigenomics_7226_map_23,10565.569373559698,183.20306612859798
epigenomics_7226_map_24,11085.17044558782,183.10223332001058
epigenomics_7226_map_25,9558.946355104063,181.260377862964
epigenomics_7226_map_26,9999.794893776427,187.17353131201577
epigenomics_7226_map_27,10602.313312902515,189.78227924921492
epigenomics_7226_map_28,10794.236679222415,182.4509999325486
epigenomics_7226_map_29,9499.086307367035,186.16497626718095
epigenomics_7226_map_30,9559.190465969112,190.77196985803957
epigenomics_7226_map_31,10206.187074152318,191.81483592293608
epigenomics_7226_map_32,10025.948841022539,180.19642479838714
epigenomics_7226_map_33,9077.352217304653,178.28597801146347
epigenomics_7226_map_34,9543.737368304188,193.09003936213426
epigenomics_7226_map_35,10031.41340362723,178.54353414826636
epigenomics_7226_map_36,11322.512432499117,190.0246936947342
epigenomics_7226_map_37,9384.223516971477,192.8190349414146
epigenomics_7226_map_38,9240.482396415455,188.68435644943509
epigenomics_7226_map_39,10479.358568113432,181.3416200731848
epigenomics_7226_map_40,9902.273243720212,185.93960979818712
epigenomics_7226_map_41,10138.675718060382,177.1286064553396
epigenomics_7226_map_42,10072.23987186725,195.56082045012806
epigenomics_7226_map_43,9098.053756556552,184.68952123568317
epigenomics_7226_map_44,9816.171853441181,178.57389550052935
epigenomics_7226_map_45,9018.261099559033,178.5777209872199
epigenomics_7226_map_46,10075.47523575233,172.91662500587486
epigenomics_7226_map_47,10290.665530268352,189.35803249131075
epigenomics_7226_map_48,10085.820311701227,181.78632565353155
epigenomics_7226_map_49,9763.37505622313,181.14634308180325
epigenomics_7226_map_50,10260.448695813913,183.00240503944292
epigenomics_7226_map_51,9871.758014732957,192.86664450319623
epigenomics_7226_map_52,10136.96421966153,183.69229166932755
epigenomics_7226_map_53,9827.714438337429,187.6852635682671
epigenomics_7226_map_54,10097.402025023648,184.4290329555475
epigenomics_7226_map_55,9801.183921122929,185.39461575577644
epigenomics_7226_map_56,9939.205164469146,187.94923274389205
epigenomics_7226_map_57,10049.973621050985,181.1024046909976
epigenomics_7226_map_58,9720.88701970047,191.67220799573877
epigenomics_7226_map_59,10591.899932672995,185.52602854160642
epigenomics_7226_map_60,9470.062765057997,180.83606910296513
epigenomics_7226_map_61,10337.921369459298,189.73993700524935
epigenomics_7226_map_62,10158.20927824543,187.65847881840045
epigenomics_7226_map_63,10205.198889736406,184.38100465755275
epigenomics_7226_map_64,9925.399657662234,179.29265665052617
epigenomics_7226_map_65,10667.012817526835,181.12123726956142
epigenomics_7226_map_66,10572.234185281102,181.17696172253798
epigenomics_7226_map_67,10654.839899670167,182.9746708113951
epigenomics_7226_map_68,10530.11033549729,178.4477071188195
epigenomics_7226_map_69,9991.38221027665,188.2391833503669
epigenomics_7226_map_70,10618.706984417107,191.90465571088473
epigenomics_7226_map_71,10182.210082438676,176.18000514800906
epigenomics_7226_map_72,10771.67299585316,187.707902010486
epigenomics_7226_map_73,9905.215279849386,180.98553450130282
epigenomics_7226_map_74,9818.273931433901,180.78914090682736
epigenomics_7226_map_75,10796.392758045733,189.51254035878884
epigenomics_7226_map_76,9623.846364742878,187.22715765498106
epigenomics_7226_map_77,10022.645871267841,190.76836791513517
epigenomics_7226_map_78,9844.282630076008,188.2237795690032
epigenomics_7226_map_79,9634.86648264796,177.8628504583898
epigenomics_7226_map_80,9697.937030349412,192.39496131884462
epigenomics_7226_map_81,10235.320862677336,185.68854342667345
epigenomics_7226_map_82,9525.142119882934,191.32503532798205
epigenomics_7226_map_83,11474.550858423854,180.23030717262313
epigenomics_7226_map_84,10488.7751801531,177.8745944616229
epigenomics_7226_map_85,9645.966047303102,188.3100723022973
epigenomics_7226_map_86,10446.490447783912,182.08246413766787
epigenomics_7226_map_87,10562.867117669388,179.80146717981702
epigenomics_7226_map_88,9951.223162305429,180.09353005416565
epigenomics_7226_map_89,10143.87604727931,179.44826585274922
epigenomics_7226_map_90,9638.015540901763,173.96614826406864
epigenomics_7226_map_91,9493.243229912858,177.69588651410183
epigenomics_7226_map_92,10466.247391026976,179.34149865591144
epigenomics_7226_map_93,9788.066395679103,193.4970596677187
epigenomics_7226_map_94,9908.234603373632,186.7141776234982
epigenomics_7226_map_95,9990.858284494441,181.97397448947376
epigenomics_7226_map_96,11354.158802929283,188.20166991774084
epigenomics_7226_map_97,9152.892090272862,174.4314730751185
epigenomics_7226_map_98,10107.733128263972,184.22513985857802
epigenomics_7226_map_99,11423.674407603117,184.00579114451065
epigenomics_7226_map_100,8932.55533222636,172.1520572995793
epigenomics_7226_map_101,10416.664026712777,184.7829115614093
epigenomics_7226_map_102,10206.10499295363,181.49335496980825
epigenomics_7226_map_103,10234.676665060471,183.33224415622436
epigenomics_7226_map_104,10769.117625772502,183.79079174092593
epigenomics_7226_map_105,9721.006606911484,189.60133634059645
epigenomics_7226_map_106,10388.597063762963,184.79608659152944
epigenomics_7226_map_107,9114.300206742586,188.6892145134297
epigenomics_7226_map_108,9965.090780919707,190.80088140383248
epigenomics_7226_map_109,10066.4152947355,184.01326399771304
epigenomics_7226_map_110,10688.437648890054,190.82964046526328
epigenomics_7226_map_111,10692.842631160112,185.0406063058868
epigenomics_7226_map_112,10244.729166918565,191.73336664875396
epigenomics_7226_map_113,10176.180139097247,187.20346792163545
epigenomics_7226_map_114,10303.318327592442,177.84794268516234
epigenomics_7226_map_115,9734.417429066847,189.0722500851968
epigenomics_7226_map_116,10241.073446498973,177.35349946167813
epigenomics_7226_map_117,10006.286074030859,180.8374766691234
epigenomics_7226_map_118,10015.283912292009,177.85943494529835
epigenomics_7226_map_119,10499.395204552298,189.9219146198459
epigenomics_7226_map_120,10294.78410571815,178.57380617196023
epigenomics_7226_map_121,8845.902730487705,184.7796982149918
epigenomics_7226_map_122,10455.962419455971,186.0128229885994
epigenomics_7226_map_123,10198.087353699573,179.43302438968206
epigenomics_7226_map_124,9772.037230654949,183.1724724709136
epigenomics_7226_map_125,10305.01013060555,185.36642154355152
epigenomics_7226_map_126,10396.307496244672,180.7085766673941
epigenomics_7226_map_127,9446.587809518542,196.07532773198545
epigenomics_7226_map_128,10388.860103284826,184.20403138926613
epigenomics_7226_map_129,9729.01627139507,192.60461849876447
epigenomics_7226_map_130,9944.04135356708,185.87266182966695
epigenomics_7226_map_131,9962.743295289107,182.72653166761563
epigenomics_7226_map_132,9792.625433706045,189.09809264555216
epigenomics_7226_map_133,9975.777369619078,188.47158690007737
epigenomics_7226_map_134,9527.690745566917,184.68237746933542
epigenomics_7226_map_135,9711.860483519295,181.3301039202835
epigenomics_7226_map_136,9645.313508277864,181.26785809274037
epigenomics_7226_map_137,10324.645861227395,186.99173605899992
epigenomics_7226_map_138,10401.19241811043,183.6679647290755
epigenomics_7226_map_139,10055.430875657887,198.29539672330014
epigenomics_7226_map_140,10029.758816546022,185.58237116981647
epigenomics_7226_map_141,9745.89157914975,176.448378005819
epigenomics_7226_map_142,10066.267564084294,184.1775391198777
epigenomics_7226_map_143,10316.040584785964,183.13675095892594
epigenomics_7226_map_144,10025.691598279958,189.70714909425215
epigenomics_7226_map_145,9690.950013579073,177.58156671030636
epigenomics_7226_map_146,10416.833400063204,188.61577791670155
epigenomics_7226_map_147,10450.93060811406,182.30281153759572
epigenomics_7226_map_148,9654.97754356643,186.87999012679091
epigenomics_7226_map_149,9339.073725406037,181.72976816484234
epigenomics_7226_map_150,9516.921561172354,180.29353315786312
epigenomics_7226_map_151,9951.042383988157,179.89173470691662
epigenomics_7226_map_152,8982.600158699393,182.62151010679503
epigenomics_7226_map_153,8594.637496081283,183.02766330848044
epigenomics_7226_map_154,10064.853089739268,187.56803527671278
epigenomics_7226_map_155,11044.246501903383,184.63647199302358
epigenomics_7226_map_156,10595.570980309078,180.20994177310396
epigenomics_7226_map_157,9941.496103098678,183.63268839058296
epigenomics_7226_map_158,9312.899871418163,183.1687864748628
epigenomics_7226_map_159,9368.362549131747,190.86883171931848
epigenomics_7226_map_160,10447.392028247463,187.16012409881307
epigenomics_7226_map_161,9498.25317705733,182.7613483288163
epigenomics_7226_map_162,10107.984767708214,180.52157213231266
epigenomics_7226_map_163,9272.25878514337,180.58349664376865
epigenomics_7226_map_164,10251.928873768418,185.9431785305796
epigenomics_7226_map_165,9439.647842339722,188.28306823418689
epigenomics_7226_map_166,10516.65417526756,179.98416385326306
epigenomics_7226_map_167,9935.671236613462,193.03778518600083
epigenomics_7226_map_168,10530.145502589994,185.30026570083265
epigenomics_7226_map_169,10009.080445979815,188.33796485182967
epigenomics_7226_map_170,9629.019147262885,188.51467913994924
epigenomics_7226_map_171,9879.958016373039,178.86099610139846
epigenomics_7226_map_172,9699.639414889316,187.37178293755534
epigenomics_7226_map_173,11010.069964906452,190.6600170520816
epigenomics_7226_map_174,10404.598787489425,180.52881720598535
epigenomics_7226_map_175,10256.382153233355,173.6624973868579
epigenomics_7226_map_176,9843.973520214846,185.0093663635782
epigenomics_7226_map_177,9812.602620435451,185.70623465626485
epigenomics_7226_map_178,10265.231065370726,185.68901495240294
epigenomics_7226_map_179,10396.392804156274,184.78849007495728
epigenomics_7226_map_180,10035.713222737695,184.7072676227515
epigenomics_7226_map_181,10406.553428359886,181.26310533983437
epigenomics_7226_map_182,10714.490165568923,190.77352514532512
epigenomics_7226_map_183,10190.179059508246,187.58445664126623
epigenomics_7226_map_184,9878.396341196973,191.96518876860804
epigenomics_7226_map_185,10471.140965860704,183.144085529812
epigenomics_7226_map_186,9768.923850121175,184.44079844727455
epigenomics_7226_map_187,9939.834298981446,195.35561728176046
epigenomics_7226_map_188,9539.530287063606,194.8560132674407
epigenomics_7226_map_189,9824.976556859965,183.78013820000012
epigenomics_7226_map_190,10405.522813650263,182.47126230536313
epigenomics_7226_map_191,10044.148076252364,182.07666600846196
epigenomics_7226_map_192,10019.870371777619,181.72805315669947
epigenomics_7226_map_193,9418.097113299329,179.9049679087033
epigenomics_7226_map_194,10268.603641797064,183.2762631834721
epigenomics_7226_map_195,9820.217304301343,182.4319859795846
epigenomics_7226_map_196,10728.715800336882,182.1772628424861
epigenomics_7226_map_197,10342.944087602795,182.77164958528326
epigenomics_7226_map_198,10087.449816310243,188.41109063364638
epigenomics_7226_map_199,9440.720218829489,192.38657086838285
epigenomics_7226_map_200,9522.25960918458,193.39455917480515
epigenomics_7226_map_201,9880.490984998136,187.51493247311174
epigenomics_7226_map_202,10439.202125557602,189.33428318958673
epigenomics_7226_map_203,9493.44297246333,185.09274475536412
epigenomics_7226_map_204,10551.24356734544,183.30594798230925
epigenomics_7226_map_205,9610.318226472218,185.06149421842895
epigenomics_7226_map_206,9841.088936019089,186.18536402571976
epigenomics_7226_map_207,10785.215521325483,182.81639311250368
epigenomics_7226_map_208,10308.296573994454,188.05353420945266
epigenomics_7226_map_209,10482.81036556206,186.7171029325651
epigenomics_7226_map_210,9496.291669599896,179.45955480969832
epigenomics_7226_map_211,10063.599351341309,180.4288782805865
epigenomics_7226_map_212,10195.915871718684,186.52270394348116
epigenomics_7226_map_213,10493.642556858409,182.87418718395142
epigenomics_7226_map_214,10088.374986789308,181.53041302338605
epigenomics_7226_map_215,10218.920765596922,194.09520110234024
epigenomics_7226_map_216,10355.43342378223,185.9273433132308
epigenomics_7226_map_217,10422.587869894753,185.1193415546711
epigenomics_7226_map_218,9959.496731236664,181.3706456137927
epigenomics_7226_map_219,10101.750333145455,183.5880273881014
epigenomics_7226_map_220,10624.934612451838,182.67297394352164
epigenomics_7226_map_221,9441.93450427946,180.43288195644442
epigenomics_7226_map_222,9810.640243954604,188.42088027899408
epigenomics_7226_map_223,10159.358880907079,183.784817353911
epigenomics_7226_map_224,9300.406376217323,196.2101763630446
epigenomics_7226_map_225,9430.538404178566,193.96580474111076
epigenomics_7226_map_226,9289.600501194924,177.65953236610386
epigenomics_7226_map_227,9265.323797986057,186.21440735469193
epigenomics_7226_map_228,10045.358577460018,183.35849579295942
epigenomics_7226_map_229,10411.14946312416,186.6782167492812
epigenomics_7226_map_230,10443.474171710426,178.5077304061997
epigenomics_7226_map_231,9478.339103087186,183.75407945722412
epigenomics_7226_map_232,10320.228581264282,184.54933752144012
epigenomics_7226_map_233,11268.179532064669,183.45323018424114
epigenomics_7226_map_234,9583.758270079365,190.74411999784684
epigenomics_7226_map_235,10131.003479759911,186.02834250003392
epigenomics_7226_map_236,10564.177881436626,186.81402748182555
epigenomics_7226_map_237,9936.137997557904,182.8670709478104
epigenomics_7226_map_238,10521.484693100861,184.25639807618185
epigenomics_7226_map_239,9493.89921250261,185.32703213323168
epigenomics_7226_map_240,9295.231520876883,183.0767732962767
epigenomics_7226_map_241,9516.628122895045,179.93298937497784
epigenomics_7226_map_242,9941.217446748984,187.50767029022444
epigenomics_7226_map_243,9833.237963987074,183.81567942789792
epigenomics_7226_map_244,10213.807160298978,181.98365967793006
epigenomics_7226_map_245,10431.4208388222,181.23073669132947
epigenomics_7226_map_246,9465.116220638687,190.70021104664653
epigenomics_7226_map_247,9902.293550839031,182.82838615606988
epigenomics_7226_map_248,9959.416623621953,185.96792457803048
epigenomics_7226_map_249,9936.456850510236,188.80225373044308
epigenomics_7226_map_250,10637.925539354408,187.2408750688986
epigenomics_7226_map_251,10211.802091345766,177.17341049971725
epigenomics_7226_map_252,9753.293220498786,188.41085148802713
epigenomics_7226_map_253,10020.786712375424,182.7443195125338
epigenomics_7226_map_254,10022.715183272125,183.5922473533774
epigenomics_7226_map_255,10287.014519077487,187.04094439150893
epigenomics_7226_map_256,10527.841260177318,185.85713817552653
epigenomics_7226_map_257,9569.22935029373,192.12830997940702
epigenomics_7226_map_258,11098.079603555118,189.8630630030965
epigenomics_7226_map_259,9835.89004750781,181.75941321809475
epigenomics_7226_map_260,9616.243571545845,184.4522713121385
epigenomics_7226_map_261,10118.717984713718,185.78312276000747
epigenomics_7226_map_262,10490.149457060425,192.60807371658652
epigenomics_7226_map_263,10475.967332599274,186.76432271726216
epigenomics_7226_map_264,9246.517467518246,183.16873016094735
epigenomics_7226_map_265,10030.300497272496,178.420743894518
epigenomics_7226_map_266,9968.019475690322,185.20189916028988
epigenomics_7226_map_267,9496.364649177523,181.22443740424802
epigenomics_7226_map_268,10197.73572386301,187.42776133154982
epigenomics_7226_map_269,10046.250394857718,188.91059445643296
epigenomics_7226_map_270,9912.824246418417,185.07873447769063
epigenomics_7226_map_271,9666.440221156428,184.53986427925432
epigenomics_7226_map_272,10759.562880794563,184.6805663955805
epigenomics_7226_map_273,10885.66423195238,184.60650027419373
epigenomics_7226_map_274,10122.184224069502,175.39147982359302
epigenomics_7226_map_275,9856.60847680922,194.30905759437456
epigenomics_7226_map_276,10076.38952336706,190.15795098854178
epigenomics_7226_map_277,10387.178176415453,185.5322652225058
epigenomics_7226_map_278,10173.813346304974,182.08794607956042
epigenomics_7226_map_279,9577.319054009957,179.91522523063935
epigenomics_7226_map_280,10648.7891886293,180.17722444731746
epigenomics_7226_map_281,10379.156107294211,182.41136301251984
epigenomics_7226_map_282,11152.441305479859,186.55639463071
epigenomics_7226_map_283,9983.669147279275,182.5056243852968
epigenomics_7226_map_284,10485.974939985195,183.52830161234215
epigenomics_7226_map_285,10074.051037766112,183.26843563375292
epigenomics_7226_map_286,10081.705411677322,183.17040462378026
epigenomics_7226_map_287,10073.125269049064,189.383693641861
epigenomics_7226_map_288,9292.038214177232,173.28236391277292
epigenomics_7226_map_289,10039.552571609376,182.91589852172996
epigenomics_7226_map_290,10465.530190230731,185.76270336741072
epigenomics_7226_map_291,9719.178645636879,188.0108332354556
epigenomics_7226_map_292,10916.028849683637,185.94733162051568
epigenomics_7226_map_293,9490.37033317548,189.47477921031586
epigenomics_7226_map_294,9701.262969795176,188.21635560808454
epigenomics_7226_map_295,8892.909441391324,175.73334728465858
epigenomics_7226_map_296,9838.805652362755,182.95855080310437
epigenomics_7226_map_297,9927.855339760044,192.22165023480127
epigenomics_7226_map_298,10824.362011476085,184.52661319425562
epigenomics_7226_map_299,9326.871849328401,184.15611063468575
epigenomics_7226_map_300,9768.457776329155,182.90961874041218
epigenomics_7226_map_301,9584.911329644812,187.56847875165434
epigenomics_7226_map_302,9788.124048815933,188.3697998320451
epigenomics_7226_map_303,9513.866667658885,190.40282373952007
epigenomics_7226_map_304,9770.927063498162,182.189764348801
epigenomics_7226_map_305,9757.969064804956,185.91005324567584
epigenomics_7226_map_306,10302.904564514349,180.63100721354877
epigenomics_7226_map_307,10370.988700053675,178.31443866115586
epigenomics_7226_map_308,10531.965313513088,190.8567444863811
epigenomics_7226_map_309,9980.163138334938,186.14484028909985
epigenomics_7226_map_310,9350.460472531026,186.52541233223172
epigenomics_7226_map_311,10244.802106434321,188.90769957615012
epigenomics_7226_map_312,10387.518551566147,179.85995967283856
epigenomics_7226_map_313,9846.870592288391,182.99315829855885
epigenomics_7226_map_314,9046.962022905363,181.64506632534292
epigenomics_7226_map_315,10204.944032837328,186.04757893365957
epigenomics_7226_map_316,10215.95682558219,190.10161972638824
epigenomics_7226_map_317,10148.638926158263,186.6626670250178
epigenomics_7226_map_318,9637.662653632646,182.60695506755962
epigenomics_7226_map_319,9465.524391775103,182.5435844251075
epigenomics_7226_map_320,9750.554098480783,188.1339630792461
epigenomics_7226_map_321,9577.128143535152,183.26848409783074
epigenomics_7226_map_322,9417.617769157347,180.37892050750796
epigenomics_7226_map_323,9864.711436526644,182.16266367383093
epigenomics_7226_map_324,10813.483706895151,185.64309387427096
epigenomics_7226_map_325,9092.255246742774,182.3638326856988
epigenomics_7226_map_326,8818.797114056515,182.55875047077694
epigenomics_7226_map_327,9952.964378831928,182.5980171030466
epigenomics_7226_map_328,8922.956947583454,184.82515012596232
epigenomics_7226_map_329,10014.11682379344,185.13344454620258
epigenomics_7226_map_330,10707.10975839203,176.98121286022783
epigenomics_7226_map_331,9340.777722253268,188.8670389537629
epigenomics_7226_map_332,9228.27708013436,187.91130172750383
epigenomics_7226_map_333,9998.02018834671,177.13598221173427
epigenomics_7226_map_334,10229.040467495779,182.251248084925
epigenomics_7226_map_335,10015.907953252008,181.05315112490638
epigenomics_7226_map_336,9952.095173905784,187.43724997653348
epigenomics_7226_map_337,9979.15949894784,190.6694173281746
epigenomics_7226_map_338,9464.891438183397,181.71527115945725
epigenomics_7226_map_339,10023.4946250626,185.5705586591266
epigenomics_7226_map_340,8941.36704606762,187.99822101329266
epigenomics_7226_map_341,9538.673374945141,185.56877795312872
epigenomics_7226_map_342,9841.062985091332,174.69351656697074
epigenomics_7226_map_343,10022.822531864927,172.36625652749555
epigenomics_7226_map_344,10780.481635841163,194.7793286236058
epigenomics_7226_map_345,10330.457298239471,185.0992300561461
epigenomics_7226_map_346,9186.701556283482,186.54493698646388
epigenomics_7226_map_347,9179.46181627713,190.5001298080024
epigenomics_7226_map_348,10000.368618580571,180.98745139106111
epigenomics_7226_map_349,10243.455387206914,183.88212915745765
epigenomics_7226_map_350,9663.932851831723,195.09365048509926
epigenomics_7226_map_351,10091.438073919782,181.58545670169752
epigenomics_7226_map_352,9819.519604692072,179.26255129254596
epigenomics_7226_map_353,9500.173972435834,187.84860676835203
epigenomics_7226_map_354,10187.440080921322,195.0900764395924
epigenomics_7226_map_355,9918.97792470922,179.14618858043
epigenomics_7226_map_356,9516.524016544932,184.54962124236704
epigenomics_7226_map_357,10054.699790656106,175.53997485897813
epigenomics_7226_map_358,9473.092136310743,178.56523338276466
epigenomics_7226_map_359,9386.228761078928,182.30776128004777
epigenomics_7226_map_360,9848.614316787758,187.25736750709027
epigenomics_7226_map_361,9632.881966009942,181.36161593367976
epigenomics_7226_map_362,9716.072870894017,186.19715674656493
epigenomics_7226_map_363,9643.1318389094,168.42648490082692
epigenomics_7226_map_364,10561.344430807889,183.10240738451444
epigenomics_7226_map_365,9853.056744914391,188.67970505883554
epigenomics_7226_map_366,10813.458995076682,183.15245062459167
epigenomics_7226_map_367,8484.594299245768,179.65730695382214
epigenomics_7226_map_368,9378.151623923042,184.23363007490573
epigenomics_7226_map_369,9918.954175471652,179.72938900126653
epigenomics_7226_map_370,10360.107405166736,196.4775136002712
epigenomics_7226_map_371,10747.75014622456,189.97055850823108
epigenomics_7226_map_372,9950.625218068406,188.15331755007657
epigenomics_7226_map_373,10290.991576522787,182.5682777118847
epigenomics_7226_map_374,10614.699146003191,189.8179933817497
epigenomics_7226_map_375,9805.092386438675,186.6288585810677
epigenomics_7226_map_376,10335.709286873987,185.95337062585293
epigenomics_7226_map_377,10942.531603979704,183.38568860545124
epigenomics_7226_map_378,10471.447401129299,189.7856523746843
epigenomics_7226_map_379,10320.992227381568,183.22811390047224
epigenomics_7226_map_380,9536.941434953202,183.66704656329807
epigenomics_7226_map_381,9764.605493133322,176.7081786834567
epigenomics_7226_map_382,10581.983576142435,183.8931506756454
epigenomics_7226_map_383,10611.547637463646,183.8417847822099
epigenomics_7226_map_384,9670.544226394994,185.4748762327343
epigenomics_7226_map_385,9492.886187154463,190.53907547933684
epigenomics_7226_map_386,10236.994733345828,183.18401230512353
epigenomics_7226_map_387,10180.108071820972,189.40328679320336
epigenomics_7226_map_388,10318.519323355531,178.8610552389456
epigenomics_7226_map_389,10177.428706972216,174.7716756387404
epigenomics_7226_map_390,10766.219390875849,178.17658016793257
epigenomics_7226_map_391,10205.16109560335,182.4660467006352
epigenomics_7226_map_392,9671.052891887248,183.24815216187346
epigenomics_7226_map_393,10252.313420959208,185.24019354198748
epigenomics_7226_map_394,10550.994632525497,184.421169262278
epigenomics_7226_map_395,9486.1475580807,192.0782989333544
epigenomics_7226_map_396,9561.658941521073,172.95329831751798
epigenomics_7226_map_397,10819.554069268543,190.23370625498055
epigenomics_7226_map_398,10049.39794588871,185.46446581049344
epigenomics_7226_map_399,10211.919278605195,186.73815600263248
epigenomics_7226_map_400,10041.83657491769,194.01639246086017
epigenomics_7226_map_401,9415.17514120647,184.68698049662655
epigenomics_7226_map_402,9763.630219966706,188.60834507368435
epigenomics_7226_map_403,9964.705705718776,192.93892076331605
epigenomics_7226_map_404,9897.695165867952,174.9729916407289
epigenomics_7226_map_405,10000.824775756539,187.3513226270677
epigenomics_7226_map_406,9671.434655617011,186.62400274096265
epigenomics_7226_map_407,9177.940426660538,191.64768862722508
epigenomics_7226_map_408,9285.557987069838,183.42026706488093
epigenomics_7226_map_409,9380.79323513512,183.89429847710522
epigenomics_7226_map_410,10335.324347980324,190.90791318514036
epigenomics_7226_map_411,10148.528589720629,192.06570493679098
epigenomics_7226_map_412,10222.44142612177,187.85008447479774
epigenomics_7226_map_413,10142.152956310381,182.196738910197
epigenomics_7226_map_414,10242.84006706214,189.55972682128416
epigenomics_7226_map_415,9132.972329853257,187.96125677423268
epigenomics_7226_map_416,9151.056188556617,185.25594800270903
epigenomics_7226_map_417,10704.408031664354,179.56068937134708
epigenomics_7226_map_418,10418.382275677048,182.55753915549005
epigenomics_7226_map_419,11353.108403047398,183.33310797609107
epigenomics_7226_map_420,9844.474032734775,182.4184397337127
epigenomics_7226_map_421,10643.534375138757,169.42282572334028
epigenomics_7226_map_422,10528.962576540998,185.12511838484804
epigenomics_7226_map_423,10035.630666237961,176.3780601315582
epigenomics_7226_map_424,9956.520871937677,187.46933205946166
epigenomics_7226_map_425,10252.152455671785,187.6540474898931
epigenomics_7226_map_426,9258.756707423265,193.28609274112384
epigenomics_7226_map_427,9359.132308320719,180.77053089898072
epigenomics_7226_map_428,10812.808451942863,193.13596159065006
epigenomics_7226_map_429,9829.054741765032,184.22135814026595
epigenomics_7226_map_430,9330.422030864358,178.73220629896161
epigenomics_7226_map_431,9825.767539952474,170.66440984828412
epigenomics_7226_map_432,9083.17984937713,186.34095233351854
epigenomics_7226_map_433,9484.875092952489,179.4391275861173
epigenomics_7226_map_434,10664.102034615511,178.59257289735746
epigenomics_7226_map_435,10072.221226746437,184.94033040946744
epigenomics_7226_map_436,10348.12295357747,183.6274517864431
epigenomics_7226_map_437,9234.380848772644,188.65560319700685
epigenomics_7226_map_438,10372.33355470908,184.2516863699001
epigenomics_7226_map_439,9143.813834416333,188.38508981946208
epigenomics_7226_map_440,10061.999591645099,185.40083479627773
epigenomics_7226_map_441,9586.11759694953,185.21528083455632
epigenomics_7226_map_442,10488.075393143365,184.29704775556868
epigenomics_7226_map_443,10302.916505418638,182.34708621832735
epigenomics_7226_map_444,9986.875437763803,176.62532572461484
epigenomics_7226_map_445,8454.200784939661,187.52325068142682
epigenomics_7226_map_446,9692.811784619742,187.7093149989583
epigenomics_7226_map_447,9810.299481039501,188.16378788137968
epigenomics_7226_map_448,9725.5597867872,184.2378502407891
epigenomics_7226_map_449,9316.036069080847,182.43794292367136
epigenomics_7226_map_450,9952.109727079313,194.28377387537435
epigenomics_7226_map_451,9917.465943305077,183.80539688749775
epigenomics_7226_map_452,9652.55026376996,182.23373509530006
epigenomics_7226_map_453,9733.35013848906,184.2060657269201
epigenomics_7226_map_454,9732.297386931445,188.12025572806434
epigenomics_7226_map_455,10595.868361327615,192.38127039625556
epigenomics_7226_map_456,10232.208685378291,180.99159821732835
epigenomics_7226_map_457,9827.194007468996,180.3496812845778
epigenomics_7226_map_458,10625.142926984287,194.4007696006835
epigenomics_7226_map_459,10144.040063567467,184.02642655056388
epigenomics_7226_map_460,10671.828395270202,178.56758690755527
epigenomics_7226_map_461,10425.36033587606,174.17207722444493
epigenomics_7226_map_462,10252.66723127542,186.11711753542957
epigenomics_7226_map_463,9757.87013069743,186.00485260324768
epigenomics_7226_map_464,9748.098653975227,190.0528345090536
epigenomics_7226_map_465,9935.645581651897,191.2754358386341
epigenomics_7226_map_466,10490.982284157782,193.55209111078256
epigenomics_7226_map_467,9849.57850528353,180.10111481207272
epigenomics_7226_map_468,10103.496246262066,186.30852984989218
epigenomics_7226_map_469,9972.579303887662,177.55832453516024
epigenomics_7226_map_470,10297.361530709226,184.95983072542785
epigenomics_7226_map_471,10254.16111865697,176.47477183039305
epigenomics_7226_map_472,9414.235348167584,182.28831936257356
epigenomics_7226_map_473,10413.632566700968,178.25454026603205
epigenomics_7226_map_474,9886.773806858857,188.86268842513869
epigenomics_7226_map_475,10512.544875258742,180.58740600341326
epigenomics_7226_map_476,9964.470964233578,181.01632168029903
epigenomics_7226_map_477,9859.190710350586,189.85220435119524
epigenomics_7226_map_478,10246.844315604016,181.2721174504003
epigenomics_7226_map_479,10124.604887976471,182.60768601493885
epigenomics_7226_map_480,10048.100505803373,183.346994204367
epigenomics_7226_map_481,10551.3172310641,187.7312738195274
epigenomics_7226_map_482,8866.205788424055,181.25863259561376
epigenomics_7226_map_483,10474.843003438988,181.91022700946837
epigenomics_7226_map_484,10535.410067585095,177.47154247235383
epigenomics_7226_map_485,9838.896946711102,181.77162876077128
epigenomics_7226_map_486,10350.61446533162,179.1975586938738
epigenomics_7226_map_487,9509.813706754092,176.06382911386228
epigenomics_7226_map_488,9208.435696150322,178.96240506492614
epigenomics_7226_map_489,10714.73093356534,185.9244859879918
epigenomics_7226_map_490,9823.464385935533,179.3250082634845
epigenomics_7226_map_491,9505.322570849397,185.34920040174833
epigenomics_7226_map_492,10476.758453687595,193.91549399591275
epigenomics_7226_map_493,9628.711514627303,178.37472359589734
epigenomics_7226_map_494,11292.56282632695,187.03527121895948
epigenomics_7226_map_495,11024.166120986625,189.931030352503
epigenomics_7226_map_496,10408.42258141588,184.72537354791075
epigenomics_7226_map_497,10287.09152678986,196.25896221072188
epigenomics_7226_map_498,9565.717762841905,198.81028650493113
epigenomics_7226_map_499,9717.47672322166,188.1602297235755
epigenomics_7226_mapMerge1_0,108.42967688082125,122.18986546369096
epigenomics_7226_mapMerge1_1,98.31417733455443,105.12090745682114
epigenomics_7226_mapMerge2_0,147.53573221809546,135.10496430640484
epigenomics_7226_chr21_0,165.67446909058015,50.35624416986521
epigenomics_7226_pileup_0,145.13296701488042,103.64387202030545
