request,latency,mem
epigenomics_4364_entry_0,1.0,1.0
epigenomics_4364_fastqSplit_0,76.60459860474883,102.78871449604542
epigenomics_4364_fastqSplit_1,47.28353738207309,113.32163271313202
epigenomics_4364_filterContams_0,20.18960349453705,72.94476875931137
epigenomics_4364_filterContams_1,21.366037333532017,69.91545789273351
epigenomics_4364_filterContams_2,19.227832157277014,62.4447217857245
epigenomics_4364_filterContams_3,16.378433893181917,73.20398607302705
epigenomics_4364_filterContams_4,21.394369821230807,49.22220088666769
epigenomics_4364_filterContams_5,16.103795401856626,62.196475858391395
epigenomics_4364_filterContams_6,22.70696358070743,78.51847425795211
epigenomics_4364_filterContams_7,14.707769431956303,60.18026159322763
epigenomics_4364_filterContams_8,25.532589180938288,66.21992326747691
epigenomics_4364_filterContams_9,17.485686916897013,75.60384724373445
epigenomics_4364_filterContams_10,18.796359873152134,63.66570121206746
epigenomics_4364_filterContams_11,19.543163231481554,63.103220404667994
epigenomics_4364_filterContams_12,19.88033194635292,61.05324802047873
epigenomics_4364_filterContams_13,26.6250122827829,83.18406488590098
epigenomics_4364_filterContams_14,26.52159665879072,58.35273989395396
epigenomics_4364_filterContams_15,20.764715763855133,70.9419223197562
epigenomics_4364_filterContams_16,18.75726618066447,54.567521681479946
epigenomics_4364_filterContams_17,21.087827377470887,61.96337208887108
epigenomics_4364_filterContams_18,19.212859188700588,79.8949056542097
epigenomics_4364_filterContams_19,20.894443683458594,58.350862228909
epigenomics_4364_filterContams_20,22.55597777591065,62.21659867269026
epigenomics_4364_filterContams_21,20.420357311562583,72.47713579542348
epigenomics_4364_filterContams_22,24.831834890314965,71.43169691536681
epigenomics_4364_filterContams_23,17.48319627823839,69.19955140218428
epigenomics_4364_filterContams_24,24.834329602743665,79.24925949471617
epigenomics_4364_filterContams_25,19.98117492111179,54.35667167357864
epigenomics_4364_filterContams_26,25.29891349319962,59.33123008951644
epigenomics_4364_filterContams_27,20.42997391797672,67.67685588004107
epigenomics_4364_filterContams_28,21.44379294061589,66.65166242239064
epigenomics_4364_filterContams_29,25.955600433284616,63.85256288854389
epigenomics_4364_filterContams_30,19.6203609413438,74.66320579750749
epigenomics_4364_filterContams_31,19.25181880495037,62.43058302274219
epigenomics_4364_filterContams_32,20.60224688633086,65.0203106957502
epigenomics_4364_filterContams_33,19.590826025235007,66.01733984239102
epigenomics_4364_filterContams_34,21.528331760920338,73.6908698321721
epigenomics_4364_filterContams_35,15.566956267857348,68.22074428184865
epigenomics_4364_filterContams_36,17.640827498413508,64.8898590089315
epigenomics_4364_filterContams_37,20.898695849272084,59.206505863615234
epigenomics_4364_filterContams_38,25.336991173921845,56.975470250012194
epigenomics_4364_filterContams_39,15.450898792811724,51.445395807565
epigenomics_4364_filterContams_40,11.89874561241282,65.8636993404795
epigenomics_4364_filterContams_41,17.633129848119143,67.07151050637958
epigenomics_4364_filterContams_42,24.617495606988918,68.49225187004738
epigenomics_4364_filterContams_43,17.167991982427807,63.81114450965008
epigenomics_4364_filterContams_44,21.646972296849576,70.93957984452695
epigenomics_4364_filterContams_45,13.589751590991284,65.02136899118277
epigenomics_4364_filterContams_46,18.9551062167432,59.89350302293357
epigenomics_4364_filterContams_47,21.863511392855184,59.365183566711195
epigenomics_4364_filterContams_48,17.737958877508124,62.8959560632242
epigenomics_4364_filterContams_49,17.66496765285,65.17036267040473
epigenomics_4364_filterContams_50,24.614000976973685,65.11274271933
epigenomics_4364_filterContams_51,24.91545694057162,63.07328789553473
epigenomics_4364_filterContams_52,18.344424927080837,55.09096910128332
epigenomics_4364_filterContams_53,18.328548081604723,74.87469629728021
epigenomics_4364_filterContams_54,27.76557037313789,62.90416275511474
epigenomics_4364_filterContams_55,20.192242842000514,66.26707459622871
epigenomics_4364_filterContams_56,25.372648759400576,71.0760767201104
epigenomics_4364_filterContams_57,17.601283855638243,73.72701923997401
epigenomics_4364_filterContams_58,18.189199484141252,67.11541369157327
epigenomics_4364_filterContams_59,19.3393970831598,65.77725316974549
epigenomics_4364_filterContams_60,21.0940880236462,58.54262918628888
epigenomics_4364_filterContams_61,24.90830152513385,61.71010381721452
epigenomics_4364_filterContams_62,17.763141474863506,70.93045025856146
epigenomics_4364_filterContams_63,17.551369816196978,69.51720218709468
epigenomics_4364_filterContams_64,17.718433373338897,66.53303366654262
epigenomics_4364_filterContams_65,21.7593097716669,53.166176759379546
epigenomics_4364_filterContams_66,21.49643609228262,60.430381226833966
epigenomics_4364_filterContams_67,19.02351818170825,65.48984083072735
epigenomics_4364_filterContams_68,22.69198078289932,61.001461052981924
epigenomics_4364_filterContams_69,23.945741573638237,56.147235137092814
epigenomics_4364_filterContams_70,19.61437243436744,73.43690244639967
epigenomics_4364_filterContams_71,25.200825107491553,61.178025512837735
epigenomics_4364_filterContams_72,21.915136749107194,74.17261036426348
epigenomics_4364_filterContams_73,20.30726356089447,64.379879533152
epigenomics_4364_filterContams_74,15.26589713170593,52.937314981892925
epigenomics_4364_filterContams_75,21.813397692303656,63.60307277474419
epigenomics_4364_filterContams_76,16.958459195903906,63.363933183367685
epigenomics_4364_filterContams_77,19.321538303607984,64.78387667023321
epigenomics_4364_filterContams_78,16.704334786883223,67.50869395251883
epigenomics_4364_filterContams_79,19.6367727411074,77.58971340413251
epigenomics_4364_filterContams_80,22.965695769724114,73.37784213525235
epigenomics_4364_filterContams_81,20.279509189553313,62.01963205274842
epigenomics_4364_filterContams_82,17.654548745095386,69.83693240012772
epigenomics_4364_filterContams_83,20.024058670743155,68.59970977631619
epigenomics_4364_filterContams_84,18.181001951325285,66.2616077047695
epigenomics_4364_filterContams_85,16.964653483448817,49.19330429243714
epigenomics_4364_filterContams_86,15.910889547969951,66.34452232685177
epigenomics_4364_filterContams_87,17.02926928157951,64.85856812156099
epigenomics_4364_filterContams_88,17.8127774454724,63.438813679561775
epigenomics_4364_filterContams_89,15.74137951177658,60.39994712874752
epigenomics_4364_filterContams_90,23.58571639936659,89.76878113264455
epigenomics_4364_filterContams_91,20.8188562994955,74.78939922576672
epigenomics_4364_filterContams_92,19.654905549099897,51.39113648186253
epigenomics_4364_filterContams_93,18.00725325258972,63.08456162179857
epigenomics_4364_filterContams_94,23.24733179004757,63.25584938285957
epigenomics_4364_filterContams_95,20.363234903476847,69.12084541148485
epigenomics_4364_filterContams_96,19.59021188322653,59.878976849273734
epigenomics_4364_filterContams_97,19.99257136482574,71.13676307340363
epigenomics_4364_filterContams_98,18.531284594823017,64.96586780099663
epigenomics_4364_filterContams_99,24.615329637322418,69.62858681708175
epigenomics_4364_filterContams_100,22.35229959339719,57.0950708187749
epigenomics_4364_filterContams_101,23.412432764891406,50.772805869094746
epigenomics_4364_filterContams_102,24.980014531466498,65.73004481319742
epigenomics_4364_filterContams_103,23.720072834291365,66.04163979973121
epigenomics_4364_filterContams_104,21.074451039923566,72.06571030919281
epigenomics_4364_filterContams_105,19.90973116409094,70.04008926206782
epigenomics_4364_filterContams_106,20.89211289843596,79.39166350444209
epigenomics_4364_filterContams_107,16.841198992033267,62.667822601308174
epigenomics_4364_filterContams_108,17.23440462207321,67.88687169643013
epigenomics_4364_filterContams_109,18.71887043439555,66.11729881110081
epigenomics_4364_filterContams_110,19.947132624878208,66.02145582831926
epigenomics_4364_filterContams_111,22.972981398663055,75.9912187867031
epigenomics_4364_filterContams_112,23.604247508253827,40.299445403727006
epigenomics_4364_filterContams_113,19.573536828456927,71.19115712704134
epigenomics_4364_filterContams_114,12.310655782432773,56.33050870266928
epigenomics_4364_filterContams_115,20.22804938993479,60.025139162121214
epigenomics_4364_filterContams_116,23.266321414575405,66.68270791513886
epigenomics_4364_filterContams_117,18.216475570566445,59.55464071936495
epigenomics_4364_filterContams_118,23.06700043882542,61.8721272405296
epigenomics_4364_filterContams_119,24.442397924232587,79.8931850915388
epigenomics_4364_filterContams_120,17.552627238122096,56.59030007078434
epigenomics_4364_filterContams_121,24.168843775873565,81.81885487425423
epigenomics_4364_filterContams_122,25.623671284136538,74.18896396930754
epigenomics_4364_filterContams_123,17.77309731974228,58.39250865400281
epigenomics_4364_filterContams_124,22.63782404264527,67.96803126645763
epigenomics_4364_filterContams_125,20.255855516194536,68.57530520454186
epigenomics_4364_filterContams_126,15.394366803285118,62.66291831263426
epigenomics_4364_filterContams_127,14.541502499994035,80.78942945547155
epigenomics_4364_filterContams_128,21.329052022382765,83.21255661773779
epigenomics_4364_filterContams_129,17.790063604697835,63.87852689291376
epigenomics_4364_filterContams_130,21.504227121170114,73.96935557302153
epigenomics_4364_filterContams_131,22.767890027187942,65.04767159874999
epigenomics_4364_filterContams_132,23.327894295347818,65.20647607790913
epigenomics_4364_filterContams_133,16.695610152657153,56.41070907846478
epigenomics_4364_filterContams_134,19.90951463743375,70.01154075461548
epigenomics_4364_filterContams_135,16.21962890355165,58.91241834336978
epigenomics_4364_filterContams_136,19.43971940571037,57.62135829428773
epigenomics_4364_filterContams_137,16.902794604544024,72.34459866438823
epigenomics_4364_filterContams_138,21.152889234930385,56.4031820446515
epigenomics_4364_filterContams_139,24.21531879752761,66.5889104017458
epigenomics_4364_filterContams_140,21.146425370192656,59.59319460246608
epigenomics_4364_filterContams_141,19.51893661358481,49.852391486843764
epigenomics_4364_filterContams_142,18.351438030373497,65.43595685408577
epigenomics_4364_filterContams_143,19.320821792388745,53.01074768984968
epigenomics_4364_filterContams_144,19.465412197725005,60.50097588909032
epigenomics_4364_filterContams_145,17.17477465303937,72.90476199220588
epigenomics_4364_filterContams_146,16.72521488557534,70.25997152515168
epigenomics_4364_filterContams_147,21.59853466611971,54.147151833253275
epigenomics_4364_filterContams_148,25.53388812749518,72.19291069757548
epigenomics_4364_filterContams_149,15.334666722851786,64.4314731845814
epigenomics_4364_filterContams_150,18.222439344604684,59.82194407580157
epigenomics_4364_filterContams_151,19.557708723746313,83.33982929143794
epigenomics_4364_filterContams_152,19.342896394683745,63.51458388826611
epigenomics_4364_filterContams_153,19.86421989039153,69.98591131599319
epigenomics_4364_filterContams_154,22.437293742997845,59.87117967535214
epigenomics_4364_filterContams_155,21.12364539520504,64.50378759334339
epigenomics_4364_filterContams_156,18.561321146978536,67.63875243986126
epigenomics_4364_filterContams_157,21.68931858192441,43.33179074725365
epigenomics_4364_filterContams_158,20.49333681676206,78.21580883440626
epigenomics_4364_filterContams_159,19.860412854158945,61.92899089140319
epigenomics_4364_filterContams_160,19.050745650182183,68.2925523626962
epigenomics_4364_filterContams_161,19.399498154233864,64.08999845097354
epigenomics_4364_filterContams_162,21.246276643758645,54.19700232002331
epigenomics_4364_filterContams_163,20.523947109819126,71.21838367308376
epigenomics_4364_filterContams_164,19.65077223883905,65.3161754918134
epigenomics_4364_filterContams_165,20.51773887363545,59.920491345564386
epigenomics_4364_filterContams_166,21.01267519571982,63.724300283127725
epigenomics_4364_filterContams_167,14.212857494317749,63.236619058743145
epigenomics_4364_filterContams_168,18.742986041369484,66.6980982660287
epigenomics_4364_filterContams_169,18.22821878450999,63.91669779835085
epigenomics_4364_filterContams_170,18.99214574753569,71.16549235522103
epigenomics_4364_filterContams_171,15.71685136950163,58.810207130023215
epigenomics_4364_filterContams_172,20.887312492635278,68.96864857945181
epigenomics_4364_filterContams_173,18.016052865307667,58.60996502046405
epigenomics_4364_filterContams_174,18.79530542555798,72.28453937093781
epigenomics_4364_filterContams_175,18.229426791767533,72.97355717997922
epigenomics_4364_filterContams_176,25.467188636482355,62.98340577330712
epigenomics_4364_filterContams_177,18.889713899941285,63.22707469546057
epigenomics_4364_filterContams_178,17.40238052680575,68.03756713805534
epigenomics_4364_filterContams_179,16.53108767761349,67.68520982693607
epigenomics_4364_filterContams_180,23.528612955387043,59.21716206699204
epigenomics_4364_filterContams_181,20.42158160220989,58.015470908046275
epigenomics_4364_filterContams_182,16.938004033044905,72.88538313189689
epigenomics_4364_filterContams_183,20.361368656607326,46.432760766890254
epigenomics_4364_filterContams_184,21.042014334008304,61.878045018591855
epigenomics_4364_filterContams_185,20.800068780971827,70.1690827444527
epigenomics_4364_filterContams_186,17.710336427031272,66.04417904706426
epigenomics_4364_filterContams_187,22.62286211476348,60.23354784782299
epigenomics_4364_filterContams_188,18.03328943529485,59.61356172545153
epigenomics_4364_filterContams_189,17.43504529041682,74.68280043238866
epigenomics_4364_filterContams_190,23.869829496116207,57.975552452026896
epigenomics_4364_filterContams_191,17.25355190236108,65.43522702498753
epigenomics_4364_filterContams_192,21.60447346845897,62.034968094152724
epigenomics_4364_filterContams_193,21.1081012115992,75.94879183681299
epigenomics_4364_filterContams_194,23.357647529835436,61.070467239016295
epigenomics_4364_filterContams_195,18.22963391200788,75.0079481826273
epigenomics_4364_filterContams_196,16.045857975126737,67.32378781824595
epigenomics_4364_filterContams_197,18.281402748274335,71.29020530375017
epigenomics_4364_filterContams_198,20.11896721914568,68.08262110423256
epigenomics_4364_filterContams_199,18.572745751426858,71.19547597809834
epigenomics_4364_filterContams_200,24.985109434606997,61.43664073453418
epigenomics_4364_filterContams_201,20.583627674010284,80.88621500227805
epigenomics_4364_filterContams_202,26.271513830392756,69.714190628702
epigenomics_4364_filterContams_203,20.774530237369422,61.02702911977993
epigenomics_4364_filterContams_204,21.581073908989275,83.63067015638669
epigenomics_4364_filterContams_205,26.303582851232573,90.08002430596252
epigenomics_4364_filterContams_206,19.47875905700098,71.66758068118173
epigenomics_4364_filterContams_207,18.248500395516533,60.35350843521346
epigenomics_4364_filterContams_208,18.15882579397816,57.42829702712278
epigenomics_4364_filterContams_209,18.636131125633568,59.616334239150454
epigenomics_4364_filterContams_210,24.383567943828442,66.14703046111512
epigenomics_4364_filterContams_211,18.751252123072796,52.815501801158106
epigenomics_4364_filterContams_212,19.066600942245874,64.32271291992666
epigenomics_4364_filterContams_213,17.318997151790224,60.73288396025232
epigenomics_4364_filterContams_214,23.221678711383877,61.685957933596626
epigenomics_4364_filterContams_215,20.8085060315569,55.77842762116904
epigenomics_4364_filterContams_216,16.677685516553233,56.228182572746135
epigenomics_4364_filterContams_217,18.398746164293257,82.8751167246779
epigenomics_4364_filterContams_218,22.619362430228684,62.135620208057894
epigenomics_4364_filterContams_219,20.2660582896329,58.456388264639116
epigenomics_4364_filterContams_220,15.673401955134391,69.85664586120257
epigenomics_4364_filterContams_221,17.92607342198528,63.180499889944905
epigenomics_4364_filterContams_222,20.154955844079637,62.23290986216392
epigenomics_4364_filterContams_223,21.21477488855423,65.95493955005935
epigenomics_4364_filterContams_224,24.499218809935247,65.12723332741254
epigenomics_4364_filterContams_225,21.755756415902702,64.1006991176802
epigenomics_4364_filterContams_226,18.57848410440666,67.4410670897486
epigenomics_4364_filterContams_227,22.74987449989469,61.800477241579884
epigenomics_4364_filterContams_228,21.95097617482389,66.17339848103592
epigenomics_4364_filterContams_229,19.46843913049462,67.35338857834046
epigenomics_4364_filterContams_230,23.532141121482542,57.022742068390144
epigenomics_4364_filterContams_231,21.439643746854,70.73544239439958
epigenomics_4364_filterContams_232,18.122053033898847,74.40390363824906
epigenomics_4364_filterContams_233,18.34526897298118,62.44594664735712
epigenomics_4364_filterContams_234,22.515430912332455,62.99792261013201
epigenomics_4364_filterContams_235,19.829542532763227,62.88274262015543
epigenomics_4364_filterContams_236,23.401383000417376,56.360360071593284
epigenomics_4364_filterContams_237,20.786365016129825,52.454301355294646
epigenomics_4364_filterContams_238,20.02732948562248,57.4527176036332
epigenomics_4364_filterContams_239,15.394061288597666,69.04324883051007
epigenomics_4364_filterContams_240,17.47211887911603,57.56307660932609
epigenomics_4364_filterContams_241,19.487794640363866,71.43438939478736
epigenomics_4364_filterContams_242,18.452460236033914,66.06240870057474
epigenomics_4364_filterContams_243,21.893188478550016,54.51879645228556
epigenomics_4364_filterContams_244,17.057949359741443,64.31668309737341
epigenomics_4364_filterContams_245,20.56186501481487,60.23231288396192
epigenomics_4364_filterContams_246,16.881678918872506,82.44212094273107
epigenomics_4364_filterContams_247,18.517943406058876,71.0456868946637
epigenomics_4364_filterContams_248,13.58265738559981,80.32396709655458
epigenomics_4364_filterContams_249,23.940877508159303,67.25221485765925
epigenomics_4364_filterContams_250,16.95726603697122,62.753510535263715
epigenomics_4364_filterContams_251,22.380188834134188,79.61604272396221
epigenomics_4364_filterContams_252,23.57007561170427,80.39312919392033
epigenomics_4364_filterContams_253,20.344833110101387,62.090690260461216
epigenomics_4364_filterContams_254,25.01106960439379,71.26289673676222
epigenomics_4364_filterContams_255,19.085310253371095,54.119060961421496
epigenomics_4364_filterContams_256,21.852159165022943,54.03709471955446
epigenomics_4364_filterContams_257,23.260496987687265,64.37331414209935
epigenomics_4364_filterContams_258,17.13202169045781,70.25825093653081
epigenomics_4364_filterContams_259,18.137876469165302,64.8081286145018
epigenomics_4364_filterContams_260,20.669322594995872,63.770682752208735
epigenomics_4364_filterContams_261,18.314282185632536,55.562394641829954
epigenomics_4364_filterContams_262,22.426408551995078,69.40000204456511
epigenomics_4364_filterContams_263,16.743480111189655,67.47832689970058
epigenomics_4364_filterContams_264,19.508233725554224,55.180774870340414
epigenomics_4364_filterContams_265,17.076504533325945,72.78070285663749
epigenomics_4364_filterContams_266,16.048703542081096,68.84411304559703
epigenomics_4364_filterContams_267,14.93587965676744,50.47525896545911
epigenomics_4364_filterContams_268,19.005188447508967,64.74221358699013
epigenomics_4364_filterContams_269,20.51496779385937,58.538255481163475
epigenomics_4364_filterContams_270,17.722820491091742,49.368502932621695
epigenomics_4364_filterContams_271,16.59810140641621,66.91523353471383
epigenomics_4364_filterContams_272,17.29156866966582,66.15660365874713
epigenomics_4364_filterContams_273,19.622752133998688,73.30324688435124
epigenomics_4364_filterContams_274,22.391435393541695,62.89595662981887
epigenomics_4364_filterContams_275,19.868975734796933,60.41543674289908
epigenomics_4364_filterContams_276,20.136268884063142,61.37894940653378
epigenomics_4364_filterContams_277,17.817639902997584,71.18524296260067
epigenomics_4364_filterContams_278,18.463679248534067,72.12454964042242
epigenomics_4364_filterContams_279,16.080132656123446,60.2863218335803
epigenomics_4364_filterContams_280,16.08562044688028,72.00156022535784
epigenomics_4364_filterContams_281,16.571392592837267,59.08302741998906
epigenomics_4364_filterContams_282,17.366705831640328,69.45371342669355
epigenomics_4364_filterContams_283,22.407957946900396,60.828780765003984
epigenomics_4364_filterContams_284,20.220749565118172,62.192962016620264
epigenomics_4364_filterContams_285,24.263051926286956,64.8742317940965
epigenomics_4364_filterContams_286,21.709727277272485,75.6043271345713
epigenomics_4364_filterContams_287,19.49023168125415,69.19387619712415
epigenomics_4364_filterContams_288,19.942197247467224,59.0344530357601
epigenomics_4364_filterContams_289,20.956075685212582,59.12855492434071
epigenomics_4364_filterContams_290,20.90896092759748,60.723230709685
epigenomics_4364_filterContams_291,21.89682939481152,73.04517228906276
epigenomics_4364_filterContams_292,13.94637636696323,64.4843075793138
epigenomics_4364_filterContams_293,25.412776525907955,55.462597325536095
epigenomics_4364_filterContams_294,20.937547560118528,72.79199724202887
epigenomics_4364_filterContams_295,19.556652575335722,76.08988357058789
epigenomics_4364_filterContams_296,18.372712900385455,66.8152345050604
epigenomics_4364_filterContams_297,18.679870901565092,61.032669077977225
epigenomics_4364_filterContams_298,20.451154438114482,57.22742372773799
epigenomics_4364_filterContams_299,18.658324438825815,66.24591481464685
epigenomics_4364_filterContams_300,19.83422186774558,65.2815000333624
epigenomics_4364_filterContams_301,19.81136798451245,62.77745446915944
epigenomics_4364_filterContams_302,22.74609242956289,67.95403579792479
epigenomics_4364_filterContams_303,20.177370432921077,54.82270167245862
epigenomics_4364_filterContams_304,17.4811490105733,83.0686576226164
epigenomics_4364_filterContams_305,18.290130230483893,70.62551830313645
epigenomics_4364_filterContams_306,21.70554097451426,72.4461484655331
epigenomics_4364_filterContams_307,23.924725094515995,85.1384874848319
epigenomics_4364_filterContams_308,16.41453688275306,47.45529789222144
epigenomics_4364_filterContams_309,22.915778981782896,65.40166701141693
epigenomics_4364_filterContams_310,18.293882274375726,57.528860253460046
epigenomics_4364_filterContams_311,16.380881606352236,70.53487265906092
epigenomics_4364_filterContams_312,22.181036044035146,73.87649535677632
epigenomics_4364_filterContams_313,19.047088409698468,82.86465585998029
epigenomics_4364_filterContams_314,13.32491889877368,72.61442005988282
epigenomics_4364_filterContams_315,23.492943435848073,71.10439661101462
epigenomics_4364_filterContams_316,21.766044221689743,57.159127451099664
epigenomics_4364_filterContams_317,17.642366216822623,47.373550114138624
epigenomics_4364_filterContams_318,13.716218945367267,70.77674094182689
epigenomics_4364_filterContams_319,16.753246374749445,45.6762374353576
epigenomics_4364_filterContams_320,20.774334445526254,61.70033504756745
epigenomics_4364_filterContams_321,18.9879209478547,65.45143744028897
epigenomics_4364_filterContams_322,24.080482098101946,57.25067848467085
epigenomics_4364_filterContams_323,14.621963563189901,56.12441287098932
epigenomics_4364_filterContams_324,17.203397979432726,66.46754727986844
epigenomics_4364_filterContams_325,19.158263811321348,71.2585326600438
epigenomics_4364_filterContams_326,19.95927993575384,59.63900371421268
epigenomics_4364_filterContams_327,24.102080300386177,65.2678049939588
epigenomics_4364_filterContams_328,17.74020114199665,73.47741109588259
epigenomics_4364_filterContams_329,17.04164388759233,71.10683182158112
epigenomics_4364_filterContams_330,21.228002215621157,71.85599939874594
epigenomics_4364_filterContams_331,19.334108903314227,60.29748161305059
epigenomics_4364_filterContams_332,21.827675974425713,69.9500549722749
epigenomics_4364_filterContams_333,17.734029667100963,79.28374943606939
epigenomics_4364_filterContams_334,20.892291754404766,68.82577861577502
epigenomics_4364_filterContams_335,18.825405913753947,54.6637486913204
epigenomics_4364_filterContams_336,21.21749156893646,71.17398606115383
epigenomics_4364_filterContams_337,18.762450457513317,65.62269029899542
epigenomics_4364_filterContams_338,18.964806977294298,71.08737729098483
epigenomics_4364_filterContams_339,18.754114036557198,75.89333996649404
epigenomics_4364_filterContams_340,20.875239575162954,73.64937022302311
epigenomics_4364_filterContams_341,19.80481783635814,67.67896058740632
epigenomics_4364_filterContams_342,16.350184364601887,72.21577477657365
epigenomics_4364_filterContams_343,18.220940881378347,58.18029643087948
epigenomics_4364_filterContams_344,15.005365599407032,66.02069974902994
epigenomics_4364_filterContams_345,23.36861403064843,67.97338071805032
epigenomics_4364_filterContams_346,20.709307335160485,78.38384446127105
epigenomics_4364_filterContams_347,21.366037389691943,68.64157081018352
epigenomics_4364_filterContams_348,22.153166356165187,72.24717045241843
epigenomics_4364_filterContams_349,15.429955726460356,71.4214563080285
epigenomics_4364_filterContams_350,20.33026234519986,58.68396205842555
epigenomics_4364_filterContams_351,20.423553329208335,69.06386250908609
epigenomics_4364_filterContams_352,17.882488695295642,60.61263811502933
epigenomics_4364_filterContams_353,15.312894960329531,68.26587723483476
epigenomics_4364_filterContams_354,24.315298148135433,65.84758903887544
epigenomics_4364_filterContams_355,18.6455844168229,57.05455450585879
epigenomics_4364_filterContams_356,17.224074020490836,63.02308290857621
epigenomics_4364_filterContams_357,19.09449613571357,46.911428346153386
epigenomics_4364_filterContams_358,12.050578686373804,67.27326859237475
epigenomics_4364_filterContams_359,18.420539980908007,82.81735012758172
epigenomics_4364_filterContams_360,19.601267924157334,71.52076803985075
epigenomics_4364_filterContams_361,17.704914996481616,62.65921889064134
epigenomics_4364_filterContams_362,20.034508067060013,59.8309515631114
epigenomics_4364_filterContams_363,16.703311872335192,67.96070318218177
epigenomics_4364_filterContams_364,13.542767473935967,70.65712817021522
epigenomics_4364_filterContams_365,21.149343104474056,66.26417488709528
epigenomics_4364_filterContams_366,21.059215043513863,57.193505599225915
epigenomics_4364_filterContams_367,20.26026118644181,60.907278252649455
epigenomics_4364_filterContams_368,24.016416277318562,66.99151350154416
epigenomics_4364_filterContams_369,20.4112016957602,59.580615388302455
epigenomics_4364_filterContams_370,24.21659847436177,83.08719724279834
epigenomics_4364_filterContams_371,17.324337905010378,73.74993614403824
epigenomics_4364_filterContams_372,27.552123280237744,53.54930045143374
epigenomics_4364_filterContams_373,15.139206908151476,67.25296432579593
epigenomics_4364_filterContams_374,21.12949622167431,67.44431960103843
epigenomics_4364_filterContams_375,22.30737628751814,59.98708666605904
epigenomics_4364_filterContams_376,20.304744233727877,77.25423537993024
epigenomics_4364_filterContams_377,15.206688874382802,55.38568501210034
epigenomics_4364_filterContams_378,19.33008785407793,61.40561884690406
epigenomics_4364_filterContams_379,20.503354185250227,70.19077500610537
epigenomics_4364_filterContams_380,19.545694966555963,58.54625624200581
epigenomics_4364_filterContams_381,20.63858167709882,67.91424479247375
epigenomics_4364_filterContams_382,20.7757735839169,52.00756969193178
epigenomics_4364_filterContams_383,20.82284401743778,66.45790957639485
epigenomics_4364_filterContams_384,18.364135686244797,67.1381114458201
epigenomics_4364_filterContams_385,26.48051418439795,65.40573741987961
epigenomics_4364_filterContams_386,21.753974561179625,64.02512382853322
epigenomics_4364_filterContams_387,19.000279768900498,61.38345413590295
epigenomics_4364_filterContams_388,23.146390587540665,69.65134667960483
epigenomics_4364_filterContams_389,16.693554145664898,61.460275539136546
epigenomics_4364_filterContams_390,22.246888107223008,57.21900831035597
epigenomics_4364_filterContams_391,19.618326469402906,64.57929367230501
epigenomics_4364_filterContams_392,18.80690389829008,65.51112795728872
epigenomics_4364_filterContams_393,25.023201532690017,66.06649287479443
epigenomics_4364_filterContams_394,17.39256023507637,67.55395996370656
epigenomics_4364_filterContams_395,22.11334226640837,63.748380657245164
epigenomics_4364_filterContams_396,15.788367667928783,65.37944243729484
epigenomics_4364_filterContams_397,22.114243627243408,66.59989866383022
epigenomics_4364_filterContams_398,21.76323768531819,83.1291576022269
epigenomics_4364_filterContams_399,24.607475189165275,81.53037634092975
epigenomics_4364_filterContams_400,18.58572988132988,69.53672014471302
epigenomics_4364_filterContams_401,20.35589362477763,48.046076162098515
epigenomics_4364_filterContams_402,14.878697763633037,73.53960802057516
epigenomics_4364_filterContams_403,24.0168076004619,59.414376443902654
epigenomics_4364_filterContams_404,24.250140173155348,49.71451528282758
epigenomics_4364_filterContams_405,23.59249923489739,59.16983890321181
epigenomics_4364_filterContams_406,15.18845238034947,81.86366111774288
epigenomics_4364_filterContams_407,23.267431978881714,54.81790344699677
epigenomics_4364_filterContams_408,26.328074667475867,52.09379073724027
epigenomics_4364_filterContams_409,22.38381299371829,60.56039765344206
epigenomics_4364_filterContams_410,22.061718512361136,76.12148315145038
epigenomics_4364_filterContams_411,24.610864816333887,75.38930336178771
epigenomics_4364_filterContams_412,16.466698600023022,67.06975994729243
epigenomics_4364_filterContams_413,18.056348812555328,47.265098161869176
epigenomics_4364_filterContams_414,20.053631980986918,69.86032572072094
epigenomics_4364_filterContams_415,18.07281671437292,75.24534219345946
epigenomics_4364_filterContams_416,22.458039219745743,59.2655488451569
epigenomics_4364_filterContams_417,25.145872836224747,56.36310787529551
epigenomics_4364_filterContams_418,21.54392955546687,65.99962242938201
epigenomics_4364_filterContams_419,15.834271296378168,67.53019374376909
epigenomics_4364_filterContams_420,16.066124375673517,64.55642503104102
epigenomics_4364_filterContams_421,15.952548267205476,68.78708235570316
epigenomics_4364_filterContams_422,19.62438068356259,74.2765015137317
epigenomics_4364_filterContams_423,21.731282268737647,64.51375047018803
epigenomics_4364_filterContams_424,19.384612656801067,74.14893994515685
epigenomics_4364_filterContams_425,21.411982413702052,48.201400935041846
epigenomics_4364_filterContams_426,22.54027597705473,59.08187546169024
epigenomics_4364_filterContams_427,19.95994561195626,65.81741836351291
epigenomics_4364_filterContams_428,22.7448600305205,75.01313548039869
epigenomics_4364_filterContams_429,19.303343942249974,50.79742862994523
epigenomics_4364_filterContams_430,19.970855601927447,56.20273636230896
epigenomics_4364_filterContams_431,21.775289211301317,59.70652022805633
epigenomics_4364_filterContams_432,19.85203740462147,62.430624670534264
epigenomics_4364_filterContams_433,18.51509068177132,72.54322016770189
epigenomics_4364_filterContams_434,18.404489930492836,59.001653277134324
epigenomics_4364_filterContams_435,16.89304602509344,71.55745193831262
epigenomics_4364_filterContams_436,18.509893453315946,67.84221095465357
epigenomics_4364_filterContams_437,20.020183597916784,61.91224882507224
epigenomics_4364_filterContams_438,16.16368121574739,57.82160498414187
epigenomics_4364_filterContams_439,20.87999388683496,66.86229877245161
epigenomics_4364_filterContams_440,19.705587292717887,59.85253978720861
epigenomics_4364_filterContams_441,18.56527264607459,55.253255227393595
epigenomics_4364_filterContams_442,20.288206772647104,78.50700026547818
epigenomics_4364_filterContams_443,20.839289015933105,56.921074925237974
epigenomics_4364_filterContams_444,17.355568115340777,65.2966736260707
epigenomics_4364_filterContams_445,16.564197430580457,50.86500975265653
epigenomics_4364_filterContams_446,14.20193949922066,65.87555591480732
epigenomics_4364_filterContams_447,20.9224671461353,62.84159265480285
epigenomics_4364_filterContams_448,17.812024239086128,70.64686222505287
epigenomics_4364_filterContams_449,16.857018467824748,64.32243907521377
epigenomics_4364_filterContams_450,19.94774091446604,70.08251470176039
epigenomics_4364_filterContams_451,19.316697647904622,60.44775144313401
epigenomics_4364_filterContams_452,15.560515305340228,63.630265756315865
epigenomics_4364_filterContams_453,19.151686884884857,73.83400209785496
epigenomics_4364_filterContams_454,20.307250026382967,72.69496067579267
epigenomics_4364_filterContams_455,21.17991896958956,64.02520197964878
epigenomics_4364_filterContams_456,19.897999913577724,71.8032676925008
epigenomics_4364_filterContams_457,22.822829455530727,76.76018824491287
epigenomics_4364_filterContams_458,16.913124146927366,59.02343418620016
epigenomics_4364_filterContams_459,19.637505274191064,71.37721735376508
epigenomics_4364_filterContams_460,20.538127466871394,70.32837498287715
epigenomics_4364_filterContams_461,23.777759304306993,60.08746433057387
epigenomics_4364_filterContams_462,25.01098029778136,54.91255736304848
epigenomics_4364_filterContams_463,21.554626754717095,71.02055039113263
epigenomics_4364_filterContams_464,19.39706085992021,67.33029189316676
epigenomics_4364_filterContams_465,22.39962371921848,70.42451984721843
epigenomics_4364_filterContams_466,21.12362962750064,63.29927799913644
epigenomics_4364_filterContams_467,15.05231395940445,77.04604516956937
epigenomics_4364_filterContams_468,22.287799184453135,56.24169858105541
epigenomics_4364_filterContams_469,14.657292421954509,62.711797732075894
epigenomics_4364_filterContams_470,20.846560134206584,60.350093518562424
epigenomics_4364_filterContams_471,22.35320381743823,61.956394152738895
epigenomics_4364_filterContams_472,18.946992047980803,72.21083584228931
epigenomics_4364_filterContams_473,21.5116050213119,64.16209109584794
epigenomics_4364_filterContams_474,18.232576722612098,60.83333969152395
epigenomics_4364_filterContams_475,19.397567111416432,71.57299433656195
epigenomics_4364_filterContams_476,19.639344206188152,60.26922890552
epigenomics_4364_filterContams_477,23.158776940120916,55.62934046081911
epigenomics_4364_filterContams_478,19.158592585258262,60.23792677232847
epigenomics_4364_filterContams_479,17.059125784929844,65.95618633458608
epigenomics_4364_filterContams_480,21.47241825940214,67.56828137951425
epigenomics_4364_filterContams_481,20.114784176448897,64.34365749481529
epigenomics_4364_filterContams_482,26.383691934789994,85.08366525048984
epigenomics_4364_filterContams_483,17.689501988794984,63.78469764902287
epigenomics_4364_filterContams_484,23.166570991654076,68.06504863049474
epigenomics_4364_filterContams_485,17.03417538021217,60.15875634971962
epigenomics_4364_filterContams_486,20.889124019077542,65.07746179724035
epigenomics_4364_filterContams_487,25.32178856802698,69.8046740798709
epigenomics_4364_filterContams_488,19.91077526030287,65.42088066051905
epigenomics_4364_filterContams_489,11.118352004303583,68.72142809529981
epigenomics_4364_filterContams_490,17.922720532093397,49.17915942473397
epigenomics_4364_filterContams_491,19.784034858109322,70.29387022501942
epigenomics_4364_filterContams_492,15.32997971831977,69.328921482415
epigenomics_4364_filterContams_493,23.017124832845184,60.615746257771995
epigenomics_4364_filterContams_494,19.148794267552823,65.73383649188796
epigenomics_4364_filterContams_495,14.585000066735418,78.65304983003023
epigenomics_4364_filterContams_496,20.027024746865933,59.64593535182818
epigenomics_4364_filterContams_497,17.47002646766558,75.08934449917375
epigenomics_4364_filterContams_498,19.960008419693867,56.081464094789254
epigenomics_4364_filterContams_499,27.184107306973985,58.60783040059378
epigenomics_4364_sol2sanger_0,79.33842056996016,43.64104795589312
epigenomics_4364_sol2sanger_1,73.73393460018004,44.04712151546305
epigenomics_4364_sol2sanger_2,73.86287612729389,44.70604677964986
epigenomics_4364_sol2sanger_3,82.75619650515335,41.838262821461456
epigenomics_4364_sol2sanger_4,75.9083302213381,40.54062866646753
epigenomics_4364_sol2sanger_5,72.44386158493802,55.1282456150777
epigenomics_4364_sol2sanger_6,79.3935976237804,49.95811421697751
epigenomics_4364_sol2sanger_7,82.29734398156235,37.23926143329361
epigenomics_4364_sol2sanger_8,78.835646058791,36.37730416496365
epigenomics_4364_sol2sanger_9,75.30827747467849,63.929307259999355
epigenomics_4364_sol2sanger_10,82.81109844238594,34.78760938353163
epigenomics_4364_sol2sanger_11,82.81627713477171,44.3049891060395
epigenomics_4364_sol2sanger_12,75.64189694817668,52.047827338096184
epigenomics_4364_sol2sanger_13,73.0128004521476,56.58363105529396
epigenomics_4364_sol2sanger_14,76.1649099698912,40.98471963172365
epigenomics_4364_sol2sanger_15,75.00245115175427,29.724620407915353
epigenomics_4364_sol2sanger_16,82.20547670586991,49.334603905603466
epigenomics_4364_sol2sanger_17,77.6672968577516,47.71203045115005
epigenomics_4364_sol2sanger_18,70.46390027349418,42.953668702836715
epigenomics_4364_sol2sanger_19,77.57518503276373,46.750466012127404
epigenomics_4364_sol2sanger_20,77.3434651045421,33.8410180142999
epigenomics_4364_sol2sanger_21,82.54385740822799,50.4429454079617
epigenomics_4364_sol2sanger_22,82.2934325216007,48.64492789384077
epigenomics_4364_sol2sanger_23,86.19186803441663,61.64783084042158
epigenomics_4364_sol2sanger_24,79.39740915918864,45.942524283673364
epigenomics_4364_sol2sanger_25,81.93378439000445,41.62840318645322
epigenomics_4364_sol2sanger_26,68.68419997404798,35.12377264706187
epigenomics_4364_sol2sanger_27,78.82088092573431,47.019106897571795
epigenomics_4364_sol2sanger_28,81.72917547722257,62.17160678691847
epigenomics_4364_sol2sanger_29,82.37004206487153,51.12768576732168
epigenomics_4364_sol2sanger_30,81.89875951343873,58.7115292283789
epigenomics_4364_sol2sanger_31,80.88265593731707,41.98848843627996
epigenomics_4364_sol2sanger_32,76.78988241825954,43.381964319994275
epigenomics_4364_sol2sanger_33,87.46127308229048,50.85633894856806
epigenomics_4364_sol2sanger_34,92.38949861969844,36.985527143455634
epigenomics_4364_sol2sanger_35,77.82000665707929,44.89224875862161
epigenomics_4364_sol2sanger_36,74.7877201892791,48.122376357001976
epigenomics_4364_sol2sanger_37,80.57252316164838,32.77710567331982
epigenomics_4364_sol2sanger_38,86.7774872606424,44.38004200590942
epigenomics_4364_sol2sanger_39,81.13089327842303,48.481502078360336
epigenomics_4364_sol2sanger_40,80.24055704137191,45.77963063797005
epigenomics_4364_sol2sanger_41,75.05859925403203,41.77672827876245
epigenomics_4364_sol2sanger_42,76.12241804531719,40.64802313623426
epigenomics_4364_sol2sanger_43,72.21897569951247,32.245877803769545
epigenomics_4364_sol2sanger_44,79.07108481551931,41.868860302263805
epigenomics_4364_sol2sanger_45,87.5661417856823,35.83791410326343
epigenomics_4364_sol2sanger_46,77.01341403283682,47.24541532473931
epigenomics_4364_sol2sanger_47,82.68793896305893,43.61221967050239
epigenomics_4364_sol2sanger_48,78.62593956929378,28.34006450343934
epigenomics_4364_sol2sanger_49,84.1621038739142,38.277050304263135
epigenomics_4364_sol2sanger_50,81.6259764463181,46.66766288651554
epigenomics_4364_sol2sanger_51,76.6007545328573,40.63078540209299
epigenomics_4364_sol2sanger_52,86.79885887136828,42.758135297469124
epigenomics_4364_sol2sanger_53,76.01413834460334,42.13351742073564
epigenomics_4364_sol2sanger_54,64.69433566397056,57.80833967068441
epigenomics_4364_sol2sanger_55,80.15613631113523,41.570492363600664
epigenomics_4364_sol2sanger_56,78.63199469256851,51.3503385395288
epigenomics_4364_sol2sanger_57,80.83457065356114,31.9797683865374
epigenomics_4364_sol2sanger_58,83.85833191008786,54.17905067121464
epigenomics_4364_sol2sanger_59,78.6444794942942,37.28836656591467
epigenomics_4364_sol2sanger_60,72.7101046387977,56.18971918662078
epigenomics_4364_sol2sanger_61,81.84142541280062,55.48124274103911
epigenomics_4364_sol2sanger_62,82.03842846347206,44.66990982838101
epigenomics_4364_sol2sanger_63,78.70896587945583,54.83228182291593
epigenomics_4364_sol2sanger_64,83.60301475774023,35.54624180396739
epigenomics_4364_sol2sanger_65,74.86567416689537,40.68783524048755
epigenomics_4364_sol2sanger_66,80.07257306549259,44.07494838363217
epigenomics_4364_sol2sanger_67,77.55385095166353,59.737641903002086
epigenomics_4364_sol2sanger_68,74.86607340030406,44.286302412723614
epigenomics_4364_sol2sanger_69,82.23172728311056,36.742776032815016
epigenomics_4364_sol2sanger_70,79.46726111082918,62.10096183576003
epigenomics_4364_sol2sanger_71,75.04925983328567,41.92755436412758
epigenomics_4364_sol2sanger_72,80.33118849421417,52.78436041736366
epigenomics_4364_sol2sanger_73,83.86918474307805,38.31753616154632
epigenomics_4364_sol2sanger_74,80.55374085854619,34.15920166783192
epigenomics_4364_sol2sanger_75,87.70232921871705,47.27716409650527
epigenomics_4364_sol2sanger_76,79.4286017957516,41.84169163547506
epigenomics_4364_sol2sanger_77,75.56124103752073,62.296089476834254
epigenomics_4364_sol2sanger_78,75.55264153179533,27.358985252763926
epigenomics_4364_sol2sanger_79,74.98814570705827,48.71966675655805
epigenomics_4364_sol2sanger_80,75.9119001896291,39.69230497039011
epigenomics_4364_sol2sanger_81,78.88997286933449,37.68770245998751
epigenomics_4364_sol2sanger_82,79.65066324236913,34.744955833466356
epigenomics_4364_sol2sanger_83,81.20638547453291,45.023709915368364
epigenomics_4364_sol2sanger_84,82.67981774811463,54.73941134565412
epigenomics_4364_sol2sanger_85,81.05967373159963,56.50413871488821
epigenomics_4364_sol2sanger_86,81.73009572252214,34.66871234221795
epigenomics_4364_sol2sanger_87,84.34235180454218,49.266289623045665
epigenomics_4364_sol2sanger_88,79.06014281823232,39.97434924222827
epigenomics_4364_sol2sanger_89,83.99794623397294,35.938707464789545
epigenomics_4364_sol2sanger_90,81.01102889588074,67.19273610672408
epigenomics_4364_sol2sanger_91,76.39143204080288,46.80419283144711
epigenomics_4364_sol2sanger_92,80.24688178330119,52.83383828085101
epigenomics_4364_sol2sanger_93,77.34303178419296,32.348718839073484
epigenomics_4364_sol2sanger_94,78.95074264879264,42.564668463177206
epigenomics_4364_sol2sanger_95,85.20549725543597,43.349497268156064
epigenomics_4364_sol2sanger_96,81.10997790432774,39.7251318247759
epigenomics_4364_sol2sanger_97,82.91481086467584,45.269425219242684
epigenomics_4364_sol2sanger_98,87.32990094700703,41.46772526186761
epigenomics_4364_sol2sanger_99,80.36911674422309,44.24572017283836
epigenomics_4364_sol2sanger_100,75.87968946478594,46.15878552405335
epigenomics_4364_sol2sanger_101,76.07220657719108,54.63150929809
epigenomics_4364_sol2sanger_102,74.7372136692312,46.96050251221745
epigenomics_4364_sol2sanger_103,81.54950604484144,48.342087208975954
epigenomics_4364_sol2sanger_104,82.20374412110368,46.385344565830295
epigenomics_4364_sol2sanger_105,76.51636731605923,42.94278951375516
epigenomics_4364_sol2sanger_106,93.83281470433135,40.96521444817771
epigenomics_4364_sol2sanger_107,90.20363519174265,42.15771216998043
epigenomics_4364_sol2sanger_108,77.2523162377708,31.448427839899125
epigenomics_4364_sol2sanger_109,82.27201780780929,49.380440906431645
epigenomics_4364_sol2sanger_110,72.97017436224246,48.46007350613282
epigenomics_4364_sol2sanger_111,78.6979827389375,51.643581858811906
epigenomics_4364_sol2sanger_112,81.86152730731106,28.09904375726464
epigenomics_4364_sol2sanger_113,74.18892921059968,53.338334167849446
epigenomics_4364_sol2sanger_114,83.76658844218748,28.568168125497152
epigenomics_4364_sol2sanger_115,76.12577892700499,49.20214414727843
epigenomics_4364_sol2sanger_116,72.40428675892367,47.044579115375605
epigenomics_4364_sol2sanger_117,82.2080469745141,35.95623885773897
epigenomics_4364_sol2sanger_118,78.28772805631338,55.364123330004695
epigenomics_4364_sol2sanger_119,79.6887539756076,30.16443319588329
epigenomics_4364_sol2sanger_120,80.53085057705083,35.08581107823295
epigenomics_4364_sol2sanger_121,81.4482802144325,40.91827607294027
epigenomics_4364_sol2sanger_122,82.43041150548935,48.39637800157228
epigenomics_4364_sol2sanger_123,82.68818114972372,53.32553847483026
epigenomics_4364_sol2sanger_124,79.07552155968578,49.27187392020981
epigenomics_4364_sol2sanger_125,82.29733732229445,64.63464460535066
epigenomics_4364_sol2sanger_126,79.45304473678908,53.991535719814735
epigenomics_4364_sol2sanger_127,78.30260438936251,47.02792569428473
epigenomics_4364_sol2sanger_128,75.11097807887239,30.565742428189843
epigenomics_4364_sol2sanger_129,75.89443100317595,49.09141369847587
epigenomics_4364_sol2sanger_130,75.12862707135305,35.050379457747816
epigenomics_4364_sol2sanger_131,86.86238361711663,48.24264666266542
epigenomics_4364_sol2sanger_132,76.87236518785332,48.23757739983821
epigenomics_4364_sol2sanger_133,71.53303967742445,44.4931482275178
epigenomics_4364_sol2sanger_134,80.94345240233106,38.408611460052
epigenomics_4364_sol2sanger_135,79.13599575580176,39.332062847727755
epigenomics_4364_sol2sanger_136,78.58133478770806,45.320031433401006
epigenomics_4364_sol2sanger_137,69.17780111506436,49.71083083905514
epigenomics_4364_sol2sanger_138,78.40585811519986,49.11837952257268
epigenomics_4364_sol2sanger_139,72.9867546916894,42.74164430609159
epigenomics_4364_sol2sanger_140,83.80719714111007,60.79318146035225
epigenomics_4364_sol2sanger_141,81.65472535668394,36.48529200063696
epigenomics_4364_sol2sanger_142,73.46476975305474,31.90726557668273
epigenomics_4364_sol2sanger_143,84.37623883653899,48.87693448616805
epigenomics_4364_sol2sanger_144,81.2436668965264,50.511545055233086
epigenomics_4364_sol2sanger_145,72.75813305093274,40.89277385900185
epigenomics_4364_sol2sanger_146,81.03875754800369,41.30734516649024
epigenomics_4364_sol2sanger_147,80.68531767557707,43.17721645791772
epigenomics_4364_sol2sanger_148,80.48416736580992,56.48421996138795
epigenomics_4364_sol2sanger_149,73.43867583708759,33.536759749817385
epigenomics_4364_sol2sanger_150,86.90717561899329,40.42965756270606
epigenomics_4364_sol2sanger_151,86.59268638944377,45.27380432806455
epigenomics_4364_sol2sanger_152,79.8643590898485,48.194523761458896
epigenomics_4364_sol2sanger_153,75.64144012558457,48.12917999216397
epigenomics_4364_sol2sanger_154,74.96944182603636,49.131179727245495
epigenomics_4364_sol2sanger_155,83.30340810971367,54.60667468484303
epigenomics_4364_sol2sanger_156,69.85939163657818,46.28107164693785
epigenomics_4364_sol2sanger_157,82.67156923664518,29.655974028114567
epigenomics_4364_sol2sanger_158,72.91893497057663,55.55365078285017
epigenomics_4364_sol2sanger_159,74.9583542147834,43.43226174360577
epigenomics_4364_sol2sanger_160,80.16983681402863,46.11499431225965
epigenomics_4364_sol2sanger_161,78.18246672022505,30.91198316270389
epigenomics_4364_sol2sanger_162,80.82314981375828,56.26848066636643
epigenomics_4364_sol2sanger_163,72.70140261366213,30.004711869614454
epigenomics_4364_sol2sanger_164,83.31910208629999,56.01909187757015
epigenomics_4364_sol2sanger_165,80.62783738734575,45.82418041939451
epigenomics_4364_sol2sanger_166,83.79384033292925,46.13749170876496
epigenomics_4364_sol2sanger_167,71.10204654620921,42.505960218484965
epigenomics_4364_sol2sanger_168,81.60927924663159,59.64810433487556
epigenomics_4364_sol2sanger_169,78.5716794648312,35.99883923788324
epigenomics_4364_sol2sanger_170,82.01562930851178,42.42068276449502
epigenomics_4364_sol2sanger_171,79.57756464350108,41.625044830131486
epigenomics_4364_sol2sanger_172,74.95738006184914,34.17617651831928
epigenomics_4364_sol2sanger_173,82.56286480229761,44.24434678235152
epigenomics_4364_sol2sanger_174,78.08491991769917,51.602653382795104
epigenomics_4364_sol2sanger_175,86.83302783497494,33.53822750727375
epigenomics_4364_sol2sanger_176,78.21568874665093,41.10571078900792
epigenomics_4364_sol2sanger_177,77.37231336857397,24.619500817793575
epigenomics_4364_sol2sanger_178,79.79103001770582,47.47704674596691
epigenomics_4364_sol2sanger_179,82.76923604929502,30.114097094029688
epigenomics_4364_sol2sanger_180,84.84903132445542,40.09968933146257
epigenomics_4364_sol2sanger_181,82.97949723522302,33.576243023099806
epigenomics_4364_sol2sanger_182,78.25348350321714,52.076174855699065
epigenomics_4364_sol2sanger_183,81.76150608911458,57.80400018393061
epigenomics_4364_sol2sanger_184,76.97190188321271,42.01281479265895
epigenomics_4364_sol2sanger_185,88.65486016618088,39.059341566951126
epigenomics_4364_sol2sanger_186,84.94132816838406,42.06948236576558
epigenomics_4364_sol2sanger_187,82.70161271796354,41.51427053285683
epigenomics_4364_sol2sanger_188,77.40409431592427,42.829512268947774
epigenomics_4364_sol2sanger_189,75.96043103162029,47.56256712772668
epigenomics_4364_sol2sanger_190,83.5772067721834,49.44981266902863
epigenomics_4364_sol2sanger_191,86.75682785301726,48.1248728585002
epigenomics_4364_sol2sanger_192,75.37212183875316,42.35718976782021
epigenomics_4364_sol2sanger_193,82.80819587895482,35.70936347343008
epigenomics_4364_sol2sanger_194,91.93469279664043,41.24905993083365
epigenomics_4364_sol2sanger_195,87.67383092847157,36.51881987896318
epigenomics_4364_sol2sanger_196,77.39231059083563,42.91954174855069
epigenomics_4364_sol2sanger_197,84.57124625744365,49.62905358771353
epigenomics_4364_sol2sanger_198,76.35800121279676,45.1704784114191
epigenomics_4364_sol2sanger_199,77.66783456062315,39.85238649679991
epigenomics_4364_sol2sanger_200,82.63306835205185,50.935492488715944
epigenomics_4364_sol2sanger_201,73.83092804258469,29.62014456627793
epigenomics_4364_sol2sanger_202,72.03422955937056,26.55406403032442
epigenomics_4364_sol2sanger_203,83.60772528006214,50.23542409356038
epigenomics_4364_sol2sanger_204,78.0462329969021,46.975865947417795
epigenomics_4364_sol2sanger_205,76.73617314331315,38.556455493329594
epigenomics_4364_sol2sanger_206,88.2710321414612,42.89866475811498
epigenomics_4364_sol2sanger_207,79.0299975759419,54.749602433642146
epigenomics_4364_sol2sanger_208,83.53144374206009,40.74634527790197
epigenomics_4364_sol2sanger_209,84.13279506425182,48.69059733625371
epigenomics_4364_sol2sanger_210,76.62491309729141,37.577776827471745
epigenomics_4364_sol2sanger_211,69.6074182353689,38.86323488391089
epigenomics_4364_sol2sanger_212,86.008950945971,33.521429953122876
epigenomics_4364_sol2sanger_213,81.0957641897504,36.3839340118892
epigenomics_4364_sol2sanger_214,77.05193720069823,48.38589881053418
epigenomics_4364_sol2sanger_215,81.24322114587254,39.984474568575045
epigenomics_4364_sol2sanger_216,84.3869907604983,52.190496314211536
epigenomics_4364_sol2sanger_217,71.63268362370249,65.09259011339918
epigenomics_4364_sol2sanger_218,88.5699244147543,56.131077554238615
epigenomics_4364_sol2sanger_219,79.8554855085289,60.76269690320907
epigenomics_4364_sol2sanger_220,71.31423766407521,42.892369784489176
epigenomics_4364_sol2sanger_221,85.93302122385744,54.460515634982215
epigenomics_4364_sol2sanger_222,76.61947019976736,44.78436728732366
epigenomics_4364_sol2sanger_223,84.8286902935117,39.86876819271735
epigenomics_4364_sol2sanger_224,84.09306704845552,42.17886897379573
epigenomics_4364_sol2sanger_225,78.44674888467755,41.14262729748406
epigenomics_4364_sol2sanger_226,80.13509616973104,45.59902385591261
epigenomics_4364_sol2sanger_227,82.01230124695307,35.50728673092178
epigenomics_4364_sol2sanger_228,78.34946981396945,49.44349806285746
epigenomics_4364_sol2sanger_229,85.8105868178479,38.01017922033931
epigenomics_4364_sol2sanger_230,83.49659996140183,46.87977990789539
epigenomics_4364_sol2sanger_231,74.78350930219685,40.14854732358753
epigenomics_4364_sol2sanger_232,75.25569422436246,41.612301231568296
epigenomics_4364_sol2sanger_233,79.19360018360568,45.345836057282476
epigenomics_4364_sol2sanger_234,76.24366828349615,39.10402074280242
epigenomics_4364_sol2sanger_235,80.38710342743624,44.46717544632576
epigenomics_4364_sol2sanger_236,72.10529542772105,52.01419620584778
epigenomics_4364_sol2sanger_237,77.51517481345259,46.523784373741144
epigenomics_4364_sol2sanger_238,82.2837616118705,57.4323540524749
epigenomics_4364_sol2sanger_239,82.69121192292934,46.21384257274313
epigenomics_4364_sol2sanger_240,74.37524558416585,43.14894465507508
epigenomics_4364_sol2sanger_241,81.02180857874802,54.28685048266928
epigenomics_4364_sol2sanger_242,79.4417527627034,47.540879073497116
epigenomics_4364_sol2sanger_243,79.74970660895262,37.00986064951962
epigenomics_4364_sol2sanger_244,77.40200260335955,47.20431902439791
epigenomics_4364_sol2sanger_245,79.16479741067998,44.11187006640343
epigenomics_4364_sol2sanger_246,78.2686680946507,47.342549387986594
epigenomics_4364_sol2sanger_247,79.97893396984938,55.346358040971246
epigenomics_4364_sol2sanger_248,76.64123721402514,28.66436335602305
epigenomics_4364_sol2sanger_249,85.43307698843734,42.676119994009895
epigenomics_4364_sol2sanger_250,74.35423917368912,39.49923174448468
epigenomics_4364_sol2sanger_251,89.4119890194748,47.41719794807425
epigenomics_4364_sol2sanger_252,80.42086425329747,54.41749344461363
epigenomics_4364_sol2sanger_253,75.84806030855272,47.144546416171046
epigenomics_4364_sol2sanger_254,73.19046324775086,39.53746562497753
epigenomics_4364_sol2sanger_255,80.59054758142506,43.4998332781964
epigenomics_4364_sol2sanger_256,78.4481039355984,37.281175896244754
epigenomics_4364_sol2sanger_257,85.58428277267538,39.57330569972417
epigenomics_4364_sol2sanger_258,81.0905811003639,45.76105970100518
epigenomics_4364_sol2sanger_259,84.96587127954227,42.03017713649791
epigenomics_4364_sol2sanger_260,80.9877757087517,39.091889210649306
epigenomics_4364_sol2sanger_261,79.88386131402713,36.115205990278746
epigenomics_4364_sol2sanger_262,85.87183743814965,54.97300499976148
epigenomics_4364_sol2sanger_263,86.12293362865587,55.988525984324944
epigenomics_4364_sol2sanger_264,75.25349074623496,42.18349505380133
epigenomics_4364_sol2sanger_265,84.38189693855361,44.83596976079813
epigenomics_4364_sol2sanger_266,74.22166690372373,37.21361067773362
epigenomics_4364_sol2sanger_267,78.63914340760623,53.91732669812517
epigenomics_4364_sol2sanger_268,73.96252692662853,38.94338065909073
epigenomics_4364_sol2sanger_269,83.08277101606934,57.29961515428394
epigenomics_4364_sol2sanger_270,82.70632350827574,40.94994557350202
epigenomics_4364_sol2sanger_271,78.77157563591265,52.704721356301626
epigenomics_4364_sol2sanger_272,82.36104494583563,50.892131406855775
epigenomics_4364_sol2sanger_273,78.376982815543,43.050385808510995
epigenomics_4364_sol2sanger_274,73.67743363115002,55.0738633284613
epigenomics_4364_sol2sanger_275,79.19871718662418,38.451686203580536
epigenomics_4364_sol2sanger_276,79.99615508395595,54.426609388331705
epigenomics_4364_sol2sanger_277,85.65146931767929,50.319061737131
epigenomics_4364_sol2sanger_278,77.09099496637258,39.931610377385034
epigenomics_4364_sol2sanger_279,85.24844493298603,36.241269697456026
epigenomics_4364_sol2sanger_280,81.06257173741943,52.21575343116954
epigenomics_4364_sol2sanger_281,81.20626890569919,52.88082088969168
epigenomics_4364_sol2sanger_282,71.60657755088573,42.98789826281496
epigenomics_4364_sol2sanger_283,91.28479405724201,32.30442730794303
epigenomics_4364_sol2sanger_284,73.242725911684,40.46949389655838
epigenomics_4364_sol2sanger_285,79.34665499835614,31.401515858707498
epigenomics_4364_sol2sanger_286,91.35351108908543,46.54524997083944
epigenomics_4364_sol2sanger_287,73.5081992157838,33.40794234961863
epigenomics_4364_sol2sanger_288,78.53879210708989,50.433555725106245
epigenomics_4364_sol2sanger_289,83.49016156133294,52.85643044629029
epigenomics_4364_sol2sanger_290,72.60511848881038,52.70410659794142
epigenomics_4364_sol2sanger_291,83.5841311941471,42.19310016681253
epigenomics_4364_sol2sanger_292,91.2856272665444,60.243249070605195
epigenomics_4364_sol2sanger_293,78.98456539668852,48.99719417439851
epigenomics_4364_sol2sanger_294,80.25911036161087,56.144327265987414
epigenomics_4364_sol2sanger_295,75.2041503262173,34.71337700769728
epigenomics_4364_sol2sanger_296,78.90662613871963,46.565100232558265
epigenomics_4364_sol2sanger_297,76.40876984078237,55.3083893225459
epigenomics_4364_sol2sanger_298,90.21981985319398,57.79050674508994
epigenomics_4364_sol2sanger_299,78.20246699018945,40.9902101594201
epigenomics_4364_sol2sanger_300,72.04571664918683,27.627416940510773
epigenomics_4364_sol2sanger_301,76.09279714009921,41.270518894711
epigenomics_4364_sol2sanger_302,79.92931444273047,54.69314349494017
epigenomics_4364_sol2sanger_303,75.42023707774379,51.08787712269651
epigenomics_4364_sol2sanger_304,79.22374652996977,50.21907182785135
epigenomics_4364_sol2sanger_305,76.4911092140954,41.85903183285749
epigenomics_4364_sol2sanger_306,82.36838834968638,47.26176302862819
epigenomics_4364_sol2sanger_307,79.71784593689975,54.66692779773413
epigenomics_4364_sol2sanger_308,78.9305247491434,43.83163070044865
epigenomics_4364_sol2sanger_309,78.37047147311169,40.65394052085724
epigenomics_4364_sol2sanger_310,82.03790072199313,45.25574140895417
epigenomics_4364_sol2sanger_311,84.08647498383588,29.509743653354704
epigenomics_4364_sol2sanger_312,79.05694588374271,36.538432382068216
epigenomics_4364_sol2sanger_313,81.06084615662854,42.58952919363227
epigenomics_4364_sol2sanger_314,80.7539582448232,42.541415525774504
epigenomics_4364_sol2sanger_315,83.08488141691188,35.8740224148956
epigenomics_4364_sol2sanger_316,79.19706192039638,47.53617968816077
epigenomics_4364_sol2sanger_317,96.1258621261603,41.18937235246705
epigenomics_4364_sol2sanger_318,74.145153473041,38.85686454886205
epigenomics_4364_sol2sanger_319,84.24242316187268,52.17067745319871
epigenomics_4364_sol2sanger_320,78.13869825587307,56.375057548655974
epigenomics_4364_sol2sanger_321,88.21827022496245,48.13736689665677
epigenomics_4364_sol2sanger_322,80.60775051978968,41.609064949278675
epigenomics_4364_sol2sanger_323,79.85116195293155,50.756141388677186
epigenomics_4364_sol2sanger_324,81.98534745377546,56.04194001656167
epigenomics_4364_sol2sanger_325,79.03723247555327,55.384083744319675
epigenomics_4364_sol2sanger_326,83.70043762400628,41.655913474192886
epigenomics_4364_sol2sanger_327,71.12224902412898,50.93430975912844
epigenomics_4364_sol2sanger_328,80.79963609543125,44.87230723928013
epigenomics_4364_sol2sanger_329,82.73758661049142,38.66586036709583
epigenomics_4364_sol2sanger_330,75.2122259586194,41.59545317601776
epigenomics_4364_sol2sanger_331,80.04622076631321,37.03319935274758
epigenomics_4364_sol2sanger_332,79.84663273821113,55.6554827696019
epigenomics_4364_sol2sanger_333,73.48121064896787,47.12229038020767
epigenomics_4364_sol2sanger_334,87.367211813808,43.89753492231253
epigenomics_4364_sol2sanger_335,88.74954071479459,41.32634112752766
epigenomics_4364_sol2sanger_336,86.02223228516374,28.17632288414172
epigenomics_4364_sol2sanger_337,85.45729244347802,50.16419062282313
epigenomics_4364_sol2sanger_338,79.17582728450066,40.35476406996367
epigenomics_4364_sol2sanger_339,84.59604544127065,60.829696333815846
epigenomics_4364_sol2sanger_340,80.5896051394569,50.36049213463288
epigenomics_4364_sol2sanger_341,83.91770031791278,40.29910005833184
epigenomics_4364_sol2sanger_342,78.76869506393263,56.89431542956004
epigenomics_4364_sol2sanger_343,85.035074322307,47.9015463609974
epigenomics_4364_sol2sanger_344,76.5689987001236,45.1848227561165
epigenomics_4364_sol2sanger_345,79.83166688544512,45.4264291078521
epigenomics_4364_sol2sanger_346,70.00746571149092,38.39373774779184
epigenomics_4364_sol2sanger_347,74.93340267405996,24.463515776713884
epigenomics_4364_sol2sanger_348,80.1761930946467,60.59035901813131
epigenomics_4364_sol2sanger_349,80.37465641303224,49.030661908165825
epigenomics_4364_sol2sanger_350,82.5177500936812,29.568484389167146
epigenomics_4364_sol2sanger_351,85.63404594607657,39.36100615263696
epigenomics_4364_sol2sanger_352,83.77193423466326,55.51385276488109
epigenomics_4364_sol2sanger_353,82.97205527539923,19.191617741026803
epigenomics_4364_sol2sanger_354,81.56615506843568,58.01700969706603
epigenomics_4364_sol2sanger_355,83.27317117958806,46.98480305276671
epigenomics_4364_sol2sanger_356,73.5049102952236,39.506281931352696
epigenomics_4364_sol2sanger_357,84.7122851020365,42.89082354707844
epigenomics_4364_sol2sanger_358,72.32808409114718,49.50631565494426
epigenomics_4364_sol2sanger_359,75.46200663671422,64.62079662529209
epigenomics_4364_sol2sanger_360,71.17431185162464,40.80598096297225
epigenomics_4364_sol2sanger_361,89.27740049039923,41.9339771907525
epigenomics_4364_sol2sanger_362,78.29762104966035,46.70408042693643
epigenomics_4364_sol2sanger_363,76.87080331534477,58.93182008614052
epigenomics_4364_sol2sanger_364,81.38807048869336,51.45500564395683
epigenomics_4364_sol2sanger_365,77.8874365084762,55.08407756171434
epigenomics_4364_sol2sanger_366,71.48662919535688,51.30709958629363
epigenomics_4364_sol2sanger_367,70.86651595711731,41.37205743172378
epigenomics_4364_sol2sanger_368,76.0766722266435,37.91711396192582
epigenomics_4364_sol2sanger_369,81.27809877266685,49.32938421455052
epigenomics_4364_sol2sanger_370,82.42578518203642,59.26439124313663
epigenomics_4364_sol2sanger_371,87.41400662207812,53.383871240485284
epigenomics_4364_sol2sanger_372,79.4964975812688,41.73143858964954
epigenomics_4364_sol2sanger_373,79.73401704917487,45.21248391531999
epigenomics_4364_sol2sanger_374,82.72716779109194,47.582692014410114
epigenomics_4364_sol2sanger_375,74.19049290920165,40.74612199717325
epigenomics_4364_sol2sanger_376,71.98557849557318,33.88760948474592
epigenomics_4364_sol2sanger_377,84.50784518431442,45.78323608024564
epigenomics_4364_sol2sanger_378,82.59602560824973,41.928342825908544
epigenomics_4364_sol2sanger_379,81.41541984857983,57.2732394245085
epigenomics_4364_sol2sanger_380,87.5789698256698,50.71835507622827
epigenomics_4364_sol2sanger_381,79.20697100873046,50.635464836333426
epigenomics_4364_sol2sanger_382,78.31002441026858,45.78202586024949
epigenomics_4364_sol2sanger_383,75.87779215657709,59.72059073149941
epigenomics_4364_sol2sanger_384,80.7509899259125,41.27043028955834
epigenomics_4364_sol2sanger_385,74.80692591031982,43.78746590674422
epigenomics_4364_sol2sanger_386,76.29746160826292,58.53968932941444
epigenomics_4364_sol2sanger_387,82.26190647044542,44.830194176634585
epigenomics_4364_sol2sanger_388,90.02441990236514,41.247111789042236
epigenomics_4364_sol2sanger_389,85.38707393763829,57.03269170202005
epigenomics_4364_sol2sanger_390,83.09967302126114,38.23088969143578
epigenomics_4364_sol2sanger_391,76.92916503494062,40.34011982760794
epigenomics_4364_sol2sanger_392,88.04113212730854,39.898197318999074
epigenomics_4364_sol2sanger_393,87.15594660779298,52.776832156012155
epigenomics_4364_sol2sanger_394,73.8456200483019,43.88152425331708
epigenomics_4364_sol2sanger_395,78.93836515158416,38.171529885786065
epigenomics_4364_sol2sanger_396,80.08924335237361,38.59440481125356
epigenomics_4364_sol2sanger_397,85.94250479585239,51.11288839611952
epigenomics_4364_sol2sanger_398,81.800035106142,46.84138092001479
epigenomics_4364_sol2sanger_399,82.49014134684744,46.44782360439511
epigenomics_4364_sol2sanger_400,87.59179422637284,52.67732676833056
epigenomics_4364_sol2sanger_401,76.20025424794079,30.203581090061704
epigenomics_4364_sol2sanger_402,74.29800150963015,43.61623388788847
epigenomics_4364_sol2sanger_403,75.30975649413037,35.585842536396726
epigenomics_4364_sol2sanger_404,82.97974323612975,52.61188718376418
epigenomics_4364_sol2sanger_405,79.80355755839149,40.66763763273133
epigenomics_4364_sol2sanger_406,80.62367184415737,47.418393377969885
epigenomics_4364_sol2sanger_407,82.44554929656086,33.00974225306756
epigenomics_4364_sol2sanger_408,77.50229928321374,26.65276245886681
epigenomics_4364_sol2sanger_409,80.30829299496136,42.43965921229346
epigenomics_4364_sol2sanger_410,74.77001037473936,43.09017597684001
epigenomics_4364_sol2sanger_411,81.96319222037611,55.6337475178282
epigenomics_4364_sol2sanger_412,86.48792487983813,47.57208283802651
epigenomics_4364_sol2sanger_413,75.52992551035707,35.94325921226472
epigenomics_4364_sol2sanger_414,88.62118776590079,54.44592211315748
epigenomics_4364_sol2sanger_415,76.44168216689803,49.25538739222114
epigenomics_4364_sol2sanger_416,83.2129936297647,43.42163061564961
epigenomics_4364_sol2sanger_417,84.51953062720874,48.20218163873499
epigenomics_4364_sol2sanger_418,75.3143084495636,42.68815775517388
epigenomics_4364_sol2sanger_419,80.36069557783743,46.09745758789322
epigenomics_4364_sol2sanger_420,82.21541824603477,40.277492855739716
epigenomics_4364_sol2sanger_421,74.42193191127096,39.30667514615267
epigenomics_4364_sol2sanger_422,80.35238679139714,48.40246177945827
epigenomics_4364_sol2sanger_423,83.419543583866,43.57359096304544
epigenomics_4364_sol2sanger_424,84.56250726503806,39.787163575249046
epigenomics_4364_sol2sanger_425,84.73019379536603,40.26057656845928
epigenomics_4364_sol2sanger_426,85.06123495762064,43.662083639769634
epigenomics_4364_sol2sanger_427,78.75133807157533,49.62882615429446
epigenomics_4364_sol2sanger_428,78.05512547965643,53.36584087808709
epigenomics_4364_sol2sanger_429,80.7789281297081,53.910702953584206
epigenomics_4364_sol2sanger_430,80.6206994399716,30.676476850128644
epigenomics_4364_sol2sanger_431,79.30215540957501,47.54724280890023
epigenomics_4364_sol2sanger_432,81.84963355996052,39.250892352687046
epigenomics_4364_sol2sanger_433,77.7371290811514,46.585473395077756
epigenomics_4364_sol2sanger_434,75.30411239208962,34.138062793184744
epigenomics_4364_sol2sanger_435,82.42149771257232,50.51219514599387
epigenomics_4364_sol2sanger_436,80.45056464463717,28.68894970969065
epigenomics_4364_sol2sanger_437,83.03529582359506,32.074203241352784
epigenomics_4364_sol2sanger_438,73.8312582550151,42.205451998417345
epigenomics_4364_sol2sanger_439,73.38400980862636,51.00751168491555
epigenomics_4364_sol2sanger_440,72.14355441084963,44.393875345591134
epigenomics_4364_sol2sanger_441,81.24712819334906,45.83223960437018
epigenomics_4364_sol2sanger_442,83.93310491956218,42.2071342844875
epigenomics_4364_sol2sanger_443,81.45819865422135,44.6650734558195
epigenomics_4364_sol2sanger_444,89.17149080774603,38.64256848256013
epigenomics_4364_sol2sanger_445,84.94722860605847,30.40265753141464
epigenomics_4364_sol2sanger_446,80.2839394719717,52.97245334867708
epigenomics_4364_sol2sanger_447,75.92295146619217,36.490197000145976
epigenomics_4364_sol2sanger_448,79.42292406290285,39.48110340501409
epigenomics_4364_sol2sanger_449,78.10499457741734,46.71210399874075
epigenomics_4364_sol2sanger_450,75.09363822548438,46.33532325354416
epigenomics_4364_sol2sanger_451,83.52293738172342,56.038372929246734
epigenomics_4364_sol2sanger_452,81.12951792324536,60.725097731297595
epigenomics_4364_sol2sanger_453,83.94379989216519,44.984655161590894
epigenomics_4364_sol2sanger_454,80.32145137617404,37.150602397402906
epigenomics_4364_sol2sanger_455,70.44895131727992,45.13586970312027
epigenomics_4364_sol2sanger_456,74.6022549883269,43.352550174553286
epigenomics_4364_sol2sanger_457,86.2509668863058,55.487121263901955
epigenomics_4364_sol2sanger_458,77.2069282705401,57.46466854950242
epigenomics_4364_sol2sanger_459,70.49187077158783,38.97584879427681
epigenomics_4364_sol2sanger_460,84.51795471741382,60.437732581351156
epigenomics_4364_sol2sanger_461,76.47446009611346,49.173924622087746
epigenomics_4364_sol2sanger_462,82.60345819398644,40.11452644525227
epigenomics_4364_sol2sanger_463,84.08837860460963,41.07114731037738
epigenomics_4364_sol2sanger_464,91.7149131626592,46.209467098326456
epigenomics_4364_sol2sanger_465,78.83051428618997,45.423969930553206
epigenomics_4364_sol2sanger_466,67.68527134647611,57.670938379257834
epigenomics_4364_sol2sanger_467,82.77227652173104,63.903263097300666
epigenomics_4364_sol2sanger_468,84.54883534532304,45.988176467603346
epigenomics_4364_sol2sanger_469,74.86445155062894,42.349884369765014
epigenomics_4364_sol2sanger_470,81.23411437717918,52.46363935604559
epigenomics_4364_sol2sanger_471,80.56817947821558,34.52180171553232
epigenomics_4364_sol2sanger_472,76.41296778842185,30.552225318975662
epigenomics_4364_sol2sanger_473,82.86635738408195,46.76894664385606
epigenomics_4364_sol2sanger_474,83.12973202097847,39.21761732376068
epigenomics_4364_sol2sanger_475,77.20210541579505,43.98449286120206
epigenomics_4364_sol2sanger_476,86.70662319701756,35.42114699875009
epigenomics_4364_sol2sanger_477,81.88581253779711,50.35631177771179
epigenomics_4364_sol2sanger_478,77.34241069959702,37.913610276708944
epigenomics_4364_sol2sanger_479,88.77114661856932,48.33240891903227
epigenomics_4364_sol2sanger_480,81.16746957432684,50.67568382867946
epigenomics_4364_sol2sanger_481,86.5714795478975,45.882175849550386
epigenomics_4364_sol2sanger_482,86.98042937707625,37.90953165531391
epigenomics_4364_sol2sanger_483,70.07677043226289,46.05692935023344
epigenomics_4364_sol2sanger_484,86.79060088347605,38.25662572174608
epigenomics_4364_sol2sanger_485,76.60947021737564,43.69872559100218
epigenomics_4364_sol2sanger_486,84.02494550539402,40.16272217063495
epigenomics_4364_sol2sanger_487,76.98569215244221,64.72205257393946
epigenomics_4364_sol2sanger_488,76.28570922747295,44.25787117285873
epigenomics_4364_sol2sanger_489,85.85803706234734,34.29195426422522
epigenomics_4364_sol2sanger_490,78.26308961721615,31.847265742628224
epigenomics_4364_sol2sanger_491,80.15547262778887,58.68398878271042
epigenomics_4364_sol2sanger_492,70.72731094234192,53.59403578551179
epigenomics_4364_sol2sanger_493,79.42706029334899,51.83886178488761
epigenomics_4364_sol2sanger_494,80.51708549673394,42.41307300885012
epigenomics_4364_sol2sanger_495,90.01651909944479,54.531102861071176
epigenomics_4364_sol2sanger_496,88.44471300349694,40.9260154270267
epigenomics_4364_sol2sanger_497,92.5743105457303,37.01271110119171
epigenomics_4364_sol2sanger_498,82.3460055063608,33.93799037605962
epigenomics_4364_sol2sanger_499,77.99162531797458,40.25007479723528
epigenomics_4364_fast2bfq_0,41.312437440375305,88.95619287805431
epigenomics_4364_fast2bfq_1,47.875895289967126,78.29697501110911
epigenomics_4364_fast2bfq_2,41.24073055425398,63.93085590917205
epigenomics_4364_fast2bfq_3,25.45005135849439,96.2312754917438
epigenomics_4364_fast2bfq_4,43.82438184901683,81.47574895847775
epigenomics_4364_fast2bfq_5,49.65863732472994,78.56830336616943
epigenomics_4364_fast2bfq_6,51.9390297027963,75.54452692483456
epigenomics_4364_fast2bfq_7,52.64178879682196,85.40345417528533
epigenomics_4364_fast2bfq_8,47.892338605216985,83.55309221201266
epigenomics_4364_fast2bfq_9,43.29606029137806,71.48956629674889
epigenomics_4364_fast2bfq_10,40.07090542862626,82.52506817069843
epigenomics_4364_fast2bfq_11,36.826483136935195,88.15368007887844
epigenomics_4364_fast2bfq_12,44.36720490412737,73.12187628884323
epigenomics_4364_fast2bfq_13,49.81857203983945,85.24016834247594
epigenomics_4364_fast2bfq_14,43.94578649057357,86.53956434313478
epigenomics_4364_fast2bfq_15,39.02362632855366,78.56236510838852
epigenomics_4364_fast2bfq_16,48.2681453160771,78.88003146695607
epigenomics_4364_fast2bfq_17,45.93018473508186,79.24468549139716
epigenomics_4364_fast2bfq_18,42.181105708837634,81.99827129859004
epigenomics_4364_fast2bfq_19,43.455540575424564,74.1616169630899
epigenomics_4364_fast2bfq_20,53.62295554185503,89.75949041450826
epigenomics_4364_fast2bfq_21,51.307814673146694,84.94531811655735
epigenomics_4364_fast2bfq_22,41.676073691781276,91.62236904588669
epigenomics_4364_fast2bfq_23,40.35452342221642,83.53465030017338
epigenomics_4364_fast2bfq_24,49.608889640092485,88.58248766837593
epigenomics_4364_fast2bfq_25,46.5014925078213,94.70885042335107
epigenomics_4364_fast2bfq_26,43.74965733084311,90.0885412910915
epigenomics_4364_fast2bfq_27,55.269159428786054,81.03710700685791
epigenomics_4364_fast2bfq_28,45.705751733266645,75.91644370063406
epigenomics_4364_fast2bfq_29,52.30349993182167,70.69399234126254
epigenomics_4364_fast2bfq_30,40.98433946494765,81.7486928875835
epigenomics_4364_fast2bfq_31,49.13984903707048,88.76693702470044
epigenomics_4364_fast2bfq_32,48.87008887646071,74.86042682344618
epigenomics_4364_fast2bfq_33,47.92192686908514,83.04415055614366
epigenomics_4364_fast2bfq_34,35.162157885731304,82.99872583575771
epigenomics_4364_fast2bfq_35,35.31334415442937,66.71683578575725
epigenomics_4364_fast2bfq_36,51.21485818828438,81.55739193297514
epigenomics_4364_fast2bfq_37,51.72150524768134,77.55581737621856
epigenomics_4364_fast2bfq_38,44.91170474685279,92.5831199519732
epigenomics_4364_fast2bfq_39,35.63267212971955,75.47788827279841
epigenomics_4364_fast2bfq_40,43.51477938439093,85.82878833727354
epigenomics_4364_fast2bfq_41,49.75215346535677,78.10468309395416
epigenomics_4364_fast2bfq_42,47.79043954747228,71.55627536908122
epigenomics_4364_fast2bfq_43,51.37976031577497,67.27248371260778
epigenomics_4364_fast2bfq_44,34.9922624873773,73.18267727593349
epigenomics_4364_fast2bfq_45,57.76631616915716,71.70085462382907
epigenomics_4364_fast2bfq_46,50.253993669202934,70.54883950150452
epigenomics_4364_fast2bfq_47,43.267574054188216,89.5822076599463
epigenomics_4364_fast2bfq_48,46.771857526901435,81.55277616568411
epigenomics_4364_fast2bfq_49,48.1622339483131,71.48484862898856
epigenomics_4364_fast2bfq_50,37.62175089421684,78.73213054406438
epigenomics_4364_fast2bfq_51,34.17352403026112,84.22597481708218
epigenomics_4364_fast2bfq_52,45.19447979522786,75.70290662575829
epigenomics_4364_fast2bfq_53,44.83584611582701,80.67632805445953
epigenomics_4364_fast2bfq_54,43.30488188261699,93.14094012305189
epigenomics_4364_fast2bfq_55,42.06860256493469,88.65103906457725
epigenomics_4364_fast2bfq_56,47.37414900943192,75.80620669301753
epigenomics_4364_fast2bfq_57,36.64077762202146,68.54645974658567
epigenomics_4364_fast2bfq_58,43.51826105442725,80.48096732624408
epigenomics_4364_fast2bfq_59,48.398113878537586,72.71188809361544
epigenomics_4364_fast2bfq_60,51.38931973754177,91.00059700712467
epigenomics_4364_fast2bfq_61,43.38480500003766,84.53866835529001
epigenomics_4364_fast2bfq_62,46.35481796144689,75.17298513045839
epigenomics_4364_fast2bfq_63,37.11293706789496,70.05783009612423
epigenomics_4364_fast2bfq_64,48.13407591153507,93.45632153927302
epigenomics_4364_fast2bfq_65,50.991952123442545,57.58050541809523
epigenomics_4364_fast2bfq_66,48.025620903733085,70.4554117658146
epigenomics_4364_fast2bfq_67,49.447354686389275,76.88718891020883
epigenomics_4364_fast2bfq_68,42.632054738076526,88.73211168159695
epigenomics_4364_fast2bfq_69,45.0303528926179,89.23996399286777
epigenomics_4364_fast2bfq_70,47.67308332809705,82.7720209858277
epigenomics_4364_fast2bfq_71,47.58083865472294,80.85737185670142
epigenomics_4364_fast2bfq_72,41.422376893083474,82.17941942180097
epigenomics_4364_fast2bfq_73,49.210704098961614,77.08733976642719
epigenomics_4364_fast2bfq_74,54.03041299941228,92.22998971752848
epigenomics_4364_fast2bfq_75,45.40065022985342,68.44959086324525
epigenomics_4364_fast2bfq_76,51.76682401794579,80.20731342455659
epigenomics_4364_fast2bfq_77,43.0217204831387,76.43589974479013
epigenomics_4364_fast2bfq_78,35.171938358864345,80.10169207707868
epigenomics_4364_fast2bfq_79,38.59652044232256,87.12912287626718
epigenomics_4364_fast2bfq_80,50.58538131632417,79.53112781281474
epigenomics_4364_fast2bfq_81,52.235921214123195,74.26060686459039
epigenomics_4364_fast2bfq_82,42.77468269701123,72.60592404908475
epigenomics_4364_fast2bfq_83,54.282047319998185,66.98662883259918
epigenomics_4364_fast2bfq_84,40.09331033818806,89.11359282645031
epigenomics_4364_fast2bfq_85,56.820372744915346,73.98493098989802
epigenomics_4364_fast2bfq_86,34.500464546525535,84.19247742617864
epigenomics_4364_fast2bfq_87,42.23309952755734,81.54049615609851
epigenomics_4364_fast2bfq_88,38.655432525090966,77.6799460098567
epigenomics_4364_fast2bfq_89,46.693102603134605,74.35985953720943
epigenomics_4364_fast2bfq_90,48.4293880646058,82.0718087565077
epigenomics_4364_fast2bfq_91,47.99958047661828,73.66906115104264
epigenomics_4364_fast2bfq_92,45.84737191323178,70.20532390238634
epigenomics_4364_fast2bfq_93,51.71505446504276,73.16990628574494
epigenomics_4364_fast2bfq_94,35.29606441342235,79.52562599981572
epigenomics_4364_fast2bfq_95,41.36491143810736,98.15207670801924
epigenomics_4364_fast2bfq_96,61.130857549264114,69.07366650636676
epigenomics_4364_fast2bfq_97,58.57474703910872,75.24836195499823
epigenomics_4364_fast2bfq_98,38.34818893676972,75.24834845398772
epigenomics_4364_fast2bfq_99,46.00478179498886,77.94871659935492
epigenomics_4364_fast2bfq_100,48.59301684909268,90.66828994103363
epigenomics_4364_fast2bfq_101,49.39597930988985,86.77678186524615
epigenomics_4364_fast2bfq_102,46.270705798977225,71.9945938914695
epigenomics_4364_fast2bfq_103,39.247882043482896,68.39160148500513
epigenomics_4364_fast2bfq_104,40.0920507820086,82.18207137093859
epigenomics_4364_fast2bfq_105,45.80017391570678,83.96415196557977
epigenomics_4364_fast2bfq_106,53.288182130679225,86.14226593196094
epigenomics_4364_fast2bfq_107,46.20366832504927,89.68991572029768
epigenomics_4364_fast2bfq_108,45.251722697640375,72.38147560904662
epigenomics_4364_fast2bfq_109,36.792674028734915,89.23470179248784
epigenomics_4364_fast2bfq_110,50.780366029583774,90.01900341385684
epigenomics_4364_fast2bfq_111,33.26560593720899,81.97899506564583
epigenomics_4364_fast2bfq_112,43.35755323878126,80.45972794391183
epigenomics_4364_fast2bfq_113,49.36415621896221,81.37139680198992
epigenomics_4364_fast2bfq_114,60.942729510872844,69.49452254817574
epigenomics_4364_fast2bfq_115,42.427682206813586,81.66016673427038
epigenomics_4364_fast2bfq_116,60.34198501814973,76.70566966750273
epigenomics_4364_fast2bfq_117,56.496859866156264,78.23858646025637
epigenomics_4364_fast2bfq_118,54.149580390219704,81.60552378324564
epigenomics_4364_fast2bfq_119,52.22457624253761,71.0578503023241
epigenomics_4364_fast2bfq_120,46.82219766637287,82.846197979191
epigenomics_4364_fast2bfq_121,55.46823425097409,84.65670487666226
epigenomics_4364_fast2bfq_122,46.1852877274325,70.44714022370765
epigenomics_4364_fast2bfq_123,51.68817009158456,75.86902412568651
epigenomics_4364_fast2bfq_124,32.84658914478288,74.16529798926464
epigenomics_4364_fast2bfq_125,37.13716366859822,94.76921224571987
epigenomics_4364_fast2bfq_126,37.04152115128389,73.94161574145116
epigenomics_4364_fast2bfq_127,40.434277193854335,68.08225218529886
epigenomics_4364_fast2bfq_128,35.539144734496645,65.86209553114594
epigenomics_4364_fast2bfq_129,43.00632541129438,77.30451641365389
epigenomics_4364_fast2bfq_130,38.66817224280128,70.50234648169312
epigenomics_4364_fast2bfq_131,48.17271600283772,85.01945866088387
epigenomics_4364_fast2bfq_132,49.10295257149496,73.69105314688957
epigenomics_4364_fast2bfq_133,54.930706463720995,80.65688822038213
epigenomics_4364_fast2bfq_134,41.231967406874745,76.81603815950344
epigenomics_4364_fast2bfq_135,41.91812444956031,88.17828933463815
epigenomics_4364_fast2bfq_136,41.4776300838381,74.85159683104868
epigenomics_4364_fast2bfq_137,62.659563916999446,79.7169272152327
epigenomics_4364_fast2bfq_138,45.20107640595868,86.78859087306216
epigenomics_4364_fast2bfq_139,43.239150907461756,76.42451908074236
epigenomics_4364_fast2bfq_140,44.22920546320147,71.14587327630792
epigenomics_4364_fast2bfq_141,43.20897802242917,74.43296403166119
epigenomics_4364_fast2bfq_142,40.177155919590646,86.46820925444447
epigenomics_4364_fast2bfq_143,31.85169404247665,82.56785070684894
epigenomics_4364_fast2bfq_144,45.377888787129514,69.89872203321131
epigenomics_4364_fast2bfq_145,49.71767958364669,87.56871727261262
epigenomics_4364_fast2bfq_146,38.15451002220183,71.94050123125265
epigenomics_4364_fast2bfq_147,49.297396240859186,76.47848348879734
epigenomics_4364_fast2bfq_148,56.8703765095492,87.69362249861072
epigenomics_4364_fast2bfq_149,40.97222419768567,84.66885577237012
epigenomics_4364_fast2bfq_150,45.15763236711174,79.39361318912135
epigenomics_4364_fast2bfq_151,47.053163999813044,77.56246482190346
epigenomics_4364_fast2bfq_152,42.1238141803079,72.65152676041316
epigenomics_4364_fast2bfq_153,43.78134067022814,82.13760451254701
epigenomics_4364_fast2bfq_154,46.678674540842636,79.93683777421488
epigenomics_4364_fast2bfq_155,39.312706553989514,77.44480465103507
epigenomics_4364_fast2bfq_156,56.25534033114212,71.65058788439563
epigenomics_4364_fast2bfq_157,44.497736534023744,88.15021257245563
epigenomics_4364_fast2bfq_158,62.247041788538915,75.74799612434829
epigenomics_4364_fast2bfq_159,48.05964913923956,86.31951902547912
epigenomics_4364_fast2bfq_160,44.9160587615231,80.28551883003863
epigenomics_4364_fast2bfq_161,41.48598563058351,81.37077514715918
epigenomics_4364_fast2bfq_162,41.64157477446058,81.27111181465315
epigenomics_4364_fast2bfq_163,47.700879690213654,81.25669398887307
epigenomics_4364_fast2bfq_164,49.05155207995415,87.947855911183
epigenomics_4364_fast2bfq_165,44.02371703866342,84.38261614911396
epigenomics_4364_fast2bfq_166,36.53456682801571,66.49727020117905
epigenomics_4364_fast2bfq_167,45.61191966985462,89.55029543391562
epigenomics_4364_fast2bfq_168,30.232908891281024,82.170078602491
epigenomics_4364_fast2bfq_169,44.67723803949091,88.4498715824836
epigenomics_4364_fast2bfq_170,41.77279088210346,76.54633496127704
epigenomics_4364_fast2bfq_171,57.69692437915891,76.89606038524863
epigenomics_4364_fast2bfq_172,33.59060758298026,84.40784440438988
epigenomics_4364_fast2bfq_173,33.087401075347294,90.16903075167622
epigenomics_4364_fast2bfq_174,64.27526512808058,83.86178321040832
epigenomics_4364_fast2bfq_175,48.656609484194966,90.20977617553665
epigenomics_4364_fast2bfq_176,51.49792838681374,92.1540977364022
epigenomics_4364_fast2bfq_177,47.020988184433484,70.02880213917356
epigenomics_4364_fast2bfq_178,39.13627376750501,76.52397774484548
epigenomics_4364_fast2bfq_179,43.9671596313467,89.48329906924369
epigenomics_4364_fast2bfq_180,50.89312995887258,84.68220778215509
epigenomics_4364_fast2bfq_181,44.31386841642886,75.28157663266093
epigenomics_4364_fast2bfq_182,34.59078235334938,87.1448922516162
epigenomics_4364_fast2bfq_183,31.561529973707906,90.63420593764175
epigenomics_4364_fast2bfq_184,48.59554982733759,76.80587189658402
epigenomics_4364_fast2bfq_185,33.94854767417405,76.93801259510397
epigenomics_4364_fast2bfq_186,42.91001456301501,83.54929670113451
epigenomics_4364_fast2bfq_187,43.54016958040661,81.39877137957062
epigenomics_4364_fast2bfq_188,40.83011761828838,80.54326616418835
epigenomics_4364_fast2bfq_189,43.66423095090044,77.16606195798673
epigenomics_4364_fast2bfq_190,56.75430655783147,72.18816273211667
epigenomics_4364_fast2bfq_191,44.87299129771515,76.28344048157905
epigenomics_4364_fast2bfq_192,35.04513878391013,72.57494238455591
epigenomics_4364_fast2bfq_193,38.78129775726609,78.15673836274205
epigenomics_4364_fast2bfq_194,43.63380183140004,81.36988733083922
epigenomics_4364_fast2bfq_195,46.41688010295899,74.55927428980027
epigenomics_4364_fast2bfq_196,52.51713654444581,68.53788188663528
epigenomics_4364_fast2bfq_197,50.37964467845324,95.57140273646614
epigenomics_4364_fast2bfq_198,50.04099683145229,82.01626474988088
epigenomics_4364_fast2bfq_199,39.314294920789735,79.46722841163889
epigenomics_4364_fast2bfq_200,54.07535434334427,83.04738549939651
epigenomics_4364_fast2bfq_201,45.070594048580915,85.11820652658201
epigenomics_4364_fast2bfq_202,51.729237830383084,74.89824070965368
epigenomics_4364_fast2bfq_203,42.07458375034558,82.49241449837736
epigenomics_4364_fast2bfq_204,47.54325061216301,74.17266821990617
epigenomics_4364_fast2bfq_205,57.6233439402404,78.47862868372872
epigenomics_4364_fast2bfq_206,50.03534740105905,91.76745376205402
epigenomics_4364_fast2bfq_207,43.78431903351521,72.86964001653189
epigenomics_4364_fast2bfq_208,51.393523448850914,81.30604336613362
epigenomics_4364_fast2bfq_209,38.37955943706939,87.72034268358657
epigenomics_4364_fast2bfq_210,51.05480267292273,83.63327839620703
epigenomics_4364_fast2bfq_211,42.86893188559581,81.7007245651159
epigenomics_4364_fast2bfq_212,47.51749187069579,78.28750536891852
epigenomics_4364_fast2bfq_213,52.93909093981088,79.8986504406365
epigenomics_4364_fast2bfq_214,51.454729121730075,81.116206072806
epigenomics_4364_fast2bfq_215,36.468555836383615,78.52711099397312
epigenomics_4364_fast2bfq_216,47.65834120032461,88.17292523916093
epigenomics_4364_fast2bfq_217,46.88455076929531,80.22014804768361
epigenomics_4364_fast2bfq_218,42.61769525193913,84.2211345505603
epigenomics_4364_fast2bfq_219,46.42970904335882,73.59918290553824
epigenomics_4364_fast2bfq_220,46.28205361399572,87.57616481205551
epigenomics_4364_fast2bfq_221,57.64950505911082,85.12894573788343
epigenomics_4364_fast2bfq_222,38.56034401503533,89.62217010557625
epigenomics_4364_fast2bfq_223,53.85147343754078,84.58519420485693
epigenomics_4364_fast2bfq_224,41.95737720503885,80.88444742309106
epigenomics_4364_fast2bfq_225,45.54075648841998,71.4766949246592
epigenomics_4364_fast2bfq_226,39.88684989355591,86.10079542006774
epigenomics_4364_fast2bfq_227,48.40552148386346,69.25368713739262
epigenomics_4364_fast2bfq_228,35.70615120653852,78.2486619910272
epigenomics_4364_fast2bfq_229,34.392452984152456,78.46949876569683
epigenomics_4364_fast2bfq_230,42.62912396685263,80.01552994454846
epigenomics_4364_fast2bfq_231,37.91944482099803,90.18035182913388
epigenomics_4364_fast2bfq_232,45.90799902817627,88.28169391077364
epigenomics_4364_fast2bfq_233,60.749504183225184,72.93053637091508
epigenomics_4364_fast2bfq_234,42.800953812651066,75.29089479700122
epigenomics_4364_fast2bfq_235,37.52704865184411,65.41128894881066
epigenomics_4364_fast2bfq_236,41.403203081768005,82.58281298778445
epigenomics_4364_fast2bfq_237,45.23531255829557,82.10265077724036
epigenomics_4364_fast2bfq_238,49.96348193714346,70.40850743648372
epigenomics_4364_fast2bfq_239,37.928819563940095,84.02688230632687
epigenomics_4364_fast2bfq_240,36.17725444381219,78.32601577703142
epigenomics_4364_fast2bfq_241,43.32222999954004,72.39765551962707
epigenomics_4364_fast2bfq_242,51.3641487779038,78.694211640701
epigenomics_4364_fast2bfq_243,40.16430315093118,71.21856129541322
epigenomics_4364_fast2bfq_244,44.73893774615779,85.92905359165437
epigenomics_4364_fast2bfq_245,41.55883174471014,72.42953709696685
epigenomics_4364_fast2bfq_246,39.355651516560386,78.99477509034567
epigenomics_4364_fast2bfq_247,39.16089552067198,78.79004756272975
epigenomics_4364_fast2bfq_248,30.989860325107905,84.66376852340001
epigenomics_4364_fast2bfq_249,42.25718816729513,89.99215675125978
epigenomics_4364_fast2bfq_250,48.3442264922552,63.920802534163286
epigenomics_4364_fast2bfq_251,41.62184595726853,80.64167212850066
epigenomics_4364_fast2bfq_252,55.90772807385545,85.67687183753314
epigenomics_4364_fast2bfq_253,44.90655647741491,80.62934769936166
epigenomics_4364_fast2bfq_254,46.312219187841904,81.27034023297662
epigenomics_4364_fast2bfq_255,39.156099896744706,74.19762402814294
epigenomics_4364_fast2bfq_256,56.955186621957104,85.1553490338916
epigenomics_4364_fast2bfq_257,61.33691350339399,78.88342237610544
epigenomics_4364_fast2bfq_258,43.94195015229088,81.1779924236233
epigenomics_4364_fast2bfq_259,45.759223919819846,73.52131222324611
epigenomics_4364_fast2bfq_260,36.66446179013146,83.89746073720626
epigenomics_4364_fast2bfq_261,41.69777823500769,83.97774113952222
epigenomics_4364_fast2bfq_262,40.895881266761926,81.98313561302902
epigenomics_4364_fast2bfq_263,49.87813444524888,73.35817780621194
epigenomics_4364_fast2bfq_264,44.727073514931725,79.04619154307295
epigenomics_4364_fast2bfq_265,41.88434486946398,70.19301175475121
epigenomics_4364_fast2bfq_266,35.75516421244674,87.30557358841834
epigenomics_4364_fast2bfq_267,55.737342349484564,82.70211075090613
epigenomics_4364_fast2bfq_268,38.14613928870015,79.37292554814397
epigenomics_4364_fast2bfq_269,43.359464570410964,74.36147403611635
epigenomics_4364_fast2bfq_270,34.64864545946771,75.01808497514932
epigenomics_4364_fast2bfq_271,48.50025178140681,93.38951615495871
epigenomics_4364_fast2bfq_272,42.66045393355636,82.13717308449597
epigenomics_4364_fast2bfq_273,51.09567929120704,66.28652191239425
epigenomics_4364_fast2bfq_274,36.47175664343952,80.41501816626479
epigenomics_4364_fast2bfq_275,46.54843362782119,74.70836493518205
epigenomics_4364_fast2bfq_276,44.55394426745028,80.07901999087251
epigenomics_4364_fast2bfq_277,39.113238343103106,84.61238828581628
epigenomics_4364_fast2bfq_278,49.15580639535889,71.34855148605499
epigenomics_4364_fast2bfq_279,29.479962627564063,66.33760410799927
epigenomics_4364_fast2bfq_280,49.866687179243904,72.65680262478841
epigenomics_4364_fast2bfq_281,44.57357129880552,58.64344765928818
epigenomics_4364_fast2bfq_282,51.41447721672122,77.63171446838523
epigenomics_4364_fast2bfq_283,68.78961497601203,81.4310955615312
epigenomics_4364_fast2bfq_284,43.8913910244859,86.58156155406995
epigenomics_4364_fast2bfq_285,49.51333431862836,79.4214535093565
epigenomics_4364_fast2bfq_286,41.8600759559505,80.13516874412562
epigenomics_4364_fast2bfq_287,45.46491246253938,80.0776231678346
epigenomics_4364_fast2bfq_288,44.07191762356617,82.20182570892936
epigenomics_4364_fast2bfq_289,41.474892045669435,86.66260311652047
epigenomics_4364_fast2bfq_290,44.0193331951443,74.48159185968893
epigenomics_4364_fast2bfq_291,37.13472032128793,79.17683787533461
epigenomics_4364_fast2bfq_292,41.45369974388912,80.99095060731254
epigenomics_4364_fast2bfq_293,36.83307273056584,73.53573229596536
epigenomics_4364_fast2bfq_294,47.6019135636226,75.94461475649823
epigenomics_4364_fast2bfq_295,40.74097896846474,83.39633247283695
epigenomics_4364_fast2bfq_296,54.633488780851216,79.54176493096712
epigenomics_4364_fast2bfq_297,36.88070070962761,77.8329254546624
epigenomics_4364_fast2bfq_298,40.919123825513374,84.70441593369851
epigenomics_4364_fast2bfq_299,47.07189904118199,83.22538376792126
epigenomics_4364_fast2bfq_300,45.60162604006281,67.7651298458936
epigenomics_4364_fast2bfq_301,49.86720570473305,85.25715198163897
epigenomics_4364_fast2bfq_302,40.77984652364188,92.9762685388011
epigenomics_4364_fast2bfq_303,42.08495948918758,83.2634529521306
epigenomics_4364_fast2bfq_304,52.249845356701954,84.72000961616311
epigenomics_4364_fast2bfq_305,32.02669776230986,88.7050016483741
epigenomics_4364_fast2bfq_306,46.649255317610994,79.10216895603864
epigenomics_4364_fast2bfq_307,58.54601689132677,75.02977375232743
epigenomics_4364_fast2bfq_308,41.50000261711931,86.6457191072509
epigenomics_4364_fast2bfq_309,40.97767644921253,71.7111144247285
epigenomics_4364_fast2bfq_310,37.42743494643704,77.52787010058015
epigenomics_4364_fast2bfq_311,35.72983494420023,85.803157513479
epigenomics_4364_fast2bfq_312,44.74674095229979,77.06562387436436
epigenomics_4364_fast2bfq_313,59.446614031756255,71.84693066916361
epigenomics_4364_fast2bfq_314,45.443836117336616,79.633560021905
epigenomics_4364_fast2bfq_315,44.16912497838736,72.63725322078525
epigenomics_4364_fast2bfq_316,40.167892508303034,88.59953400223542
epigenomics_4364_fast2bfq_317,48.01366739680465,76.8141338268672
epigenomics_4364_fast2bfq_318,46.640407274512874,91.25748457186847
epigenomics_4364_fast2bfq_319,47.66125796621514,87.1084114790968
epigenomics_4364_fast2bfq_320,36.50113081234629,69.94899871850254
epigenomics_4364_fast2bfq_321,44.44423957781522,66.03273211656986
epigenomics_4364_fast2bfq_322,46.96459784779099,81.64447531821462
epigenomics_4364_fast2bfq_323,43.52995774900965,88.19435726082558
epigenomics_4364_fast2bfq_324,49.510781831807485,76.09267189497896
epigenomics_4364_fast2bfq_325,47.42681574324951,84.32413735502352
epigenomics_4364_fast2bfq_326,37.55605703056794,72.52697326402068
epigenomics_4364_fast2bfq_327,47.658135333220194,87.81601987663983
epigenomics_4364_fast2bfq_328,37.03231063412174,85.37387067966831
epigenomics_4364_fast2bfq_329,41.12481078115578,75.78781070438892
epigenomics_4364_fast2bfq_330,40.49026048521915,85.36729240688665
epigenomics_4364_fast2bfq_331,46.00316651984379,84.85536082949744
epigenomics_4364_fast2bfq_332,32.43122338752618,78.40064256776529
epigenomics_4364_fast2bfq_333,53.21618965558493,88.28073520662976
epigenomics_4364_fast2bfq_334,29.4081971651327,89.48148400914877
epigenomics_4364_fast2bfq_335,46.99014654861014,69.2600466691392
epigenomics_4364_fast2bfq_336,43.39121930938462,85.00030421485909
epigenomics_4364_fast2bfq_337,51.06465743124419,82.12362842405282
epigenomics_4364_fast2bfq_338,48.425908687516106,85.10572296755738
epigenomics_4364_fast2bfq_339,46.942341202020785,83.49262087571978
epigenomics_4364_fast2bfq_340,37.44950988023561,69.45737629950303
epigenomics_4364_fast2bfq_341,43.275231350453765,78.00350567420428
epigenomics_4364_fast2bfq_342,49.33845728739713,78.68554570261003
epigenomics_4364_fast2bfq_343,43.779698074253915,85.11745048870124
epigenomics_4364_fast2bfq_344,38.18707604420863,67.79202149479119
epigenomics_4364_fast2bfq_345,51.26106845487766,76.89522501751729
epigenomics_4364_fast2bfq_346,46.713227833882314,74.17033543140221
epigenomics_4364_fast2bfq_347,44.18024599378429,83.48641897768812
epigenomics_4364_fast2bfq_348,37.491080985307065,79.90499067715868
epigenomics_4364_fast2bfq_349,47.367403962914004,77.623285920506
epigenomics_4364_fast2bfq_350,50.030743358707326,82.46165255572643
epigenomics_4364_fast2bfq_351,44.55933137970878,88.01304604499381
epigenomics_4364_fast2bfq_352,49.0193125330867,86.96742692371618
epigenomics_4364_fast2bfq_353,33.34700204110969,79.94107360830652
epigenomics_4364_fast2bfq_354,49.473757813142534,83.97882446592331
epigenomics_4364_fast2bfq_355,30.051524422432287,87.157737126867
epigenomics_4364_fast2bfq_356,41.67801753516005,75.77987219309698
epigenomics_4364_fast2bfq_357,53.38257828675732,67.59281762446433
epigenomics_4364_fast2bfq_358,39.10899590606128,78.20464190061993
epigenomics_4364_fast2bfq_359,41.169493195257466,77.43432357945585
epigenomics_4364_fast2bfq_360,39.83268347975956,79.24695634374227
epigenomics_4364_fast2bfq_361,46.887143469321984,85.8050403273045
epigenomics_4364_fast2bfq_362,50.1358772202024,69.25801854513833
epigenomics_4364_fast2bfq_363,44.69336371745414,73.18018164813695
epigenomics_4364_fast2bfq_364,62.585107525203675,93.2473561355637
epigenomics_4364_fast2bfq_365,42.46744936897157,66.90242947612798
epigenomics_4364_fast2bfq_366,49.64195264989465,85.48899512444885
epigenomics_4364_fast2bfq_367,42.29757896258621,86.86510437050262
epigenomics_4364_fast2bfq_368,45.022151202400835,78.26312491012095
epigenomics_4364_fast2bfq_369,47.68544372215569,74.89531495544853
epigenomics_4364_fast2bfq_370,41.99910872968273,74.3611046203098
epigenomics_4364_fast2bfq_371,43.38028074130257,77.79136068159109
epigenomics_4364_fast2bfq_372,41.748212760248364,83.17060082350609
epigenomics_4364_fast2bfq_373,53.91398632646028,83.39098492381575
epigenomics_4364_fast2bfq_374,40.65954503733613,77.9602749677568
epigenomics_4364_fast2bfq_375,46.033935483593766,86.55071024531247
epigenomics_4364_fast2bfq_376,40.868589535052294,79.27794800926677
epigenomics_4364_fast2bfq_377,42.66964259788662,71.76924805041983
epigenomics_4364_fast2bfq_378,51.514982987715754,88.65919299741368
epigenomics_4364_fast2bfq_379,39.82773492372181,85.33394091004706
epigenomics_4364_fast2bfq_380,50.984933452558735,78.49071955379912
epigenomics_4364_fast2bfq_381,42.2265564078809,84.76497365826341
epigenomics_4364_fast2bfq_382,48.303002290316414,80.28041488967196
epigenomics_4364_fast2bfq_383,44.52923587495448,85.60203641155263
epigenomics_4364_fast2bfq_384,46.20200974736045,97.69457329416417
epigenomics_4364_fast2bfq_385,40.94926649371209,79.11483288464932
epigenomics_4364_fast2bfq_386,35.8240902998627,85.28389997667601
epigenomics_4364_fast2bfq_387,42.052772141051996,82.52324996717387
epigenomics_4364_fast2bfq_388,51.69062509973282,79.05930892325392
epigenomics_4364_fast2bfq_389,51.26762639313317,76.93935946061772
epigenomics_4364_fast2bfq_390,40.60042859095002,77.33516758687132
epigenomics_4364_fast2bfq_391,44.02293228486787,71.5670916864766
epigenomics_4364_fast2bfq_392,44.08106469624083,74.34800580958652
epigenomics_4364_fast2bfq_393,54.54139668344995,79.26794633415437
epigenomics_4364_fast2bfq_394,35.08782322409385,69.9801155276121
epigenomics_4364_fast2bfq_395,47.313497927195165,86.84683136376958
epigenomics_4364_fast2bfq_396,56.992037165985394,65.9424832258154
epigenomics_4364_fast2bfq_397,40.71014020800838,73.09549463900439
epigenomics_4364_fast2bfq_398,49.11356659996822,72.43445036062967
epigenomics_4364_fast2bfq_399,36.068124558625954,74.39737188533785
epigenomics_4364_fast2bfq_400,33.968936593765015,89.98593286269744
epigenomics_4364_fast2bfq_401,56.626223346422925,86.28185997790737
epigenomics_4364_fast2bfq_402,41.91236988487882,75.62030472193746
epigenomics_4364_fast2bfq_403,43.06174233986646,81.85829555259429
epigenomics_4364_fast2bfq_404,50.590865241559385,55.68185367589139
epigenomics_4364_fast2bfq_405,52.1660953965729,80.1144347120991
epigenomics_4364_fast2bfq_406,53.95552796546512,69.59074338501676
epigenomics_4364_fast2bfq_407,46.90339187665531,78.02235115705892
epigenomics_4364_fast2bfq_408,47.09880158866676,80.01636931948133
epigenomics_4364_fast2bfq_409,59.62546692384772,82.96748965130222
epigenomics_4364_fast2bfq_410,36.200089381748064,85.13371378279523
epigenomics_4364_fast2bfq_411,38.40018342944463,83.73942186130158
epigenomics_4364_fast2bfq_412,47.756123291502114,91.79832820620234
epigenomics_4364_fast2bfq_413,33.05469704821712,80.99450547458251
epigenomics_4364_fast2bfq_414,36.03440703348542,78.57249539001806
epigenomics_4364_fast2bfq_415,47.39075674933116,74.41640867850575
epigenomics_4364_fast2bfq_416,49.01294736723698,96.83413774229203
epigenomics_4364_fast2bfq_417,42.8388682984047,77.76436704420394
epigenomics_4364_fast2bfq_418,53.239415221883064,86.6252425151493
epigenomics_4364_fast2bfq_419,39.635476265011874,95.6196065852066
epigenomics_4364_fast2bfq_420,37.58780593973454,78.71804773956362
epigenomics_4364_fast2bfq_421,43.80678413719187,78.81153460996026
epigenomics_4364_fast2bfq_422,43.96659997172316,85.27337238280074
epigenomics_4364_fast2bfq_423,48.502416267014574,86.92135960821133
epigenomics_4364_fast2bfq_424,41.50823031444688,79.53458318100827
epigenomics_4364_fast2bfq_425,32.52022892438494,62.944242515948474
epigenomics_4364_fast2bfq_426,51.34753546663332,75.40446256283343
epigenomics_4364_fast2bfq_427,44.350469864936656,84.23383644363913
epigenomics_4364_fast2bfq_428,34.04043493725573,77.2335813869212
epigenomics_4364_fast2bfq_429,52.51620312332001,83.41442373546961
epigenomics_4364_fast2bfq_430,36.642998307025444,79.22683169441176
epigenomics_4364_fast2bfq_431,52.32112847604898,81.37668805602164
epigenomics_4364_fast2bfq_432,34.61760904617326,81.39960428803333
epigenomics_4364_fast2bfq_433,31.812426067221374,87.03645301720866
epigenomics_4364_fast2bfq_434,47.56968965834701,70.84062161722744
epigenomics_4364_fast2bfq_435,60.0688984863773,82.04320920702766
epigenomics_4364_fast2bfq_436,40.12185928779287,78.69972565477948
epigenomics_4364_fast2bfq_437,50.498764537295116,72.95121133236357
epigenomics_4364_fast2bfq_438,46.58991784747098,86.32876063093077
epigenomics_4364_fast2bfq_439,39.550633650046194,85.35986153174304
epigenomics_4364_fast2bfq_440,52.788426158621284,76.20249664092465
epigenomics_4364_fast2bfq_441,41.851255477465614,90.84069160031856
epigenomics_4364_fast2bfq_442,46.43034715217038,85.09332953013583
epigenomics_4364_fast2bfq_443,37.9313182223835,81.10284426767076
epigenomics_4364_fast2bfq_444,41.387907329540596,82.84931645646465
epigenomics_4364_fast2bfq_445,43.284643723184494,81.71123738441231
epigenomics_4364_fast2bfq_446,43.73511762105205,77.71130370579544
epigenomics_4364_fast2bfq_447,40.61043482385973,87.06209263320457
epigenomics_4364_fast2bfq_448,49.5325437447051,83.33957810755955
epigenomics_4364_fast2bfq_449,44.14533148882196,77.21408637082182
epigenomics_4364_fast2bfq_450,38.97001762183023,62.89923712307364
epigenomics_4364_fast2bfq_451,49.00903232397482,80.8777052136118
epigenomics_4364_fast2bfq_452,50.950460474073346,78.4532877118149
epigenomics_4364_fast2bfq_453,36.35321668834975,69.93814551918291
epigenomics_4364_fast2bfq_454,51.73269263397794,77.06540943693543
epigenomics_4364_fast2bfq_455,51.1478968631082,73.71889014037309
epigenomics_4364_fast2bfq_456,42.16381491798004,65.90900700463384
epigenomics_4364_fast2bfq_457,44.680344153268784,82.65971833306048
epigenomics_4364_fast2bfq_458,46.39522331770785,92.09795704785208
epigenomics_4364_fast2bfq_459,39.32515273694142,73.99883541814103
epigenomics_4364_fast2bfq_460,42.747679789152535,79.52057845530415
epigenomics_4364_fast2bfq_461,51.40598380396312,83.3136075433601
epigenomics_4364_fast2bfq_462,32.091232682400886,79.7045345375292
epigenomics_4364_fast2bfq_463,41.64683976984507,93.597142287969
epigenomics_4364_fast2bfq_464,50.3666546892299,73.8386587064286
epigenomics_4364_fast2bfq_465,42.856875562100946,81.16509305490638
epigenomics_4364_fast2bfq_466,50.68146329343686,81.82061765504882
epigenomics_4364_fast2bfq_467,42.63820314130403,75.60823420358126
epigenomics_4364_fast2bfq_468,40.50198730911404,80.49221903238525
epigenomics_4364_fast2bfq_469,44.14536979909987,83.0504739768681
epigenomics_4364_fast2bfq_470,52.4253374716268,91.2782532950767
epigenomics_4364_fast2bfq_471,47.82297675000343,76.71706219419747
epigenomics_4364_fast2bfq_472,42.25132856286124,78.11642689219113
epigenomics_4364_fast2bfq_473,44.19212098820287,86.45568524470367
epigenomics_4364_fast2bfq_474,49.44950526387899,80.78065280299596
epigenomics_4364_fast2bfq_475,48.050941296353535,67.01401030557624
epigenomics_4364_fast2bfq_476,36.11313275864902,76.41298871898971
epigenomics_4364_fast2bfq_477,49.772616100522335,83.6684796655023
epigenomics_4364_fast2bfq_478,50.0275342293001,84.48872179093837
epigenomics_4364_fast2bfq_479,62.058686631252414,77.42804506902418
epigenomics_4364_fast2bfq_480,52.97741661762808,69.83422867894693
epigenomics_4364_fast2bfq_481,45.185356340508854,63.594098048112414
epigenomics_4364_fast2bfq_482,49.31954140430842,89.37334757773607
epigenomics_4364_fast2bfq_483,52.103005592065706,71.89339450129023
epigenomics_4364_fast2bfq_484,50.81777044378782,87.38546733781158
epigenomics_4364_fast2bfq_485,33.27555806309726,77.61788323013535
epigenomics_4364_fast2bfq_486,57.90174456479534,60.90113205353768
epigenomics_4364_fast2bfq_487,47.1122375073487,91.01829804041117
epigenomics_4364_fast2bfq_488,53.15662155353229,90.2065084531749
epigenomics_4364_fast2bfq_489,33.809797261545285,75.6483320915626
epigenomics_4364_fast2bfq_490,38.244027228232454,78.50630421109403
epigenomics_4364_fast2bfq_491,34.34050250789301,77.02168670791151
epigenomics_4364_fast2bfq_492,46.45228250787327,62.41612587355145
epigenomics_4364_fast2bfq_493,48.10800287698811,90.22539347387611
epigenomics_4364_fast2bfq_494,52.381507743826546,73.96725080636656
epigenomics_4364_fast2bfq_495,47.96047640080349,88.48648341475285
epigenomics_4364_fast2bfq_496,53.59425332348251,85.16991775156345
epigenomics_4364_fast2bfq_497,40.3083365133761,64.41962119893367
epigenomics_4364_fast2bfq_498,50.51520434515632,78.26043383512301
epigenomics_4364_fast2bfq_499,29.779809095821083,88.40644685887374
epigenomics_4364_map_0,9507.249723417846,187.9980606254316
epigenomics_4364_map_1,11315.247803454977,183.0280256177083
epigenomics_4364_map_2,9516.996137414355,193.91478440094784
epigenomics_4364_map_3,10733.259472903894,189.09279375186395
epigenomics_4364_map_4,10147.00230157596,186.83594929140656
epigenomics_4364_map_5,9775.193284503113,199.9547973798199
epigenomics_4364_map_6,9495.082524291156,192.69028881927036
epigenomics_4364_map_7,10204.699409682204,183.94809773114787
epigenomics_4364_map_8,9571.709857277865,192.5600188648687
epigenomics_4364_map_9,9731.871416920894,189.5923484518592
epigenomics_4364_map_10,9818.959662052908,189.84197109198757
epigenomics_4364_map_11,10758.204390968524,190.85443625506815
epigenomics_4364_map_12,10326.793921955217,181.60233769426435
epigenomics_4364_map_13,9464.204212728167,186.8893065728881
epigenomics_4364_map_14,9280.850868335869,188.90577105374
epigenomics_4364_map_15,10351.331028581257,185.58734076126916
epigenomics_4364_map_16,10317.356171672236,185.03603956872115
epigenomics_4364_map_17,10657.778638768004,182.16138527198152
epigenomics_4364_map_18,9195.917795203588,188.637560172284
epigenomics_4364_map_19,9974.795479321321,184.66758204485916
epigenomics_4364_map_20,9721.141296322134,183.09588027312728
epigenomics_4364_map_21,9526.262694446787,188.3136769049649
epigenomics_4364_map_22,9377.843612678043,190.61104394550526
epigenomics_4364_map_23,10098.270840443538,194.6066812617834
epigenomics_4364_map_24,9858.048801556766,186.98921412891912
epigenomics_4364_map_25,9912.483426671963,181.887477008478
epigenomics_4364_map_26,10841.391731088963,184.00793590129936
epigenomics_4364_map_27,9439.934293862247,184.6677244955104
epigenomics_4364_map_28,9520.738745646295,185.65760396409246
epigenomics_4364_map_29,10036.00935248848,180.01193850893404
epigenomics_4364_map_30,9761.21816857929,178.0311449153327
epigenomics_4364_map_31,9432.246420392408,188.71409297606644
epigenomics_4364_map_32,10889.771129423298,192.29956600832563
epigenomics_4364_map_33,10116.700462607489,185.33216986456964
epigenomics_4364_map_34,10023.634200538196,176.23038396881714
epigenomics_4364_map_35,10111.692431261235,185.7542848816555
epigenomics_4364_map_36,9069.937167148888,178.00516805880315
epigenomics_4364_map_37,11250.425936337238,179.17932846127496
epigenomics_4364_map_38,10658.38683165883,185.36967500516104
epigenomics_4364_map_39,9712.006282933997,186.68881048417163
epigenomics_4364_map_40,9281.074574099079,180.6823162611083
epigenomics_4364_map_41,9577.268590733369,183.8523630847146
epigenomics_4364_map_42,10650.550971489904,178.4413473163589
epigenomics_4364_map_43,10278.569129922294,184.44699954696895
epigenomics_4364_map_44,9386.069044658694,183.71676064291975
epigenomics_4364_map_45,9970.374174783778,184.17332385978986
epigenomics_4364_map_46,10756.780742218125,187.2004476919439
epigenomics_4364_map_47,9041.903167595592,187.49936423767247
epigenomics_4364_map_48,10117.164898601834,183.31682602713033
epigenomics_4364_map_49,10718.21347227344,188.29414970730625
epigenomics_4364_map_50,10099.937964353667,173.13165577658063
epigenomics_4364_map_51,9603.042077174206,185.97661948288138
epigenomics_4364_map_52,10590.394058500156,177.31970576736583
epigenomics_4364_map_53,9280.585400278876,184.40305142423514
epigenomics_4364_map_54,10512.741765767263,190.51895512293413
epigenomics_4364_map_55,10708.141573036768,187.01066511058795
epigenomics_4364_map_56,10182.500706408227,195.89020607696452
epigenomics_4364_map_57,9957.853397896699,192.4451400851976
epigenomics_4364_map_58,9038.131488196686,180.75999743321591
epigenomics_4364_map_59,9485.638946385921,183.2085634125016
epigenomics_4364_map_60,9052.907696854074,184.91240686220232
epigenomics_4364_map_61,9478.04515351612,190.6690894230745
epigenomics_4364_map_62,10468.11088101119,175.38424753488317
epigenomics_4364_map_63,9762.787937452751,184.9529538361075
epigenomics_4364_map_64,9463.608650097212,186.68471152177415
epigenomics_4364_map_65,10150.422826705018,191.25520838730029
epigenomics_4364_map_66,9527.223782834828,177.96302031965044
epigenomics_4364_map_67,10471.035186035377,185.86738348981967
epigenomics_4364_map_68,9529.587570190783,186.14677084633854
epigenomics_4364_map_69,9284.421663243986,186.15260332511335
epigenomics_4364_map_70,9538.0370981181,189.96589871783289
epigenomics_4364_map_71,9789.72297850008,179.08351824302278
epigenomics_4364_map_72,10200.730338159901,191.93490393427933
epigenomics_4364_map_73,10526.987452016841,188.61670511724625
epigenomics_4364_map_74,9657.553024802392,183.136281181498
epigenomics_4364_map_75,10080.055647393752,182.7902093254302
epigenomics_4364_map_76,10386.253802805802,178.61967639049655
epigenomics_4364_map_77,9708.829943961344,177.16912784101575
epigenomics_4364_map_78,9031.964456746864,185.3315814402022
epigenomics_4364_map_79,10161.144546625574,187.868910346642
epigenomics_4364_map_80,9404.661559790058,183.2827415979907
epigenomics_4364_map_81,10236.890892452782,189.23861334302768
epigenomics_4364_map_82,9680.613246787512,184.8104208497485
epigenomics_4364_map_83,10062.84376512048,181.24522383387696
epigenomics_4364_map_84,9482.961901571316,181.8027471471721
epigenomics_4364_map_85,9708.818104115275,184.09982463080803
epigenomics_4364_map_86,10754.993641900566,180.83987853105054
epigenomics_4364_map_87,9818.977673424057,183.4972162520075
epigenomics_4364_map_88,10204.479704107509,188.08621183230625
epigenomics_4364_map_89,10368.219599103639,185.84789509899738
epigenomics_4364_map_90,9954.197490878158,191.680922577342
epigenomics_4364_map_91,10421.98143270173,188.3406697290275
epigenomics_4364_map_92,10395.699097033515,179.8324689143503
epigenomics_4364_map_93,9833.132864384768,186.9426814493753
epigenomics_4364_map_94,9994.211927095777,180.07547925996056
epigenomics_4364_map_95,10227.303234016561,188.9780924653434
epigenomics_4364_map_96,10833.503560174067,185.6378061667164
epigenomics_4364_map_97,10510.099038705443,187.04821515339822
epigenomics_4364_map_98,9663.000568551495,193.27912915434123
epigenomics_4364_map_99,9880.7570245853,185.30409088400953
epigenomics_4364_map_100,10027.277780608658,192.72656584284385
epigenomics_4364_map_101,10809.805368693425,184.52135878590747
epigenomics_4364_map_102,9829.693619498703,174.45633684301097
epigenomics_4364_map_103,9575.472718096793,182.0010821776106
epigenomics_4364_map_104,10803.06398339955,185.40472418457978
epigenomics_4364_map_105,10013.504862764961,171.32318317410594
epigenomics_4364_map_106,10068.074288679622,183.44443742192811
epigenomics_4364_map_107,10221.810822556698,188.86871766892634
epigenomics_4364_map_108,10086.001319209416,178.08769874009167
epigenomics_4364_map_109,9797.39846256193,188.76541453667673
epigenomics_4364_map_110,9905.45794637613,185.67122196801816
epigenomics_4364_map_111,9843.055729098087,186.93433470992827
epigenomics_4364_map_112,10268.234778929003,183.21913453428553
epigenomics_4364_map_113,10332.88442218551,184.54599214929684
epigenomics_4364_map_114,9936.61390423817,193.74663298819252
epigenomics_4364_map_115,10968.888593491916,190.68757946483672
epigenomics_4364_map_116,9125.719888494627,182.77960171475348
epigenomics_4364_map_117,10687.345733189268,180.20391411289344
epigenomics_4364_map_118,9881.308085959228,194.47009415766402
epigenomics_4364_map_119,9922.582206142219,179.49501811810615
epigenomics_4364_map_120,9708.842261680427,185.23806284014057
epigenomics_4364_map_121,10054.011176975544,180.62622210900741
epigenomics_4364_map_122,10002.940286156398,186.37099559096444
epigenomics_4364_map_123,10019.523938528673,192.88457424608615
epigenomics_4364_map_124,10700.006064739391,179.51922355191297
epigenomics_4364_map_125,9911.494756227625,176.7715061617306
epigenomics_4364_map_126,10365.861199355073,189.33242773561074
epigenomics_4364_map_127,11079.09853459219,186.60692826058482
epigenomics_4364_map_128,10468.841055767123,186.64582562579304
epigenomics_4364_map_129,10718.992773988673,189.30467867104178
epigenomics_4364_map_130,9765.154877089386,179.08956388790665
epigenomics_4364_map_131,10218.109754506588,184.22772908783816
epigenomics_4364_map_132,10855.360441112643,187.2191383520728
epigenomics_4364_map_133,9216.657966444918,183.16508190425574
epigenomics_4364_map_134,10407.739009675315,187.3182255111986
epigenomics_4364_map_135,10453.732432068988,176.20211320009747
epigenomics_4364_map_136,10508.480374716974,186.643258086512
epigenomics_4364_map_137,9867.942663556798,174.1952075833857
epigenomics_4364_map_138,10319.10491506687,186.54230912708476
epigenomics_4364_map_139,9772.675522643996,180.5512271967662
epigenomics_4364_map_140,10669.649045884522,184.02747815715207
epigenomics_4364_map_141,10072.430209600598,191.9752470830276
epigenomics_4364_map_142,10825.17558027443,181.05627861724125
epigenomics_4364_map_143,9974.980172113212,191.33340363243622
epigenomics_4364_map_144,9876.575045320786,185.7992242846159
epigenomics_4364_map_145,8470.689633231415,178.1079136934291
epigenomics_4364_map_146,9779.186994968051,186.5971915928126
epigenomics_4364_map_147,9227.225010123333,186.8154800592324
epigenomics_4364_map_148,10127.741353851332,179.52592254031626
epigenomics_4364_map_149,10256.829053288817,182.68451413489302
epigenomics_4364_map_150,9542.919862596968,183.80390502444618
epigenomics_4364_map_151,10283.249987768671,193.09155371322652
epigenomics_4364_map_152,9609.246286901232,177.4896139747193
epigenomics_4364_map_153,9771.261153732858,187.1802204297038
epigenomics_4364_map_154,9975.936803701727,181.79493408505903
epigenomics_4364_map_155,9641.121841504853,189.03957398052003
epigenomics_4364_map_156,10381.79642497772,186.82869237021205
epigenomics_4364_map_157,10269.155502146863,178.15991132905543
epigenomics_4364_map_158,10457.244124913352,184.14315285625494
epigenomics_4364_map_159,8948.039100124002,179.90764853532679
epigenomics_4364_map_160,10248.893294583711,192.58990494536025
epigenomics_4364_map_161,10297.95252478106,185.5117099543618
epigenomics_4364_map_162,10677.036195810211,185.07627101862744
epigenomics_4364_map_163,10219.929641368797,190.57516851757305
epigenomics_4364_map_164,10022.576106072238,188.5676523449091
epigenomics_4364_map_165,10135.215134669075,192.06430259428313
epigenomics_4364_map_166,10289.830163621362,186.49547696302955
epigenomics_4364_map_167,9876.240011821727,184.4611076134146
epigenomics_4364_map_168,10090.14471199735,181.76137545910652
epigenomics_4364_map_169,9058.084248098263,173.5885257644306
epigenomics_4364_map_170,9934.878172758794,181.51888514283218
epigenomics_4364_map_171,9896.011712136307,180.77936814415654
epigenomics_4364_map_172,10520.223778880356,182.78462026431177
epigenomics_4364_map_173,9988.839605852669,190.43980244686898
epigenomics_4364_map_174,9334.301956551048,180.6781713570545
epigenomics_4364_map_175,10159.420374287689,184.76736448206515
epigenomics_4364_map_176,9523.854924780178,187.13773103532773
epigenomics_4364_map_177,9909.34661426942,186.84724650297812
epigenomics_4364_map_178,9230.528805104897,187.43905663847664
epigenomics_4364_map_179,10022.253121547252,187.09574849097586
epigenomics_4364_map_180,10604.717016003846,183.79387659337385
epigenomics_4364_map_181,10053.53250547776,184.29011364433362
epigenomics_4364_map_182,10172.754728915083,175.89789906379303
epigenomics_4364_map_183,10203.42787601201,181.22707470622547
epigenomics_4364_map_184,9819.39886021574,184.7420468672699
epigenomics_4364_map_185,9973.879874653445,197.72750289384155
epigenomics_4364_map_186,10971.155646650808,199.67080420504138
epigenomics_4364_map_187,10234.38842044682,185.7017420661346
epigenomics_4364_map_188,10121.61863183517,181.4277771436029
epigenomics_4364_map_189,9476.855840203316,184.4523924507255
epigenomics_4364_map_190,10506.996078368002,185.2392663830577
epigenomics_4364_map_191,9874.678803319954,183.48205837289692
epigenomics_4364_map_192,9224.255700458338,180.38071949799405
epigenomics_4364_map_193,10311.5875843752,190.23367495153863
epigenomics_4364_map_194,10693.780892921588,188.07674250334955
epigenomics_4364_map_195,9702.105405323917,182.56310051345272
epigenomics_4364_map_196,10305.056436490679,180.31827699802724
epigenomics_4364_map_197,10055.678487775525,183.28459276519456
epigenomics_4364_map_198,10448.802793374576,181.92309072683867
epigenomics_4364_map_199,10201.831780843575,178.84315445729268
epigenomics_4364_map_200,10012.337297843469,177.1810452924529
epigenomics_4364_map_201,9902.097141452141,191.80068855070954
epigenomics_4364_map_202,9710.48258567981,179.6863082922325
epigenomics_4364_map_203,10227.802428652567,187.84347605350715
epigenomics_4364_map_204,10314.224741169295,187.0826966051766
epigenomics_4364_map_205,9433.207375467679,185.7253747787114
epigenomics_4364_map_206,9943.656546191458,191.3413153763102
epigenomics_4364_map_207,9712.46122770692,180.46675997519387
epigenomics_4364_map_208,10293.576314694581,193.27184405420516
epigenomics_4364_map_209,10446.413743468695,185.98449897115233
epigenomics_4364_map_210,9658.246124720174,189.41097680057518
epigenomics_4364_map_211,10998.223231351405,181.8052016501434
epigenomics_4364_map_212,10548.589193186064,189.49397652362492
epigenomics_4364_map_213,9624.768003617828,174.51563578190593
epigenomics_4364_map_214,10063.47177804239,180.09839330992614
epigenomics_4364_map_215,10107.191800093593,188.75248125141886
epigenomics_4364_map_216,10361.926973197063,187.40971375975474
epigenomics_4364_map_217,9778.087885042898,180.54206122879967
epigenomics_4364_map_218,9751.15200874382,182.66785732651718
epigenomics_4364_map_219,9408.100788323674,179.43771486306966
epigenomics_4364_map_220,9900.43753546232,182.9759762474887
epigenomics_4364_map_221,9940.676757460466,181.79629568241543
epigenomics_4364_map_222,10074.925344693145,184.78410146864653
epigenomics_4364_map_223,9988.62990304164,182.3690359921549
epigenomics_4364_map_224,10149.945832200621,189.3970907220177
epigenomics_4364_map_225,10467.626620194258,199.20997907035863
epigenomics_4364_map_226,9455.556862628591,184.41015975263602
epigenomics_4364_map_227,10223.901758566548,184.43442912157735
epigenomics_4364_map_228,9922.413503126827,191.2031924803156
epigenomics_4364_map_229,10224.878582627261,189.1723042363613
epigenomics_4364_map_230,10883.534256561983,192.45149635608814
epigenomics_4364_map_231,9511.854273396606,180.4237949366656
epigenomics_4364_map_232,9613.075017110154,176.26546169298595
epigenomics_4364_map_233,10994.939201115129,188.3970287975336
epigenomics_4364_map_234,10470.212861546763,188.03161872992695
epigenomics_4364_map_235,10427.769482484468,190.82694719363937
epigenomics_4364_map_236,9426.48956454012,189.67028236400918
epigenomics_4364_map_237,10873.375856443197,180.9450071568075
epigenomics_4364_map_238,11391.847179005566,170.5587832962805
epigenomics_4364_map_239,9552.646906068037,191.18775345889338
epigenomics_4364_map_240,10028.403089367133,186.15446979257834
epigenomics_4364_map_241,10742.900813320577,181.89768527365442
epigenomics_4364_map_242,9809.24382397071,190.69920965105945
epigenomics_4364_map_243,9943.131454049108,180.17012090516346
epigenomics_4364_map_244,9846.986181460294,194.4351823474982
epigenomics_4364_map_245,9742.163586148303,183.66076405702785
epigenomics_4364_map_246,9114.04932797487,183.14450200529652
epigenomics_4364_map_247,9837.581883808478,186.95916774325715
epigenomics_4364_map_248,9267.618227210707,173.57830815667444
epigenomics_4364_map_249,10339.51888691334,189.0415059482942
epigenomics_4364_map_250,10280.730001613918,181.7270706433601
epigenomics_4364_map_251,9995.891494659192,190.87925338493153
epigenomics_4364_map_252,9906.865438686084,174.9881722593393
epigenomics_4364_map_253,10384.606823071263,193.02973935845154
epigenomics_4364_map_254,9415.35656878635,186.4695199851914
epigenomics_4364_map_255,10169.71724185526,179.0876999852835
epigenomics_4364_map_256,9845.188135246128,180.9589873755529
epigenomics_4364_map_257,10491.986449575192,191.7164096517143
epigenomics_4364_map_258,10509.97879594012,181.01568180230143
epigenomics_4364_map_259,9860.962387468893,178.19795830739108
epigenomics_4364_map_260,10100.08273529269,177.60331505020366
epigenomics_4364_map_261,9323.138100283355,182.78398067558834
epigenomics_4364_map_262,9438.191585026683,189.77068999797973
epigenomics_4364_map_263,9676.902072561335,181.9535044876283
epigenomics_4364_map_264,9984.755737595538,180.92945406931514
epigenomics_4364_map_265,9258.978902034314,182.2026665711266
epigenomics_4364_map_266,10408.626737225975,182.72323715433708
epigenomics_4364_map_267,9103.45365974145,178.77892537259407
epigenomics_4364_map_268,10230.680064105893,173.21654437763885
epigenomics_4364_map_269,10298.050287530024,193.855641131625
epigenomics_4364_map_270,10178.841894437996,182.78003303217315
epigenomics_4364_map_271,9702.018024815901,180.13332647063433
epigenomics_4364_map_272,9523.325342393413,187.25044667501663
epigenomics_4364_map_273,10056.36329239243,181.38670817161196
epigenomics_4364_map_274,9220.794866865874,187.70415383479906
epigenomics_4364_map_275,9731.859946828574,190.21322091274507
epigenomics_4364_map_276,9970.329749941264,184.6992645312749
epigenomics_4364_map_277,10221.636938723403,182.13533304972256
epigenomics_4364_map_278,10232.74978045601,177.23575682299096
epigenomics_4364_map_279,8747.638686891352,184.89081824533753
epigenomics_4364_map_280,9759.618741298478,193.15291097470816
epigenomics_4364_map_281,10089.754896408649,185.78525488340307
epigenomics_4364_map_282,9513.121084749628,181.34313166675838
epigenomics_4364_map_283,10136.491698389309,192.97211980946696
epigenomics_4364_map_284,9859.623080429354,193.03564466214038
epigenomics_4364_map_285,9145.18144758599,173.11707204381997
epigenomics_4364_map_286,10195.230902849053,190.02533930163088
epigenomics_4364_map_287,10347.673251674894,180.3028453903183
epigenomics_4364_map_288,9712.649423772476,190.08639216426909
epigenomics_4364_map_289,10107.353921430227,178.69223027497938
epigenomics_4364_map_290,9502.62111395016,180.10918646824177
epigenomics_4364_map_291,10697.726175274713,188.95595771437408
epigenomics_4364_map_292,9731.888155505636,179.95904019842735
epigenomics_4364_map_293,10524.30996995437,179.24229494798593
epigenomics_4364_map_294,10550.211363896091,184.27815275182115
epigenomics_4364_map_295,9941.771866970465,191.7782273123612
epigenomics_4364_map_296,10333.974713068932,180.47440027327968
epigenomics_4364_map_297,8824.313391210067,187.39567938478925
epigenomics_4364_map_298,10407.222697356268,182.4561491988613
epigenomics_4364_map_299,10669.373257558644,189.58033851081424
epigenomics_4364_map_300,10152.73816391485,187.4823348346307
epigenomics_4364_map_301,7964.441666185307,179.31460325395548
epigenomics_4364_map_302,10151.134084968362,177.73667084765836
epigenomics_4364_map_303,9866.632556014076,188.39713141004663
epigenomics_4364_map_304,9927.466174260355,181.66662121957845
epigenomics_4364_map_305,10219.355646665823,177.89773748916468
epigenomics_4364_map_306,10400.126601950393,176.51980192529743
epigenomics_4364_map_307,10488.418448092867,182.83214688794274
epigenomics_4364_map_308,10387.397542694018,182.52225505633396
epigenomics_4364_map_309,8909.131905693424,179.73906898493283
epigenomics_4364_map_310,10994.505583186032,178.92547873069236
epigenomics_4364_map_311,9861.611277628406,192.8628998510736
epigenomics_4364_map_312,10211.411588042636,188.73117577873745
epigenomics_4364_map_313,9471.508734578034,187.8629469467185
epigenomics_4364_map_314,10735.416932948727,179.99871961634034
epigenomics_4364_map_315,10388.73924552909,191.4618595881443
epigenomics_4364_map_316,10368.971901001818,179.60233058368675
epigenomics_4364_map_317,9563.022887474492,187.2219693194024
epigenomics_4364_map_318,9265.21165083267,184.17971465844477
epigenomics_4364_map_319,9254.469090913148,178.78978211516807
epigenomics_4364_map_320,9309.988274714378,186.3418482400646
epigenomics_4364_map_321,9393.265551658042,184.43823305861235
epigenomics_4364_map_322,9390.5030340258,178.4668949129125
epigenomics_4364_map_323,10809.526611433412,186.3739870092143
epigenomics_4364_map_324,9467.881031558656,192.59825745809397
epigenomics_4364_map_325,10170.06551613464,179.52228355899038
epigenomics_4364_map_326,11009.764580549489,188.3950533794858
epigenomics_4364_map_327,9310.728103748866,186.3718842169921
epigenomics_4364_map_328,10404.721361643064,188.13724064208867
epigenomics_4364_map_329,10271.36871682894,193.5404681422528
epigenomics_4364_map_330,9649.405313384568,183.5430225826543
epigenomics_4364_map_331,10558.741421419036,181.82189500247088
epigenomics_4364_map_332,9474.72188915299,184.0297788741943
epigenomics_4364_map_333,10456.96111916065,190.73787454432403
epigenomics_4364_map_334,10055.762835064244,174.90619945769805
epigenomics_4364_map_335,10504.767170779556,181.1477695884992
epigenomics_4364_map_336,10816.552081281221,194.37839029511747
epigenomics_4364_map_337,9656.479318253712,187.02285515771754
epigenomics_4364_map_338,9911.835237973013,189.42613245830037
epigenomics_4364_map_339,10283.864060123537,186.89748030229256
epigenomics_4364_map_340,9419.162717346477,178.6028162474977
epigenomics_4364_map_341,10609.969150760535,191.8322232812442
epigenomics_4364_map_342,10552.971734928717,184.53578214583126
epigenomics_4364_map_343,9707.059066287982,184.29576432490245
epigenomics_4364_map_344,9654.421372161418,182.6746565545847
epigenomics_4364_map_345,10057.061304348817,191.60890673727326
epigenomics_4364_map_346,9724.357942547866,178.76806897908352
epigenomics_4364_map_347,10110.685509733035,192.21103443490392
epigenomics_4364_map_348,9836.79777653025,176.61741172406528
epigenomics_4364_map_349,10130.075316392547,186.76493685122054
epigenomics_4364_map_350,9585.806478408424,179.71590782258448
epigenomics_4364_map_351,9749.808986555008,188.42985692831775
epigenomics_4364_map_352,10746.68017025576,188.15032544946573
epigenomics_4364_map_353,9364.393954078641,186.37541797073428
epigenomics_4364_map_354,10337.334507037422,192.46944705772634
epigenomics_4364_map_355,9675.745233918775,188.39045906867395
epigenomics_4364_map_356,9639.584084672175,186.1430984762861
epigenomics_4364_map_357,10569.49910039499,176.61776873336487
epigenomics_4364_map_358,9365.652710412434,190.75825625255993
epigenomics_4364_map_359,10278.449056513171,190.33891958797415
epigenomics_4364_map_360,9581.625340903689,194.6171260807845
epigenomics_4364_map_361,10484.588978636191,183.77691925509734
epigenomics_4364_map_362,9981.961814947535,184.45037822135114
epigenomics_4364_map_363,9837.703248032738,187.89442385334993
epigenomics_4364_map_364,9978.767701764315,191.36856999739342
epigenomics_4364_map_365,9949.363400388385,189.00084598015687
epigenomics_4364_map_366,9577.02367419675,182.5501067690012
epigenomics_4364_map_367,9414.729556771928,183.43824437058674
epigenomics_4364_map_368,10042.91926929062,176.66894928750455
epigenomics_4364_map_369,9858.16146185539,183.80629851269507
epigenomics_4364_map_370,10281.230665547666,187.09589299829133
epigenomics_4364_map_371,9946.432935676736,187.3927794340999
epigenomics_4364_map_372,9731.42305785149,183.6516347363871
epigenomics_4364_map_373,10207.967936171384,192.24347770533086
epigenomics_4364_map_374,9857.650789722953,191.88210807139646
epigenomics_4364_map_375,9679.61351504656,184.00152588633244
epigenomics_4364_map_376,10238.15453409592,183.71398777111912
epigenomics_4364_map_377,10113.283487569504,179.11518409369063
epigenomics_4364_map_378,10090.689542365462,187.29436741045146
epigenomics_4364_map_379,10342.20400017414,187.57663891967803
epigenomics_4364_map_380,9648.44712616293,179.18616098088785
epigenomics_4364_map_381,10586.43426942655,180.17513024564826
epigenomics_4364_map_382,10540.812368539808,187.14136698799814
epigenomics_4364_map_383,10777.735793422558,181.20084670915398
epigenomics_4364_map_384,10031.138113776818,186.8285705518982
epigenomics_4364_map_385,9791.306615997775,191.65906147378075
epigenomics_4364_map_386,10033.350808595456,182.4495649121595
epigenomics_4364_map_387,9561.448651253839,182.5929835054318
epigenomics_4364_map_388,9321.954775449989,181.42015484834317
epigenomics_4364_map_389,10537.332675969128,184.69701190206118
epigenomics_4364_map_390,9072.996687687533,191.0220685452784
epigenomics_4364_map_391,10050.2073594655,191.8747468906306
epigenomics_4364_map_392,9898.785360808166,187.745490334314
epigenomics_4364_map_393,10325.378413991039,189.25341755477692
epigenomics_4364_map_394,10724.605837004296,194.890404519325
epigenomics_4364_map_395,10200.952587347238,182.47410271659223
epigenomics_4364_map_396,10840.073328154971,182.8025484909436
epigenomics_4364_map_397,9077.127041548301,180.7637560679818
epigenomics_4364_map_398,9216.921225463173,181.32751242127657
epigenomics_4364_map_399,9483.97054251533,190.41652153811674
epigenomics_4364_map_400,10712.092128605644,183.6463102831887
epigenomics_4364_map_401,10143.425567148002,184.8887037031617
epigenomics_4364_map_402,10113.446544613726,185.6710939038921
epigenomics_4364_map_403,9935.829791069926,184.53952629127446
epigenomics_4364_map_404,9735.642775172073,191.66103497529016
epigenomics_4364_map_405,10310.869459459462,187.4352706679074
epigenomics_4364_map_406,10711.975016675351,189.33334619713673
epigenomics_4364_map_407,10109.512864235143,184.4438418349844
epigenomics_4364_map_408,9554.48592205505,188.51595181352587
epigenomics_4364_map_409,10071.81541963796,179.4627129837711
epigenomics_4364_map_410,10546.983999081802,191.3981221418392
epigenomics_4364_map_411,9977.077282546214,183.48204580013143
epigenomics_4364_map_412,9656.736335691176,183.69087038479975
epigenomics_4364_map_413,10332.651590662708,174.44148400473873
epigenomics_4364_map_414,10400.216328390454,186.43007999274803
epigenomics_4364_map_415,10408.145914244516,191.93794053789622
epigenomics_4364_map_416,10418.775183544802,187.55424255351653
epigenomics_4364_map_417,9828.414342791322,188.506735184993
epigenomics_4364_map_418,10010.579195560851,179.45107054337453
epigenomics_4364_map_419,9342.149144813528,187.03154415314603
epigenomics_4364_map_420,9975.657971948243,181.98101260498365
epigenomics_4364_map_421,9932.824673683415,195.60879835382374
epigenomics_4364_map_422,10041.840757080592,177.2384127882208
epigenomics_4364_map_423,10503.377314052437,181.23607253029414
epigenomics_4364_map_424,10018.138687155883,185.41083202690757
epigenomics_4364_map_425,10024.74557907905,193.01227965829574
epigenomics_4364_map_426,10369.391023020164,181.24369755154802
epigenomics_4364_map_427,8411.089470604356,181.15927498886273
epigenomics_4364_map_428,9189.119157080435,186.21196899311906
epigenomics_4364_map_429,10462.664057830621,190.11900973973547
epigenomics_4364_map_430,9107.573004632679,184.39883191568407
epigenomics_4364_map_431,9717.24083626543,184.6119171608902
epigenomics_4364_map_432,10475.322487610481,191.78031967199786
epigenomics_4364_map_433,10208.631009371591,189.2107762910811
epigenomics_4364_map_434,9960.558555182486,176.82963636826338
epigenomics_4364_map_435,10182.595970897328,176.95977735634466
epigenomics_4364_map_436,10818.469237772379,186.0061836940891
epigenomics_4364_map_437,10865.812945869051,189.89672705189895
epigenomics_4364_map_438,8934.898578569933,183.49975371207796
epigenomics_4364_map_439,9530.119431664583,177.68523028871215
epigenomics_4364_map_440,10246.984163938894,175.6520774112471
epigenomics_4364_map_441,10896.25388941383,189.0128860334886
epigenomics_4364_map_442,10177.455784744156,182.04831695189122
epigenomics_4364_map_443,9888.959529518566,187.21949295941704
epigenomics_4364_map_444,9436.420966092086,182.8797336610913
epigenomics_4364_map_445,10557.291812841744,187.14399091881626
epigenomics_4364_map_446,10412.055567389254,179.00781718844087
epigenomics_4364_map_447,10567.648784391738,191.2564697494996
epigenomics_4364_map_448,9692.00251554111,186.66549790300678
epigenomics_4364_map_449,9175.443839069807,185.05928332157808
epigenomics_4364_map_450,10713.333667694433,186.63412260836776
epigenomics_4364_map_451,10158.642226885711,193.35537304002978
epigenomics_4364_map_452,10422.124348901243,182.54460255182727
epigenomics_4364_map_453,9314.167626233608,181.39882011554965
epigenomics_4364_map_454,10248.667626191156,179.49632491643266
epigenomics_4364_map_455,10477.198775458279,184.7188337850821
epigenomics_4364_map_456,10000.100265768146,182.6981470113546
epigenomics_4364_map_457,9753.182014225455,180.77630921730955
epigenomics_4364_map_458,10366.435212726396,183.65183270014592
epigenomics_4364_map_459,10064.65034712401,184.9604746713194
epigenomics_4364_map_460,9576.921160065225,185.8869200856324
epigenomics_4364_map_461,9639.092190506208,184.8379026039659
epigenomics_4364_map_462,9727.681452264542,184.61132995859953
epigenomics_4364_map_463,11080.102266617596,188.3921498288138
epigenomics_4364_map_464,9512.409554045893,183.19591817435688
epigenomics_4364_map_465,9396.362789079067,183.93280613803526
epigenomics_4364_map_466,9899.367026842272,178.2360609522792
epigenomics_4364_map_467,10813.227042135866,184.1039811195963
epigenomics_4364_map_468,9824.067119703921,183.2677302014755
epigenomics_4364_map_469,10263.144181735224,189.92973647473886
epigenomics_4364_map_470,9735.49603219764,185.4423534927527
epigenomics_4364_map_471,10153.288176448526,192.00599696777715
epigenomics_4364_map_472,10414.192205083102,184.56062922630375
epigenomics_4364_map_473,11043.870683198656,188.12333285010143
epigenomics_4364_map_474,9752.864814809252,192.3713648509912
epigenomics_4364_map_475,9974.641562395656,177.30634721604483
epigenomics_4364_map_476,9586.54100174912,185.36704104117558
epigenomics_4364_map_477,10367.017850041186,185.2435527478505
epigenomics_4364_map_478,9813.835407901795,182.6884411995157
epigenomics_4364_map_479,10765.053525515978,190.05906056542
epigenomics_4364_map_480,10257.20297838664,182.1775144556827
epigenomics_4364_map_481,10248.73809577468,187.29742142037617
epigenomics_4364_map_482,10041.673161022016,184.6360787584174
epigenomics_4364_map_483,9933.931742509692,186.0440034046088
epigenomics_4364_map_484,10762.94348046098,174.65686081083692
epigenomics_4364_map_485,9813.365613585001,177.53750233482887
epigenomics_4364_map_486,10310.647821843415,181.39746448572234
epigenomics_4364_map_487,10867.633698194417,177.5478910660168
epigenomics_4364_map_488,9889.84327998067,181.85475502704233
epigenomics_4364_map_489,10040.833263981664,186.27289861899422
epigenomics_4364_map_490,9444.164026333994,184.1600006987819
epigenomics_4364_map_491,10264.359511590452,183.94977876284048
epigenomics_4364_map_492,10036.92900734342,182.80177085356755
epigenomics_4364_map_493,10685.398360838682,189.46861517886347
epigenomics_4364_map_494,9906.37127366951,183.27125455337276
epigenomics_4364_map_495,10535.430188187105,185.1732928249993
epigenomics_4364_map_496,9790.815805831366,180.9989028479891
epigenomics_4364_map_497,10087.715100594733,180.3977366045148
epigenomics_4364_map_498,10528.44161966148,190.27473900290377
epigenomics_4364_map_499,9631.89914547372,179.7251211523871
epigenomics_4364_mapMerge1_0,171.3891310091127,119.86062473652376
epigenomics_4364_mapMerge1_1,130.11806258060125,117.17783091764049
epigenomics_4364_mapMerge2_0,95.38222684722902,140.4312411912448
epigenomics_4364_chr21_0,178.35112974921637,41.41128278834191
epigenomics_4364_pileup_0,175.80705657057356,116.25087765421605
