request,latency,mem
epigenomics_2365_entry_0,1.0,1.0
epigenomics_2365_fastqSplit_0,57.34585233171415,105.93750428224638
epigenomics_2365_fastqSplit_1,68.990611660186,98.2350859815156
epigenomics_2365_filterContams_0,18.091777707905575,65.87534807228569
epigenomics_2365_filterContams_1,21.105503899955657,64.48524344759691
epigenomics_2365_filterContams_2,22.087257271842507,67.14765121616585
epigenomics_2365_filterContams_3,22.691807376509317,64.69479227805071
epigenomics_2365_filterContams_4,17.8609018166566,69.12072352312671
epigenomics_2365_filterContams_5,21.068444764702313,53.60483111371734
epigenomics_2365_filterContams_6,22.010453833108507,70.1009993322775
epigenomics_2365_filterContams_7,21.63545932398157,68.08927453847448
epigenomics_2365_filterContams_8,17.36422997337818,62.346281065856964
epigenomics_2365_filterContams_9,21.8973480824702,74.16621517334858
epigenomics_2365_filterContams_10,24.798884188759384,53.331108446655264
epigenomics_2365_filterContams_11,20.076809317097,53.84912067866546
epigenomics_2365_filterContams_12,25.877515961133664,64.47556751641469
epigenomics_2365_filterContams_13,20.51989736752391,55.38595105937081
epigenomics_2365_filterContams_14,22.099077506320207,65.06420927602073
epigenomics_2365_filterContams_15,14.083558126512877,65.1609758682898
epigenomics_2365_filterContams_16,22.16815122796965,74.61221120304694
epigenomics_2365_filterContams_17,16.669424948096236,52.065045811066085
epigenomics_2365_filterContams_18,19.99275276747102,70.4535192538865
epigenomics_2365_filterContams_19,20.77550945892049,59.221647113429704
epigenomics_2365_filterContams_20,17.79967844316431,76.70511473917036
epigenomics_2365_filterContams_21,24.884790974464995,58.671718647748264
epigenomics_2365_filterContams_22,23.357937961766606,75.60318303780313
epigenomics_2365_filterContams_23,18.846420707817863,72.2254129581584
epigenomics_2365_filterContams_24,20.559403525764417,69.26178715380584
epigenomics_2365_filterContams_25,16.90524717684998,66.18648104736468
epigenomics_2365_filterContams_26,24.068159330915872,61.428506919386535
epigenomics_2365_filterContams_27,19.4241645380863,63.99307424235573
epigenomics_2365_filterContams_28,24.650942513874977,70.78680785088987
epigenomics_2365_filterContams_29,15.814361446049508,61.08267907625258
epigenomics_2365_filterContams_30,18.319085096302686,59.60343524522882
epigenomics_2365_filterContams_31,19.086528266851467,68.41130158571335
epigenomics_2365_filterContams_32,18.883408007598504,59.258841735467634
epigenomics_2365_filterContams_33,19.691035417548346,64.84791704472605
epigenomics_2365_filterContams_34,16.910079287942718,55.609032217995306
epigenomics_2365_filterContams_35,23.952255283957683,67.83666743549398
epigenomics_2365_filterContams_36,22.05127132376974,60.28202466087383
epigenomics_2365_filterContams_37,19.669117881102885,63.862692774015464
epigenomics_2365_filterContams_38,22.95918270907408,71.59688828638808
epigenomics_2365_filterContams_39,20.188097295293762,67.53688089030845
epigenomics_2365_filterContams_40,20.94823305564003,62.341642005417675
epigenomics_2365_filterContams_41,21.07654150725826,68.50467009094668
epigenomics_2365_filterContams_42,18.679812425478488,62.376140096613945
epigenomics_2365_filterContams_43,23.285966035291867,66.61354877496268
epigenomics_2365_filterContams_44,23.2092449650567,71.60080342432377
epigenomics_2365_filterContams_45,22.65770719021717,69.12330593966183
epigenomics_2365_filterContams_46,19.377594707064265,61.61885389915509
epigenomics_2365_filterContams_47,21.680472675152725,91.49511764522595
epigenomics_2365_filterContams_48,21.568137053389165,67.20319168698101
epigenomics_2365_filterContams_49,19.05032127398163,59.75812848160859
epigenomics_2365_filterContams_50,20.486173499584453,68.05292353764654
epigenomics_2365_filterContams_51,16.10594309439203,69.03643530638016
epigenomics_2365_filterContams_52,20.716736768375817,68.36621178436383
epigenomics_2365_filterContams_53,18.711086592385158,78.52256534201804
epigenomics_2365_filterContams_54,19.80521914867886,73.81056986615206
epigenomics_2365_filterContams_55,18.37523825108323,58.08518172102291
epigenomics_2365_filterContams_56,19.48207200675726,54.06645122689511
epigenomics_2365_filterContams_57,25.69771131025638,68.39512437737619
epigenomics_2365_filterContams_58,20.57563157166307,51.31599958711141
epigenomics_2365_filterContams_59,19.012964064384068,62.58309865618061
epigenomics_2365_filterContams_60,18.883037684532546,67.32981185445207
epigenomics_2365_filterContams_61,19.402568738444657,69.8538631629531
epigenomics_2365_filterContams_62,17.338932930114503,63.54913613278237
epigenomics_2365_filterContams_63,19.096651252083493,56.777795081520324
epigenomics_2365_filterContams_64,20.866328297155913,61.92947280688509
epigenomics_2365_filterContams_65,18.524047371425382,67.95207254251677
epigenomics_2365_filterContams_66,19.172516519723853,62.14445844716488
epigenomics_2365_filterContams_67,14.905612931168942,57.057825288731436
epigenomics_2365_filterContams_68,18.10276582197048,65.78556790227064
epigenomics_2365_filterContams_69,21.333201330225624,58.639524495173376
epigenomics_2365_filterContams_70,25.29942608923644,50.171777332458696
epigenomics_2365_filterContams_71,21.853748337483307,74.78541129671973
epigenomics_2365_filterContams_72,15.74678515529146,56.22454002007395
epigenomics_2365_filterContams_73,20.192629996292375,48.24477830264706
epigenomics_2365_filterContams_74,22.414019573505,58.115311600665834
epigenomics_2365_filterContams_75,17.527169555963162,61.401815280344366
epigenomics_2365_filterContams_76,15.532956308942241,68.17468104389222
epigenomics_2365_filterContams_77,19.47494554695556,59.66708317447916
epigenomics_2365_filterContams_78,23.993418873195278,67.20719419642043
epigenomics_2365_filterContams_79,20.51374898678552,63.43495895714056
epigenomics_2365_filterContams_80,15.978181606451109,72.49056296030365
epigenomics_2365_filterContams_81,14.375436552003777,60.27955668690515
epigenomics_2365_filterContams_82,21.59046054395639,78.41400554214877
epigenomics_2365_filterContams_83,19.624563158654862,68.21721906175793
epigenomics_2365_filterContams_84,22.2378216292132,63.80073433656914
epigenomics_2365_filterContams_85,17.504730455451345,60.010181793428806
epigenomics_2365_filterContams_86,14.002675354254276,70.28403553283862
epigenomics_2365_filterContams_87,21.38907165131378,63.04627320152288
epigenomics_2365_filterContams_88,23.32458914701639,64.87669248606021
epigenomics_2365_filterContams_89,26.187916383969338,62.56438898617448
epigenomics_2365_filterContams_90,18.024250825282166,72.91457298424004
epigenomics_2365_filterContams_91,18.351105021734906,57.76583414964759
epigenomics_2365_filterContams_92,17.668623783283124,68.0259716927183
epigenomics_2365_filterContams_93,16.589743107790028,63.83616366806665
epigenomics_2365_filterContams_94,18.913464466055224,65.13255679175336
epigenomics_2365_filterContams_95,19.30711707523176,61.40006373295204
epigenomics_2365_filterContams_96,23.305300829510678,61.54423361799616
epigenomics_2365_filterContams_97,23.213185082706932,65.99830955142812
epigenomics_2365_filterContams_98,19.532803964747572,72.02052679802455
epigenomics_2365_filterContams_99,18.887599480748733,53.0460265906461
epigenomics_2365_filterContams_100,20.640431980321544,72.3082238287681
epigenomics_2365_filterContams_101,22.963892631085503,67.54303145843328
epigenomics_2365_filterContams_102,25.23833130086517,66.36208998666473
epigenomics_2365_filterContams_103,14.412756388779954,72.76939917008328
epigenomics_2365_filterContams_104,20.184104246216023,60.74656273741587
epigenomics_2365_filterContams_105,23.371300421453526,70.49865049720546
epigenomics_2365_filterContams_106,26.574087161619676,71.19275733215724
epigenomics_2365_filterContams_107,22.637834213836957,76.28958620898291
epigenomics_2365_filterContams_108,14.571435701551827,65.58238742144623
epigenomics_2365_filterContams_109,19.764541003863908,75.49439782173856
epigenomics_2365_filterContams_110,23.477802621954787,84.51415352282228
epigenomics_2365_filterContams_111,17.41309018853409,65.83114387352232
epigenomics_2365_filterContams_112,18.09168973433023,68.37893511989473
epigenomics_2365_filterContams_113,18.00670278883434,70.93076453890897
epigenomics_2365_filterContams_114,18.75965251256022,81.8673773502357
epigenomics_2365_filterContams_115,22.944244480787884,63.015843943228994
epigenomics_2365_filterContams_116,22.79619611548368,48.04062812372358
epigenomics_2365_filterContams_117,18.736166933431978,75.71373651155066
epigenomics_2365_filterContams_118,17.378291155897507,58.229379461704404
epigenomics_2365_filterContams_119,18.862367224513562,74.43482740918625
epigenomics_2365_filterContams_120,19.788383218709793,62.88174258765294
epigenomics_2365_filterContams_121,19.036714102282815,67.09613242040139
epigenomics_2365_filterContams_122,21.081495869757546,59.254399786326175
epigenomics_2365_filterContams_123,23.520792366224132,63.38134476543312
epigenomics_2365_filterContams_124,17.949419459803156,52.412719861167126
epigenomics_2365_filterContams_125,21.88666939600199,73.9386486827922
epigenomics_2365_filterContams_126,25.0605036103513,52.44200825038293
epigenomics_2365_filterContams_127,14.842721511329898,71.59681686513643
epigenomics_2365_filterContams_128,20.94388281607668,46.47738156179584
epigenomics_2365_filterContams_129,19.394198715431827,68.88638072313194
epigenomics_2365_filterContams_130,22.303945937323814,62.04686616178393
epigenomics_2365_filterContams_131,17.909558750093606,66.55371137075943
epigenomics_2365_filterContams_132,21.759803804723276,71.00847101830641
epigenomics_2365_filterContams_133,23.430925019391694,67.1419347487278
epigenomics_2365_filterContams_134,16.06535658567061,64.50338129553082
epigenomics_2365_filterContams_135,18.902676606893106,56.94553917940921
epigenomics_2365_filterContams_136,19.578500163596406,68.70522183426674
epigenomics_2365_filterContams_137,15.98806539610189,64.27710625671016
epigenomics_2365_filterContams_138,22.84027771818678,69.18876236568882
epigenomics_2365_filterContams_139,22.33278272285781,64.35477148635337
epigenomics_2365_filterContams_140,19.548404546471936,65.93765084635018
epigenomics_2365_filterContams_141,22.23770650346033,51.549892105301026
epigenomics_2365_filterContams_142,18.024761754404324,62.240898956121995
epigenomics_2365_filterContams_143,15.780295285297534,54.73865913674277
epigenomics_2365_filterContams_144,18.229301640995228,63.18872665691162
epigenomics_2365_filterContams_145,24.3715716735865,60.085339193407215
epigenomics_2365_filterContams_146,18.481956312975218,64.1259660142747
epigenomics_2365_filterContams_147,16.893659730578193,58.972115067303804
epigenomics_2365_filterContams_148,19.416779645523942,55.39573035741225
epigenomics_2365_filterContams_149,22.158911356193165,62.01709087550999
epigenomics_2365_filterContams_150,24.267144323226713,62.73212771449984
epigenomics_2365_filterContams_151,20.152614639357257,59.965910353107176
epigenomics_2365_filterContams_152,23.970907733622333,62.232296108352834
epigenomics_2365_filterContams_153,16.219759157239466,59.114633613179414
epigenomics_2365_filterContams_154,21.53355367632522,59.4057679881288
epigenomics_2365_filterContams_155,18.237502458425933,63.83244645197673
epigenomics_2365_filterContams_156,21.550386314171075,62.387904720244464
epigenomics_2365_filterContams_157,21.728059407874127,60.916774304893764
epigenomics_2365_filterContams_158,21.04227191342915,67.18428320766587
epigenomics_2365_filterContams_159,18.075248893653256,57.567760360193894
epigenomics_2365_filterContams_160,19.65840013553205,69.98173121169101
epigenomics_2365_filterContams_161,17.19117530298385,64.07572114235022
epigenomics_2365_filterContams_162,21.83843748526362,61.5745694633402
epigenomics_2365_filterContams_163,18.205114041213477,62.6466426777751
epigenomics_2365_filterContams_164,20.4552989150762,75.89521842985317
epigenomics_2365_filterContams_165,20.36019838276134,74.88325729897525
epigenomics_2365_filterContams_166,16.80794777976242,52.654742299281
epigenomics_2365_filterContams_167,18.949638501625074,59.97384771636211
epigenomics_2365_filterContams_168,23.38159883399681,63.286604612107034
epigenomics_2365_filterContams_169,16.767317421476374,64.33623201468481
epigenomics_2365_filterContams_170,17.968075852959977,45.778138701125016
epigenomics_2365_filterContams_171,17.865177214467646,65.6055799273036
epigenomics_2365_filterContams_172,22.2366934032574,83.0827871747111
epigenomics_2365_filterContams_173,21.592880275565033,63.23928016681607
epigenomics_2365_filterContams_174,18.11673535909258,62.01832348809409
epigenomics_2365_filterContams_175,27.41973398823928,66.20008028952014
epigenomics_2365_filterContams_176,26.358136308795864,66.52218624263035
epigenomics_2365_filterContams_177,25.14239039009226,59.26711176081071
epigenomics_2365_filterContams_178,21.684549949138635,59.95838892366433
epigenomics_2365_filterContams_179,21.193190144905092,69.22859271102564
epigenomics_2365_filterContams_180,17.28912638453328,68.51974554225366
epigenomics_2365_filterContams_181,20.203077760479342,63.25840279726909
epigenomics_2365_filterContams_182,16.341397657530123,69.5929315151053
epigenomics_2365_filterContams_183,17.772960318398,59.70758976698655
epigenomics_2365_filterContams_184,21.848486250927337,52.21626892819995
epigenomics_2365_filterContams_185,20.937871993654632,62.5214677446935
epigenomics_2365_filterContams_186,22.348638510433105,74.89324705112654
epigenomics_2365_filterContams_187,22.419229490344605,64.58131841555031
epigenomics_2365_filterContams_188,21.1328941028304,68.05291506930871
epigenomics_2365_filterContams_189,14.354860266927835,67.71507704859242
epigenomics_2365_filterContams_190,18.58481213906858,65.50230344287974
epigenomics_2365_filterContams_191,14.959339961373376,58.84421650275063
epigenomics_2365_filterContams_192,23.117797286144985,72.11743157912535
epigenomics_2365_filterContams_193,20.25781157098672,59.60069564836596
epigenomics_2365_filterContams_194,22.16502620746435,61.84098588779852
epigenomics_2365_filterContams_195,20.525662309079767,69.51962827698526
epigenomics_2365_filterContams_196,19.93845177683625,70.20474102272118
epigenomics_2365_filterContams_197,17.931754006549873,68.32375532658835
epigenomics_2365_filterContams_198,17.963385130389376,53.217946259357035
epigenomics_2365_filterContams_199,24.136894409652037,67.23225829425255
epigenomics_2365_filterContams_200,23.145954097829375,57.772117360010085
epigenomics_2365_filterContams_201,18.736619407309302,62.974373801260555
epigenomics_2365_filterContams_202,24.042907495225972,67.60849736880458
epigenomics_2365_filterContams_203,27.063221171569925,72.46714885860995
epigenomics_2365_filterContams_204,18.44606956195466,58.491964410585325
epigenomics_2365_filterContams_205,24.246066453832725,65.95629143235865
epigenomics_2365_filterContams_206,20.39384802413293,58.054180704370275
epigenomics_2365_filterContams_207,23.924904999088167,73.15355867544066
epigenomics_2365_filterContams_208,15.275200438202758,72.00519753732245
epigenomics_2365_filterContams_209,23.074282461435885,65.76314768624317
epigenomics_2365_filterContams_210,18.252126162918557,69.5373621537592
epigenomics_2365_filterContams_211,22.350419752579686,65.25971830440608
epigenomics_2365_filterContams_212,20.53984677359453,74.01928017506123
epigenomics_2365_filterContams_213,22.496754478900716,69.51644406114484
epigenomics_2365_filterContams_214,18.399136079596346,52.86892080414446
epigenomics_2365_filterContams_215,13.643938543418383,58.15750777890661
epigenomics_2365_filterContams_216,19.435278140219282,65.08196976903756
epigenomics_2365_filterContams_217,18.836491614179796,74.48452205799873
epigenomics_2365_filterContams_218,20.494241043229902,65.41919057760425
epigenomics_2365_filterContams_219,18.377212193943457,73.2651481568539
epigenomics_2365_filterContams_220,14.488399658441692,66.28894927759656
epigenomics_2365_filterContams_221,19.00165020401492,67.34096331176222
epigenomics_2365_filterContams_222,26.021442919777183,72.3450866222234
epigenomics_2365_filterContams_223,18.558469508583677,70.60582988582308
epigenomics_2365_filterContams_224,20.52466095821255,52.753448615911786
epigenomics_2365_filterContams_225,23.37923789527385,62.52198546284609
epigenomics_2365_filterContams_226,20.440023631448515,76.67265052792577
epigenomics_2365_filterContams_227,20.886922346160258,57.452115648416736
epigenomics_2365_filterContams_228,18.97361762749951,69.90551971479971
epigenomics_2365_filterContams_229,18.588474392944548,75.09815859598817
epigenomics_2365_filterContams_230,21.580123656755124,60.27413708445614
epigenomics_2365_filterContams_231,17.32448398246159,64.36076528994175
epigenomics_2365_filterContams_232,14.898370534027851,72.27703578080668
epigenomics_2365_filterContams_233,23.31404345536763,70.44402319378716
epigenomics_2365_filterContams_234,19.267268294635123,65.26295743459977
epigenomics_2365_filterContams_235,21.60567946366899,57.82617764142279
epigenomics_2365_filterContams_236,16.233753601642114,72.06420508792306
epigenomics_2365_filterContams_237,19.706198326949313,78.10080657071641
epigenomics_2365_filterContams_238,18.679663395436663,79.71052682344077
epigenomics_2365_filterContams_239,22.745048757088167,71.46220600240255
epigenomics_2365_filterContams_240,21.530104338061573,59.199010901572144
epigenomics_2365_filterContams_241,21.60866150540458,71.0579570166316
epigenomics_2365_filterContams_242,18.232064858887643,75.6154580957062
epigenomics_2365_filterContams_243,17.767759549612766,43.062390452528646
epigenomics_2365_filterContams_244,25.77507234614759,63.974800735677405
epigenomics_2365_filterContams_245,18.709972216748504,63.050410266069065
epigenomics_2365_filterContams_246,19.14489158733616,65.00435047597924
epigenomics_2365_filterContams_247,21.426101735924842,67.83805940698251
epigenomics_2365_filterContams_248,19.128505710223777,78.4116533090359
epigenomics_2365_filterContams_249,18.66293078296864,62.448138099967906
epigenomics_2365_filterContams_250,16.409062695985465,72.4824979641169
epigenomics_2365_filterContams_251,25.485677624175487,64.51280650309344
epigenomics_2365_filterContams_252,20.948791898765588,62.5434883089727
epigenomics_2365_filterContams_253,18.770578231287786,70.12842061181327
epigenomics_2365_filterContams_254,23.58962169722263,70.55188866269516
epigenomics_2365_filterContams_255,16.71525865427718,49.745682750286136
epigenomics_2365_filterContams_256,25.90371250732683,58.29500107705895
epigenomics_2365_filterContams_257,21.2350985070213,79.85909077805545
epigenomics_2365_filterContams_258,23.118952521952625,80.69336269326634
epigenomics_2365_filterContams_259,16.630363866082824,60.04958758386329
epigenomics_2365_filterContams_260,21.460559184193084,59.9879379800538
epigenomics_2365_filterContams_261,22.05789433111178,53.924840281024345
epigenomics_2365_filterContams_262,15.776176935840857,47.744274656386516
epigenomics_2365_filterContams_263,22.675300046593886,61.04588751170356
epigenomics_2365_filterContams_264,21.20670790759963,74.59594049254662
epigenomics_2365_filterContams_265,15.789442477365,52.55953064120942
epigenomics_2365_filterContams_266,21.438321142859774,63.60987108069913
epigenomics_2365_filterContams_267,23.32661187202013,65.52627526699962
epigenomics_2365_filterContams_268,19.61723106549304,65.69145648329712
epigenomics_2365_filterContams_269,23.123775446297522,60.50649696614035
epigenomics_2365_filterContams_270,18.934658063658595,51.875007534912996
epigenomics_2365_filterContams_271,22.672292649628535,54.9795519198565
epigenomics_2365_filterContams_272,21.640423227152887,78.31035889793768
epigenomics_2365_filterContams_273,21.636258843249344,64.86761507402134
epigenomics_2365_filterContams_274,22.799633715448408,57.89386509718663
epigenomics_2365_filterContams_275,19.166433183580672,62.353094893725014
epigenomics_2365_filterContams_276,22.19469847528819,72.3806850098988
epigenomics_2365_filterContams_277,17.006490115999014,49.41350187210227
epigenomics_2365_filterContams_278,20.927046797186556,72.95044020519602
epigenomics_2365_filterContams_279,18.29790464734173,55.67195169332929
epigenomics_2365_filterContams_280,21.022186348643732,62.57516946361571
epigenomics_2365_filterContams_281,21.631338059365486,65.53810518817505
epigenomics_2365_filterContams_282,22.811670760581723,81.11202150251437
epigenomics_2365_filterContams_283,18.18752881693056,60.7238135193073
epigenomics_2365_filterContams_284,13.40267753666966,58.04130923578486
epigenomics_2365_filterContams_285,21.432026217898976,45.91724173271227
epigenomics_2365_filterContams_286,22.428685880480653,66.81257000922996
epigenomics_2365_filterContams_287,24.10450693507525,51.4977571886364
epigenomics_2365_filterContams_288,20.42325313866894,56.248675086506225
epigenomics_2365_filterContams_289,19.28755288435419,62.07538725242118
epigenomics_2365_filterContams_290,16.064077923663945,68.45474086202563
epigenomics_2365_filterContams_291,24.29885263912402,63.006303277409906
epigenomics_2365_filterContams_292,20.006706967935823,62.6547119925789
epigenomics_2365_filterContams_293,20.388487344228146,48.87168389306081
epigenomics_2365_filterContams_294,24.812445561814535,63.95608826012003
epigenomics_2365_filterContams_295,21.660327584323294,74.490971407172
epigenomics_2365_filterContams_296,18.83365704923213,58.864610664600704
epigenomics_2365_filterContams_297,18.235153094553926,54.33142257852988
epigenomics_2365_filterContams_298,22.743765720457148,68.58681110094844
epigenomics_2365_filterContams_299,27.002400742183116,63.11733597964696
epigenomics_2365_filterContams_300,19.625512464297824,75.1906098022057
epigenomics_2365_filterContams_301,21.057505568049645,61.760062431662796
epigenomics_2365_filterContams_302,14.326823200669649,69.38652622458233
epigenomics_2365_filterContams_303,17.27835477291336,73.98863448170393
epigenomics_2365_filterContams_304,17.30504588475823,69.46982579775472
epigenomics_2365_filterContams_305,15.93669436023044,69.45118235097817
epigenomics_2365_filterContams_306,20.012697628089384,72.73557193400515
epigenomics_2365_filterContams_307,17.115989414410183,63.334420706770054
epigenomics_2365_filterContams_308,19.330969955536972,68.58581611657453
epigenomics_2365_filterContams_309,15.326515781286,74.03962897000882
epigenomics_2365_filterContams_310,16.13656563557806,67.7409029583558
epigenomics_2365_filterContams_311,24.93136112871941,67.06480191105857
epigenomics_2365_filterContams_312,21.313098482204555,62.43203048059557
epigenomics_2365_filterContams_313,17.54973280120018,65.27491344596899
epigenomics_2365_filterContams_314,16.1240077384383,49.66279858236439
epigenomics_2365_filterContams_315,24.2868653788888,62.64020237649547
epigenomics_2365_filterContams_316,21.204459113433376,70.42997140663064
epigenomics_2365_filterContams_317,18.7646050568203,59.713924324361976
epigenomics_2365_filterContams_318,14.698977231510893,57.64528439039919
epigenomics_2365_filterContams_319,25.16600487121743,53.79511768595514
epigenomics_2365_filterContams_320,19.160406552062398,75.20502220125535
epigenomics_2365_filterContams_321,17.647792066244275,71.13248087795192
epigenomics_2365_filterContams_322,23.473763329263857,56.70952944955042
epigenomics_2365_filterContams_323,19.585449435972947,59.436792117236116
epigenomics_2365_filterContams_324,16.26925271831264,59.924749825882195
epigenomics_2365_filterContams_325,24.348361352135058,69.79679013907847
epigenomics_2365_filterContams_326,21.42134668038353,70.05256200804044
epigenomics_2365_filterContams_327,21.60793462484116,58.19181875189069
epigenomics_2365_filterContams_328,26.452432862361235,73.3281042843746
epigenomics_2365_filterContams_329,18.40514250920183,59.3417956410276
epigenomics_2365_filterContams_330,23.55437767761473,77.62384421193816
epigenomics_2365_filterContams_331,17.97857355994276,77.83155882206377
epigenomics_2365_filterContams_332,15.103034937784283,55.72691773396751
epigenomics_2365_filterContams_333,22.323922617159212,62.05267352235588
epigenomics_2365_filterContams_334,22.06221384174262,71.91845391331711
epigenomics_2365_filterContams_335,23.02002530460001,54.55815651221543
epigenomics_2365_filterContams_336,18.212857060870185,58.57490742508186
epigenomics_2365_filterContams_337,17.90633276980512,58.57348896444478
epigenomics_2365_filterContams_338,17.418504474316283,64.96338085824817
epigenomics_2365_filterContams_339,21.58004508535553,65.72322343268651
epigenomics_2365_filterContams_340,13.250192467242053,63.77064486406985
epigenomics_2365_filterContams_341,21.471725425388666,62.18167957417389
epigenomics_2365_filterContams_342,25.217011252161228,76.6491581300022
epigenomics_2365_filterContams_343,22.534503394040566,68.3564291274492
epigenomics_2365_filterContams_344,19.41457474991025,58.192639489925405
epigenomics_2365_filterContams_345,18.942353922073128,53.12670877511323
epigenomics_2365_filterContams_346,19.905496877415416,43.5654095431223
epigenomics_2365_filterContams_347,17.531766210406502,55.70901407010784
epigenomics_2365_filterContams_348,18.60113570456556,59.604691162399405
epigenomics_2365_filterContams_349,15.472676336245776,62.704087581393686
epigenomics_2365_filterContams_350,17.012606921238984,69.54913617538332
epigenomics_2365_filterContams_351,23.794295222675352,56.12762883077924
epigenomics_2365_filterContams_352,18.552135106320367,55.390378972425694
epigenomics_2365_filterContams_353,22.794743570068025,71.81145601788363
epigenomics_2365_filterContams_354,20.090422881126436,51.36594532651449
epigenomics_2365_filterContams_355,21.579232058183965,73.50384608251412
epigenomics_2365_filterContams_356,23.951325914079185,71.29830495562263
epigenomics_2365_filterContams_357,20.904451676256798,58.93219872832738
epigenomics_2365_filterContams_358,18.7902462907703,63.61354341313627
epigenomics_2365_filterContams_359,23.672938128607658,71.28931903131168
epigenomics_2365_filterContams_360,18.382113821297057,57.77220340584966
epigenomics_2365_filterContams_361,17.139533795997785,53.70825185828119
epigenomics_2365_filterContams_362,21.03039914408552,63.906974982026796
epigenomics_2365_filterContams_363,18.583299151457194,75.78952138521211
epigenomics_2365_filterContams_364,21.64556808393585,73.82706967796844
epigenomics_2365_filterContams_365,20.398324427313188,67.94677603901846
epigenomics_2365_filterContams_366,16.64044373137689,75.21499655844563
epigenomics_2365_filterContams_367,16.05942981355708,66.96845135310632
epigenomics_2365_filterContams_368,21.641648426929645,70.84750846315494
epigenomics_2365_filterContams_369,24.867629154532423,65.7907550161466
epigenomics_2365_filterContams_370,20.94556336750204,62.26028332849521
epigenomics_2365_filterContams_371,18.843143271846646,82.5827644802228
epigenomics_2365_filterContams_372,16.90162009697431,65.97666002587471
epigenomics_2365_filterContams_373,17.858857828980206,76.48106237081964
epigenomics_2365_filterContams_374,21.05430566504271,72.3658957536644
epigenomics_2365_filterContams_375,25.589113179652074,68.69672966058737
epigenomics_2365_filterContams_376,24.163518924485462,70.29230547327495
epigenomics_2365_filterContams_377,23.9460805953597,61.77069533366168
epigenomics_2365_filterContams_378,16.304433975231703,62.93810165851646
epigenomics_2365_filterContams_379,27.8585125434022,63.27359860898605
epigenomics_2365_filterContams_380,19.128480249468105,65.42748330506346
epigenomics_2365_filterContams_381,17.41665891567204,59.91632575497864
epigenomics_2365_filterContams_382,17.90903760493083,64.3683619599161
epigenomics_2365_filterContams_383,20.44002739838338,75.09570469720165
epigenomics_2365_filterContams_384,19.041221268771277,72.5335600418569
epigenomics_2365_filterContams_385,17.144252979850798,63.76479188428956
epigenomics_2365_filterContams_386,19.70417456757903,65.11678794367027
epigenomics_2365_filterContams_387,17.526269102795943,57.880908537352205
epigenomics_2365_filterContams_388,17.468389716732055,67.62132070573391
epigenomics_2365_filterContams_389,20.89760191309698,77.72239482892414
epigenomics_2365_filterContams_390,14.333789326036054,66.32821180122728
epigenomics_2365_filterContams_391,12.932063732648771,64.29756167550373
epigenomics_2365_filterContams_392,20.839308420388832,68.82859702167339
epigenomics_2365_filterContams_393,22.56017328449743,72.61576216746437
epigenomics_2365_filterContams_394,18.98834867338017,74.71735976365305
epigenomics_2365_filterContams_395,21.560243096049064,75.41568780440949
epigenomics_2365_filterContams_396,23.541374100476997,73.77691958024482
epigenomics_2365_filterContams_397,20.319587880654655,60.50896916745418
epigenomics_2365_filterContams_398,16.217593585154358,59.04524220823469
epigenomics_2365_filterContams_399,25.461683260942536,54.68707524109996
epigenomics_2365_filterContams_400,19.415051006641892,54.73159376288789
epigenomics_2365_filterContams_401,28.27203879179156,59.88286402588191
epigenomics_2365_filterContams_402,22.421965411391195,63.916248295224776
epigenomics_2365_filterContams_403,19.842162621305565,72.02505035023262
epigenomics_2365_filterContams_404,21.0003158568414,60.63366945420631
epigenomics_2365_filterContams_405,20.778214765050926,67.10675908374209
epigenomics_2365_filterContams_406,15.241854449036921,71.75960923246122
epigenomics_2365_filterContams_407,18.70864078722052,55.61198027739134
epigenomics_2365_filterContams_408,20.309407826969455,70.4744275708938
epigenomics_2365_filterContams_409,21.658116875776763,66.58376423062721
epigenomics_2365_filterContams_410,21.48594264484098,67.35735679761798
epigenomics_2365_filterContams_411,20.70233520494514,62.988719065156786
epigenomics_2365_filterContams_412,20.278801306841224,81.6589299142202
epigenomics_2365_filterContams_413,12.763624689775321,46.64732845142691
epigenomics_2365_filterContams_414,21.27975343898965,69.48688973730674
epigenomics_2365_filterContams_415,17.951168740410008,68.59963807549946
epigenomics_2365_filterContams_416,19.85286638586604,53.64864197225825
epigenomics_2365_filterContams_417,19.067873906257784,73.00605482536088
epigenomics_2365_filterContams_418,21.983431679031327,58.098405927117774
epigenomics_2365_filterContams_419,24.356449653326596,65.43675254309159
epigenomics_2365_filterContams_420,14.823985095777495,65.43438608436644
epigenomics_2365_filterContams_421,25.11164982223585,64.73330136950953
epigenomics_2365_filterContams_422,23.772435600867308,56.991958096206666
epigenomics_2365_filterContams_423,19.447568965396535,84.23290927799482
epigenomics_2365_filterContams_424,21.163392110104017,66.96950173677159
epigenomics_2365_filterContams_425,23.224320365093657,70.6355839355174
epigenomics_2365_filterContams_426,19.107440674690068,66.99330092624818
epigenomics_2365_filterContams_427,23.961220650254134,64.44911937922696
epigenomics_2365_filterContams_428,22.786935542129026,71.61119011906437
epigenomics_2365_filterContams_429,16.27196215862432,73.86008768441614
epigenomics_2365_filterContams_430,20.147404697036578,81.88847418761675
epigenomics_2365_filterContams_431,19.17096879672113,65.63918294201123
epigenomics_2365_filterContams_432,18.076014762978662,78.62834399859317
epigenomics_2365_filterContams_433,20.600680416321104,70.95454934838305
epigenomics_2365_filterContams_434,21.667148261047974,68.27963840667384
epigenomics_2365_filterContams_435,21.009497783108053,65.9268523437915
epigenomics_2365_filterContams_436,18.682614233928525,70.29427795713495
epigenomics_2365_filterContams_437,21.256309919042774,72.26860352715906
epigenomics_2365_filterContams_438,14.851660646997992,56.62622494290315
epigenomics_2365_filterContams_439,22.208361675227554,59.59546347909923
epigenomics_2365_filterContams_440,19.171839951409368,68.67380167903288
epigenomics_2365_filterContams_441,14.662410204425013,60.05428498741706
epigenomics_2365_filterContams_442,16.888601611580818,60.78385988189055
epigenomics_2365_filterContams_443,19.269078438378855,78.4301380818123
epigenomics_2365_filterContams_444,25.97522661578758,72.75524370325306
epigenomics_2365_filterContams_445,18.34713845510659,72.1763181111321
epigenomics_2365_filterContams_446,21.224335162100388,68.76275574611635
epigenomics_2365_filterContams_447,19.348608595998694,57.005676219713806
epigenomics_2365_filterContams_448,23.759256940938513,47.37184483685255
epigenomics_2365_filterContams_449,20.185707517559035,57.26621468473026
epigenomics_2365_filterContams_450,17.354295421914987,72.27644059089819
epigenomics_2365_filterContams_451,16.822583719129497,66.04293591192533
epigenomics_2365_filterContams_452,21.40791386336672,58.659913890734416
epigenomics_2365_filterContams_453,20.70191421837228,57.63597431925305
epigenomics_2365_filterContams_454,14.151301524028572,60.84539177139979
epigenomics_2365_filterContams_455,18.93659610464719,73.4773075797128
epigenomics_2365_filterContams_456,19.40527142362649,64.24696778060539
epigenomics_2365_filterContams_457,19.137003234939897,51.05866464158543
epigenomics_2365_filterContams_458,22.155809938058518,62.696650639216514
epigenomics_2365_filterContams_459,24.86150761084135,76.52816927588296
epigenomics_2365_filterContams_460,25.980963372537737,67.72175689731628
epigenomics_2365_filterContams_461,17.523578277276858,72.03417204511635
epigenomics_2365_filterContams_462,19.89719535807273,54.90183797031422
epigenomics_2365_filterContams_463,21.334957053368278,59.20869625046026
epigenomics_2365_filterContams_464,18.324821419640973,62.12471928775585
epigenomics_2365_filterContams_465,17.580640280822763,74.54494335968987
epigenomics_2365_filterContams_466,23.267318103379843,73.76381012945879
epigenomics_2365_filterContams_467,21.169531314252858,55.751790833649984
epigenomics_2365_filterContams_468,17.416485343039547,74.31261803139951
epigenomics_2365_filterContams_469,21.135626437658466,71.45923661426421
epigenomics_2365_filterContams_470,19.447032507708165,65.24951372475283
epigenomics_2365_filterContams_471,22.932388344505792,60.63609526134269
epigenomics_2365_filterContams_472,24.973909898963498,65.96284882798116
epigenomics_2365_filterContams_473,20.035935187399172,68.62426522877472
epigenomics_2365_filterContams_474,14.165712106486811,80.64696525229638
epigenomics_2365_filterContams_475,23.825160832238712,45.554590562218934
epigenomics_2365_filterContams_476,24.79700656325813,56.689755733129005
epigenomics_2365_filterContams_477,19.811651481494298,63.358724091659646
epigenomics_2365_filterContams_478,17.415477395495877,52.76843904469094
epigenomics_2365_filterContams_479,19.388141855504145,60.38384878306047
epigenomics_2365_filterContams_480,21.824684105166636,62.56780599971965
epigenomics_2365_filterContams_481,15.34521573659597,69.54973789504874
epigenomics_2365_filterContams_482,19.160958046622056,71.98105271901728
epigenomics_2365_filterContams_483,19.480633610660842,83.98684371404508
epigenomics_2365_filterContams_484,24.01781080363284,68.23254387211968
epigenomics_2365_filterContams_485,19.532485663587433,72.96849788501585
epigenomics_2365_filterContams_486,16.43863235018,53.980801638534345
epigenomics_2365_filterContams_487,17.630763630344024,57.46674617135873
epigenomics_2365_filterContams_488,19.181246761571472,69.18186676256371
epigenomics_2365_filterContams_489,23.486296332362752,67.37615127466191
epigenomics_2365_filterContams_490,22.902166936935497,62.52811660397844
epigenomics_2365_filterContams_491,20.465258428815023,61.22063316742174
epigenomics_2365_filterContams_492,17.712632226307353,77.40293933164142
epigenomics_2365_filterContams_493,20.6757284921714,49.145667728724455
epigenomics_2365_filterContams_494,18.909835222559106,65.03749524725698
epigenomics_2365_filterContams_495,26.951474710706076,60.49582082853974
epigenomics_2365_filterContams_496,23.73155492588377,70.18680861812408
epigenomics_2365_filterContams_497,24.195168174617567,57.87280305628928
epigenomics_2365_filterContams_498,23.00599149159774,63.084935290920356
epigenomics_2365_filterContams_499,18.286412270510983,68.00423604135844
epigenomics_2365_sol2sanger_0,83.29985891349011,45.55716713597921
epigenomics_2365_sol2sanger_1,81.75621133767643,43.17857628983279
epigenomics_2365_sol2sanger_2,71.11814250968149,50.241626404649665
epigenomics_2365_sol2sanger_3,70.64902772499815,43.08628504341676
epigenomics_2365_sol2sanger_4,86.17715228560034,37.29159506199007
epigenomics_2365_sol2sanger_5,76.27864160064257,38.404202724002886
epigenomics_2365_sol2sanger_6,76.757688653195,52.86810399823473
epigenomics_2365_sol2sanger_7,69.31978135111339,48.5668591537311
epigenomics_2365_sol2sanger_8,87.174203835749,35.223904114041126
epigenomics_2365_sol2sanger_9,82.23687674974931,63.15490632979892
epigenomics_2365_sol2sanger_10,75.67489053180819,39.84386849126179
epigenomics_2365_sol2sanger_11,74.36071462054753,41.64088834961042
epigenomics_2365_sol2sanger_12,73.05915902065064,49.87287006207809
epigenomics_2365_sol2sanger_13,77.2228231155703,46.905491208693405
epigenomics_2365_sol2sanger_14,87.1036467105429,43.608570529468594
epigenomics_2365_sol2sanger_15,73.9215141878155,28.829386187178446
epigenomics_2365_sol2sanger_16,83.82121005548353,45.940075203342204
epigenomics_2365_sol2sanger_17,83.7051419423289,59.33204811680437
epigenomics_2365_sol2sanger_18,76.36184918176781,34.8649902855525
epigenomics_2365_sol2sanger_19,71.4571252517646,44.98800017076078
epigenomics_2365_sol2sanger_20,83.25302874567578,38.676360346242504
epigenomics_2365_sol2sanger_21,78.07365315382232,24.93786315347935
epigenomics_2365_sol2sanger_22,84.43671921158715,48.22418061097722
epigenomics_2365_sol2sanger_23,86.19058047290791,47.64568370465645
epigenomics_2365_sol2sanger_24,78.99170000267841,52.654636755898764
epigenomics_2365_sol2sanger_25,76.6570910658131,49.11446645943757
epigenomics_2365_sol2sanger_26,89.5591938744448,40.02485786712826
epigenomics_2365_sol2sanger_27,77.793409899822,61.52649071951412
epigenomics_2365_sol2sanger_28,73.59447348973133,36.28630509318652
epigenomics_2365_sol2sanger_29,81.64526402561049,33.875631616041055
epigenomics_2365_sol2sanger_30,74.08899650452467,44.13076721495391
epigenomics_2365_sol2sanger_31,76.45934152023402,47.85921677630986
epigenomics_2365_sol2sanger_32,79.60519742350236,55.30068194839605
epigenomics_2365_sol2sanger_33,74.64565142725434,49.555290760397575
epigenomics_2365_sol2sanger_34,77.9236490571092,42.8428710435519
epigenomics_2365_sol2sanger_35,83.8495822087696,44.40751596417896
epigenomics_2365_sol2sanger_36,78.15682489219445,48.65556658860935
epigenomics_2365_sol2sanger_37,87.524071522288,52.595500240295785
epigenomics_2365_sol2sanger_38,74.94468474103745,34.96523091068525
epigenomics_2365_sol2sanger_39,71.49104140231856,49.04385312397539
epigenomics_2365_sol2sanger_40,77.98544971310697,30.418454957791404
epigenomics_2365_sol2sanger_41,74.15200584022536,36.8929376596385
epigenomics_2365_sol2sanger_42,86.28224348930216,36.72331191451656
epigenomics_2365_sol2sanger_43,76.64522531955849,54.98566295816544
epigenomics_2365_sol2sanger_44,76.15403128628178,39.91052639135997
epigenomics_2365_sol2sanger_45,75.01222312603117,54.212982884266125
epigenomics_2365_sol2sanger_46,72.78595954429883,50.90397850187089
epigenomics_2365_sol2sanger_47,78.73997417139513,54.02906982424898
epigenomics_2365_sol2sanger_48,77.88186053716268,48.68679167960726
epigenomics_2365_sol2sanger_49,72.40580291904719,40.29061058763689
epigenomics_2365_sol2sanger_50,67.60466074151495,33.34412255435083
epigenomics_2365_sol2sanger_51,82.16661463624077,56.500595785039025
epigenomics_2365_sol2sanger_52,80.93776429683906,51.265565111557535
epigenomics_2365_sol2sanger_53,87.43108337277262,47.90767025349775
epigenomics_2365_sol2sanger_54,70.80571853035396,43.59791992205083
epigenomics_2365_sol2sanger_55,82.39898637090064,42.16268504331949
epigenomics_2365_sol2sanger_56,76.47793366166812,43.91793978958992
epigenomics_2365_sol2sanger_57,86.52913799920542,43.60413304365574
epigenomics_2365_sol2sanger_58,70.55398220996265,47.2061844362431
epigenomics_2365_sol2sanger_59,81.8578914232644,48.97260048936467
epigenomics_2365_sol2sanger_60,78.11198267533241,39.684838941673625
epigenomics_2365_sol2sanger_61,80.12618443654328,44.06948678193905
epigenomics_2365_sol2sanger_62,80.67379101330863,46.773183634940416
epigenomics_2365_sol2sanger_63,77.81123164064387,51.07754326973351
epigenomics_2365_sol2sanger_64,84.92465830241771,40.28003353348084
epigenomics_2365_sol2sanger_65,86.23095630431739,49.22223718332458
epigenomics_2365_sol2sanger_66,79.41578714608836,49.98380755845591
epigenomics_2365_sol2sanger_67,78.17128630993301,51.290735988870345
epigenomics_2365_sol2sanger_68,85.79295999402876,39.51720694419924
epigenomics_2365_sol2sanger_69,71.58974871571503,37.57495126302528
epigenomics_2365_sol2sanger_70,85.10138402235673,38.16654283789543
epigenomics_2365_sol2sanger_71,71.55246967722438,43.75769231980833
epigenomics_2365_sol2sanger_72,84.29286661797666,42.36764095138242
epigenomics_2365_sol2sanger_73,69.15555249821927,48.250755210232846
epigenomics_2365_sol2sanger_74,78.65612500870755,39.912317896003366
epigenomics_2365_sol2sanger_75,84.36001445839663,52.95717061187125
epigenomics_2365_sol2sanger_76,80.19967955435008,54.996309762956145
epigenomics_2365_sol2sanger_77,81.99316908173144,39.072729342661674
epigenomics_2365_sol2sanger_78,75.45052984666823,38.81508699296675
epigenomics_2365_sol2sanger_79,74.97498448382555,55.51864108682576
epigenomics_2365_sol2sanger_80,75.65136419828185,46.21416246958613
epigenomics_2365_sol2sanger_81,86.17004242331518,49.60087900730325
epigenomics_2365_sol2sanger_82,81.93705939169372,37.852831197033446
epigenomics_2365_sol2sanger_83,83.38162080701026,51.64657272590045
epigenomics_2365_sol2sanger_84,92.23634845891283,40.17562677068723
epigenomics_2365_sol2sanger_85,72.24137007135145,55.93014647598984
epigenomics_2365_sol2sanger_86,81.54263843802829,33.65299455207375
epigenomics_2365_sol2sanger_87,83.27662184485293,49.34034778941279
epigenomics_2365_sol2sanger_88,76.63835931210825,48.51886108401934
epigenomics_2365_sol2sanger_89,90.18146001207727,47.53324923988758
epigenomics_2365_sol2sanger_90,81.51432982755664,51.48346936792421
epigenomics_2365_sol2sanger_91,77.02477660983091,39.44597440054993
epigenomics_2365_sol2sanger_92,80.59318466437813,43.321804232379435
epigenomics_2365_sol2sanger_93,83.80641212378447,41.44119750333684
epigenomics_2365_sol2sanger_94,86.78407478559376,49.19828312309376
epigenomics_2365_sol2sanger_95,75.92685187458574,31.563077860426414
epigenomics_2365_sol2sanger_96,88.62473939638151,51.89786666919508
epigenomics_2365_sol2sanger_97,87.14721477164697,50.760248233384644
epigenomics_2365_sol2sanger_98,78.497008557957,24.37585919457494
epigenomics_2365_sol2sanger_99,86.7699314338652,38.38589632616242
epigenomics_2365_sol2sanger_100,85.45482698547019,40.83596946319074
epigenomics_2365_sol2sanger_101,85.40557096217513,33.78465722518507
epigenomics_2365_sol2sanger_102,76.39627601507394,49.61655059848714
epigenomics_2365_sol2sanger_103,79.17996117455017,27.590450800114276
epigenomics_2365_sol2sanger_104,81.89889390756353,44.837454779310164
epigenomics_2365_sol2sanger_105,84.06973637885135,41.07564240783146
epigenomics_2365_sol2sanger_106,75.86452036589495,43.28783078353116
epigenomics_2365_sol2sanger_107,81.57261764020734,36.90755507115124
epigenomics_2365_sol2sanger_108,88.81420801232044,44.07595256071273
epigenomics_2365_sol2sanger_109,85.11860003117226,52.62406441437767
epigenomics_2365_sol2sanger_110,82.7752111932884,47.475986406852996
epigenomics_2365_sol2sanger_111,79.20859786740532,47.23283495710707
epigenomics_2365_sol2sanger_112,83.75927409820453,30.04431859169307
epigenomics_2365_sol2sanger_113,75.29159126853108,41.0565606095981
epigenomics_2365_sol2sanger_114,76.7295756534291,46.77812313063604
epigenomics_2365_sol2sanger_115,85.58633469976846,43.52223190222303
epigenomics_2365_sol2sanger_116,69.58216321830635,34.306365254376786
epigenomics_2365_sol2sanger_117,86.07512619261261,41.848243740981104
epigenomics_2365_sol2sanger_118,78.17152158415031,46.258741429192625
epigenomics_2365_sol2sanger_119,86.39110761867738,48.768929020808265
epigenomics_2365_sol2sanger_120,75.45336723301959,44.94735016931448
epigenomics_2365_sol2sanger_121,80.85061688516008,46.816618229657614
epigenomics_2365_sol2sanger_122,81.04173002074072,48.39096433106524
epigenomics_2365_sol2sanger_123,81.46128440611852,44.36076391730283
epigenomics_2365_sol2sanger_124,82.45391046673205,58.342575611885835
epigenomics_2365_sol2sanger_125,88.13562305476626,44.615119983625405
epigenomics_2365_sol2sanger_126,89.92089892731349,50.01111506769299
epigenomics_2365_sol2sanger_127,75.37872858502685,49.67396875183106
epigenomics_2365_sol2sanger_128,85.53098916396378,51.03041037809649
epigenomics_2365_sol2sanger_129,77.68914663977965,42.36449674503419
epigenomics_2365_sol2sanger_130,84.42665832791663,48.292968646968504
epigenomics_2365_sol2sanger_131,81.31134811848959,48.35602837534747
epigenomics_2365_sol2sanger_132,74.04990777416975,55.67332237448069
epigenomics_2365_sol2sanger_133,83.57505939546901,35.673660949018114
epigenomics_2365_sol2sanger_134,77.66096836656968,51.68852052921168
epigenomics_2365_sol2sanger_135,91.92727967668623,47.693047945825775
epigenomics_2365_sol2sanger_136,84.53511389465201,45.22337808141173
epigenomics_2365_sol2sanger_137,72.84255948253819,50.94209123550547
epigenomics_2365_sol2sanger_138,76.60246084931171,43.524889376554654
epigenomics_2365_sol2sanger_139,76.8665731509616,43.27963266530237
epigenomics_2365_sol2sanger_140,80.01588014678013,33.074239217706875
epigenomics_2365_sol2sanger_141,79.06609046751234,38.105526473062184
epigenomics_2365_sol2sanger_142,86.61437292646369,46.14106375381584
epigenomics_2365_sol2sanger_143,71.77016628162602,48.112123973691546
epigenomics_2365_sol2sanger_144,67.07881178961885,47.379149665289354
epigenomics_2365_sol2sanger_145,75.95721906536976,45.84320677205274
epigenomics_2365_sol2sanger_146,75.96816550613174,44.97090261866069
epigenomics_2365_sol2sanger_147,79.09956876758349,35.021144973713035
epigenomics_2365_sol2sanger_148,83.84615206579183,47.16071749456399
epigenomics_2365_sol2sanger_149,76.9785830555039,41.022781577432035
epigenomics_2365_sol2sanger_150,80.88853527271272,35.56305685577085
epigenomics_2365_sol2sanger_151,84.9810826171207,44.79963930178594
epigenomics_2365_sol2sanger_152,76.952564047171,48.35126002215247
epigenomics_2365_sol2sanger_153,86.03217142279217,49.23614281225527
epigenomics_2365_sol2sanger_154,77.08708846225642,46.532764199073654
epigenomics_2365_sol2sanger_155,86.1127019590239,48.92189909724653
epigenomics_2365_sol2sanger_156,78.46657931364655,34.28117964417793
epigenomics_2365_sol2sanger_157,87.78594600464265,42.15200928963322
epigenomics_2365_sol2sanger_158,75.45959534901084,26.66529924512581
epigenomics_2365_sol2sanger_159,82.71417806988937,46.583804793737805
epigenomics_2365_sol2sanger_160,74.81821207288189,50.87986115983139
epigenomics_2365_sol2sanger_161,89.89459974943081,44.77467362808832
epigenomics_2365_sol2sanger_162,80.93470126437005,53.689515327676375
epigenomics_2365_sol2sanger_163,73.89203550930077,45.16087470729632
epigenomics_2365_sol2sanger_164,82.88866232097104,45.09397305286761
epigenomics_2365_sol2sanger_165,77.4591216497982,47.98807748128208
epigenomics_2365_sol2sanger_166,82.77543401982864,32.49966016806189
epigenomics_2365_sol2sanger_167,83.58039809395895,56.84734281475797
epigenomics_2365_sol2sanger_168,81.83288664229643,46.9698237038214
epigenomics_2365_sol2sanger_169,76.37710674029587,48.07408220545773
epigenomics_2365_sol2sanger_170,73.80132423140337,55.98575341144938
epigenomics_2365_sol2sanger_171,78.99418381722548,48.46677109803269
epigenomics_2365_sol2sanger_172,83.71109284085549,48.1931956942901
epigenomics_2365_sol2sanger_173,84.6434139615617,47.498321662920205
epigenomics_2365_sol2sanger_174,77.20514134685007,57.8265378122566
epigenomics_2365_sol2sanger_175,80.7812655754521,41.2609189477114
epigenomics_2365_sol2sanger_176,77.13977973646428,41.749239299030734
epigenomics_2365_sol2sanger_177,82.66522989432019,46.26024216403086
epigenomics_2365_sol2sanger_178,75.90658700271429,58.84486029077314
epigenomics_2365_sol2sanger_179,76.79270869142267,40.750563919168144
epigenomics_2365_sol2sanger_180,77.69215808444915,39.225310968401
epigenomics_2365_sol2sanger_181,84.22437882415173,28.582299221620623
epigenomics_2365_sol2sanger_182,82.71905994295136,41.74312379146435
epigenomics_2365_sol2sanger_183,83.0675374701522,31.89808112083651
epigenomics_2365_sol2sanger_184,83.1079332719445,67.97560994089993
epigenomics_2365_sol2sanger_185,80.80296388494344,42.38787973405711
epigenomics_2365_sol2sanger_186,76.80949026905556,56.70729259199511
epigenomics_2365_sol2sanger_187,82.85293619192265,46.992818241256224
epigenomics_2365_sol2sanger_188,84.66910371064837,45.83233189483785
epigenomics_2365_sol2sanger_189,83.68012387941273,41.305892627282105
epigenomics_2365_sol2sanger_190,89.03191997545223,54.42132071765336
epigenomics_2365_sol2sanger_191,78.97030091586359,61.09668864668828
epigenomics_2365_sol2sanger_192,83.27452992009052,63.735391632735485
epigenomics_2365_sol2sanger_193,88.9334616662845,47.79804667845198
epigenomics_2365_sol2sanger_194,87.15453042541559,31.154941416228123
epigenomics_2365_sol2sanger_195,84.50683950437909,49.4995229146224
epigenomics_2365_sol2sanger_196,75.07478193076963,40.67068939903916
epigenomics_2365_sol2sanger_197,77.45358373849302,54.30736398848447
epigenomics_2365_sol2sanger_198,94.68705355202634,50.84791808516829
epigenomics_2365_sol2sanger_199,76.85532077665867,48.910782432502
epigenomics_2365_sol2sanger_200,75.69336782590567,47.129252615093016
epigenomics_2365_sol2sanger_201,80.41937149791434,48.24352956112507
epigenomics_2365_sol2sanger_202,72.84202696278264,57.40086994349326
epigenomics_2365_sol2sanger_203,81.85653523788844,46.96697505092741
epigenomics_2365_sol2sanger_204,80.75438685904057,37.93876976609477
epigenomics_2365_sol2sanger_205,78.33095464815429,42.32838037229631
epigenomics_2365_sol2sanger_206,77.18014383814076,32.82882408260504
epigenomics_2365_sol2sanger_207,81.38985368671807,33.43384347913239
epigenomics_2365_sol2sanger_208,79.64996151928605,45.429229962895036
epigenomics_2365_sol2sanger_209,81.48530274961159,44.26242849587854
epigenomics_2365_sol2sanger_210,77.38273333763263,64.42287933364054
epigenomics_2365_sol2sanger_211,79.64288307563011,41.308015606819545
epigenomics_2365_sol2sanger_212,82.6961562516549,55.75579687104843
epigenomics_2365_sol2sanger_213,80.45794943635396,47.85749880533311
epigenomics_2365_sol2sanger_214,82.2967620185617,35.74086339144175
epigenomics_2365_sol2sanger_215,68.26961882115502,43.224155928710644
epigenomics_2365_sol2sanger_216,78.6019611379121,54.30792893044901
epigenomics_2365_sol2sanger_217,72.29471525146285,45.37286819815687
epigenomics_2365_sol2sanger_218,84.92260672318511,44.96453514640024
epigenomics_2365_sol2sanger_219,73.63165883997694,44.65768859970851
epigenomics_2365_sol2sanger_220,77.30718086575196,38.95749761577357
epigenomics_2365_sol2sanger_221,85.5019831675888,51.11142523580345
epigenomics_2365_sol2sanger_222,78.4944923008734,30.592281881334273
epigenomics_2365_sol2sanger_223,73.21884514079665,53.0507323309175
epigenomics_2365_sol2sanger_224,90.755992111159,41.89101291565405
epigenomics_2365_sol2sanger_225,76.22888304411532,39.37705225742616
epigenomics_2365_sol2sanger_226,74.59622749707202,42.90921345310918
epigenomics_2365_sol2sanger_227,84.1815124843127,38.62751309965957
epigenomics_2365_sol2sanger_228,88.70455914257687,43.83235010392734
epigenomics_2365_sol2sanger_229,81.83399247466546,47.768072321658025
epigenomics_2365_sol2sanger_230,87.04291153116709,37.95035577900537
epigenomics_2365_sol2sanger_231,81.60942345251685,42.51699516858826
epigenomics_2365_sol2sanger_232,80.92392777906264,35.3683882138522
epigenomics_2365_sol2sanger_233,86.87662784415248,53.21760478766205
epigenomics_2365_sol2sanger_234,71.35282452692172,41.467873241510205
epigenomics_2365_sol2sanger_235,84.54507819193113,50.830075262915386
epigenomics_2365_sol2sanger_236,71.81929356896896,29.019736126857545
epigenomics_2365_sol2sanger_237,80.66519809831655,28.641983436411888
epigenomics_2365_sol2sanger_238,75.63981363418996,37.52138239193826
epigenomics_2365_sol2sanger_239,77.53387528264399,46.48138349561629
epigenomics_2365_sol2sanger_240,81.29205041074431,64.05242730055281
epigenomics_2365_sol2sanger_241,81.30779127243369,49.571938521273395
epigenomics_2365_sol2sanger_242,79.7461827048338,35.777724967007835
epigenomics_2365_sol2sanger_243,87.67832308368018,31.535692878082063
epigenomics_2365_sol2sanger_244,81.16441427896001,39.09168930943944
epigenomics_2365_sol2sanger_245,85.25488555172898,39.59595230325057
epigenomics_2365_sol2sanger_246,85.02821702772208,31.226941225114906
epigenomics_2365_sol2sanger_247,75.90251921943197,54.33380700710859
epigenomics_2365_sol2sanger_248,88.33237581915519,43.62318888136962
epigenomics_2365_sol2sanger_249,80.09803059024507,40.94282514723028
epigenomics_2365_sol2sanger_250,68.67911321842266,47.35410574684863
epigenomics_2365_sol2sanger_251,80.21398508233331,45.69958471424175
epigenomics_2365_sol2sanger_252,79.45001138237994,50.60831353042357
epigenomics_2365_sol2sanger_253,81.3621079820573,42.63145589503998
epigenomics_2365_sol2sanger_254,75.77007699224195,42.048859152318926
epigenomics_2365_sol2sanger_255,78.97806797205122,50.43329229219217
epigenomics_2365_sol2sanger_256,83.43555905407727,41.50839728001734
epigenomics_2365_sol2sanger_257,79.20434946321281,46.34547895812955
epigenomics_2365_sol2sanger_258,70.08481575521719,36.8785166547421
epigenomics_2365_sol2sanger_259,83.32008767842443,54.27390260390567
epigenomics_2365_sol2sanger_260,85.69280824993848,50.80264062147266
epigenomics_2365_sol2sanger_261,79.23847016242829,34.382034784562606
epigenomics_2365_sol2sanger_262,71.55784197710805,36.746150414200514
epigenomics_2365_sol2sanger_263,75.43290403244588,44.67643313906637
epigenomics_2365_sol2sanger_264,88.10249464642372,39.04991775812099
epigenomics_2365_sol2sanger_265,79.08747152941034,45.72556794280527
epigenomics_2365_sol2sanger_266,79.30236505811956,28.322896933634876
epigenomics_2365_sol2sanger_267,82.34268413411553,41.86337582587996
epigenomics_2365_sol2sanger_268,85.58503643304142,37.41870481717486
epigenomics_2365_sol2sanger_269,68.49624147410906,42.74672218525691
epigenomics_2365_sol2sanger_270,74.46307279929965,36.035883788735376
epigenomics_2365_sol2sanger_271,71.17620180506303,48.30188844037748
epigenomics_2365_sol2sanger_272,82.58657168687263,40.218790673086694
epigenomics_2365_sol2sanger_273,78.66748137697289,52.62361143364158
epigenomics_2365_sol2sanger_274,76.07766434986385,53.63930570637746
epigenomics_2365_sol2sanger_275,82.00131521432392,40.9621702904672
epigenomics_2365_sol2sanger_276,77.14954743503623,55.87362423012657
epigenomics_2365_sol2sanger_277,85.19751537322074,54.018397798283445
epigenomics_2365_sol2sanger_278,75.27593342498699,49.70392122033519
epigenomics_2365_sol2sanger_279,79.4344827487366,43.347308021267786
epigenomics_2365_sol2sanger_280,81.26786609280761,53.51255559554233
epigenomics_2365_sol2sanger_281,88.31119515592587,37.25198514618764
epigenomics_2365_sol2sanger_282,71.08855828801974,32.9327239661622
epigenomics_2365_sol2sanger_283,78.6245809090354,43.98807943844524
epigenomics_2365_sol2sanger_284,90.37320480837087,55.96574602816031
epigenomics_2365_sol2sanger_285,81.0359116131756,36.96804688859089
epigenomics_2365_sol2sanger_286,80.51876723149977,50.92686668263077
epigenomics_2365_sol2sanger_287,72.80290060817872,46.4636150279162
epigenomics_2365_sol2sanger_288,74.26771710232669,53.983676541291665
epigenomics_2365_sol2sanger_289,80.05984903076667,42.965922960713854
epigenomics_2365_sol2sanger_290,79.51709858192338,48.90960429981287
epigenomics_2365_sol2sanger_291,70.06905996017787,32.1653934998964
epigenomics_2365_sol2sanger_292,88.00500588706588,35.42067743420802
epigenomics_2365_sol2sanger_293,74.15974059087856,45.71738392860612
epigenomics_2365_sol2sanger_294,79.3882223945867,48.04210994374565
epigenomics_2365_sol2sanger_295,78.54222717262468,59.75326934131313
epigenomics_2365_sol2sanger_296,79.9869869264251,33.471085120962435
epigenomics_2365_sol2sanger_297,77.63872556703001,59.410668046373274
epigenomics_2365_sol2sanger_298,87.1620959705655,47.60795245935134
epigenomics_2365_sol2sanger_299,73.39173818460367,53.74550074929275
epigenomics_2365_sol2sanger_300,81.2409596936254,44.131502424015835
epigenomics_2365_sol2sanger_301,80.61173164265145,55.54198286659678
epigenomics_2365_sol2sanger_302,72.04777979277593,39.16553799629403
epigenomics_2365_sol2sanger_303,84.60123166288784,31.976759707367748
epigenomics_2365_sol2sanger_304,77.61304247000979,56.04447080271097
epigenomics_2365_sol2sanger_305,77.04624041436098,70.24969233259486
epigenomics_2365_sol2sanger_306,72.88475077361531,61.02913048639207
epigenomics_2365_sol2sanger_307,82.07416198760556,46.97787894914562
epigenomics_2365_sol2sanger_308,82.82215275225596,46.82788632958376
epigenomics_2365_sol2sanger_309,76.22250219680184,46.22276679023622
epigenomics_2365_sol2sanger_310,84.75309139140022,38.55139090749722
epigenomics_2365_sol2sanger_311,73.41179862191504,41.12858819769879
epigenomics_2365_sol2sanger_312,83.06765806023239,41.7974089851124
epigenomics_2365_sol2sanger_313,79.28686166726114,50.9490071988942
epigenomics_2365_sol2sanger_314,77.45314346463297,19.893198951099862
epigenomics_2365_sol2sanger_315,74.22454611882992,40.538459527403255
epigenomics_2365_sol2sanger_316,89.76970223111486,45.85621453846814
epigenomics_2365_sol2sanger_317,74.11051727306473,36.10706873164462
epigenomics_2365_sol2sanger_318,75.73918415297653,37.32779912936959
epigenomics_2365_sol2sanger_319,76.54251159074236,47.99266215366389
epigenomics_2365_sol2sanger_320,76.66237969578383,41.53386861300972
epigenomics_2365_sol2sanger_321,73.85303715692584,42.114978674816726
epigenomics_2365_sol2sanger_322,83.25181115976092,50.265438237116925
epigenomics_2365_sol2sanger_323,82.55122745330712,37.22185410319103
epigenomics_2365_sol2sanger_324,73.86604663047214,36.471822672503876
epigenomics_2365_sol2sanger_325,78.56819869187025,42.88520984529306
epigenomics_2365_sol2sanger_326,76.69578822678022,47.77407542259148
epigenomics_2365_sol2sanger_327,80.55740809343799,44.589051253352984
epigenomics_2365_sol2sanger_328,77.6323899508489,38.81028176047188
epigenomics_2365_sol2sanger_329,80.49335757184392,56.42656083793299
epigenomics_2365_sol2sanger_330,77.32410025508716,48.62126238869396
epigenomics_2365_sol2sanger_331,80.57693873455894,50.09356285832688
epigenomics_2365_sol2sanger_332,85.40888975545663,42.537759392964404
epigenomics_2365_sol2sanger_333,87.248479433102,42.050227401449035
epigenomics_2365_sol2sanger_334,69.0168256513039,33.26493989652056
epigenomics_2365_sol2sanger_335,80.69526155439792,29.54251983640927
epigenomics_2365_sol2sanger_336,79.30496803176126,44.889524474134994
epigenomics_2365_sol2sanger_337,67.76678685232363,32.21054022018245
epigenomics_2365_sol2sanger_338,77.384016413459,42.54640041082561
epigenomics_2365_sol2sanger_339,78.92851010201737,24.852236737075906
epigenomics_2365_sol2sanger_340,75.60887800355678,41.590595219716164
epigenomics_2365_sol2sanger_341,74.17488647466027,30.80252804529249
epigenomics_2365_sol2sanger_342,75.86276772665504,48.26399393074495
epigenomics_2365_sol2sanger_343,86.1925013187915,67.36477658747455
epigenomics_2365_sol2sanger_344,82.99849868495508,26.366984306027366
epigenomics_2365_sol2sanger_345,75.6841316070248,49.5498040275343
epigenomics_2365_sol2sanger_346,77.67277887761173,29.126467040385986
epigenomics_2365_sol2sanger_347,85.3731860081135,48.43145020837054
epigenomics_2365_sol2sanger_348,81.51828811856466,51.24054775142923
epigenomics_2365_sol2sanger_349,76.49403560251339,59.84200268775968
epigenomics_2365_sol2sanger_350,83.09067631617567,39.460210153680976
epigenomics_2365_sol2sanger_351,73.11770201759707,46.03788268630515
epigenomics_2365_sol2sanger_352,78.53253580784755,56.65557688355003
epigenomics_2365_sol2sanger_353,82.63006886621214,39.17318203724549
epigenomics_2365_sol2sanger_354,80.0173963031647,40.27155363726519
epigenomics_2365_sol2sanger_355,85.78254356535462,47.91986543613397
epigenomics_2365_sol2sanger_356,81.02937003092347,36.68970255823396
epigenomics_2365_sol2sanger_357,85.74388351163539,48.64359157387712
epigenomics_2365_sol2sanger_358,81.75782446377852,60.40942824292429
epigenomics_2365_sol2sanger_359,79.14435555656986,39.35015425042141
epigenomics_2365_sol2sanger_360,78.6036645682787,50.5978820293123
epigenomics_2365_sol2sanger_361,84.66842602592438,52.88774220306534
epigenomics_2365_sol2sanger_362,87.54682042400239,51.92498096344223
epigenomics_2365_sol2sanger_363,72.23633105764563,43.00691354535542
epigenomics_2365_sol2sanger_364,77.76685522638311,40.272272637781896
epigenomics_2365_sol2sanger_365,88.95632384122308,31.087689730168464
epigenomics_2365_sol2sanger_366,75.59887527819664,34.810577847892716
epigenomics_2365_sol2sanger_367,75.19320596542434,49.926098433058044
epigenomics_2365_sol2sanger_368,76.1257334474812,44.59200235652359
epigenomics_2365_sol2sanger_369,78.1148750379445,39.94220225558442
epigenomics_2365_sol2sanger_370,83.1132031859844,22.882885453835506
epigenomics_2365_sol2sanger_371,81.58978194852321,51.73230406800201
epigenomics_2365_sol2sanger_372,86.65052035816878,50.91809591038602
epigenomics_2365_sol2sanger_373,82.88347098396308,50.388974766987644
epigenomics_2365_sol2sanger_374,82.03200545823779,51.59067948638561
epigenomics_2365_sol2sanger_375,83.38890776885559,42.773646608057504
epigenomics_2365_sol2sanger_376,66.90161051810284,65.76541714490756
epigenomics_2365_sol2sanger_377,81.08164928989306,54.14911241036667
epigenomics_2365_sol2sanger_378,85.57277614563469,58.46359712053361
epigenomics_2365_sol2sanger_379,80.28795791744766,51.83811636649633
epigenomics_2365_sol2sanger_380,78.40627542811514,27.161998991480967
epigenomics_2365_sol2sanger_381,82.74727472876094,35.15207410941604
epigenomics_2365_sol2sanger_382,80.13547184395873,48.732191464913384
epigenomics_2365_sol2sanger_383,83.37198548222256,42.95829412777193
epigenomics_2365_sol2sanger_384,77.34696368633357,48.66429328936931
epigenomics_2365_sol2sanger_385,82.64292837386199,49.566907994712004
epigenomics_2365_sol2sanger_386,85.60557780704173,51.185637410830616
epigenomics_2365_sol2sanger_387,83.26090913624175,37.849571938268696
epigenomics_2365_sol2sanger_388,80.4692931146174,43.28659493514266
epigenomics_2365_sol2sanger_389,78.20310321620427,47.44350810089682
epigenomics_2365_sol2sanger_390,82.68661147518279,42.48564616234504
epigenomics_2365_sol2sanger_391,81.43839767954513,52.953916250457404
epigenomics_2365_sol2sanger_392,81.61148028248945,42.554346361739576
epigenomics_2365_sol2sanger_393,82.15026687014944,40.41445583908751
epigenomics_2365_sol2sanger_394,83.31709494818095,46.57900983198423
epigenomics_2365_sol2sanger_395,89.11652714468028,59.92026155187999
epigenomics_2365_sol2sanger_396,81.25109912750477,42.79816693526105
epigenomics_2365_sol2sanger_397,80.59112057649286,41.666830495957996
epigenomics_2365_sol2sanger_398,85.89373686614661,37.72168267562564
epigenomics_2365_sol2sanger_399,81.72030087099238,53.328699749636314
epigenomics_2365_sol2sanger_400,83.04131279533922,41.07463093680934
epigenomics_2365_sol2sanger_401,82.41092470156106,42.55458590275593
epigenomics_2365_sol2sanger_402,81.2090163062326,47.40672206031868
epigenomics_2365_sol2sanger_403,73.37747780593716,45.97174843158383
epigenomics_2365_sol2sanger_404,82.713451447697,52.53990109542719
epigenomics_2365_sol2sanger_405,87.38058114465967,54.184673566331895
epigenomics_2365_sol2sanger_406,71.39814110535575,46.573858400680734
epigenomics_2365_sol2sanger_407,83.3918093162302,48.930402382343885
epigenomics_2365_sol2sanger_408,82.98263753263306,34.79174379812411
epigenomics_2365_sol2sanger_409,88.39168001829476,33.46709898537992
epigenomics_2365_sol2sanger_410,78.8815819738115,46.151275889665826
epigenomics_2365_sol2sanger_411,83.3901545967626,70.46667528642834
epigenomics_2365_sol2sanger_412,85.54551287802356,44.781600264062654
epigenomics_2365_sol2sanger_413,77.86483474897669,30.58067843268396
epigenomics_2365_sol2sanger_414,85.79498439207075,43.65064446963335
epigenomics_2365_sol2sanger_415,87.27998269721273,31.57961471945056
epigenomics_2365_sol2sanger_416,82.56635424477669,55.13590138323718
epigenomics_2365_sol2sanger_417,83.03063309186584,53.59722463101868
epigenomics_2365_sol2sanger_418,84.07795615894602,42.77136445639767
epigenomics_2365_sol2sanger_419,82.09942129847246,45.21119864103763
epigenomics_2365_sol2sanger_420,84.88042778438194,55.6497110803439
epigenomics_2365_sol2sanger_421,84.79798523109561,48.40441522845482
epigenomics_2365_sol2sanger_422,75.27495406630847,34.059479455405295
epigenomics_2365_sol2sanger_423,75.05665004973001,48.709642811168194
epigenomics_2365_sol2sanger_424,80.97214621300112,37.933908610391065
epigenomics_2365_sol2sanger_425,84.13651171005394,53.664677088407814
epigenomics_2365_sol2sanger_426,77.19734824147248,47.714003009633494
epigenomics_2365_sol2sanger_427,71.53792106785669,52.29532031658909
epigenomics_2365_sol2sanger_428,79.65416911160519,48.74759745316489
epigenomics_2365_sol2sanger_429,86.31410853101907,36.84646070115819
epigenomics_2365_sol2sanger_430,79.1323497661358,51.84944784550327
epigenomics_2365_sol2sanger_431,79.14387182024109,35.4676647664654
epigenomics_2365_sol2sanger_432,81.96184130785872,51.77681461010711
epigenomics_2365_sol2sanger_433,72.946070459374,32.25253271013008
epigenomics_2365_sol2sanger_434,79.51731771642703,57.24173633313949
epigenomics_2365_sol2sanger_435,86.277105752114,35.83661291032791
epigenomics_2365_sol2sanger_436,76.71415131629789,47.987912790687005
epigenomics_2365_sol2sanger_437,77.50572026735011,46.062547805796164
epigenomics_2365_sol2sanger_438,75.11798385212948,49.20453612651681
epigenomics_2365_sol2sanger_439,74.15220218242753,42.3122292950158
epigenomics_2365_sol2sanger_440,81.17778944478535,33.11924099921626
epigenomics_2365_sol2sanger_441,78.22417667064309,44.01263289898238
epigenomics_2365_sol2sanger_442,81.77971005149942,43.78915185373462
epigenomics_2365_sol2sanger_443,67.97281129485475,41.44467237325189
epigenomics_2365_sol2sanger_444,72.94055035703866,42.951984414379645
epigenomics_2365_sol2sanger_445,84.05438667813488,45.16103553110898
epigenomics_2365_sol2sanger_446,84.17729579410677,39.72313040845722
epigenomics_2365_sol2sanger_447,74.28915131728621,60.849062324330916
epigenomics_2365_sol2sanger_448,82.26476973600765,40.87008892614207
epigenomics_2365_sol2sanger_449,85.3214485952421,50.60277005602472
epigenomics_2365_sol2sanger_450,77.3435423659557,34.077981190867916
epigenomics_2365_sol2sanger_451,79.26907897313691,34.66170328791723
epigenomics_2365_sol2sanger_452,74.32715065176525,51.821516754660294
epigenomics_2365_sol2sanger_453,79.4738560464129,43.671156180743715
epigenomics_2365_sol2sanger_454,86.03631867882834,37.26337525497376
epigenomics_2365_sol2sanger_455,71.63736773874622,46.69240082660387
epigenomics_2365_sol2sanger_456,77.09303913758856,52.896018196483865
epigenomics_2365_sol2sanger_457,71.03446433048416,34.02723536255909
epigenomics_2365_sol2sanger_458,82.88492944143329,51.86617721932403
epigenomics_2365_sol2sanger_459,73.02817672232854,53.164035481541795
epigenomics_2365_sol2sanger_460,80.46223302262429,41.99127962957849
epigenomics_2365_sol2sanger_461,93.89232610878491,35.54760253282638
epigenomics_2365_sol2sanger_462,73.37571051313994,45.06381511145489
epigenomics_2365_sol2sanger_463,72.7484885562431,42.24963101595128
epigenomics_2365_sol2sanger_464,82.55896614336085,43.811567993942255
epigenomics_2365_sol2sanger_465,74.00231787668508,48.997326877366376
epigenomics_2365_sol2sanger_466,66.11084604638565,36.577459096713206
epigenomics_2365_sol2sanger_467,78.70504991258045,48.271772264295265
epigenomics_2365_sol2sanger_468,82.28403855666278,34.04821340473288
epigenomics_2365_sol2sanger_469,71.78462578190297,54.573943862998945
epigenomics_2365_sol2sanger_470,91.34529084132888,40.06487298245897
epigenomics_2365_sol2sanger_471,91.02255020930991,48.8514143823503
epigenomics_2365_sol2sanger_472,85.63270960994187,28.959982318996357
epigenomics_2365_sol2sanger_473,77.28568237541472,47.69099457268156
epigenomics_2365_sol2sanger_474,79.80106601739612,40.21276355124194
epigenomics_2365_sol2sanger_475,79.79867838659395,33.87048156194703
epigenomics_2365_sol2sanger_476,86.2180363429082,43.86011654697606
epigenomics_2365_sol2sanger_477,84.23482477467746,44.33650666340587
epigenomics_2365_sol2sanger_478,84.91539823823086,47.00401194296603
epigenomics_2365_sol2sanger_479,82.97966394308135,44.19970258455345
epigenomics_2365_sol2sanger_480,73.58251893019113,27.086667060604107
epigenomics_2365_sol2sanger_481,76.73024640069555,40.378131890780054
epigenomics_2365_sol2sanger_482,72.15062132515752,34.83551301741324
epigenomics_2365_sol2sanger_483,77.96466005595278,42.39673615011633
epigenomics_2365_sol2sanger_484,79.61026832610378,59.888288554787785
epigenomics_2365_sol2sanger_485,81.07447922081143,50.99991402782385
epigenomics_2365_sol2sanger_486,76.94513633742766,35.531427093774774
epigenomics_2365_sol2sanger_487,88.55483942989133,34.11853875583685
epigenomics_2365_sol2sanger_488,79.71382655786014,40.1347113703359
epigenomics_2365_sol2sanger_489,85.03346269214913,39.039403535552864
epigenomics_2365_sol2sanger_490,78.82372774910725,36.90090786095904
epigenomics_2365_sol2sanger_491,81.45618133459097,63.377963395671344
epigenomics_2365_sol2sanger_492,73.02684247084007,59.79372404995384
epigenomics_2365_sol2sanger_493,82.8148714969795,47.182227132431294
epigenomics_2365_sol2sanger_494,91.1434676525655,57.69228677398382
epigenomics_2365_sol2sanger_495,81.55796832773113,51.92274248713936
epigenomics_2365_sol2sanger_496,79.22826084785228,50.40294298401696
epigenomics_2365_sol2sanger_497,75.45030265428,35.05222731303124
epigenomics_2365_sol2sanger_498,77.26689124310008,32.42772814290257
epigenomics_2365_sol2sanger_499,71.56692912593672,38.58348842209648
epigenomics_2365_fast2bfq_0,45.07064177818174,94.20947474005152
epigenomics_2365_fast2bfq_1,42.69072671548246,80.27124883866553
epigenomics_2365_fast2bfq_2,53.052767739979345,74.18423835082832
epigenomics_2365_fast2bfq_3,47.17957245133057,90.38966255261008
epigenomics_2365_fast2bfq_4,43.40731183993836,86.6654738695742
epigenomics_2365_fast2bfq_5,35.62005248462063,80.36509111916267
epigenomics_2365_fast2bfq_6,41.272889183553154,83.90859777885912
epigenomics_2365_fast2bfq_7,49.850493339374,76.4133084760698
epigenomics_2365_fast2bfq_8,36.836606233857935,71.76235824919452
epigenomics_2365_fast2bfq_9,39.96539479343018,77.68950291535741
epigenomics_2365_fast2bfq_10,24.898129912087278,66.2678034810256
epigenomics_2365_fast2bfq_11,42.45454889089895,65.97218173837318
epigenomics_2365_fast2bfq_12,38.32592107774336,85.90205781566605
epigenomics_2365_fast2bfq_13,41.50807524216716,74.33072830618684
epigenomics_2365_fast2bfq_14,37.07563539736423,90.28631871782524
epigenomics_2365_fast2bfq_15,39.95786793022546,85.2462069207016
epigenomics_2365_fast2bfq_16,51.352393933275614,63.98684537369869
epigenomics_2365_fast2bfq_17,36.65084849184467,81.53976210330637
epigenomics_2365_fast2bfq_18,48.516923637047476,87.26206229156436
epigenomics_2365_fast2bfq_19,38.64247928140241,86.71021124312628
epigenomics_2365_fast2bfq_20,41.68032461850475,79.3105021147195
epigenomics_2365_fast2bfq_21,50.489380431219004,83.35113284866888
epigenomics_2365_fast2bfq_22,60.08272730760798,85.192411640128
epigenomics_2365_fast2bfq_23,46.0358087114916,68.18266404421689
epigenomics_2365_fast2bfq_24,46.27977379408521,85.65803073980948
epigenomics_2365_fast2bfq_25,46.500853439460855,75.76547360937754
epigenomics_2365_fast2bfq_26,37.66820109049071,85.86493389880555
epigenomics_2365_fast2bfq_27,46.81650795858787,75.78202873476418
epigenomics_2365_fast2bfq_28,46.129293374324334,80.53121936426561
epigenomics_2365_fast2bfq_29,43.63433532306073,76.01327234821835
epigenomics_2365_fast2bfq_30,49.08028819301626,87.11958248762184
epigenomics_2365_fast2bfq_31,46.83099135323453,92.43038098207768
epigenomics_2365_fast2bfq_32,47.963158187214034,74.86570308696032
epigenomics_2365_fast2bfq_33,41.49794601827474,86.49449611592843
epigenomics_2365_fast2bfq_34,54.21077377085901,92.77801574533848
epigenomics_2365_fast2bfq_35,38.3026397438267,75.63302145418379
epigenomics_2365_fast2bfq_36,49.56117540061704,77.82248085522137
epigenomics_2365_fast2bfq_37,45.85599582667934,81.58010858519408
epigenomics_2365_fast2bfq_38,52.24745069394852,66.43582093327682
epigenomics_2365_fast2bfq_39,44.526498757452934,72.40322247802362
epigenomics_2365_fast2bfq_40,36.83472700788954,72.56661041241742
epigenomics_2365_fast2bfq_41,49.63852626771666,84.70200076134572
epigenomics_2365_fast2bfq_42,54.3035132972334,83.02722907367585
epigenomics_2365_fast2bfq_43,46.02304273871945,82.26061059106254
epigenomics_2365_fast2bfq_44,45.01095048704054,64.97010872285492
epigenomics_2365_fast2bfq_45,50.63227177468648,77.861695034593
epigenomics_2365_fast2bfq_46,57.40877581298341,79.29513997888158
epigenomics_2365_fast2bfq_47,46.18644377701916,93.22291183206289
epigenomics_2365_fast2bfq_48,42.557637475858,77.19055152245149
epigenomics_2365_fast2bfq_49,47.89500477935375,73.38958065635425
epigenomics_2365_fast2bfq_50,44.072002540547146,71.92626775778076
epigenomics_2365_fast2bfq_51,49.656714511174734,85.05686893717812
epigenomics_2365_fast2bfq_52,42.06187835000904,84.28066141150077
epigenomics_2365_fast2bfq_53,39.585136287747545,68.78727491893596
epigenomics_2365_fast2bfq_54,35.67972637128206,83.70322489530999
epigenomics_2365_fast2bfq_55,56.09436864393059,71.93417669579961
epigenomics_2365_fast2bfq_56,49.06063350464033,72.88391614356813
epigenomics_2365_fast2bfq_57,45.655954663762095,79.64774652662857
epigenomics_2365_fast2bfq_58,41.99962854471942,73.86778227448119
epigenomics_2365_fast2bfq_59,52.87876149954515,78.91937690237906
epigenomics_2365_fast2bfq_60,56.36070553717412,84.02777365812162
epigenomics_2365_fast2bfq_61,45.2359845879629,73.33598397947662
epigenomics_2365_fast2bfq_62,40.46980113959682,70.24298930941092
epigenomics_2365_fast2bfq_63,53.59326631800279,94.1370147512821
epigenomics_2365_fast2bfq_64,50.184388624299395,86.11194802763315
epigenomics_2365_fast2bfq_65,50.82719020566783,77.54507967078763
epigenomics_2365_fast2bfq_66,41.58528341687268,81.07345093930499
epigenomics_2365_fast2bfq_67,53.64228647746171,81.11390031633202
epigenomics_2365_fast2bfq_68,56.479864671143446,82.55221257516898
epigenomics_2365_fast2bfq_69,39.92644813723246,83.47433504594889
epigenomics_2365_fast2bfq_70,42.37377219543518,84.80649577370284
epigenomics_2365_fast2bfq_71,46.74003889606318,79.78071470512747
epigenomics_2365_fast2bfq_72,39.815384530639655,69.93894252779056
epigenomics_2365_fast2bfq_73,43.140130961108895,66.32319766838128
epigenomics_2365_fast2bfq_74,42.00372781531495,70.72413206919573
epigenomics_2365_fast2bfq_75,40.872805266996714,74.92185449478306
epigenomics_2365_fast2bfq_76,51.17732448263903,83.51437704057865
epigenomics_2365_fast2bfq_77,49.06470925444654,72.75724109375965
epigenomics_2365_fast2bfq_78,53.502454064371406,81.63405890107553
epigenomics_2365_fast2bfq_79,44.56698073597421,71.75679884543321
epigenomics_2365_fast2bfq_80,45.273537030180236,89.47836723635484
epigenomics_2365_fast2bfq_81,51.243437416051655,72.9204808500515
epigenomics_2365_fast2bfq_82,47.576475838404924,81.9654985957361
epigenomics_2365_fast2bfq_83,36.35702293463074,79.37309312585066
epigenomics_2365_fast2bfq_84,53.88730755198462,81.26708423023494
epigenomics_2365_fast2bfq_85,45.142593583484896,77.50474052469009
epigenomics_2365_fast2bfq_86,55.49545613852855,75.56026161231398
epigenomics_2365_fast2bfq_87,50.07853010420961,73.94183320776993
epigenomics_2365_fast2bfq_88,50.974399513263364,94.56824684702106
epigenomics_2365_fast2bfq_89,34.72116733699181,91.35718625453676
epigenomics_2365_fast2bfq_90,43.729372639461204,81.78877663567768
epigenomics_2365_fast2bfq_91,51.220703982442046,86.4648739388538
epigenomics_2365_fast2bfq_92,52.71630896747099,77.0784772246752
epigenomics_2365_fast2bfq_93,39.66093083010644,81.22273218284425
epigenomics_2365_fast2bfq_94,40.752490963693255,67.88483920300766
epigenomics_2365_fast2bfq_95,34.20395848968817,91.39396514682117
epigenomics_2365_fast2bfq_96,37.30283020228279,68.8574562303317
epigenomics_2365_fast2bfq_97,59.91910048243406,62.29416432046368
epigenomics_2365_fast2bfq_98,46.11922054542027,78.3953523717398
epigenomics_2365_fast2bfq_99,33.333920573097224,82.16585811767935
epigenomics_2365_fast2bfq_100,53.56300020965999,79.30068216418006
epigenomics_2365_fast2bfq_101,39.75092405423316,80.19566532119737
epigenomics_2365_fast2bfq_102,43.1310676430198,69.74576332584546
epigenomics_2365_fast2bfq_103,52.8820002009785,83.78631444461091
epigenomics_2365_fast2bfq_104,57.79980812060194,79.50700212071729
epigenomics_2365_fast2bfq_105,50.50852933663967,72.61308154153802
epigenomics_2365_fast2bfq_106,47.13847922815713,81.17754598400009
epigenomics_2365_fast2bfq_107,45.817484006343015,70.49306741291154
epigenomics_2365_fast2bfq_108,37.06030506951612,77.9223882071362
epigenomics_2365_fast2bfq_109,65.36844388479611,75.95463222470532
epigenomics_2365_fast2bfq_110,43.556905326184584,80.4501952682348
epigenomics_2365_fast2bfq_111,38.81820533263129,79.92249004801006
epigenomics_2365_fast2bfq_112,47.23192827828113,66.20007382443909
epigenomics_2365_fast2bfq_113,41.22110450815241,81.08634714010657
epigenomics_2365_fast2bfq_114,45.46235817690138,58.20424013432424
epigenomics_2365_fast2bfq_115,41.396042535338154,77.09055662009261
epigenomics_2365_fast2bfq_116,35.41822503781286,77.94026475292756
epigenomics_2365_fast2bfq_117,45.60639210694653,72.02906418741226
epigenomics_2365_fast2bfq_118,45.51111105457773,88.0480642927065
epigenomics_2365_fast2bfq_119,55.29209737244423,72.82669988253298
epigenomics_2365_fast2bfq_120,42.30969710432562,74.70251036724562
epigenomics_2365_fast2bfq_121,54.252900945525184,86.89131978853781
epigenomics_2365_fast2bfq_122,56.6223380492992,84.25567454662647
epigenomics_2365_fast2bfq_123,44.90724032845894,76.16434635572334
epigenomics_2365_fast2bfq_124,46.275744112128976,96.31617270650335
epigenomics_2365_fast2bfq_125,33.2476679300289,80.68722541098961
epigenomics_2365_fast2bfq_126,47.14784501021769,78.70634336000288
epigenomics_2365_fast2bfq_127,45.80285212139812,84.80265458220546
epigenomics_2365_fast2bfq_128,45.487043739850776,89.39497628493224
epigenomics_2365_fast2bfq_129,54.89541048415664,72.85926699517019
epigenomics_2365_fast2bfq_130,54.77360871731129,80.75061563819168
epigenomics_2365_fast2bfq_131,31.341547776487275,79.07046153324949
epigenomics_2365_fast2bfq_132,34.02235815315309,80.65938736903864
epigenomics_2365_fast2bfq_133,44.105277647990015,96.31215690751876
epigenomics_2365_fast2bfq_134,36.53840946796516,73.4151250865108
epigenomics_2365_fast2bfq_135,37.88651070612754,71.0341531232256
epigenomics_2365_fast2bfq_136,41.8421757994895,91.09244891505017
epigenomics_2365_fast2bfq_137,51.286533834617316,82.57393854419391
epigenomics_2365_fast2bfq_138,46.625878337507416,74.73138177793786
epigenomics_2365_fast2bfq_139,48.910410357211184,76.46332134747648
epigenomics_2365_fast2bfq_140,48.88751716262587,65.01169659142103
epigenomics_2365_fast2bfq_141,58.65561845268653,81.24784023860481
epigenomics_2365_fast2bfq_142,40.40399921134742,77.88471975452185
epigenomics_2365_fast2bfq_143,53.083834412703084,75.74214287418975
epigenomics_2365_fast2bfq_144,37.988205479841014,74.93157907783798
epigenomics_2365_fast2bfq_145,53.218123710949804,76.8757039793268
epigenomics_2365_fast2bfq_146,37.014188471539605,75.39743552509665
epigenomics_2365_fast2bfq_147,39.26842577800225,78.97369765064504
epigenomics_2365_fast2bfq_148,37.81960270942634,89.94871404407434
epigenomics_2365_fast2bfq_149,38.97500276422277,86.5019292499759
epigenomics_2365_fast2bfq_150,49.12628121838735,70.47178457109108
epigenomics_2365_fast2bfq_151,37.14010158402472,76.21351210671453
epigenomics_2365_fast2bfq_152,48.18518152452464,81.66749421158293
epigenomics_2365_fast2bfq_153,46.82021012351673,67.26858877744466
epigenomics_2365_fast2bfq_154,49.37429737858343,84.30952061468699
epigenomics_2365_fast2bfq_155,44.923448504836934,83.89278695569152
epigenomics_2365_fast2bfq_156,43.910782848269335,83.38380183364438
epigenomics_2365_fast2bfq_157,41.426030781989034,85.37885111685331
epigenomics_2365_fast2bfq_158,40.087014481521095,75.94325951860164
epigenomics_2365_fast2bfq_159,50.671968282944505,81.9768016595697
epigenomics_2365_fast2bfq_160,56.936443209950355,78.29461095680223
epigenomics_2365_fast2bfq_161,46.622745146909566,85.29141991211348
epigenomics_2365_fast2bfq_162,41.61106083155246,84.2598553772761
epigenomics_2365_fast2bfq_163,43.28149772952688,75.02292904126558
epigenomics_2365_fast2bfq_164,41.82316279147041,83.20062774839457
epigenomics_2365_fast2bfq_165,42.929413669566046,82.05073952029517
epigenomics_2365_fast2bfq_166,44.95195329587257,75.57652694969158
epigenomics_2365_fast2bfq_167,45.78286201968801,84.83124043568662
epigenomics_2365_fast2bfq_168,54.031091720345216,67.53045167947512
epigenomics_2365_fast2bfq_169,44.06721369998296,105.2636100110031
epigenomics_2365_fast2bfq_170,51.10874678386247,77.05876909577695
epigenomics_2365_fast2bfq_171,47.745724992634756,77.20902702084561
epigenomics_2365_fast2bfq_172,45.669035377790365,70.72860862139758
epigenomics_2365_fast2bfq_173,45.060732949792744,77.71814297926362
epigenomics_2365_fast2bfq_174,35.975013834749504,78.86426116933332
epigenomics_2365_fast2bfq_175,43.3094201086823,80.19990166053829
epigenomics_2365_fast2bfq_176,38.17402288704159,75.36830935668395
epigenomics_2365_fast2bfq_177,39.15235037142039,75.66340025971957
epigenomics_2365_fast2bfq_178,48.27391871346214,78.18176477744137
epigenomics_2365_fast2bfq_179,58.9471409433776,87.87007720115268
epigenomics_2365_fast2bfq_180,47.810027119599596,93.24014727125183
epigenomics_2365_fast2bfq_181,52.580869162913096,72.88675934360197
epigenomics_2365_fast2bfq_182,44.35535574272503,79.13188676113597
epigenomics_2365_fast2bfq_183,49.69466961187469,71.82246979196647
epigenomics_2365_fast2bfq_184,43.687536560919675,67.9497400040406
epigenomics_2365_fast2bfq_185,44.91953981659103,80.75535612476084
epigenomics_2365_fast2bfq_186,41.052558389551606,80.8251107276419
epigenomics_2365_fast2bfq_187,46.80064427022248,77.06990129211933
epigenomics_2365_fast2bfq_188,43.328009877304254,58.06572937005386
epigenomics_2365_fast2bfq_189,48.01324625774568,83.61189460687791
epigenomics_2365_fast2bfq_190,43.475226013091344,97.853927103091
epigenomics_2365_fast2bfq_191,39.20754166250165,88.26380408971839
epigenomics_2365_fast2bfq_192,40.06275012824607,82.29953176542543
epigenomics_2365_fast2bfq_193,38.64436088287658,74.28726636840719
epigenomics_2365_fast2bfq_194,57.445152160748805,72.55280017039269
epigenomics_2365_fast2bfq_195,39.11406474278366,95.61773011627258
epigenomics_2365_fast2bfq_196,38.54317185772459,87.19890206686077
epigenomics_2365_fast2bfq_197,47.72951515727977,73.696776157581
epigenomics_2365_fast2bfq_198,38.673135389623745,87.07610982977221
epigenomics_2365_fast2bfq_199,44.61121647209766,92.54102752669253
epigenomics_2365_fast2bfq_200,39.55949611687645,73.77988279001066
epigenomics_2365_fast2bfq_201,47.591084340187024,76.47867913256985
epigenomics_2365_fast2bfq_202,37.95808884412643,89.39572845793177
epigenomics_2365_fast2bfq_203,34.7258732114319,87.08651415275251
epigenomics_2365_fast2bfq_204,58.89488042264004,80.26387798501591
epigenomics_2365_fast2bfq_205,38.16546713324874,83.37683450060699
epigenomics_2365_fast2bfq_206,48.768010233962954,81.69876875126164
epigenomics_2365_fast2bfq_207,65.72715352723908,63.21899735181119
epigenomics_2365_fast2bfq_208,63.597907996058886,72.03342873943399
epigenomics_2365_fast2bfq_209,43.19607039880017,75.53459309896894
epigenomics_2365_fast2bfq_210,38.671972021162645,81.33054138759402
epigenomics_2365_fast2bfq_211,43.73300072627826,72.855020129321
epigenomics_2365_fast2bfq_212,56.9005074040284,69.59700695979458
epigenomics_2365_fast2bfq_213,51.56893344799288,82.10310754849522
epigenomics_2365_fast2bfq_214,42.02421825350057,83.66363310504383
epigenomics_2365_fast2bfq_215,35.56433707098724,72.02734733695861
epigenomics_2365_fast2bfq_216,36.488710956582324,77.23643260220031
epigenomics_2365_fast2bfq_217,43.942441425483025,80.50450382424472
epigenomics_2365_fast2bfq_218,41.557551925615826,78.03359924568464
epigenomics_2365_fast2bfq_219,40.8863265309439,80.63111641577176
epigenomics_2365_fast2bfq_220,34.982097189002474,76.41679789045516
epigenomics_2365_fast2bfq_221,38.56456375640394,79.89498318461536
epigenomics_2365_fast2bfq_222,55.18979454472576,76.10295548118124
epigenomics_2365_fast2bfq_223,44.351439042620605,81.53051927049094
epigenomics_2365_fast2bfq_224,50.371488507967534,81.02530797735756
epigenomics_2365_fast2bfq_225,45.75055471963816,81.21900271612394
epigenomics_2365_fast2bfq_226,55.760841608210534,79.26097502882803
epigenomics_2365_fast2bfq_227,39.14539867972485,95.12160522421735
epigenomics_2365_fast2bfq_228,54.75540068651793,73.3371982252886
epigenomics_2365_fast2bfq_229,44.40637565055302,88.17591498091178
epigenomics_2365_fast2bfq_230,36.99506918798635,81.15085266818564
epigenomics_2365_fast2bfq_231,46.3532078602323,83.2621871148067
epigenomics_2365_fast2bfq_232,56.1075440600911,79.09710239122036
epigenomics_2365_fast2bfq_233,59.54578531816589,77.39423159185945
epigenomics_2365_fast2bfq_234,46.29275462359566,74.7288383264117
epigenomics_2365_fast2bfq_235,43.76958735098859,85.89368673887319
epigenomics_2365_fast2bfq_236,37.38510605029243,73.81203063958088
epigenomics_2365_fast2bfq_237,45.24094680697575,80.4515954092336
epigenomics_2365_fast2bfq_238,33.90384767726856,85.569311401912
epigenomics_2365_fast2bfq_239,50.347129057097334,72.16215222279345
epigenomics_2365_fast2bfq_240,38.26904960581021,79.70381215668259
epigenomics_2365_fast2bfq_241,55.48938119636289,94.68168871690764
epigenomics_2365_fast2bfq_242,49.33510844425482,75.08042150337378
epigenomics_2365_fast2bfq_243,40.46883957944128,88.70820210840489
epigenomics_2365_fast2bfq_244,52.77090212590381,73.85972326208658
epigenomics_2365_fast2bfq_245,41.30124177143078,74.44818751832848
epigenomics_2365_fast2bfq_246,29.80685643980994,76.3454936086329
epigenomics_2365_fast2bfq_247,56.693767895443216,82.06991762206371
epigenomics_2365_fast2bfq_248,41.49765043917016,86.14150110518818
epigenomics_2365_fast2bfq_249,55.43215480694078,88.16811122114184
epigenomics_2365_fast2bfq_250,53.341552547502985,77.38657204847517
epigenomics_2365_fast2bfq_251,57.03875502764729,88.40951379352825
epigenomics_2365_fast2bfq_252,44.95349877703641,82.17952734483823
epigenomics_2365_fast2bfq_253,45.06040422131533,78.76800431275434
epigenomics_2365_fast2bfq_254,33.0176921185151,78.98673860178518
epigenomics_2365_fast2bfq_255,48.64163471574484,79.894655353388
epigenomics_2365_fast2bfq_256,47.05727607862875,70.48653141457714
epigenomics_2365_fast2bfq_257,46.17738503373675,74.78425243216236
epigenomics_2365_fast2bfq_258,60.795514756437,87.0254185297761
epigenomics_2365_fast2bfq_259,47.40961349714206,78.30600215352364
epigenomics_2365_fast2bfq_260,60.52074241507937,93.92385670588395
epigenomics_2365_fast2bfq_261,52.194377596480805,68.11193891784518
epigenomics_2365_fast2bfq_262,51.028923332079735,77.15939189451495
epigenomics_2365_fast2bfq_263,49.51319261953269,80.96532961001778
epigenomics_2365_fast2bfq_264,32.214894437409484,69.8641072155789
epigenomics_2365_fast2bfq_265,57.78400534373164,82.28026236166424
epigenomics_2365_fast2bfq_266,49.93370586885456,66.22554096603498
epigenomics_2365_fast2bfq_267,41.143551270842515,84.8002595724596
epigenomics_2365_fast2bfq_268,42.59641763635288,84.68927769637729
epigenomics_2365_fast2bfq_269,39.247858550856265,74.4251267041495
epigenomics_2365_fast2bfq_270,48.43509916098991,68.04225822105364
epigenomics_2365_fast2bfq_271,39.82169664233091,72.4516041280676
epigenomics_2365_fast2bfq_272,40.03674752137841,85.79749449215737
epigenomics_2365_fast2bfq_273,31.57426298186075,86.75407844505965
epigenomics_2365_fast2bfq_274,47.01497565655022,88.60561331979925
epigenomics_2365_fast2bfq_275,47.1554693694822,78.15116700704782
epigenomics_2365_fast2bfq_276,56.066823764050135,83.6369757722294
epigenomics_2365_fast2bfq_277,42.645142464106065,76.85594631709
epigenomics_2365_fast2bfq_278,46.773709290355846,86.3611548822698
epigenomics_2365_fast2bfq_279,49.946679149792914,78.12543383850975
epigenomics_2365_fast2bfq_280,44.269665668692944,77.16116496077906
epigenomics_2365_fast2bfq_281,38.21065380808081,74.26136676697529
epigenomics_2365_fast2bfq_282,51.419647401686916,97.37221996373164
epigenomics_2365_fast2bfq_283,52.37051413699945,89.95250513481356
epigenomics_2365_fast2bfq_284,42.70516960556548,70.08823139783007
epigenomics_2365_fast2bfq_285,38.507329609999054,78.62885025840484
epigenomics_2365_fast2bfq_286,42.9151739024344,69.50362019480337
epigenomics_2365_fast2bfq_287,37.4098856589411,78.1586531015641
epigenomics_2365_fast2bfq_288,49.66569979098861,67.65864151476069
epigenomics_2365_fast2bfq_289,47.893548484895874,72.32299693658433
epigenomics_2365_fast2bfq_290,57.979699166594976,85.54128265909553
epigenomics_2365_fast2bfq_291,46.921528164767814,76.54233860973407
epigenomics_2365_fast2bfq_292,37.76213308531455,76.1675299306772
epigenomics_2365_fast2bfq_293,48.61973610439237,67.42648371236605
epigenomics_2365_fast2bfq_294,51.6838381825858,74.76969621067805
epigenomics_2365_fast2bfq_295,38.181755636170216,74.27351561354666
epigenomics_2365_fast2bfq_296,42.31849109642156,80.56044331007536
epigenomics_2365_fast2bfq_297,35.3454648525088,80.8705757386985
epigenomics_2365_fast2bfq_298,39.52668110964015,79.74296590188861
epigenomics_2365_fast2bfq_299,54.054633510558595,85.8653230403261
epigenomics_2365_fast2bfq_300,32.51030831251151,74.00319521308461
epigenomics_2365_fast2bfq_301,43.71324845648422,86.01049544510676
epigenomics_2365_fast2bfq_302,40.654390105531526,80.27177968385523
epigenomics_2365_fast2bfq_303,34.20327061641662,81.26367939844579
epigenomics_2365_fast2bfq_304,40.714513361502576,86.17917291321668
epigenomics_2365_fast2bfq_305,35.647896755689416,84.16285149546532
epigenomics_2365_fast2bfq_306,50.67781777772802,84.23841776735865
epigenomics_2365_fast2bfq_307,48.31984527116498,73.45714370156337
epigenomics_2365_fast2bfq_308,48.48988213463457,78.29091416419364
epigenomics_2365_fast2bfq_309,45.89621628728014,79.90705787726517
epigenomics_2365_fast2bfq_310,42.74957963271253,78.10937184018539
epigenomics_2365_fast2bfq_311,37.01225117219685,88.37150498415072
epigenomics_2365_fast2bfq_312,49.27133340508905,73.67476709022266
epigenomics_2365_fast2bfq_313,47.28694519509425,70.20156681880572
epigenomics_2365_fast2bfq_314,43.09446763958368,74.73775309295979
epigenomics_2365_fast2bfq_315,55.6058997676693,77.8124200395262
epigenomics_2365_fast2bfq_316,32.18656584636378,67.80222003053636
epigenomics_2365_fast2bfq_317,45.07915445455668,76.30288433121848
epigenomics_2365_fast2bfq_318,40.70227394322231,92.72869459487075
epigenomics_2365_fast2bfq_319,58.909535548903705,88.09594066210974
epigenomics_2365_fast2bfq_320,34.62190638034858,93.57161799228689
epigenomics_2365_fast2bfq_321,43.29439541443557,75.09749175339238
epigenomics_2365_fast2bfq_322,54.96779790394564,84.03618067170213
epigenomics_2365_fast2bfq_323,43.01848110417058,68.65747233383075
epigenomics_2365_fast2bfq_324,45.68691308948608,77.14485176657377
epigenomics_2365_fast2bfq_325,53.57381105741557,91.10673680821128
epigenomics_2365_fast2bfq_326,42.669453419671115,69.75087556307521
epigenomics_2365_fast2bfq_327,46.81024793920618,75.57902271931259
epigenomics_2365_fast2bfq_328,41.9952733629594,79.61245787155549
epigenomics_2365_fast2bfq_329,39.19847842084823,80.49209275051719
epigenomics_2365_fast2bfq_330,49.25356134345727,72.21250751366337
epigenomics_2365_fast2bfq_331,46.913502439282055,81.09395570885559
epigenomics_2365_fast2bfq_332,45.74674214902446,75.46062188184753
epigenomics_2365_fast2bfq_333,41.520716422455536,75.17687910209541
epigenomics_2365_fast2bfq_334,44.10110730811327,85.38147660814259
epigenomics_2365_fast2bfq_335,36.82347439662412,80.7588120716962
epigenomics_2365_fast2bfq_336,57.58968176376351,87.19818132297164
epigenomics_2365_fast2bfq_337,43.56300043201371,86.35861336104148
epigenomics_2365_fast2bfq_338,48.16642846605704,83.70476287091104
epigenomics_2365_fast2bfq_339,31.63878637813986,87.26144640752753
epigenomics_2365_fast2bfq_340,50.09950018851332,79.3519779148572
epigenomics_2365_fast2bfq_341,43.217273216867376,76.37152669837259
epigenomics_2365_fast2bfq_342,32.6920349872163,73.85579311310961
epigenomics_2365_fast2bfq_343,42.5016201419468,92.57962469665799
epigenomics_2365_fast2bfq_344,47.99608199207682,82.26849371647278
epigenomics_2365_fast2bfq_345,46.89449759732296,78.66496788151922
epigenomics_2365_fast2bfq_346,42.14480720467402,70.0711148089711
epigenomics_2365_fast2bfq_347,49.84063149578566,85.48013819994738
epigenomics_2365_fast2bfq_348,41.26782377160451,88.66452857571899
epigenomics_2365_fast2bfq_349,46.752258558063566,82.13160465684722
epigenomics_2365_fast2bfq_350,38.611663931996816,84.29551989848345
epigenomics_2365_fast2bfq_351,42.34042425909915,79.9636536355714
epigenomics_2365_fast2bfq_352,42.34889357559718,84.11458021582011
epigenomics_2365_fast2bfq_353,40.02425625296088,74.91345313203419
epigenomics_2365_fast2bfq_354,40.0234227652361,76.42629748053673
epigenomics_2365_fast2bfq_355,36.02008857847018,83.21607004992023
epigenomics_2365_fast2bfq_356,40.7173049389848,83.9317586292233
epigenomics_2365_fast2bfq_357,46.02490369794986,71.01049454620798
epigenomics_2365_fast2bfq_358,39.84612033621075,85.02474519940068
epigenomics_2365_fast2bfq_359,40.27468914887281,80.2439325020819
epigenomics_2365_fast2bfq_360,36.512360726551876,81.2026396076445
epigenomics_2365_fast2bfq_361,52.733159722441336,82.93014292936525
epigenomics_2365_fast2bfq_362,49.37889167973056,69.5605524753193
epigenomics_2365_fast2bfq_363,49.708985886246744,78.88497931059163
epigenomics_2365_fast2bfq_364,53.779006779876084,68.31969880577162
epigenomics_2365_fast2bfq_365,43.304961762659524,80.02392884516179
epigenomics_2365_fast2bfq_366,49.95538202193512,79.70539527690973
epigenomics_2365_fast2bfq_367,45.145038385742254,82.09055132609593
epigenomics_2365_fast2bfq_368,41.42422629655494,78.51359051677393
epigenomics_2365_fast2bfq_369,47.22423093116679,66.45313966987584
epigenomics_2365_fast2bfq_370,51.68354709080093,71.0197395357683
epigenomics_2365_fast2bfq_371,36.04581649031153,84.8816726883393
epigenomics_2365_fast2bfq_372,43.17400150387848,94.21706810883711
epigenomics_2365_fast2bfq_373,38.789739382866706,86.47587981550635
epigenomics_2365_fast2bfq_374,51.041107312970155,84.92080213211707
epigenomics_2365_fast2bfq_375,43.64080727385273,87.15347464892051
epigenomics_2365_fast2bfq_376,43.635008331916445,89.7925949744671
epigenomics_2365_fast2bfq_377,41.57109683178753,73.6478892030376
epigenomics_2365_fast2bfq_378,45.51842497189274,86.46363851423936
epigenomics_2365_fast2bfq_379,51.929502279738855,77.17329218110837
epigenomics_2365_fast2bfq_380,25.397802976957767,81.73267203993652
epigenomics_2365_fast2bfq_381,40.921423545381984,73.20846488313417
epigenomics_2365_fast2bfq_382,36.09875736044908,81.50191389999185
epigenomics_2365_fast2bfq_383,47.230893487305636,72.13221715214532
epigenomics_2365_fast2bfq_384,46.98785716219788,62.71209088048914
epigenomics_2365_fast2bfq_385,43.325543616329206,84.26544396832536
epigenomics_2365_fast2bfq_386,53.90351087871513,84.56197055798326
epigenomics_2365_fast2bfq_387,54.68992933453341,84.17294950690771
epigenomics_2365_fast2bfq_388,49.84541800547197,89.99690956343235
epigenomics_2365_fast2bfq_389,49.0532232886235,82.28348127216651
epigenomics_2365_fast2bfq_390,28.991560548451684,92.06531611670337
epigenomics_2365_fast2bfq_391,37.850124043511855,81.29684610946701
epigenomics_2365_fast2bfq_392,44.442790089826254,84.97580487247923
epigenomics_2365_fast2bfq_393,52.33552438651441,78.67919250379657
epigenomics_2365_fast2bfq_394,45.3676438822997,80.15509457562739
epigenomics_2365_fast2bfq_395,40.42698972152937,88.88677753531653
epigenomics_2365_fast2bfq_396,50.69032691822991,72.47434067423994
epigenomics_2365_fast2bfq_397,40.74811328700074,83.59863944507582
epigenomics_2365_fast2bfq_398,53.61089744126265,77.00696491180281
epigenomics_2365_fast2bfq_399,35.833587701024186,84.24582742883231
epigenomics_2365_fast2bfq_400,45.653198713786,83.90531013298782
epigenomics_2365_fast2bfq_401,51.844283523246446,84.59340455920358
epigenomics_2365_fast2bfq_402,50.99277095306321,76.18328043149735
epigenomics_2365_fast2bfq_403,37.21256555362288,79.97275996004572
epigenomics_2365_fast2bfq_404,50.52968198894164,69.84292773844113
epigenomics_2365_fast2bfq_405,54.67858113376105,81.0138603534131
epigenomics_2365_fast2bfq_406,43.83171627082142,89.2826286562521
epigenomics_2365_fast2bfq_407,44.18064240236971,77.36074415148023
epigenomics_2365_fast2bfq_408,42.09186754523899,78.02244289979106
epigenomics_2365_fast2bfq_409,44.45387965660977,75.38101465163061
epigenomics_2365_fast2bfq_410,46.31694492461155,80.65401123423918
epigenomics_2365_fast2bfq_411,48.40256448862511,83.15656948799707
epigenomics_2365_fast2bfq_412,38.69885693758063,71.39701502504276
epigenomics_2365_fast2bfq_413,58.86406174323011,75.63936551427186
epigenomics_2365_fast2bfq_414,45.86523156176497,86.10438657951568
epigenomics_2365_fast2bfq_415,50.345991652803214,78.91850458867636
epigenomics_2365_fast2bfq_416,53.68231670509593,76.28729734224518
epigenomics_2365_fast2bfq_417,36.264473182060655,86.42198251978093
epigenomics_2365_fast2bfq_418,37.53478520246215,81.89554187128263
epigenomics_2365_fast2bfq_419,29.35458633030105,62.360572987582614
epigenomics_2365_fast2bfq_420,38.935226928030595,81.51931477301125
epigenomics_2365_fast2bfq_421,42.633586164213696,83.57712935946799
epigenomics_2365_fast2bfq_422,50.517012139168216,87.7841830628415
epigenomics_2365_fast2bfq_423,50.25196654980489,80.54761124629383
epigenomics_2365_fast2bfq_424,48.672351636253836,69.79293838822001
epigenomics_2365_fast2bfq_425,26.629488628396736,83.11266195034405
epigenomics_2365_fast2bfq_426,49.34945472518242,84.3417995392547
epigenomics_2365_fast2bfq_427,49.38829761260196,70.46043576418245
epigenomics_2365_fast2bfq_428,48.75455655905093,71.76266245610128
epigenomics_2365_fast2bfq_429,46.09474888524987,94.73563245356287
epigenomics_2365_fast2bfq_430,43.83543325557174,79.59429408739892
epigenomics_2365_fast2bfq_431,45.92086177530797,79.23888754295986
epigenomics_2365_fast2bfq_432,46.48484845020371,82.01317721200658
epigenomics_2365_fast2bfq_433,42.147255693669386,82.38035046012365
epigenomics_2365_fast2bfq_434,40.389722298144164,78.37177846927555
epigenomics_2365_fast2bfq_435,45.968573737014104,87.82880005273415
epigenomics_2365_fast2bfq_436,46.26236919590926,73.34449488181338
epigenomics_2365_fast2bfq_437,39.98153472955754,70.88100247531617
epigenomics_2365_fast2bfq_438,50.566450880766006,78.50151089132149
epigenomics_2365_fast2bfq_439,42.29194217353239,82.67579830280211
epigenomics_2365_fast2bfq_440,46.38099008871698,84.46811741269494
epigenomics_2365_fast2bfq_441,35.42732459913451,83.37993449767764
epigenomics_2365_fast2bfq_442,40.64590802523892,76.82175763900786
epigenomics_2365_fast2bfq_443,41.23566171508499,81.01291304573523
epigenomics_2365_fast2bfq_444,45.107383102938876,71.20575221483095
epigenomics_2365_fast2bfq_445,50.59232798385345,83.42682114996043
epigenomics_2365_fast2bfq_446,40.687740782859315,68.51553382741544
epigenomics_2365_fast2bfq_447,55.17455103672047,84.95081360194723
epigenomics_2365_fast2bfq_448,52.12450556708738,76.21738047256575
epigenomics_2365_fast2bfq_449,38.53587851533369,78.45439193832769
epigenomics_2365_fast2bfq_450,48.60953389485971,76.64138942907256
epigenomics_2365_fast2bfq_451,43.867551943383965,83.86322627010216
epigenomics_2365_fast2bfq_452,48.3051704770439,73.05739240093651
epigenomics_2365_fast2bfq_453,41.888691057853244,81.91444179161262
epigenomics_2365_fast2bfq_454,55.65144030679158,86.34828346241946
epigenomics_2365_fast2bfq_455,56.56683421400052,75.5229494886908
epigenomics_2365_fast2bfq_456,37.27321193133069,86.691688806386
epigenomics_2365_fast2bfq_457,54.295511261139296,79.02117044021759
epigenomics_2365_fast2bfq_458,41.27560034848965,80.79951282746944
epigenomics_2365_fast2bfq_459,51.023139422655504,79.24105593664615
epigenomics_2365_fast2bfq_460,47.65436222970792,75.82421987665974
epigenomics_2365_fast2bfq_461,48.77600053994705,76.04217003495361
epigenomics_2365_fast2bfq_462,53.10109179569618,73.46347921411382
epigenomics_2365_fast2bfq_463,49.35454799402375,71.33883912513606
epigenomics_2365_fast2bfq_464,44.05735282669047,76.26491387633806
epigenomics_2365_fast2bfq_465,45.53345418796953,67.2856105813383
epigenomics_2365_fast2bfq_466,43.91278549955186,86.8859147359482
epigenomics_2365_fast2bfq_467,47.82529779981268,72.3888368835737
epigenomics_2365_fast2bfq_468,38.98627466240133,78.43890908098454
epigenomics_2365_fast2bfq_469,40.989595995598776,91.3876626985564
epigenomics_2365_fast2bfq_470,45.63437642443223,85.00592468109588
epigenomics_2365_fast2bfq_471,42.73407956429209,84.91731605769286
epigenomics_2365_fast2bfq_472,28.899472552709653,81.92958449923948
epigenomics_2365_fast2bfq_473,59.180911710854744,83.37209251040719
epigenomics_2365_fast2bfq_474,44.70592849343129,85.02947434508665
epigenomics_2365_fast2bfq_475,50.75299453647851,79.81342446031873
epigenomics_2365_fast2bfq_476,39.3076711642863,77.21814911582774
epigenomics_2365_fast2bfq_477,56.73622025866102,83.61304486322183
epigenomics_2365_fast2bfq_478,34.642997360919644,82.96659852424426
epigenomics_2365_fast2bfq_479,50.19514274613843,77.77674523749145
epigenomics_2365_fast2bfq_480,53.62427540824996,80.49378242474431
epigenomics_2365_fast2bfq_481,45.178992018442244,88.56454969873818
epigenomics_2365_fast2bfq_482,46.983308401528404,72.07493959156912
epigenomics_2365_fast2bfq_483,47.77525438956459,62.380105981238486
epigenomics_2365_fast2bfq_484,43.85952296628283,80.04723952639029
epigenomics_2365_fast2bfq_485,38.29525075130316,68.97004074181514
epigenomics_2365_fast2bfq_486,49.08934217801417,73.8097752274229
epigenomics_2365_fast2bfq_487,43.612226657934706,85.58951699011966
epigenomics_2365_fast2bfq_488,41.90166848297294,79.47851963865769
epigenomics_2365_fast2bfq_489,45.6498451676328,73.20274260634244
epigenomics_2365_fast2bfq_490,38.37179749641535,73.80581581144574
epigenomics_2365_fast2bfq_491,45.99001124675403,78.89751052864786
epigenomics_2365_fast2bfq_492,49.99276624949872,85.8545023064017
epigenomics_2365_fast2bfq_493,41.44633845869993,91.91221419821241
epigenomics_2365_fast2bfq_494,32.48880488865995,83.59892879033397
epigenomics_2365_fast2bfq_495,41.30369543009423,90.02342808186182
epigenomics_2365_fast2bfq_496,52.40389535208276,86.8574555792809
epigenomics_2365_fast2bfq_497,40.32894403227733,84.31702016145331
epigenomics_2365_fast2bfq_498,44.78508970772174,78.20567113602173
epigenomics_2365_fast2bfq_499,57.49547574507158,99.87513423614737
epigenomics_2365_map_0,8939.346547130759,179.63320423508742
epigenomics_2365_map_1,9701.379554039166,186.25641476611275
epigenomics_2365_map_2,10021.56827478784,187.48502877167508
epigenomics_2365_map_3,10440.480257569894,180.77097817737365
epigenomics_2365_map_4,9908.858049821434,188.71359134628645
epigenomics_2365_map_5,9751.683077777046,182.50672132228
epigenomics_2365_map_6,10436.26275198412,193.31852881340103
epigenomics_2365_map_7,9464.829640777765,187.4841285930426
epigenomics_2365_map_8,10016.47281371346,191.7402971420615
epigenomics_2365_map_9,10336.647327057062,186.26309380053917
epigenomics_2365_map_10,10084.843047449369,181.26306681533242
epigenomics_2365_map_11,9894.985154303055,183.38841956343535
epigenomics_2365_map_12,9700.843682747678,187.6467436016112
epigenomics_2365_map_13,9498.8297488103,193.5004919654845
epigenomics_2365_map_14,10212.375252959639,179.7482322485723
epigenomics_2365_map_15,9201.223696120143,181.11101020356475
epigenomics_2365_map_16,9154.82990614817,189.3652914220552
epigenomics_2365_map_17,9881.805881469234,177.9757905121074
epigenomics_2365_map_18,9669.030089089956,187.83768031188313
epigenomics_2365_map_19,9505.724503697134,188.05967226303622
epigenomics_2365_map_20,9304.838979554976,171.59322708523067
epigenomics_2365_map_21,9640.65674468692,178.83925604724698
epigenomics_2365_map_22,10163.55183622523,187.27360757997195
epigenomics_2365_map_23,10109.32032204661,195.427027032153
epigenomics_2365_map_24,9692.625961187623,181.5724726154017
epigenomics_2365_map_25,9707.849400564983,190.15581741353412
epigenomics_2365_map_26,10317.246996529448,184.08731905887396
epigenomics_2365_map_27,10398.680654521526,188.37543190449307
epigenomics_2365_map_28,9394.677457409409,181.61198101243386
epigenomics_2365_map_29,10269.614389100232,184.52461695539884
epigenomics_2365_map_30,10168.95881524963,185.48534063074234
epigenomics_2365_map_31,10272.440662317498,184.7341790488916
epigenomics_2365_map_32,10213.638182553148,185.25392055333884
epigenomics_2365_map_33,10262.515797896538,183.65730668894972
epigenomics_2365_map_34,9902.42794436965,184.09930419384511
epigenomics_2365_map_35,9782.558262551243,184.07933679217342
epigenomics_2365_map_36,9812.269190510859,186.39331672418012
epigenomics_2365_map_37,9924.74417186144,181.1443262533272
epigenomics_2365_map_38,11402.796747388125,184.97151395444615
epigenomics_2365_map_39,10427.877712198793,188.431448119141
epigenomics_2365_map_40,10151.404604703093,180.12346098393192
epigenomics_2365_map_41,9482.120362210266,184.8340631371507
epigenomics_2365_map_42,9846.108724269294,177.30664534894598
epigenomics_2365_map_43,10937.461152531398,190.65740304870877
epigenomics_2365_map_44,9687.566805314627,185.65289682446019
epigenomics_2365_map_45,9984.759011891209,181.23331465436198
epigenomics_2365_map_46,10149.313552583939,185.32748953951395
epigenomics_2365_map_47,10486.088145228963,188.51922587711374
epigenomics_2365_map_48,9713.429571094763,186.6389159674896
epigenomics_2365_map_49,10008.091422452151,182.27835767192917
epigenomics_2365_map_50,9058.615406370373,191.3138323435858
epigenomics_2365_map_51,8831.798516958814,191.47000293409567
epigenomics_2365_map_52,10973.527258617945,183.47909531352946
epigenomics_2365_map_53,10085.14172832934,183.40728689155992
epigenomics_2365_map_54,8825.529290328886,173.08338770219606
epigenomics_2365_map_55,10194.986586454399,181.2485077038554
epigenomics_2365_map_56,10983.127352630432,186.51746706711185
epigenomics_2365_map_57,9868.135852452182,177.4638449200688
epigenomics_2365_map_58,9617.360088506943,183.58579250249488
epigenomics_2365_map_59,11080.793943417912,190.86137092681497
epigenomics_2365_map_60,10424.146786393263,182.61282734337001
epigenomics_2365_map_61,10365.493417068456,181.52779890987262
epigenomics_2365_map_62,9933.06740106378,187.44078551908618
epigenomics_2365_map_63,9994.879138911876,186.73910856192845
epigenomics_2365_map_64,10382.738316387533,198.3480716719724
epigenomics_2365_map_65,10292.46460637641,190.4097741864376
epigenomics_2365_map_66,9886.615401073039,184.0375515098595
epigenomics_2365_map_67,10581.270442108324,188.18221352502258
epigenomics_2365_map_68,10962.222900559242,180.00973900284924
epigenomics_2365_map_69,9536.46170787324,179.34158030832583
epigenomics_2365_map_70,11016.568044500107,186.87354539587
epigenomics_2365_map_71,10779.161807635555,180.87759343560282
epigenomics_2365_map_72,9739.26577958573,184.36619862975894
epigenomics_2365_map_73,10283.361889955278,178.931064519918
epigenomics_2365_map_74,9797.239208929,181.40318413992065
epigenomics_2365_map_75,9569.188973209757,180.50015809110732
epigenomics_2365_map_76,9603.163353077938,187.3186464369131
epigenomics_2365_map_77,8831.946286532238,181.52687014625303
epigenomics_2365_map_78,9947.774237826457,191.26991547604842
epigenomics_2365_map_79,9820.519643665688,175.58558474080036
epigenomics_2365_map_80,10118.1459856693,189.33047082818376
epigenomics_2365_map_81,10353.560726490508,182.50513725566708
epigenomics_2365_map_82,10378.138292885506,185.9298919986135
epigenomics_2365_map_83,10213.21289099095,186.01326510207872
epigenomics_2365_map_84,9699.760785756585,185.55389947052998
epigenomics_2365_map_85,9271.43592599914,189.21158901145628
epigenomics_2365_map_86,9971.77649921173,185.14004972999453
epigenomics_2365_map_87,9556.24298975231,180.98579418188675
epigenomics_2365_map_88,9478.389940605437,182.66898491999547
epigenomics_2365_map_89,9364.223624376527,180.65528151091434
epigenomics_2365_map_90,10045.730096432044,186.93960233923787
epigenomics_2365_map_91,10088.724835455596,182.57565077831617
epigenomics_2365_map_92,9921.986785560826,185.50107118929574
epigenomics_2365_map_93,9965.031795732886,186.42680736830766
epigenomics_2365_map_94,9830.221873614975,194.13386713558802
epigenomics_2365_map_95,9685.5005894332,179.62767308439967
epigenomics_2365_map_96,9421.345335132817,182.54046809327866
epigenomics_2365_map_97,10654.321374548852,184.37662484557563
epigenomics_2365_map_98,11077.050280270721,185.3235966840027
epigenomics_2365_map_99,10307.252532714485,184.8811636462412
epigenomics_2365_map_100,9921.099979950974,188.51439115159502
epigenomics_2365_map_101,10160.645880170727,187.9963885058204
epigenomics_2365_map_102,10288.015721792674,179.80274281255876
epigenomics_2365_map_103,10520.590954796786,189.27189905181396
epigenomics_2365_map_104,9978.269132366751,182.29981375773332
epigenomics_2365_map_105,9961.900938564104,186.24152249106584
epigenomics_2365_map_106,10353.902394640158,180.80295670272173
epigenomics_2365_map_107,10167.53877788614,185.28909559955818
epigenomics_2365_map_108,9560.696435926588,192.38510206481405
epigenomics_2365_map_109,9668.158688072534,194.13230123147605
epigenomics_2365_map_110,10506.916480795006,183.59300090515572
epigenomics_2365_map_111,10332.440077183215,187.12142064396102
epigenomics_2365_map_112,9360.810472071928,176.11748803497153
epigenomics_2365_map_113,9996.895937780424,186.0805722507011
epigenomics_2365_map_114,10266.710853500243,186.95607671249275
epigenomics_2365_map_115,9271.453120303295,184.22037989809232
epigenomics_2365_map_116,10657.28495760442,180.3042153858431
epigenomics_2365_map_117,9476.207570309567,184.37438250979724
epigenomics_2365_map_118,9846.526344600585,186.33757702627037
epigenomics_2365_map_119,9315.786510477954,184.80095225660176
epigenomics_2365_map_120,10016.319230897647,181.94609043237435
epigenomics_2365_map_121,9433.177517578486,184.17955890704837
epigenomics_2365_map_122,9779.599999878668,172.9008682840503
epigenomics_2365_map_123,9869.587803408362,184.64941493350292
epigenomics_2365_map_124,9931.00445270842,180.28596227103407
epigenomics_2365_map_125,9705.69070264108,181.98851725858765
epigenomics_2365_map_126,8990.76551839877,182.9930803348247
epigenomics_2365_map_127,9711.905461233775,190.34506768650556
epigenomics_2365_map_128,10104.949304527781,187.62731677177234
epigenomics_2365_map_129,10353.457402394062,184.709893137802
epigenomics_2365_map_130,9833.023231923655,181.82407860471523
epigenomics_2365_map_131,9870.626333643519,180.86431052620787
epigenomics_2365_map_132,10434.899401766881,184.35792162581808
epigenomics_2365_map_133,10272.414350786194,182.9893330600379
epigenomics_2365_map_134,10204.96902749782,191.6230457211483
epigenomics_2365_map_135,10306.018381086102,184.18353422308633
epigenomics_2365_map_136,10450.635061277606,181.1607770667507
epigenomics_2365_map_137,9851.368267101521,183.6236453653248
epigenomics_2365_map_138,10126.544786833676,180.48084165064444
epigenomics_2365_map_139,9507.388805651002,174.31247172559975
epigenomics_2365_map_140,10012.101879390388,192.56057465970133
epigenomics_2365_map_141,9811.630634374958,173.77807089032189
epigenomics_2365_map_142,9883.141330370145,186.29273343397153
epigenomics_2365_map_143,10559.8226080031,182.3600194120688
epigenomics_2365_map_144,9785.452702651688,187.96633882862434
epigenomics_2365_map_145,10039.747632008877,189.9088421447283
epigenomics_2365_map_146,10304.47751787387,180.1205719559156
epigenomics_2365_map_147,10307.970685890497,186.2209391291703
epigenomics_2365_map_148,11128.171052866952,182.13712124161202
epigenomics_2365_map_149,9580.862411331005,184.03331105719064
epigenomics_2365_map_150,9373.000697045383,185.63163911820675
epigenomics_2365_map_151,9977.041350507587,185.54262773651982
epigenomics_2365_map_152,10471.36309215471,202.9895173163932
epigenomics_2365_map_153,8761.687146902972,175.2010358442285
epigenomics_2365_map_154,10680.385162653947,185.7460215143635
epigenomics_2365_map_155,9362.885260674791,181.6756402907866
epigenomics_2365_map_156,10202.014350136551,177.3268846206036
epigenomics_2365_map_157,9652.478358541386,193.10332749091592
epigenomics_2365_map_158,9182.915225869996,196.5043297056697
epigenomics_2365_map_159,9991.255399325966,180.7339387757877
epigenomics_2365_map_160,10388.414015358621,195.07448234815337
epigenomics_2365_map_161,10053.086072622093,188.00331476602847
epigenomics_2365_map_162,9593.037897092501,193.5354506004152
epigenomics_2365_map_163,10124.456757969063,185.00876857341072
epigenomics_2365_map_164,10116.943636590566,186.75463866468664
epigenomics_2365_map_165,9147.481319881928,191.63314653959523
epigenomics_2365_map_166,10602.867517695555,181.21775679010292
epigenomics_2365_map_167,9702.19893508562,182.93351045175513
epigenomics_2365_map_168,9790.100673724126,194.00352453192644
epigenomics_2365_map_169,10330.902211996525,187.21194036009365
epigenomics_2365_map_170,10038.966366540812,182.92843533931958
epigenomics_2365_map_171,10442.473589654754,179.9173991262629
epigenomics_2365_map_172,10526.345282025726,189.50335969448832
epigenomics_2365_map_173,9450.841439031627,181.57268543668556
epigenomics_2365_map_174,9990.258943653684,193.08607491717143
epigenomics_2365_map_175,10558.517637058201,185.43131543560384
epigenomics_2365_map_176,10104.457315686788,182.81083478984866
epigenomics_2365_map_177,8873.096930233516,183.70257791293392
epigenomics_2365_map_178,9788.75409204968,185.2226305930554
epigenomics_2365_map_179,9989.208154460252,177.50772828544038
epigenomics_2365_map_180,10357.768390335317,184.45157775041991
epigenomics_2365_map_181,10259.596163675025,183.16418255008264
epigenomics_2365_map_182,10517.614880525227,188.76277008928275
epigenomics_2365_map_183,9604.489481014964,188.3729999367306
epigenomics_2365_map_184,10726.14391635957,186.10951244854277
epigenomics_2365_map_185,9655.91563849472,187.4286381616049
epigenomics_2365_map_186,10310.189450794478,181.3747561519115
epigenomics_2365_map_187,9657.232600590134,190.63857211279947
epigenomics_2365_map_188,10273.813138160744,184.9427032170808
epigenomics_2365_map_189,10419.246956323572,187.56469553438802
epigenomics_2365_map_190,9915.585049008794,177.74328830961082
epigenomics_2365_map_191,9962.413911537777,190.70350123031918
epigenomics_2365_map_192,10189.718819373957,184.78821420122895
epigenomics_2365_map_193,9300.593348459819,184.92105979173476
epigenomics_2365_map_194,9775.374496166487,182.54808508416906
epigenomics_2365_map_195,9624.295160895279,184.58576578982462
epigenomics_2365_map_196,10338.637963439784,189.3263952616948
epigenomics_2365_map_197,9846.354051302658,175.36869702103232
epigenomics_2365_map_198,10098.913865500785,180.81372030951295
epigenomics_2365_map_199,10086.157665934283,189.26730646382796
epigenomics_2365_map_200,9720.399618323238,196.6061732361103
epigenomics_2365_map_201,10320.834689640591,193.16257168225349
epigenomics_2365_map_202,9682.759208676081,193.34363129593038
epigenomics_2365_map_203,10070.148519433786,188.3219833581478
epigenomics_2365_map_204,10643.096666524376,189.48288600816423
epigenomics_2365_map_205,10914.936401170631,184.26240388855655
epigenomics_2365_map_206,9740.757544889755,179.08734541358103
epigenomics_2365_map_207,9959.894995187846,186.54018583759344
epigenomics_2365_map_208,10548.845538267928,175.71303011037975
epigenomics_2365_map_209,9223.364336685345,186.6647995028595
epigenomics_2365_map_210,10034.15389587088,184.26048115427858
epigenomics_2365_map_211,9098.099283439671,180.34816854738668
epigenomics_2365_map_212,9448.315925969646,183.19971617964487
epigenomics_2365_map_213,9671.301780934751,176.4711649436981
epigenomics_2365_map_214,10175.881197238426,170.23676884220168
epigenomics_2365_map_215,10084.220928339055,190.36611878184985
epigenomics_2365_map_216,10222.061431900627,184.7228848372771
epigenomics_2365_map_217,10148.707324957677,186.18064937867425
epigenomics_2365_map_218,9263.145097379207,180.73148821129163
epigenomics_2365_map_219,10405.530588401327,185.4088503842584
epigenomics_2365_map_220,9023.80803732524,178.9532876361837
epigenomics_2365_map_221,9796.693574196985,180.92378140292377
epigenomics_2365_map_222,9165.05169273026,178.1475487083002
epigenomics_2365_map_223,10223.419167479458,191.1404090386651
epigenomics_2365_map_224,10193.71119157141,187.61463540958076
epigenomics_2365_map_225,9328.031695909995,191.3682307648975
epigenomics_2365_map_226,10649.545162029817,189.49976634925127
epigenomics_2365_map_227,9678.12686087658,184.454803564848
epigenomics_2365_map_228,9688.91135747139,186.3310506458195
epigenomics_2365_map_229,9627.606247911872,187.91874779862783
epigenomics_2365_map_230,10513.809513681335,180.19561658228662
epigenomics_2365_map_231,9622.640642385579,179.8130864084877
epigenomics_2365_map_232,9042.991971769865,183.7201641193277
epigenomics_2365_map_233,10485.883552034895,185.1309989031487
epigenomics_2365_map_234,10068.174024560805,183.627930297822
epigenomics_2365_map_235,9767.08039184608,178.37414387456147
epigenomics_2365_map_236,10133.951531057683,183.371804113992
epigenomics_2365_map_237,9539.721625912838,187.2518702467654
epigenomics_2365_map_238,10456.813065020157,194.32967285888517
epigenomics_2365_map_239,9774.107780948028,181.49765233879418
epigenomics_2365_map_240,9194.20912963125,188.96426107093552
epigenomics_2365_map_241,10257.208649158652,185.7475081623244
epigenomics_2365_map_242,9597.153705463325,177.52997078511652
epigenomics_2365_map_243,9816.213777401279,188.07917536001347
epigenomics_2365_map_244,9883.785010527954,175.22889078666358
epigenomics_2365_map_245,9516.833319616424,182.827121899249
epigenomics_2365_map_246,10128.941458819623,194.913271103549
epigenomics_2365_map_247,10485.749982504567,191.81765435907
epigenomics_2365_map_248,10421.183765544607,188.18777724425206
epigenomics_2365_map_249,10731.61656162693,184.69730273127522
epigenomics_2365_map_250,10619.551728158745,186.02552692029926
epigenomics_2365_map_251,9301.195380718205,185.44422215456797
epigenomics_2365_map_252,10392.252455343909,192.27153725246717
epigenomics_2365_map_253,9763.101764252602,186.98845862628937
epigenomics_2365_map_254,10678.572228190693,185.45669445961516
epigenomics_2365_map_255,10531.38847830199,182.3678575004384
epigenomics_2365_map_256,10366.47092460739,185.2830678785378
epigenomics_2365_map_257,10002.040284040855,192.5470818157704
epigenomics_2365_map_258,9818.52064727821,186.49481679218906
epigenomics_2365_map_259,10525.421496611618,180.59515306294492
epigenomics_2365_map_260,9580.527497237581,192.56453696687174
epigenomics_2365_map_261,9550.668698506515,184.69640265467677
epigenomics_2365_map_262,9850.484003045098,187.5678448525014
epigenomics_2365_map_263,9629.791201631206,186.88199781372876
epigenomics_2365_map_264,9503.879100134847,180.89260815376244
epigenomics_2365_map_265,10294.319350371361,189.50298887376636
epigenomics_2365_map_266,9913.99283873474,194.18420274355555
epigenomics_2365_map_267,9415.408261592711,184.84876361410318
epigenomics_2365_map_268,9837.607204105188,179.75911691990274
epigenomics_2365_map_269,9910.50015034553,192.50034907585862
epigenomics_2365_map_270,9938.024695245114,177.33723136675658
epigenomics_2365_map_271,10002.644238985256,183.4696191544925
epigenomics_2365_map_272,10304.369518750002,180.85173461559313
epigenomics_2365_map_273,9851.77833496098,176.2855505084582
epigenomics_2365_map_274,10312.1615271379,184.97387303745262
epigenomics_2365_map_275,8956.132272880388,183.41098713247894
epigenomics_2365_map_276,9608.163591034625,180.71585570487417
epigenomics_2365_map_277,10123.684035264563,184.6278942405331
epigenomics_2365_map_278,9219.114994730971,178.95296048363565
epigenomics_2365_map_279,10197.194338603796,189.8334124759063
epigenomics_2365_map_280,9925.675293159868,187.37537730083304
epigenomics_2365_map_281,10629.849184582003,187.51667813853243
epigenomics_2365_map_282,10113.789413852563,187.96593912050108
epigenomics_2365_map_283,10668.297409451756,191.14868062781062
epigenomics_2365_map_284,10365.59490766353,188.8644406972707
epigenomics_2365_map_285,9784.05239271281,182.28582411340597
epigenomics_2365_map_286,10453.733766765405,190.1344076662782
epigenomics_2365_map_287,10449.055784252863,185.06479784036665
epigenomics_2365_map_288,9805.383928438447,194.86076007261795
epigenomics_2365_map_289,10064.17647886624,185.42551579882976
epigenomics_2365_map_290,11073.428874865444,192.03713304166732
epigenomics_2365_map_291,10180.816146764928,183.0530827855073
epigenomics_2365_map_292,10847.062699031261,185.071568357502
epigenomics_2365_map_293,10495.455413031294,191.56100032195897
epigenomics_2365_map_294,10242.68086820784,191.64907746815615
epigenomics_2365_map_295,9715.4638966098,177.99888400237094
epigenomics_2365_map_296,10691.31542042525,186.771734531614
epigenomics_2365_map_297,9785.88733608137,185.90760286682536
epigenomics_2365_map_298,9538.94085313752,184.6702949349337
epigenomics_2365_map_299,10744.826071267986,193.2044492699331
epigenomics_2365_map_300,10114.742137849244,190.88133200171788
epigenomics_2365_map_301,9937.52906229303,181.7508351582433
epigenomics_2365_map_302,10823.754426588817,185.31966819586808
epigenomics_2365_map_303,9396.84786265097,194.37522167929913
epigenomics_2365_map_304,9991.283765995502,185.84100913575037
epigenomics_2365_map_305,9650.151773886397,176.83534488089518
epigenomics_2365_map_306,10014.34132879026,185.70700005292252
epigenomics_2365_map_307,10946.881902383986,186.76386827724872
epigenomics_2365_map_308,9738.046314771364,191.13095943809404
epigenomics_2365_map_309,9869.219162673524,184.25003419875165
epigenomics_2365_map_310,10064.02374658543,184.26937314447596
epigenomics_2365_map_311,9784.677513595901,179.94481400177028
epigenomics_2365_map_312,10523.248206570008,192.98710385630454
epigenomics_2365_map_313,10225.900795451284,189.0159436960918
epigenomics_2365_map_314,10685.726347934831,183.5188798907071
epigenomics_2365_map_315,9819.088001265194,178.42396951606085
epigenomics_2365_map_316,10398.488422517124,179.92194412330159
epigenomics_2365_map_317,9108.757882740669,178.6999279098957
epigenomics_2365_map_318,9718.937373555635,191.18883157010816
epigenomics_2365_map_319,10712.030070657878,181.26513635814123
epigenomics_2365_map_320,10364.425398516785,189.43298071626418
epigenomics_2365_map_321,10066.647761222059,185.2730800579296
epigenomics_2365_map_322,10321.540806780227,193.20214565665918
epigenomics_2365_map_323,10696.195549864442,192.55782337388652
epigenomics_2365_map_324,9847.360178471745,178.37502196589497
epigenomics_2365_map_325,10206.583978110884,187.11505146972834
epigenomics_2365_map_326,10304.89762320544,190.47145799809294
epigenomics_2365_map_327,10729.687835653354,177.875200269487
epigenomics_2365_map_328,9512.917975548726,189.11244601062324
epigenomics_2365_map_329,8923.098518214296,182.44085445132126
epigenomics_2365_map_330,10531.081478860064,180.82135434553558
epigenomics_2365_map_331,10695.523519913591,179.73781340544494
epigenomics_2365_map_332,9647.936021221554,186.93888096052729
epigenomics_2365_map_333,10656.550060270472,183.28069262812508
epigenomics_2365_map_334,9814.159745033841,191.89429195021364
epigenomics_2365_map_335,9787.67575654207,195.1546906576776
epigenomics_2365_map_336,9786.361929272485,181.26987497532403
epigenomics_2365_map_337,10531.055658481097,181.78911829564026
epigenomics_2365_map_338,10178.472357884571,186.14978483926052
epigenomics_2365_map_339,9125.861616421009,190.1391015516294
epigenomics_2365_map_340,9354.687432250692,181.98432977633317
epigenomics_2365_map_341,9513.500992523832,175.24189764054765
epigenomics_2365_map_342,10943.37101772856,188.41843645447256
epigenomics_2365_map_343,10334.010130372004,181.66978227293305
epigenomics_2365_map_344,10591.340074564547,183.49911620805122
epigenomics_2365_map_345,9758.31607901914,188.3137196180547
epigenomics_2365_map_346,10032.664102964856,187.8014569915078
epigenomics_2365_map_347,10826.736566085028,192.68900908146088
epigenomics_2365_map_348,10416.06463398091,186.20812757586742
epigenomics_2365_map_349,9880.526297269696,188.38854403282835
epigenomics_2365_map_350,9950.09956064588,179.76529756664118
epigenomics_2365_map_351,10042.361318897536,185.89844490114376
epigenomics_2365_map_352,9754.937737566986,187.6128180207945
epigenomics_2365_map_353,10509.9864297848,189.6627148109767
epigenomics_2365_map_354,10235.03692545581,177.822088072143
epigenomics_2365_map_355,10589.800186250877,189.43277620637213
epigenomics_2365_map_356,10377.595917125862,175.51702257558563
epigenomics_2365_map_357,10238.095330275157,185.34123922518276
epigenomics_2365_map_358,10362.018130658458,182.8597313876391
epigenomics_2365_map_359,10085.053285438036,176.565939905096
epigenomics_2365_map_360,9676.30351071109,185.25599876425989
epigenomics_2365_map_361,8825.12577943357,181.78668825675655
epigenomics_2365_map_362,10223.434336801049,190.12000623884813
epigenomics_2365_map_363,9158.136852288579,182.489142237635
epigenomics_2365_map_364,10052.934932864158,195.24820324685228
epigenomics_2365_map_365,10041.414927217676,185.09022853132302
epigenomics_2365_map_366,9413.591387079538,184.93085515940712
epigenomics_2365_map_367,10006.947338341355,177.61005270105204
epigenomics_2365_map_368,9433.247598068801,185.72834372900678
epigenomics_2365_map_369,9746.942809255468,182.56135322740863
epigenomics_2365_map_370,10329.05209054062,182.91130915769182
epigenomics_2365_map_371,10096.472384195416,196.91295303375057
epigenomics_2365_map_372,9274.858012137855,185.60428986469518
epigenomics_2365_map_373,9975.825789643492,197.8884095424704
epigenomics_2365_map_374,9194.373181206975,182.80100265534853
epigenomics_2365_map_375,9737.72489120563,177.71961629339287
epigenomics_2365_map_376,9405.140446003465,187.25186995455846
epigenomics_2365_map_377,10153.195471231433,184.22147853774948
epigenomics_2365_map_378,9671.759398761931,193.01201888965934
epigenomics_2365_map_379,10023.035228293642,184.06749240116469
epigenomics_2365_map_380,10554.956688022106,193.06024750838708
epigenomics_2365_map_381,9063.32968650746,183.17900425062362
epigenomics_2365_map_382,10123.46568293539,178.63590266445638
epigenomics_2365_map_383,10775.800748316738,180.2548197681087
epigenomics_2365_map_384,11225.992255316836,194.06434961863354
epigenomics_2365_map_385,10082.516092670228,184.92210622966613
epigenomics_2365_map_386,9795.916068902134,185.53830309931573
epigenomics_2365_map_387,9821.063783258176,194.11931222576555
epigenomics_2365_map_388,10104.425309777984,183.11169948253027
epigenomics_2365_map_389,10434.47086975751,182.389558481023
epigenomics_2365_map_390,10166.931897585162,183.17621306389057
epigenomics_2365_map_391,9692.957141871706,189.44100314702703
epigenomics_2365_map_392,10051.021970218815,186.4582494538265
epigenomics_2365_map_393,9881.925258706178,183.99668267053397
epigenomics_2365_map_394,10111.423619167457,188.09195775504244
epigenomics_2365_map_395,9955.275854674863,189.887087307838
epigenomics_2365_map_396,9776.794990724648,187.1491452798759
epigenomics_2365_map_397,11123.882055958835,183.92665831249522
epigenomics_2365_map_398,9659.57170480815,176.13742908946222
epigenomics_2365_map_399,10051.890262279707,186.65284111755662
epigenomics_2365_map_400,10505.879291846377,184.08663988210535
epigenomics_2365_map_401,9703.498354960084,192.4227612489988
epigenomics_2365_map_402,10418.977138186068,200.11500487809275
epigenomics_2365_map_403,9746.927374452867,183.700971489095
epigenomics_2365_map_404,9836.3733620139,180.12600309168346
epigenomics_2365_map_405,10378.357715760663,181.54702474657776
epigenomics_2365_map_406,9976.20099749909,185.40470506373143
epigenomics_2365_map_407,10144.553213212721,190.28257610716418
epigenomics_2365_map_408,9497.200456113305,193.94605396993055
epigenomics_2365_map_409,10355.181461146505,183.31502422725288
epigenomics_2365_map_410,9934.415036059694,188.65355963998135
epigenomics_2365_map_411,10475.806064328355,175.6612992518759
epigenomics_2365_map_412,10023.130354365152,184.14311349001926
epigenomics_2365_map_413,10104.173869246519,189.6623480079857
epigenomics_2365_map_414,11235.659012224663,184.20154210849773
epigenomics_2365_map_415,9212.874972415519,189.7060049613398
epigenomics_2365_map_416,11590.260586230392,178.54177291348367
epigenomics_2365_map_417,10440.800145274377,191.37721380874402
epigenomics_2365_map_418,9928.597163239998,180.62323455407412
epigenomics_2365_map_419,9494.732738993058,190.99800855766898
epigenomics_2365_map_420,9290.864107508323,180.6800514662879
epigenomics_2365_map_421,10506.302478067282,181.53217571212
epigenomics_2365_map_422,9780.462495113386,177.9722496776925
epigenomics_2365_map_423,9621.80644239671,185.46539847872214
epigenomics_2365_map_424,9009.74661577018,185.17783204017013
epigenomics_2365_map_425,9783.312731971682,181.94591788487648
epigenomics_2365_map_426,10631.35722569455,181.6282234391516
epigenomics_2365_map_427,10380.73121260933,192.57799489493698
epigenomics_2365_map_428,11138.462080631407,181.23532535093318
epigenomics_2365_map_429,9660.018529099843,181.64795414511747
epigenomics_2365_map_430,10112.965640555825,186.459091980643
epigenomics_2365_map_431,10665.960955506884,181.05264981166653
epigenomics_2365_map_432,9638.425693627683,180.09797177357416
epigenomics_2365_map_433,10153.633700976397,178.24269294678558
epigenomics_2365_map_434,10182.345930719825,180.9685839943514
epigenomics_2365_map_435,10562.896652313157,186.21412437923797
epigenomics_2365_map_436,10586.001138252786,181.3715185701341
epigenomics_2365_map_437,9365.332071575836,186.51703234713014
epigenomics_2365_map_438,10167.51891973986,193.2741192654143
epigenomics_2365_map_439,9753.016248747088,187.79845596474067
epigenomics_2365_map_440,9984.056523888159,186.95345776412094
epigenomics_2365_map_441,9848.95873910424,182.40956632387466
epigenomics_2365_map_442,9988.771986214,175.78173002241135
epigenomics_2365_map_443,9366.940919814644,182.657870768789
epigenomics_2365_map_444,9727.695345578657,194.07723821777589
epigenomics_2365_map_445,9492.717134007891,188.76470295806948
epigenomics_2365_map_446,9056.778990829394,181.9452681556688
epigenomics_2365_map_447,10461.73631616656,187.82857353898413
epigenomics_2365_map_448,11230.760927567477,182.35065647780382
epigenomics_2365_map_449,9192.421669455358,191.21300949717426
epigenomics_2365_map_450,9573.02047119332,185.64125273619726
epigenomics_2365_map_451,10405.047667755098,177.57040362380144
epigenomics_2365_map_452,9782.495578079177,182.93472499053854
epigenomics_2365_map_453,10594.45168573942,178.8023937385533
epigenomics_2365_map_454,10072.49223216165,180.62005300792976
epigenomics_2365_map_455,9276.797035564463,183.98737283781986
epigenomics_2365_map_456,9898.891796577205,187.10788383896192
epigenomics_2365_map_457,10682.227207476291,185.6243461274183
epigenomics_2365_map_458,9767.417551582495,196.05920678403533
epigenomics_2365_map_459,9610.360397809858,191.90784161754215
epigenomics_2365_map_460,10141.205503451,181.61451587411923
epigenomics_2365_map_461,10992.372881242507,192.170607085967
epigenomics_2365_map_462,10286.5774789653,181.409144941707
epigenomics_2365_map_463,8889.7320344506,194.08904685141877
epigenomics_2365_map_464,9613.510220282156,187.63014843660164
epigenomics_2365_map_465,9940.036847277948,187.51296328222398
epigenomics_2365_map_466,9892.756154488214,180.07858069346833
epigenomics_2365_map_467,10631.61944005369,188.55749096054575
epigenomics_2365_map_468,10242.362139290632,184.3723635092717
epigenomics_2365_map_469,9842.322277412844,176.06525932964604
epigenomics_2365_map_470,9516.861642954298,198.90007968813495
epigenomics_2365_map_471,10016.285436782984,187.35813194201407
epigenomics_2365_map_472,9935.454775500144,186.79212266538337
epigenomics_2365_map_473,8956.907329099806,184.73226050166215
epigenomics_2365_map_474,10661.567859518651,180.1371554856013
epigenomics_2365_map_475,9329.889878458342,184.63458095011447
epigenomics_2365_map_476,8987.216471328338,187.84967448786452
epigenomics_2365_map_477,10022.092980619256,180.71873615247742
epigenomics_2365_map_478,9654.519883388599,188.95713036388221
epigenomics_2365_map_479,9184.82757080092,185.91131486229537
epigenomics_2365_map_480,9844.30690142101,187.3145942386425
epigenomics_2365_map_481,9887.80065190264,184.65853300872257
epigenomics_2365_map_482,10505.497921061831,183.40266110567916
epigenomics_2365_map_483,9544.754021126395,185.99834121413443
epigenomics_2365_map_484,9800.083689339548,192.9638334967733
epigenomics_2365_map_485,9178.359647152092,184.8958893580996
epigenomics_2365_map_486,9942.029128749073,181.32686071036025
epigenomics_2365_map_487,9621.368719111613,179.74220539062833
epigenomics_2365_map_488,10538.102725607034,187.7132904263482
epigenomics_2365_map_489,10615.72167609978,185.14742441236763
epigenomics_2365_map_490,10887.05045018787,192.74206474765194
epigenomics_2365_map_491,11020.06443202764,187.69230885611805
epigenomics_2365_map_492,9976.981257665926,182.67685947720065
epigenomics_2365_map_493,9493.245606689989,183.67136911388232
epigenomics_2365_map_494,10301.077423703182,191.77121137268625
epigenomics_2365_map_495,9551.580878496909,178.60955139133003
epigenomics_2365_map_496,9288.930244673002,172.9486831278944
epigenomics_2365_map_497,9940.759351556599,180.57280175408883
epigenomics_2365_map_498,9560.212848154448,185.10122063806455
epigenomics_2365_map_499,10409.318026230505,185.9151526192218
epigenomics_2365_mapMerge1_0,122.77431408019063,119.66940992165978
epigenomics_2365_mapMerge1_1,146.36103729289664,124.40193869766135
epigenomics_2365_mapMerge2_0,130.11085734896096,108.38697655888153
epigenomics_2365_chr21_0,181.882523782546,58.116589420696954
epigenomics_2365_pileup_0,193.62524221647413,91.94250264752861
