request,latency,mem
epigenomics_3464_entry_0,1.0,1.0
epigenomics_3464_fastqSplit_0,51.23676787705324,91.80024466509909
epigenomics_3464_fastqSplit_1,68.25757810338779,93.00767009570379
epigenomics_3464_filterContams_0,17.545202277645842,63.98749230565155
epigenomics_3464_filterContams_1,23.564928034175836,66.76902316967293
epigenomics_3464_filterContams_2,22.804393406283246,81.50206359733471
epigenomics_3464_filterContams_3,17.61033858804114,57.43075910414386
epigenomics_3464_filterContams_4,13.126160194432378,62.62585017202208
epigenomics_3464_filterContams_5,20.55138609395978,61.971492539460634
epigenomics_3464_filterContams_6,23.218796801044924,75.69553341428895
epigenomics_3464_filterContams_7,20.495192859688814,46.640445084814786
epigenomics_3464_filterContams_8,18.324745042447528,75.98316636508194
epigenomics_3464_filterContams_9,20.81852726313557,51.055380996989236
epigenomics_3464_filterContams_10,19.325116210108252,61.24750635675648
epigenomics_3464_filterContams_11,17.57445070110222,53.316531566403384
epigenomics_3464_filterContams_12,20.554197902625607,75.811634598335
epigenomics_3464_filterContams_13,18.606304343971406,71.58932850043341
epigenomics_3464_filterContams_14,20.444107233887284,62.11865891676117
epigenomics_3464_filterContams_15,17.17316221585849,65.98020941765492
epigenomics_3464_filterContams_16,16.463535470390244,49.474667086817824
epigenomics_3464_filterContams_17,17.600789161692244,64.0712770760236
epigenomics_3464_filterContams_18,18.860151749444828,60.90739526327669
epigenomics_3464_filterContams_19,17.608700143736534,75.28823753512373
epigenomics_3464_filterContams_20,19.08556768676017,70.58038699340658
epigenomics_3464_filterContams_21,25.023369585656646,71.95090465298811
epigenomics_3464_filterContams_22,13.181264725199881,65.37735929505034
epigenomics_3464_filterContams_23,24.93150680302756,68.09199706063525
epigenomics_3464_filterContams_24,16.400857168444166,77.65907233801717
epigenomics_3464_filterContams_25,17.690024645887704,58.64727038800847
epigenomics_3464_filterContams_26,19.66706275594497,73.51173320951995
epigenomics_3464_filterContams_27,17.281944632593873,63.18931612405011
epigenomics_3464_filterContams_28,21.267985307028166,66.38210166148527
epigenomics_3464_filterContams_29,19.54506983371201,59.661688413643006
epigenomics_3464_filterContams_30,19.780934639292614,79.41311307267185
epigenomics_3464_filterContams_31,21.0623972813335,70.55331163030718
epigenomics_3464_filterContams_32,27.44750154254271,57.38109463897248
epigenomics_3464_filterContams_33,13.730427325930819,59.87922819096146
epigenomics_3464_filterContams_34,18.501109296039992,60.71551891800607
epigenomics_3464_filterContams_35,20.718070070879826,61.30194295704737
epigenomics_3464_filterContams_36,16.231489579173033,52.01960813482473
epigenomics_3464_filterContams_37,16.89080286664926,61.421974386046784
epigenomics_3464_filterContams_38,22.06301699579602,49.89846681276314
epigenomics_3464_filterContams_39,24.476530806687293,52.89859416625761
epigenomics_3464_filterContams_40,24.24656331356702,73.77451230725678
epigenomics_3464_filterContams_41,27.81303912169463,86.41152212184777
epigenomics_3464_filterContams_42,21.67061090621648,59.5966016039192
epigenomics_3464_filterContams_43,17.889820658387794,69.88038208720614
epigenomics_3464_filterContams_44,22.145610175788992,61.695504212281705
epigenomics_3464_filterContams_45,23.956153227481327,63.348167530747816
epigenomics_3464_filterContams_46,23.363654956416024,69.60854149702783
epigenomics_3464_filterContams_47,19.20671028303718,64.50071966837855
epigenomics_3464_filterContams_48,16.45216000596684,71.92974879977861
epigenomics_3464_filterContams_49,19.59309972963155,47.881973880190365
epigenomics_3464_filterContams_50,17.27717238598359,68.55574589155366
epigenomics_3464_filterContams_51,18.37285794959459,76.14287143983991
epigenomics_3464_filterContams_52,20.183946035450163,90.6920800965826
epigenomics_3464_filterContams_53,19.91129445082075,57.86378737993975
epigenomics_3464_filterContams_54,22.116176759663546,60.213828774608025
epigenomics_3464_filterContams_55,16.625863877911637,70.04475286138506
epigenomics_3464_filterContams_56,21.709148418233248,82.73879307582301
epigenomics_3464_filterContams_57,20.214460949033686,66.12314997432422
epigenomics_3464_filterContams_58,21.848740568548187,66.86114757285505
epigenomics_3464_filterContams_59,22.83951466955621,75.63375732207824
epigenomics_3464_filterContams_60,23.29101708995812,59.88245644476121
epigenomics_3464_filterContams_61,20.687246090320496,66.31323268245305
epigenomics_3464_filterContams_62,21.44242842887921,67.57293764458662
epigenomics_3464_filterContams_63,25.5902788395235,59.73042999149855
epigenomics_3464_filterContams_64,17.813391908165908,64.07249462185905
epigenomics_3464_filterContams_65,21.455957486032183,69.73565410269521
epigenomics_3464_filterContams_66,25.063139574972936,71.8026711046193
epigenomics_3464_filterContams_67,17.39062318120236,76.66333988986229
epigenomics_3464_filterContams_68,23.534715446494552,64.48227625248064
epigenomics_3464_filterContams_69,17.074821672518176,57.819849757260926
epigenomics_3464_filterContams_70,21.808210428851282,51.351904078959926
epigenomics_3464_filterContams_71,22.472250023661935,64.86100129297064
epigenomics_3464_filterContams_72,16.775542337125106,65.57914812431311
epigenomics_3464_filterContams_73,25.75274015246955,64.37680339320555
epigenomics_3464_filterContams_74,18.92901216357681,79.59869049600525
epigenomics_3464_filterContams_75,24.0624175681879,65.42311706076092
epigenomics_3464_filterContams_76,18.1663167384051,66.47668549600347
epigenomics_3464_filterContams_77,22.395412865645966,69.21591685996184
epigenomics_3464_filterContams_78,21.847793451305446,53.77836384636676
epigenomics_3464_filterContams_79,21.940648507514286,69.2053156699338
epigenomics_3464_filterContams_80,19.804711294223893,66.43061520576543
epigenomics_3464_filterContams_81,20.560333700722676,75.60090847392244
epigenomics_3464_filterContams_82,21.311760021191137,61.51005201974413
epigenomics_3464_filterContams_83,18.080610026813588,69.67971733305536
epigenomics_3464_filterContams_84,22.853124813227915,56.230186827906316
epigenomics_3464_filterContams_85,13.939956397282918,61.98527817175099
epigenomics_3464_filterContams_86,18.94369781302739,61.459352491071584
epigenomics_3464_filterContams_87,18.641537878937903,71.37547748686939
epigenomics_3464_filterContams_88,22.56657728412322,72.84278641891983
epigenomics_3464_filterContams_89,22.171030755653465,65.93671650046583
epigenomics_3464_filterContams_90,18.956782876022043,63.38731077925743
epigenomics_3464_filterContams_91,20.008619306551306,62.29135237665354
epigenomics_3464_filterContams_92,18.41095349324026,62.973700223680815
epigenomics_3464_filterContams_93,21.263226242660316,84.6164217816722
epigenomics_3464_filterContams_94,24.21188312838642,81.05901051637646
epigenomics_3464_filterContams_95,22.761041652186783,70.05937692152831
epigenomics_3464_filterContams_96,14.103479417311984,55.77217660661375
epigenomics_3464_filterContams_97,22.433713733629194,47.116011389563155
epigenomics_3464_filterContams_98,16.907257072239986,64.9237534380721
epigenomics_3464_filterContams_99,18.09111337481751,73.84262236943577
epigenomics_3464_filterContams_100,20.57822560350272,71.21498921792903
epigenomics_3464_filterContams_101,19.098547820827083,70.5011006472928
epigenomics_3464_filterContams_102,17.533632072529112,66.40552339792495
epigenomics_3464_filterContams_103,16.93398365386772,62.11836848671422
epigenomics_3464_filterContams_104,23.410800169587077,50.591071589670676
epigenomics_3464_filterContams_105,22.298754834447813,61.87976163629608
epigenomics_3464_filterContams_106,21.28689933100771,71.66961001095584
epigenomics_3464_filterContams_107,19.217529765601956,75.75678349466098
epigenomics_3464_filterContams_108,16.832947369772278,77.91806029566507
epigenomics_3464_filterContams_109,10.806965765359827,58.72475112974256
epigenomics_3464_filterContams_110,22.062695632907293,63.58642612531037
epigenomics_3464_filterContams_111,24.794050147830156,64.5756093838898
epigenomics_3464_filterContams_112,16.249084409751156,64.98145546046473
epigenomics_3464_filterContams_113,17.8287898394377,52.3131073380592
epigenomics_3464_filterContams_114,17.568239699190798,56.34077872047104
epigenomics_3464_filterContams_115,16.695373847349103,77.52712941546783
epigenomics_3464_filterContams_116,16.59699048139305,81.61986866195616
epigenomics_3464_filterContams_117,18.94248009778911,67.21799411378647
epigenomics_3464_filterContams_118,19.78075788989866,67.9212392883447
epigenomics_3464_filterContams_119,14.258756784108165,68.49326006188956
epigenomics_3464_filterContams_120,19.128972825088365,64.92828853167306
epigenomics_3464_filterContams_121,22.72651274250326,72.58470591365791
epigenomics_3464_filterContams_122,22.154540442884148,53.18445888194754
epigenomics_3464_filterContams_123,22.27332095092873,53.92760794559257
epigenomics_3464_filterContams_124,23.711561956216613,62.83178220290739
epigenomics_3464_filterContams_125,23.20769197949263,73.87619926893464
epigenomics_3464_filterContams_126,20.549284814397414,66.23697725245371
epigenomics_3464_filterContams_127,19.23569025073987,72.50096679140243
epigenomics_3464_filterContams_128,17.691779633083826,61.378953122977656
epigenomics_3464_filterContams_129,16.770915422947702,69.48053587589423
epigenomics_3464_filterContams_130,21.254175258375493,58.9654493992997
epigenomics_3464_filterContams_131,21.094594526106704,64.8845962220872
epigenomics_3464_filterContams_132,16.635153766000325,71.78433868176228
epigenomics_3464_filterContams_133,25.663847757539028,69.79849492519419
epigenomics_3464_filterContams_134,19.575547693590988,53.63446025884362
epigenomics_3464_filterContams_135,18.320150769717802,69.65701576967658
epigenomics_3464_filterContams_136,19.561622422345504,72.76578136221666
epigenomics_3464_filterContams_137,21.962280991748923,71.68872159155579
epigenomics_3464_filterContams_138,20.105914265186605,58.628705784145765
epigenomics_3464_filterContams_139,15.74491672480384,66.48528184887792
epigenomics_3464_filterContams_140,23.19138900878405,64.89116675486557
epigenomics_3464_filterContams_141,16.77636548877912,71.28182077544372
epigenomics_3464_filterContams_142,18.97326312620317,65.8419614179915
epigenomics_3464_filterContams_143,17.989021498331038,55.735725423554875
epigenomics_3464_filterContams_144,16.686201684531078,52.792617994836505
epigenomics_3464_filterContams_145,20.968112942844165,71.83894611589226
epigenomics_3464_filterContams_146,21.93701880458256,68.2385687805746
epigenomics_3464_filterContams_147,18.01463221335294,59.85719165436225
epigenomics_3464_filterContams_148,22.334170764054285,66.76036020860829
epigenomics_3464_filterContams_149,16.858336109009954,67.5896342676832
epigenomics_3464_filterContams_150,19.161297849760825,64.16236672725195
epigenomics_3464_filterContams_151,18.905104325363293,67.22469591964055
epigenomics_3464_filterContams_152,18.95849504745613,54.682351066801466
epigenomics_3464_filterContams_153,20.99510967457657,57.77300525130362
epigenomics_3464_filterContams_154,16.888100635914224,54.3164046894067
epigenomics_3464_filterContams_155,16.319873376064287,60.377178199598035
epigenomics_3464_filterContams_156,25.120574489292345,56.00318883625711
epigenomics_3464_filterContams_157,20.308449529240544,62.99924418695494
epigenomics_3464_filterContams_158,22.56084350818769,65.23204054560507
epigenomics_3464_filterContams_159,16.970269114336418,62.05349930787601
epigenomics_3464_filterContams_160,19.55085932444163,59.77517377039527
epigenomics_3464_filterContams_161,25.97861590535326,64.27881538759954
epigenomics_3464_filterContams_162,22.143953195511887,58.49206589323778
epigenomics_3464_filterContams_163,18.861882941687405,69.1993164881345
epigenomics_3464_filterContams_164,17.755511860028204,51.764363038297795
epigenomics_3464_filterContams_165,18.39529947352476,67.75334805597075
epigenomics_3464_filterContams_166,23.339906072250876,58.26173150970213
epigenomics_3464_filterContams_167,21.02659744069377,63.438820049165685
epigenomics_3464_filterContams_168,15.09994871978936,71.2735999887947
epigenomics_3464_filterContams_169,23.419348921442666,71.09190489636151
epigenomics_3464_filterContams_170,16.68124932958951,44.12718316829053
epigenomics_3464_filterContams_171,20.23865563281584,71.61404301668595
epigenomics_3464_filterContams_172,19.82010353954226,47.806065238000315
epigenomics_3464_filterContams_173,14.4019385817716,57.32775181089593
epigenomics_3464_filterContams_174,16.70420333258348,73.11927949080524
epigenomics_3464_filterContams_175,21.40178781538238,74.44128375874938
epigenomics_3464_filterContams_176,19.55308658392518,74.01183505902458
epigenomics_3464_filterContams_177,18.19253293845043,53.07240055874347
epigenomics_3464_filterContams_178,22.31126468041487,62.010682904324135
epigenomics_3464_filterContams_179,17.627145242740323,54.354768671403
epigenomics_3464_filterContams_180,18.922687489149574,76.58316056366205
epigenomics_3464_filterContams_181,19.91236312682675,67.49780792816438
epigenomics_3464_filterContams_182,18.158915004686328,64.79431732793167
epigenomics_3464_filterContams_183,22.105013742027293,58.50025642365373
epigenomics_3464_filterContams_184,17.930803210209056,54.1688852731746
epigenomics_3464_filterContams_185,18.11894904349091,76.64781392160286
epigenomics_3464_filterContams_186,16.541286924463616,61.14113609160004
epigenomics_3464_filterContams_187,24.795261762873047,62.132010326281
epigenomics_3464_filterContams_188,20.072761590374967,72.42790381897416
epigenomics_3464_filterContams_189,16.4997978446222,62.53456165530079
epigenomics_3464_filterContams_190,22.39538310096468,74.14422480456253
epigenomics_3464_filterContams_191,21.29915706947973,71.36649749174498
epigenomics_3464_filterContams_192,17.097463948701773,75.90640962367692
epigenomics_3464_filterContams_193,21.608720042082535,78.26981262461393
epigenomics_3464_filterContams_194,20.91657894202377,64.35487437510041
epigenomics_3464_filterContams_195,19.225967445159956,66.8180750094657
epigenomics_3464_filterContams_196,19.741655893955162,67.5421245780342
epigenomics_3464_filterContams_197,16.409373884857786,63.252756578900325
epigenomics_3464_filterContams_198,16.80534408827506,68.60008721926684
epigenomics_3464_filterContams_199,22.881506470793063,67.5917761534324
epigenomics_3464_filterContams_200,18.849723419917243,72.03772618002047
epigenomics_3464_filterContams_201,17.831297671913735,73.20330514356927
epigenomics_3464_filterContams_202,20.951513542971746,46.7144600209168
epigenomics_3464_filterContams_203,21.902091810570003,53.94687074416247
epigenomics_3464_filterContams_204,18.757408021488846,79.59984662999564
epigenomics_3464_filterContams_205,25.40799335361275,61.59535674756167
epigenomics_3464_filterContams_206,20.81065276884458,59.5306025527087
epigenomics_3464_filterContams_207,23.627790189747007,49.359834601059646
epigenomics_3464_filterContams_208,18.78807241044497,61.37846963425405
epigenomics_3464_filterContams_209,18.906697595279102,70.78279575934893
epigenomics_3464_filterContams_210,26.169155289217148,74.61165093255751
epigenomics_3464_filterContams_211,21.951552906801346,50.209179642079015
epigenomics_3464_filterContams_212,18.87079999321817,69.54884483104843
epigenomics_3464_filterContams_213,15.984125285693242,80.31142497936428
epigenomics_3464_filterContams_214,23.249761082667376,76.42326213692209
epigenomics_3464_filterContams_215,18.861814162621936,59.0567090972314
epigenomics_3464_filterContams_216,19.852453341341736,60.213762177061135
epigenomics_3464_filterContams_217,18.83246217879363,75.59957811318097
epigenomics_3464_filterContams_218,16.550439874253453,77.96574549479477
epigenomics_3464_filterContams_219,16.01215227929887,66.7798745401383
epigenomics_3464_filterContams_220,13.980201459774657,73.6807292625197
epigenomics_3464_filterContams_221,20.19127770254232,75.04873060437603
epigenomics_3464_filterContams_222,20.904213225569432,64.13545773621308
epigenomics_3464_filterContams_223,22.335824581926524,64.8258788164719
epigenomics_3464_filterContams_224,21.919089851236844,54.01548307151
epigenomics_3464_filterContams_225,18.642587880720054,58.13820753005314
epigenomics_3464_filterContams_226,17.559024820818777,52.83812124566404
epigenomics_3464_filterContams_227,20.496304309058523,66.69988036707693
epigenomics_3464_filterContams_228,22.10964698118045,55.44943603439107
epigenomics_3464_filterContams_229,18.259548408835464,65.8169383395785
epigenomics_3464_filterContams_230,16.71405280567577,79.86190365675722
epigenomics_3464_filterContams_231,24.852055399309563,68.18643964268159
epigenomics_3464_filterContams_232,26.662392062913533,54.70587696582226
epigenomics_3464_filterContams_233,19.475013151283726,62.012052376087276
epigenomics_3464_filterContams_234,15.10453907189341,58.76761882060309
epigenomics_3464_filterContams_235,19.58476304122679,56.956828110469885
epigenomics_3464_filterContams_236,20.414518452794308,56.93919559973934
epigenomics_3464_filterContams_237,21.50616174371394,64.97952235854817
epigenomics_3464_filterContams_238,22.721939148422823,69.83625853274265
epigenomics_3464_filterContams_239,23.328369389738015,63.709950568086676
epigenomics_3464_filterContams_240,17.389369809484407,58.35347669825927
epigenomics_3464_filterContams_241,21.19979558244025,66.93257240638975
epigenomics_3464_filterContams_242,23.848458450146943,67.78877332688396
epigenomics_3464_filterContams_243,22.10879443466706,67.66948369689571
epigenomics_3464_filterContams_244,17.66159076990218,67.27368425276633
epigenomics_3464_filterContams_245,18.158462970928493,55.50508672686532
epigenomics_3464_filterContams_246,21.85103298001766,64.19543399611477
epigenomics_3464_filterContams_247,20.819519312608044,68.85002165264031
epigenomics_3464_filterContams_248,16.784135615728374,65.15792554277567
epigenomics_3464_filterContams_249,21.12573531586811,73.1662175327402
epigenomics_3464_filterContams_250,23.981345299387414,77.58230531230456
epigenomics_3464_filterContams_251,18.96697356055665,67.42161153536243
epigenomics_3464_filterContams_252,20.898207317696322,62.76700069600132
epigenomics_3464_filterContams_253,14.361067347093579,56.662004062535054
epigenomics_3464_filterContams_254,19.99890335022212,67.4121372554757
epigenomics_3464_filterContams_255,19.703932113619228,81.39246156747161
epigenomics_3464_filterContams_256,20.846107175557552,63.056965789761335
epigenomics_3464_filterContams_257,23.20260552421465,51.68544297470339
epigenomics_3464_filterContams_258,15.701431710208709,66.22635519883883
epigenomics_3464_filterContams_259,18.873411055927043,55.76756592566387
epigenomics_3464_filterContams_260,20.831048913676682,59.04821325019539
epigenomics_3464_filterContams_261,21.926390096764045,60.32144951531971
epigenomics_3464_filterContams_262,19.144474910873416,69.72570358424407
epigenomics_3464_filterContams_263,18.133320466760487,51.327005622214344
epigenomics_3464_filterContams_264,12.440052235238628,40.31585158210872
epigenomics_3464_filterContams_265,18.97373942426843,68.1592474954483
epigenomics_3464_filterContams_266,19.59880913133201,68.96604127925669
epigenomics_3464_filterContams_267,19.93040855327401,65.83062491357708
epigenomics_3464_filterContams_268,18.919923237869547,61.1886886582231
epigenomics_3464_filterContams_269,20.714532517328184,57.967976272223964
epigenomics_3464_filterContams_270,22.936952819851946,73.39082498300593
epigenomics_3464_filterContams_271,20.879936250410598,74.55580000477724
epigenomics_3464_filterContams_272,17.886320211791244,62.5286679504688
epigenomics_3464_filterContams_273,13.034830641490327,66.43653547948261
epigenomics_3464_filterContams_274,20.344389445947627,62.97035186274208
epigenomics_3464_filterContams_275,21.955423668172795,59.52220385644789
epigenomics_3464_filterContams_276,15.834057729885089,63.85638893782204
epigenomics_3464_filterContams_277,18.090536923834755,63.852768619003385
epigenomics_3464_filterContams_278,15.712492654042101,67.19178793156306
epigenomics_3464_filterContams_279,19.915073440078277,65.97235606329637
epigenomics_3464_filterContams_280,19.60338018494987,51.8845257425742
epigenomics_3464_filterContams_281,22.585823517160257,58.13298577110425
epigenomics_3464_filterContams_282,20.370953547788986,64.65780268911539
epigenomics_3464_filterContams_283,20.38187702906603,52.41978334895905
epigenomics_3464_filterContams_284,14.931971923995295,67.97870044162423
epigenomics_3464_filterContams_285,14.388820499059324,69.35125942583764
epigenomics_3464_filterContams_286,20.45062669978263,58.724928865221855
epigenomics_3464_filterContams_287,17.034362118548607,68.03036124599791
epigenomics_3464_filterContams_288,22.675505990852365,70.24104864706915
epigenomics_3464_filterContams_289,23.175551782874372,66.33177677625429
epigenomics_3464_filterContams_290,23.3754696618137,71.71253609802056
epigenomics_3464_filterContams_291,17.717301314374936,65.47104653848108
epigenomics_3464_filterContams_292,21.521921983493293,59.15313447816558
epigenomics_3464_filterContams_293,20.37641565440897,59.344525107860846
epigenomics_3464_filterContams_294,22.991397018139818,70.39902842567749
epigenomics_3464_filterContams_295,23.97365790387094,79.4457097458211
epigenomics_3464_filterContams_296,17.879336873477975,65.48106186333395
epigenomics_3464_filterContams_297,19.912473436042305,75.26583821075661
epigenomics_3464_filterContams_298,17.572131815456828,70.41861957167238
epigenomics_3464_filterContams_299,21.104534726217956,61.171425034949834
epigenomics_3464_filterContams_300,22.00405847160925,78.58965316309144
epigenomics_3464_filterContams_301,15.717616032155508,63.324272472912476
epigenomics_3464_filterContams_302,21.963141650433073,70.02564687265617
epigenomics_3464_filterContams_303,20.425143206452706,78.85587251041002
epigenomics_3464_filterContams_304,24.167119064890368,56.22027152506696
epigenomics_3464_filterContams_305,22.263158683582127,66.03818068606493
epigenomics_3464_filterContams_306,24.045453064525404,66.19898614876935
epigenomics_3464_filterContams_307,19.71280234801439,64.77248554848012
epigenomics_3464_filterContams_308,16.876420609872174,71.07795832675515
epigenomics_3464_filterContams_309,19.046094186242694,72.99552618016938
epigenomics_3464_filterContams_310,22.445823747188296,75.39736068615034
epigenomics_3464_filterContams_311,14.229115194498528,57.80970992327526
epigenomics_3464_filterContams_312,21.414328645782312,66.28797088631818
epigenomics_3464_filterContams_313,16.399605140139766,65.3343212975041
epigenomics_3464_filterContams_314,18.4563415673004,68.27696450338426
epigenomics_3464_filterContams_315,17.43432871208186,48.9480126380643
epigenomics_3464_filterContams_316,18.51594670864588,74.16043972516482
epigenomics_3464_filterContams_317,19.682497018956568,69.32038248022239
epigenomics_3464_filterContams_318,20.59852952304877,69.99512213014145
epigenomics_3464_filterContams_319,20.573067579274415,59.89071429378372
epigenomics_3464_filterContams_320,21.0889049749532,44.99094312242762
epigenomics_3464_filterContams_321,18.2500314156957,68.00802876585495
epigenomics_3464_filterContams_322,19.004279646448676,63.92741784560137
epigenomics_3464_filterContams_323,21.63411240944925,62.15685190426995
epigenomics_3464_filterContams_324,15.836408744856744,66.39094142893076
epigenomics_3464_filterContams_325,20.960540473962325,55.59385870039263
epigenomics_3464_filterContams_326,19.618991310282336,57.94461076497733
epigenomics_3464_filterContams_327,19.954552841429216,63.41396164824427
epigenomics_3464_filterContams_328,18.964573769231265,65.54279868197465
epigenomics_3464_filterContams_329,19.327588445102116,62.30863715322836
epigenomics_3464_filterContams_330,24.92222950886665,69.35461936873398
epigenomics_3464_filterContams_331,19.807442669794103,79.91153510370047
epigenomics_3464_filterContams_332,17.406536601595977,52.22019492925385
epigenomics_3464_filterContams_333,20.382651399134126,65.82064845389091
epigenomics_3464_filterContams_334,23.24970456366909,62.9246261405212
epigenomics_3464_filterContams_335,17.55603518719485,56.74164042973405
epigenomics_3464_filterContams_336,18.25970800972735,59.963174854692326
epigenomics_3464_filterContams_337,22.21350418819737,63.021562047548585
epigenomics_3464_filterContams_338,19.056730483057066,62.201935105824475
epigenomics_3464_filterContams_339,22.59268506160462,50.61448119407845
epigenomics_3464_filterContams_340,18.220577439910098,66.8863278364652
epigenomics_3464_filterContams_341,17.419659589515145,64.47296842818577
epigenomics_3464_filterContams_342,22.450002700075487,64.32817832593955
epigenomics_3464_filterContams_343,19.079105502544536,68.53550798031577
epigenomics_3464_filterContams_344,21.878403877954614,70.47484075414935
epigenomics_3464_filterContams_345,25.881561075107637,72.10597828153192
epigenomics_3464_filterContams_346,19.998730215182693,72.6815199657846
epigenomics_3464_filterContams_347,18.478381735015887,64.38207247832648
epigenomics_3464_filterContams_348,15.578716820196856,61.0900301162921
epigenomics_3464_filterContams_349,18.851534279281275,70.53926632552403
epigenomics_3464_filterContams_350,17.11767734048025,67.06400383196562
epigenomics_3464_filterContams_351,19.501298926981224,69.00996201921939
epigenomics_3464_filterContams_352,17.07494695917077,50.53515673684213
epigenomics_3464_filterContams_353,18.596272714170134,80.6358830066877
epigenomics_3464_filterContams_354,19.978437910061977,81.64211309403142
epigenomics_3464_filterContams_355,20.728186195748716,50.16028901285614
epigenomics_3464_filterContams_356,23.49920972546169,63.440116791984124
epigenomics_3464_filterContams_357,21.704335285814334,78.40713948739095
epigenomics_3464_filterContams_358,24.839769488903205,54.29638495847236
epigenomics_3464_filterContams_359,23.824197673116693,70.02032827241102
epigenomics_3464_filterContams_360,16.026161179778583,69.00510575109332
epigenomics_3464_filterContams_361,22.483385233648846,57.381652937366255
epigenomics_3464_filterContams_362,21.956826965519046,55.33098666133685
epigenomics_3464_filterContams_363,17.043317717290464,83.0378080555148
epigenomics_3464_filterContams_364,18.085535407365622,59.16138413254378
epigenomics_3464_filterContams_365,20.935810560971763,49.29131225297338
epigenomics_3464_filterContams_366,16.728472228488798,71.47412392174363
epigenomics_3464_filterContams_367,12.980339085750368,67.77287399650851
epigenomics_3464_filterContams_368,17.99274538123986,62.929316355438345
epigenomics_3464_filterContams_369,20.3808272689612,61.690533254001245
epigenomics_3464_filterContams_370,19.590994514065507,58.10874068564719
epigenomics_3464_filterContams_371,22.858121795796244,58.885633369198295
epigenomics_3464_filterContams_372,23.08931860658246,71.00140490550098
epigenomics_3464_filterContams_373,25.592001462354254,58.75770260345202
epigenomics_3464_filterContams_374,17.062687566104334,60.80795865581195
epigenomics_3464_filterContams_375,18.573394452010923,66.23756667541866
epigenomics_3464_filterContams_376,21.708236080519768,51.5108750078078
epigenomics_3464_filterContams_377,21.530594935214385,63.05635245102926
epigenomics_3464_filterContams_378,19.319528289900582,69.38831392085932
epigenomics_3464_filterContams_379,23.652432179827027,67.45131789720337
epigenomics_3464_filterContams_380,17.825462129937737,58.483910690887264
epigenomics_3464_filterContams_381,20.061847721085222,66.33500327556222
epigenomics_3464_filterContams_382,17.28510835466591,65.7027096631512
epigenomics_3464_filterContams_383,20.296054176714648,58.61022100282965
epigenomics_3464_filterContams_384,19.846358186078636,61.043759852155546
epigenomics_3464_filterContams_385,22.23770409619468,68.09152757242127
epigenomics_3464_filterContams_386,23.075439597032652,59.43346635237099
epigenomics_3464_filterContams_387,27.240732546947577,60.47151721906357
epigenomics_3464_filterContams_388,23.740419268572133,67.34784608434902
epigenomics_3464_filterContams_389,20.242924345484322,66.34150166291896
epigenomics_3464_filterContams_390,22.05819290596395,48.93210720704441
epigenomics_3464_filterContams_391,23.830039438486047,68.43227997634791
epigenomics_3464_filterContams_392,19.449660868290472,55.279391308373064
epigenomics_3464_filterContams_393,20.46354061713104,55.26197977146726
epigenomics_3464_filterContams_394,18.013820844022476,70.9804844883934
epigenomics_3464_filterContams_395,21.7874075470123,70.3465419372752
epigenomics_3464_filterContams_396,20.766202945724324,61.58782800189218
epigenomics_3464_filterContams_397,20.796006713094155,65.84068992991814
epigenomics_3464_filterContams_398,21.825675020320585,54.63883783004988
epigenomics_3464_filterContams_399,26.76001499651262,55.975427231695555
epigenomics_3464_filterContams_400,19.651678812555968,68.38924440586156
epigenomics_3464_filterContams_401,17.72804385292455,78.38790399194892
epigenomics_3464_filterContams_402,19.045911980381657,66.3029936634194
epigenomics_3464_filterContams_403,19.544425409401008,60.154435325536895
epigenomics_3464_filterContams_404,19.878373905335348,66.58086946278526
epigenomics_3464_filterContams_405,22.253223666061942,60.340970445798646
epigenomics_3464_filterContams_406,18.714933726715497,66.37316655163383
epigenomics_3464_filterContams_407,19.278877852635272,61.27331133257402
epigenomics_3464_filterContams_408,17.439662278927273,60.027722807906876
epigenomics_3464_filterContams_409,24.999825150890988,65.4518064670544
epigenomics_3464_filterContams_410,22.73656961359105,72.91034350524085
epigenomics_3464_filterContams_411,22.70619626155868,69.56596303760894
epigenomics_3464_filterContams_412,14.535976813869754,59.89557113084697
epigenomics_3464_filterContams_413,23.79025689407747,55.83262709612331
epigenomics_3464_filterContams_414,17.73574115190634,65.59742809362815
epigenomics_3464_filterContams_415,20.004891616516986,69.8665665123741
epigenomics_3464_filterContams_416,15.222669787943822,65.35710177520451
epigenomics_3464_filterContams_417,17.289027871725,75.64022128116987
epigenomics_3464_filterContams_418,22.76558179145986,61.956288203022936
epigenomics_3464_filterContams_419,18.662182563872825,66.31219367129009
epigenomics_3464_filterContams_420,18.676157332405065,62.84497747350394
epigenomics_3464_filterContams_421,17.602864088034018,58.18083168179116
epigenomics_3464_filterContams_422,18.36662817657975,77.47751219476912
epigenomics_3464_filterContams_423,23.46354731656011,73.54626619204703
epigenomics_3464_filterContams_424,17.482698311157286,63.55726971983642
epigenomics_3464_filterContams_425,21.1264698305729,58.8341776565093
epigenomics_3464_filterContams_426,16.841120308713755,73.72198887909636
epigenomics_3464_filterContams_427,18.36077992055439,58.84341333236099
epigenomics_3464_filterContams_428,15.292789077593829,60.09018393492234
epigenomics_3464_filterContams_429,19.97687492205011,50.27916344686297
epigenomics_3464_filterContams_430,19.42406754325665,66.8775681152801
epigenomics_3464_filterContams_431,17.467763987307073,65.488841800622
epigenomics_3464_filterContams_432,18.04915476487288,64.46827585897125
epigenomics_3464_filterContams_433,20.1986545759431,68.18788367097804
epigenomics_3464_filterContams_434,19.76308769180354,68.49530747539245
epigenomics_3464_filterContams_435,18.922580462067174,71.52967479427583
epigenomics_3464_filterContams_436,20.952019542284905,59.8536104956552
epigenomics_3464_filterContams_437,18.003188474007736,72.08741671054422
epigenomics_3464_filterContams_438,22.82693611328765,65.20971285197281
epigenomics_3464_filterContams_439,17.667288015849568,53.992854893165756
epigenomics_3464_filterContams_440,18.84473459896511,62.779645470772444
epigenomics_3464_filterContams_441,23.488345688869487,78.1369616005106
epigenomics_3464_filterContams_442,19.16244370955204,65.13795606652806
epigenomics_3464_filterContams_443,19.578924624300136,60.450341532843844
epigenomics_3464_filterContams_444,24.468051661569863,68.64981851701452
epigenomics_3464_filterContams_445,19.701266758890995,65.33158756656779
epigenomics_3464_filterContams_446,16.955599657647348,66.98942290227826
epigenomics_3464_filterContams_447,22.289125689307486,71.86714219970118
epigenomics_3464_filterContams_448,19.040971713938948,63.134455382142434
epigenomics_3464_filterContams_449,21.561134603764604,56.2685129012565
epigenomics_3464_filterContams_450,22.551013723570517,62.19500100678092
epigenomics_3464_filterContams_451,19.154340159237126,71.05383221176793
epigenomics_3464_filterContams_452,16.792874654962386,67.08965857444261
epigenomics_3464_filterContams_453,19.79957904237469,66.99395372244534
epigenomics_3464_filterContams_454,22.812704256675477,70.76838519708284
epigenomics_3464_filterContams_455,17.99827026336272,59.50337875548447
epigenomics_3464_filterContams_456,16.773352690236692,68.85859175880282
epigenomics_3464_filterContams_457,20.323659702377302,68.31456566353854
epigenomics_3464_filterContams_458,22.0274938262428,78.07490074117112
epigenomics_3464_filterContams_459,19.30776857560293,60.51732279367166
epigenomics_3464_filterContams_460,23.458635701691716,75.99433727229022
epigenomics_3464_filterContams_461,24.645127848235795,53.57129774276504
epigenomics_3464_filterContams_462,21.175173273947095,66.67189274004157
epigenomics_3464_filterContams_463,23.365784339631652,68.54077315265211
epigenomics_3464_filterContams_464,16.028530544553824,59.061765993110185
epigenomics_3464_filterContams_465,18.649293247491645,49.26654165920547
epigenomics_3464_filterContams_466,25.813288266633045,73.63370323065855
epigenomics_3464_filterContams_467,20.207411383016513,58.98914174818398
epigenomics_3464_filterContams_468,19.916491136154473,65.58643738651917
epigenomics_3464_filterContams_469,16.2881313779983,61.921235229631144
epigenomics_3464_filterContams_470,15.904942841218944,66.87142066690645
epigenomics_3464_filterContams_471,17.856796496861282,59.36338452219756
epigenomics_3464_filterContams_472,17.86900457082593,69.12199085888662
epigenomics_3464_filterContams_473,20.234026339680618,74.18347975313273
epigenomics_3464_filterContams_474,21.55738956118668,60.57247791616197
epigenomics_3464_filterContams_475,15.7040306539344,75.11233220023321
epigenomics_3464_filterContams_476,22.91534487531497,82.21878470153962
epigenomics_3464_filterContams_477,18.66921670228393,71.87690413187029
epigenomics_3464_filterContams_478,21.38695135498207,63.40385085873898
epigenomics_3464_filterContams_479,17.754898774064433,67.39090563451016
epigenomics_3464_filterContams_480,22.734173900246027,48.52171963224228
epigenomics_3464_filterContams_481,16.915716084372253,51.08205287521346
epigenomics_3464_filterContams_482,24.87751168989929,71.648174311341
epigenomics_3464_filterContams_483,17.794158002493166,64.36308788413453
epigenomics_3464_filterContams_484,19.26994300182191,74.56321037564548
epigenomics_3464_filterContams_485,15.07650659309446,58.29294033328401
epigenomics_3464_filterContams_486,20.55210136755238,73.80495560915065
epigenomics_3464_filterContams_487,20.909142192981797,65.56927682521709
epigenomics_3464_filterContams_488,16.397757645003445,64.65820892256038
epigenomics_3464_filterContams_489,19.29537505979055,72.4823611013385
epigenomics_3464_filterContams_490,22.489150048352375,63.305509468886164
epigenomics_3464_filterContams_491,21.403472315325057,71.60797028566958
epigenomics_3464_filterContams_492,26.96790177752994,54.370151682884895
epigenomics_3464_filterContams_493,20.426504768201582,73.08626577622832
epigenomics_3464_filterContams_494,23.188847001392784,60.65145762986637
epigenomics_3464_filterContams_495,17.173961202177892,58.53064024749948
epigenomics_3464_filterContams_496,24.838343618835992,78.23975739597788
epigenomics_3464_filterContams_497,14.741304584771239,61.06698699555854
epigenomics_3464_filterContams_498,17.76157169366824,71.27568957735267
epigenomics_3464_filterContams_499,12.76551790836916,74.96750573045867
epigenomics_3464_sol2sanger_0,83.77733269733773,57.23999281482062
epigenomics_3464_sol2sanger_1,79.26023026512726,38.608354571289134
epigenomics_3464_sol2sanger_2,72.85299313155862,50.92555848100241
epigenomics_3464_sol2sanger_3,79.19590046641856,62.00415337349716
epigenomics_3464_sol2sanger_4,81.37968481369546,43.846008562881174
epigenomics_3464_sol2sanger_5,76.23845378678566,51.00288908575003
epigenomics_3464_sol2sanger_6,81.12440824249245,41.323920601169725
epigenomics_3464_sol2sanger_7,80.39799122625084,56.826887679076385
epigenomics_3464_sol2sanger_8,79.01563911673126,54.38663083792315
epigenomics_3464_sol2sanger_9,84.7380333941534,41.42575170008811
epigenomics_3464_sol2sanger_10,78.17173251534926,58.595585330727545
epigenomics_3464_sol2sanger_11,84.82253656271251,48.47965459529218
epigenomics_3464_sol2sanger_12,79.33770318352087,41.70419810812201
epigenomics_3464_sol2sanger_13,79.28595572698529,35.36910001013172
epigenomics_3464_sol2sanger_14,85.91516730110746,36.439358148585875
epigenomics_3464_sol2sanger_15,78.8953454794435,38.69737867201764
epigenomics_3464_sol2sanger_16,66.19458983360282,38.360755219927555
epigenomics_3464_sol2sanger_17,77.45515491202511,24.68612033220229
epigenomics_3464_sol2sanger_18,85.91427045990534,44.05517795908046
epigenomics_3464_sol2sanger_19,82.16163662510621,36.73623594744823
epigenomics_3464_sol2sanger_20,76.27900264820244,50.482922483637424
epigenomics_3464_sol2sanger_21,83.53614182437785,55.29731472382069
epigenomics_3464_sol2sanger_22,70.98777675326713,39.73584076077714
epigenomics_3464_sol2sanger_23,79.07050866995415,56.557534192830694
epigenomics_3464_sol2sanger_24,87.92240514548855,52.567526851370076
epigenomics_3464_sol2sanger_25,87.84210527284777,42.9290646405527
epigenomics_3464_sol2sanger_26,86.06874941043655,45.40466844954664
epigenomics_3464_sol2sanger_27,72.92246235168196,46.8316645090404
epigenomics_3464_sol2sanger_28,84.39285346985602,56.00261477252704
epigenomics_3464_sol2sanger_29,83.9639806483109,40.79659485982911
epigenomics_3464_sol2sanger_30,80.57763042805139,45.32629611159908
epigenomics_3464_sol2sanger_31,78.32082204344646,52.05778414048347
epigenomics_3464_sol2sanger_32,73.86847880270989,49.281897004569366
epigenomics_3464_sol2sanger_33,80.64160714853963,44.31454737296147
epigenomics_3464_sol2sanger_34,80.05021474121789,40.56961235787843
epigenomics_3464_sol2sanger_35,80.18355334956992,49.98132037626251
epigenomics_3464_sol2sanger_36,82.01885036806762,40.17794882853256
epigenomics_3464_sol2sanger_37,78.58284441872244,42.99869703649462
epigenomics_3464_sol2sanger_38,81.36245306274573,52.7562623967119
epigenomics_3464_sol2sanger_39,81.50053861029166,33.718161755629595
epigenomics_3464_sol2sanger_40,75.33827137329425,34.96026250769585
epigenomics_3464_sol2sanger_41,89.47104619967656,34.58246713089426
epigenomics_3464_sol2sanger_42,77.52523233254381,47.61298332085796
epigenomics_3464_sol2sanger_43,69.85388824278184,41.83024610067436
epigenomics_3464_sol2sanger_44,87.58495742567202,29.757775640992623
epigenomics_3464_sol2sanger_45,85.93549842502411,42.13638755179906
epigenomics_3464_sol2sanger_46,76.18887403086799,52.22555670689277
epigenomics_3464_sol2sanger_47,86.96158408374683,49.149039123297456
epigenomics_3464_sol2sanger_48,76.26722231800746,49.833311826033146
epigenomics_3464_sol2sanger_49,75.1150806256774,33.53252003098985
epigenomics_3464_sol2sanger_50,83.51746505959335,45.33994993998607
epigenomics_3464_sol2sanger_51,74.73469257384362,41.17633320146712
epigenomics_3464_sol2sanger_52,84.87520439973785,44.59243347308668
epigenomics_3464_sol2sanger_53,89.7670130651391,48.74709778054462
epigenomics_3464_sol2sanger_54,73.15423015829035,41.84333131402686
epigenomics_3464_sol2sanger_55,86.81192259167533,51.28548944390155
epigenomics_3464_sol2sanger_56,73.836283207807,48.889365594752825
epigenomics_3464_sol2sanger_57,91.1246567507555,59.872756026190984
epigenomics_3464_sol2sanger_58,81.24159203330863,43.60515824383361
epigenomics_3464_sol2sanger_59,75.07557551337578,39.85672188867824
epigenomics_3464_sol2sanger_60,78.75400962717434,41.41356992720096
epigenomics_3464_sol2sanger_61,81.58135052258207,34.574460170888614
epigenomics_3464_sol2sanger_62,78.26754648065898,46.13618337962429
epigenomics_3464_sol2sanger_63,78.99227021196329,48.456357206389896
epigenomics_3464_sol2sanger_64,74.27297342568379,63.849277554146276
epigenomics_3464_sol2sanger_65,73.66044911788126,40.1755615657694
epigenomics_3464_sol2sanger_66,82.64545897113715,49.0037317978255
epigenomics_3464_sol2sanger_67,78.31775335969866,34.62597816405612
epigenomics_3464_sol2sanger_68,73.93151888458586,45.398706714101685
epigenomics_3464_sol2sanger_69,78.89399941543387,41.335341584130305
epigenomics_3464_sol2sanger_70,81.90814697967842,38.33367661709968
epigenomics_3464_sol2sanger_71,81.5917318551689,42.20740187518071
epigenomics_3464_sol2sanger_72,83.10723562113941,48.52999191153479
epigenomics_3464_sol2sanger_73,76.22960360971967,41.090393352722806
epigenomics_3464_sol2sanger_74,79.36821327527244,53.66614730464775
epigenomics_3464_sol2sanger_75,83.95791012843229,36.02608834440909
epigenomics_3464_sol2sanger_76,83.0767100265488,46.39685521800487
epigenomics_3464_sol2sanger_77,80.17585330867341,54.483520687008465
epigenomics_3464_sol2sanger_78,77.84333229362967,44.02930754654774
epigenomics_3464_sol2sanger_79,76.59626540039055,54.09725716904218
epigenomics_3464_sol2sanger_80,76.82708082116497,46.04816676870733
epigenomics_3464_sol2sanger_81,75.86340538569979,36.394516468951615
epigenomics_3464_sol2sanger_82,74.6731322134463,50.70495253338602
epigenomics_3464_sol2sanger_83,89.29605002793092,37.40686472291358
epigenomics_3464_sol2sanger_84,75.85871900354051,55.56465844684362
epigenomics_3464_sol2sanger_85,82.05849105606357,42.98913875676371
epigenomics_3464_sol2sanger_86,78.18555726780802,52.948407697665616
epigenomics_3464_sol2sanger_87,78.09693918529652,56.57252966156603
epigenomics_3464_sol2sanger_88,79.14218013758276,34.51399456754465
epigenomics_3464_sol2sanger_89,75.69674949975504,44.3584218026802
epigenomics_3464_sol2sanger_90,81.30701988352189,45.58979683039202
epigenomics_3464_sol2sanger_91,89.62749295920614,49.589603326759644
epigenomics_3464_sol2sanger_92,69.23375689746211,32.535722179913094
epigenomics_3464_sol2sanger_93,77.1253958829641,41.18809096561401
epigenomics_3464_sol2sanger_94,74.72593753565127,44.07366857999311
epigenomics_3464_sol2sanger_95,82.2724317058629,48.85333378537127
epigenomics_3464_sol2sanger_96,69.33354572079975,38.79495181441506
epigenomics_3464_sol2sanger_97,87.75941464149615,44.24621909147244
epigenomics_3464_sol2sanger_98,78.80988957084419,51.35113160823899
epigenomics_3464_sol2sanger_99,82.24563169531326,42.922385000583894
epigenomics_3464_sol2sanger_100,87.0624461300992,32.94934854102344
epigenomics_3464_sol2sanger_101,77.11402995411893,46.54868489288894
epigenomics_3464_sol2sanger_102,83.40280126383315,36.42659247273941
epigenomics_3464_sol2sanger_103,85.00292064005176,62.26345448497674
epigenomics_3464_sol2sanger_104,85.7359619818251,46.4935725292782
epigenomics_3464_sol2sanger_105,76.24906742847875,47.88535543156844
epigenomics_3464_sol2sanger_106,76.03703991825743,51.513434121198436
epigenomics_3464_sol2sanger_107,75.49407474730569,47.85998522084248
epigenomics_3464_sol2sanger_108,85.53904675829152,37.916346938418904
epigenomics_3464_sol2sanger_109,78.70161920605473,32.09248087530715
epigenomics_3464_sol2sanger_110,80.97829336138558,54.85770164331478
epigenomics_3464_sol2sanger_111,83.06803867081973,40.06913364493692
epigenomics_3464_sol2sanger_112,81.60153270159573,45.94409931626152
epigenomics_3464_sol2sanger_113,72.98122822296835,42.89575640587985
epigenomics_3464_sol2sanger_114,85.52246469183503,45.14633824981389
epigenomics_3464_sol2sanger_115,81.96298098813556,52.493874170440925
epigenomics_3464_sol2sanger_116,84.4814100540649,39.05164227936359
epigenomics_3464_sol2sanger_117,79.00596387582945,38.402120594652345
epigenomics_3464_sol2sanger_118,79.81250967578288,36.84258530503045
epigenomics_3464_sol2sanger_119,75.45989861068145,47.58451379548712
epigenomics_3464_sol2sanger_120,81.34302334377053,41.417318207297505
epigenomics_3464_sol2sanger_121,81.5597468447075,42.02091577458291
epigenomics_3464_sol2sanger_122,81.71142339704309,43.100633733269014
epigenomics_3464_sol2sanger_123,79.50214098873622,49.88295730750035
epigenomics_3464_sol2sanger_124,79.9012168861076,51.841955305611414
epigenomics_3464_sol2sanger_125,75.02370398758525,46.82973891056222
epigenomics_3464_sol2sanger_126,78.04201609560768,45.65626076509169
epigenomics_3464_sol2sanger_127,86.8615456561558,45.74492900231193
epigenomics_3464_sol2sanger_128,72.76480381481252,50.99063899626833
epigenomics_3464_sol2sanger_129,80.63387256289599,37.820007451209214
epigenomics_3464_sol2sanger_130,78.57852608682168,37.390767739761586
epigenomics_3464_sol2sanger_131,83.01400495092406,49.05062521665437
epigenomics_3464_sol2sanger_132,71.69293148599156,44.94789020180199
epigenomics_3464_sol2sanger_133,86.75022924942654,51.87877753457916
epigenomics_3464_sol2sanger_134,83.615603547452,50.72739520430319
epigenomics_3464_sol2sanger_135,81.05407595375544,37.257690891499394
epigenomics_3464_sol2sanger_136,85.16343249300084,53.24001005655558
epigenomics_3464_sol2sanger_137,82.32724301677615,40.091055197937074
epigenomics_3464_sol2sanger_138,76.48744884144332,47.97135375339045
epigenomics_3464_sol2sanger_139,72.06620686971695,44.51047525352381
epigenomics_3464_sol2sanger_140,82.6077056014656,43.27002669854533
epigenomics_3464_sol2sanger_141,82.99819754943857,50.66585602336622
epigenomics_3464_sol2sanger_142,76.64850224440056,45.57957595961561
epigenomics_3464_sol2sanger_143,83.43916035306314,34.064079509003385
epigenomics_3464_sol2sanger_144,78.91830389185581,45.80101669673928
epigenomics_3464_sol2sanger_145,85.19079237350988,37.19124695485865
epigenomics_3464_sol2sanger_146,76.77293096608089,45.649386855348155
epigenomics_3464_sol2sanger_147,78.58430200902305,36.32093914465969
epigenomics_3464_sol2sanger_148,76.0905328495127,37.85612151823982
epigenomics_3464_sol2sanger_149,77.17122085397295,39.23029001266958
epigenomics_3464_sol2sanger_150,86.75737329875764,37.404519778794665
epigenomics_3464_sol2sanger_151,78.681057684595,33.73856335535819
epigenomics_3464_sol2sanger_152,83.95677094689634,42.60693693547452
epigenomics_3464_sol2sanger_153,82.45321251171707,50.74166511511169
epigenomics_3464_sol2sanger_154,74.25004870909127,51.648760937451286
epigenomics_3464_sol2sanger_155,79.67408893124718,59.75687426297649
epigenomics_3464_sol2sanger_156,80.92263664287479,57.07618095088208
epigenomics_3464_sol2sanger_157,83.897710654208,43.940863168560796
epigenomics_3464_sol2sanger_158,84.1777153350807,48.970280649600014
epigenomics_3464_sol2sanger_159,81.48690328502279,45.59740092451579
epigenomics_3464_sol2sanger_160,72.58376650784439,28.256127085014107
epigenomics_3464_sol2sanger_161,79.24296619622262,54.27453876748986
epigenomics_3464_sol2sanger_162,75.7165666734385,33.653934697543335
epigenomics_3464_sol2sanger_163,77.84161859093842,42.19854690158523
epigenomics_3464_sol2sanger_164,81.48202400826783,23.36799340865175
epigenomics_3464_sol2sanger_165,79.52733352296964,43.55659250290861
epigenomics_3464_sol2sanger_166,82.6628133168123,58.7768725054181
epigenomics_3464_sol2sanger_167,85.52161648643404,44.877162118955944
epigenomics_3464_sol2sanger_168,73.77479066485758,39.933862447849165
epigenomics_3464_sol2sanger_169,81.46038767995518,48.587241378515486
epigenomics_3464_sol2sanger_170,81.29919963839724,29.32951402461306
epigenomics_3464_sol2sanger_171,87.59322188599138,45.96214093788349
epigenomics_3464_sol2sanger_172,83.85979557365421,43.034532788415326
epigenomics_3464_sol2sanger_173,70.78469398202527,49.79683458533506
epigenomics_3464_sol2sanger_174,78.93556657872517,45.511295839888184
epigenomics_3464_sol2sanger_175,77.49449811207882,52.30234865192214
epigenomics_3464_sol2sanger_176,77.4572040202335,40.303276279375986
epigenomics_3464_sol2sanger_177,84.37733493477707,31.529976830252338
epigenomics_3464_sol2sanger_178,86.05260765648161,45.40370708708586
epigenomics_3464_sol2sanger_179,81.75359262513886,59.27766272722272
epigenomics_3464_sol2sanger_180,85.21273907413942,55.96681226191476
epigenomics_3464_sol2sanger_181,77.15990127230904,41.85651026355497
epigenomics_3464_sol2sanger_182,78.75563867409343,43.5023681163115
epigenomics_3464_sol2sanger_183,79.3199086417706,40.982650976400045
epigenomics_3464_sol2sanger_184,87.0295173087581,39.722985126971004
epigenomics_3464_sol2sanger_185,76.81331926179652,40.88671316473106
epigenomics_3464_sol2sanger_186,86.6604480133487,54.01079243412733
epigenomics_3464_sol2sanger_187,82.44393097005639,35.83679833900141
epigenomics_3464_sol2sanger_188,81.04745363592194,39.53947978948534
epigenomics_3464_sol2sanger_189,81.75292709498501,45.10853259969469
epigenomics_3464_sol2sanger_190,68.72757497342351,37.12879323312259
epigenomics_3464_sol2sanger_191,73.16133940418598,46.94441660596716
epigenomics_3464_sol2sanger_192,88.0022194903066,52.09180340569911
epigenomics_3464_sol2sanger_193,88.90789588318461,38.89274992556313
epigenomics_3464_sol2sanger_194,78.21384552545673,52.53244577089158
epigenomics_3464_sol2sanger_195,71.9101054000569,46.40617637984054
epigenomics_3464_sol2sanger_196,76.75587795651263,42.991998685154165
epigenomics_3464_sol2sanger_197,85.11653971452435,42.41276447343999
epigenomics_3464_sol2sanger_198,87.77357528457932,40.65853061754352
epigenomics_3464_sol2sanger_199,80.5097091625371,41.98181867733847
epigenomics_3464_sol2sanger_200,89.11113937755151,53.74635046503926
epigenomics_3464_sol2sanger_201,76.35901870052822,54.46989503195637
epigenomics_3464_sol2sanger_202,79.743031052807,63.25084174516306
epigenomics_3464_sol2sanger_203,83.74517807621478,64.72517107623405
epigenomics_3464_sol2sanger_204,77.14023399410046,40.07206420535164
epigenomics_3464_sol2sanger_205,89.57451799755935,34.660303251986264
epigenomics_3464_sol2sanger_206,84.05272656588208,37.94239572336338
epigenomics_3464_sol2sanger_207,75.42900273422129,44.8845530178353
epigenomics_3464_sol2sanger_208,77.99371124731417,48.99657422860725
epigenomics_3464_sol2sanger_209,81.9538283868012,55.04737531269394
epigenomics_3464_sol2sanger_210,85.60743686300682,44.923548187894525
epigenomics_3464_sol2sanger_211,89.7688583922533,34.32027168151302
epigenomics_3464_sol2sanger_212,88.70769425015047,35.63081956053052
epigenomics_3464_sol2sanger_213,79.664379784179,46.77620531317821
epigenomics_3464_sol2sanger_214,88.83638693725224,64.8277838313
epigenomics_3464_sol2sanger_215,78.33654005589848,45.1924987515438
epigenomics_3464_sol2sanger_216,74.70398357103569,49.01665641927504
epigenomics_3464_sol2sanger_217,71.89640632161738,35.80667050141229
epigenomics_3464_sol2sanger_218,78.92682167267037,36.308123403669136
epigenomics_3464_sol2sanger_219,72.77822108715561,44.45059801826052
epigenomics_3464_sol2sanger_220,83.76918531535401,43.78489639649226
epigenomics_3464_sol2sanger_221,77.92164367624328,34.87108784555231
epigenomics_3464_sol2sanger_222,77.44851037124324,45.98226776606185
epigenomics_3464_sol2sanger_223,87.59194612585738,38.83059223383146
epigenomics_3464_sol2sanger_224,84.77032299212186,46.065890254825874
epigenomics_3464_sol2sanger_225,79.23760037063663,54.64788024398779
epigenomics_3464_sol2sanger_226,88.84531139969923,47.995742059127224
epigenomics_3464_sol2sanger_227,81.58727481082688,50.797945488185725
epigenomics_3464_sol2sanger_228,81.77168723182321,64.1689504753412
epigenomics_3464_sol2sanger_229,80.15059224855695,43.44814346671237
epigenomics_3464_sol2sanger_230,86.24640203737698,32.58499230161248
epigenomics_3464_sol2sanger_231,72.02471477306582,43.98179130801632
epigenomics_3464_sol2sanger_232,71.66349067898756,52.30676596139604
epigenomics_3464_sol2sanger_233,81.00261923087618,39.24185769119543
epigenomics_3464_sol2sanger_234,73.5452784803293,48.59453166323413
epigenomics_3464_sol2sanger_235,85.3125281590075,35.14418660439987
epigenomics_3464_sol2sanger_236,79.35388652968432,48.18372158232243
epigenomics_3464_sol2sanger_237,78.81874568792256,56.016122362757926
epigenomics_3464_sol2sanger_238,81.47826983761725,41.983522907773335
epigenomics_3464_sol2sanger_239,73.97869383700511,35.66872067319055
epigenomics_3464_sol2sanger_240,87.41648724742434,45.94997460602232
epigenomics_3464_sol2sanger_241,84.4815787863331,39.288889364845836
epigenomics_3464_sol2sanger_242,83.2660858121586,42.6343997651788
epigenomics_3464_sol2sanger_243,82.99383666131043,36.909572753115675
epigenomics_3464_sol2sanger_244,78.14651203987215,51.559031841363236
epigenomics_3464_sol2sanger_245,79.5823864511139,41.1831126497179
epigenomics_3464_sol2sanger_246,70.31949035588288,34.338125474532134
epigenomics_3464_sol2sanger_247,75.47122552005706,58.0553947901842
epigenomics_3464_sol2sanger_248,87.56910076826618,40.84453966439756
epigenomics_3464_sol2sanger_249,77.76543771399227,44.794274429800055
epigenomics_3464_sol2sanger_250,82.73931241886136,40.84281333767186
epigenomics_3464_sol2sanger_251,73.57090980050762,41.774304280654796
epigenomics_3464_sol2sanger_252,76.80067117172555,53.130091180613
epigenomics_3464_sol2sanger_253,93.12961960023175,42.69349096038658
epigenomics_3464_sol2sanger_254,76.32397703493584,31.680625488668404
epigenomics_3464_sol2sanger_255,78.71435928994634,58.21473650778207
epigenomics_3464_sol2sanger_256,87.07604711240683,30.823738548365075
epigenomics_3464_sol2sanger_257,82.25618104693233,38.16692624493308
epigenomics_3464_sol2sanger_258,84.43167482622997,37.772278445200044
epigenomics_3464_sol2sanger_259,78.04880621559013,51.65020961967622
epigenomics_3464_sol2sanger_260,85.7869014118683,39.83747862372238
epigenomics_3464_sol2sanger_261,78.85907408001428,53.64806559745096
epigenomics_3464_sol2sanger_262,79.59318408578764,40.619834775743726
epigenomics_3464_sol2sanger_263,90.60731994066998,40.44759091248538
epigenomics_3464_sol2sanger_264,70.21152507785308,45.80750942550998
epigenomics_3464_sol2sanger_265,84.54605405032905,42.62060827216048
epigenomics_3464_sol2sanger_266,78.49821942837595,39.0682620112174
epigenomics_3464_sol2sanger_267,83.15947581197614,50.591656113047414
epigenomics_3464_sol2sanger_268,80.08781682604632,39.97614611282955
epigenomics_3464_sol2sanger_269,71.02163444243723,59.213302959321965
epigenomics_3464_sol2sanger_270,85.07224843098308,46.57482142508647
epigenomics_3464_sol2sanger_271,77.95526538262736,50.70536935422001
epigenomics_3464_sol2sanger_272,74.82552919457596,44.14996240043488
epigenomics_3464_sol2sanger_273,79.55549961178012,42.25176990254804
epigenomics_3464_sol2sanger_274,88.15525874057889,43.107486850420386
epigenomics_3464_sol2sanger_275,77.81026306182078,53.71546992914131
epigenomics_3464_sol2sanger_276,81.26954277727683,45.39039332389968
epigenomics_3464_sol2sanger_277,79.45080552770402,40.145939636745005
epigenomics_3464_sol2sanger_278,75.25472339448854,48.813104194516605
epigenomics_3464_sol2sanger_279,83.80043312704701,35.22754088953166
epigenomics_3464_sol2sanger_280,78.4908266065964,42.27971953580594
epigenomics_3464_sol2sanger_281,81.16705278655915,49.80590304681964
epigenomics_3464_sol2sanger_282,74.22651424155819,44.05497455144789
epigenomics_3464_sol2sanger_283,77.87936790300355,41.18663691642489
epigenomics_3464_sol2sanger_284,76.14543060119077,41.22041610393989
epigenomics_3464_sol2sanger_285,97.38746308169901,52.00121674655039
epigenomics_3464_sol2sanger_286,84.13365718056383,34.018656099992064
epigenomics_3464_sol2sanger_287,78.55075293991132,53.09815068808402
epigenomics_3464_sol2sanger_288,79.58389482192283,45.10954840404955
epigenomics_3464_sol2sanger_289,92.57149474778869,41.843215778644165
epigenomics_3464_sol2sanger_290,82.83795271066485,39.931998407960975
epigenomics_3464_sol2sanger_291,80.08418541896721,63.668428140552635
epigenomics_3464_sol2sanger_292,76.73856392723746,55.56485700378347
epigenomics_3464_sol2sanger_293,82.97124756050135,43.722564257640485
epigenomics_3464_sol2sanger_294,78.97111390401604,44.03427808391992
epigenomics_3464_sol2sanger_295,81.12983503657401,51.078723123279026
epigenomics_3464_sol2sanger_296,84.83638401456227,29.81569272028993
epigenomics_3464_sol2sanger_297,79.63112472149535,37.151410177715704
epigenomics_3464_sol2sanger_298,76.48844637939982,31.469496770529013
epigenomics_3464_sol2sanger_299,83.27307072844346,52.947079028120356
epigenomics_3464_sol2sanger_300,81.90161880798495,54.531978460631805
epigenomics_3464_sol2sanger_301,83.70100013649522,20.633035662839436
epigenomics_3464_sol2sanger_302,71.46286948991691,59.95808888037608
epigenomics_3464_sol2sanger_303,92.71814102163668,43.56218331556597
epigenomics_3464_sol2sanger_304,84.67883640147815,39.90212206797731
epigenomics_3464_sol2sanger_305,79.20993728412775,40.541588737418664
epigenomics_3464_sol2sanger_306,80.0672360080798,34.521840562954246
epigenomics_3464_sol2sanger_307,71.57215250212367,56.24357229483195
epigenomics_3464_sol2sanger_308,84.96436609015554,51.22678133557851
epigenomics_3464_sol2sanger_309,82.92721378273887,48.206940396289525
epigenomics_3464_sol2sanger_310,81.68315955737812,35.558744117775724
epigenomics_3464_sol2sanger_311,80.57154511768668,42.38285289794797
epigenomics_3464_sol2sanger_312,85.76585937505203,54.63067293582562
epigenomics_3464_sol2sanger_313,82.16057597207015,43.03521364967415
epigenomics_3464_sol2sanger_314,83.30281534540238,49.307657684268534
epigenomics_3464_sol2sanger_315,78.1406585418912,52.18516989748138
epigenomics_3464_sol2sanger_316,81.26526983151663,50.86421974566106
epigenomics_3464_sol2sanger_317,91.83078802810931,37.358275317437254
epigenomics_3464_sol2sanger_318,77.65920637167967,47.63133972298652
epigenomics_3464_sol2sanger_319,86.45647322760783,49.41385387684862
epigenomics_3464_sol2sanger_320,86.71540569043056,62.70612299742146
epigenomics_3464_sol2sanger_321,84.47632039817047,49.53721854635366
epigenomics_3464_sol2sanger_322,81.73021986180213,47.094641280376685
epigenomics_3464_sol2sanger_323,83.79061236627739,36.774522562969324
epigenomics_3464_sol2sanger_324,79.51135546452343,32.28992866659113
epigenomics_3464_sol2sanger_325,84.38701916014912,57.682681065950945
epigenomics_3464_sol2sanger_326,81.09407982414156,47.748430038905255
epigenomics_3464_sol2sanger_327,86.64273685135126,44.967487332013214
epigenomics_3464_sol2sanger_328,81.31679137783794,40.27612475762149
epigenomics_3464_sol2sanger_329,77.86823244150938,45.89773785916472
epigenomics_3464_sol2sanger_330,76.67078850452785,39.93641838037378
epigenomics_3464_sol2sanger_331,82.91846961654845,52.545441175646644
epigenomics_3464_sol2sanger_332,74.40690864487593,56.75929764660438
epigenomics_3464_sol2sanger_333,83.23889414488518,38.65280806082639
epigenomics_3464_sol2sanger_334,80.01602228708153,41.75118654058275
epigenomics_3464_sol2sanger_335,71.72269118575144,61.89099430101922
epigenomics_3464_sol2sanger_336,82.7437249483363,34.70935906793228
epigenomics_3464_sol2sanger_337,73.96586417242979,44.095483248894034
epigenomics_3464_sol2sanger_338,77.20127879226915,51.21681798185962
epigenomics_3464_sol2sanger_339,67.71062030583776,39.480314991951325
epigenomics_3464_sol2sanger_340,83.14323819778106,35.02342904298583
epigenomics_3464_sol2sanger_341,83.35512133240752,47.94962832282648
epigenomics_3464_sol2sanger_342,78.03121998696153,47.566206134263496
epigenomics_3464_sol2sanger_343,86.9487987126169,33.82500884222339
epigenomics_3464_sol2sanger_344,78.32808061828828,37.21102148266384
epigenomics_3464_sol2sanger_345,80.92969487556732,46.94783119152852
epigenomics_3464_sol2sanger_346,73.12001730893317,40.605485092603175
epigenomics_3464_sol2sanger_347,75.10482185236751,46.42570640567795
epigenomics_3464_sol2sanger_348,72.93301536807795,50.800632568576866
epigenomics_3464_sol2sanger_349,88.24631775908492,54.81940484560772
epigenomics_3464_sol2sanger_350,82.89684850682264,51.923071159751295
epigenomics_3464_sol2sanger_351,83.04554982019627,53.51938700963929
epigenomics_3464_sol2sanger_352,82.45554824093023,44.69805681640698
epigenomics_3464_sol2sanger_353,73.13668426239956,46.34627825739771
epigenomics_3464_sol2sanger_354,82.71960343993246,51.19537041224808
epigenomics_3464_sol2sanger_355,73.72332601954545,35.398607674053515
epigenomics_3464_sol2sanger_356,74.92121203339863,60.71536598462957
epigenomics_3464_sol2sanger_357,82.33569716706278,39.34447145141913
epigenomics_3464_sol2sanger_358,77.99717466081867,52.33336988193474
epigenomics_3464_sol2sanger_359,77.14828347455443,50.69470985423636
epigenomics_3464_sol2sanger_360,78.2577651207707,46.81950513724696
epigenomics_3464_sol2sanger_361,81.86595163458118,48.096521354879776
epigenomics_3464_sol2sanger_362,81.12391547608051,41.23104260458454
epigenomics_3464_sol2sanger_363,79.51498418197674,37.811639159783546
epigenomics_3464_sol2sanger_364,84.8997430835557,41.609041175182334
epigenomics_3464_sol2sanger_365,86.67823407021397,46.58603270908938
epigenomics_3464_sol2sanger_366,85.63136558069458,17.988104658975026
epigenomics_3464_sol2sanger_367,74.04621103157793,60.91430449712679
epigenomics_3464_sol2sanger_368,81.8890242644231,46.378274385329796
epigenomics_3464_sol2sanger_369,72.65267842775204,44.94865639144636
epigenomics_3464_sol2sanger_370,72.10173081492636,39.279364760974005
epigenomics_3464_sol2sanger_371,78.54216361875471,54.29927501884863
epigenomics_3464_sol2sanger_372,83.91236784860948,42.67227995656334
epigenomics_3464_sol2sanger_373,68.43412317309422,31.42451214068428
epigenomics_3464_sol2sanger_374,81.35131072181942,52.9065731349993
epigenomics_3464_sol2sanger_375,86.40958650650224,41.699973884102434
epigenomics_3464_sol2sanger_376,82.15704968212317,41.838340441916685
epigenomics_3464_sol2sanger_377,83.20566785950275,58.80750368687079
epigenomics_3464_sol2sanger_378,76.78407247455411,45.284287474830194
epigenomics_3464_sol2sanger_379,76.33969684218658,46.09691984081716
epigenomics_3464_sol2sanger_380,91.12693068365512,44.555035629533286
epigenomics_3464_sol2sanger_381,81.44754309528732,51.95954354615781
epigenomics_3464_sol2sanger_382,76.30597833293425,50.417676221372204
epigenomics_3464_sol2sanger_383,89.16271715377587,41.0272413773822
epigenomics_3464_sol2sanger_384,68.6013444353233,47.520453782061644
epigenomics_3464_sol2sanger_385,79.19069535773212,36.375417877638725
epigenomics_3464_sol2sanger_386,89.31639315148246,47.326514279741914
epigenomics_3464_sol2sanger_387,75.40116386987994,45.486125935705076
epigenomics_3464_sol2sanger_388,77.56420870892077,40.65872241693192
epigenomics_3464_sol2sanger_389,78.1968204501456,51.814881200811485
epigenomics_3464_sol2sanger_390,73.7599769836516,59.6195424700508
epigenomics_3464_sol2sanger_391,71.66929992267131,53.985842184114915
epigenomics_3464_sol2sanger_392,89.46236203365429,49.95504852306669
epigenomics_3464_sol2sanger_393,84.4291122001408,48.870700550295936
epigenomics_3464_sol2sanger_394,70.41992426762337,50.42802650105456
epigenomics_3464_sol2sanger_395,79.43259273605273,36.888904608420354
epigenomics_3464_sol2sanger_396,72.32088567137062,41.866793700516205
epigenomics_3464_sol2sanger_397,73.98637460107764,37.25340586468544
epigenomics_3464_sol2sanger_398,71.0798202391605,52.99384638484461
epigenomics_3464_sol2sanger_399,73.94228866225309,35.76936067545498
epigenomics_3464_sol2sanger_400,81.50231568519611,44.11731280670683
epigenomics_3464_sol2sanger_401,90.84449935707089,53.18943759354045
epigenomics_3464_sol2sanger_402,77.86970323592806,49.56604529593953
epigenomics_3464_sol2sanger_403,76.01708691121945,54.27289807928597
epigenomics_3464_sol2sanger_404,83.33371565659462,58.48990755371229
epigenomics_3464_sol2sanger_405,67.9206913771218,61.14502990859861
epigenomics_3464_sol2sanger_406,67.32975651374531,52.067876715871996
epigenomics_3464_sol2sanger_407,86.56037111261493,53.76577001730203
epigenomics_3464_sol2sanger_408,84.0422417231859,41.93105500502175
epigenomics_3464_sol2sanger_409,82.5514474115084,39.1750552704134
epigenomics_3464_sol2sanger_410,77.41979522955845,44.09373830785576
epigenomics_3464_sol2sanger_411,71.93830872405597,37.05012090794226
epigenomics_3464_sol2sanger_412,81.00236388194038,43.4705592689255
epigenomics_3464_sol2sanger_413,85.39005803408753,26.335995270120755
epigenomics_3464_sol2sanger_414,77.88515455612828,36.818056622775494
epigenomics_3464_sol2sanger_415,79.04471746834687,51.70288443973705
epigenomics_3464_sol2sanger_416,78.04157363616805,55.76450515023686
epigenomics_3464_sol2sanger_417,85.44414648528873,37.749236170746656
epigenomics_3464_sol2sanger_418,81.73115012491155,45.98276209567435
epigenomics_3464_sol2sanger_419,79.26691454123852,58.09816690659163
epigenomics_3464_sol2sanger_420,74.86641792287021,41.25039325375538
epigenomics_3464_sol2sanger_421,83.1912097561218,38.26875239384866
epigenomics_3464_sol2sanger_422,76.70414591628582,37.7161071136777
epigenomics_3464_sol2sanger_423,83.70531488797252,32.320539409112286
epigenomics_3464_sol2sanger_424,81.32565762470773,43.0036739610167
epigenomics_3464_sol2sanger_425,78.86736893630629,53.58086106416587
epigenomics_3464_sol2sanger_426,78.70091342078429,39.21097955908078
epigenomics_3464_sol2sanger_427,78.99771638791884,44.55047996840601
epigenomics_3464_sol2sanger_428,82.19548087753407,36.90740834164224
epigenomics_3464_sol2sanger_429,84.10235460988818,48.03160171378839
epigenomics_3464_sol2sanger_430,69.72370031223713,31.730662807379886
epigenomics_3464_sol2sanger_431,80.03786215406998,47.51278869502058
epigenomics_3464_sol2sanger_432,79.34173059917683,49.27848328407749
epigenomics_3464_sol2sanger_433,80.05160519112212,36.19722393907356
epigenomics_3464_sol2sanger_434,76.92618804340972,35.96315494783916
epigenomics_3464_sol2sanger_435,84.07465448744776,34.51419524588005
epigenomics_3464_sol2sanger_436,78.3900630683236,49.091120994915606
epigenomics_3464_sol2sanger_437,78.38729062699262,29.710118586317634
epigenomics_3464_sol2sanger_438,70.64154905308693,36.43716169473235
epigenomics_3464_sol2sanger_439,81.14701089335645,45.143067530096424
epigenomics_3464_sol2sanger_440,70.42129633593326,53.2141829732666
epigenomics_3464_sol2sanger_441,84.75035891750888,56.57618484761988
epigenomics_3464_sol2sanger_442,75.25103017153998,27.315574188624463
epigenomics_3464_sol2sanger_443,74.946344187596,42.560177262493625
epigenomics_3464_sol2sanger_444,80.87925690458763,38.95450156950927
epigenomics_3464_sol2sanger_445,87.53184393491337,48.799880351860466
epigenomics_3464_sol2sanger_446,90.21396170123194,43.02062630126986
epigenomics_3464_sol2sanger_447,73.70065379903976,32.378755063592735
epigenomics_3464_sol2sanger_448,81.65056429152388,43.67210029357682
epigenomics_3464_sol2sanger_449,79.01713519579266,46.6249377325369
epigenomics_3464_sol2sanger_450,89.16377739655636,28.66699746826787
epigenomics_3464_sol2sanger_451,73.14467889375571,48.38171553383702
epigenomics_3464_sol2sanger_452,77.57761208654644,45.17005464714074
epigenomics_3464_sol2sanger_453,79.26460051276518,43.113510843119904
epigenomics_3464_sol2sanger_454,84.85814377418431,42.45036422972599
epigenomics_3464_sol2sanger_455,76.92219728380609,38.43851640186117
epigenomics_3464_sol2sanger_456,78.11456291897852,47.667912858147936
epigenomics_3464_sol2sanger_457,72.68828318516643,29.748526960750723
epigenomics_3464_sol2sanger_458,77.70726806295775,45.704835450705815
epigenomics_3464_sol2sanger_459,75.12171200401792,47.48722554914511
epigenomics_3464_sol2sanger_460,75.29803236319165,32.008675785502135
epigenomics_3464_sol2sanger_461,80.89826774808249,52.805001732310934
epigenomics_3464_sol2sanger_462,78.39073472217788,48.00798265864659
epigenomics_3464_sol2sanger_463,81.48967538254031,38.7061363326504
epigenomics_3464_sol2sanger_464,83.03522189847375,38.322699209092036
epigenomics_3464_sol2sanger_465,79.5700250934086,36.84420652362836
epigenomics_3464_sol2sanger_466,72.22864293745468,52.6006590712987
epigenomics_3464_sol2sanger_467,80.85677455520005,47.57183932377429
epigenomics_3464_sol2sanger_468,70.9520389944057,44.02071356529144
epigenomics_3464_sol2sanger_469,77.89955134308369,52.780622133032324
epigenomics_3464_sol2sanger_470,77.21581942372717,41.65751713467728
epigenomics_3464_sol2sanger_471,84.15547706619208,48.53711565947206
epigenomics_3464_sol2sanger_472,83.83378589503707,42.88360609947986
epigenomics_3464_sol2sanger_473,75.78933322611402,50.263014921114056
epigenomics_3464_sol2sanger_474,81.70232425736229,47.755005343603884
epigenomics_3464_sol2sanger_475,88.9050785078007,46.148295606469105
epigenomics_3464_sol2sanger_476,83.46617973413056,49.506429405502224
epigenomics_3464_sol2sanger_477,76.49638859096389,51.25058008145718
epigenomics_3464_sol2sanger_478,80.4677162431482,46.654308349107
epigenomics_3464_sol2sanger_479,70.96939569643534,51.38218492978237
epigenomics_3464_sol2sanger_480,83.15841341599169,41.150436910490484
epigenomics_3464_sol2sanger_481,86.55522738921567,49.44288147271408
epigenomics_3464_sol2sanger_482,76.13384164914903,55.40611346871994
epigenomics_3464_sol2sanger_483,86.09842349652715,44.76857658084528
epigenomics_3464_sol2sanger_484,81.25667935180037,49.28622220859713
epigenomics_3464_sol2sanger_485,76.73768413583434,39.11277304932882
epigenomics_3464_sol2sanger_486,74.89825411890925,43.659611922096886
epigenomics_3464_sol2sanger_487,87.29133620088575,37.78274795620134
epigenomics_3464_sol2sanger_488,82.40346709083609,31.689128862839247
epigenomics_3464_sol2sanger_489,80.9353831611827,43.13096637650779
epigenomics_3464_sol2sanger_490,88.96475013496334,35.911538500871465
epigenomics_3464_sol2sanger_491,78.64078768003932,38.31893839017536
epigenomics_3464_sol2sanger_492,82.31172607983206,41.892922973955095
epigenomics_3464_sol2sanger_493,84.60536820619036,50.891098025425094
epigenomics_3464_sol2sanger_494,78.85229319877868,61.58917310652514
epigenomics_3464_sol2sanger_495,79.94922375714562,43.313058288139956
epigenomics_3464_sol2sanger_496,80.82009667683272,48.29728778824295
epigenomics_3464_sol2sanger_497,85.84308853514902,31.436542980457915
epigenomics_3464_sol2sanger_498,81.75808286742873,57.043144859500714
epigenomics_3464_sol2sanger_499,87.90913920809294,55.46405533890659
epigenomics_3464_fast2bfq_0,44.323779876163826,66.84701900756953
epigenomics_3464_fast2bfq_1,52.97920614058157,83.67091148728724
epigenomics_3464_fast2bfq_2,44.82157676950962,72.77515530535187
epigenomics_3464_fast2bfq_3,43.124619562878536,87.30747848335577
epigenomics_3464_fast2bfq_4,48.81518485391028,90.29083121813693
epigenomics_3464_fast2bfq_5,45.64317739511491,80.78313613908288
epigenomics_3464_fast2bfq_6,41.434968657672115,94.77191741529109
epigenomics_3464_fast2bfq_7,40.0349013132058,90.74562888696512
epigenomics_3464_fast2bfq_8,41.42222511887518,79.95998788401737
epigenomics_3464_fast2bfq_9,39.781642031342344,91.65233265697009
epigenomics_3464_fast2bfq_10,46.54544707219611,78.73470422720102
epigenomics_3464_fast2bfq_11,50.95454267843829,77.58384979596642
epigenomics_3464_fast2bfq_12,33.8943095216528,79.37241071594751
epigenomics_3464_fast2bfq_13,65.35261704872413,91.50506246806339
epigenomics_3464_fast2bfq_14,47.330059126459055,88.07538894677592
epigenomics_3464_fast2bfq_15,45.0193577873028,70.12284463194501
epigenomics_3464_fast2bfq_16,41.08481033847225,87.98984048005582
epigenomics_3464_fast2bfq_17,42.481651903787686,84.10397447804782
epigenomics_3464_fast2bfq_18,50.44023005555578,70.48220254040432
epigenomics_3464_fast2bfq_19,47.280348864686246,72.21344661692439
epigenomics_3464_fast2bfq_20,44.722684318020086,80.34660918219913
epigenomics_3464_fast2bfq_21,36.20601200591565,89.95104651099703
epigenomics_3464_fast2bfq_22,50.0509446777261,81.15430179901087
epigenomics_3464_fast2bfq_23,35.096152738634316,80.51383329504768
epigenomics_3464_fast2bfq_24,48.325729439276,87.12193205398592
epigenomics_3464_fast2bfq_25,44.7996142988284,81.59302683953115
epigenomics_3464_fast2bfq_26,33.40846160206584,81.42598599146574
epigenomics_3464_fast2bfq_27,37.2238791598349,86.07975894796462
epigenomics_3464_fast2bfq_28,53.11226572114798,83.26865597616938
epigenomics_3464_fast2bfq_29,37.62523732107031,83.96205062023489
epigenomics_3464_fast2bfq_30,55.5876518918292,79.46011707300657
epigenomics_3464_fast2bfq_31,41.50947517473427,77.92707013327006
epigenomics_3464_fast2bfq_32,56.55342117720785,89.27569159696071
epigenomics_3464_fast2bfq_33,44.80507004421315,92.20828653563552
epigenomics_3464_fast2bfq_34,32.86016511231526,76.91185956846928
epigenomics_3464_fast2bfq_35,63.52654058023796,64.59289889729216
epigenomics_3464_fast2bfq_36,52.276178135887704,76.45887762280704
epigenomics_3464_fast2bfq_37,52.83612247170818,73.8135944892587
epigenomics_3464_fast2bfq_38,45.568934783036426,83.00651398773863
epigenomics_3464_fast2bfq_39,47.33776534923802,90.63919752419632
epigenomics_3464_fast2bfq_40,36.26218572666456,80.71735953918795
epigenomics_3464_fast2bfq_41,46.52427917275888,79.66637436278278
epigenomics_3464_fast2bfq_42,38.85877970766523,79.99389904699154
epigenomics_3464_fast2bfq_43,40.5812437937068,84.00703763124685
epigenomics_3464_fast2bfq_44,43.38250696802462,81.4939857444855
epigenomics_3464_fast2bfq_45,52.101634189880784,67.79574426563632
epigenomics_3464_fast2bfq_46,42.29538544929013,74.13920862508219
epigenomics_3464_fast2bfq_47,35.83059648028303,77.39930957556562
epigenomics_3464_fast2bfq_48,36.142193622810765,78.75686821840631
epigenomics_3464_fast2bfq_49,49.449323359241745,88.56302622891869
epigenomics_3464_fast2bfq_50,37.372503938146075,80.5791222462383
epigenomics_3464_fast2bfq_51,46.35420592788973,79.43333835102696
epigenomics_3464_fast2bfq_52,51.24192098396854,73.69878265254965
epigenomics_3464_fast2bfq_53,49.697067122801684,72.99137100681853
epigenomics_3464_fast2bfq_54,30.67037874841639,87.76872407410166
epigenomics_3464_fast2bfq_55,42.724213971991446,86.52165100335148
epigenomics_3464_fast2bfq_56,43.751958937677564,89.23937729788352
epigenomics_3464_fast2bfq_57,37.429438968425565,82.6294659479704
epigenomics_3464_fast2bfq_58,41.36565905367872,69.00617226386203
epigenomics_3464_fast2bfq_59,57.66206437719964,75.85143922946088
epigenomics_3464_fast2bfq_60,36.08227333771861,87.17873661329114
epigenomics_3464_fast2bfq_61,40.61431789447036,75.49123178685308
epigenomics_3464_fast2bfq_62,43.26689550898506,93.01487530169885
epigenomics_3464_fast2bfq_63,46.66655209353258,79.55349759736637
epigenomics_3464_fast2bfq_64,43.16522459203641,75.14486357198219
epigenomics_3464_fast2bfq_65,48.07021798737184,79.13789777999318
epigenomics_3464_fast2bfq_66,29.037892669053036,65.53938764303432
epigenomics_3464_fast2bfq_67,49.63809021046116,71.0547664974273
epigenomics_3464_fast2bfq_68,42.660093580521846,76.11660153332271
epigenomics_3464_fast2bfq_69,50.30851379104302,70.53192824251252
epigenomics_3464_fast2bfq_70,43.62448236111444,85.89376137693826
epigenomics_3464_fast2bfq_71,47.257226034133645,85.57248957380796
epigenomics_3464_fast2bfq_72,42.241383749860304,97.5499658507512
epigenomics_3464_fast2bfq_73,44.370941320103164,89.3189738282587
epigenomics_3464_fast2bfq_74,34.69286989062043,74.86585458733083
epigenomics_3464_fast2bfq_75,52.98534315998133,83.89652515302176
epigenomics_3464_fast2bfq_76,44.070486657496346,82.33012731942935
epigenomics_3464_fast2bfq_77,26.82870517747525,76.33297111978713
epigenomics_3464_fast2bfq_78,46.74475852168756,68.9094556137133
epigenomics_3464_fast2bfq_79,49.41688112978626,82.56888299749606
epigenomics_3464_fast2bfq_80,40.072979011197766,72.69307680364383
epigenomics_3464_fast2bfq_81,35.32152722856863,74.4148015145039
epigenomics_3464_fast2bfq_82,37.24816938275495,75.73947315326612
epigenomics_3464_fast2bfq_83,47.892282843569554,97.23593715687701
epigenomics_3464_fast2bfq_84,49.259449464015525,71.34802237164124
epigenomics_3464_fast2bfq_85,51.063214136899205,96.50766868859463
epigenomics_3464_fast2bfq_86,43.247348216065475,85.83901894944127
epigenomics_3464_fast2bfq_87,49.95550026527231,76.70372510825096
epigenomics_3464_fast2bfq_88,56.216882624910085,95.11059303442401
epigenomics_3464_fast2bfq_89,45.0398014161026,80.20247507004903
epigenomics_3464_fast2bfq_90,60.65583399183019,77.53979882239236
epigenomics_3464_fast2bfq_91,36.608136370597876,85.51524389524593
epigenomics_3464_fast2bfq_92,45.7491745804791,75.32531209166267
epigenomics_3464_fast2bfq_93,41.24099161058495,78.73393338210181
epigenomics_3464_fast2bfq_94,47.60284431904672,81.09450221041648
epigenomics_3464_fast2bfq_95,41.195738268510446,81.98424810681641
epigenomics_3464_fast2bfq_96,42.20630787578507,75.39757713191416
epigenomics_3464_fast2bfq_97,47.00823460691265,85.65894815583034
epigenomics_3464_fast2bfq_98,44.20627739743741,83.55250576764068
epigenomics_3464_fast2bfq_99,32.77900871075729,86.3006308091401
epigenomics_3464_fast2bfq_100,53.04296616545971,80.90294494742518
epigenomics_3464_fast2bfq_101,48.28575355345116,81.41751632836952
epigenomics_3464_fast2bfq_102,54.37257840362634,70.12669931009283
epigenomics_3464_fast2bfq_103,34.95475543873434,84.7456289071836
epigenomics_3464_fast2bfq_104,42.16927012394185,74.11266927912142
epigenomics_3464_fast2bfq_105,43.96029873359639,76.99766878454886
epigenomics_3464_fast2bfq_106,38.39608557136134,73.2742522065565
epigenomics_3464_fast2bfq_107,44.222503119461315,84.69964926275043
epigenomics_3464_fast2bfq_108,33.525020167829986,84.15328371455728
epigenomics_3464_fast2bfq_109,51.738778646179604,73.79939749749181
epigenomics_3464_fast2bfq_110,53.35092874706365,91.41319424170766
epigenomics_3464_fast2bfq_111,40.309343259055105,72.89267277132863
epigenomics_3464_fast2bfq_112,57.49300565351463,90.52777629786243
epigenomics_3464_fast2bfq_113,45.75337005622007,84.13809030984238
epigenomics_3464_fast2bfq_114,54.72755973754011,85.23115436653026
epigenomics_3464_fast2bfq_115,37.29033864492227,83.6711376997208
epigenomics_3464_fast2bfq_116,51.61767665000953,72.34972320890348
epigenomics_3464_fast2bfq_117,45.31731054915554,96.96998328834465
epigenomics_3464_fast2bfq_118,52.86950727467018,75.74397613319313
epigenomics_3464_fast2bfq_119,52.801398873519744,83.79219401220183
epigenomics_3464_fast2bfq_120,48.45953502845546,90.89092400650875
epigenomics_3464_fast2bfq_121,44.57771232017351,78.64725026459783
epigenomics_3464_fast2bfq_122,53.69707772118892,72.59255263280507
epigenomics_3464_fast2bfq_123,54.18491064675021,66.6470502034854
epigenomics_3464_fast2bfq_124,35.697411331844684,93.74925650563479
epigenomics_3464_fast2bfq_125,40.18123115427885,77.41126805968248
epigenomics_3464_fast2bfq_126,50.597747186158955,83.32645525806187
epigenomics_3464_fast2bfq_127,53.54235252349184,75.1166949169997
epigenomics_3464_fast2bfq_128,37.0788869586979,75.97407737010852
epigenomics_3464_fast2bfq_129,52.596685546966484,83.66431762416259
epigenomics_3464_fast2bfq_130,64.1162486115592,80.39310923329043
epigenomics_3464_fast2bfq_131,53.25626785540274,71.21227949814624
epigenomics_3464_fast2bfq_132,47.990072049467805,80.062005963788
epigenomics_3464_fast2bfq_133,51.377324268138366,73.1259170889127
epigenomics_3464_fast2bfq_134,51.540999377664164,90.47417833149692
epigenomics_3464_fast2bfq_135,50.528542459107086,78.32911236734661
epigenomics_3464_fast2bfq_136,46.27990815872276,82.24945092991382
epigenomics_3464_fast2bfq_137,48.29130743789426,75.61050089596972
epigenomics_3464_fast2bfq_138,49.22152049089891,74.15633563197825
epigenomics_3464_fast2bfq_139,46.873984723220865,89.8775840630843
epigenomics_3464_fast2bfq_140,40.31633210942021,81.33903456003425
epigenomics_3464_fast2bfq_141,50.52128845450397,77.5146797592107
epigenomics_3464_fast2bfq_142,36.717143020185766,82.26651359035151
epigenomics_3464_fast2bfq_143,53.85491214864618,72.01678408669963
epigenomics_3464_fast2bfq_144,38.75554642398678,79.49243141374814
epigenomics_3464_fast2bfq_145,44.73439140817158,70.89138068293089
epigenomics_3464_fast2bfq_146,38.2178120653906,82.17614550058384
epigenomics_3464_fast2bfq_147,43.63901756481628,75.86736804740167
epigenomics_3464_fast2bfq_148,36.9576918158732,82.29501187009127
epigenomics_3464_fast2bfq_149,36.270830302147914,72.41902757378242
epigenomics_3464_fast2bfq_150,46.82977089158063,83.78121000352704
epigenomics_3464_fast2bfq_151,44.21337171535155,82.05675522405069
epigenomics_3464_fast2bfq_152,47.33512151502043,77.68422367557008
epigenomics_3464_fast2bfq_153,42.62678982556124,79.96293138976867
epigenomics_3464_fast2bfq_154,38.16061178830862,84.14013952693908
epigenomics_3464_fast2bfq_155,45.306139339774624,83.88781277976834
epigenomics_3464_fast2bfq_156,53.62391829705315,75.02166506873948
epigenomics_3464_fast2bfq_157,42.86081684499711,80.42050108781683
epigenomics_3464_fast2bfq_158,41.091571760257345,98.61150237714023
epigenomics_3464_fast2bfq_159,48.120261682705056,79.33635646542179
epigenomics_3464_fast2bfq_160,47.38832222575333,80.1248738613351
epigenomics_3464_fast2bfq_161,52.491104330257514,79.51016494729396
epigenomics_3464_fast2bfq_162,37.065281721833195,76.64988265114708
epigenomics_3464_fast2bfq_163,50.9042683437871,83.17672977201514
epigenomics_3464_fast2bfq_164,41.04842825489127,80.46537672244419
epigenomics_3464_fast2bfq_165,48.471460687210964,84.09422441233569
epigenomics_3464_fast2bfq_166,36.110407470099325,80.4267685691665
epigenomics_3464_fast2bfq_167,44.84290303031793,92.94729211592252
epigenomics_3464_fast2bfq_168,41.94883005846839,83.1772211811181
epigenomics_3464_fast2bfq_169,44.17792061323278,85.14890404362147
epigenomics_3464_fast2bfq_170,44.1565092507751,68.94452125763101
epigenomics_3464_fast2bfq_171,51.87512251308905,79.93078613829911
epigenomics_3464_fast2bfq_172,32.35985813515753,72.2721450583831
epigenomics_3464_fast2bfq_173,48.18683789753228,83.24209097406883
epigenomics_3464_fast2bfq_174,35.0119401894855,80.91450569251924
epigenomics_3464_fast2bfq_175,39.69944269413321,69.24091696209935
epigenomics_3464_fast2bfq_176,49.21320008165091,72.51335754290523
epigenomics_3464_fast2bfq_177,42.60741946159629,88.17390187857325
epigenomics_3464_fast2bfq_178,49.426933963273584,83.91031707244207
epigenomics_3464_fast2bfq_179,47.94479540403717,64.88353124930798
epigenomics_3464_fast2bfq_180,49.62730495097194,96.20420839305268
epigenomics_3464_fast2bfq_181,32.096283784475354,73.58834627884204
epigenomics_3464_fast2bfq_182,40.20175214692924,68.61624079205261
epigenomics_3464_fast2bfq_183,46.80931455789749,86.82865770335177
epigenomics_3464_fast2bfq_184,43.78519762079055,79.54735739994558
epigenomics_3464_fast2bfq_185,46.91422417510781,83.92903181625294
epigenomics_3464_fast2bfq_186,53.002434716914536,77.60241769390012
epigenomics_3464_fast2bfq_187,44.73107265617858,84.69886163414742
epigenomics_3464_fast2bfq_188,43.60925826294719,82.84263474308547
epigenomics_3464_fast2bfq_189,31.945173581145756,93.04966540033993
epigenomics_3464_fast2bfq_190,46.89183508109912,90.79557050345689
epigenomics_3464_fast2bfq_191,53.85073657372311,83.7710379503969
epigenomics_3464_fast2bfq_192,40.19274829991318,67.99035576849725
epigenomics_3464_fast2bfq_193,37.10184104590135,73.34278126806274
epigenomics_3464_fast2bfq_194,41.999431407577624,73.54599697251359
epigenomics_3464_fast2bfq_195,58.19269291615366,79.21719201959436
epigenomics_3464_fast2bfq_196,39.04671975897892,67.69314737182796
epigenomics_3464_fast2bfq_197,43.9786717009577,81.58062650033705
epigenomics_3464_fast2bfq_198,46.254526286981275,83.8033259165617
epigenomics_3464_fast2bfq_199,45.398151052294764,78.34249903634331
epigenomics_3464_fast2bfq_200,46.42987246722149,82.46995657329626
epigenomics_3464_fast2bfq_201,52.97405964311748,81.45762239672857
epigenomics_3464_fast2bfq_202,51.328078506213416,70.47114922153503
epigenomics_3464_fast2bfq_203,50.25106871266614,81.65267434539881
epigenomics_3464_fast2bfq_204,33.54249752125988,85.74100130651932
epigenomics_3464_fast2bfq_205,42.722686779186404,77.6943078538379
epigenomics_3464_fast2bfq_206,46.193408721976006,77.27921057422746
epigenomics_3464_fast2bfq_207,35.351369926266436,77.50042618414003
epigenomics_3464_fast2bfq_208,50.88898398806569,80.4595363943079
epigenomics_3464_fast2bfq_209,32.425076776079266,79.15015000376029
epigenomics_3464_fast2bfq_210,51.141072003278154,69.2897765761474
epigenomics_3464_fast2bfq_211,37.40075354512738,75.01234661112332
epigenomics_3464_fast2bfq_212,46.711329079934124,86.2518129735218
epigenomics_3464_fast2bfq_213,48.27095265355583,84.8950144947297
epigenomics_3464_fast2bfq_214,51.99194952932385,69.19756635206514
epigenomics_3464_fast2bfq_215,53.183990005996556,66.59662239677402
epigenomics_3464_fast2bfq_216,36.94349177910177,75.27838125652181
epigenomics_3464_fast2bfq_217,49.07147725811227,74.5201701445772
epigenomics_3464_fast2bfq_218,50.10969287609647,85.7268637758896
epigenomics_3464_fast2bfq_219,48.351677511100775,83.41097383696932
epigenomics_3464_fast2bfq_220,55.12594297421647,76.3080406956154
epigenomics_3464_fast2bfq_221,53.023084633540925,72.25839629092695
epigenomics_3464_fast2bfq_222,47.60181833794243,78.15813786398826
epigenomics_3464_fast2bfq_223,40.27669191008411,81.93629841918187
epigenomics_3464_fast2bfq_224,48.55135573238082,80.92724364656455
epigenomics_3464_fast2bfq_225,47.501051810711594,80.74117158443514
epigenomics_3464_fast2bfq_226,38.46505760719675,83.77019117220847
epigenomics_3464_fast2bfq_227,51.830230575674484,92.74643839284391
epigenomics_3464_fast2bfq_228,39.71276720522275,73.51647532650215
epigenomics_3464_fast2bfq_229,33.32107455271368,84.07686889553051
epigenomics_3464_fast2bfq_230,42.126537542891526,87.2183751712958
epigenomics_3464_fast2bfq_231,52.9296921064173,78.2721018559795
epigenomics_3464_fast2bfq_232,43.87028689964286,78.79137675899405
epigenomics_3464_fast2bfq_233,46.175544902675476,66.8239126289979
epigenomics_3464_fast2bfq_234,42.57181745155095,85.72283010076278
epigenomics_3464_fast2bfq_235,51.258369881409756,77.2948904608366
epigenomics_3464_fast2bfq_236,40.1771494689184,75.65121580952312
epigenomics_3464_fast2bfq_237,57.73980141453765,77.88396465558958
epigenomics_3464_fast2bfq_238,44.15314559775092,64.03069290424446
epigenomics_3464_fast2bfq_239,41.437636833378114,82.63466426373165
epigenomics_3464_fast2bfq_240,32.29984616779023,84.68517717139814
epigenomics_3464_fast2bfq_241,40.005275813699825,83.46970124528302
epigenomics_3464_fast2bfq_242,37.563514657359505,81.88221680636083
epigenomics_3464_fast2bfq_243,44.61370917862277,71.79213600642984
epigenomics_3464_fast2bfq_244,45.488774144143484,91.12502186334638
epigenomics_3464_fast2bfq_245,36.5679569517265,93.42421606929616
epigenomics_3464_fast2bfq_246,50.399120549692036,89.17124236128205
epigenomics_3464_fast2bfq_247,39.34986815048763,80.33755015130478
epigenomics_3464_fast2bfq_248,46.5635357117907,78.75490842965613
epigenomics_3464_fast2bfq_249,35.144456207970634,83.29327717903655
epigenomics_3464_fast2bfq_250,44.08866930687973,65.43223525885202
epigenomics_3464_fast2bfq_251,48.86824080442991,86.36139456393495
epigenomics_3464_fast2bfq_252,53.09219819636073,80.38080381934812
epigenomics_3464_fast2bfq_253,44.996877182201096,84.1543693220188
epigenomics_3464_fast2bfq_254,40.74703706871416,76.59267836521295
epigenomics_3464_fast2bfq_255,42.859456556492624,69.60461813252549
epigenomics_3464_fast2bfq_256,44.568567090911124,84.72598355125493
epigenomics_3464_fast2bfq_257,52.128363077751786,80.79343404718612
epigenomics_3464_fast2bfq_258,44.43257069715252,81.78507196183445
epigenomics_3464_fast2bfq_259,47.51986071788128,87.32126980840977
epigenomics_3464_fast2bfq_260,54.3499178958444,72.5286576666223
epigenomics_3464_fast2bfq_261,50.7072750507072,85.89574740504419
epigenomics_3464_fast2bfq_262,56.56023042577916,76.92564922267057
epigenomics_3464_fast2bfq_263,43.869882371966916,76.30651251199461
epigenomics_3464_fast2bfq_264,39.7719828504405,84.63194793793956
epigenomics_3464_fast2bfq_265,42.15290722538037,91.61048343374017
epigenomics_3464_fast2bfq_266,44.90930492172087,79.26841820464422
epigenomics_3464_fast2bfq_267,53.08356074758547,76.70036932047395
epigenomics_3464_fast2bfq_268,41.05727311764946,80.25202482653555
epigenomics_3464_fast2bfq_269,43.81557479876088,82.99640983473299
epigenomics_3464_fast2bfq_270,34.56600464723443,83.14106842638017
epigenomics_3464_fast2bfq_271,42.95229299722558,76.97975963576313
epigenomics_3464_fast2bfq_272,51.62079781010556,75.06515702520448
epigenomics_3464_fast2bfq_273,34.138491886937615,66.54274821683995
epigenomics_3464_fast2bfq_274,39.23524315275992,102.82727913636923
epigenomics_3464_fast2bfq_275,37.35637042008271,79.06902634567952
epigenomics_3464_fast2bfq_276,41.59314031185542,80.21683202259628
epigenomics_3464_fast2bfq_277,42.713318068685886,82.52116009792805
epigenomics_3464_fast2bfq_278,46.876458473783586,76.99178692225681
epigenomics_3464_fast2bfq_279,45.37777072598163,70.58996490552043
epigenomics_3464_fast2bfq_280,38.5506507338195,78.758261852156
epigenomics_3464_fast2bfq_281,44.75472003782193,71.56208457458905
epigenomics_3464_fast2bfq_282,42.389735182134324,93.42250979173284
epigenomics_3464_fast2bfq_283,48.328920896524004,80.5565225420229
epigenomics_3464_fast2bfq_284,57.666887765764926,82.88748407615523
epigenomics_3464_fast2bfq_285,51.15184260649862,79.34280944205344
epigenomics_3464_fast2bfq_286,34.58867077743423,82.97683635522962
epigenomics_3464_fast2bfq_287,48.85939885687586,80.7157968824326
epigenomics_3464_fast2bfq_288,50.27638549974839,71.58537767146842
epigenomics_3464_fast2bfq_289,41.39696314430763,90.15377137661892
epigenomics_3464_fast2bfq_290,48.60255962696052,79.74791761914527
epigenomics_3464_fast2bfq_291,42.34845059614338,87.45285949523767
epigenomics_3464_fast2bfq_292,56.066718108285464,69.86982418341474
epigenomics_3464_fast2bfq_293,45.509810624162014,83.09437965855058
epigenomics_3464_fast2bfq_294,55.80704127913391,74.2031207801439
epigenomics_3464_fast2bfq_295,43.28862287413101,75.9048035216114
epigenomics_3464_fast2bfq_296,43.12451045963265,81.54329473049818
epigenomics_3464_fast2bfq_297,42.06490250973214,76.25555468298789
epigenomics_3464_fast2bfq_298,47.111627830991964,77.80035803912314
epigenomics_3464_fast2bfq_299,38.356400890039126,76.57571065505702
epigenomics_3464_fast2bfq_300,43.56079992477122,68.47672020350255
epigenomics_3464_fast2bfq_301,36.195871222849036,85.97870326444158
epigenomics_3464_fast2bfq_302,48.35404295703134,80.88581482388622
epigenomics_3464_fast2bfq_303,36.590016539154206,79.26200938783852
epigenomics_3464_fast2bfq_304,43.74717621363387,81.6542590444385
epigenomics_3464_fast2bfq_305,58.2929852975374,79.9588059185432
epigenomics_3464_fast2bfq_306,39.86771077892059,93.59945533643588
epigenomics_3464_fast2bfq_307,55.9414621815597,78.3589583514828
epigenomics_3464_fast2bfq_308,46.13894032992797,77.487392876003
epigenomics_3464_fast2bfq_309,35.48893085857835,88.82183702756177
epigenomics_3464_fast2bfq_310,35.064424112202026,79.10830305952155
epigenomics_3464_fast2bfq_311,29.907893791470777,78.50112126963832
epigenomics_3464_fast2bfq_312,32.77335794199917,82.96863977034006
epigenomics_3464_fast2bfq_313,39.34453185213948,81.87758624299097
epigenomics_3464_fast2bfq_314,48.370176720138616,67.32566178039339
epigenomics_3464_fast2bfq_315,40.995127636159026,91.90108127461264
epigenomics_3464_fast2bfq_316,44.62547923144715,91.76885840500952
epigenomics_3464_fast2bfq_317,50.60361952020115,76.4008520033647
epigenomics_3464_fast2bfq_318,49.54930975987531,95.98740439326679
epigenomics_3464_fast2bfq_319,39.2153795500757,81.7692909322792
epigenomics_3464_fast2bfq_320,40.18365324122895,74.63888580024185
epigenomics_3464_fast2bfq_321,31.56908306349464,95.75214874159899
epigenomics_3464_fast2bfq_322,36.27285656988191,76.75569197265804
epigenomics_3464_fast2bfq_323,40.988056464652495,88.79615336025293
epigenomics_3464_fast2bfq_324,42.56708591715336,69.19204863916279
epigenomics_3464_fast2bfq_325,43.34441610926387,76.08094343935448
epigenomics_3464_fast2bfq_326,41.54583953061067,81.71433807995923
epigenomics_3464_fast2bfq_327,60.78736969659958,78.38960576676456
epigenomics_3464_fast2bfq_328,33.95014009731316,83.59798624983723
epigenomics_3464_fast2bfq_329,41.653535884184,84.57744262409454
epigenomics_3464_fast2bfq_330,40.14456389928638,94.84152354496274
epigenomics_3464_fast2bfq_331,48.70431303813651,75.77602784934788
epigenomics_3464_fast2bfq_332,41.22139897396992,79.10346780503919
epigenomics_3464_fast2bfq_333,51.41844562336522,80.96466303112864
epigenomics_3464_fast2bfq_334,39.49181129066088,72.7716792396014
epigenomics_3464_fast2bfq_335,49.24867111117044,89.81924742629461
epigenomics_3464_fast2bfq_336,50.3158199312565,74.5668848238149
epigenomics_3464_fast2bfq_337,43.21031843849494,81.9479054490387
epigenomics_3464_fast2bfq_338,38.86298829855561,87.14650389485982
epigenomics_3464_fast2bfq_339,51.038235044424944,79.37722015252146
epigenomics_3464_fast2bfq_340,51.81194020881482,85.0355134133116
epigenomics_3464_fast2bfq_341,42.83676571675286,79.22813637525299
epigenomics_3464_fast2bfq_342,52.6098144629368,79.142701139437
epigenomics_3464_fast2bfq_343,46.62000186660605,74.8308172162116
epigenomics_3464_fast2bfq_344,34.67735799609876,84.71151684023499
epigenomics_3464_fast2bfq_345,38.85354243702927,75.16748500251589
epigenomics_3464_fast2bfq_346,46.16602109426944,86.30642989727967
epigenomics_3464_fast2bfq_347,38.19754324316161,81.20934357644504
epigenomics_3464_fast2bfq_348,49.721953927072654,73.99399007621999
epigenomics_3464_fast2bfq_349,42.56481143016648,74.48910387615183
epigenomics_3464_fast2bfq_350,41.3264773106244,74.33694912783976
epigenomics_3464_fast2bfq_351,41.45099943447199,82.6820559758284
epigenomics_3464_fast2bfq_352,57.05038652702553,77.7444582995948
epigenomics_3464_fast2bfq_353,52.393913698380004,69.41088467606409
epigenomics_3464_fast2bfq_354,36.18351197117974,68.62578977804677
epigenomics_3464_fast2bfq_355,62.1604950556836,78.71740955070703
epigenomics_3464_fast2bfq_356,43.34537080641034,71.37761771561827
epigenomics_3464_fast2bfq_357,47.96871007432644,89.24508347023978
epigenomics_3464_fast2bfq_358,44.8122301168511,92.78299789664081
epigenomics_3464_fast2bfq_359,40.92287385326314,78.71506060312797
epigenomics_3464_fast2bfq_360,41.25768682643651,79.15381329285042
epigenomics_3464_fast2bfq_361,48.361663254519826,75.26219883430493
epigenomics_3464_fast2bfq_362,42.25303899230101,87.80872911996106
epigenomics_3464_fast2bfq_363,37.72469028502524,80.84743750830205
epigenomics_3464_fast2bfq_364,32.333717823266916,68.43881937632295
epigenomics_3464_fast2bfq_365,36.21574077103739,67.93130198788478
epigenomics_3464_fast2bfq_366,48.96400239780253,77.88277439825336
epigenomics_3464_fast2bfq_367,53.18284862716068,77.47340898643246
epigenomics_3464_fast2bfq_368,45.062780690558,69.33662945922175
epigenomics_3464_fast2bfq_369,44.681124030971155,93.97750561875037
epigenomics_3464_fast2bfq_370,42.50373012989574,84.76701218467846
epigenomics_3464_fast2bfq_371,55.29162235305878,83.8875089313017
epigenomics_3464_fast2bfq_372,40.33415239553313,75.9387605627232
epigenomics_3464_fast2bfq_373,42.672202101259295,68.64113291553899
epigenomics_3464_fast2bfq_374,46.37479449497333,80.94748477103722
epigenomics_3464_fast2bfq_375,44.90376592147146,79.15002530664434
epigenomics_3464_fast2bfq_376,28.299019957209328,77.72198603527447
epigenomics_3464_fast2bfq_377,46.8387865817518,82.31627539092204
epigenomics_3464_fast2bfq_378,25.931456570580337,81.12541120237786
epigenomics_3464_fast2bfq_379,46.71748125085295,79.50695548695401
epigenomics_3464_fast2bfq_380,37.83596722452796,81.77735956297873
epigenomics_3464_fast2bfq_381,56.08213884278958,85.58157003809431
epigenomics_3464_fast2bfq_382,39.724546342559464,83.63966627839717
epigenomics_3464_fast2bfq_383,45.82804613111492,84.141680531198
epigenomics_3464_fast2bfq_384,31.51241872684474,88.1725084656093
epigenomics_3464_fast2bfq_385,34.82547638471611,69.22657537639975
epigenomics_3464_fast2bfq_386,37.068311526311206,72.58149497416898
epigenomics_3464_fast2bfq_387,54.049109964267956,79.71007172985219
epigenomics_3464_fast2bfq_388,58.16592910420297,75.68162876554207
epigenomics_3464_fast2bfq_389,36.32069666031677,72.30138956460446
epigenomics_3464_fast2bfq_390,54.82212640001141,81.83139910845313
epigenomics_3464_fast2bfq_391,35.37325868462864,67.6670529321437
epigenomics_3464_fast2bfq_392,38.722670379597986,91.31108416610357
epigenomics_3464_fast2bfq_393,39.97466567043339,77.01012182623474
epigenomics_3464_fast2bfq_394,50.12645972519188,67.8426572635424
epigenomics_3464_fast2bfq_395,46.63038848589351,83.12269953202124
epigenomics_3464_fast2bfq_396,53.0840641027693,75.20616768459362
epigenomics_3464_fast2bfq_397,56.464793339761115,75.84564815563488
epigenomics_3464_fast2bfq_398,41.616558877038884,74.87470110712873
epigenomics_3464_fast2bfq_399,62.949606014513535,75.37025267061226
epigenomics_3464_fast2bfq_400,42.97065816256129,81.85241781583164
epigenomics_3464_fast2bfq_401,54.447137823905784,75.43516856312041
epigenomics_3464_fast2bfq_402,32.388191497676885,86.22973260064802
epigenomics_3464_fast2bfq_403,51.4338654841805,84.79123299786833
epigenomics_3464_fast2bfq_404,52.254282391938126,87.16611912042589
epigenomics_3464_fast2bfq_405,37.435722411849184,78.96925847244943
epigenomics_3464_fast2bfq_406,38.92453449853818,84.01814234725047
epigenomics_3464_fast2bfq_407,53.67195995576892,87.46630729559611
epigenomics_3464_fast2bfq_408,30.616445926655206,81.90728750963848
epigenomics_3464_fast2bfq_409,36.65464206225735,79.51295387511813
epigenomics_3464_fast2bfq_410,41.78231910657349,65.98792556895123
epigenomics_3464_fast2bfq_411,38.198376941087645,79.55866029421465
epigenomics_3464_fast2bfq_412,50.81483445349562,79.46733482441365
epigenomics_3464_fast2bfq_413,30.303598090191457,81.62226728076226
epigenomics_3464_fast2bfq_414,43.28724461721989,88.74351435996311
epigenomics_3464_fast2bfq_415,49.36524846272403,82.16893787428197
epigenomics_3464_fast2bfq_416,40.289183500738204,87.94141819940458
epigenomics_3464_fast2bfq_417,44.11848804607693,83.77028455512034
epigenomics_3464_fast2bfq_418,45.47378291014739,82.33146160824622
epigenomics_3464_fast2bfq_419,42.919491036111665,78.99542570960118
epigenomics_3464_fast2bfq_420,33.732932159722,85.75162944473215
epigenomics_3464_fast2bfq_421,34.865634129841,67.85389261919154
epigenomics_3464_fast2bfq_422,43.68513861956695,81.33329623442515
epigenomics_3464_fast2bfq_423,43.62057453072493,77.72988241525383
epigenomics_3464_fast2bfq_424,50.012644473644286,85.50068305299578
epigenomics_3464_fast2bfq_425,49.585267028210474,78.29735996930401
epigenomics_3464_fast2bfq_426,51.57089472944743,81.87701621459964
epigenomics_3464_fast2bfq_427,39.2644308757052,90.30936647013974
epigenomics_3464_fast2bfq_428,49.21013156817902,81.32942769190298
epigenomics_3464_fast2bfq_429,42.52899049821044,84.78874463352655
epigenomics_3464_fast2bfq_430,40.28217786869739,78.12674046841813
epigenomics_3464_fast2bfq_431,49.435797636083365,67.1258772455351
epigenomics_3464_fast2bfq_432,50.40057442323348,86.29835559265709
epigenomics_3464_fast2bfq_433,55.3055434178348,75.92089733773624
epigenomics_3464_fast2bfq_434,42.35142311635686,85.65727408478003
epigenomics_3464_fast2bfq_435,35.27290812523765,78.38100744781845
epigenomics_3464_fast2bfq_436,41.22146835971834,93.66364275943145
epigenomics_3464_fast2bfq_437,45.17194574245505,90.38106869542207
epigenomics_3464_fast2bfq_438,32.08992983643845,81.41606138795179
epigenomics_3464_fast2bfq_439,49.50607659777833,88.24083521776657
epigenomics_3464_fast2bfq_440,41.21383355558606,89.53055084493937
epigenomics_3464_fast2bfq_441,48.73395341766139,70.72021295388598
epigenomics_3464_fast2bfq_442,48.08867637360366,90.82916823931774
epigenomics_3464_fast2bfq_443,46.99994509178778,89.58584150992606
epigenomics_3464_fast2bfq_444,46.250157569247754,84.55642038427966
epigenomics_3464_fast2bfq_445,26.003665244137018,67.34868917381684
epigenomics_3464_fast2bfq_446,41.40721594478471,75.90361172084964
epigenomics_3464_fast2bfq_447,50.5862655865722,76.4668231358877
epigenomics_3464_fast2bfq_448,52.153841979658665,83.27697094433154
epigenomics_3464_fast2bfq_449,29.54666636667309,84.59821462632108
epigenomics_3464_fast2bfq_450,44.71999728293175,68.87469522189014
epigenomics_3464_fast2bfq_451,44.4372254738106,95.40049063857822
epigenomics_3464_fast2bfq_452,47.82084660893072,79.17715951134674
epigenomics_3464_fast2bfq_453,38.500464053483526,76.64809762560556
epigenomics_3464_fast2bfq_454,40.63399241333324,72.56604466026907
epigenomics_3464_fast2bfq_455,57.00140651013525,79.41163956994846
epigenomics_3464_fast2bfq_456,34.53810394792655,78.4448773839891
epigenomics_3464_fast2bfq_457,27.57026220426388,75.1617299521691
epigenomics_3464_fast2bfq_458,45.99008075632469,82.37298374619213
epigenomics_3464_fast2bfq_459,42.463758004083104,75.57056164939223
epigenomics_3464_fast2bfq_460,58.69132953023344,96.73677329757345
epigenomics_3464_fast2bfq_461,41.16377108255229,74.90058658243277
epigenomics_3464_fast2bfq_462,49.99964711474473,84.76877428642716
epigenomics_3464_fast2bfq_463,38.37330678436443,75.7966948240055
epigenomics_3464_fast2bfq_464,42.993637524365745,90.58530043353107
epigenomics_3464_fast2bfq_465,38.40664018521802,80.5281901590796
epigenomics_3464_fast2bfq_466,38.10107515590002,81.04347044193406
epigenomics_3464_fast2bfq_467,35.92385888241454,75.73022854591886
epigenomics_3464_fast2bfq_468,40.2942949353789,78.50006748340589
epigenomics_3464_fast2bfq_469,52.05201558402472,83.76751093321712
epigenomics_3464_fast2bfq_470,52.11931006370679,75.31432337982262
epigenomics_3464_fast2bfq_471,60.95766729278277,76.99258741855868
epigenomics_3464_fast2bfq_472,41.1709469488331,77.21845033648032
epigenomics_3464_fast2bfq_473,46.6683537740717,76.72143818242289
epigenomics_3464_fast2bfq_474,36.52225551972645,78.8534668622123
epigenomics_3464_fast2bfq_475,43.467763469636076,65.4367080533147
epigenomics_3464_fast2bfq_476,47.8582824061539,80.79313337713015
epigenomics_3464_fast2bfq_477,52.827933342264956,81.88385614886484
epigenomics_3464_fast2bfq_478,36.68424837795197,89.58489122011439
epigenomics_3464_fast2bfq_479,46.364799628955744,95.4043285510291
epigenomics_3464_fast2bfq_480,55.57610570123437,90.87313742569353
epigenomics_3464_fast2bfq_481,51.201557454599964,73.38420587249847
epigenomics_3464_fast2bfq_482,45.109597394819716,89.04731189210172
epigenomics_3464_fast2bfq_483,53.26529105991014,80.64790365431057
epigenomics_3464_fast2bfq_484,44.95596065940036,85.92835527478903
epigenomics_3464_fast2bfq_485,32.81044845447365,71.93351178735293
epigenomics_3464_fast2bfq_486,48.20429051009851,81.79716877718437
epigenomics_3464_fast2bfq_487,51.11476165465168,71.48631474297366
epigenomics_3464_fast2bfq_488,43.269754333517575,81.28863669521886
epigenomics_3464_fast2bfq_489,56.9815690856014,80.15217583226962
epigenomics_3464_fast2bfq_490,42.55731751575105,86.00833837918393
epigenomics_3464_fast2bfq_491,57.77021922750645,76.50041841084334
epigenomics_3464_fast2bfq_492,44.54947260644427,77.00145241307537
epigenomics_3464_fast2bfq_493,43.67671698193502,83.55760484496129
epigenomics_3464_fast2bfq_494,52.18510300113229,85.83522231596119
epigenomics_3464_fast2bfq_495,32.125678681114564,85.37406553696039
epigenomics_3464_fast2bfq_496,57.10267021175585,80.12629110543514
epigenomics_3464_fast2bfq_497,35.09550716116132,79.24055501904984
epigenomics_3464_fast2bfq_498,64.10282179046519,73.70653655257874
epigenomics_3464_fast2bfq_499,53.49969766930452,80.10520013772933
epigenomics_3464_map_0,10228.724381755239,182.28168551788812
epigenomics_3464_map_1,9918.193604088234,186.17544924569896
epigenomics_3464_map_2,10030.513095896358,190.66865255360656
epigenomics_3464_map_3,9508.705734528447,182.43565787295117
epigenomics_3464_map_4,8293.414708975293,178.93593328648166
epigenomics_3464_map_5,9994.46875192626,188.56583636963785
epigenomics_3464_map_6,9414.850662643898,186.06910422337535
epigenomics_3464_map_7,9714.9865568207,189.7358862788467
epigenomics_3464_map_8,9748.704229453551,182.6993025928045
epigenomics_3464_map_9,10199.09247652264,173.8493481220025
epigenomics_3464_map_10,9497.288101332648,184.93577955604675
epigenomics_3464_map_11,9556.723192606618,182.49197520973362
epigenomics_3464_map_12,9655.63101852278,176.66999262899714
epigenomics_3464_map_13,9601.741541127596,184.2113436988676
epigenomics_3464_map_14,9990.142727700246,194.59998122111705
epigenomics_3464_map_15,9885.676323320422,191.68379172071116
epigenomics_3464_map_16,10135.60031183649,183.87871184067637
epigenomics_3464_map_17,10120.591552120748,193.00589271110078
epigenomics_3464_map_18,9685.578110494926,189.4230048992487
epigenomics_3464_map_19,9315.813878482408,174.48271728759775
epigenomics_3464_map_20,9907.359280969513,188.1243659036826
epigenomics_3464_map_21,10604.066876931241,170.20248782674167
epigenomics_3464_map_22,10247.017640864173,174.59662528880472
epigenomics_3464_map_23,10424.404322830465,180.4714978710528
epigenomics_3464_map_24,10552.26454932422,183.6430408852247
epigenomics_3464_map_25,10576.285728049594,194.2616829158805
epigenomics_3464_map_26,10670.828322040044,190.81341163033733
epigenomics_3464_map_27,9088.409171440673,178.50216598567297
epigenomics_3464_map_28,10582.453131546512,185.28356849183103
epigenomics_3464_map_29,9481.44812777798,185.3650955311174
epigenomics_3464_map_30,10720.129515207307,182.9697176235166
epigenomics_3464_map_31,10038.126284843996,189.39018052021055
epigenomics_3464_map_32,9871.163409645313,191.0519241660044
epigenomics_3464_map_33,10401.755027773928,182.7868935490656
epigenomics_3464_map_34,10738.883682712634,186.63059871523154
epigenomics_3464_map_35,9600.926585568981,189.30682780746534
epigenomics_3464_map_36,10307.815513698919,187.00827415943766
epigenomics_3464_map_37,9434.192821986971,179.90588869196327
epigenomics_3464_map_38,9014.997033676389,182.14976945983548
epigenomics_3464_map_39,10268.057837121556,184.48482155499772
epigenomics_3464_map_40,9515.650985761764,187.01174629495185
epigenomics_3464_map_41,10277.97056807576,187.46084804434773
epigenomics_3464_map_42,10603.814341525893,177.76581140237286
epigenomics_3464_map_43,10190.30113551931,187.36735692441758
epigenomics_3464_map_44,10990.279040695486,184.5846096716604
epigenomics_3464_map_45,10002.60429560235,175.62902161634437
epigenomics_3464_map_46,10016.849099854937,188.79178110262842
epigenomics_3464_map_47,10349.107102956194,187.6475264604735
epigenomics_3464_map_48,10291.342754334553,179.8495778559691
epigenomics_3464_map_49,10623.148015392197,183.57621038448565
epigenomics_3464_map_50,9327.291222493659,181.1933843192722
epigenomics_3464_map_51,10608.797402117365,177.76988786731908
epigenomics_3464_map_52,9810.459868425163,193.198265912675
epigenomics_3464_map_53,10571.960333142039,194.66793191123554
epigenomics_3464_map_54,9609.201770046953,177.50395563999894
epigenomics_3464_map_55,10420.521856767065,190.07361461321292
epigenomics_3464_map_56,10510.32956980781,191.19214574578825
epigenomics_3464_map_57,10436.949737695393,172.6893847535731
epigenomics_3464_map_58,9412.689418178357,181.2887298044665
epigenomics_3464_map_59,9438.723671555152,188.72368640121212
epigenomics_3464_map_60,11305.001083931973,190.7337898972461
epigenomics_3464_map_61,9823.528681396125,181.15555401040297
epigenomics_3464_map_62,10735.354331611612,183.88147506614132
epigenomics_3464_map_63,10504.42979628645,181.3635598193785
epigenomics_3464_map_64,9774.061057779338,180.15640677461192
epigenomics_3464_map_65,10271.452641332655,172.5659935924018
epigenomics_3464_map_66,10832.35263474069,188.5781856338929
epigenomics_3464_map_67,10571.903465354173,185.4131167688966
epigenomics_3464_map_68,10127.727734194857,180.64970516222698
epigenomics_3464_map_69,9881.447064660179,185.8548589326413
epigenomics_3464_map_70,9031.60984475546,191.30137278455456
epigenomics_3464_map_71,10326.597439810215,178.63376517105146
epigenomics_3464_map_72,10498.131768389967,181.055912574503
epigenomics_3464_map_73,9375.38596223716,187.74423205531727
epigenomics_3464_map_74,9711.504843731043,178.59675299297052
epigenomics_3464_map_75,10123.31219094263,180.57864315932088
epigenomics_3464_map_76,9708.031503625745,182.02414404717217
epigenomics_3464_map_77,9595.910572316643,191.6159790060322
epigenomics_3464_map_78,10344.081550721077,197.32260674429372
epigenomics_3464_map_79,10314.69725378676,178.00139782303376
epigenomics_3464_map_80,9917.09461346137,182.3965642409725
epigenomics_3464_map_81,10068.078846457202,182.1451185024615
epigenomics_3464_map_82,9313.099716049754,193.59873220130908
epigenomics_3464_map_83,9468.286649529979,174.89930976372196
epigenomics_3464_map_84,9167.492746682736,188.75201638917642
epigenomics_3464_map_85,10666.313165728763,183.53367460237806
epigenomics_3464_map_86,10289.52662230141,181.4365597592678
epigenomics_3464_map_87,9874.939074139815,184.20160194488997
epigenomics_3464_map_88,10181.080962490201,181.56219559419912
epigenomics_3464_map_89,10006.41877119785,191.5649422846522
epigenomics_3464_map_90,9724.583314222231,182.33847398454114
epigenomics_3464_map_91,9979.521510199871,196.27135869287486
epigenomics_3464_map_92,9778.139640084248,181.66021365373567
epigenomics_3464_map_93,9418.193626639943,189.85052670963202
epigenomics_3464_map_94,10017.070337715862,178.72710797337328
epigenomics_3464_map_95,10489.642408002555,185.9605999871563
epigenomics_3464_map_96,10515.172977873282,188.9036811244302
epigenomics_3464_map_97,9409.989218648532,190.8337075454133
epigenomics_3464_map_98,10225.796115569823,182.12208342912317
epigenomics_3464_map_99,9646.601118877357,187.22510552138024
epigenomics_3464_map_100,9610.834869137434,188.63757372835275
epigenomics_3464_map_101,9477.11169977323,182.60137143357835
epigenomics_3464_map_102,10462.003914883318,183.06721947931547
epigenomics_3464_map_103,10420.462024594088,183.38288855450548
epigenomics_3464_map_104,9054.190932538668,195.1014297926077
epigenomics_3464_map_105,10115.802194785245,187.42107478431072
epigenomics_3464_map_106,10418.339326197603,174.32598813124196
epigenomics_3464_map_107,10253.747730958976,189.77336601620468
epigenomics_3464_map_108,10573.48553574869,184.9709888416945
epigenomics_3464_map_109,9744.180523427525,180.99335387189177
epigenomics_3464_map_110,10649.627100437276,190.02861877471145
epigenomics_3464_map_111,10581.369973221452,183.01794084117827
epigenomics_3464_map_112,10767.184188087556,186.810293111845
epigenomics_3464_map_113,9811.444674043449,183.78130628783302
epigenomics_3464_map_114,9669.620459750853,184.67158303015364
epigenomics_3464_map_115,9585.355200065773,177.94267402903665
epigenomics_3464_map_116,9142.780264896815,191.90824133898275
epigenomics_3464_map_117,9942.124162249505,192.10296672686204
epigenomics_3464_map_118,10128.451632447392,181.62770143197676
epigenomics_3464_map_119,10194.72517218781,182.4914192843269
epigenomics_3464_map_120,10277.019787125726,194.66601873764685
epigenomics_3464_map_121,10257.154322318607,188.92673267490795
epigenomics_3464_map_122,9876.790041893953,193.21503820187098
epigenomics_3464_map_123,10629.923316233167,177.08700581015896
epigenomics_3464_map_124,10046.028604718747,183.8355923409364
epigenomics_3464_map_125,10338.195471189169,189.26009514475422
epigenomics_3464_map_126,10805.720152146057,183.69897164777151
epigenomics_3464_map_127,9426.438098870527,179.3551214355429
epigenomics_3464_map_128,9995.34945973228,190.57920469991848
epigenomics_3464_map_129,9497.07692247564,179.56161098530575
epigenomics_3464_map_130,10148.105405054575,189.7048017555982
epigenomics_3464_map_131,9541.936021269375,183.45919757386702
epigenomics_3464_map_132,9758.185806438007,185.25176585815396
epigenomics_3464_map_133,9645.076141819956,183.61597795198662
epigenomics_3464_map_134,10299.342013615009,186.76236071604558
epigenomics_3464_map_135,9925.10210798344,183.18171867565542
epigenomics_3464_map_136,10045.602641312662,182.5537037022507
epigenomics_3464_map_137,10333.850075286453,186.48392142545293
epigenomics_3464_map_138,10181.45950907855,187.93071066134866
epigenomics_3464_map_139,9461.132155664134,183.92907997025807
epigenomics_3464_map_140,9716.48115893568,186.9827994998336
epigenomics_3464_map_141,10237.027474058012,179.1263027969547
epigenomics_3464_map_142,9738.324579165594,181.18822294084325
epigenomics_3464_map_143,9692.767095533582,185.54748629212983
epigenomics_3464_map_144,10339.393526474514,193.67865114064088
epigenomics_3464_map_145,9476.622819822063,189.19801671173025
epigenomics_3464_map_146,10382.657243637688,181.47176544777884
epigenomics_3464_map_147,10495.151215995971,180.1376985846037
epigenomics_3464_map_148,9760.198285455393,178.02561213921967
epigenomics_3464_map_149,9917.3242386762,186.02669591182337
epigenomics_3464_map_150,10968.152718465144,178.34157231109177
epigenomics_3464_map_151,10404.781573745788,180.07985207615405
epigenomics_3464_map_152,9118.367956762057,187.35212262628005
epigenomics_3464_map_153,10468.481057077597,183.2351180717121
epigenomics_3464_map_154,10828.995336579545,187.98712545196273
epigenomics_3464_map_155,9600.687708959304,190.25435701122151
epigenomics_3464_map_156,10126.003702726946,189.71081373239406
epigenomics_3464_map_157,10008.142047933432,184.5342876621496
epigenomics_3464_map_158,9165.041356465097,178.84479404539496
epigenomics_3464_map_159,9609.665114849291,182.62646417752333
epigenomics_3464_map_160,9453.817539439764,183.7542278602585
epigenomics_3464_map_161,10148.974682791953,181.06195955962437
epigenomics_3464_map_162,9586.689854017784,183.34265437262292
epigenomics_3464_map_163,9955.745737685509,181.55874709191855
epigenomics_3464_map_164,10207.42912929103,181.9134569861941
epigenomics_3464_map_165,9918.992370124226,186.38056450798996
epigenomics_3464_map_166,9658.817374668073,186.00504363034355
epigenomics_3464_map_167,9249.956301462513,182.01844961530645
epigenomics_3464_map_168,11083.070114186547,184.71346453075103
epigenomics_3464_map_169,9713.769214382077,183.98833306808646
epigenomics_3464_map_170,10411.023528630663,187.34888511733732
epigenomics_3464_map_171,10224.871331757131,186.48908029926895
epigenomics_3464_map_172,10975.630822542267,178.01850341817777
epigenomics_3464_map_173,9361.177146329204,184.10279851281572
epigenomics_3464_map_174,11096.920688273423,184.54746266913318
epigenomics_3464_map_175,10136.760425036691,186.11039155411035
epigenomics_3464_map_176,10956.753439157916,176.2372852036184
epigenomics_3464_map_177,8971.06277341523,175.80990433665875
epigenomics_3464_map_178,10057.23364651067,183.06291593955953
epigenomics_3464_map_179,10514.098018504672,186.65556320035643
epigenomics_3464_map_180,9814.726664261947,183.8712063625888
epigenomics_3464_map_181,9148.99257531314,176.6411330254646
epigenomics_3464_map_182,10067.508279443506,186.09283777346948
epigenomics_3464_map_183,9454.88497493592,176.10258657293645
epigenomics_3464_map_184,9791.166396226177,190.49777948192153
epigenomics_3464_map_185,9391.0954489027,189.00328077148274
epigenomics_3464_map_186,10228.916052463266,191.0343067749939
epigenomics_3464_map_187,9847.100726396633,187.8749757022004
epigenomics_3464_map_188,9812.218431006277,189.4174097989122
epigenomics_3464_map_189,10624.552506704551,182.55617014383327
epigenomics_3464_map_190,9840.973811249469,191.76537317964195
epigenomics_3464_map_191,10813.215401436284,199.39036544399283
epigenomics_3464_map_192,10271.293376472464,181.2294490513237
epigenomics_3464_map_193,9630.772859940887,184.3067351413782
epigenomics_3464_map_194,10322.669310204701,198.69600109297446
epigenomics_3464_map_195,10257.194575521939,188.66628815042705
epigenomics_3464_map_196,10302.059484524094,187.55839083188945
epigenomics_3464_map_197,11012.858482433376,186.35511520219416
epigenomics_3464_map_198,10756.960059607309,184.31310678352818
epigenomics_3464_map_199,9592.424495617888,184.41260004982465
epigenomics_3464_map_200,10394.668949445864,186.3056890405704
epigenomics_3464_map_201,9669.521000105115,189.98480513015156
epigenomics_3464_map_202,10053.463229833913,194.48696302475187
epigenomics_3464_map_203,10152.669452303024,184.9747960157661
epigenomics_3464_map_204,9441.455460486302,189.82820344870137
epigenomics_3464_map_205,9325.26906749183,183.4209019477196
epigenomics_3464_map_206,10269.874291644232,184.90617701409843
epigenomics_3464_map_207,9867.100223731379,179.8296394863507
epigenomics_3464_map_208,9882.532593564678,186.10068807534472
epigenomics_3464_map_209,10061.313015087377,178.782473838554
epigenomics_3464_map_210,9755.63692748937,194.05943307018669
epigenomics_3464_map_211,10235.441829092813,186.718981792603
epigenomics_3464_map_212,9995.7193686134,181.0278224015838
epigenomics_3464_map_213,10454.292420944943,179.04376376139325
epigenomics_3464_map_214,10176.732502448274,188.22306588468382
epigenomics_3464_map_215,9890.689829721312,185.4826461515653
epigenomics_3464_map_216,10363.485530439137,187.73479420478836
epigenomics_3464_map_217,9921.039611057848,184.03809059022407
epigenomics_3464_map_218,10172.587056816083,182.41229463507503
epigenomics_3464_map_219,9747.812980890492,189.21297291557374
epigenomics_3464_map_220,8930.82709851043,193.51172161120775
epigenomics_3464_map_221,10645.731418016201,184.60348278509258
epigenomics_3464_map_222,9471.839786703993,188.1354461364331
epigenomics_3464_map_223,10269.633516189524,186.9907812355411
epigenomics_3464_map_224,10317.504110601612,182.15545558337453
epigenomics_3464_map_225,10167.97686962082,182.08672917331583
epigenomics_3464_map_226,9972.204549903307,186.41981404896507
epigenomics_3464_map_227,10275.29866033532,187.4147209073088
epigenomics_3464_map_228,10535.050119493313,179.14389501582934
epigenomics_3464_map_229,9689.821060623131,183.03850852399805
epigenomics_3464_map_230,10153.787933487976,190.65817452609295
epigenomics_3464_map_231,10288.535631278262,186.79832343158276
epigenomics_3464_map_232,9259.429144938395,189.35526350408333
epigenomics_3464_map_233,9601.042431485537,181.13218393901167
epigenomics_3464_map_234,10350.104888644948,190.06855550141248
epigenomics_3464_map_235,10234.539803790523,188.16253527680425
epigenomics_3464_map_236,9058.386395120242,184.34798696380196
epigenomics_3464_map_237,9775.19532024402,196.4108327771695
epigenomics_3464_map_238,10698.300575085337,181.54239341678894
epigenomics_3464_map_239,8985.589928657097,182.71619983361057
epigenomics_3464_map_240,9853.981215878075,185.90932659893153
epigenomics_3464_map_241,9731.414078467367,174.11773790088492
epigenomics_3464_map_242,9074.787719603662,188.41915484834306
epigenomics_3464_map_243,9451.394774169046,181.77993384457508
epigenomics_3464_map_244,9772.592787186268,187.45593756667373
epigenomics_3464_map_245,8790.531698963929,182.41156789086196
epigenomics_3464_map_246,9543.999466215268,175.56792608390398
epigenomics_3464_map_247,9253.744325348189,193.16704532807344
epigenomics_3464_map_248,10322.05003090177,191.22643221136815
epigenomics_3464_map_249,10052.625806693284,189.50465241685862
epigenomics_3464_map_250,10461.101855392406,177.76149118237768
epigenomics_3464_map_251,9956.732082578517,180.23433262070702
epigenomics_3464_map_252,10412.593553310706,182.94615252806318
epigenomics_3464_map_253,9812.894058669697,185.957654908467
epigenomics_3464_map_254,9586.552960434045,187.9518797280268
epigenomics_3464_map_255,10607.670155563346,190.26602763270145
epigenomics_3464_map_256,10271.421812355948,183.02346104486477
epigenomics_3464_map_257,10461.94982368249,184.7286167084137
epigenomics_3464_map_258,10014.215247777985,182.19563808511998
epigenomics_3464_map_259,10262.739956736883,183.37900278645913
epigenomics_3464_map_260,9740.122024820668,188.62617286221982
epigenomics_3464_map_261,9617.343194625664,182.28506523688185
epigenomics_3464_map_262,9607.99592803999,195.2235003767605
epigenomics_3464_map_263,10208.119956911183,187.73454359565147
epigenomics_3464_map_264,10220.402081060456,180.98305861724594
epigenomics_3464_map_265,9957.236639813798,184.21377056692847
epigenomics_3464_map_266,10580.288745501013,193.57714117808803
epigenomics_3464_map_267,9551.823922316262,191.53730695639607
epigenomics_3464_map_268,10734.030291360321,182.62901283703354
epigenomics_3464_map_269,9671.225425186509,185.02734574411028
epigenomics_3464_map_270,10086.020368248574,186.46740817213774
epigenomics_3464_map_271,9754.052180540544,188.10675373299298
epigenomics_3464_map_272,10111.038033703158,191.89562936129596
epigenomics_3464_map_273,10432.488113659774,188.8298630431043
epigenomics_3464_map_274,10666.755961919898,182.7723823048008
epigenomics_3464_map_275,9614.961884363398,178.31091232396716
epigenomics_3464_map_276,10918.592488719823,181.35756040273384
epigenomics_3464_map_277,10079.262624171775,176.68825898858015
epigenomics_3464_map_278,10721.492159289308,195.24843465398615
epigenomics_3464_map_279,10946.167278664485,184.48584599308117
epigenomics_3464_map_280,10125.752929622284,183.16665391846317
epigenomics_3464_map_281,10345.537768776963,175.682520469468
epigenomics_3464_map_282,10169.692058498718,189.54508873918755
epigenomics_3464_map_283,10786.850854652606,184.75001470508258
epigenomics_3464_map_284,9715.781837341094,192.74707749268913
epigenomics_3464_map_285,9977.487791502339,187.9013593299177
epigenomics_3464_map_286,9905.777106921845,171.62536851219937
epigenomics_3464_map_287,10080.878968105364,193.97876361253807
epigenomics_3464_map_288,8572.051394153637,185.4452385156223
epigenomics_3464_map_289,10052.679617092284,188.29294146586386
epigenomics_3464_map_290,10618.026285556867,182.46970103930457
epigenomics_3464_map_291,9771.188464775752,181.58166196385758
epigenomics_3464_map_292,9984.829035430146,185.0332757291524
epigenomics_3464_map_293,10061.855850973852,190.59964114791526
epigenomics_3464_map_294,9697.08519758208,178.2512249390961
epigenomics_3464_map_295,11209.474189321938,181.55072614418273
epigenomics_3464_map_296,9964.412214475626,188.0888494511361
epigenomics_3464_map_297,10176.626979257522,184.26471642700182
epigenomics_3464_map_298,9485.61259277146,178.54362855285387
epigenomics_3464_map_299,9768.750209735224,188.16050555152458
epigenomics_3464_map_300,10489.09210860227,183.61102401872665
epigenomics_3464_map_301,9862.178501752951,183.3038448024851
epigenomics_3464_map_302,10036.772331257878,180.24657853864468
epigenomics_3464_map_303,9963.899495193858,191.67860550079965
epigenomics_3464_map_304,10408.655467947645,184.27630254133075
epigenomics_3464_map_305,8948.219253619418,189.31702484357453
epigenomics_3464_map_306,10087.663429750137,183.60188406547988
epigenomics_3464_map_307,9687.988935135607,189.5022570794815
epigenomics_3464_map_308,10758.060170149847,184.73504275616278
epigenomics_3464_map_309,10702.0010264794,189.04417185104316
epigenomics_3464_map_310,10247.985230509072,188.01671640654538
epigenomics_3464_map_311,9044.867270609177,185.68717582948048
epigenomics_3464_map_312,10074.13448458219,188.44771107140727
epigenomics_3464_map_313,9402.877372138664,183.47585262664418
epigenomics_3464_map_314,9794.672781583084,185.94841126576472
epigenomics_3464_map_315,10231.669957038232,180.32298220490787
epigenomics_3464_map_316,10784.317157185407,194.53581273698398
epigenomics_3464_map_317,9627.614940385181,183.12711865686833
epigenomics_3464_map_318,10697.793291992391,186.2066030134205
epigenomics_3464_map_319,10298.99335454148,185.00563708935596
epigenomics_3464_map_320,10075.648777801796,181.8083707425134
epigenomics_3464_map_321,10177.808281981592,186.52551736917655
epigenomics_3464_map_322,9097.170830356885,174.13350134944747
epigenomics_3464_map_323,9755.959520265465,189.62762774234744
epigenomics_3464_map_324,9481.304975564495,183.65600392604122
epigenomics_3464_map_325,9560.61672232079,180.25621689641608
epigenomics_3464_map_326,9767.423536892939,186.98939377533645
epigenomics_3464_map_327,10110.36857719378,188.11222885933861
epigenomics_3464_map_328,11217.101837152617,189.04512326538335
epigenomics_3464_map_329,10503.493538482755,182.82739177667344
epigenomics_3464_map_330,10259.159953084054,187.76686062985448
epigenomics_3464_map_331,9879.579886629024,186.57214754982053
epigenomics_3464_map_332,10213.488558726014,175.35833980251286
epigenomics_3464_map_333,10534.48830426005,189.339723879658
epigenomics_3464_map_334,9724.84948259713,183.4291694202244
epigenomics_3464_map_335,9687.540574441255,188.1680796197803
epigenomics_3464_map_336,10201.629939095394,199.47681784158257
epigenomics_3464_map_337,9737.111797209507,184.83144220591316
epigenomics_3464_map_338,9916.300531616302,186.83384620969494
epigenomics_3464_map_339,10519.652463508324,181.82618781496052
epigenomics_3464_map_340,10163.077040168368,187.21305951316793
epigenomics_3464_map_341,10587.800213256525,189.15390975167116
epigenomics_3464_map_342,9127.56676221094,186.28910773039883
epigenomics_3464_map_343,9479.587671065608,180.6454082170324
epigenomics_3464_map_344,10482.209930213412,180.13433058970887
epigenomics_3464_map_345,10196.352315077575,176.91619721169718
epigenomics_3464_map_346,9954.338391700305,182.71048015036848
epigenomics_3464_map_347,9845.565792950109,177.30900299919887
epigenomics_3464_map_348,9464.231574433294,179.63005708298718
epigenomics_3464_map_349,9050.596128277864,175.7732890418544
epigenomics_3464_map_350,10389.836098907965,190.38062342608848
epigenomics_3464_map_351,9170.857473891514,186.22539000623473
epigenomics_3464_map_352,10274.531976575909,193.96459086360863
epigenomics_3464_map_353,9773.299208827575,184.6251360103536
epigenomics_3464_map_354,9946.970654961162,186.2056702617198
epigenomics_3464_map_355,10372.704130590111,184.48457137961267
epigenomics_3464_map_356,10056.104676098716,190.35571604405564
epigenomics_3464_map_357,10150.240441624928,188.52518728046812
epigenomics_3464_map_358,10089.403967116892,186.86640082133957
epigenomics_3464_map_359,9755.979966298086,186.95788344962088
epigenomics_3464_map_360,9489.48686175047,177.03632568562048
epigenomics_3464_map_361,10264.010082719637,184.3378801276124
epigenomics_3464_map_362,9796.713581944969,177.578059290096
epigenomics_3464_map_363,9882.780089945725,190.9574505598363
epigenomics_3464_map_364,9499.087920973087,176.21538170478533
epigenomics_3464_map_365,10019.888623800012,186.90933979293777
epigenomics_3464_map_366,9934.753346297895,186.8952405475058
epigenomics_3464_map_367,8962.451174318636,193.29438172314363
epigenomics_3464_map_368,10169.630505378616,191.19200721958384
epigenomics_3464_map_369,10171.4122946621,186.0160093578506
epigenomics_3464_map_370,9228.416836780872,177.8664909531779
epigenomics_3464_map_371,9556.05246458821,187.41269451185664
epigenomics_3464_map_372,8747.551797446822,180.21002780801805
epigenomics_3464_map_373,10664.193294012903,188.85204206267218
epigenomics_3464_map_374,10706.66345816356,186.67094904105585
epigenomics_3464_map_375,11239.70043958736,184.47862565510425
epigenomics_3464_map_376,10519.698445942868,180.86408791373802
epigenomics_3464_map_377,10606.281871957146,183.82627434661416
epigenomics_3464_map_378,9618.412878851164,180.5399520661451
epigenomics_3464_map_379,10591.516110872954,181.44005491173115
epigenomics_3464_map_380,9930.472105511672,185.5547568385634
epigenomics_3464_map_381,9775.612077400907,187.82274341826817
epigenomics_3464_map_382,10269.720907244053,193.03146749579167
epigenomics_3464_map_383,10525.307944840435,181.2740914250371
epigenomics_3464_map_384,10851.50481945496,190.96379544518533
epigenomics_3464_map_385,11539.806585476932,188.23329028426818
epigenomics_3464_map_386,8644.881809263055,185.31140549474216
epigenomics_3464_map_387,10287.468825399535,191.0749874325462
epigenomics_3464_map_388,11078.811302134143,188.49583782620624
epigenomics_3464_map_389,9640.832269583845,191.16077336830136
epigenomics_3464_map_390,9481.785725545584,178.10276972215354
epigenomics_3464_map_391,10069.533486400022,182.63034651179476
epigenomics_3464_map_392,10275.912856841966,185.91682047553843
epigenomics_3464_map_393,9184.204109450638,183.38734844794084
epigenomics_3464_map_394,10861.317264639845,183.98538416288363
epigenomics_3464_map_395,10086.513690841328,187.1441848838361
epigenomics_3464_map_396,10047.939693551662,181.27358959565424
epigenomics_3464_map_397,9515.636146479157,185.83132394229793
epigenomics_3464_map_398,9969.38150064786,184.12601947127374
epigenomics_3464_map_399,10693.893597980998,179.11357235575286
epigenomics_3464_map_400,9868.491137404868,180.71549547733417
epigenomics_3464_map_401,10415.67408056732,182.39359945555452
epigenomics_3464_map_402,10028.62199908244,179.48153861672048
epigenomics_3464_map_403,9438.253802047084,179.88875935336586
epigenomics_3464_map_404,8405.290659380693,179.32864179455316
epigenomics_3464_map_405,9668.383652014432,192.33194498627645
epigenomics_3464_map_406,10637.988852353697,196.01097694594392
epigenomics_3464_map_407,10045.694763813355,186.39362638458758
epigenomics_3464_map_408,10016.759994961629,182.6321228599774
epigenomics_3464_map_409,10332.411738848123,195.45841294714782
epigenomics_3464_map_410,10725.538476927213,184.94668316905904
epigenomics_3464_map_411,10386.064994456476,189.03819146471014
epigenomics_3464_map_412,10175.813951282998,187.34968199094888
epigenomics_3464_map_413,9516.478488811375,186.4407045341513
epigenomics_3464_map_414,9907.703070619717,180.65403394647893
epigenomics_3464_map_415,10091.943827939744,183.91882885632734
epigenomics_3464_map_416,9570.742833079625,180.27522352357056
epigenomics_3464_map_417,9930.531971634848,183.61640311209854
epigenomics_3464_map_418,10519.348888072225,188.00353150342156
epigenomics_3464_map_419,8978.090770358456,178.10844080831671
epigenomics_3464_map_420,9130.698829491192,190.06172416729402
epigenomics_3464_map_421,9823.766093825338,183.60436191190217
epigenomics_3464_map_422,9630.247968845502,183.6831967662303
epigenomics_3464_map_423,9370.952060279275,190.68660937554182
epigenomics_3464_map_424,9869.19611375722,184.04853020676973
epigenomics_3464_map_425,10564.113913649166,185.8944792559566
epigenomics_3464_map_426,10482.347741273818,192.11860023587633
epigenomics_3464_map_427,9834.36186062802,187.56937583013078
epigenomics_3464_map_428,10066.38480217448,184.26530209331267
epigenomics_3464_map_429,10254.259680291074,184.71367325169805
epigenomics_3464_map_430,9484.037466718786,188.62149390075268
epigenomics_3464_map_431,10410.523259049465,182.01377777554043
epigenomics_3464_map_432,10304.742651927545,184.62231816188807
epigenomics_3464_map_433,11347.789023269232,182.5573839962486
epigenomics_3464_map_434,9911.146197042252,184.15944571824747
epigenomics_3464_map_435,10003.773842808045,196.0403819848822
epigenomics_3464_map_436,9969.26242545038,189.4214361732785
epigenomics_3464_map_437,9553.656590272793,192.1678124287666
epigenomics_3464_map_438,9691.86144132268,183.53555246323904
epigenomics_3464_map_439,10624.596591482503,189.76387397851758
epigenomics_3464_map_440,9203.73275934392,181.65962601144204
epigenomics_3464_map_441,9637.015273943289,185.95726703302554
epigenomics_3464_map_442,10835.819599413559,186.54252010857522
epigenomics_3464_map_443,10504.185904049447,177.03568175974613
epigenomics_3464_map_444,10673.501077942054,182.28784284462256
epigenomics_3464_map_445,9228.511742862556,187.82730839387733
epigenomics_3464_map_446,9066.199944729857,180.10553490111687
epigenomics_3464_map_447,9415.172127024518,187.4753350491258
epigenomics_3464_map_448,9349.262055152183,193.92759322502636
epigenomics_3464_map_449,9689.77845290188,187.17848069165413
epigenomics_3464_map_450,9225.549457368534,180.7975676602396
epigenomics_3464_map_451,9979.90835522065,189.54179696220586
epigenomics_3464_map_452,10104.234336037733,183.1910677170283
epigenomics_3464_map_453,10757.20271715282,184.22149941056534
epigenomics_3464_map_454,9143.337034725027,191.1285966228408
epigenomics_3464_map_455,9275.474381238033,184.1453369535349
epigenomics_3464_map_456,9478.813925658707,187.2836300508408
epigenomics_3464_map_457,10487.144661964712,185.32416144939037
epigenomics_3464_map_458,10803.623286513814,178.29143921062078
epigenomics_3464_map_459,10364.727823926107,180.04305852844766
epigenomics_3464_map_460,10495.389472809906,188.7891706044601
epigenomics_3464_map_461,10150.06733627877,186.13217642361985
epigenomics_3464_map_462,10153.495070551264,176.62872469522463
epigenomics_3464_map_463,9365.3575589286,192.38082806353805
epigenomics_3464_map_464,10688.643618656919,184.91461243127029
epigenomics_3464_map_465,10239.701781766833,187.37233415606707
epigenomics_3464_map_466,9832.977000753855,187.92396380638846
epigenomics_3464_map_467,9639.34436748025,186.9624089013067
epigenomics_3464_map_468,10531.915643719365,182.02130498949242
epigenomics_3464_map_469,10080.518020134708,175.07545046245062
epigenomics_3464_map_470,9928.421090690123,181.46676702281545
epigenomics_3464_map_471,10506.242215583334,179.43477665245598
epigenomics_3464_map_472,10754.279650525898,183.30530163421375
epigenomics_3464_map_473,10671.46416477995,187.10627452389903
epigenomics_3464_map_474,9277.549169724534,180.3537176392491
epigenomics_3464_map_475,10074.923197416565,187.034290456951
epigenomics_3464_map_476,10193.330481555284,187.18743655669368
epigenomics_3464_map_477,9991.960813699321,184.34407425240255
epigenomics_3464_map_478,9607.344445824605,180.8076005534026
epigenomics_3464_map_479,10137.097195714057,178.57357347421052
epigenomics_3464_map_480,10855.724227833845,191.46819983536645
epigenomics_3464_map_481,9946.540022711148,187.47816857064774
epigenomics_3464_map_482,9439.502422094156,184.4603340162701
epigenomics_3464_map_483,9679.111268767716,187.48073200776093
epigenomics_3464_map_484,8984.243713132128,190.32200741490539
epigenomics_3464_map_485,9361.11292844716,186.20282739308877
epigenomics_3464_map_486,9738.009070964516,194.0203019759555
epigenomics_3464_map_487,10517.831176022422,190.0930331408983
epigenomics_3464_map_488,9269.696758975788,188.22178024608152
epigenomics_3464_map_489,9429.652065208093,183.4542399130772
epigenomics_3464_map_490,9747.79321802029,196.07534986410474
epigenomics_3464_map_491,9628.118366946026,189.56400135610045
epigenomics_3464_map_492,9386.979019833292,179.78206983978467
epigenomics_3464_map_493,10426.227505129866,200.1364905348042
epigenomics_3464_map_494,9986.699089759824,181.35879592190548
epigenomics_3464_map_495,10278.269246455691,186.17308393396436
epigenomics_3464_map_496,10166.34688330912,184.81728661556537
epigenomics_3464_map_497,9604.994328227667,191.39537126835933
epigenomics_3464_map_498,10484.039014155296,179.6024927361358
epigenomics_3464_map_499,10223.074827594031,187.04892904820747
epigenomics_3464_mapMerge1_0,152.97577368460412,115.21857769814562
epigenomics_3464_mapMerge1_1,69.53433242418343,97.04137537247414
epigenomics_3464_mapMerge2_0,97.5167984280347,124.98589047531713
epigenomics_3464_chr21_0,174.72020540934983,46.855288873224715
epigenomics_3464_pileup_0,140.04981009333972,95.17282703590577
