request,latency,mem
epigenomics_8059_entry_0,1.0,1.0
epigenomics_8059_fastqSplit_0,60.39073782541754,104.76152550322035
epigenomics_8059_fastqSplit_1,75.19212752062762,93.60692102322575
epigenomics_8059_filterContams_0,17.23023051585491,77.50714479087719
epigenomics_8059_filterContams_1,21.206104109388736,61.376991118694136
epigenomics_8059_filterContams_2,17.834100852352716,62.32810058781729
epigenomics_8059_filterContams_3,23.94462870753483,68.22811945101982
epigenomics_8059_filterContams_4,17.4691242019294,64.36772976623455
epigenomics_8059_filterContams_5,17.98818451433147,50.69838603869319
epigenomics_8059_filterContams_6,16.459632688460033,76.98762121011265
epigenomics_8059_filterContams_7,16.497793047682602,60.34877971611358
epigenomics_8059_filterContams_8,20.278507626614207,55.625320614244586
epigenomics_8059_filterContams_9,20.753740797849147,67.76394830084955
epigenomics_8059_filterContams_10,18.699976209740495,75.92882676728107
epigenomics_8059_filterContams_11,19.42765852088869,70.09313149400728
epigenomics_8059_filterContams_12,16.113540898899394,69.26373390327981
epigenomics_8059_filterContams_13,23.79063368377757,76.64529445986678
epigenomics_8059_filterContams_14,23.25669191926682,46.20234481203481
epigenomics_8059_filterContams_15,18.12893303922028,68.01354826514161
epigenomics_8059_filterContams_16,22.932010704877964,60.67814089995954
epigenomics_8059_filterContams_17,21.555846857684337,73.61501716067384
epigenomics_8059_filterContams_18,20.723426875046236,71.23787491233753
epigenomics_8059_filterContams_19,19.06071488487866,68.60306423332868
epigenomics_8059_filterContams_20,18.710633512936475,51.74024896254028
epigenomics_8059_filterContams_21,19.190696726693048,82.09727570197212
epigenomics_8059_filterContams_22,23.654915284011203,64.9067347849578
epigenomics_8059_filterContams_23,20.67944756476678,64.41608662497848
epigenomics_8059_filterContams_24,20.28290404223139,81.49312105892109
epigenomics_8059_filterContams_25,19.54120728004838,66.11382186130362
epigenomics_8059_filterContams_26,17.710694287540274,68.22826301905775
epigenomics_8059_filterContams_27,23.481828261335206,64.72940394737577
epigenomics_8059_filterContams_28,19.90686700764092,76.41589577039561
epigenomics_8059_filterContams_29,18.554119235336604,66.84672568769788
epigenomics_8059_filterContams_30,26.183388002253018,67.48450200706861
epigenomics_8059_filterContams_31,20.057472088822998,55.37089241494335
epigenomics_8059_filterContams_32,20.140187490466705,61.33044713560125
epigenomics_8059_filterContams_33,19.048236371602453,67.09417577714525
epigenomics_8059_filterContams_34,21.70744990624198,39.128383232556544
epigenomics_8059_filterContams_35,21.69534729306085,59.93684123018202
epigenomics_8059_filterContams_36,17.62760500747435,72.33354679230506
epigenomics_8059_filterContams_37,19.174405724838884,46.96438356976401
epigenomics_8059_filterContams_38,19.954417415007374,81.11805245582435
epigenomics_8059_filterContams_39,15.244168907230417,60.03075998604265
epigenomics_8059_filterContams_40,19.63395137002896,64.3322599480011
epigenomics_8059_filterContams_41,16.511716803613716,54.777229476289875
epigenomics_8059_filterContams_42,20.240813498434477,64.37754019657174
epigenomics_8059_filterContams_43,18.443508897103314,65.36585929273541
epigenomics_8059_filterContams_44,21.660649229067413,62.280157517306165
epigenomics_8059_filterContams_45,16.849140209727633,70.76952012697839
epigenomics_8059_filterContams_46,22.785141932037583,75.27780224523941
epigenomics_8059_filterContams_47,14.75308596081036,60.323425295940226
epigenomics_8059_filterContams_48,11.183424103513794,75.74710674616628
epigenomics_8059_filterContams_49,24.70297854676751,67.8640316533182
epigenomics_8059_filterContams_50,19.62495117096169,66.8222320487606
epigenomics_8059_filterContams_51,22.6268051417408,62.83833652101411
epigenomics_8059_filterContams_52,21.99818750356384,62.01660779854293
epigenomics_8059_filterContams_53,18.39115266867529,45.76425604256049
epigenomics_8059_filterContams_54,23.16816763942875,55.783862494496006
epigenomics_8059_filterContams_55,18.91537730581064,62.63460179970088
epigenomics_8059_filterContams_56,17.721657081666606,59.18335792596599
epigenomics_8059_filterContams_57,23.842970016337265,71.43594022608941
epigenomics_8059_filterContams_58,16.77243729179964,61.36658194972479
epigenomics_8059_filterContams_59,22.87530013265514,55.22399150050424
epigenomics_8059_filterContams_60,26.017884672392192,58.17434923351768
epigenomics_8059_filterContams_61,22.561335550570334,72.14676277372742
epigenomics_8059_filterContams_62,15.417099593647826,66.00738603681661
epigenomics_8059_filterContams_63,22.897413943719688,69.33315099039545
epigenomics_8059_filterContams_64,22.069616869393922,70.25574852372853
epigenomics_8059_filterContams_65,21.621306733250353,48.84684304362723
epigenomics_8059_filterContams_66,17.817466908753296,79.10385240107044
epigenomics_8059_filterContams_67,20.547621703000225,68.95920167994676
epigenomics_8059_filterContams_68,21.8174465175195,60.08341298934825
epigenomics_8059_filterContams_69,18.937529482409616,68.14146828423763
epigenomics_8059_filterContams_70,21.160864102368745,60.75957054801369
epigenomics_8059_filterContams_71,18.130943659614402,59.37458113637901
epigenomics_8059_filterContams_72,23.137615655531853,60.123879639642105
epigenomics_8059_filterContams_73,20.090580100794426,64.25779877615379
epigenomics_8059_filterContams_74,19.260185733263953,58.026526412964344
epigenomics_8059_filterContams_75,17.4081940252396,47.84139212596776
epigenomics_8059_filterContams_76,21.31600501127912,60.35889115796098
epigenomics_8059_filterContams_77,15.347413715282308,66.01567913873684
epigenomics_8059_filterContams_78,18.401626785899772,69.940964827748
epigenomics_8059_filterContams_79,21.750896295615913,74.00973799035282
epigenomics_8059_filterContams_80,19.542192162507543,51.3806891679493
epigenomics_8059_filterContams_81,20.778890141280353,68.39447267060761
epigenomics_8059_filterContams_82,18.301765866879542,67.04965943434713
epigenomics_8059_filterContams_83,20.36479302608559,59.44199362781575
epigenomics_8059_filterContams_84,16.505970232860022,74.16564937776923
epigenomics_8059_filterContams_85,21.09167338334778,62.36179178587717
epigenomics_8059_filterContams_86,17.311516035571817,66.0152361121237
epigenomics_8059_filterContams_87,23.76832831988723,72.80084792873382
epigenomics_8059_filterContams_88,17.687877650517677,66.08097976576916
epigenomics_8059_filterContams_89,15.062578055563362,51.77446336936048
epigenomics_8059_filterContams_90,16.599662991557338,63.45984933345379
epigenomics_8059_filterContams_91,22.89049333592839,62.117277707760486
epigenomics_8059_filterContams_92,22.333626635958318,72.04311156347038
epigenomics_8059_filterContams_93,21.241102201575817,62.419925360950174
epigenomics_8059_filterContams_94,21.266787402473778,51.57129581456119
epigenomics_8059_filterContams_95,21.003761066442344,56.382301625959904
epigenomics_8059_filterContams_96,22.951846524443006,56.907034760750506
epigenomics_8059_filterContams_97,17.51272331935445,68.1104575295037
epigenomics_8059_filterContams_98,19.461129751550708,70.09347452301508
epigenomics_8059_filterContams_99,21.278170477820044,58.715163711786964
epigenomics_8059_filterContams_100,20.92140685974968,83.58737474126427
epigenomics_8059_filterContams_101,27.186064607196545,85.85253751972613
epigenomics_8059_filterContams_102,16.744498294394738,62.101123197861874
epigenomics_8059_filterContams_103,16.292641288100654,60.41304048427939
epigenomics_8059_filterContams_104,23.800011455025118,72.53977978043426
epigenomics_8059_filterContams_105,21.644105166085495,65.69786682152478
epigenomics_8059_filterContams_106,17.555456961705612,59.577622129095424
epigenomics_8059_filterContams_107,17.659490824973112,68.14546118829786
epigenomics_8059_filterContams_108,23.611997458740685,64.3155294338899
epigenomics_8059_filterContams_109,15.971285052361774,76.89024649052843
epigenomics_8059_filterContams_110,25.047616429313067,63.96331765698884
epigenomics_8059_filterContams_111,19.105057133751703,64.95523966129541
epigenomics_8059_filterContams_112,23.612606593298946,58.74578588564433
epigenomics_8059_filterContams_113,19.16263465134034,73.63516334306144
epigenomics_8059_filterContams_114,17.612493518859203,88.66550536247757
epigenomics_8059_filterContams_115,19.036422040499286,69.9760968376134
epigenomics_8059_filterContams_116,21.166501211532744,66.66445886316357
epigenomics_8059_filterContams_117,21.670451215804455,54.81663172704447
epigenomics_8059_filterContams_118,20.372405747194197,51.34829224270928
epigenomics_8059_filterContams_119,20.21726606003277,64.1116447818175
epigenomics_8059_filterContams_120,19.501246749950923,60.722418313280016
epigenomics_8059_filterContams_121,17.84452639655273,67.44873900156122
epigenomics_8059_filterContams_122,18.451271854420067,74.71544317412454
epigenomics_8059_filterContams_123,19.167199022984367,56.46607747897022
epigenomics_8059_filterContams_124,16.912044614479715,70.4010296026844
epigenomics_8059_filterContams_125,25.507273580965883,69.79809499131265
epigenomics_8059_filterContams_126,20.12952423615465,69.40495621889279
epigenomics_8059_filterContams_127,20.96964099739907,59.17935468135855
epigenomics_8059_filterContams_128,14.006462536123044,64.23404446512404
epigenomics_8059_filterContams_129,23.91912381862468,62.080697579716485
epigenomics_8059_filterContams_130,21.957747077939764,66.46929562739007
epigenomics_8059_filterContams_131,22.79125406235869,71.02820770375864
epigenomics_8059_filterContams_132,16.79702133699575,59.71433524116187
epigenomics_8059_filterContams_133,18.640009301872325,67.69947690066346
epigenomics_8059_filterContams_134,24.105647598585424,58.388483249727884
epigenomics_8059_filterContams_135,25.21696089838326,51.51869404763954
epigenomics_8059_filterContams_136,14.611844929875176,64.06812688578917
epigenomics_8059_filterContams_137,12.88202644365835,57.890900431667866
epigenomics_8059_filterContams_138,20.559152295557357,69.37101123903618
epigenomics_8059_filterContams_139,16.009693782213052,57.53120394708011
epigenomics_8059_filterContams_140,18.115350688358618,73.19560701216521
epigenomics_8059_filterContams_141,22.175275392361485,84.87634493517187
epigenomics_8059_filterContams_142,16.63928432218575,73.79190344103885
epigenomics_8059_filterContams_143,20.563598417821364,68.54181741731013
epigenomics_8059_filterContams_144,20.017693681102067,69.19577746462281
epigenomics_8059_filterContams_145,15.073499618654866,74.60153338202684
epigenomics_8059_filterContams_146,20.547841772877444,56.256432774097476
epigenomics_8059_filterContams_147,19.87938368426442,72.0754910991223
epigenomics_8059_filterContams_148,16.865118132487314,58.0195170826265
epigenomics_8059_filterContams_149,22.084318711203842,60.4826817919812
epigenomics_8059_filterContams_150,20.473508007174694,46.421773420093274
epigenomics_8059_filterContams_151,14.533025424257241,61.274757585001446
epigenomics_8059_filterContams_152,23.92475047204706,53.50526205995648
epigenomics_8059_filterContams_153,16.26777135819262,74.59340218226595
epigenomics_8059_filterContams_154,17.328745098129527,69.19138551275124
epigenomics_8059_filterContams_155,20.54365187512092,57.96612963742763
epigenomics_8059_filterContams_156,25.322313701316425,65.30408935968528
epigenomics_8059_filterContams_157,24.361903422779275,57.85515488619156
epigenomics_8059_filterContams_158,21.524894476007205,55.63441942183885
epigenomics_8059_filterContams_159,23.814786191658033,62.60478107422059
epigenomics_8059_filterContams_160,25.552449559229622,72.40711369039201
epigenomics_8059_filterContams_161,17.36069186354039,70.71757432479968
epigenomics_8059_filterContams_162,21.71645556526518,52.65466668526797
epigenomics_8059_filterContams_163,21.1627980924831,63.23667124298223
epigenomics_8059_filterContams_164,16.75283082680645,70.82517621463941
epigenomics_8059_filterContams_165,19.501995993740895,57.678941402484845
epigenomics_8059_filterContams_166,14.435484996194923,82.40049952465313
epigenomics_8059_filterContams_167,22.74914004201849,72.53956448530636
epigenomics_8059_filterContams_168,25.982794879859565,80.14706733058266
epigenomics_8059_filterContams_169,20.05147188855703,61.23281132016945
epigenomics_8059_filterContams_170,16.95474971696394,66.21476798382663
epigenomics_8059_filterContams_171,17.50480203061559,68.26981277482557
epigenomics_8059_filterContams_172,21.62680489170597,63.412997731239706
epigenomics_8059_filterContams_173,20.56102395828121,56.57368561899136
epigenomics_8059_filterContams_174,24.195174322868866,71.26272450094554
epigenomics_8059_filterContams_175,22.77731036335777,82.66981553327344
epigenomics_8059_filterContams_176,16.627212115142783,65.51138008470508
epigenomics_8059_filterContams_177,27.253263676712393,61.32424087780459
epigenomics_8059_filterContams_178,13.677437965013189,69.24873304917155
epigenomics_8059_filterContams_179,21.784828403347348,74.26862666213688
epigenomics_8059_filterContams_180,25.135340550670534,69.20140976542966
epigenomics_8059_filterContams_181,16.646266171535892,68.18396200219058
epigenomics_8059_filterContams_182,18.47682617790034,61.0858439000662
epigenomics_8059_filterContams_183,21.222180880809365,62.73409477460903
epigenomics_8059_filterContams_184,23.144529433379702,66.38868901542006
epigenomics_8059_filterContams_185,11.912106622891953,71.13460977079451
epigenomics_8059_filterContams_186,19.063953195733095,49.78762992154607
epigenomics_8059_filterContams_187,22.649682164148626,58.86118739036806
epigenomics_8059_filterContams_188,17.411273601875696,65.62501932749454
epigenomics_8059_filterContams_189,23.692002421100362,60.76208472397393
epigenomics_8059_filterContams_190,13.1451484981309,59.9941542100073
epigenomics_8059_filterContams_191,18.451851986221815,60.51737216124506
epigenomics_8059_filterContams_192,18.874771468925893,69.7569449138085
epigenomics_8059_filterContams_193,13.571013612079813,54.6005974272483
epigenomics_8059_filterContams_194,21.618846389834566,76.25033482515097
epigenomics_8059_filterContams_195,18.145036279948254,52.342020203988284
epigenomics_8059_filterContams_196,19.66990913698468,59.677269549221705
epigenomics_8059_filterContams_197,18.185521841037204,42.9631074009651
epigenomics_8059_filterContams_198,21.780713654923964,58.69509740351684
epigenomics_8059_filterContams_199,21.78488583143474,60.515549530355585
epigenomics_8059_filterContams_200,21.371911596231747,65.84408628540028
epigenomics_8059_filterContams_201,17.27743655819237,52.56596590453572
epigenomics_8059_filterContams_202,18.587945132971303,62.82072732152929
epigenomics_8059_filterContams_203,21.039003850812627,61.54245690132996
epigenomics_8059_filterContams_204,15.976179828442651,61.221165937082844
epigenomics_8059_filterContams_205,19.175172763497674,74.62843109530908
epigenomics_8059_filterContams_206,22.26186116034687,69.4258230266453
epigenomics_8059_filterContams_207,21.833769860642295,72.90301867466006
epigenomics_8059_filterContams_208,13.734142153427758,74.31212893961752
epigenomics_8059_filterContams_209,23.610776347740345,61.22624203658571
epigenomics_8059_filterContams_210,20.094228076839222,60.18059158698758
epigenomics_8059_filterContams_211,21.587217017206267,58.51648236662118
epigenomics_8059_filterContams_212,17.019427750808205,60.38566150750416
epigenomics_8059_filterContams_213,19.03406262063969,77.54394631205203
epigenomics_8059_filterContams_214,21.994601286938764,60.69590125334602
epigenomics_8059_filterContams_215,15.818470704579331,48.49470450008958
epigenomics_8059_filterContams_216,23.946089795381294,69.04381382892359
epigenomics_8059_filterContams_217,21.14089453771101,54.39963539310249
epigenomics_8059_filterContams_218,17.187426486705565,56.68327513841774
epigenomics_8059_filterContams_219,20.637020406488627,50.087401854914084
epigenomics_8059_filterContams_220,16.494587269026596,64.21367044776613
epigenomics_8059_filterContams_221,15.561476031254298,67.48197590677752
epigenomics_8059_filterContams_222,18.985948225917628,53.93153504623956
epigenomics_8059_filterContams_223,21.76864734297942,73.62382845649836
epigenomics_8059_filterContams_224,21.952680593047777,53.44973225547729
epigenomics_8059_filterContams_225,22.914870591871356,67.75177290445728
epigenomics_8059_filterContams_226,21.062637193239315,50.72872954997787
epigenomics_8059_filterContams_227,24.134408160600852,68.10438924264028
epigenomics_8059_filterContams_228,19.018226264247286,63.34159334140405
epigenomics_8059_filterContams_229,19.49511500489121,73.06278119354391
epigenomics_8059_filterContams_230,21.799413804706205,71.08916311702261
epigenomics_8059_filterContams_231,22.603224308598907,75.4368184406368
epigenomics_8059_filterContams_232,14.159806418774224,83.23662051371193
epigenomics_8059_filterContams_233,19.21054631540705,54.32441250972476
epigenomics_8059_filterContams_234,21.702930532980233,65.79094269527052
epigenomics_8059_filterContams_235,23.94085669322635,65.11437622478739
epigenomics_8059_filterContams_236,21.20360452987836,56.7924026929102
epigenomics_8059_filterContams_237,15.733127969573463,76.84756434967437
epigenomics_8059_filterContams_238,17.092316262367557,64.49152295334338
epigenomics_8059_filterContams_239,22.06489298362605,72.50984075212786
epigenomics_8059_filterContams_240,16.629475057306045,63.78556992859749
epigenomics_8059_filterContams_241,20.78405681207597,90.18243888233363
epigenomics_8059_filterContams_242,14.08556929706874,41.46970370108633
epigenomics_8059_filterContams_243,20.775137614693502,60.64502573706589
epigenomics_8059_filterContams_244,19.97606905379355,55.969763146107596
epigenomics_8059_filterContams_245,16.136738999598602,70.15534494448517
epigenomics_8059_filterContams_246,12.855513269788068,75.16359374352761
epigenomics_8059_filterContams_247,16.160553444583503,53.14823747008615
epigenomics_8059_filterContams_248,17.6088082409831,64.54506792395361
epigenomics_8059_filterContams_249,18.449921464490462,59.11418885386012
epigenomics_8059_filterContams_250,18.796974064005106,60.72554740609069
epigenomics_8059_filterContams_251,18.096862448436184,54.84033162062277
epigenomics_8059_filterContams_252,12.797639575951525,62.60387550977067
epigenomics_8059_filterContams_253,23.660451152354995,67.15094576011653
epigenomics_8059_filterContams_254,17.94225700916872,68.65527715716323
epigenomics_8059_filterContams_255,23.82624435052767,57.336604399381756
epigenomics_8059_filterContams_256,18.46547970307175,61.02279424064572
epigenomics_8059_filterContams_257,23.23244441535949,68.50114955935175
epigenomics_8059_filterContams_258,17.220260609065875,70.01114237297543
epigenomics_8059_filterContams_259,18.83388405616939,63.95090687417644
epigenomics_8059_filterContams_260,21.175671632368868,81.27691452467502
epigenomics_8059_filterContams_261,18.708385713451488,57.81773510526628
epigenomics_8059_filterContams_262,22.530011300554538,77.04007875675248
epigenomics_8059_filterContams_263,22.313389093895765,62.962926429128274
epigenomics_8059_filterContams_264,18.360589922909796,64.70191717629368
epigenomics_8059_filterContams_265,23.242574752847663,79.64215703542136
epigenomics_8059_filterContams_266,20.294169093106685,89.77894811111753
epigenomics_8059_filterContams_267,19.389573805967895,51.25975677125665
epigenomics_8059_filterContams_268,20.102742152866373,69.86638216798048
epigenomics_8059_filterContams_269,16.82670148375223,68.50496957871133
epigenomics_8059_filterContams_270,26.203060566463233,69.79029824313791
epigenomics_8059_filterContams_271,14.053110533556104,64.799481244162
epigenomics_8059_filterContams_272,22.27020828406874,57.56155200675695
epigenomics_8059_filterContams_273,16.997926088026876,63.05321389393153
epigenomics_8059_filterContams_274,22.45644954891768,59.665478928019375
epigenomics_8059_filterContams_275,18.153114920832362,62.4439296125108
epigenomics_8059_filterContams_276,13.269648166381964,52.42628007498199
epigenomics_8059_filterContams_277,19.65328787923018,59.6699542214504
epigenomics_8059_filterContams_278,18.468347445469277,57.820553665755575
epigenomics_8059_filterContams_279,17.467507773746718,56.083764874076955
epigenomics_8059_filterContams_280,17.391566730360086,68.62549703390266
epigenomics_8059_filterContams_281,16.51096541820546,59.541708020388405
epigenomics_8059_filterContams_282,21.083034871038883,68.91041749839738
epigenomics_8059_filterContams_283,20.397513040641737,67.3898402413166
epigenomics_8059_filterContams_284,20.323579772665035,68.22768860154729
epigenomics_8059_filterContams_285,17.396746420638838,67.77204308912205
epigenomics_8059_filterContams_286,18.29930130827193,55.37476526046655
epigenomics_8059_filterContams_287,22.257634769493993,59.445072115078275
epigenomics_8059_filterContams_288,21.78629789031904,47.3126433591608
epigenomics_8059_filterContams_289,23.56084625646738,63.95888805386923
epigenomics_8059_filterContams_290,17.945462250868065,61.25510081117933
epigenomics_8059_filterContams_291,23.01332060453594,71.90400647276525
epigenomics_8059_filterContams_292,16.993408666373714,74.75436174198731
epigenomics_8059_filterContams_293,18.314661134608578,65.44473159203814
epigenomics_8059_filterContams_294,21.154144454997017,61.155595847337494
epigenomics_8059_filterContams_295,18.63280313686954,68.39553669259068
epigenomics_8059_filterContams_296,19.03220362421599,60.365962281876776
epigenomics_8059_filterContams_297,23.086144232898448,60.550742297945625
epigenomics_8059_filterContams_298,21.735325243963732,64.60234278372388
epigenomics_8059_filterContams_299,19.090978476058762,62.3444344288789
epigenomics_8059_filterContams_300,22.574249975551304,63.927022141416934
epigenomics_8059_filterContams_301,13.912328211952914,68.67122991917007
epigenomics_8059_filterContams_302,12.967174154965992,63.294963848843864
epigenomics_8059_filterContams_303,17.943977556011063,55.499573774028335
epigenomics_8059_filterContams_304,18.774233562754365,49.60109463216275
epigenomics_8059_filterContams_305,20.23822742904913,46.64934106532898
epigenomics_8059_filterContams_306,17.704314638370732,68.43669634371744
epigenomics_8059_filterContams_307,20.459917376663608,61.90566185802463
epigenomics_8059_filterContams_308,29.725999440983614,76.39898416814898
epigenomics_8059_filterContams_309,22.753670458907315,59.366650285643175
epigenomics_8059_filterContams_310,21.000663040232634,60.59157095853335
epigenomics_8059_filterContams_311,14.901688692571973,71.49268794934454
epigenomics_8059_filterContams_312,28.695410885792153,62.658395273319606
epigenomics_8059_filterContams_313,22.19670090730162,67.05749254717323
epigenomics_8059_filterContams_314,19.999995101158806,53.8670503186844
epigenomics_8059_filterContams_315,20.31151467522518,81.90380686188031
epigenomics_8059_filterContams_316,19.296899952076,69.90124652394493
epigenomics_8059_filterContams_317,14.721130579134858,70.45236945575274
epigenomics_8059_filterContams_318,19.220520665715426,75.8352190662633
epigenomics_8059_filterContams_319,18.3939137501955,64.67859659263293
epigenomics_8059_filterContams_320,16.97484999763064,60.549518296303624
epigenomics_8059_filterContams_321,19.637889488122127,66.66882336185374
epigenomics_8059_filterContams_322,19.565417456208976,54.897454299344886
epigenomics_8059_filterContams_323,19.012780838610183,62.658350271379085
epigenomics_8059_filterContams_324,24.611459419204923,67.05329720293682
epigenomics_8059_filterContams_325,15.678740007515998,70.65107907641014
epigenomics_8059_filterContams_326,23.022026913435482,62.024416086092685
epigenomics_8059_filterContams_327,24.31971033719589,68.30573897364462
epigenomics_8059_filterContams_328,21.29389007950044,61.99897864129221
epigenomics_8059_filterContams_329,21.279088085955696,65.31976257360594
epigenomics_8059_filterContams_330,20.81340852137812,66.58749251438327
epigenomics_8059_filterContams_331,19.25184760984051,68.85887997762009
epigenomics_8059_filterContams_332,17.522526417550957,64.25525867425885
epigenomics_8059_filterContams_333,18.051389490173335,66.78387435221113
epigenomics_8059_filterContams_334,19.283692533997634,54.796296227717676
epigenomics_8059_filterContams_335,20.66360927756413,77.68208682978853
epigenomics_8059_filterContams_336,22.47246807264564,60.90531989643789
epigenomics_8059_filterContams_337,17.27797642012302,65.88809503311633
epigenomics_8059_filterContams_338,19.69603254456367,66.41481183691648
epigenomics_8059_filterContams_339,21.617871856006104,61.221736794748
epigenomics_8059_filterContams_340,16.620312025921457,72.6546853750515
epigenomics_8059_filterContams_341,21.22856894128782,51.38134517194698
epigenomics_8059_filterContams_342,23.836845957478094,83.10020245315599
epigenomics_8059_filterContams_343,19.31753700414093,64.7508689927924
epigenomics_8059_filterContams_344,15.706826750242525,56.72614582349158
epigenomics_8059_filterContams_345,16.712676149127667,62.64127760970884
epigenomics_8059_filterContams_346,16.41127086445149,58.60648016967842
epigenomics_8059_filterContams_347,23.237311286055775,74.91353474200014
epigenomics_8059_filterContams_348,18.06258616655765,59.39993433607247
epigenomics_8059_filterContams_349,20.478338717026066,60.518737474733435
epigenomics_8059_filterContams_350,15.959690208149727,61.50398260024612
epigenomics_8059_filterContams_351,21.601849846214748,53.365645459665345
epigenomics_8059_filterContams_352,20.54141008483508,56.83505923227901
epigenomics_8059_filterContams_353,27.588060427922663,50.04382746903814
epigenomics_8059_filterContams_354,16.02135831672283,59.07783414190317
epigenomics_8059_filterContams_355,19.407626726192362,65.18701171142484
epigenomics_8059_filterContams_356,19.728337097681216,60.80538959479145
epigenomics_8059_filterContams_357,23.211302169565545,62.21684166435154
epigenomics_8059_filterContams_358,19.371992343838755,73.2651297973593
epigenomics_8059_filterContams_359,13.344074437803588,61.79734502168909
epigenomics_8059_filterContams_360,17.02397781367589,61.40732728289088
epigenomics_8059_filterContams_361,19.704809987592796,75.89352364578423
epigenomics_8059_filterContams_362,18.719082761547284,61.431785355937954
epigenomics_8059_filterContams_363,18.81624693914311,72.97801659305564
epigenomics_8059_filterContams_364,21.965270092820198,63.947807748458956
epigenomics_8059_filterContams_365,19.57054147247143,67.82177628943182
epigenomics_8059_filterContams_366,19.36348454955778,63.181318121666386
epigenomics_8059_filterContams_367,18.106562377512056,68.43621629477705
epigenomics_8059_filterContams_368,23.139696565524286,66.61526246998866
epigenomics_8059_filterContams_369,19.335607665730628,60.96978252560481
epigenomics_8059_filterContams_370,22.618497403165186,71.82541614582466
epigenomics_8059_filterContams_371,20.816357632007865,66.1046682094824
epigenomics_8059_filterContams_372,21.32564631994159,63.65830286393211
epigenomics_8059_filterContams_373,21.244814836955648,53.56938917627322
epigenomics_8059_filterContams_374,24.72781917697517,53.81430898020156
epigenomics_8059_filterContams_375,23.762494873341424,65.32939926654221
epigenomics_8059_filterContams_376,19.006245754836893,62.66818029764762
epigenomics_8059_filterContams_377,20.432395521236817,62.78254872799037
epigenomics_8059_filterContams_378,22.559189058284232,60.763028458337786
epigenomics_8059_filterContams_379,20.484726026604857,63.593535051482995
epigenomics_8059_filterContams_380,22.75638511776382,77.46892966742256
epigenomics_8059_filterContams_381,18.696527465312347,67.61239442980411
epigenomics_8059_filterContams_382,24.028194983309625,68.87220965864518
epigenomics_8059_filterContams_383,19.40540963095999,72.08697259828371
epigenomics_8059_filterContams_384,22.206675596547896,69.31140745684212
epigenomics_8059_filterContams_385,24.405221037304184,63.80181748636174
epigenomics_8059_filterContams_386,20.149792153095234,66.66326706637776
epigenomics_8059_filterContams_387,18.271255403454024,60.05313047726459
epigenomics_8059_filterContams_388,16.65083374868539,71.97300827642266
epigenomics_8059_filterContams_389,17.362081663029887,68.82679543760277
epigenomics_8059_filterContams_390,22.15762408456017,68.70721919850904
epigenomics_8059_filterContams_391,23.765463472741434,67.17748248159535
epigenomics_8059_filterContams_392,19.881349517255487,56.3377868713314
epigenomics_8059_filterContams_393,19.50345931415111,65.6669641641689
epigenomics_8059_filterContams_394,21.580005279348484,53.5510060494866
epigenomics_8059_filterContams_395,18.055501172868034,58.60582787932889
epigenomics_8059_filterContams_396,18.47714049585757,58.905022329266224
epigenomics_8059_filterContams_397,17.005918431518285,59.170560278968836
epigenomics_8059_filterContams_398,17.156162293400666,61.622493197220635
epigenomics_8059_filterContams_399,20.034834695010957,56.63070897161171
epigenomics_8059_filterContams_400,21.04559018071928,45.70698850622249
epigenomics_8059_filterContams_401,24.769100138754137,64.07094176773302
epigenomics_8059_filterContams_402,17.603206425975472,84.56824105626742
epigenomics_8059_filterContams_403,23.22008817971152,61.74643031507209
epigenomics_8059_filterContams_404,22.515761475971185,68.64265965945424
epigenomics_8059_filterContams_405,19.794645753160825,53.17579194835021
epigenomics_8059_filterContams_406,20.36886718154336,61.22761632672387
epigenomics_8059_filterContams_407,17.164518991578948,60.32408895524014
epigenomics_8059_filterContams_408,23.715556728339834,63.35031642301532
epigenomics_8059_filterContams_409,16.754140686828862,62.27772737619842
epigenomics_8059_filterContams_410,18.055528364725863,64.2571619555007
epigenomics_8059_filterContams_411,18.8038212571687,59.795345127660816
epigenomics_8059_filterContams_412,22.00946062667429,66.89208411283818
epigenomics_8059_filterContams_413,20.248280262448446,69.05877105980935
epigenomics_8059_filterContams_414,21.317283587577133,70.33291973671362
epigenomics_8059_filterContams_415,20.347340963900013,80.95879478661661
epigenomics_8059_filterContams_416,16.75377392363529,48.4073480395252
epigenomics_8059_filterContams_417,20.689285082379733,68.43976066648808
epigenomics_8059_filterContams_418,16.673678926451124,63.13088555536498
epigenomics_8059_filterContams_419,20.42728128855324,70.09572296897922
epigenomics_8059_filterContams_420,17.155328404252025,41.25136527778495
epigenomics_8059_filterContams_421,18.313587036963263,69.5847286812261
epigenomics_8059_filterContams_422,20.428382460266203,64.17322713306693
epigenomics_8059_filterContams_423,21.486678231587735,69.15021754364678
epigenomics_8059_filterContams_424,19.998111041397436,70.97432847924021
epigenomics_8059_filterContams_425,20.322842879636827,73.66465670542532
epigenomics_8059_filterContams_426,18.653636677644634,73.35652438395498
epigenomics_8059_filterContams_427,19.347170573985817,60.35366192593549
epigenomics_8059_filterContams_428,15.544241942256708,56.42514148616796
epigenomics_8059_filterContams_429,18.390476750977047,50.66548918501955
epigenomics_8059_filterContams_430,19.39276364660831,74.54672223641792
epigenomics_8059_filterContams_431,21.50481724645253,61.08645768133147
epigenomics_8059_filterContams_432,18.58565618075781,58.68266607252757
epigenomics_8059_filterContams_433,17.982504925572442,50.557855636605325
epigenomics_8059_filterContams_434,16.570034684576378,73.48256300746321
epigenomics_8059_filterContams_435,18.81233002117871,74.66597987697111
epigenomics_8059_filterContams_436,17.27101310326524,65.48890156183782
epigenomics_8059_filterContams_437,22.36286929255206,69.12571200981144
epigenomics_8059_filterContams_438,19.840877671841227,63.60718130861997
epigenomics_8059_filterContams_439,19.338643994329004,67.88850138502626
epigenomics_8059_filterContams_440,21.305372959144037,68.06219132482924
epigenomics_8059_filterContams_441,22.505084304886903,64.99587213705074
epigenomics_8059_filterContams_442,19.213334034031472,47.04664065066838
epigenomics_8059_filterContams_443,17.554325376268384,56.85695795019519
epigenomics_8059_filterContams_444,22.089436286907734,72.16473016629926
epigenomics_8059_filterContams_445,24.4439885785377,68.99651066718097
epigenomics_8059_filterContams_446,19.11308646285644,76.64566267765208
epigenomics_8059_filterContams_447,21.927394610342027,70.0580168965355
epigenomics_8059_filterContams_448,14.873110041412769,69.46657724556334
epigenomics_8059_filterContams_449,18.347057079619507,74.66948178949923
epigenomics_8059_filterContams_450,23.00145222091607,78.01263780973538
epigenomics_8059_filterContams_451,21.90628790858357,64.46312240521922
epigenomics_8059_filterContams_452,19.17740316768984,64.84724946451945
epigenomics_8059_filterContams_453,22.700552678376674,77.62180685008114
epigenomics_8059_filterContams_454,18.510092005913766,72.2919379696099
epigenomics_8059_filterContams_455,24.246861665834647,68.14074479523418
epigenomics_8059_filterContams_456,20.31511136179291,70.31117194557149
epigenomics_8059_filterContams_457,18.18943038334339,70.28905561154117
epigenomics_8059_filterContams_458,18.362429673892578,57.90351224717092
epigenomics_8059_filterContams_459,21.109681908328433,68.21332843102815
epigenomics_8059_filterContams_460,24.122040072055178,55.49876437355655
epigenomics_8059_filterContams_461,20.015846599478657,67.99923535022245
epigenomics_8059_filterContams_462,18.246177388738445,65.16210498636875
epigenomics_8059_filterContams_463,15.886607093240604,75.37778382065859
epigenomics_8059_filterContams_464,17.056941298117977,77.22580808337953
epigenomics_8059_filterContams_465,16.22192177673216,68.71022876967194
epigenomics_8059_filterContams_466,20.75659315741528,59.690597261541896
epigenomics_8059_filterContams_467,21.30695865108416,77.31298562688697
epigenomics_8059_filterContams_468,21.330585009724597,57.49725443576184
epigenomics_8059_filterContams_469,20.051084964346916,69.44339037929018
epigenomics_8059_filterContams_470,25.29667764313934,71.2887619731745
epigenomics_8059_filterContams_471,24.73625049607271,58.16728684409802
epigenomics_8059_filterContams_472,15.181724767928614,72.70113613987577
epigenomics_8059_filterContams_473,19.546659773411662,52.941385581122766
epigenomics_8059_filterContams_474,23.1686877434243,72.36401022376239
epigenomics_8059_filterContams_475,20.436709308134866,48.886719865971564
epigenomics_8059_filterContams_476,20.204866236673464,56.12953113693287
epigenomics_8059_filterContams_477,21.044502871855297,65.32376494110419
epigenomics_8059_filterContams_478,20.50349082723014,67.92586291834495
epigenomics_8059_filterContams_479,17.699588668967035,60.6416334928835
epigenomics_8059_filterContams_480,15.4595583492,51.05522384087257
epigenomics_8059_filterContams_481,19.664650595370134,62.62480620258083
epigenomics_8059_filterContams_482,21.347819218342924,56.90439068752413
epigenomics_8059_filterContams_483,19.137312727001362,65.72017216359166
epigenomics_8059_filterContams_484,21.236478938701456,49.60861997123278
epigenomics_8059_filterContams_485,21.75887850277697,74.83457274322882
epigenomics_8059_filterContams_486,18.494342553382747,67.17325811259346
epigenomics_8059_filterContams_487,24.62350952185546,71.28892192313869
epigenomics_8059_filterContams_488,22.588391699304978,65.85912240849727
epigenomics_8059_filterContams_489,18.62812217734282,61.08013760658301
epigenomics_8059_filterContams_490,21.710007402435323,56.509531370547634
epigenomics_8059_filterContams_491,19.391533997702183,67.7919610287285
epigenomics_8059_filterContams_492,19.25877605718993,60.6954570015396
epigenomics_8059_filterContams_493,16.07429330379766,64.24859391901353
epigenomics_8059_filterContams_494,17.5121460393895,71.74106827990185
epigenomics_8059_filterContams_495,20.388155405822168,66.24355719659518
epigenomics_8059_filterContams_496,18.319623025418622,70.28397687952838
epigenomics_8059_filterContams_497,21.859532110487102,63.1112738278748
epigenomics_8059_filterContams_498,22.3865837136728,62.06392300502854
epigenomics_8059_filterContams_499,17.485635754968392,63.46799158286011
epigenomics_8059_sol2sanger_0,72.03170955851682,45.104056723735745
epigenomics_8059_sol2sanger_1,75.45441884019584,39.43903374772538
epigenomics_8059_sol2sanger_2,79.15553411569087,47.291870586248706
epigenomics_8059_sol2sanger_3,74.90371675839535,41.22979803321994
epigenomics_8059_sol2sanger_4,82.11296233227225,43.12297233594297
epigenomics_8059_sol2sanger_5,84.71772313435396,45.96477896542766
epigenomics_8059_sol2sanger_6,84.32933896181962,39.12654774411603
epigenomics_8059_sol2sanger_7,91.82412197099029,48.703032232660185
epigenomics_8059_sol2sanger_8,81.47159402221826,46.61896879883039
epigenomics_8059_sol2sanger_9,73.35793998474182,46.1694355276872
epigenomics_8059_sol2sanger_10,90.55774806291078,43.40940792152526
epigenomics_8059_sol2sanger_11,76.76635244100935,51.10202203024559
epigenomics_8059_sol2sanger_12,83.81370303090452,54.72559976340333
epigenomics_8059_sol2sanger_13,83.93047231331005,44.72755442252409
epigenomics_8059_sol2sanger_14,73.95256493455975,44.53128119067701
epigenomics_8059_sol2sanger_15,84.65396670141841,51.97068167892051
epigenomics_8059_sol2sanger_16,87.489373907279,44.842756837283225
epigenomics_8059_sol2sanger_17,80.98870314885345,55.77337286702456
epigenomics_8059_sol2sanger_18,93.69415320786167,47.752783277863884
epigenomics_8059_sol2sanger_19,79.48593857526133,61.84382186272863
epigenomics_8059_sol2sanger_20,78.7297849448604,46.83779825604389
epigenomics_8059_sol2sanger_21,83.08000126662687,40.779700259828175
epigenomics_8059_sol2sanger_22,88.62189875233923,50.75330059197235
epigenomics_8059_sol2sanger_23,81.57643658099587,46.865487553804776
epigenomics_8059_sol2sanger_24,84.64242168867942,30.541149031751388
epigenomics_8059_sol2sanger_25,78.16127362514726,28.533841221970047
epigenomics_8059_sol2sanger_26,78.46710041765346,50.55009405050326
epigenomics_8059_sol2sanger_27,83.9551260921422,53.215880409536204
epigenomics_8059_sol2sanger_28,73.13740499400558,51.13904719469405
epigenomics_8059_sol2sanger_29,68.49705564730732,47.53598454962877
epigenomics_8059_sol2sanger_30,78.35134758234754,45.93521079166804
epigenomics_8059_sol2sanger_31,75.29671460258292,51.921991529474134
epigenomics_8059_sol2sanger_32,78.98380569702306,37.52523830582678
epigenomics_8059_sol2sanger_33,74.85775349018843,37.264131234091614
epigenomics_8059_sol2sanger_34,77.15289551240933,49.711014632822085
epigenomics_8059_sol2sanger_35,73.05282898724073,41.55627370202768
epigenomics_8059_sol2sanger_36,86.79446085410332,46.35443355901082
epigenomics_8059_sol2sanger_37,82.29394269439464,48.305495329437676
epigenomics_8059_sol2sanger_38,82.69313962053351,52.41204575268034
epigenomics_8059_sol2sanger_39,81.18331245349758,44.78314400081649
epigenomics_8059_sol2sanger_40,76.74886097234398,50.73867563318764
epigenomics_8059_sol2sanger_41,76.65191025499718,47.5357668667033
epigenomics_8059_sol2sanger_42,79.85865903486317,33.29120131690672
epigenomics_8059_sol2sanger_43,84.69798607864483,53.96090105038315
epigenomics_8059_sol2sanger_44,75.56041585184121,41.77455563873278
epigenomics_8059_sol2sanger_45,88.82727067011368,53.33420229819475
epigenomics_8059_sol2sanger_46,72.13100711421434,36.81171186334774
epigenomics_8059_sol2sanger_47,75.48529326318243,50.079778660455766
epigenomics_8059_sol2sanger_48,78.10011275737014,62.5143138995307
epigenomics_8059_sol2sanger_49,81.59817215365797,43.42083975070065
epigenomics_8059_sol2sanger_50,70.94613878954827,40.09382932380476
epigenomics_8059_sol2sanger_51,74.61313529324858,52.0951132311739
epigenomics_8059_sol2sanger_52,81.93182200429177,51.79004583620438
epigenomics_8059_sol2sanger_53,71.59772059413035,40.959864134787146
epigenomics_8059_sol2sanger_54,84.31862025487756,45.58526063957191
epigenomics_8059_sol2sanger_55,86.25903357772657,59.222048963871515
epigenomics_8059_sol2sanger_56,81.81427846109307,45.137637657822424
epigenomics_8059_sol2sanger_57,82.22581373827165,44.88580408684925
epigenomics_8059_sol2sanger_58,77.03461024891014,51.96906412021499
epigenomics_8059_sol2sanger_59,74.77913691671209,50.803485930095434
epigenomics_8059_sol2sanger_60,81.51880464703571,44.37658988297381
epigenomics_8059_sol2sanger_61,71.90883089186181,33.194249386381486
epigenomics_8059_sol2sanger_62,75.92687668953589,40.68470933856555
epigenomics_8059_sol2sanger_63,73.59623037467568,47.351822878766626
epigenomics_8059_sol2sanger_64,79.0354472851423,54.14748079824648
epigenomics_8059_sol2sanger_65,75.78408869338217,22.450340858554092
epigenomics_8059_sol2sanger_66,78.38043899595382,42.967541028411475
epigenomics_8059_sol2sanger_67,76.98936882755186,52.27273067379697
epigenomics_8059_sol2sanger_68,78.54481365869468,67.0181858268624
epigenomics_8059_sol2sanger_69,85.81710403591674,38.60263245993974
epigenomics_8059_sol2sanger_70,84.20368409655894,40.61862628721547
epigenomics_8059_sol2sanger_71,72.50647282503614,44.026908002482166
epigenomics_8059_sol2sanger_72,85.31817420185186,54.78973670307669
epigenomics_8059_sol2sanger_73,80.52470001632742,60.16146462752551
epigenomics_8059_sol2sanger_74,70.73540878071081,45.28626981688176
epigenomics_8059_sol2sanger_75,80.08076721747597,62.689289298667326
epigenomics_8059_sol2sanger_76,70.5197837141555,46.021178212731265
epigenomics_8059_sol2sanger_77,81.82254717603512,38.72793502220718
epigenomics_8059_sol2sanger_78,77.92725269911624,36.8661607476459
epigenomics_8059_sol2sanger_79,70.24549063128643,30.63522839931505
epigenomics_8059_sol2sanger_80,74.58089874524684,42.0893169732524
epigenomics_8059_sol2sanger_81,82.13909482096904,54.333502676504544
epigenomics_8059_sol2sanger_82,72.18304108857328,44.54250259103354
epigenomics_8059_sol2sanger_83,69.20378125353976,44.09319676715012
epigenomics_8059_sol2sanger_84,82.35978449193092,51.263589460317256
epigenomics_8059_sol2sanger_85,82.7404684560216,42.45647009433573
epigenomics_8059_sol2sanger_86,84.49483032648332,43.011567880870686
epigenomics_8059_sol2sanger_87,68.7236090708295,23.08228938097317
epigenomics_8059_sol2sanger_88,77.3474725084788,40.77469407420634
epigenomics_8059_sol2sanger_89,84.42972891514904,36.81290736814803
epigenomics_8059_sol2sanger_90,85.42275012517165,45.782966295570844
epigenomics_8059_sol2sanger_91,70.98787822790767,53.90033863204577
epigenomics_8059_sol2sanger_92,80.00189758811813,26.73883311689944
epigenomics_8059_sol2sanger_93,81.60399993907454,53.337436510500694
epigenomics_8059_sol2sanger_94,81.48879811179275,47.59508345316768
epigenomics_8059_sol2sanger_95,83.22960428207661,46.373846869226035
epigenomics_8059_sol2sanger_96,72.708478484599,47.72900578342764
epigenomics_8059_sol2sanger_97,84.53411201531422,54.03111500031305
epigenomics_8059_sol2sanger_98,76.64421908628064,39.390616938780944
epigenomics_8059_sol2sanger_99,76.52640549041922,39.29182959860462
epigenomics_8059_sol2sanger_100,79.67485890054206,34.30690597706035
epigenomics_8059_sol2sanger_101,89.13796590817607,42.44068523593889
epigenomics_8059_sol2sanger_102,76.96800409238196,61.16354814212515
epigenomics_8059_sol2sanger_103,71.00663363898862,38.066517334042636
epigenomics_8059_sol2sanger_104,82.41062162329122,67.65060388103966
epigenomics_8059_sol2sanger_105,80.92389847021958,39.68055569178737
epigenomics_8059_sol2sanger_106,85.13533459789372,49.807723707078544
epigenomics_8059_sol2sanger_107,78.21570394217892,35.780201394350314
epigenomics_8059_sol2sanger_108,79.29682841737952,55.45996737632456
epigenomics_8059_sol2sanger_109,82.95690747712725,65.64893712287812
epigenomics_8059_sol2sanger_110,81.02794807945162,51.193900827071175
epigenomics_8059_sol2sanger_111,76.32957522770398,56.77324040612608
epigenomics_8059_sol2sanger_112,80.0860336701559,33.049663154553585
epigenomics_8059_sol2sanger_113,79.30866466769044,61.49703478813487
epigenomics_8059_sol2sanger_114,73.45420095673765,45.728828781322996
epigenomics_8059_sol2sanger_115,73.97940265355626,36.465545590091814
epigenomics_8059_sol2sanger_116,78.4976405090317,42.4410010344337
epigenomics_8059_sol2sanger_117,81.65259088625157,34.904438296043296
epigenomics_8059_sol2sanger_118,90.88068726842084,44.35639326128167
epigenomics_8059_sol2sanger_119,82.02694962580347,51.10144114496225
epigenomics_8059_sol2sanger_120,75.13764294877714,40.47240005216209
epigenomics_8059_sol2sanger_121,76.46166541498528,40.07199819019917
epigenomics_8059_sol2sanger_122,87.90992114239407,36.80137591285024
epigenomics_8059_sol2sanger_123,73.8069420599221,36.05654776344794
epigenomics_8059_sol2sanger_124,81.79340530105927,31.444414550256656
epigenomics_8059_sol2sanger_125,77.73864019911571,39.26130198878487
epigenomics_8059_sol2sanger_126,82.99801079495604,43.227777858144464
epigenomics_8059_sol2sanger_127,77.12790730985624,54.82530121141373
epigenomics_8059_sol2sanger_128,87.18216231056861,42.323096564040455
epigenomics_8059_sol2sanger_129,79.99632009018735,48.68497149853513
epigenomics_8059_sol2sanger_130,83.8165522639397,47.725375907206924
epigenomics_8059_sol2sanger_131,80.8931228469253,50.300914702180926
epigenomics_8059_sol2sanger_132,77.38425017640651,33.827988263977005
epigenomics_8059_sol2sanger_133,71.74180263896154,55.672819188700885
epigenomics_8059_sol2sanger_134,85.14681742628426,53.237389393905495
epigenomics_8059_sol2sanger_135,82.69846519300994,44.526428851104704
epigenomics_8059_sol2sanger_136,81.64443758857391,53.15210414688451
epigenomics_8059_sol2sanger_137,84.7222403458198,49.391262331785235
epigenomics_8059_sol2sanger_138,86.24607639377002,39.64598620250118
epigenomics_8059_sol2sanger_139,85.43629430912658,48.19298371586115
epigenomics_8059_sol2sanger_140,79.33611490419361,41.89372040499529
epigenomics_8059_sol2sanger_141,83.0700393609818,52.858327911106784
epigenomics_8059_sol2sanger_142,71.20712557037663,35.70562010014319
epigenomics_8059_sol2sanger_143,73.373110164367,40.76470111742081
epigenomics_8059_sol2sanger_144,85.90057116205654,41.07443350076811
epigenomics_8059_sol2sanger_145,81.3483666980136,33.05855769651427
epigenomics_8059_sol2sanger_146,80.85685535764225,29.162243290482415
epigenomics_8059_sol2sanger_147,71.21992719717699,41.36212088639575
epigenomics_8059_sol2sanger_148,77.7770979674689,45.25098975509824
epigenomics_8059_sol2sanger_149,84.53292750473716,47.903106848358874
epigenomics_8059_sol2sanger_150,83.07307132694216,33.100693040182676
epigenomics_8059_sol2sanger_151,78.81591578578663,46.36928825823802
epigenomics_8059_sol2sanger_152,74.57137000107544,53.13947525230361
epigenomics_8059_sol2sanger_153,83.6184942706038,48.15406265121552
epigenomics_8059_sol2sanger_154,76.76221846403247,40.69445120647699
epigenomics_8059_sol2sanger_155,84.30547928199981,43.343168918049024
epigenomics_8059_sol2sanger_156,84.7178609583221,37.357550148894326
epigenomics_8059_sol2sanger_157,83.41478341004066,48.52084131394349
epigenomics_8059_sol2sanger_158,75.94890325420545,27.27823868248063
epigenomics_8059_sol2sanger_159,78.09571977907684,35.82866675149506
epigenomics_8059_sol2sanger_160,78.82584464224779,40.72718727302768
epigenomics_8059_sol2sanger_161,83.05364888559056,51.303847026209
epigenomics_8059_sol2sanger_162,77.10170257223126,51.039754244487604
epigenomics_8059_sol2sanger_163,76.10628978748633,34.97254785339929
epigenomics_8059_sol2sanger_164,78.65536341920102,60.82155223677331
epigenomics_8059_sol2sanger_165,66.05296076762934,38.90393927016083
epigenomics_8059_sol2sanger_166,83.87745853546947,38.58788570747256
epigenomics_8059_sol2sanger_167,75.96309203801593,53.864520572480615
epigenomics_8059_sol2sanger_168,81.63812012049434,39.53461959068012
epigenomics_8059_sol2sanger_169,71.88805540588288,28.931175609035467
epigenomics_8059_sol2sanger_170,79.36941982198208,60.77764873529651
epigenomics_8059_sol2sanger_171,79.3471541306908,54.46491066673283
epigenomics_8059_sol2sanger_172,75.09503962364545,45.309642303539405
epigenomics_8059_sol2sanger_173,77.6727861537184,61.67155399762146
epigenomics_8059_sol2sanger_174,83.6314768641334,28.223206239085624
epigenomics_8059_sol2sanger_175,65.94925182279894,52.17617805656607
epigenomics_8059_sol2sanger_176,75.10850027012489,53.32878996612408
epigenomics_8059_sol2sanger_177,83.44294955380954,53.74222951632292
epigenomics_8059_sol2sanger_178,86.30495456053826,59.41629276603343
epigenomics_8059_sol2sanger_179,68.51604748202472,40.45399687187725
epigenomics_8059_sol2sanger_180,81.80679009554598,54.54397241907633
epigenomics_8059_sol2sanger_181,78.95884592955504,47.09941088153023
epigenomics_8059_sol2sanger_182,84.2495157411516,46.62386973915389
epigenomics_8059_sol2sanger_183,78.88863962643659,54.07813868234748
epigenomics_8059_sol2sanger_184,89.67361718105681,29.867437773240688
epigenomics_8059_sol2sanger_185,68.58359194235074,45.80416516934833
epigenomics_8059_sol2sanger_186,80.92831159709861,48.70633782758861
epigenomics_8059_sol2sanger_187,73.12698021650806,40.32745644395011
epigenomics_8059_sol2sanger_188,79.43050443183732,43.37163105574868
epigenomics_8059_sol2sanger_189,78.59537403901764,50.32585648746817
epigenomics_8059_sol2sanger_190,72.48284118367515,48.373409821388684
epigenomics_8059_sol2sanger_191,76.84367853675977,52.5847259935603
epigenomics_8059_sol2sanger_192,81.10251618251871,40.236125815053306
epigenomics_8059_sol2sanger_193,83.96696956863772,50.062621730747146
epigenomics_8059_sol2sanger_194,87.28665139345118,49.84222479476791
epigenomics_8059_sol2sanger_195,77.27338607926852,35.91316301578909
epigenomics_8059_sol2sanger_196,68.93610692305168,64.1896433223761
epigenomics_8059_sol2sanger_197,70.66040037160174,37.91471871980297
epigenomics_8059_sol2sanger_198,83.09144128219376,40.95823371414909
epigenomics_8059_sol2sanger_199,86.82057356088988,37.389485783994836
epigenomics_8059_sol2sanger_200,82.92744725069107,32.378566424302655
epigenomics_8059_sol2sanger_201,81.08011633087469,34.64599985903418
epigenomics_8059_sol2sanger_202,83.75322615115387,52.22673251347676
epigenomics_8059_sol2sanger_203,81.05304504247317,41.97020723536738
epigenomics_8059_sol2sanger_204,80.68623573023196,42.45152237934285
epigenomics_8059_sol2sanger_205,86.30376197318859,40.968249237745525
epigenomics_8059_sol2sanger_206,73.19238345520834,33.73247390701822
epigenomics_8059_sol2sanger_207,78.58109139130913,55.58716484809081
epigenomics_8059_sol2sanger_208,77.0890904602395,48.99882708066618
epigenomics_8059_sol2sanger_209,86.69362181027721,46.113041840643675
epigenomics_8059_sol2sanger_210,80.07092036123427,43.40274696522675
epigenomics_8059_sol2sanger_211,82.42182986864793,46.7782820729043
epigenomics_8059_sol2sanger_212,77.43179486110245,38.07086517847888
epigenomics_8059_sol2sanger_213,68.80785726639377,53.78930813009711
epigenomics_8059_sol2sanger_214,69.58718419636365,46.380387829009614
epigenomics_8059_sol2sanger_215,75.01236228081636,49.95878592016073
epigenomics_8059_sol2sanger_216,84.36359850879785,49.76192851565941
epigenomics_8059_sol2sanger_217,80.24369410340182,59.941417760040295
epigenomics_8059_sol2sanger_218,71.35697929854238,48.64517212365403
epigenomics_8059_sol2sanger_219,82.08307313577758,49.33904598685936
epigenomics_8059_sol2sanger_220,80.00769863945808,37.55168254882564
epigenomics_8059_sol2sanger_221,70.632882139352,43.950403365839406
epigenomics_8059_sol2sanger_222,84.62895402562579,34.48482724800098
epigenomics_8059_sol2sanger_223,89.77062012349636,40.67393551255306
epigenomics_8059_sol2sanger_224,84.176026006493,63.31157692743195
epigenomics_8059_sol2sanger_225,80.60421502177265,47.4309859847212
epigenomics_8059_sol2sanger_226,73.67424265051388,47.38317465224314
epigenomics_8059_sol2sanger_227,80.59491552621165,40.052840193531196
epigenomics_8059_sol2sanger_228,88.67860364590553,55.517954895632904
epigenomics_8059_sol2sanger_229,88.2007455800983,45.22353207160311
epigenomics_8059_sol2sanger_230,84.33192351704456,35.99968202476566
epigenomics_8059_sol2sanger_231,80.6586477319763,52.767353593486305
epigenomics_8059_sol2sanger_232,80.006549719903,43.43981694189057
epigenomics_8059_sol2sanger_233,85.38398273107502,44.39474065202222
epigenomics_8059_sol2sanger_234,85.29907978926795,50.802597392979784
epigenomics_8059_sol2sanger_235,78.00973859848216,41.43716441361319
epigenomics_8059_sol2sanger_236,84.68950874096127,63.00523878591369
epigenomics_8059_sol2sanger_237,80.28785386130586,50.090097243534885
epigenomics_8059_sol2sanger_238,81.41960144327622,47.8075602946858
epigenomics_8059_sol2sanger_239,78.26408456533747,52.12101541212592
epigenomics_8059_sol2sanger_240,77.99357703122665,42.84580164350348
epigenomics_8059_sol2sanger_241,73.25014664680025,33.05027472350785
epigenomics_8059_sol2sanger_242,77.14718630587883,53.058864540228164
epigenomics_8059_sol2sanger_243,75.02206199492322,42.09824132557846
epigenomics_8059_sol2sanger_244,76.0251109634731,55.82258609596848
epigenomics_8059_sol2sanger_245,80.72181093855592,49.173635413968654
epigenomics_8059_sol2sanger_246,73.53846089842729,35.89269472769264
epigenomics_8059_sol2sanger_247,74.72231998809137,45.004875365192476
epigenomics_8059_sol2sanger_248,79.90374432565241,44.59834151317208
epigenomics_8059_sol2sanger_249,78.36524687534484,49.55249972019474
epigenomics_8059_sol2sanger_250,82.46021826767634,52.807795784743206
epigenomics_8059_sol2sanger_251,74.94425326354002,42.43862229928712
epigenomics_8059_sol2sanger_252,82.75830832603252,41.23694385426831
epigenomics_8059_sol2sanger_253,77.30419979592456,53.01666975993457
epigenomics_8059_sol2sanger_254,78.74691343608589,47.24929028219208
epigenomics_8059_sol2sanger_255,71.71357450158419,21.864979213043984
epigenomics_8059_sol2sanger_256,75.33720433735282,50.38360045463441
epigenomics_8059_sol2sanger_257,88.04372188377964,54.59437333182265
epigenomics_8059_sol2sanger_258,84.71366372378428,40.1788146436914
epigenomics_8059_sol2sanger_259,80.11024094752558,33.102248457146516
epigenomics_8059_sol2sanger_260,84.89849491472336,45.55923063192803
epigenomics_8059_sol2sanger_261,91.33386771928784,53.74115191621275
epigenomics_8059_sol2sanger_262,75.91962110947318,49.78705635285402
epigenomics_8059_sol2sanger_263,86.5822268827513,40.976272470001
epigenomics_8059_sol2sanger_264,80.70960872211765,50.16199274444
epigenomics_8059_sol2sanger_265,79.2639270630096,44.90657514922377
epigenomics_8059_sol2sanger_266,73.48380328256714,56.53618064252876
epigenomics_8059_sol2sanger_267,78.12587234220328,38.33880871235251
epigenomics_8059_sol2sanger_268,73.75991227152107,50.361195553504174
epigenomics_8059_sol2sanger_269,77.6457478018797,49.049955792234705
epigenomics_8059_sol2sanger_270,73.43828541018382,42.87884323316643
epigenomics_8059_sol2sanger_271,90.27740665514474,38.9217059210061
epigenomics_8059_sol2sanger_272,85.83283161841446,43.60410481124263
epigenomics_8059_sol2sanger_273,80.3431062107505,28.0338992918966
epigenomics_8059_sol2sanger_274,76.46680963899799,37.529516610245416
epigenomics_8059_sol2sanger_275,80.34214127563986,45.269941470246515
epigenomics_8059_sol2sanger_276,84.21763887740795,47.60725029201793
epigenomics_8059_sol2sanger_277,87.4662069615978,46.201580523511375
epigenomics_8059_sol2sanger_278,83.71412661825256,28.56253250213179
epigenomics_8059_sol2sanger_279,81.42127108340496,42.66884833684335
epigenomics_8059_sol2sanger_280,80.48302146719357,46.86641356321138
epigenomics_8059_sol2sanger_281,73.65695652793038,40.35345558350216
epigenomics_8059_sol2sanger_282,79.20497692092172,34.31404947130839
epigenomics_8059_sol2sanger_283,78.10150967447515,41.93849425629751
epigenomics_8059_sol2sanger_284,78.98715286353347,41.159902657968296
epigenomics_8059_sol2sanger_285,75.71947135411082,39.30462957452466
epigenomics_8059_sol2sanger_286,91.1269252989887,45.628592074772726
epigenomics_8059_sol2sanger_287,80.58055656340521,48.41024336316862
epigenomics_8059_sol2sanger_288,77.39781933164896,40.71687768055367
epigenomics_8059_sol2sanger_289,79.31242978475377,47.482526835240236
epigenomics_8059_sol2sanger_290,78.75095587711729,44.425698835045196
epigenomics_8059_sol2sanger_291,78.81948518184706,57.301053461478176
epigenomics_8059_sol2sanger_292,80.58206205333374,39.761145833615004
epigenomics_8059_sol2sanger_293,81.55150655433616,50.32703456046895
epigenomics_8059_sol2sanger_294,74.1701394314446,44.97782332171109
epigenomics_8059_sol2sanger_295,81.27140070176065,61.40669369639543
epigenomics_8059_sol2sanger_296,80.55327752227724,47.3001939426407
epigenomics_8059_sol2sanger_297,82.22009849286499,59.24478193635488
epigenomics_8059_sol2sanger_298,78.13193788700544,45.55245614957325
epigenomics_8059_sol2sanger_299,82.5481656804956,36.03086456578781
epigenomics_8059_sol2sanger_300,75.42746460365669,43.06709893483997
epigenomics_8059_sol2sanger_301,73.14262821088425,33.278183230518785
epigenomics_8059_sol2sanger_302,80.16981922304825,36.54437210590309
epigenomics_8059_sol2sanger_303,71.2019233650226,34.62218488251718
epigenomics_8059_sol2sanger_304,75.91277182581183,44.12404546193343
epigenomics_8059_sol2sanger_305,79.66451924621869,49.64476150493874
epigenomics_8059_sol2sanger_306,83.33477326092586,54.94694809693003
epigenomics_8059_sol2sanger_307,85.44441251534909,52.137869083513536
epigenomics_8059_sol2sanger_308,74.92569412136633,28.29142667970281
epigenomics_8059_sol2sanger_309,83.43281773999577,53.943522937284904
epigenomics_8059_sol2sanger_310,74.21397090705206,40.55387026802216
epigenomics_8059_sol2sanger_311,88.06719641140316,51.72725435886003
epigenomics_8059_sol2sanger_312,71.3065769239634,35.54466997352163
epigenomics_8059_sol2sanger_313,69.10350835913228,25.580903322590437
epigenomics_8059_sol2sanger_314,74.4546376002857,44.75564284964447
epigenomics_8059_sol2sanger_315,75.24537340352963,50.9269986664886
epigenomics_8059_sol2sanger_316,82.14794160727412,46.75026581228073
epigenomics_8059_sol2sanger_317,82.58098457764196,46.696339500357645
epigenomics_8059_sol2sanger_318,79.83852325012275,43.9388013717594
epigenomics_8059_sol2sanger_319,79.10695622985716,52.36325198692566
epigenomics_8059_sol2sanger_320,79.30281950736634,49.59595482892036
epigenomics_8059_sol2sanger_321,76.13928679156011,31.258766194060627
epigenomics_8059_sol2sanger_322,85.59150412797175,33.1414603152829
epigenomics_8059_sol2sanger_323,82.13739078130679,42.93841067676086
epigenomics_8059_sol2sanger_324,82.21138649539614,56.7845210249589
epigenomics_8059_sol2sanger_325,70.55920869172552,35.18279664541025
epigenomics_8059_sol2sanger_326,79.94578456532034,48.03171773581183
epigenomics_8059_sol2sanger_327,82.38200744874351,38.968769520835
epigenomics_8059_sol2sanger_328,76.29083125128936,46.61930406415732
epigenomics_8059_sol2sanger_329,83.98133117320424,54.774702620585614
epigenomics_8059_sol2sanger_330,90.86877722659091,49.20362275401092
epigenomics_8059_sol2sanger_331,80.66266847054315,49.81400297617768
epigenomics_8059_sol2sanger_332,74.4546914615133,39.320570954223136
epigenomics_8059_sol2sanger_333,77.70674414217319,51.552786617163186
epigenomics_8059_sol2sanger_334,83.71494570020337,36.9324887924715
epigenomics_8059_sol2sanger_335,79.45882589919167,57.22136115284067
epigenomics_8059_sol2sanger_336,73.7226904276192,40.82652543734723
epigenomics_8059_sol2sanger_337,85.89506011873152,43.88115288656998
epigenomics_8059_sol2sanger_338,86.5235101227509,40.85559567030516
epigenomics_8059_sol2sanger_339,87.24787125911216,37.71861070272209
epigenomics_8059_sol2sanger_340,76.770998177154,45.35870371664995
epigenomics_8059_sol2sanger_341,74.63012319184861,37.47784819165891
epigenomics_8059_sol2sanger_342,83.43873667969393,43.79116350406592
epigenomics_8059_sol2sanger_343,72.63783763307156,36.433423674930246
epigenomics_8059_sol2sanger_344,70.649818917121,37.04800845337516
epigenomics_8059_sol2sanger_345,88.51722589946041,53.19097359368343
epigenomics_8059_sol2sanger_346,72.44340482151118,47.61763244225703
epigenomics_8059_sol2sanger_347,96.10660295928948,39.68912809277824
epigenomics_8059_sol2sanger_348,85.29478494596196,56.08828277171405
epigenomics_8059_sol2sanger_349,81.37661695712221,46.27559677435948
epigenomics_8059_sol2sanger_350,77.57741657928237,26.82188272857378
epigenomics_8059_sol2sanger_351,82.21964072794837,39.3158194220506
epigenomics_8059_sol2sanger_352,85.72404702217237,34.68433808121895
epigenomics_8059_sol2sanger_353,86.1115750560296,48.13174678862716
epigenomics_8059_sol2sanger_354,72.25648281553073,40.08021804485722
epigenomics_8059_sol2sanger_355,86.76885114307491,57.81314001047464
epigenomics_8059_sol2sanger_356,80.38448301923381,53.05479866022501
epigenomics_8059_sol2sanger_357,86.77123664801427,26.63197819478102
epigenomics_8059_sol2sanger_358,83.94975312410118,41.97182018835338
epigenomics_8059_sol2sanger_359,82.84209560773604,55.509287841997164
epigenomics_8059_sol2sanger_360,83.65101424219743,63.53182653683595
epigenomics_8059_sol2sanger_361,87.98208083195509,60.01472072681765
epigenomics_8059_sol2sanger_362,86.92497991725764,42.32724123710054
epigenomics_8059_sol2sanger_363,81.7489626779632,54.551193792648995
epigenomics_8059_sol2sanger_364,81.6943459213379,62.272898161686605
epigenomics_8059_sol2sanger_365,84.20362882587882,50.06081442985977
epigenomics_8059_sol2sanger_366,81.45438645469672,42.43110540880277
epigenomics_8059_sol2sanger_367,86.12377925018268,34.083930103341835
epigenomics_8059_sol2sanger_368,73.19297312664528,34.92984744053069
epigenomics_8059_sol2sanger_369,81.85388933805127,43.416723637822834
epigenomics_8059_sol2sanger_370,70.4850483341662,37.11982858141887
epigenomics_8059_sol2sanger_371,88.56919924469884,62.15055545350923
epigenomics_8059_sol2sanger_372,86.64160681261212,35.484605164405224
epigenomics_8059_sol2sanger_373,85.33884914846425,58.8521578226274
epigenomics_8059_sol2sanger_374,74.63439838990917,37.85775795220452
epigenomics_8059_sol2sanger_375,80.92607575584753,53.67237931611477
epigenomics_8059_sol2sanger_376,74.90695245054347,42.070200471323005
epigenomics_8059_sol2sanger_377,75.81609910499803,43.89858839580904
epigenomics_8059_sol2sanger_378,81.60446157333448,40.540944296397655
epigenomics_8059_sol2sanger_379,75.78410187523328,40.98325438336846
epigenomics_8059_sol2sanger_380,77.71850683348977,36.905468676168454
epigenomics_8059_sol2sanger_381,86.88144457888448,42.42589538462855
epigenomics_8059_sol2sanger_382,80.6937772130847,46.621199432930595
epigenomics_8059_sol2sanger_383,89.8682303218638,31.836062958447286
epigenomics_8059_sol2sanger_384,75.53892008466924,52.94785351702403
epigenomics_8059_sol2sanger_385,83.93868531255363,47.882282149498074
epigenomics_8059_sol2sanger_386,76.47477319049383,47.59454538459408
epigenomics_8059_sol2sanger_387,70.82036065344465,43.62084414644847
epigenomics_8059_sol2sanger_388,79.23040624278599,49.41348257876023
epigenomics_8059_sol2sanger_389,78.92989764519572,45.62319518807554
epigenomics_8059_sol2sanger_390,79.79914454793033,55.879373323085005
epigenomics_8059_sol2sanger_391,88.51722412353769,50.46023993092507
epigenomics_8059_sol2sanger_392,84.12539697688997,49.67137980811308
epigenomics_8059_sol2sanger_393,85.67732329942463,43.40514870514824
epigenomics_8059_sol2sanger_394,76.04743740110831,44.90208061360171
epigenomics_8059_sol2sanger_395,79.87098977992314,57.81860406579328
epigenomics_8059_sol2sanger_396,85.75750255563133,50.48661504652056
epigenomics_8059_sol2sanger_397,80.07447312159492,45.38795357203674
epigenomics_8059_sol2sanger_398,85.46842908005279,41.48937855666287
epigenomics_8059_sol2sanger_399,73.69970833704366,45.630103502897235
epigenomics_8059_sol2sanger_400,83.45580494110159,57.11166317776963
epigenomics_8059_sol2sanger_401,77.32996437259197,41.09993486777274
epigenomics_8059_sol2sanger_402,81.39035273391525,34.518065440491085
epigenomics_8059_sol2sanger_403,72.31561671644162,55.45842341380415
epigenomics_8059_sol2sanger_404,89.91149338919922,50.0818378551132
epigenomics_8059_sol2sanger_405,88.72400567973617,30.4687968066103
epigenomics_8059_sol2sanger_406,76.63237224566684,33.617560059213034
epigenomics_8059_sol2sanger_407,86.81320950394854,52.3847984053806
epigenomics_8059_sol2sanger_408,77.28926053116881,40.483059496120724
epigenomics_8059_sol2sanger_409,92.67756570638555,46.65144804703849
epigenomics_8059_sol2sanger_410,85.50027577673012,47.417971091753486
epigenomics_8059_sol2sanger_411,74.98165112162225,43.60259322177358
epigenomics_8059_sol2sanger_412,77.42250699725317,47.31072457831252
epigenomics_8059_sol2sanger_413,81.10860666882856,35.17704862211908
epigenomics_8059_sol2sanger_414,84.0863620217817,37.91933109753929
epigenomics_8059_sol2sanger_415,83.24264121988743,54.136052265435794
epigenomics_8059_sol2sanger_416,88.22814878854864,49.81170552845643
epigenomics_8059_sol2sanger_417,74.07785140792309,40.07422094065113
epigenomics_8059_sol2sanger_418,82.92859532764216,47.89146403148113
epigenomics_8059_sol2sanger_419,82.82250360303154,56.15275008322478
epigenomics_8059_sol2sanger_420,86.04841368316497,40.30438948086823
epigenomics_8059_sol2sanger_421,84.22444915059887,57.23652308478976
epigenomics_8059_sol2sanger_422,92.44903747511121,37.136191117890384
epigenomics_8059_sol2sanger_423,82.49778071637306,38.06953803377119
epigenomics_8059_sol2sanger_424,86.65688692336097,51.23785494293424
epigenomics_8059_sol2sanger_425,75.06911425251066,53.773717435523466
epigenomics_8059_sol2sanger_426,73.34505548272148,50.25998323947866
epigenomics_8059_sol2sanger_427,75.0435058648284,58.45916728482803
epigenomics_8059_sol2sanger_428,75.0262161379487,44.68544150620843
epigenomics_8059_sol2sanger_429,76.47657984419001,40.73691837107743
epigenomics_8059_sol2sanger_430,83.27751698141199,54.74035179174293
epigenomics_8059_sol2sanger_431,79.50907281561771,50.095657565874696
epigenomics_8059_sol2sanger_432,77.4307029127961,41.21601020054957
epigenomics_8059_sol2sanger_433,79.97398477300793,49.26642252325222
epigenomics_8059_sol2sanger_434,75.50018174904075,51.932046845687964
epigenomics_8059_sol2sanger_435,82.9288079117236,65.90029885679017
epigenomics_8059_sol2sanger_436,75.70551228519126,29.443465451734895
epigenomics_8059_sol2sanger_437,75.85360850706235,45.84648758408344
epigenomics_8059_sol2sanger_438,67.58699762073414,46.59710112419388
epigenomics_8059_sol2sanger_439,75.37924941192749,44.552413780163974
epigenomics_8059_sol2sanger_440,75.62946909793467,43.12372935769802
epigenomics_8059_sol2sanger_441,87.43227233034665,43.066189275109366
epigenomics_8059_sol2sanger_442,72.55614115315964,41.6058072417951
epigenomics_8059_sol2sanger_443,78.17887843179548,53.0205995358978
epigenomics_8059_sol2sanger_444,76.05866402015319,53.05198748037065
epigenomics_8059_sol2sanger_445,86.16763090282133,51.32560641180674
epigenomics_8059_sol2sanger_446,78.54800671514748,41.648759530265785
epigenomics_8059_sol2sanger_447,81.00187664780758,44.93964248444282
epigenomics_8059_sol2sanger_448,80.97607248269699,52.119152847629856
epigenomics_8059_sol2sanger_449,71.46775882813428,44.70253896043182
epigenomics_8059_sol2sanger_450,85.37195871651703,48.25986772654896
epigenomics_8059_sol2sanger_451,74.83206227184286,51.28926496976214
epigenomics_8059_sol2sanger_452,79.58780271126662,33.23861964731915
epigenomics_8059_sol2sanger_453,77.95832343051505,48.051931558684544
epigenomics_8059_sol2sanger_454,88.86866055221427,43.37795553154578
epigenomics_8059_sol2sanger_455,77.21086581471106,48.23301932382824
epigenomics_8059_sol2sanger_456,86.55530058835149,53.472939143891224
epigenomics_8059_sol2sanger_457,79.03880206020571,48.586834566587044
epigenomics_8059_sol2sanger_458,71.77714223840925,61.095599749782295
epigenomics_8059_sol2sanger_459,81.93479561450573,45.644908928285
epigenomics_8059_sol2sanger_460,81.25379792655407,44.859080421986974
epigenomics_8059_sol2sanger_461,82.88989256896329,60.94662532837925
epigenomics_8059_sol2sanger_462,74.48087692827909,37.192913112982545
epigenomics_8059_sol2sanger_463,81.1478904982093,38.77916042247421
epigenomics_8059_sol2sanger_464,71.36689153406736,41.17140120472485
epigenomics_8059_sol2sanger_465,80.81283042946278,46.22725966042974
epigenomics_8059_sol2sanger_466,81.07412358986343,40.04933338366901
epigenomics_8059_sol2sanger_467,85.0222360008445,57.67327072510189
epigenomics_8059_sol2sanger_468,67.75189589543452,35.263027650634825
epigenomics_8059_sol2sanger_469,78.78544834412038,49.191302805413855
epigenomics_8059_sol2sanger_470,77.01592859790436,46.99777774844145
epigenomics_8059_sol2sanger_471,82.02648615873407,46.86375054570485
epigenomics_8059_sol2sanger_472,79.96742887703849,36.64619800919805
epigenomics_8059_sol2sanger_473,81.96158759714837,56.915717454376804
epigenomics_8059_sol2sanger_474,83.63018378442685,33.57287081430243
epigenomics_8059_sol2sanger_475,79.45814959762542,30.34507929764729
epigenomics_8059_sol2sanger_476,78.69495227570187,38.5575308579524
epigenomics_8059_sol2sanger_477,83.6689318677462,45.69894969115569
epigenomics_8059_sol2sanger_478,83.72512848526446,46.33790153037473
epigenomics_8059_sol2sanger_479,88.47630903527566,55.72223411955045
epigenomics_8059_sol2sanger_480,79.91738996134173,53.394727335424506
epigenomics_8059_sol2sanger_481,77.28906618108725,44.12178754864014
epigenomics_8059_sol2sanger_482,77.54791327918343,31.99560151560203
epigenomics_8059_sol2sanger_483,87.68536248622333,42.1981056572282
epigenomics_8059_sol2sanger_484,74.80838792493272,50.31093603557614
epigenomics_8059_sol2sanger_485,79.62288860376164,51.714070040183884
epigenomics_8059_sol2sanger_486,88.16028626782149,29.131375787573184
epigenomics_8059_sol2sanger_487,72.34154318735125,51.25217449161409
epigenomics_8059_sol2sanger_488,74.63278905145883,46.7191800428792
epigenomics_8059_sol2sanger_489,76.26254826757078,43.75619525173192
epigenomics_8059_sol2sanger_490,81.0012980702766,52.486354732574995
epigenomics_8059_sol2sanger_491,83.37861652087429,57.66033846458329
epigenomics_8059_sol2sanger_492,71.44918430622408,53.91026377037424
epigenomics_8059_sol2sanger_493,78.41108969909611,47.399525376410566
epigenomics_8059_sol2sanger_494,83.01597402835893,35.58567561008185
epigenomics_8059_sol2sanger_495,89.31665793786708,37.30384573123987
epigenomics_8059_sol2sanger_496,85.03480450762005,38.46036807829131
epigenomics_8059_sol2sanger_497,74.60447362710201,49.5307403840086
epigenomics_8059_sol2sanger_498,77.99253868503924,49.597270527570416
epigenomics_8059_sol2sanger_499,80.11053074441898,52.527349546113
epigenomics_8059_fast2bfq_0,50.72870449457196,86.15064594173003
epigenomics_8059_fast2bfq_1,43.255041086799494,83.46152260422862
epigenomics_8059_fast2bfq_2,46.8978399984474,77.94741235066195
epigenomics_8059_fast2bfq_3,42.48567488322519,82.90453790291492
epigenomics_8059_fast2bfq_4,54.151955889597865,75.9667603778714
epigenomics_8059_fast2bfq_5,45.04400597200316,87.826865163187
epigenomics_8059_fast2bfq_6,51.14078486154827,76.41522132509704
epigenomics_8059_fast2bfq_7,46.569481539145585,78.71814650885494
epigenomics_8059_fast2bfq_8,43.92273076210661,90.74399167649324
epigenomics_8059_fast2bfq_9,51.6049780251589,69.89179277164611
epigenomics_8059_fast2bfq_10,48.49233138063551,76.06852513019098
epigenomics_8059_fast2bfq_11,40.599524540657555,84.79724611758057
epigenomics_8059_fast2bfq_12,38.03950496485937,86.29616034602391
epigenomics_8059_fast2bfq_13,41.80893902257476,84.48796772350241
epigenomics_8059_fast2bfq_14,53.704582761114985,82.97524009674925
epigenomics_8059_fast2bfq_15,35.33954312848985,78.10053451829403
epigenomics_8059_fast2bfq_16,47.51686541512605,73.13765191291876
epigenomics_8059_fast2bfq_17,38.12857121995685,77.02405925377737
epigenomics_8059_fast2bfq_18,35.23266512826322,83.88529996184572
epigenomics_8059_fast2bfq_19,46.48724536575442,86.50764171714904
epigenomics_8059_fast2bfq_20,41.700685569919735,72.85995124789538
epigenomics_8059_fast2bfq_21,38.23653379725984,77.2740865970504
epigenomics_8059_fast2bfq_22,45.61122315238749,74.26489298557401
epigenomics_8059_fast2bfq_23,53.08644990965387,90.36465377895297
epigenomics_8059_fast2bfq_24,47.23993831081743,72.73954489914034
epigenomics_8059_fast2bfq_25,42.098575282800475,82.52199412485078
epigenomics_8059_fast2bfq_26,43.91802875752976,78.93712610439214
epigenomics_8059_fast2bfq_27,45.044523101781394,74.37158539149529
epigenomics_8059_fast2bfq_28,41.95333727918625,75.08100355257162
epigenomics_8059_fast2bfq_29,49.52773502664577,73.48038530558338
epigenomics_8059_fast2bfq_30,49.49035569501008,75.98282019520403
epigenomics_8059_fast2bfq_31,50.941358775591354,76.15462139134439
epigenomics_8059_fast2bfq_32,34.70138603883707,72.61706450938779
epigenomics_8059_fast2bfq_33,35.13611739456263,80.57399218428701
epigenomics_8059_fast2bfq_34,44.36284534567558,76.04196576769642
epigenomics_8059_fast2bfq_35,34.52112765790139,77.36481257734252
epigenomics_8059_fast2bfq_36,49.2454526724762,79.12656682656797
epigenomics_8059_fast2bfq_37,41.96846630260871,81.17710369264383
epigenomics_8059_fast2bfq_38,36.04278665217759,78.62043321743035
epigenomics_8059_fast2bfq_39,43.28074712431816,87.39457894385943
epigenomics_8059_fast2bfq_40,42.23396089705106,80.8556920227958
epigenomics_8059_fast2bfq_41,45.034773288748134,78.59982096586036
epigenomics_8059_fast2bfq_42,42.033558272733664,80.30500608500577
epigenomics_8059_fast2bfq_43,58.73661271292464,87.1925066981106
epigenomics_8059_fast2bfq_44,58.85543378209075,80.14730914459189
epigenomics_8059_fast2bfq_45,61.61231003168498,82.76821060237094
epigenomics_8059_fast2bfq_46,40.31231863176198,82.62899204243878
epigenomics_8059_fast2bfq_47,50.76284999268168,70.07858225323007
epigenomics_8059_fast2bfq_48,55.94854237052561,85.04681939032851
epigenomics_8059_fast2bfq_49,36.39763002859266,95.23568504670112
epigenomics_8059_fast2bfq_50,52.27344177842117,71.1399295890891
epigenomics_8059_fast2bfq_51,52.62309678029722,82.76576298512053
epigenomics_8059_fast2bfq_52,50.20216326644357,73.6774253649962
epigenomics_8059_fast2bfq_53,52.13340539541687,79.31693277154727
epigenomics_8059_fast2bfq_54,32.974065702148266,76.57898286639777
epigenomics_8059_fast2bfq_55,43.9490225881935,60.85597147290379
epigenomics_8059_fast2bfq_56,37.28861613599718,77.9658173744542
epigenomics_8059_fast2bfq_57,41.73970893768751,89.3983684934877
epigenomics_8059_fast2bfq_58,41.323405687389524,58.49566412315281
epigenomics_8059_fast2bfq_59,42.91244797634124,89.70115991076663
epigenomics_8059_fast2bfq_60,38.89480248640675,76.98889089565398
epigenomics_8059_fast2bfq_61,44.81417643947763,80.06402850653834
epigenomics_8059_fast2bfq_62,39.366395700652,77.03004928886487
epigenomics_8059_fast2bfq_63,50.40583630787758,85.57968152115527
epigenomics_8059_fast2bfq_64,56.520507900541126,73.54015244120218
epigenomics_8059_fast2bfq_65,42.62067512068634,73.75009283981272
epigenomics_8059_fast2bfq_66,43.426160534211895,81.47396100066146
epigenomics_8059_fast2bfq_67,38.93830862620092,73.46146290503083
epigenomics_8059_fast2bfq_68,32.883668092359954,68.78107627185975
epigenomics_8059_fast2bfq_69,49.142613033161375,88.94576300123784
epigenomics_8059_fast2bfq_70,37.978224108050114,87.28816011340103
epigenomics_8059_fast2bfq_71,52.71197471175822,79.79428327606821
epigenomics_8059_fast2bfq_72,26.081372003057727,82.28651443113397
epigenomics_8059_fast2bfq_73,41.53236978091762,87.5868288052035
epigenomics_8059_fast2bfq_74,40.953392577145024,77.40177553239465
epigenomics_8059_fast2bfq_75,50.962852058453706,89.40875975132036
epigenomics_8059_fast2bfq_76,35.77665767152176,92.780439252922
epigenomics_8059_fast2bfq_77,34.525122701335,82.6601338903214
epigenomics_8059_fast2bfq_78,38.432207514057986,91.17013516077029
epigenomics_8059_fast2bfq_79,42.64366201008611,91.76364608536578
epigenomics_8059_fast2bfq_80,47.15594285366814,80.08657177898974
epigenomics_8059_fast2bfq_81,57.92474150286302,74.22510747549117
epigenomics_8059_fast2bfq_82,34.069634297762974,83.43837511877531
epigenomics_8059_fast2bfq_83,45.55579446547228,75.73792877273921
epigenomics_8059_fast2bfq_84,39.83661801424207,90.37620724194981
epigenomics_8059_fast2bfq_85,49.63245603969324,73.32927589550417
epigenomics_8059_fast2bfq_86,53.72421308049684,77.90566160570249
epigenomics_8059_fast2bfq_87,36.85186798721918,82.59157042045814
epigenomics_8059_fast2bfq_88,43.87453081914161,78.03882327290161
epigenomics_8059_fast2bfq_89,49.60425547666557,82.2999797020838
epigenomics_8059_fast2bfq_90,49.107210116200264,83.68214667488064
epigenomics_8059_fast2bfq_91,55.122298880480514,63.59346129835385
epigenomics_8059_fast2bfq_92,50.79874697300457,88.75741221904966
epigenomics_8059_fast2bfq_93,39.32820890519497,79.40913795279687
epigenomics_8059_fast2bfq_94,47.62332488334556,73.58636698129968
epigenomics_8059_fast2bfq_95,30.978839087943417,85.87193453982512
epigenomics_8059_fast2bfq_96,43.54027076393524,78.02618308369331
epigenomics_8059_fast2bfq_97,47.14945243687871,67.55483238456083
epigenomics_8059_fast2bfq_98,55.687378948045925,88.06684789822576
epigenomics_8059_fast2bfq_99,46.55126341087357,77.99535669252582
epigenomics_8059_fast2bfq_100,39.061142195069046,74.9766851060483
epigenomics_8059_fast2bfq_101,53.45044711073492,81.45411782519535
epigenomics_8059_fast2bfq_102,42.66488301357482,87.0448539004127
epigenomics_8059_fast2bfq_103,40.52886360172536,76.04557649584228
epigenomics_8059_fast2bfq_104,48.167590254514636,91.28566338329347
epigenomics_8059_fast2bfq_105,50.41939336414498,87.5888746287174
epigenomics_8059_fast2bfq_106,43.3564873752721,77.97399002478224
epigenomics_8059_fast2bfq_107,45.39685415260368,72.62767379286593
epigenomics_8059_fast2bfq_108,49.621426099979516,80.65356871339044
epigenomics_8059_fast2bfq_109,42.41515781846383,66.73117029560638
epigenomics_8059_fast2bfq_110,52.39565636078814,88.0626705532753
epigenomics_8059_fast2bfq_111,40.97057313314434,88.60555312875785
epigenomics_8059_fast2bfq_112,45.42397733599767,82.17525599054893
epigenomics_8059_fast2bfq_113,34.13417817841423,77.95100449472783
epigenomics_8059_fast2bfq_114,46.413517581622344,75.3807523075493
epigenomics_8059_fast2bfq_115,40.36547762606402,75.54916687550887
epigenomics_8059_fast2bfq_116,43.27876579681544,85.81846500356674
epigenomics_8059_fast2bfq_117,51.98707865643,78.69087479774328
epigenomics_8059_fast2bfq_118,57.10068004748847,75.93034670589346
epigenomics_8059_fast2bfq_119,44.24346978193788,83.26859390139451
epigenomics_8059_fast2bfq_120,48.155911050669275,82.26936758483602
epigenomics_8059_fast2bfq_121,53.47680413693162,75.42249233927328
epigenomics_8059_fast2bfq_122,50.844949921565444,74.78722921990708
epigenomics_8059_fast2bfq_123,39.36441239792771,71.70573757226919
epigenomics_8059_fast2bfq_124,61.15320546532108,84.36756523316201
epigenomics_8059_fast2bfq_125,39.247744179853974,85.88756559163248
epigenomics_8059_fast2bfq_126,36.80648017283458,84.4635859685935
epigenomics_8059_fast2bfq_127,48.10751632591896,93.94933344155125
epigenomics_8059_fast2bfq_128,34.73280825909612,78.32467361758322
epigenomics_8059_fast2bfq_129,44.22380731697009,86.79462720169579
epigenomics_8059_fast2bfq_130,44.352839017992416,81.40085209286816
epigenomics_8059_fast2bfq_131,60.35833710819462,74.07252891658463
epigenomics_8059_fast2bfq_132,40.81354878401223,75.23928925623899
epigenomics_8059_fast2bfq_133,44.02711522505298,84.9075273265064
epigenomics_8059_fast2bfq_134,49.88309382648753,93.79753307343145
epigenomics_8059_fast2bfq_135,51.673681141700214,85.70202778834549
epigenomics_8059_fast2bfq_136,56.87756842975776,68.65931048520726
epigenomics_8059_fast2bfq_137,53.167425344009004,83.02241469262428
epigenomics_8059_fast2bfq_138,38.57828071846039,80.27709928733749
epigenomics_8059_fast2bfq_139,39.71105682849136,79.61280167342194
epigenomics_8059_fast2bfq_140,36.694265199994064,72.51573646738876
epigenomics_8059_fast2bfq_141,34.88053928231066,79.39539107384212
epigenomics_8059_fast2bfq_142,39.42437744572953,74.9812214713318
epigenomics_8059_fast2bfq_143,31.492715358725672,78.06962341391878
epigenomics_8059_fast2bfq_144,40.24812932200505,93.16104072546386
epigenomics_8059_fast2bfq_145,45.517218373145866,73.71863570316876
epigenomics_8059_fast2bfq_146,44.33066263462258,79.0638282104793
epigenomics_8059_fast2bfq_147,51.38665069038313,69.35639421793071
epigenomics_8059_fast2bfq_148,47.26466478073873,63.18720730171002
epigenomics_8059_fast2bfq_149,41.11439196396145,89.62628045566392
epigenomics_8059_fast2bfq_150,53.14189555062782,85.33076663651704
epigenomics_8059_fast2bfq_151,40.717685162198876,77.32435121430836
epigenomics_8059_fast2bfq_152,38.45992387923671,89.73197409271776
epigenomics_8059_fast2bfq_153,50.161303690794895,87.0086914192425
epigenomics_8059_fast2bfq_154,32.889349101391964,70.46096176198715
epigenomics_8059_fast2bfq_155,43.984895117571526,92.89165043371001
epigenomics_8059_fast2bfq_156,34.97786200209693,81.41724735095669
epigenomics_8059_fast2bfq_157,50.71931272944789,71.56645020568386
epigenomics_8059_fast2bfq_158,45.49263845884102,75.34690385166734
epigenomics_8059_fast2bfq_159,34.0255696363735,75.5252158144985
epigenomics_8059_fast2bfq_160,36.07305042494454,77.03956457162066
epigenomics_8059_fast2bfq_161,40.003694712935385,83.4011185803072
epigenomics_8059_fast2bfq_162,37.948405138803246,87.3833512571047
epigenomics_8059_fast2bfq_163,49.369800176374206,89.5219307713946
epigenomics_8059_fast2bfq_164,41.854020850385886,81.6872497777693
epigenomics_8059_fast2bfq_165,48.94644062028466,71.02624857894847
epigenomics_8059_fast2bfq_166,57.37318685136235,79.36190572400929
epigenomics_8059_fast2bfq_167,55.09775340488645,81.97911657165517
epigenomics_8059_fast2bfq_168,45.416558359799346,77.43003858011072
epigenomics_8059_fast2bfq_169,31.898823492774284,80.21311197560985
epigenomics_8059_fast2bfq_170,39.69148410918459,81.68478724172012
epigenomics_8059_fast2bfq_171,45.20889253922555,73.20574731024702
epigenomics_8059_fast2bfq_172,39.41619702769976,81.67611631376866
epigenomics_8059_fast2bfq_173,38.861093768188624,80.92941544122975
epigenomics_8059_fast2bfq_174,35.32901738766782,75.40098080155447
epigenomics_8059_fast2bfq_175,25.026659988245832,78.16687124850961
epigenomics_8059_fast2bfq_176,27.794481542287333,77.76532145094268
epigenomics_8059_fast2bfq_177,47.61783198725887,83.5200376804856
epigenomics_8059_fast2bfq_178,54.359491044671785,63.63906231336105
epigenomics_8059_fast2bfq_179,43.88129513303588,81.44580553081805
epigenomics_8059_fast2bfq_180,52.95313132276492,82.54446042137508
epigenomics_8059_fast2bfq_181,42.82660395157273,81.89868736426385
epigenomics_8059_fast2bfq_182,30.603175016225542,81.89332505992164
epigenomics_8059_fast2bfq_183,41.2568311226458,64.2380472497843
epigenomics_8059_fast2bfq_184,39.199380459554774,69.38737438027907
epigenomics_8059_fast2bfq_185,52.90627039431199,74.42104357554476
epigenomics_8059_fast2bfq_186,49.34812013974364,68.62174307953649
epigenomics_8059_fast2bfq_187,40.455309689661235,78.84873720643344
epigenomics_8059_fast2bfq_188,40.28728097449962,77.20201015024256
epigenomics_8059_fast2bfq_189,42.44525648420232,85.7141290407732
epigenomics_8059_fast2bfq_190,50.93030196882435,82.53379739430622
epigenomics_8059_fast2bfq_191,44.66909765610723,92.0648003038637
epigenomics_8059_fast2bfq_192,56.091993068327724,92.69852493957123
epigenomics_8059_fast2bfq_193,42.026227664191794,77.47779457170293
epigenomics_8059_fast2bfq_194,47.729676106996216,91.62844631132067
epigenomics_8059_fast2bfq_195,44.056185428214334,77.87524093804166
epigenomics_8059_fast2bfq_196,46.765099007229324,88.34883489055358
epigenomics_8059_fast2bfq_197,34.48982532453981,77.09700181552945
epigenomics_8059_fast2bfq_198,47.13408443371407,79.6269278578336
epigenomics_8059_fast2bfq_199,50.97961473836728,81.49279663568606
epigenomics_8059_fast2bfq_200,46.339238829034024,84.2258625981216
epigenomics_8059_fast2bfq_201,48.269270048018385,78.66737166180971
epigenomics_8059_fast2bfq_202,49.99094209002614,78.58498738341432
epigenomics_8059_fast2bfq_203,42.074659027895535,76.92055496955744
epigenomics_8059_fast2bfq_204,43.01368626842032,89.14849705408812
epigenomics_8059_fast2bfq_205,45.41273795988805,77.94283868939223
epigenomics_8059_fast2bfq_206,41.79571614992522,81.18187970578647
epigenomics_8059_fast2bfq_207,49.23932869385151,83.37302973899159
epigenomics_8059_fast2bfq_208,45.97500495293441,75.6854135317293
epigenomics_8059_fast2bfq_209,56.3704266959531,73.33745446231428
epigenomics_8059_fast2bfq_210,46.026814479117654,75.741677803223
epigenomics_8059_fast2bfq_211,38.32901055979518,84.70801207548918
epigenomics_8059_fast2bfq_212,50.11005132070287,86.6554529061252
epigenomics_8059_fast2bfq_213,53.80543177928308,87.13961737238921
epigenomics_8059_fast2bfq_214,43.4019085293283,83.58058772161178
epigenomics_8059_fast2bfq_215,49.21467578760482,76.40677451773317
epigenomics_8059_fast2bfq_216,49.23551871181304,86.4840664487737
epigenomics_8059_fast2bfq_217,43.481892538049834,66.95173303297192
epigenomics_8059_fast2bfq_218,37.684022578965156,83.74899264321598
epigenomics_8059_fast2bfq_219,35.68940503440503,86.49539477790265
epigenomics_8059_fast2bfq_220,36.425398100948904,91.67134616312482
epigenomics_8059_fast2bfq_221,37.56899041518408,86.15092249137682
epigenomics_8059_fast2bfq_222,47.34736454123929,87.64829904740392
epigenomics_8059_fast2bfq_223,30.35672956366207,64.78325854054297
epigenomics_8059_fast2bfq_224,39.929892666962104,81.69454910625907
epigenomics_8059_fast2bfq_225,53.537376667184745,80.5640937551254
epigenomics_8059_fast2bfq_226,49.75906335427658,79.7806690944599
epigenomics_8059_fast2bfq_227,54.16885070429198,88.91760494115701
epigenomics_8059_fast2bfq_228,42.3359597431524,85.91037045053527
epigenomics_8059_fast2bfq_229,49.15436882050933,72.5816861857229
epigenomics_8059_fast2bfq_230,40.192950436685564,80.55625908626733
epigenomics_8059_fast2bfq_231,51.936437442178374,82.63261398912913
epigenomics_8059_fast2bfq_232,53.99633367477581,79.96307377311976
epigenomics_8059_fast2bfq_233,45.799027344579876,78.36933478024004
epigenomics_8059_fast2bfq_234,46.58028933157395,88.41068268569136
epigenomics_8059_fast2bfq_235,47.104516110886244,73.00375180707306
epigenomics_8059_fast2bfq_236,44.14187429407866,66.78391151120158
epigenomics_8059_fast2bfq_237,30.49434880817023,83.53318229450961
epigenomics_8059_fast2bfq_238,52.93821091757396,90.94977584704831
epigenomics_8059_fast2bfq_239,27.167018414765273,84.22066481107777
epigenomics_8059_fast2bfq_240,49.64568798194554,82.89246104535474
epigenomics_8059_fast2bfq_241,34.98750801271453,74.35067367196656
epigenomics_8059_fast2bfq_242,43.6800004119427,74.21401737916233
epigenomics_8059_fast2bfq_243,42.60721332988295,63.166401553214165
epigenomics_8059_fast2bfq_244,40.14353010941056,69.37290436523978
epigenomics_8059_fast2bfq_245,42.87401198324231,69.71431971261816
epigenomics_8059_fast2bfq_246,39.07477365337786,80.99411993318539
epigenomics_8059_fast2bfq_247,45.12359100618354,82.04101142484545
epigenomics_8059_fast2bfq_248,48.645548148931624,81.96788462233576
epigenomics_8059_fast2bfq_249,43.93611458111854,81.93623737162748
epigenomics_8059_fast2bfq_250,39.20529324266184,89.78401462702668
epigenomics_8059_fast2bfq_251,53.49724911389245,75.82882090632162
epigenomics_8059_fast2bfq_252,44.22927179246114,85.43066867678557
epigenomics_8059_fast2bfq_253,50.91101285868524,80.88515755193667
epigenomics_8059_fast2bfq_254,40.36983445107486,67.92024846528216
epigenomics_8059_fast2bfq_255,59.774974821731654,88.52950867657995
epigenomics_8059_fast2bfq_256,47.02626373493533,82.22961008769873
epigenomics_8059_fast2bfq_257,46.99867146093701,68.80836114965453
epigenomics_8059_fast2bfq_258,60.25693686598538,79.22266879188876
epigenomics_8059_fast2bfq_259,37.95230521546571,80.10813852879635
epigenomics_8059_fast2bfq_260,42.143937844599776,81.11363300566244
epigenomics_8059_fast2bfq_261,63.03726636671924,82.82666904876784
epigenomics_8059_fast2bfq_262,47.6935012359321,82.50485953984742
epigenomics_8059_fast2bfq_263,52.40069938413406,79.87029993333275
epigenomics_8059_fast2bfq_264,53.01446932602822,64.36898222141896
epigenomics_8059_fast2bfq_265,54.581008811527845,68.8724649811166
epigenomics_8059_fast2bfq_266,51.499547227731114,87.49698664089316
epigenomics_8059_fast2bfq_267,41.31491758517831,80.88359386287402
epigenomics_8059_fast2bfq_268,55.58147280009628,69.80596857636056
epigenomics_8059_fast2bfq_269,41.38568273922331,75.7037647197194
epigenomics_8059_fast2bfq_270,36.47460076105957,78.56883176198221
epigenomics_8059_fast2bfq_271,58.75750459415022,77.50628696788671
epigenomics_8059_fast2bfq_272,34.757552114175105,70.13542811142058
epigenomics_8059_fast2bfq_273,50.233207753007974,81.39107074563972
epigenomics_8059_fast2bfq_274,49.83163471221218,72.15482845196404
epigenomics_8059_fast2bfq_275,37.31491754810073,79.92948923863295
epigenomics_8059_fast2bfq_276,41.288861905787456,78.80474075139243
epigenomics_8059_fast2bfq_277,58.551765282412205,71.12790323615891
epigenomics_8059_fast2bfq_278,41.65016212778523,87.57172755684067
epigenomics_8059_fast2bfq_279,42.40234857721994,74.18746137046578
epigenomics_8059_fast2bfq_280,42.878957177866724,78.30661877017188
epigenomics_8059_fast2bfq_281,48.45602772135662,78.25109822123231
epigenomics_8059_fast2bfq_282,37.27007116012394,79.57427957641347
epigenomics_8059_fast2bfq_283,56.75489961567782,85.8136086133539
epigenomics_8059_fast2bfq_284,46.69775303046503,76.44640128715089
epigenomics_8059_fast2bfq_285,49.7394810280108,77.60603097107018
epigenomics_8059_fast2bfq_286,50.013107877693265,82.13440291649282
epigenomics_8059_fast2bfq_287,40.44976002652577,77.85977332772654
epigenomics_8059_fast2bfq_288,37.01856589027896,65.96684912710361
epigenomics_8059_fast2bfq_289,46.25379680325541,73.46030981850942
epigenomics_8059_fast2bfq_290,45.735181552799894,83.51881737418888
epigenomics_8059_fast2bfq_291,42.97914648707707,81.58278013448064
epigenomics_8059_fast2bfq_292,43.836995127498454,79.75814786260153
epigenomics_8059_fast2bfq_293,52.43721188953257,74.57390147963194
epigenomics_8059_fast2bfq_294,58.448243294596665,91.80439183038898
epigenomics_8059_fast2bfq_295,40.60859555996951,74.73445114308848
epigenomics_8059_fast2bfq_296,45.090160652444126,78.08715494767242
epigenomics_8059_fast2bfq_297,46.51822991736901,75.55024408328167
epigenomics_8059_fast2bfq_298,46.61895710282374,79.0657900345374
epigenomics_8059_fast2bfq_299,46.50661166180499,75.49809193322973
epigenomics_8059_fast2bfq_300,43.587762326642974,74.77340976770732
epigenomics_8059_fast2bfq_301,57.699325804875315,83.28615349203291
epigenomics_8059_fast2bfq_302,49.07893123595367,89.189146027422
epigenomics_8059_fast2bfq_303,44.810039401696585,78.40463838754863
epigenomics_8059_fast2bfq_304,58.666970638331435,87.71052755702405
epigenomics_8059_fast2bfq_305,44.05180258976904,82.05987343090601
epigenomics_8059_fast2bfq_306,40.07577834400637,81.51063518114019
epigenomics_8059_fast2bfq_307,37.875031896175294,77.88105462506883
epigenomics_8059_fast2bfq_308,42.20685035095721,83.07503745176255
epigenomics_8059_fast2bfq_309,49.36460550113251,69.93660298487028
epigenomics_8059_fast2bfq_310,43.22283376351192,77.80624620756895
epigenomics_8059_fast2bfq_311,40.638819403090245,83.69068988782685
epigenomics_8059_fast2bfq_312,55.2232570815826,67.22527813036089
epigenomics_8059_fast2bfq_313,41.05955891072182,69.87816275895977
epigenomics_8059_fast2bfq_314,58.973210511948224,76.54853037031913
epigenomics_8059_fast2bfq_315,49.79536179769745,78.0068904454919
epigenomics_8059_fast2bfq_316,55.94735448769892,72.69358626996471
epigenomics_8059_fast2bfq_317,50.469922852294246,78.38641834064849
epigenomics_8059_fast2bfq_318,42.026689080796956,66.24809373417226
epigenomics_8059_fast2bfq_319,27.819267464692736,83.59428457525718
epigenomics_8059_fast2bfq_320,58.595119811046125,80.99451770492007
epigenomics_8059_fast2bfq_321,42.64715754934,55.82781318608533
epigenomics_8059_fast2bfq_322,55.61455138292067,68.12525906301923
epigenomics_8059_fast2bfq_323,44.388876250881864,87.54293862382457
epigenomics_8059_fast2bfq_324,50.59385754174756,79.17715938099359
epigenomics_8059_fast2bfq_325,46.4303598724112,62.173540419259
epigenomics_8059_fast2bfq_326,47.763357795925,71.043557786985
epigenomics_8059_fast2bfq_327,34.66076021932397,71.36664939849913
epigenomics_8059_fast2bfq_328,51.33092595661276,92.77077356234751
epigenomics_8059_fast2bfq_329,46.043616049582376,70.95067432842752
epigenomics_8059_fast2bfq_330,45.28794439307006,91.72489451868748
epigenomics_8059_fast2bfq_331,55.352672739516066,79.862921519109
epigenomics_8059_fast2bfq_332,53.642040739687374,77.57462648270227
epigenomics_8059_fast2bfq_333,33.78485900201508,75.10351044232841
epigenomics_8059_fast2bfq_334,40.24456629942288,85.00669643483434
epigenomics_8059_fast2bfq_335,45.93492731585472,75.99254665258853
epigenomics_8059_fast2bfq_336,35.47510965145908,72.43584611162942
epigenomics_8059_fast2bfq_337,44.241354108502506,88.96375262229797
epigenomics_8059_fast2bfq_338,28.23688751821398,84.09408408176182
epigenomics_8059_fast2bfq_339,54.466879150171465,73.63406469870696
epigenomics_8059_fast2bfq_340,40.74380642101734,72.41867538979034
epigenomics_8059_fast2bfq_341,50.108981831411825,83.61244734946236
epigenomics_8059_fast2bfq_342,40.07818752714685,73.74425567419571
epigenomics_8059_fast2bfq_343,46.18741361913478,86.63096719090825
epigenomics_8059_fast2bfq_344,41.727023723840205,81.00021776801144
epigenomics_8059_fast2bfq_345,44.45194910014355,76.96461185897755
epigenomics_8059_fast2bfq_346,53.51182875955743,66.94345302101125
epigenomics_8059_fast2bfq_347,52.15725106469613,84.45331570819536
epigenomics_8059_fast2bfq_348,35.57449689828289,74.6768570125756
epigenomics_8059_fast2bfq_349,43.29114362139439,73.63127732632286
epigenomics_8059_fast2bfq_350,43.50890609897801,83.41661325600462
epigenomics_8059_fast2bfq_351,48.84624181923743,78.06474575992212
epigenomics_8059_fast2bfq_352,47.44093913697741,77.82354999120984
epigenomics_8059_fast2bfq_353,51.014349464306314,88.01698133259175
epigenomics_8059_fast2bfq_354,17.860416124466727,79.55655193927551
epigenomics_8059_fast2bfq_355,39.69709763000037,81.67429889042702
epigenomics_8059_fast2bfq_356,43.315061755736515,75.40525134850294
epigenomics_8059_fast2bfq_357,42.11277760853698,77.29542397683869
epigenomics_8059_fast2bfq_358,54.04543858568587,72.29724470896647
epigenomics_8059_fast2bfq_359,36.946183918612576,81.91513299864913
epigenomics_8059_fast2bfq_360,43.041529001777945,75.67420121042046
epigenomics_8059_fast2bfq_361,47.19114160284489,71.97655540280907
epigenomics_8059_fast2bfq_362,42.58153676318874,81.79014591036099
epigenomics_8059_fast2bfq_363,41.24559111804803,93.43674979460644
epigenomics_8059_fast2bfq_364,45.86240563643834,86.01746652162514
epigenomics_8059_fast2bfq_365,25.077706581517813,70.85264650553692
epigenomics_8059_fast2bfq_366,51.54301791134501,76.98423059087858
epigenomics_8059_fast2bfq_367,41.478163515480055,85.96425196695513
epigenomics_8059_fast2bfq_368,41.08580535296393,78.36362508142473
epigenomics_8059_fast2bfq_369,34.7472314491357,75.11680717475407
epigenomics_8059_fast2bfq_370,52.532310664459864,82.45419391536294
epigenomics_8059_fast2bfq_371,36.9677992730942,83.0830778691086
epigenomics_8059_fast2bfq_372,41.7148825321583,77.0261032031043
epigenomics_8059_fast2bfq_373,43.75083872814196,69.67953802349773
epigenomics_8059_fast2bfq_374,38.488745749548535,72.15643935311907
epigenomics_8059_fast2bfq_375,46.31617136953785,89.50932183916274
epigenomics_8059_fast2bfq_376,53.8126949871299,94.30708763466113
epigenomics_8059_fast2bfq_377,46.47670158784725,74.91655894129303
epigenomics_8059_fast2bfq_378,44.48154163330676,87.27957683359637
epigenomics_8059_fast2bfq_379,36.106142456016826,90.8787382277087
epigenomics_8059_fast2bfq_380,47.298492979466,86.86349537016139
epigenomics_8059_fast2bfq_381,40.120544436951604,79.77012346960983
epigenomics_8059_fast2bfq_382,43.289347738914266,76.70876756089567
epigenomics_8059_fast2bfq_383,50.062715001082594,82.14472725659944
epigenomics_8059_fast2bfq_384,44.38223320726292,88.71076222083215
epigenomics_8059_fast2bfq_385,47.95705054973237,79.46580404267976
epigenomics_8059_fast2bfq_386,47.671930973045384,73.26869350429507
epigenomics_8059_fast2bfq_387,42.20702320785601,72.85221275490478
epigenomics_8059_fast2bfq_388,49.43705128548678,75.50193692321841
epigenomics_8059_fast2bfq_389,57.15187895124231,87.11872154479477
epigenomics_8059_fast2bfq_390,42.7673448032388,83.6477089072605
epigenomics_8059_fast2bfq_391,64.94087186291365,74.97337673052864
epigenomics_8059_fast2bfq_392,46.72933670879212,68.4074691595365
epigenomics_8059_fast2bfq_393,55.80729955780323,74.63968551324622
epigenomics_8059_fast2bfq_394,35.1963677824262,72.35208429138447
epigenomics_8059_fast2bfq_395,45.498800494209526,83.69971494651895
epigenomics_8059_fast2bfq_396,44.88929659952098,94.10506486936492
epigenomics_8059_fast2bfq_397,49.79814782394237,77.37981758526634
epigenomics_8059_fast2bfq_398,48.252247878627564,81.51326978312937
epigenomics_8059_fast2bfq_399,39.368809308583806,81.82916260552904
epigenomics_8059_fast2bfq_400,39.7980917265717,81.19351970015076
epigenomics_8059_fast2bfq_401,48.10299524621175,84.64670354712011
epigenomics_8059_fast2bfq_402,49.68549033005054,82.88455325301845
epigenomics_8059_fast2bfq_403,38.680590157952366,84.2473445880439
epigenomics_8059_fast2bfq_404,46.050417227005624,69.5311285666091
epigenomics_8059_fast2bfq_405,42.71428822562364,81.94608701607656
epigenomics_8059_fast2bfq_406,48.73563088991745,82.75762918260583
epigenomics_8059_fast2bfq_407,36.05809792647753,90.53477210169976
epigenomics_8059_fast2bfq_408,46.94760895804363,77.89450426337872
epigenomics_8059_fast2bfq_409,60.506652228465164,77.12793404098163
epigenomics_8059_fast2bfq_410,35.53474992062847,79.76450338553866
epigenomics_8059_fast2bfq_411,44.669840445424576,79.76699969656731
epigenomics_8059_fast2bfq_412,34.281631512774894,93.65484832648846
epigenomics_8059_fast2bfq_413,47.77146508863945,83.80576990720309
epigenomics_8059_fast2bfq_414,46.50062047225603,71.9702096359287
epigenomics_8059_fast2bfq_415,42.24262275192059,83.5320932900844
epigenomics_8059_fast2bfq_416,58.8421265031787,79.54105728028172
epigenomics_8059_fast2bfq_417,46.68204640196824,77.77763103872574
epigenomics_8059_fast2bfq_418,42.746594368397865,68.26892706686584
epigenomics_8059_fast2bfq_419,41.64004417954279,81.87650945307541
epigenomics_8059_fast2bfq_420,54.15326389943123,72.75248977878833
epigenomics_8059_fast2bfq_421,35.21066487794559,89.24641035417658
epigenomics_8059_fast2bfq_422,39.72751731496155,76.07613271503918
epigenomics_8059_fast2bfq_423,46.98933166227899,83.32527255969767
epigenomics_8059_fast2bfq_424,50.947378100586974,73.03471477135945
epigenomics_8059_fast2bfq_425,45.83004364973789,77.53155360239846
epigenomics_8059_fast2bfq_426,48.91966064391853,93.92593705511914
epigenomics_8059_fast2bfq_427,37.32001896499233,80.56292983326593
epigenomics_8059_fast2bfq_428,52.44863980691104,86.70711998632522
epigenomics_8059_fast2bfq_429,49.8809227076675,74.17713490283407
epigenomics_8059_fast2bfq_430,49.2696601175945,79.45273790499259
epigenomics_8059_fast2bfq_431,40.207181605651655,69.43966167828631
epigenomics_8059_fast2bfq_432,46.14900421219453,84.97969066222184
epigenomics_8059_fast2bfq_433,51.70577934048639,87.2989515792079
epigenomics_8059_fast2bfq_434,46.44642317100083,87.6273602824001
epigenomics_8059_fast2bfq_435,54.52724541292753,90.7725908982924
epigenomics_8059_fast2bfq_436,46.054572428248626,78.18161868377562
epigenomics_8059_fast2bfq_437,52.41478921874666,71.30831693351745
epigenomics_8059_fast2bfq_438,39.33768453345668,89.0512224878777
epigenomics_8059_fast2bfq_439,37.11905733797715,82.7051397846639
epigenomics_8059_fast2bfq_440,32.341043131555175,86.83167771655894
epigenomics_8059_fast2bfq_441,59.67996447523847,85.7535567049721
epigenomics_8059_fast2bfq_442,42.61829636559055,72.39251155881465
epigenomics_8059_fast2bfq_443,55.53999033350919,89.92661321328089
epigenomics_8059_fast2bfq_444,31.387790587755212,89.1051183885735
epigenomics_8059_fast2bfq_445,51.511344076573074,88.23438745531581
epigenomics_8059_fast2bfq_446,51.91788360622922,89.22923427534361
epigenomics_8059_fast2bfq_447,38.94549038429871,78.85775655156759
epigenomics_8059_fast2bfq_448,34.99140993266522,78.69693939616579
epigenomics_8059_fast2bfq_449,47.70260383479851,69.54224344991552
epigenomics_8059_fast2bfq_450,48.55802537331794,69.61271889530926
epigenomics_8059_fast2bfq_451,61.93731971336692,76.88256360592997
epigenomics_8059_fast2bfq_452,51.01212448881513,78.07678065111617
epigenomics_8059_fast2bfq_453,43.26709412324356,72.28814590380658
epigenomics_8059_fast2bfq_454,41.87149159839823,87.0433392788748
epigenomics_8059_fast2bfq_455,32.83386829908605,73.95504776293296
epigenomics_8059_fast2bfq_456,41.430411580650876,89.29562118375986
epigenomics_8059_fast2bfq_457,51.17440445775039,68.65781633412317
epigenomics_8059_fast2bfq_458,36.94199747013009,73.49088981177911
epigenomics_8059_fast2bfq_459,45.829311655307514,82.41696212279162
epigenomics_8059_fast2bfq_460,47.9846269935605,76.63578012563602
epigenomics_8059_fast2bfq_461,37.397741051118416,85.50136809071121
epigenomics_8059_fast2bfq_462,43.05603226257002,91.45688833813222
epigenomics_8059_fast2bfq_463,39.2429562620528,86.33472318189848
epigenomics_8059_fast2bfq_464,51.794384943124896,79.77752035238595
epigenomics_8059_fast2bfq_465,33.56682806757519,86.63876687439794
epigenomics_8059_fast2bfq_466,38.55138273956095,80.38301405506056
epigenomics_8059_fast2bfq_467,45.6571612597174,83.05036342010283
epigenomics_8059_fast2bfq_468,43.78458988964515,76.56789770421655
epigenomics_8059_fast2bfq_469,45.72454517881805,92.7178100148408
epigenomics_8059_fast2bfq_470,33.66056456157597,62.15898755870355
epigenomics_8059_fast2bfq_471,35.77511394417756,93.28616871554475
epigenomics_8059_fast2bfq_472,59.089909989281225,79.3548372368556
epigenomics_8059_fast2bfq_473,47.49084962688525,83.65335896000495
epigenomics_8059_fast2bfq_474,40.31742756674062,91.86310742066779
epigenomics_8059_fast2bfq_475,30.04398866761754,85.73793280961836
epigenomics_8059_fast2bfq_476,42.707150367809454,72.55266924525
epigenomics_8059_fast2bfq_477,48.67276306750091,69.15217686357275
epigenomics_8059_fast2bfq_478,48.02036692701559,77.29467640883699
epigenomics_8059_fast2bfq_479,39.10617161003344,71.77091523073204
epigenomics_8059_fast2bfq_480,42.57946037372337,72.99518569734593
epigenomics_8059_fast2bfq_481,48.29547873255643,82.96053022859883
epigenomics_8059_fast2bfq_482,43.367973495841525,76.62127731338391
epigenomics_8059_fast2bfq_483,45.64017073389316,78.48569624324641
epigenomics_8059_fast2bfq_484,42.173116564555386,77.50137208077673
epigenomics_8059_fast2bfq_485,49.21087804727048,80.43815910105063
epigenomics_8059_fast2bfq_486,51.218031752778444,79.23543303405224
epigenomics_8059_fast2bfq_487,66.06928281917934,78.1977371540819
epigenomics_8059_fast2bfq_488,46.45522480226038,91.46089291346884
epigenomics_8059_fast2bfq_489,42.812371417751685,83.9487943564262
epigenomics_8059_fast2bfq_490,48.077401741468265,74.9668791192048
epigenomics_8059_fast2bfq_491,43.83397324294913,74.78071440451863
epigenomics_8059_fast2bfq_492,46.83458652024592,82.98353791217151
epigenomics_8059_fast2bfq_493,32.5017460962467,85.7477618672285
epigenomics_8059_fast2bfq_494,49.85993509475808,79.95819221271663
epigenomics_8059_fast2bfq_495,51.721347343873205,79.6954716515354
epigenomics_8059_fast2bfq_496,50.143901528668195,81.92558376000022
epigenomics_8059_fast2bfq_497,41.10769004277467,76.26866310086194
epigenomics_8059_fast2bfq_498,44.23931525993102,80.37806058260358
epigenomics_8059_fast2bfq_499,48.46833630224622,84.19375804145383
epigenomics_8059_map_0,9971.609847828391,183.1763190447888
epigenomics_8059_map_1,11338.850888433963,187.93355907512978
epigenomics_8059_map_2,10087.833793173244,175.1285953761314
epigenomics_8059_map_3,10975.800676695595,192.84042528109342
epigenomics_8059_map_4,10117.408299041292,185.58833410156757
epigenomics_8059_map_5,9155.937867047707,178.80263325156525
epigenomics_8059_map_6,10374.291485548616,183.81620370817444
epigenomics_8059_map_7,10295.066646514077,189.19633278537077
epigenomics_8059_map_8,9589.920453181863,185.3789951770466
epigenomics_8059_map_9,11214.298484799749,180.05425689383515
epigenomics_8059_map_10,9565.709200793963,187.6427358650173
epigenomics_8059_map_11,10072.805050210409,191.0954929253182
epigenomics_8059_map_12,10098.246720826246,189.4766897518675
epigenomics_8059_map_13,8967.048123247596,184.63822257181124
epigenomics_8059_map_14,9810.982767127303,177.58225250499314
epigenomics_8059_map_15,9978.607788724043,177.94572229426305
epigenomics_8059_map_16,9968.32427996449,193.08515496080693
epigenomics_8059_map_17,9745.151182500585,188.0383385491892
epigenomics_8059_map_18,9887.457810076248,179.85895277009988
epigenomics_8059_map_19,9601.715474257733,188.58349780010192
epigenomics_8059_map_20,9699.269585692313,192.09602070765104
epigenomics_8059_map_21,9419.871136794089,183.90359837948924
epigenomics_8059_map_22,10072.951265910851,190.1128207097304
epigenomics_8059_map_23,9764.240248906804,184.1535274056493
epigenomics_8059_map_24,9904.015168926111,184.09280765579396
epigenomics_8059_map_25,10102.277430319406,180.15181762733056
epigenomics_8059_map_26,9838.500089238398,184.11781690630946
epigenomics_8059_map_27,10000.889083870074,179.8911684060761
epigenomics_8059_map_28,9792.916718823577,186.57549185736715
epigenomics_8059_map_29,10096.797551683469,182.1062676143888
epigenomics_8059_map_30,9699.790561306601,187.170292386827
epigenomics_8059_map_31,10499.804292892193,179.0146246928695
epigenomics_8059_map_32,10311.068014207549,177.8119725319662
epigenomics_8059_map_33,9986.507185321512,184.39069774184608
epigenomics_8059_map_34,10575.76464391895,189.77769301294018
epigenomics_8059_map_35,10000.84884167652,190.54343932892087
epigenomics_8059_map_36,9148.813442089442,183.06820912457005
epigenomics_8059_map_37,9671.721729187142,182.11928736414862
epigenomics_8059_map_38,9229.663551616546,188.26951187059595
epigenomics_8059_map_39,9838.650774976497,188.1005758066021
epigenomics_8059_map_40,10421.024942785973,186.8212058656206
epigenomics_8059_map_41,10515.23916036612,184.077531101183
epigenomics_8059_map_42,9169.113230946861,191.20414323971713
epigenomics_8059_map_43,10158.759071748733,190.91061531202195
epigenomics_8059_map_44,9009.769982437914,185.1804440103817
epigenomics_8059_map_45,10531.998203347057,189.07336140407318
epigenomics_8059_map_46,8991.774889366583,187.72471213072558
epigenomics_8059_map_47,8635.956533953859,187.3360503184626
epigenomics_8059_map_48,10595.11621484347,187.94576988775165
epigenomics_8059_map_49,9601.336815347935,183.40138875958866
epigenomics_8059_map_50,10049.72558661958,188.2481575707206
epigenomics_8059_map_51,9337.932265019748,187.5044623157242
epigenomics_8059_map_52,10004.511950527989,178.10010679241648
epigenomics_8059_map_53,9287.869732661055,181.44408163048072
epigenomics_8059_map_54,9564.175655305437,188.32336920162783
epigenomics_8059_map_55,9779.15550923825,176.25852617649383
epigenomics_8059_map_56,9331.663846632902,177.53146791513342
epigenomics_8059_map_57,9885.62110610534,185.77267054258155
epigenomics_8059_map_58,9263.438953748826,186.96013955745283
epigenomics_8059_map_59,9184.075952626135,190.327048653126
epigenomics_8059_map_60,9926.217313742662,177.42872662838698
epigenomics_8059_map_61,9657.081045182898,177.99907717512428
epigenomics_8059_map_62,9559.667270338254,178.58270538980955
epigenomics_8059_map_63,10208.609906803675,186.5492111704489
epigenomics_8059_map_64,11036.464359837264,185.7845242979788
epigenomics_8059_map_65,9735.935443159477,187.49721148016687
epigenomics_8059_map_66,9689.513478813795,182.46615654813274
epigenomics_8059_map_67,9600.458184149102,185.97017929871174
epigenomics_8059_map_68,9690.138076766294,177.1073126409157
epigenomics_8059_map_69,10584.94269536391,183.1785673571916
epigenomics_8059_map_70,9035.540969957196,188.0838954854699
epigenomics_8059_map_71,9911.375642503293,179.21211731574627
epigenomics_8059_map_72,10725.580314187004,187.6872632627721
epigenomics_8059_map_73,9992.531356765332,183.35180037621862
epigenomics_8059_map_74,10074.6788470956,173.97380993039934
epigenomics_8059_map_75,10103.306432380326,177.36933312860714
epigenomics_8059_map_76,9908.326363546641,182.5913426954464
epigenomics_8059_map_77,10130.370185181524,184.30749421304185
epigenomics_8059_map_78,9365.472441187503,186.6098628983393
epigenomics_8059_map_79,10196.806463374834,186.85565495648157
epigenomics_8059_map_80,10551.10835747458,182.02200990628657
epigenomics_8059_map_81,9485.388538449415,188.59701322946196
epigenomics_8059_map_82,10473.451080943205,186.86511448885747
epigenomics_8059_map_83,9671.731123246149,183.79251573592566
epigenomics_8059_map_84,10034.690173185649,183.55625328285973
epigenomics_8059_map_85,10603.411869096599,188.95555430940075
epigenomics_8059_map_86,10444.391249374843,182.38316727096736
epigenomics_8059_map_87,10238.574523406105,180.21519916403514
epigenomics_8059_map_88,10227.987118034633,179.80117309425847
epigenomics_8059_map_89,9987.63432578505,181.9153066393905
epigenomics_8059_map_90,9958.958592854113,177.27158946730452
epigenomics_8059_map_91,10020.654010647168,181.4183570653435
epigenomics_8059_map_92,9966.788658206075,190.91962842828607
epigenomics_8059_map_93,10545.834415717656,183.44191411905337
epigenomics_8059_map_94,11445.49189292143,187.32776209286519
epigenomics_8059_map_95,9926.781304506327,181.35834356487848
epigenomics_8059_map_96,9629.906196026288,185.21964001529335
epigenomics_8059_map_97,10151.275189902286,175.30727768760642
epigenomics_8059_map_98,9512.90909039072,186.7302111990703
epigenomics_8059_map_99,10009.050806718024,176.63255706815525
epigenomics_8059_map_100,9145.74476084323,188.52221060648094
epigenomics_8059_map_101,10546.977674513346,185.23792414862945
epigenomics_8059_map_102,10405.24694074327,182.44192953177046
epigenomics_8059_map_103,10718.322202922076,185.959586144486
epigenomics_8059_map_104,10317.060113891966,183.55374190233005
epigenomics_8059_map_105,11328.259752626875,188.80259476038606
epigenomics_8059_map_106,10118.644504692316,183.72490585679475
epigenomics_8059_map_107,9788.161229627613,183.48888946839702
epigenomics_8059_map_108,9962.677905303077,184.91792867584482
epigenomics_8059_map_109,10907.733562689724,178.92643877969962
epigenomics_8059_map_110,9944.775093954651,176.4335183173441
epigenomics_8059_map_111,10207.306964680463,183.93805508734965
epigenomics_8059_map_112,9604.898024538381,181.74289657428332
epigenomics_8059_map_113,10106.058499695971,194.49190025155266
epigenomics_8059_map_114,9633.193677389118,184.6035165798257
epigenomics_8059_map_115,9555.72463662004,188.45245401119507
epigenomics_8059_map_116,10840.182990125555,187.3597809174729
epigenomics_8059_map_117,10306.410544674298,183.22962665020717
epigenomics_8059_map_118,9645.623819918314,186.83807013061065
epigenomics_8059_map_119,10322.211688884596,183.67605432788912
epigenomics_8059_map_120,9101.08526690682,176.53621303355075
epigenomics_8059_map_121,9132.09953185368,181.63504071233766
epigenomics_8059_map_122,9673.57784416098,182.3570242679157
epigenomics_8059_map_123,10324.24754130693,180.99684386109737
epigenomics_8059_map_124,10874.490407669231,190.7860256374271
epigenomics_8059_map_125,9259.536430659096,194.9899737568714
epigenomics_8059_map_126,10013.128724247988,183.7922049371898
epigenomics_8059_map_127,9358.77013476102,183.25938020940077
epigenomics_8059_map_128,9493.310244819635,189.3429740664043
epigenomics_8059_map_129,10384.334517438132,177.84574815829612
epigenomics_8059_map_130,9356.760410947845,184.31026098990677
epigenomics_8059_map_131,10828.127463177636,179.87577328173543
epigenomics_8059_map_132,9959.110527674688,186.04763784126106
epigenomics_8059_map_133,10053.639108136009,174.08068528194124
epigenomics_8059_map_134,10020.612456278892,188.6724008796159
epigenomics_8059_map_135,11396.048966251874,188.5739884716779
epigenomics_8059_map_136,10291.41838206581,183.82552280285765
epigenomics_8059_map_137,9789.11933707408,184.8411862938205
epigenomics_8059_map_138,10473.293480768012,177.78317484040085
epigenomics_8059_map_139,9143.823359105134,184.58070571448772
epigenomics_8059_map_140,9881.27125682226,181.46874470218162
epigenomics_8059_map_141,10395.049314670807,191.8199652879431
epigenomics_8059_map_142,10145.063588548403,176.88204181332824
epigenomics_8059_map_143,9497.07992938323,185.68112932915022
epigenomics_8059_map_144,9125.275016648224,184.28150164354867
epigenomics_8059_map_145,10406.54416832849,179.49610727578266
epigenomics_8059_map_146,11068.861861792893,191.1995675263986
epigenomics_8059_map_147,10351.898720501455,188.5397299710988
epigenomics_8059_map_148,10635.906732200927,183.53332499596556
epigenomics_8059_map_149,9496.167949437495,185.81479582845867
epigenomics_8059_map_150,9839.285547927888,193.76625078762592
epigenomics_8059_map_151,10534.036580027208,184.36892358510093
epigenomics_8059_map_152,9929.079856773278,183.76581552052306
epigenomics_8059_map_153,10699.13365407895,181.07811784989528
epigenomics_8059_map_154,9862.313614018567,186.31428073432616
epigenomics_8059_map_155,9958.036669386262,175.46429924646202
epigenomics_8059_map_156,10615.64367506646,182.40766022974563
epigenomics_8059_map_157,10644.178914253083,184.78026144657423
epigenomics_8059_map_158,9819.604663507243,192.10473030458033
epigenomics_8059_map_159,9141.505734757327,182.5622044147883
epigenomics_8059_map_160,10014.228317489184,178.27342093824927
epigenomics_8059_map_161,9693.4915494613,191.78488192749262
epigenomics_8059_map_162,9973.726995502926,179.39035348815196
epigenomics_8059_map_163,9730.43858315233,181.15864054055092
epigenomics_8059_map_164,10342.729635973083,194.3004613207715
epigenomics_8059_map_165,10337.34998324603,179.26187763398187
epigenomics_8059_map_166,9585.991309683837,178.57437971133172
epigenomics_8059_map_167,10883.309755193799,180.66581070209097
epigenomics_8059_map_168,10341.70538936377,178.13058862477865
epigenomics_8059_map_169,10133.180751664768,185.52588773630342
epigenomics_8059_map_170,9524.737444696108,190.37056311925033
epigenomics_8059_map_171,10415.317185666438,191.17872392577985
epigenomics_8059_map_172,9931.911145940012,197.0602608458872
epigenomics_8059_map_173,10066.157001983736,185.42583103849736
epigenomics_8059_map_174,9101.44023670617,183.1938568280094
epigenomics_8059_map_175,9531.165908429786,180.26260048679669
epigenomics_8059_map_176,10127.23579482425,178.10938834172342
epigenomics_8059_map_177,10197.69044072796,191.00777864195243
epigenomics_8059_map_178,10110.041691955019,187.07045554025495
epigenomics_8059_map_179,8897.659518088913,183.59304326339202
epigenomics_8059_map_180,10728.32712622023,180.57375922606377
epigenomics_8059_map_181,9981.193947270103,179.15871302556297
epigenomics_8059_map_182,10428.278613335127,181.7614002893584
epigenomics_8059_map_183,9949.821188602164,181.0720029404355
epigenomics_8059_map_184,9540.617803423673,191.7611713443953
epigenomics_8059_map_185,10167.665780461806,187.00866497572272
epigenomics_8059_map_186,10036.425594647191,186.00720609061068
epigenomics_8059_map_187,9953.059962915493,188.8907903978669
epigenomics_8059_map_188,9540.133345763117,185.15030825477902
epigenomics_8059_map_189,10299.017889838724,182.20862883523841
epigenomics_8059_map_190,10345.50767194141,184.33962242356014
epigenomics_8059_map_191,9699.007592391716,187.76233578719746
epigenomics_8059_map_192,9676.597784703446,187.20483733130595
epigenomics_8059_map_193,10326.824879293923,183.74597094277
epigenomics_8059_map_194,8741.928194961189,181.2417739653968
epigenomics_8059_map_195,10187.19988385705,178.46776218328785
epigenomics_8059_map_196,8912.221036541752,188.86435562577861
epigenomics_8059_map_197,9638.499632967325,184.82372921624602
epigenomics_8059_map_198,11171.430131105335,175.8859299929251
epigenomics_8059_map_199,10089.296140913379,181.32330931314746
epigenomics_8059_map_200,10138.676906517503,180.79320865686262
epigenomics_8059_map_201,9738.757530903904,182.67008064622692
epigenomics_8059_map_202,10071.268965717854,188.27435287630652
epigenomics_8059_map_203,9523.357474177743,186.48832064367826
epigenomics_8059_map_204,9970.056655666822,194.61841047041293
epigenomics_8059_map_205,10282.546214218257,189.59333790249914
epigenomics_8059_map_206,10262.869401488113,179.04318771836006
epigenomics_8059_map_207,9608.61659970949,188.02415222770122
epigenomics_8059_map_208,9829.786270905446,177.9303595139783
epigenomics_8059_map_209,10484.272122402721,184.47323057591842
epigenomics_8059_map_210,9987.057162506455,189.13994489464216
epigenomics_8059_map_211,10625.75990695092,185.41501691126484
epigenomics_8059_map_212,10079.389190071353,181.86026608515962
epigenomics_8059_map_213,10054.717880254977,183.6191058635324
epigenomics_8059_map_214,9765.827197222807,190.08742831977364
epigenomics_8059_map_215,9171.242431967526,184.8627130462973
epigenomics_8059_map_216,10834.060172222396,185.38934343101528
epigenomics_8059_map_217,9435.487380453607,191.49640281769615
epigenomics_8059_map_218,10937.778770938698,181.33232769760363
epigenomics_8059_map_219,10880.353453631056,187.51309485823066
epigenomics_8059_map_220,9886.495300381825,181.50381098639312
epigenomics_8059_map_221,8949.29518990037,183.04727002182355
epigenomics_8059_map_222,9623.171983136013,193.96769190307538
epigenomics_8059_map_223,9552.742747765678,182.77526250522567
epigenomics_8059_map_224,9387.281164999335,191.56250381427247
epigenomics_8059_map_225,10042.536321383503,189.5153409667144
epigenomics_8059_map_226,10190.382714375486,188.83975112868268
epigenomics_8059_map_227,9553.925656487496,181.07330215864144
epigenomics_8059_map_228,10498.972607819904,187.75366687337416
epigenomics_8059_map_229,9386.851611580216,189.81165508531714
epigenomics_8059_map_230,10241.780690868434,189.70204975920643
epigenomics_8059_map_231,9056.631709004278,185.4292897842185
epigenomics_8059_map_232,9122.738622355859,179.50902041135362
epigenomics_8059_map_233,9669.368570633294,183.4156770616987
epigenomics_8059_map_234,9717.56737003956,186.20933338647197
epigenomics_8059_map_235,10612.605569677244,187.3960878599207
epigenomics_8059_map_236,9541.974902041566,178.73432534925172
epigenomics_8059_map_237,10661.82706800959,183.4523338291104
epigenomics_8059_map_238,9545.4952906974,181.98065213922746
epigenomics_8059_map_239,9855.937078532388,184.81923091820528
epigenomics_8059_map_240,10227.389889909593,185.51319752775171
epigenomics_8059_map_241,9909.095917752225,190.87209856284377
epigenomics_8059_map_242,10494.248308813914,188.48481419841184
epigenomics_8059_map_243,9955.76485428162,182.5883586818904
epigenomics_8059_map_244,10327.708793562415,180.0106494847893
epigenomics_8059_map_245,9531.530360837125,187.3745242541621
epigenomics_8059_map_246,10068.325708569488,185.8661666798054
epigenomics_8059_map_247,9919.165929035555,185.43170152818342
epigenomics_8059_map_248,10218.280269277917,175.12580848768266
epigenomics_8059_map_249,9535.26458715812,185.93719304125526
epigenomics_8059_map_250,10117.325332693603,182.13412785651892
epigenomics_8059_map_251,9759.89072192973,174.60359097841467
epigenomics_8059_map_252,10134.192853840701,185.29080724740803
epigenomics_8059_map_253,11046.575306700324,180.9845744841648
epigenomics_8059_map_254,9221.143221970093,179.38707601176665
epigenomics_8059_map_255,10215.901103748001,183.30749650423925
epigenomics_8059_map_256,10599.950565413596,183.5122584929056
epigenomics_8059_map_257,9959.280520266264,186.39039864129435
epigenomics_8059_map_258,9245.804676608548,183.0857894353212
epigenomics_8059_map_259,10691.293338792158,179.90997625522044
epigenomics_8059_map_260,10258.686090877454,181.7220164149327
epigenomics_8059_map_261,9757.46895848594,183.34007630976768
epigenomics_8059_map_262,9823.911381577873,183.4843266525605
epigenomics_8059_map_263,10219.474305414999,184.0881788914838
epigenomics_8059_map_264,10436.063855411432,179.7150669555001
epigenomics_8059_map_265,10542.109086830867,182.66097023949916
epigenomics_8059_map_266,10914.523313215,185.93380665760552
epigenomics_8059_map_267,10393.578783124945,182.22842709832386
epigenomics_8059_map_268,10115.487986632197,184.54133440918562
epigenomics_8059_map_269,10223.619900368467,178.27928482884366
epigenomics_8059_map_270,9034.97378111587,190.3817356492006
epigenomics_8059_map_271,9722.895464005362,187.15008533603176
epigenomics_8059_map_272,8909.140546253751,186.011992099562
epigenomics_8059_map_273,9614.430002090117,187.0276145232457
epigenomics_8059_map_274,9714.851507344563,189.86392273640138
epigenomics_8059_map_275,9337.2167881192,183.90729513024237
epigenomics_8059_map_276,10088.491058999456,188.21685485602995
epigenomics_8059_map_277,9217.113534891592,195.20582148950825
epigenomics_8059_map_278,9911.474459805451,183.08167592372308
epigenomics_8059_map_279,9621.204018692217,190.23393664863173
epigenomics_8059_map_280,9216.325058593276,186.8322733391245
epigenomics_8059_map_281,8811.296294456453,194.06334484379647
epigenomics_8059_map_282,10047.311807067737,185.09133996549787
epigenomics_8059_map_283,10132.56563216099,186.42735409967275
epigenomics_8059_map_284,11052.31300381884,178.50065506342452
epigenomics_8059_map_285,9446.247311832713,189.02250577702065
epigenomics_8059_map_286,10314.61115318407,187.93917174671037
epigenomics_8059_map_287,9498.543358234074,186.35873228072222
epigenomics_8059_map_288,9883.869701180312,192.91661025390553
epigenomics_8059_map_289,10596.015950155195,186.0838066671739
epigenomics_8059_map_290,9552.552626226507,187.24832590497786
epigenomics_8059_map_291,9598.59924259902,179.99860014369662
epigenomics_8059_map_292,9877.357831749661,175.1002027260568
epigenomics_8059_map_293,10135.054959013314,188.62605584648847
epigenomics_8059_map_294,9793.200000401821,177.62420218521356
epigenomics_8059_map_295,10253.565359313927,190.64256881318852
epigenomics_8059_map_296,9544.78179451911,185.22101450404313
epigenomics_8059_map_297,10038.984416139287,185.17806350336355
epigenomics_8059_map_298,9714.533729969038,180.72732825678247
epigenomics_8059_map_299,10401.02242751896,180.91233188452023
epigenomics_8059_map_300,10530.197932542625,178.6348191388216
epigenomics_8059_map_301,10750.252938627262,189.46795415618317
epigenomics_8059_map_302,10234.276418404652,181.71049584736758
epigenomics_8059_map_303,10442.815807565585,187.1100257076304
epigenomics_8059_map_304,9051.361186318181,183.32775952666552
epigenomics_8059_map_305,9936.120635591375,181.2682574700118
epigenomics_8059_map_306,10617.578308161017,188.39992977671528
epigenomics_8059_map_307,9919.98770076801,191.74426498099857
epigenomics_8059_map_308,9535.481467576943,185.6623289595913
epigenomics_8059_map_309,9753.091516851307,188.06440601496797
epigenomics_8059_map_310,10022.105123334602,177.85667996149397
epigenomics_8059_map_311,10340.570701849314,181.48937341500164
epigenomics_8059_map_312,11161.068719563142,188.36732311612903
epigenomics_8059_map_313,10215.956522940553,183.4479664371361
epigenomics_8059_map_314,9476.908341192517,192.795725035567
epigenomics_8059_map_315,9748.238694491805,187.1704596067867
epigenomics_8059_map_316,9833.903582937968,183.42113379546095
epigenomics_8059_map_317,9508.668322199062,184.078014397351
epigenomics_8059_map_318,10532.696974484708,181.86565806357612
epigenomics_8059_map_319,8914.903128699203,191.4592309966857
epigenomics_8059_map_320,10113.296242590908,184.10533290539828
epigenomics_8059_map_321,9299.000624535422,179.53630966577694
epigenomics_8059_map_322,10135.635172739312,173.0231536201708
epigenomics_8059_map_323,10347.7452954043,184.29496462919812
epigenomics_8059_map_324,9060.658263846992,194.34139954932132
epigenomics_8059_map_325,9313.494677919229,173.97935268012125
epigenomics_8059_map_326,10301.759353376568,191.08083792112532
epigenomics_8059_map_327,9739.945261053716,186.31652530853032
epigenomics_8059_map_328,10481.001180930592,177.14857763597982
epigenomics_8059_map_329,10520.229992301394,185.94575139471522
epigenomics_8059_map_330,9191.205325964582,185.08059553756013
epigenomics_8059_map_331,9201.888594367598,192.6731011242715
epigenomics_8059_map_332,9971.21140747355,181.29461110810988
epigenomics_8059_map_333,10103.850352237372,201.22608682036844
epigenomics_8059_map_334,9872.824282058775,189.39357495970205
epigenomics_8059_map_335,9831.157638407552,185.87606137671335
epigenomics_8059_map_336,9478.200191468344,180.19671406622174
epigenomics_8059_map_337,10490.526968169846,186.0286711747106
epigenomics_8059_map_338,9963.025895663772,187.26441909292723
epigenomics_8059_map_339,9998.226177530898,187.89346395954794
epigenomics_8059_map_340,10081.55576432324,181.20714750761684
epigenomics_8059_map_341,10162.506041859242,183.12582179564535
epigenomics_8059_map_342,10259.175689318141,189.88673017652258
epigenomics_8059_map_343,10110.005529357413,175.8569712581547
epigenomics_8059_map_344,10258.807674072255,186.17886234826955
epigenomics_8059_map_345,10007.656452024703,186.22395188289653
epigenomics_8059_map_346,9769.02372252725,188.35276728942372
epigenomics_8059_map_347,10036.836467933777,186.27392241459452
epigenomics_8059_map_348,9907.495398944564,192.04939647687448
epigenomics_8059_map_349,9508.290351927933,183.81839205718742
epigenomics_8059_map_350,8842.58516527536,186.3516422773571
epigenomics_8059_map_351,10100.601551556445,186.59364623212522
epigenomics_8059_map_352,11471.783129206484,180.78212866097206
epigenomics_8059_map_353,9108.779834072671,189.1626806139142
epigenomics_8059_map_354,10598.100172288789,177.98943750183636
epigenomics_8059_map_355,9662.123444113939,187.7935754274425
epigenomics_8059_map_356,10531.333858827758,177.94107577192128
epigenomics_8059_map_357,9726.56032371329,175.25055525362674
epigenomics_8059_map_358,9969.691197189935,185.1697989097915
epigenomics_8059_map_359,10574.352793819768,187.13003607542146
epigenomics_8059_map_360,8759.055091316106,181.01547345599116
epigenomics_8059_map_361,10370.273125123254,195.73648441311568
epigenomics_8059_map_362,9615.555119876624,176.52850630390262
epigenomics_8059_map_363,9992.366742924289,190.64920670979905
epigenomics_8059_map_364,9115.544132485045,174.4255717689903
epigenomics_8059_map_365,9349.32954271747,189.00975687139163
epigenomics_8059_map_366,10265.060436926027,190.44267686389423
epigenomics_8059_map_367,9982.839369792924,185.67002507108108
epigenomics_8059_map_368,9362.743306685968,175.33167948287758
epigenomics_8059_map_369,10426.661718333968,188.28999529363122
epigenomics_8059_map_370,9777.733497137639,186.48835308453553
epigenomics_8059_map_371,10069.723920715116,177.81802572980826
epigenomics_8059_map_372,9546.564569108155,183.16844317971282
epigenomics_8059_map_373,10027.93325034509,179.2811947277175
epigenomics_8059_map_374,10915.296538901475,188.64240169666405
epigenomics_8059_map_375,10155.763131748019,183.77939767828062
epigenomics_8059_map_376,9507.264162402374,191.06549064485893
epigenomics_8059_map_377,10389.936366006561,186.82419808147256
epigenomics_8059_map_378,9655.048190832273,183.27551773096783
epigenomics_8059_map_379,10423.42851819032,186.3991666052303
epigenomics_8059_map_380,10000.685605814411,187.4090312805631
epigenomics_8059_map_381,9954.120922338832,195.41568443722272
epigenomics_8059_map_382,10123.809978817306,187.94403038924295
epigenomics_8059_map_383,10206.755825758615,180.64037915843485
epigenomics_8059_map_384,9530.618346094885,180.4864912192949
epigenomics_8059_map_385,9599.766908160665,187.81236796190697
epigenomics_8059_map_386,9503.867821221107,184.8815382681816
epigenomics_8059_map_387,9208.219800480912,178.02668277112744
epigenomics_8059_map_388,10056.227917824546,198.46574805230193
epigenomics_8059_map_389,9993.377177296994,177.94153009627618
epigenomics_8059_map_390,9016.561652188531,194.91381315616513
epigenomics_8059_map_391,9782.349085505175,183.5875469540659
epigenomics_8059_map_392,10552.161499994525,190.02571410974258
epigenomics_8059_map_393,9439.785253263,181.87016596157403
epigenomics_8059_map_394,10102.838537362171,181.26043923362786
epigenomics_8059_map_395,10656.465333991215,186.39323616759114
epigenomics_8059_map_396,9667.455212250585,190.89356090990873
epigenomics_8059_map_397,9121.802825505003,177.86845544506807
epigenomics_8059_map_398,9320.061479087006,185.83031299119637
epigenomics_8059_map_399,10189.252831471653,179.56043689209582
epigenomics_8059_map_400,10187.383239782728,169.8385221849221
epigenomics_8059_map_401,9491.972875164323,182.44515396908812
epigenomics_8059_map_402,9039.823597111195,181.04724678701538
epigenomics_8059_map_403,10216.826338012821,182.28577278723176
epigenomics_8059_map_404,9380.354702902041,175.63778085023898
epigenomics_8059_map_405,9842.329869845993,183.45270155516386
epigenomics_8059_map_406,9766.499660472376,189.4415670913727
epigenomics_8059_map_407,10053.483928648482,191.0572007852816
epigenomics_8059_map_408,10474.502236338723,187.92768902268864
epigenomics_8059_map_409,10286.503065420331,184.95241824414455
epigenomics_8059_map_410,10007.058051917345,190.51257505516017
epigenomics_8059_map_411,9748.610485018322,192.79231988628962
epigenomics_8059_map_412,9583.69923711811,184.3965303148682
epigenomics_8059_map_413,9343.833521081602,180.04959338689326
epigenomics_8059_map_414,9514.84070858145,175.1111247943549
epigenomics_8059_map_415,10490.55238071629,188.41056146669644
epigenomics_8059_map_416,8715.457176125412,180.36944633598566
epigenomics_8059_map_417,11214.006556672482,188.1341071419743
epigenomics_8059_map_418,9819.227712810629,195.567658418704
epigenomics_8059_map_419,9582.798822847124,184.3556031203203
epigenomics_8059_map_420,8857.42463525588,183.18095891269834
epigenomics_8059_map_421,10751.535098968994,183.25505602533514
epigenomics_8059_map_422,9004.65699731328,182.45337718650384
epigenomics_8059_map_423,9442.264248372634,183.92893268188146
epigenomics_8059_map_424,10231.94137080817,192.4472067617046
epigenomics_8059_map_425,10454.816798084908,179.43280516658157
epigenomics_8059_map_426,9546.795481256604,195.52561375541507
epigenomics_8059_map_427,10644.68757384227,184.86759538971472
epigenomics_8059_map_428,10630.587737577509,185.17152791118562
epigenomics_8059_map_429,10003.09862178285,180.2934706870218
epigenomics_8059_map_430,10332.213429135825,181.10674884423145
epigenomics_8059_map_431,9371.915372701113,191.63963254647342
epigenomics_8059_map_432,9384.605325533144,191.84904194886906
epigenomics_8059_map_433,10630.427114542708,182.74878667940172
epigenomics_8059_map_434,10664.356744177725,181.15954179995435
epigenomics_8059_map_435,10198.97437448488,181.45085375663965
epigenomics_8059_map_436,9642.89493294927,178.04235930008983
epigenomics_8059_map_437,10146.98807388278,196.40879756890226
epigenomics_8059_map_438,9997.04125103854,186.9809486383757
epigenomics_8059_map_439,10101.336027132798,192.93581160773797
epigenomics_8059_map_440,8953.565661057215,167.4255437680356
epigenomics_8059_map_441,10456.301900932729,177.85387546109888
epigenomics_8059_map_442,9290.524659575514,182.36555475818597
epigenomics_8059_map_443,9497.223083476005,183.95948110055252
epigenomics_8059_map_444,10174.715367627348,191.24140096851832
epigenomics_8059_map_445,10328.978336089003,191.75883130737233
epigenomics_8059_map_446,11128.96543019804,191.26734170479708
epigenomics_8059_map_447,10234.501982892922,190.08711465221094
epigenomics_8059_map_448,10230.417440909518,187.74705515816194
epigenomics_8059_map_449,10358.432254421768,187.51051353969928
epigenomics_8059_map_450,9503.168324642382,184.06315773328745
epigenomics_8059_map_451,9287.97192448491,188.01863780815916
epigenomics_8059_map_452,9214.700773783221,192.76296647407827
epigenomics_8059_map_453,10594.249881044927,182.27537527055998
epigenomics_8059_map_454,10589.958877839861,187.37828856509213
epigenomics_8059_map_455,10178.532645908334,191.06505245839483
epigenomics_8059_map_456,10061.829951233489,191.94334231716155
epigenomics_8059_map_457,9741.496822220088,189.95514829105707
epigenomics_8059_map_458,9633.662853131613,182.19762590956378
epigenomics_8059_map_459,11186.023744270855,172.75589007397517
epigenomics_8059_map_460,10510.687917486686,187.88602162355716
epigenomics_8059_map_461,10537.031010051614,191.45221490413195
epigenomics_8059_map_462,10272.924448978456,185.15024797580546
epigenomics_8059_map_463,10855.486760965781,178.40608633514594
epigenomics_8059_map_464,10244.292065530519,178.7892915315294
epigenomics_8059_map_465,9893.265500039837,188.0122058918893
epigenomics_8059_map_466,9099.247456765623,180.68228863651197
epigenomics_8059_map_467,10842.500505569422,185.07856948665807
epigenomics_8059_map_468,10147.816319111203,186.03780927370423
epigenomics_8059_map_469,9713.270253737612,181.49218634012925
epigenomics_8059_map_470,9807.841801990833,188.3189389998967
epigenomics_8059_map_471,10593.394019655743,188.5618153805028
epigenomics_8059_map_472,10009.505357444292,185.69269151725794
epigenomics_8059_map_473,11054.062599847193,184.91771528810028
epigenomics_8059_map_474,11096.311046541734,181.16222995152793
epigenomics_8059_map_475,10020.81934509435,187.52074077194922
epigenomics_8059_map_476,9784.733020561845,187.8848416216601
epigenomics_8059_map_477,9772.101830334599,191.06942433517213
epigenomics_8059_map_478,9830.701563443145,198.29814823563134
epigenomics_8059_map_479,9314.338626804176,182.68196830099006
epigenomics_8059_map_480,9758.972110411554,190.98271590967192
epigenomics_8059_map_481,9288.6960713188,185.44514277887438
epigenomics_8059_map_482,10032.557843287685,185.78230812262345
epigenomics_8059_map_483,10869.258558364465,193.95275088987307
epigenomics_8059_map_484,9314.39088112655,191.9269242219705
epigenomics_8059_map_485,9341.574304786296,181.33823503410943
epigenomics_8059_map_486,9678.572052679028,182.3176103709547
epigenomics_8059_map_487,9440.7832693462,184.6443255672185
epigenomics_8059_map_488,9735.979840935088,183.0494007131536
epigenomics_8059_map_489,10231.74737576426,188.7920537485669
epigenomics_8059_map_490,10559.213171596371,196.845564518517
epigenomics_8059_map_491,10168.595640404106,185.15340292382066
epigenomics_8059_map_492,10082.907970956247,183.45991384453174
epigenomics_8059_map_493,9985.864401114664,183.63335547171624
epigenomics_8059_map_494,10700.693442565387,193.80836284873305
epigenomics_8059_map_495,10262.297355559722,182.04679565029508
epigenomics_8059_map_496,10311.871170809258,181.7102513265906
epigenomics_8059_map_497,9436.676365099069,175.24815152034662
epigenomics_8059_map_498,9838.81881625914,186.5240472482775
epigenomics_8059_map_499,10009.589952411328,179.86419910289578
epigenomics_8059_mapMerge1_0,108.81801478054508,113.0621978321223
epigenomics_8059_mapMerge1_1,109.56310437135987,124.40400131499278
epigenomics_8059_mapMerge2_0,137.2135077346317,133.14677581521195
epigenomics_8059_chr21_0,110.14369847002943,62.47819804147523
epigenomics_8059_pileup_0,228.15257781527933,97.34105771859637
