request,latency,mem
epigenomics_7305_entry_0,1.0,1.0
epigenomics_7305_fastqSplit_0,58.93927553148076,102.53483027780088
epigenomics_7305_fastqSplit_1,49.68553196518238,119.59323882272204
epigenomics_7305_filterContams_0,14.30158205656545,80.1620790620071
epigenomics_7305_filterContams_1,17.808077802878213,71.72595450927174
epigenomics_7305_filterContams_2,21.216253358539692,60.60011355725993
epigenomics_7305_filterContams_3,18.996770526645353,66.11617338088934
epigenomics_7305_filterContams_4,27.393435766025213,78.03790918481984
epigenomics_7305_filterContams_5,16.98917333257709,69.87761090898145
epigenomics_7305_filterContams_6,19.49109237306384,69.12709623691616
epigenomics_7305_filterContams_7,19.78349908977594,64.34267447243114
epigenomics_7305_filterContams_8,17.637682066936097,50.155393325199384
epigenomics_7305_filterContams_9,20.849647645740017,44.92075250494352
epigenomics_7305_filterContams_10,17.176963188493357,56.6137023722209
epigenomics_7305_filterContams_11,18.638342693873724,58.302487708992565
epigenomics_7305_filterContams_12,18.789861479442536,52.932549325393865
epigenomics_7305_filterContams_13,16.729405221529206,67.87298213508546
epigenomics_7305_filterContams_14,20.119861740232693,70.86472834254191
epigenomics_7305_filterContams_15,15.295036277536916,62.817706333798114
epigenomics_7305_filterContams_16,18.435759915437483,52.5878559582505
epigenomics_7305_filterContams_17,22.352277265348718,75.60077315771741
epigenomics_7305_filterContams_18,16.41319867355468,70.28343988162584
epigenomics_7305_filterContams_19,24.453499262588238,60.30131904938357
epigenomics_7305_filterContams_20,23.62687830817658,81.81886138492293
epigenomics_7305_filterContams_21,20.199341406768774,72.92816997317473
epigenomics_7305_filterContams_22,20.65661612364529,71.00731311879679
epigenomics_7305_filterContams_23,14.09001955456143,77.00304131843241
epigenomics_7305_filterContams_24,20.45915681440026,73.73615846668966
epigenomics_7305_filterContams_25,15.11368571274304,69.33927721758508
epigenomics_7305_filterContams_26,22.040295789646034,70.5598892279335
epigenomics_7305_filterContams_27,19.045904641555374,67.93642776926188
epigenomics_7305_filterContams_28,14.885174716192484,56.23274558932482
epigenomics_7305_filterContams_29,18.409628802000224,90.9328701381192
epigenomics_7305_filterContams_30,23.200953601998428,67.97935811840043
epigenomics_7305_filterContams_31,21.987018701867182,63.545167981424534
epigenomics_7305_filterContams_32,19.446886402240537,58.086390807218166
epigenomics_7305_filterContams_33,19.812730322876835,52.27688933799081
epigenomics_7305_filterContams_34,16.225012255883712,55.66253138378065
epigenomics_7305_filterContams_35,15.881426597430469,69.94639716151865
epigenomics_7305_filterContams_36,18.439636917073337,63.276049094050045
epigenomics_7305_filterContams_37,22.24671861997772,58.90840804164671
epigenomics_7305_filterContams_38,24.006516516048123,73.63042792608991
epigenomics_7305_filterContams_39,26.357472554646822,56.47899049686353
epigenomics_7305_filterContams_40,18.627932181682134,66.81717389534093
epigenomics_7305_filterContams_41,23.141222636363437,79.46035751639928
epigenomics_7305_filterContams_42,17.596506457371287,61.69823190703529
epigenomics_7305_filterContams_43,24.037408470303276,56.81988440540159
epigenomics_7305_filterContams_44,16.466891860046495,57.749773272611925
epigenomics_7305_filterContams_45,25.10497794405794,52.01516461155592
epigenomics_7305_filterContams_46,20.530494165761084,76.10758235037541
epigenomics_7305_filterContams_47,23.767779141746967,61.787977375393396
epigenomics_7305_filterContams_48,24.359528609496365,60.07826535858352
epigenomics_7305_filterContams_49,16.085760710335197,74.9605892702668
epigenomics_7305_filterContams_50,19.664645638160124,68.93483748582521
epigenomics_7305_filterContams_51,24.904387450312655,65.02276537261898
epigenomics_7305_filterContams_52,18.172935599947426,65.30572837905284
epigenomics_7305_filterContams_53,19.116786844637534,57.54230357232473
epigenomics_7305_filterContams_54,16.428612608741723,61.51774412932944
epigenomics_7305_filterContams_55,23.424723080924498,55.40486198978243
epigenomics_7305_filterContams_56,19.63728603748633,62.800873571669634
epigenomics_7305_filterContams_57,26.120391236814115,69.2486762435798
epigenomics_7305_filterContams_58,18.41146638729834,51.9461751713647
epigenomics_7305_filterContams_59,20.595909506652543,74.06820999964805
epigenomics_7305_filterContams_60,22.105622113729183,59.3815662129471
epigenomics_7305_filterContams_61,18.692358354599385,60.917633366975664
epigenomics_7305_filterContams_62,23.477823678951562,72.83634149224436
epigenomics_7305_filterContams_63,13.261822497588806,77.30004485655948
epigenomics_7305_filterContams_64,14.839440861801917,73.16212756112735
epigenomics_7305_filterContams_65,21.8692308300051,51.83714093736579
epigenomics_7305_filterContams_66,15.140296954641823,83.45784188106217
epigenomics_7305_filterContams_67,17.68464585896637,66.04395503051188
epigenomics_7305_filterContams_68,18.073551948288888,68.15691944231345
epigenomics_7305_filterContams_69,16.314233950837817,63.17747247601302
epigenomics_7305_filterContams_70,22.57254598307034,80.6468173654922
epigenomics_7305_filterContams_71,20.32921827091934,68.09902917073401
epigenomics_7305_filterContams_72,21.557248837798127,74.06168868551657
epigenomics_7305_filterContams_73,20.443736337569376,60.67583256804019
epigenomics_7305_filterContams_74,19.151453815613138,70.18695620182532
epigenomics_7305_filterContams_75,22.39266966739051,73.40730976168413
epigenomics_7305_filterContams_76,17.546981635770965,80.7373744258885
epigenomics_7305_filterContams_77,17.992745721877412,65.14915464495056
epigenomics_7305_filterContams_78,19.52616914670818,52.523405580690905
epigenomics_7305_filterContams_79,18.90863347734453,68.70897452004013
epigenomics_7305_filterContams_80,16.188693252956057,63.36766612623357
epigenomics_7305_filterContams_81,22.153002425235613,53.24783692170183
epigenomics_7305_filterContams_82,20.45373056942047,61.73899744295211
epigenomics_7305_filterContams_83,19.325621474494987,61.88301432504144
epigenomics_7305_filterContams_84,17.457070577921435,50.90106554589089
epigenomics_7305_filterContams_85,26.221996062122432,72.08561373804235
epigenomics_7305_filterContams_86,22.6150795090729,72.99476902294
epigenomics_7305_filterContams_87,23.96620768000402,59.270575869145645
epigenomics_7305_filterContams_88,17.669342440584067,61.21819352236906
epigenomics_7305_filterContams_89,19.776784088639477,55.573228959650805
epigenomics_7305_filterContams_90,20.80634049215138,63.485389925640575
epigenomics_7305_filterContams_91,20.511425145896894,79.15763115276204
epigenomics_7305_filterContams_92,22.262655057341668,59.032428913861224
epigenomics_7305_filterContams_93,13.658196429978322,62.41213055332966
epigenomics_7305_filterContams_94,17.890632977045243,64.63493285690588
epigenomics_7305_filterContams_95,18.90319082996871,62.63745597386915
epigenomics_7305_filterContams_96,20.10322859861688,66.39944822859282
epigenomics_7305_filterContams_97,24.692913836829756,70.9462454469555
epigenomics_7305_filterContams_98,22.56987767881506,59.54157621181917
epigenomics_7305_filterContams_99,24.32246311887601,64.35285873346544
epigenomics_7305_filterContams_100,18.159908968897224,62.76308906247257
epigenomics_7305_filterContams_101,27.269840107644583,65.09107732618274
epigenomics_7305_filterContams_102,21.959654519543378,63.797692799734456
epigenomics_7305_filterContams_103,23.879321608780717,70.81678790618273
epigenomics_7305_filterContams_104,19.702789132004806,49.750110981957384
epigenomics_7305_filterContams_105,15.783921627249113,59.76454718041418
epigenomics_7305_filterContams_106,24.166616921206526,53.51649543259305
epigenomics_7305_filterContams_107,22.11659146674095,63.3617154615333
epigenomics_7305_filterContams_108,26.147996128211318,64.96195741345792
epigenomics_7305_filterContams_109,20.017509554014286,71.33295065702663
epigenomics_7305_filterContams_110,22.12840016755471,57.645500753299594
epigenomics_7305_filterContams_111,21.345432886544938,53.65150505264079
epigenomics_7305_filterContams_112,18.475910109559294,57.35263691127876
epigenomics_7305_filterContams_113,16.20270484013292,63.81535002104835
epigenomics_7305_filterContams_114,15.753867191951977,75.17896092139307
epigenomics_7305_filterContams_115,22.279834914812803,64.90714385773606
epigenomics_7305_filterContams_116,20.37817077119276,59.469988674360394
epigenomics_7305_filterContams_117,21.502311515700207,77.94344054502804
epigenomics_7305_filterContams_118,18.970210691538604,66.60010425106682
epigenomics_7305_filterContams_119,23.180421960218116,69.61630294218833
epigenomics_7305_filterContams_120,17.603214166378027,76.64132495820323
epigenomics_7305_filterContams_121,18.328975273008925,71.57210381928077
epigenomics_7305_filterContams_122,15.761635704633992,55.00644479244423
epigenomics_7305_filterContams_123,21.071179204325425,68.56398155063275
epigenomics_7305_filterContams_124,20.688704724164815,72.307917233279
epigenomics_7305_filterContams_125,15.14848888961285,62.435425972205984
epigenomics_7305_filterContams_126,26.344161129054097,63.25026711938474
epigenomics_7305_filterContams_127,16.293377547079373,60.60639769155927
epigenomics_7305_filterContams_128,18.89197497165152,51.33741128689566
epigenomics_7305_filterContams_129,20.098016241921517,60.482243514134495
epigenomics_7305_filterContams_130,23.196068944658375,68.24017654442098
epigenomics_7305_filterContams_131,17.810872868053504,66.00232725083906
epigenomics_7305_filterContams_132,24.600303097647217,73.45475063544009
epigenomics_7305_filterContams_133,20.48824418549441,59.82049331345538
epigenomics_7305_filterContams_134,19.993564498385645,51.339594364866834
epigenomics_7305_filterContams_135,22.198518665256962,64.49442687227368
epigenomics_7305_filterContams_136,16.168173211557367,77.11989844152826
epigenomics_7305_filterContams_137,17.282567577005302,65.52977334679872
epigenomics_7305_filterContams_138,30.524315445362475,82.00945816018853
epigenomics_7305_filterContams_139,28.4752580402825,82.83905023148155
epigenomics_7305_filterContams_140,21.499612349690878,58.591693489821495
epigenomics_7305_filterContams_141,26.104742948678002,59.063986210707405
epigenomics_7305_filterContams_142,10.8902675497555,71.40773085026585
epigenomics_7305_filterContams_143,17.71256445952956,74.82310127633349
epigenomics_7305_filterContams_144,20.10836088458795,83.58866511699449
epigenomics_7305_filterContams_145,19.59146788287116,61.02307829000867
epigenomics_7305_filterContams_146,16.520914436341954,73.08992059440934
epigenomics_7305_filterContams_147,18.56012899037742,55.581270239520016
epigenomics_7305_filterContams_148,19.184127238342434,72.38999051516548
epigenomics_7305_filterContams_149,17.16890424463729,66.6121641173754
epigenomics_7305_filterContams_150,27.93009023542126,57.09380806535001
epigenomics_7305_filterContams_151,19.74437522813872,74.61655009662627
epigenomics_7305_filterContams_152,21.23070930495949,58.709530076362974
epigenomics_7305_filterContams_153,18.228074368347357,77.33521126189363
epigenomics_7305_filterContams_154,18.348922778575318,65.85826377799397
epigenomics_7305_filterContams_155,20.492236011216093,52.11635491573922
epigenomics_7305_filterContams_156,22.185472109618892,68.11698629897745
epigenomics_7305_filterContams_157,19.599843713764066,62.15822711067206
epigenomics_7305_filterContams_158,19.333130789810504,71.95720197836695
epigenomics_7305_filterContams_159,23.309021016080308,61.41856411494703
epigenomics_7305_filterContams_160,20.29775274172432,64.75533470771549
epigenomics_7305_filterContams_161,23.344990928297307,65.87420792801906
epigenomics_7305_filterContams_162,20.122597845136923,73.70724893709807
epigenomics_7305_filterContams_163,17.413488681735075,68.14781568364783
epigenomics_7305_filterContams_164,17.9548532535494,60.89995170038383
epigenomics_7305_filterContams_165,13.27807131921687,78.65782792447548
epigenomics_7305_filterContams_166,21.845762531846223,70.07909384532465
epigenomics_7305_filterContams_167,20.375379171488703,65.21839338487432
epigenomics_7305_filterContams_168,14.053034928217896,66.7255057631272
epigenomics_7305_filterContams_169,20.312784169513463,72.79668930614031
epigenomics_7305_filterContams_170,15.739813327486072,70.26499899634561
epigenomics_7305_filterContams_171,20.023373487923042,66.57135316098832
epigenomics_7305_filterContams_172,20.333752469476476,68.736864923945
epigenomics_7305_filterContams_173,22.945214559544603,64.65838904763565
epigenomics_7305_filterContams_174,21.376711092686683,63.24424014701032
epigenomics_7305_filterContams_175,17.156214750618954,75.39258210866623
epigenomics_7305_filterContams_176,23.75047378170544,47.73433619114279
epigenomics_7305_filterContams_177,19.093284084247227,58.71883862408164
epigenomics_7305_filterContams_178,14.850291643026615,64.26909474695279
epigenomics_7305_filterContams_179,25.93704957861543,47.72723111954597
epigenomics_7305_filterContams_180,20.952490050310598,70.83911908145242
epigenomics_7305_filterContams_181,22.876943352993205,61.455826354332835
epigenomics_7305_filterContams_182,23.39202856491851,53.526887050973045
epigenomics_7305_filterContams_183,17.654962266197693,65.24474260245385
epigenomics_7305_filterContams_184,21.224765694009065,63.424290911035335
epigenomics_7305_filterContams_185,20.209449943816644,66.3545257836484
epigenomics_7305_filterContams_186,22.95659716139184,76.64777279953293
epigenomics_7305_filterContams_187,15.810954431257414,59.8499107740273
epigenomics_7305_filterContams_188,24.589575944768427,81.10771027358746
epigenomics_7305_filterContams_189,25.190547727715927,54.86356022143149
epigenomics_7305_filterContams_190,18.36056241997203,58.15659724102491
epigenomics_7305_filterContams_191,22.072582632416655,49.952336156455885
epigenomics_7305_filterContams_192,19.875269734758717,62.89610009068405
epigenomics_7305_filterContams_193,18.08920150835405,61.382050108319504
epigenomics_7305_filterContams_194,18.98992283330748,56.009810563807974
epigenomics_7305_filterContams_195,19.854681535834633,68.04137078625405
epigenomics_7305_filterContams_196,17.29094492138278,68.07625968145042
epigenomics_7305_filterContams_197,20.047405989496422,77.2967859789738
epigenomics_7305_filterContams_198,19.167650687369015,69.57102113768215
epigenomics_7305_filterContams_199,24.13389049594484,48.60638108433223
epigenomics_7305_filterContams_200,19.620054282173474,62.900213591800295
epigenomics_7305_filterContams_201,20.797653538600414,72.81641960848562
epigenomics_7305_filterContams_202,21.152962766802,70.52566138272212
epigenomics_7305_filterContams_203,16.960722320820057,58.41695582177626
epigenomics_7305_filterContams_204,19.472576582628115,75.4737933162461
epigenomics_7305_filterContams_205,19.057727019722968,75.83984956439423
epigenomics_7305_filterContams_206,22.838922281195554,58.912730449100806
epigenomics_7305_filterContams_207,20.65330685541102,71.8158674851988
epigenomics_7305_filterContams_208,15.124673228166294,50.47065965445349
epigenomics_7305_filterContams_209,21.336323759690625,47.29955556725618
epigenomics_7305_filterContams_210,23.59176772190773,84.9392374309127
epigenomics_7305_filterContams_211,23.55701145417056,66.97040552561982
epigenomics_7305_filterContams_212,14.201506153461175,71.32658936121958
epigenomics_7305_filterContams_213,18.11530600818717,52.82488169715743
epigenomics_7305_filterContams_214,19.953364184466174,57.25164949054205
epigenomics_7305_filterContams_215,22.840968968459958,61.943141108395764
epigenomics_7305_filterContams_216,23.954232167483323,79.51401887355232
epigenomics_7305_filterContams_217,25.40844134797016,71.88523445222971
epigenomics_7305_filterContams_218,20.439546549251837,70.18919694641032
epigenomics_7305_filterContams_219,23.41518279934726,60.25933756330801
epigenomics_7305_filterContams_220,22.986673166342566,71.14233898772966
epigenomics_7305_filterContams_221,17.753589706985903,75.68379188111534
epigenomics_7305_filterContams_222,19.9429502392668,68.80305945908285
epigenomics_7305_filterContams_223,21.079717599371396,57.97398000202906
epigenomics_7305_filterContams_224,20.063544917054752,66.62653560124691
epigenomics_7305_filterContams_225,18.59139151032893,62.78555580207789
epigenomics_7305_filterContams_226,24.610993796404998,56.88880422111955
epigenomics_7305_filterContams_227,18.390388883637662,63.5810705891449
epigenomics_7305_filterContams_228,27.595517901882154,69.08955073623764
epigenomics_7305_filterContams_229,16.657001920207414,67.23899522518256
epigenomics_7305_filterContams_230,19.47280977691944,62.01624354433949
epigenomics_7305_filterContams_231,17.628951096175047,55.14292598980971
epigenomics_7305_filterContams_232,19.450514791715925,66.1342973863494
epigenomics_7305_filterContams_233,17.418910833114847,66.39378036643367
epigenomics_7305_filterContams_234,20.017014406907474,57.89128408633271
epigenomics_7305_filterContams_235,21.975478673174248,66.90559529781812
epigenomics_7305_filterContams_236,16.312425085396352,53.68782255764668
epigenomics_7305_filterContams_237,20.801905840958973,74.8943224853094
epigenomics_7305_filterContams_238,15.045981457221181,66.14153778694883
epigenomics_7305_filterContams_239,13.549890742200613,63.84309838508821
epigenomics_7305_filterContams_240,19.546178942893537,64.37157218100901
epigenomics_7305_filterContams_241,22.08135628031223,65.43166373213312
epigenomics_7305_filterContams_242,25.65575270363037,51.51013998444788
epigenomics_7305_filterContams_243,23.00013292059147,71.22427349861947
epigenomics_7305_filterContams_244,19.428897539311432,53.957248064339275
epigenomics_7305_filterContams_245,17.491310536516174,59.692076130053465
epigenomics_7305_filterContams_246,21.766456661481836,77.52997021769123
epigenomics_7305_filterContams_247,19.26176518812783,57.18555421935119
epigenomics_7305_filterContams_248,19.595594029994135,62.454645048602714
epigenomics_7305_filterContams_249,21.783690633567854,60.22609296149242
epigenomics_7305_filterContams_250,19.78163864049212,58.21207138505317
epigenomics_7305_filterContams_251,23.651013444328076,72.74953670778962
epigenomics_7305_filterContams_252,20.63034316506316,73.50922130569586
epigenomics_7305_filterContams_253,21.280543565702175,76.93861955997714
epigenomics_7305_filterContams_254,20.487348138893232,75.9338211112049
epigenomics_7305_filterContams_255,19.958787736274886,65.53623054923874
epigenomics_7305_filterContams_256,24.88627067690133,69.9271279200264
epigenomics_7305_filterContams_257,21.095301067906316,62.90731170231204
epigenomics_7305_filterContams_258,15.651579442568213,63.52964552341642
epigenomics_7305_filterContams_259,20.301088143256184,67.4041513246021
epigenomics_7305_filterContams_260,22.943458870675688,67.08219822410672
epigenomics_7305_filterContams_261,19.751683511215724,57.64792038162353
epigenomics_7305_filterContams_262,23.547837813051903,59.15347847086979
epigenomics_7305_filterContams_263,21.395060448179652,65.7696201862257
epigenomics_7305_filterContams_264,20.653831099399625,75.58409108102671
epigenomics_7305_filterContams_265,20.383763364435353,82.41315267922882
epigenomics_7305_filterContams_266,18.55584540360226,74.58147163643625
epigenomics_7305_filterContams_267,13.784980628627387,64.13130329218183
epigenomics_7305_filterContams_268,14.717555511070898,59.39384351185302
epigenomics_7305_filterContams_269,25.856234510031463,59.50517105467455
epigenomics_7305_filterContams_270,19.796506371904353,52.866147737206866
epigenomics_7305_filterContams_271,22.099042179169075,71.59556530636797
epigenomics_7305_filterContams_272,25.01015553361837,59.387408562740525
epigenomics_7305_filterContams_273,16.870418919319018,57.733554810952484
epigenomics_7305_filterContams_274,17.876805823678783,51.00815276161523
epigenomics_7305_filterContams_275,17.31601008450059,61.097296459876695
epigenomics_7305_filterContams_276,16.50765082089828,79.2650596035848
epigenomics_7305_filterContams_277,18.3939695087089,57.66005229150675
epigenomics_7305_filterContams_278,18.17399013976188,51.134653256547324
epigenomics_7305_filterContams_279,17.537481698694958,66.99720572408856
epigenomics_7305_filterContams_280,21.306371561861187,67.70980153186927
epigenomics_7305_filterContams_281,19.5083225044708,80.85217421968204
epigenomics_7305_filterContams_282,24.131800851835933,60.42107177812939
epigenomics_7305_filterContams_283,21.165768435795247,68.09444799776544
epigenomics_7305_filterContams_284,17.99272566486317,64.23534570406844
epigenomics_7305_filterContams_285,18.84022835098128,64.9517830862312
epigenomics_7305_filterContams_286,20.363028094756622,71.98808668005266
epigenomics_7305_filterContams_287,21.94661266388082,72.92342943693279
epigenomics_7305_filterContams_288,17.60746137021493,65.47788959721376
epigenomics_7305_filterContams_289,20.377061364805993,76.88481101568718
epigenomics_7305_filterContams_290,22.278257788297864,50.98338626289591
epigenomics_7305_filterContams_291,23.754754111593087,59.381590191785634
epigenomics_7305_filterContams_292,21.187945718086354,80.3041039482196
epigenomics_7305_filterContams_293,19.293195350782163,57.13427603325204
epigenomics_7305_filterContams_294,22.484301561532472,73.02385234256403
epigenomics_7305_filterContams_295,18.92389537383182,78.11823193756464
epigenomics_7305_filterContams_296,21.09963771798384,70.47453186440157
epigenomics_7305_filterContams_297,18.301857659643495,67.36724421806807
epigenomics_7305_filterContams_298,20.739739484577907,71.29674840431676
epigenomics_7305_filterContams_299,15.97348914324764,53.2062771175102
epigenomics_7305_filterContams_300,24.38591007154648,59.805391480005525
epigenomics_7305_filterContams_301,23.718496700832524,64.97769258682283
epigenomics_7305_filterContams_302,21.542418975395893,47.26280496586663
epigenomics_7305_filterContams_303,22.3028295372359,60.70611578042808
epigenomics_7305_filterContams_304,20.694791900041764,53.05670166521283
epigenomics_7305_filterContams_305,21.865950667730836,67.49849423656691
epigenomics_7305_filterContams_306,18.278677468433564,72.56334154126831
epigenomics_7305_filterContams_307,18.947105202529144,70.03314070269849
epigenomics_7305_filterContams_308,21.980402548823996,77.06946035232136
epigenomics_7305_filterContams_309,23.982721921754457,81.69956497110373
epigenomics_7305_filterContams_310,15.624645250096728,69.16059809323886
epigenomics_7305_filterContams_311,16.853039797969885,66.49405248096856
epigenomics_7305_filterContams_312,18.866059725035463,67.15639924115388
epigenomics_7305_filterContams_313,23.40070253272236,78.20930750726629
epigenomics_7305_filterContams_314,14.64619046103265,56.56918798105515
epigenomics_7305_filterContams_315,18.220348685376234,78.82360491574468
epigenomics_7305_filterContams_316,19.828107514828886,64.84487852512657
epigenomics_7305_filterContams_317,21.429687879604057,55.925349145151436
epigenomics_7305_filterContams_318,22.51881167257414,66.40773772007829
epigenomics_7305_filterContams_319,19.136047226873444,64.97316158233049
epigenomics_7305_filterContams_320,15.445181400814537,51.839896576563945
epigenomics_7305_filterContams_321,23.557194390244323,48.162579771016624
epigenomics_7305_filterContams_322,20.54621527213364,64.98857754469377
epigenomics_7305_filterContams_323,15.454417312215158,78.67125380764872
epigenomics_7305_filterContams_324,18.532280868783122,65.78214168299102
epigenomics_7305_filterContams_325,21.522680431409608,54.660152086760206
epigenomics_7305_filterContams_326,20.892597879377146,56.79171882094641
epigenomics_7305_filterContams_327,22.67415768183435,56.58434868174104
epigenomics_7305_filterContams_328,20.786036714657637,59.33825447176441
epigenomics_7305_filterContams_329,14.403073585157301,68.00430474721385
epigenomics_7305_filterContams_330,22.20779376698194,63.20573970839749
epigenomics_7305_filterContams_331,17.832724201151702,56.70633288341213
epigenomics_7305_filterContams_332,23.214776176040235,67.53684435153558
epigenomics_7305_filterContams_333,22.892476291003934,74.31156606559314
epigenomics_7305_filterContams_334,28.77048013089958,73.8529348167885
epigenomics_7305_filterContams_335,21.507049563786396,61.33884397878411
epigenomics_7305_filterContams_336,20.540952840380655,59.34105351359611
epigenomics_7305_filterContams_337,18.361157933135107,75.25356225256974
epigenomics_7305_filterContams_338,21.143921825206117,60.862485396729426
epigenomics_7305_filterContams_339,20.57455777751793,66.48918650131175
epigenomics_7305_filterContams_340,16.122934582362696,83.16096883110937
epigenomics_7305_filterContams_341,18.076554587207227,69.37647157293279
epigenomics_7305_filterContams_342,19.592857024135046,67.73662636410738
epigenomics_7305_filterContams_343,19.05819553682279,53.41387375501418
epigenomics_7305_filterContams_344,11.608910736642017,66.74936520754943
epigenomics_7305_filterContams_345,21.23832014394849,61.01982634778212
epigenomics_7305_filterContams_346,14.890326897728574,54.000684050446836
epigenomics_7305_filterContams_347,21.296368416595822,62.782517238220564
epigenomics_7305_filterContams_348,14.28788648692701,76.33735526264581
epigenomics_7305_filterContams_349,16.949225450034238,60.58280163367404
epigenomics_7305_filterContams_350,17.510957350509003,60.67190604049437
epigenomics_7305_filterContams_351,25.288554060488398,76.83808353979072
epigenomics_7305_filterContams_352,25.855417802524272,55.15742593419673
epigenomics_7305_filterContams_353,20.208366119664706,74.8890229932236
epigenomics_7305_filterContams_354,20.14719731527874,63.54356306433146
epigenomics_7305_filterContams_355,24.711987806929564,73.57238472861943
epigenomics_7305_filterContams_356,20.90379180219169,69.68466778749793
epigenomics_7305_filterContams_357,25.186324080512534,84.17782099098633
epigenomics_7305_filterContams_358,19.474227727954933,69.90008171268846
epigenomics_7305_filterContams_359,17.03509951292172,63.8719730227577
epigenomics_7305_filterContams_360,22.931412170203124,77.21016161739666
epigenomics_7305_filterContams_361,14.086551268889012,63.11257191286115
epigenomics_7305_filterContams_362,18.901673546536045,59.82441011308624
epigenomics_7305_filterContams_363,21.11703015717446,55.2345722997855
epigenomics_7305_filterContams_364,20.78498444725562,64.27507441714893
epigenomics_7305_filterContams_365,24.320704340441395,52.68705074088071
epigenomics_7305_filterContams_366,20.17913413278211,62.56229218194966
epigenomics_7305_filterContams_367,13.9012722139068,76.46336624431149
epigenomics_7305_filterContams_368,26.653149919425424,50.32066189115784
epigenomics_7305_filterContams_369,23.539963426426024,64.07204444661073
epigenomics_7305_filterContams_370,17.532828952083797,63.02913114864093
epigenomics_7305_filterContams_371,24.520748304262543,74.09145453921687
epigenomics_7305_filterContams_372,22.862612589001703,61.97162669585519
epigenomics_7305_filterContams_373,22.246962085786002,68.71074894518706
epigenomics_7305_filterContams_374,19.109226961633713,69.29462959308424
epigenomics_7305_filterContams_375,20.1828379833346,72.71245504970501
epigenomics_7305_filterContams_376,21.326986420724634,74.71075599149593
epigenomics_7305_filterContams_377,14.498606108391014,56.58954603357176
epigenomics_7305_filterContams_378,24.35283126578706,61.01328382886952
epigenomics_7305_filterContams_379,19.400098907706678,57.469040912948905
epigenomics_7305_filterContams_380,20.128101314829404,58.63951288117384
epigenomics_7305_filterContams_381,20.355609910731136,66.60136424205409
epigenomics_7305_filterContams_382,21.422831565621056,73.16385681789438
epigenomics_7305_filterContams_383,19.629675518810426,69.45252362474005
epigenomics_7305_filterContams_384,25.8223985475707,63.966286492921924
epigenomics_7305_filterContams_385,18.954855636028768,61.553329416729966
epigenomics_7305_filterContams_386,14.841378584290087,70.81562879507469
epigenomics_7305_filterContams_387,23.971219118035215,77.77866277908824
epigenomics_7305_filterContams_388,20.004087841446875,66.88760400848359
epigenomics_7305_filterContams_389,17.393115464982053,72.08733910828451
epigenomics_7305_filterContams_390,20.460861683488513,45.90588376103197
epigenomics_7305_filterContams_391,17.907946098717126,58.15063460685954
epigenomics_7305_filterContams_392,20.97044243084173,79.81512682706742
epigenomics_7305_filterContams_393,17.49621738228445,58.845783886486245
epigenomics_7305_filterContams_394,20.01832594559075,68.35536987847482
epigenomics_7305_filterContams_395,25.08676679790909,52.21663177937324
epigenomics_7305_filterContams_396,12.868376123274512,58.95497946955766
epigenomics_7305_filterContams_397,17.32365081030207,73.82040005093212
epigenomics_7305_filterContams_398,22.6209720795789,67.68197794087087
epigenomics_7305_filterContams_399,20.71487550158326,62.52508945015965
epigenomics_7305_filterContams_400,22.220505264934395,71.11933751471527
epigenomics_7305_filterContams_401,17.66214944790714,54.45174712081279
epigenomics_7305_filterContams_402,22.842714754227416,63.462359963064785
epigenomics_7305_filterContams_403,15.811807685592411,63.68405081220677
epigenomics_7305_filterContams_404,15.20442485217208,68.04836798247554
epigenomics_7305_filterContams_405,12.846846485651845,64.69464755368692
epigenomics_7305_filterContams_406,21.75517557929653,67.90856019753043
epigenomics_7305_filterContams_407,19.28828793904169,67.71309305708328
epigenomics_7305_filterContams_408,24.54937668443506,62.02429409125883
epigenomics_7305_filterContams_409,26.372835910874233,61.68345431658938
epigenomics_7305_filterContams_410,22.695762875769933,61.86509804219328
epigenomics_7305_filterContams_411,18.69219609039011,73.5868775927531
epigenomics_7305_filterContams_412,20.309869269999858,73.20958044732748
epigenomics_7305_filterContams_413,17.67978970651387,55.06097915545307
epigenomics_7305_filterContams_414,18.254322323721738,62.41083722914365
epigenomics_7305_filterContams_415,17.192581182796054,73.08352890270912
epigenomics_7305_filterContams_416,17.64671911983572,61.87344287507707
epigenomics_7305_filterContams_417,13.54816762815843,68.64230858871332
epigenomics_7305_filterContams_418,17.94685138304893,52.270958667486696
epigenomics_7305_filterContams_419,17.860511398701796,72.35213306887341
epigenomics_7305_filterContams_420,24.82521440733844,62.640186085270415
epigenomics_7305_filterContams_421,21.031298782829534,76.31915059137667
epigenomics_7305_filterContams_422,17.44085569719542,55.342042435789935
epigenomics_7305_filterContams_423,21.725760842724906,55.898947479610825
epigenomics_7305_filterContams_424,14.026937143093347,66.60664755232747
epigenomics_7305_filterContams_425,20.206672693805903,66.54280827724432
epigenomics_7305_filterContams_426,15.162278011537612,61.94132351851536
epigenomics_7305_filterContams_427,18.058532484677087,69.60350702641686
epigenomics_7305_filterContams_428,21.32421010118516,62.68245521050832
epigenomics_7305_filterContams_429,17.648558898593883,53.64778965445773
epigenomics_7305_filterContams_430,17.826820342469006,52.49460352501123
epigenomics_7305_filterContams_431,25.70821012508471,75.18851482367492
epigenomics_7305_filterContams_432,17.013953148972462,62.84998814406953
epigenomics_7305_filterContams_433,20.533689870817767,85.80600168011276
epigenomics_7305_filterContams_434,18.806568764284766,63.02948986539514
epigenomics_7305_filterContams_435,19.88457429927942,47.54377546243191
epigenomics_7305_filterContams_436,21.43184618119157,73.905241277251
epigenomics_7305_filterContams_437,19.475002357943456,63.66394019192516
epigenomics_7305_filterContams_438,22.73457108804711,58.42709975488448
epigenomics_7305_filterContams_439,23.28573890356285,53.37388565943806
epigenomics_7305_filterContams_440,19.367549708176618,69.10525435142064
epigenomics_7305_filterContams_441,19.94693862533881,84.43581004772453
epigenomics_7305_filterContams_442,21.808929185444704,68.47421271139994
epigenomics_7305_filterContams_443,26.342606902794333,70.68275216400542
epigenomics_7305_filterContams_444,18.728521208161077,74.93346883065698
epigenomics_7305_filterContams_445,21.777341802938043,56.981373161694194
epigenomics_7305_filterContams_446,20.52838004961236,69.56462752142399
epigenomics_7305_filterContams_447,20.449574903821546,62.84970809144776
epigenomics_7305_filterContams_448,21.91033432558227,47.73062393595085
epigenomics_7305_filterContams_449,18.837196323267207,58.25664804910899
epigenomics_7305_filterContams_450,21.672389446762914,69.67684412457942
epigenomics_7305_filterContams_451,21.582766868593612,56.266226033279
epigenomics_7305_filterContams_452,20.057353113233116,78.823101549746
epigenomics_7305_filterContams_453,22.832340169224487,79.55218410060708
epigenomics_7305_filterContams_454,22.66366528729765,63.58497477510513
epigenomics_7305_filterContams_455,20.28390606449075,77.98089147002457
epigenomics_7305_filterContams_456,17.02416721012269,77.68250440791022
epigenomics_7305_filterContams_457,21.546831704671614,64.59766714487826
epigenomics_7305_filterContams_458,26.659267551580665,76.17677906457202
epigenomics_7305_filterContams_459,22.794367011023137,62.538515638568924
epigenomics_7305_filterContams_460,21.35473708802463,65.45866804187101
epigenomics_7305_filterContams_461,14.592213195791539,63.90475031508568
epigenomics_7305_filterContams_462,19.844981372829455,66.26360959490266
epigenomics_7305_filterContams_463,21.689679699790098,60.95373541287038
epigenomics_7305_filterContams_464,17.21374443042063,68.0146823130597
epigenomics_7305_filterContams_465,21.2390868914664,66.51651481735706
epigenomics_7305_filterContams_466,17.311447501720814,66.47438991269009
epigenomics_7305_filterContams_467,19.227194687022315,60.48788892747963
epigenomics_7305_filterContams_468,21.831238388158116,63.48882626681937
epigenomics_7305_filterContams_469,22.406181981375934,54.77193576599568
epigenomics_7305_filterContams_470,18.952581687127918,68.61461180934059
epigenomics_7305_filterContams_471,21.568683544120823,67.19204475432618
epigenomics_7305_filterContams_472,19.391149698996216,69.64594732268388
epigenomics_7305_filterContams_473,24.076253126352455,66.23329319211744
epigenomics_7305_filterContams_474,20.707345329269458,73.2937239951144
epigenomics_7305_filterContams_475,20.617325568153095,54.51907025115912
epigenomics_7305_filterContams_476,22.21358060614827,87.49742710606107
epigenomics_7305_filterContams_477,19.263066699500367,67.9824231977691
epigenomics_7305_filterContams_478,21.51515445705277,57.6767880654872
epigenomics_7305_filterContams_479,18.961430474235993,60.856579465451
epigenomics_7305_filterContams_480,22.76881574757762,71.25093281522629
epigenomics_7305_filterContams_481,14.833518760436638,78.83601400156083
epigenomics_7305_filterContams_482,20.77303325256788,56.72232171489278
epigenomics_7305_filterContams_483,23.1630489533486,58.50998178130658
epigenomics_7305_filterContams_484,17.78902610477972,46.049636939931176
epigenomics_7305_filterContams_485,21.227887654427505,62.8470954744144
epigenomics_7305_filterContams_486,22.103923908181216,76.60495511786534
epigenomics_7305_filterContams_487,18.725509604563573,74.36410436180086
epigenomics_7305_filterContams_488,21.853420529054407,71.63267740761415
epigenomics_7305_filterContams_489,21.265313588369757,63.83654004340661
epigenomics_7305_filterContams_490,18.180880128232978,78.29660806710817
epigenomics_7305_filterContams_491,23.56272055839143,73.66140410960455
epigenomics_7305_filterContams_492,18.099478866862142,64.68260954273333
epigenomics_7305_filterContams_493,19.092696176063846,60.263572681413336
epigenomics_7305_filterContams_494,21.30248508390444,66.90392051788756
epigenomics_7305_filterContams_495,19.993010188077672,69.9613719456585
epigenomics_7305_filterContams_496,14.54435475870971,69.7384302352111
epigenomics_7305_filterContams_497,23.799687000541972,69.27314461656698
epigenomics_7305_filterContams_498,18.445678983452854,61.562865371208765
epigenomics_7305_filterContams_499,20.412168754080948,59.38990674117916
epigenomics_7305_sol2sanger_0,85.7294794489039,38.48057296923304
epigenomics_7305_sol2sanger_1,88.70313823515792,52.654484064414575
epigenomics_7305_sol2sanger_2,71.51265507484284,40.44472299543019
epigenomics_7305_sol2sanger_3,87.05170598458332,50.658298406989715
epigenomics_7305_sol2sanger_4,82.45389652333812,46.160322372782616
epigenomics_7305_sol2sanger_5,85.52971326672886,46.169024842975155
epigenomics_7305_sol2sanger_6,76.17705920776444,37.95836250616922
epigenomics_7305_sol2sanger_7,80.10328565502171,39.553745100148916
epigenomics_7305_sol2sanger_8,72.64464951280694,38.08548871943041
epigenomics_7305_sol2sanger_9,89.73674899304693,35.90183397574404
epigenomics_7305_sol2sanger_10,82.67345083746058,41.76968467628901
epigenomics_7305_sol2sanger_11,81.35017143227847,54.78789138088154
epigenomics_7305_sol2sanger_12,71.69197943925839,46.19259031692844
epigenomics_7305_sol2sanger_13,78.5467573260687,35.84079877268216
epigenomics_7305_sol2sanger_14,72.13119787108573,51.84131929089259
epigenomics_7305_sol2sanger_15,74.47579790347979,39.46132313053097
epigenomics_7305_sol2sanger_16,78.73049876941074,39.07430265737614
epigenomics_7305_sol2sanger_17,84.65983438878837,44.293418290800886
epigenomics_7305_sol2sanger_18,78.65676447122745,45.3395974526698
epigenomics_7305_sol2sanger_19,78.63283248537732,42.28762774747068
epigenomics_7305_sol2sanger_20,75.43557038198007,36.66058320235159
epigenomics_7305_sol2sanger_21,84.88607021017089,45.218543354588896
epigenomics_7305_sol2sanger_22,85.09775861113742,44.86372563745202
epigenomics_7305_sol2sanger_23,76.23542336275688,43.635658489749844
epigenomics_7305_sol2sanger_24,78.23280865004186,44.84128008235741
epigenomics_7305_sol2sanger_25,76.87403832656024,51.08990107131567
epigenomics_7305_sol2sanger_26,80.22631173857677,45.19170582342732
epigenomics_7305_sol2sanger_27,80.0398023755393,62.31805312393575
epigenomics_7305_sol2sanger_28,86.04697531339686,52.01836634572143
epigenomics_7305_sol2sanger_29,86.30133942386786,47.8504480847651
epigenomics_7305_sol2sanger_30,72.88331914108625,39.15662265704241
epigenomics_7305_sol2sanger_31,74.83636356480494,39.86452840673773
epigenomics_7305_sol2sanger_32,80.5785312545483,53.44730561871981
epigenomics_7305_sol2sanger_33,78.29284374162133,48.78280483374612
epigenomics_7305_sol2sanger_34,80.99500039313908,47.59866618786956
epigenomics_7305_sol2sanger_35,66.38444269693099,27.024944381414176
epigenomics_7305_sol2sanger_36,79.39276428476269,29.234204712627964
epigenomics_7305_sol2sanger_37,79.3427000367254,41.725182635483925
epigenomics_7305_sol2sanger_38,72.85153153606845,49.25599475418811
epigenomics_7305_sol2sanger_39,77.48618849204153,46.392347553524274
epigenomics_7305_sol2sanger_40,71.2979480942688,44.77402324936452
epigenomics_7305_sol2sanger_41,77.7519855318025,35.14305554917689
epigenomics_7305_sol2sanger_42,71.64701352736508,54.03867324578946
epigenomics_7305_sol2sanger_43,79.90221332215859,44.82536991999481
epigenomics_7305_sol2sanger_44,76.96717340581596,40.062379070409634
epigenomics_7305_sol2sanger_45,80.02188263198532,48.39885098080854
epigenomics_7305_sol2sanger_46,75.53105028822344,40.10794431034314
epigenomics_7305_sol2sanger_47,81.7612574099018,49.16578468983064
epigenomics_7305_sol2sanger_48,84.46973331122913,41.25502073812947
epigenomics_7305_sol2sanger_49,83.35684802840868,44.64842421461029
epigenomics_7305_sol2sanger_50,80.95199300648531,47.78090601973944
epigenomics_7305_sol2sanger_51,87.18208672482015,40.27164146606171
epigenomics_7305_sol2sanger_52,72.57763415913655,40.6642243496739
epigenomics_7305_sol2sanger_53,85.4122657034782,33.846816540200855
epigenomics_7305_sol2sanger_54,83.97937250139162,53.49472566735531
epigenomics_7305_sol2sanger_55,80.68605011138834,58.9496615167928
epigenomics_7305_sol2sanger_56,79.8091333154307,39.669328796749205
epigenomics_7305_sol2sanger_57,78.63233052107357,44.096570948733834
epigenomics_7305_sol2sanger_58,75.36112082150557,42.92363437578041
epigenomics_7305_sol2sanger_59,83.25542554220019,41.282762014108755
epigenomics_7305_sol2sanger_60,79.4612809213934,47.57373637773258
epigenomics_7305_sol2sanger_61,81.45350257357232,50.16741196270349
epigenomics_7305_sol2sanger_62,78.25989418854796,50.86706353324866
epigenomics_7305_sol2sanger_63,74.28535592386322,35.79634394380718
epigenomics_7305_sol2sanger_64,86.90639569801401,54.8683045357296
epigenomics_7305_sol2sanger_65,74.97142467795713,38.85836161803356
epigenomics_7305_sol2sanger_66,81.62240488998138,39.256350594190195
epigenomics_7305_sol2sanger_67,77.92016310717493,55.145214670378756
epigenomics_7305_sol2sanger_68,75.74029153695305,39.903532012905785
epigenomics_7305_sol2sanger_69,85.47593209742324,44.51776510741074
epigenomics_7305_sol2sanger_70,82.07556303705846,34.78454452472414
epigenomics_7305_sol2sanger_71,77.08077227852638,55.99680017145154
epigenomics_7305_sol2sanger_72,79.0791432896517,49.1860411931177
epigenomics_7305_sol2sanger_73,78.05216454942585,49.930945755090484
epigenomics_7305_sol2sanger_74,83.1778523909284,47.855651910386285
epigenomics_7305_sol2sanger_75,89.75449201580975,32.13954601196859
epigenomics_7305_sol2sanger_76,81.6688822123377,51.742254937242926
epigenomics_7305_sol2sanger_77,89.88030271105669,53.80225627397195
epigenomics_7305_sol2sanger_78,84.0587060356027,40.74211428937517
epigenomics_7305_sol2sanger_79,82.28141990601142,40.71889123840056
epigenomics_7305_sol2sanger_80,81.70714237701357,51.59909681326006
epigenomics_7305_sol2sanger_81,76.82374765809169,43.35807033960676
epigenomics_7305_sol2sanger_82,77.22470324382847,46.332065011159685
epigenomics_7305_sol2sanger_83,86.70942887888674,34.079639350918555
epigenomics_7305_sol2sanger_84,84.11990017821711,49.50891406698701
epigenomics_7305_sol2sanger_85,71.11149961265588,49.397952842885395
epigenomics_7305_sol2sanger_86,78.15357665931191,36.71994272747145
epigenomics_7305_sol2sanger_87,83.26768150910199,49.54222043589581
epigenomics_7305_sol2sanger_88,80.85576376566362,41.743834940500925
epigenomics_7305_sol2sanger_89,80.76590902932699,45.29290629682647
epigenomics_7305_sol2sanger_90,83.5868009066872,57.83630421971783
epigenomics_7305_sol2sanger_91,76.35331330974682,52.977387931575436
epigenomics_7305_sol2sanger_92,76.91740272351748,48.59763162210952
epigenomics_7305_sol2sanger_93,78.11397373485704,39.73849311938909
epigenomics_7305_sol2sanger_94,79.07993250473386,60.21934744926655
epigenomics_7305_sol2sanger_95,84.25930762561435,39.34689054385976
epigenomics_7305_sol2sanger_96,77.68555046616858,60.57220860802804
epigenomics_7305_sol2sanger_97,81.82303273930724,51.51394990821385
epigenomics_7305_sol2sanger_98,70.28699054849032,51.574561084617564
epigenomics_7305_sol2sanger_99,79.00831878920584,39.34571192386211
epigenomics_7305_sol2sanger_100,77.56941422527395,36.23961573841511
epigenomics_7305_sol2sanger_101,81.7458305946845,56.99871298465513
epigenomics_7305_sol2sanger_102,85.92278192129241,41.70495411203672
epigenomics_7305_sol2sanger_103,81.45076385285864,41.23786130612776
epigenomics_7305_sol2sanger_104,79.75637803052895,40.5116912266203
epigenomics_7305_sol2sanger_105,82.37964665388844,42.68843170949501
epigenomics_7305_sol2sanger_106,69.89963092746906,56.97557831868175
epigenomics_7305_sol2sanger_107,77.06182630880589,44.89517748094857
epigenomics_7305_sol2sanger_108,78.23658969400792,44.269482727048334
epigenomics_7305_sol2sanger_109,86.78392227004952,41.166647499744286
epigenomics_7305_sol2sanger_110,76.99607826245365,35.30276370214275
epigenomics_7305_sol2sanger_111,81.7961292901695,20.093298418967592
epigenomics_7305_sol2sanger_112,77.91165363114305,44.968249865549275
epigenomics_7305_sol2sanger_113,69.21873094997751,50.93936577478059
epigenomics_7305_sol2sanger_114,80.88778369922869,55.72972149075177
epigenomics_7305_sol2sanger_115,90.26143982889343,40.37269495826673
epigenomics_7305_sol2sanger_116,81.76305125706028,49.07183303801227
epigenomics_7305_sol2sanger_117,82.85758718132732,34.331086250564084
epigenomics_7305_sol2sanger_118,84.53210254510354,32.07611968286807
epigenomics_7305_sol2sanger_119,75.52376231803669,32.015523472415836
epigenomics_7305_sol2sanger_120,84.85554690306084,41.20893331333367
epigenomics_7305_sol2sanger_121,77.91700548397966,50.222778277540215
epigenomics_7305_sol2sanger_122,89.82363414196608,53.05605780297748
epigenomics_7305_sol2sanger_123,84.74494548899315,65.6375739100364
epigenomics_7305_sol2sanger_124,77.70560686732355,38.53970355855207
epigenomics_7305_sol2sanger_125,83.46255173415136,50.52479296041302
epigenomics_7305_sol2sanger_126,76.4827601989159,37.545503652363024
epigenomics_7305_sol2sanger_127,83.35990778206798,47.481706802210006
epigenomics_7305_sol2sanger_128,82.00169666251504,47.008586838663035
epigenomics_7305_sol2sanger_129,84.6992658973349,41.996471443421925
epigenomics_7305_sol2sanger_130,76.72196607284957,49.37331914864798
epigenomics_7305_sol2sanger_131,80.66576615597089,41.49615311950569
epigenomics_7305_sol2sanger_132,83.79988121608697,41.749011206200024
epigenomics_7305_sol2sanger_133,81.1223652725886,62.082629099166425
epigenomics_7305_sol2sanger_134,77.62373056184771,39.49993234954647
epigenomics_7305_sol2sanger_135,86.24455234672551,51.60601468802828
epigenomics_7305_sol2sanger_136,84.76247341774358,38.89126170062385
epigenomics_7305_sol2sanger_137,81.54587397699768,59.660186655855
epigenomics_7305_sol2sanger_138,89.45443734571992,40.46161291510913
epigenomics_7305_sol2sanger_139,83.77570497404515,53.3530294521844
epigenomics_7305_sol2sanger_140,70.8195239310362,60.979615082873316
epigenomics_7305_sol2sanger_141,84.75124891528206,39.251502305359665
epigenomics_7305_sol2sanger_142,87.02736049609942,38.46339515225779
epigenomics_7305_sol2sanger_143,77.7535364820047,42.26337307983228
epigenomics_7305_sol2sanger_144,82.32410038713004,54.058335789347154
epigenomics_7305_sol2sanger_145,83.81032050037024,49.18087364188655
epigenomics_7305_sol2sanger_146,79.20901390713662,44.55129141640263
epigenomics_7305_sol2sanger_147,78.13276797678748,39.92488951736165
epigenomics_7305_sol2sanger_148,82.9793644731026,22.365810085251717
epigenomics_7305_sol2sanger_149,82.97672248879927,48.89252820918901
epigenomics_7305_sol2sanger_150,79.93668478056146,43.859576885542744
epigenomics_7305_sol2sanger_151,75.2609483495462,44.332250534726725
epigenomics_7305_sol2sanger_152,81.97804747526293,51.980767549251404
epigenomics_7305_sol2sanger_153,80.1910861411107,46.4254457574117
epigenomics_7305_sol2sanger_154,79.87490250175927,32.96147856610976
epigenomics_7305_sol2sanger_155,88.06440645397083,51.184641600562536
epigenomics_7305_sol2sanger_156,64.96325996270089,61.99422887559693
epigenomics_7305_sol2sanger_157,77.34513383427233,45.886937927320005
epigenomics_7305_sol2sanger_158,73.32729959983864,41.190077187932765
epigenomics_7305_sol2sanger_159,86.03408535114993,27.021804265135756
epigenomics_7305_sol2sanger_160,78.90397050079342,40.612299295643716
epigenomics_7305_sol2sanger_161,85.40200688578236,62.218279037462196
epigenomics_7305_sol2sanger_162,77.55066298563685,48.10944771424573
epigenomics_7305_sol2sanger_163,77.2911097177111,48.70106369074792
epigenomics_7305_sol2sanger_164,73.26664850928756,43.87027172600132
epigenomics_7305_sol2sanger_165,85.7845150963939,37.48702875508714
epigenomics_7305_sol2sanger_166,87.19668535718175,48.290917524591514
epigenomics_7305_sol2sanger_167,74.3485406702971,49.978694706528685
epigenomics_7305_sol2sanger_168,75.21676803629654,23.47262218494812
epigenomics_7305_sol2sanger_169,77.12829686901158,44.72533831468401
epigenomics_7305_sol2sanger_170,82.07741691225037,38.88605604133748
epigenomics_7305_sol2sanger_171,76.7653044207857,35.71246290410632
epigenomics_7305_sol2sanger_172,79.08322289624141,24.92772197576399
epigenomics_7305_sol2sanger_173,84.42697876616755,49.84766932420576
epigenomics_7305_sol2sanger_174,83.14544307124162,38.17945917280787
epigenomics_7305_sol2sanger_175,74.24716709620213,22.20507469241387
epigenomics_7305_sol2sanger_176,82.52303257906482,45.18025470834093
epigenomics_7305_sol2sanger_177,73.49333563087195,43.28860042527094
epigenomics_7305_sol2sanger_178,82.79370045057375,62.024539566464654
epigenomics_7305_sol2sanger_179,76.79501486255997,53.580539436388364
epigenomics_7305_sol2sanger_180,77.562854770842,45.00310136369885
epigenomics_7305_sol2sanger_181,85.41634752987501,54.46866901635781
epigenomics_7305_sol2sanger_182,83.28969057211687,36.27734808036947
epigenomics_7305_sol2sanger_183,74.89294542535025,66.66743011951688
epigenomics_7305_sol2sanger_184,80.1312202617537,36.79370018716898
epigenomics_7305_sol2sanger_185,83.80839658010372,24.640431141912256
epigenomics_7305_sol2sanger_186,86.69362103498081,44.47536531637755
epigenomics_7305_sol2sanger_187,83.67343708431419,47.85089964587473
epigenomics_7305_sol2sanger_188,83.96012668202219,35.23410192908843
epigenomics_7305_sol2sanger_189,81.02101532262571,29.609413379859085
epigenomics_7305_sol2sanger_190,78.90661535921238,41.11115362072
epigenomics_7305_sol2sanger_191,74.4977087074512,33.886453002090676
epigenomics_7305_sol2sanger_192,82.7178302213716,45.41584444124344
epigenomics_7305_sol2sanger_193,84.7809661108788,41.634123041180764
epigenomics_7305_sol2sanger_194,79.272276399085,38.93396785171481
epigenomics_7305_sol2sanger_195,85.50088497327766,60.68362433177266
epigenomics_7305_sol2sanger_196,86.76593760809102,44.11293228216469
epigenomics_7305_sol2sanger_197,84.28488334174227,41.098866866864256
epigenomics_7305_sol2sanger_198,83.80237860340256,37.77819534209985
epigenomics_7305_sol2sanger_199,84.52856177050951,52.8751900774359
epigenomics_7305_sol2sanger_200,79.47245504608614,49.5435366603985
epigenomics_7305_sol2sanger_201,82.21925055383667,47.76693089727374
epigenomics_7305_sol2sanger_202,79.04750387425432,38.99114806865201
epigenomics_7305_sol2sanger_203,87.82225890099504,48.20671771766247
epigenomics_7305_sol2sanger_204,81.36580628455783,50.470215074381805
epigenomics_7305_sol2sanger_205,79.79696881697502,55.59517253349196
epigenomics_7305_sol2sanger_206,84.23028471113197,45.807188657218845
epigenomics_7305_sol2sanger_207,75.59769466163742,36.56586336150845
epigenomics_7305_sol2sanger_208,76.88068974450009,49.59950476316484
epigenomics_7305_sol2sanger_209,73.17406575050337,53.85104369288843
epigenomics_7305_sol2sanger_210,75.87295159400963,52.327195088922934
epigenomics_7305_sol2sanger_211,79.78581202678772,34.14403394104267
epigenomics_7305_sol2sanger_212,86.16173905370782,44.68201762269523
epigenomics_7305_sol2sanger_213,88.90481129955792,42.83051732479027
epigenomics_7305_sol2sanger_214,83.34871213017765,45.23362998893596
epigenomics_7305_sol2sanger_215,70.92417257271312,45.26351359322562
epigenomics_7305_sol2sanger_216,84.3367187702655,42.19966037765228
epigenomics_7305_sol2sanger_217,89.63140581603379,44.38842903582557
epigenomics_7305_sol2sanger_218,77.7423771667755,43.485479297619946
epigenomics_7305_sol2sanger_219,85.27398163800129,45.209937563479244
epigenomics_7305_sol2sanger_220,76.05601098199999,45.060105820770296
epigenomics_7305_sol2sanger_221,81.69489139116172,43.92176030286935
epigenomics_7305_sol2sanger_222,77.17844825194192,46.51582334315609
epigenomics_7305_sol2sanger_223,82.94859310624578,36.91774478561547
epigenomics_7305_sol2sanger_224,84.78521515659222,35.85577877792646
epigenomics_7305_sol2sanger_225,87.22789128741766,37.49163689849486
epigenomics_7305_sol2sanger_226,82.83609530171923,42.316982106144245
epigenomics_7305_sol2sanger_227,72.38059384815196,39.04909019460917
epigenomics_7305_sol2sanger_228,71.3286859488691,21.751913940550132
epigenomics_7305_sol2sanger_229,73.99615480415224,38.5390450894874
epigenomics_7305_sol2sanger_230,82.65785640398123,58.41031739560361
epigenomics_7305_sol2sanger_231,91.83565661237004,50.83266032752164
epigenomics_7305_sol2sanger_232,73.63236276644503,41.432375516104486
epigenomics_7305_sol2sanger_233,80.05687781340116,54.32234571738313
epigenomics_7305_sol2sanger_234,84.00690511973214,31.840861295256925
epigenomics_7305_sol2sanger_235,82.31996239790529,36.83865064418953
epigenomics_7305_sol2sanger_236,80.73075759721446,32.40594607267403
epigenomics_7305_sol2sanger_237,80.28028549156109,45.856093594641145
epigenomics_7305_sol2sanger_238,74.54008379763638,32.57132721580218
epigenomics_7305_sol2sanger_239,82.45911726952187,41.558476043023305
epigenomics_7305_sol2sanger_240,75.3224993816518,50.84683446521952
epigenomics_7305_sol2sanger_241,83.20576398944048,49.56013056573066
epigenomics_7305_sol2sanger_242,80.28210944756148,44.24732227055386
epigenomics_7305_sol2sanger_243,77.11281981907631,58.88768248119948
epigenomics_7305_sol2sanger_244,79.19047631445376,44.52594321852576
epigenomics_7305_sol2sanger_245,81.56523017432552,58.54109557980525
epigenomics_7305_sol2sanger_246,87.42191391035254,43.02296741969241
epigenomics_7305_sol2sanger_247,77.58095456770192,39.27722361165719
epigenomics_7305_sol2sanger_248,85.94100781446573,48.95156004748519
epigenomics_7305_sol2sanger_249,81.02369525495445,48.39160577449622
epigenomics_7305_sol2sanger_250,75.17217795804373,52.142603430783204
epigenomics_7305_sol2sanger_251,74.75232270105643,46.09325454906353
epigenomics_7305_sol2sanger_252,79.9115269207711,56.12576110821473
epigenomics_7305_sol2sanger_253,72.08162439732101,44.10147369367698
epigenomics_7305_sol2sanger_254,79.2178446800772,50.50447707702831
epigenomics_7305_sol2sanger_255,86.09072010768523,52.642795968843586
epigenomics_7305_sol2sanger_256,79.74778330306208,49.49269694903539
epigenomics_7305_sol2sanger_257,71.19583125247016,48.38908618252552
epigenomics_7305_sol2sanger_258,77.6531937494479,47.88368624377872
epigenomics_7305_sol2sanger_259,77.84108123861785,49.334049710516375
epigenomics_7305_sol2sanger_260,79.98435444162915,55.77837898418334
epigenomics_7305_sol2sanger_261,87.45844753309125,27.003634258707415
epigenomics_7305_sol2sanger_262,79.42363657962146,52.81854070636808
epigenomics_7305_sol2sanger_263,85.75569693907991,56.57183782807379
epigenomics_7305_sol2sanger_264,76.6690249754913,35.42979271952265
epigenomics_7305_sol2sanger_265,80.48881715351632,52.28909727895237
epigenomics_7305_sol2sanger_266,78.573566586051,40.17244672779986
epigenomics_7305_sol2sanger_267,80.19732674805685,45.581739419360275
epigenomics_7305_sol2sanger_268,80.42014623133325,41.23329407212191
epigenomics_7305_sol2sanger_269,73.76571028056416,48.08393874961226
epigenomics_7305_sol2sanger_270,85.02850017923815,43.59912784358563
epigenomics_7305_sol2sanger_271,76.06047006224269,32.67495803705583
epigenomics_7305_sol2sanger_272,81.4509409448789,34.682771985800045
epigenomics_7305_sol2sanger_273,75.40623243078471,44.13566682018091
epigenomics_7305_sol2sanger_274,84.4566333868846,42.27965403729219
epigenomics_7305_sol2sanger_275,87.54748923472775,38.52902851280686
epigenomics_7305_sol2sanger_276,73.98746133274071,38.36006415862415
epigenomics_7305_sol2sanger_277,84.31618792161127,55.42401529780674
epigenomics_7305_sol2sanger_278,94.92354848844532,55.870601033980634
epigenomics_7305_sol2sanger_279,76.27509127497797,38.285447088726244
epigenomics_7305_sol2sanger_280,69.59310467978493,48.66257326532845
epigenomics_7305_sol2sanger_281,81.39219348101194,49.175765963186265
epigenomics_7305_sol2sanger_282,85.02162714098984,38.644332980879874
epigenomics_7305_sol2sanger_283,80.8479974304445,45.68984149350923
epigenomics_7305_sol2sanger_284,72.3519749441893,52.04976950107324
epigenomics_7305_sol2sanger_285,80.81726209042812,41.490290751572644
epigenomics_7305_sol2sanger_286,77.83880415745013,42.45252492099621
epigenomics_7305_sol2sanger_287,70.91579424691099,33.036974942994405
epigenomics_7305_sol2sanger_288,88.79396400923629,51.975530198336465
epigenomics_7305_sol2sanger_289,78.01495938882317,47.796773625456495
epigenomics_7305_sol2sanger_290,89.18711983289451,43.51841175378855
epigenomics_7305_sol2sanger_291,89.92383888005817,57.01479177168591
epigenomics_7305_sol2sanger_292,83.70412288176661,47.82703777166395
epigenomics_7305_sol2sanger_293,78.40754178965533,47.71818659444254
epigenomics_7305_sol2sanger_294,87.45693741153495,33.794392325747204
epigenomics_7305_sol2sanger_295,74.55469260883689,53.615911755699656
epigenomics_7305_sol2sanger_296,78.6544126072662,40.60474931758027
epigenomics_7305_sol2sanger_297,80.32252194150645,41.817800046820054
epigenomics_7305_sol2sanger_298,86.65226257333407,42.74303023461006
epigenomics_7305_sol2sanger_299,88.14155934242739,44.00148268031558
epigenomics_7305_sol2sanger_300,78.39320723447487,47.739682893761604
epigenomics_7305_sol2sanger_301,78.79393399432698,36.07833628622066
epigenomics_7305_sol2sanger_302,77.83611347145299,36.25334973920528
epigenomics_7305_sol2sanger_303,81.85501416767396,64.3438395278064
epigenomics_7305_sol2sanger_304,83.50911430312274,45.90778544543003
epigenomics_7305_sol2sanger_305,74.63164965831243,49.088203552751594
epigenomics_7305_sol2sanger_306,69.67614896092775,49.365311047659574
epigenomics_7305_sol2sanger_307,82.53414468007206,46.07915905079653
epigenomics_7305_sol2sanger_308,80.6768794218984,42.60207298066188
epigenomics_7305_sol2sanger_309,82.29240414405612,53.68181604841593
epigenomics_7305_sol2sanger_310,77.29848730858613,47.166705828827595
epigenomics_7305_sol2sanger_311,81.43890548929868,25.192068992899983
epigenomics_7305_sol2sanger_312,74.1104227500612,47.333779504512805
epigenomics_7305_sol2sanger_313,82.67955708823432,41.772867000753344
epigenomics_7305_sol2sanger_314,79.21651560993146,50.598780649058135
epigenomics_7305_sol2sanger_315,77.05837002060652,27.562034958793056
epigenomics_7305_sol2sanger_316,80.09048717444666,36.253240924911616
epigenomics_7305_sol2sanger_317,88.65206849683366,41.68716565190101
epigenomics_7305_sol2sanger_318,75.25297117297646,37.19277523088272
epigenomics_7305_sol2sanger_319,84.89706551136325,52.608286877511446
epigenomics_7305_sol2sanger_320,81.30310107070129,46.420606088517786
epigenomics_7305_sol2sanger_321,87.71275823933823,46.625076381345856
epigenomics_7305_sol2sanger_322,80.74876091621432,44.61441499566451
epigenomics_7305_sol2sanger_323,86.03820009921019,36.04198174952562
epigenomics_7305_sol2sanger_324,74.12042650008709,45.830091787909396
epigenomics_7305_sol2sanger_325,77.40929415094196,51.8211896675381
epigenomics_7305_sol2sanger_326,79.3586369175324,30.02571556743537
epigenomics_7305_sol2sanger_327,76.78291109066039,41.979573836105196
epigenomics_7305_sol2sanger_328,78.0742840750841,45.644224258178596
epigenomics_7305_sol2sanger_329,74.12558523131848,44.25537054322526
epigenomics_7305_sol2sanger_330,80.0769899796573,50.16412295191961
epigenomics_7305_sol2sanger_331,79.33488151155345,36.157614112810705
epigenomics_7305_sol2sanger_332,85.27867228647834,52.73698801946681
epigenomics_7305_sol2sanger_333,66.43875993449639,59.28791061763256
epigenomics_7305_sol2sanger_334,74.24279074369558,42.29859881622406
epigenomics_7305_sol2sanger_335,79.1728485183573,39.93906212352731
epigenomics_7305_sol2sanger_336,77.64503997984654,53.35118408798344
epigenomics_7305_sol2sanger_337,83.57927645969069,36.125468486513434
epigenomics_7305_sol2sanger_338,80.19622444159862,46.35523139491928
epigenomics_7305_sol2sanger_339,74.711009762441,47.1257306322288
epigenomics_7305_sol2sanger_340,80.99999766807088,52.659891979986526
epigenomics_7305_sol2sanger_341,73.98623444026461,51.927860308069164
epigenomics_7305_sol2sanger_342,84.35919145407591,31.313740905242845
epigenomics_7305_sol2sanger_343,74.17109568471149,39.32255061044296
epigenomics_7305_sol2sanger_344,70.85062604835764,27.207306855459645
epigenomics_7305_sol2sanger_345,76.38734017028368,48.079941854468494
epigenomics_7305_sol2sanger_346,80.25706800915329,60.215559434961634
epigenomics_7305_sol2sanger_347,80.88942742177623,49.04511292496996
epigenomics_7305_sol2sanger_348,91.69467586884087,62.45378022641957
epigenomics_7305_sol2sanger_349,77.39487356385769,40.94560572763841
epigenomics_7305_sol2sanger_350,88.53219104543754,46.447943428193675
epigenomics_7305_sol2sanger_351,77.56201890367039,33.79574966979996
epigenomics_7305_sol2sanger_352,85.82869919877015,63.869670260860445
epigenomics_7305_sol2sanger_353,77.98602138688936,34.47414468826864
epigenomics_7305_sol2sanger_354,83.52549612133424,41.13979128954817
epigenomics_7305_sol2sanger_355,74.7696293618,33.3228354569988
epigenomics_7305_sol2sanger_356,77.0805258233434,41.41113059653965
epigenomics_7305_sol2sanger_357,85.35389695849747,48.51127766336496
epigenomics_7305_sol2sanger_358,83.80448768036298,43.94658886461339
epigenomics_7305_sol2sanger_359,79.31733784875654,38.97644647781007
epigenomics_7305_sol2sanger_360,77.77608197596841,39.282018295033154
epigenomics_7305_sol2sanger_361,74.79632796706903,35.3921834910475
epigenomics_7305_sol2sanger_362,84.40978544739914,44.26586874736003
epigenomics_7305_sol2sanger_363,79.42660536351214,39.58734830870893
epigenomics_7305_sol2sanger_364,81.0549785712572,47.21552282569629
epigenomics_7305_sol2sanger_365,84.81060506878816,46.15041762940074
epigenomics_7305_sol2sanger_366,77.95369478500614,45.95068354944233
epigenomics_7305_sol2sanger_367,83.83674990491397,40.00091832191717
epigenomics_7305_sol2sanger_368,74.17130276511128,36.85850828989831
epigenomics_7305_sol2sanger_369,77.38622747766915,57.12408996483788
epigenomics_7305_sol2sanger_370,88.1151708153103,33.39935424612743
epigenomics_7305_sol2sanger_371,77.59700156279084,50.27486531692158
epigenomics_7305_sol2sanger_372,73.50145116405321,55.94784923362791
epigenomics_7305_sol2sanger_373,78.20109972209227,37.02250539083721
epigenomics_7305_sol2sanger_374,80.38849312779907,44.85220058680827
epigenomics_7305_sol2sanger_375,73.38591890447307,44.619894942505624
epigenomics_7305_sol2sanger_376,80.13781393158763,48.51330366627001
epigenomics_7305_sol2sanger_377,80.31960051299497,42.4133627501009
epigenomics_7305_sol2sanger_378,75.39195490638255,47.23323946233731
epigenomics_7305_sol2sanger_379,81.99571028125006,48.643685882605006
epigenomics_7305_sol2sanger_380,84.18836239995291,43.8897636046125
epigenomics_7305_sol2sanger_381,77.6187350004464,37.55695938469852
epigenomics_7305_sol2sanger_382,73.73281651328453,46.7733742574212
epigenomics_7305_sol2sanger_383,87.97057998150862,32.02778778777411
epigenomics_7305_sol2sanger_384,73.31925124106417,44.00290814220207
epigenomics_7305_sol2sanger_385,80.19967250870438,36.19783371346207
epigenomics_7305_sol2sanger_386,76.09681041163121,66.06763663763391
epigenomics_7305_sol2sanger_387,81.2499985523635,56.371702335630815
epigenomics_7305_sol2sanger_388,75.26180664284688,55.45765004292787
epigenomics_7305_sol2sanger_389,79.34468332447824,45.90360578515189
epigenomics_7305_sol2sanger_390,76.56727996605692,53.832227023439046
epigenomics_7305_sol2sanger_391,83.64829635302848,46.604991468754676
epigenomics_7305_sol2sanger_392,81.71872707602213,43.07086821054109
epigenomics_7305_sol2sanger_393,85.8065510175319,35.41305968592731
epigenomics_7305_sol2sanger_394,79.97087222896222,45.18628711947774
epigenomics_7305_sol2sanger_395,66.98665119549541,52.89282400684312
epigenomics_7305_sol2sanger_396,81.38640983457236,30.88222089418216
epigenomics_7305_sol2sanger_397,77.47190402534011,57.892736285743126
epigenomics_7305_sol2sanger_398,83.35985041181186,39.287395413364266
epigenomics_7305_sol2sanger_399,74.58335770792355,49.18776490785655
epigenomics_7305_sol2sanger_400,79.29781339098989,46.48535582693704
epigenomics_7305_sol2sanger_401,79.95852638632864,48.21671502278703
epigenomics_7305_sol2sanger_402,85.7738589117021,53.024172112238574
epigenomics_7305_sol2sanger_403,75.36977484401933,43.01359671202949
epigenomics_7305_sol2sanger_404,81.76358584208371,28.802388149680393
epigenomics_7305_sol2sanger_405,79.03528841025324,56.42215792025639
epigenomics_7305_sol2sanger_406,86.62213822187677,37.54928736162288
epigenomics_7305_sol2sanger_407,83.25827533336366,45.28166241920305
epigenomics_7305_sol2sanger_408,78.82370161687827,52.866840130235865
epigenomics_7305_sol2sanger_409,92.44392816144212,43.7100447815565
epigenomics_7305_sol2sanger_410,71.07288277057974,46.281229554760415
epigenomics_7305_sol2sanger_411,89.80735723142193,44.024430136551736
epigenomics_7305_sol2sanger_412,75.96660368995852,51.60076724804967
epigenomics_7305_sol2sanger_413,70.4445846864826,49.92232508391354
epigenomics_7305_sol2sanger_414,74.01345797082982,41.898582289848726
epigenomics_7305_sol2sanger_415,84.70245415043603,47.10003111694887
epigenomics_7305_sol2sanger_416,74.08470492959954,41.747701395972086
epigenomics_7305_sol2sanger_417,85.32616949876561,38.01602167758357
epigenomics_7305_sol2sanger_418,86.30877282940794,43.65775729526945
epigenomics_7305_sol2sanger_419,82.24878257288512,35.14558171493026
epigenomics_7305_sol2sanger_420,74.3705570338834,50.69706897185152
epigenomics_7305_sol2sanger_421,84.2069192091541,60.296206102825195
epigenomics_7305_sol2sanger_422,70.69957596933952,47.58539010000055
epigenomics_7305_sol2sanger_423,82.99509080900258,66.1781092580999
epigenomics_7305_sol2sanger_424,90.62632750035814,45.47402982728362
epigenomics_7305_sol2sanger_425,76.33967079530709,54.21751932760937
epigenomics_7305_sol2sanger_426,78.22663731647872,42.488033218147166
epigenomics_7305_sol2sanger_427,74.13777777024968,56.90369287373135
epigenomics_7305_sol2sanger_428,81.57374214082115,34.76672402425308
epigenomics_7305_sol2sanger_429,75.61300887922037,40.78156837000373
epigenomics_7305_sol2sanger_430,68.65293196436028,68.76089261995773
epigenomics_7305_sol2sanger_431,79.21519421487352,36.623133051034955
epigenomics_7305_sol2sanger_432,80.16284677318765,46.13681507382487
epigenomics_7305_sol2sanger_433,79.73076057476081,24.937983138252658
epigenomics_7305_sol2sanger_434,79.09372692111633,57.931873782929515
epigenomics_7305_sol2sanger_435,80.3096867586775,49.56925949062043
epigenomics_7305_sol2sanger_436,83.92075152989081,35.726956334192664
epigenomics_7305_sol2sanger_437,82.6586776131116,49.8897410058321
epigenomics_7305_sol2sanger_438,73.05994082669929,39.99936642989573
epigenomics_7305_sol2sanger_439,77.76953679035206,44.306996367071456
epigenomics_7305_sol2sanger_440,89.49591826105043,48.640312167435525
epigenomics_7305_sol2sanger_441,69.71479335097985,36.86110309774953
epigenomics_7305_sol2sanger_442,75.42059835889762,38.19480355826085
epigenomics_7305_sol2sanger_443,84.55372478271671,35.346586126113365
epigenomics_7305_sol2sanger_444,72.25404285091385,44.0510234665292
epigenomics_7305_sol2sanger_445,80.01991602881529,40.42824424689658
epigenomics_7305_sol2sanger_446,73.17958930204772,42.73149480828861
epigenomics_7305_sol2sanger_447,80.59332352092662,55.419126753116224
epigenomics_7305_sol2sanger_448,77.66634387744756,37.51688277070244
epigenomics_7305_sol2sanger_449,83.51147664503344,54.749432902164386
epigenomics_7305_sol2sanger_450,80.58456238655522,56.58826205995223
epigenomics_7305_sol2sanger_451,73.15936743687776,43.13004224467867
epigenomics_7305_sol2sanger_452,81.16802214191875,34.887701283427056
epigenomics_7305_sol2sanger_453,79.00241097004123,43.3789997164982
epigenomics_7305_sol2sanger_454,79.60121754638062,42.26503302555111
epigenomics_7305_sol2sanger_455,81.7169465122209,42.6426907576735
epigenomics_7305_sol2sanger_456,86.59117237461017,37.465635835166246
epigenomics_7305_sol2sanger_457,77.44158898326091,57.54358914498813
epigenomics_7305_sol2sanger_458,80.43002861573582,55.145770659751136
epigenomics_7305_sol2sanger_459,77.30330137827725,47.44731808290443
epigenomics_7305_sol2sanger_460,85.46572543044768,49.945211875135364
epigenomics_7305_sol2sanger_461,83.90248387283407,47.346421220527716
epigenomics_7305_sol2sanger_462,67.98493021473305,60.19053850085021
epigenomics_7305_sol2sanger_463,85.009267999817,43.6941707398954
epigenomics_7305_sol2sanger_464,75.99715648317192,41.32711927485143
epigenomics_7305_sol2sanger_465,84.61783789307516,37.1241666285451
epigenomics_7305_sol2sanger_466,75.66380042335815,53.448755192225406
epigenomics_7305_sol2sanger_467,86.910113156258,42.792918872202854
epigenomics_7305_sol2sanger_468,80.34590759271327,49.379503772291514
epigenomics_7305_sol2sanger_469,75.59840816813255,41.86565486304698
epigenomics_7305_sol2sanger_470,73.94256841454384,40.55370135790696
epigenomics_7305_sol2sanger_471,80.47834115933375,44.04652882719058
epigenomics_7305_sol2sanger_472,74.30228408007427,45.51200649159987
epigenomics_7305_sol2sanger_473,80.3630431273447,37.03557281703392
epigenomics_7305_sol2sanger_474,76.68634061079793,33.345977090335786
epigenomics_7305_sol2sanger_475,83.55765186895104,52.64184199117334
epigenomics_7305_sol2sanger_476,89.12609836795774,28.105923952795795
epigenomics_7305_sol2sanger_477,77.6666996804484,40.20651133993462
epigenomics_7305_sol2sanger_478,89.36309480390854,30.734663990927405
epigenomics_7305_sol2sanger_479,82.02743048757627,44.40560909835638
epigenomics_7305_sol2sanger_480,85.71865710470298,43.75939815621661
epigenomics_7305_sol2sanger_481,79.66458950338459,37.12924498009649
epigenomics_7305_sol2sanger_482,79.78558384633035,50.13198168287192
epigenomics_7305_sol2sanger_483,88.50854968445402,53.451864437585336
epigenomics_7305_sol2sanger_484,74.05232661991661,35.90874247444464
epigenomics_7305_sol2sanger_485,71.74098016717342,35.246553370740614
epigenomics_7305_sol2sanger_486,83.13152858483184,53.971501514493255
epigenomics_7305_sol2sanger_487,79.77588673124735,41.65903303802723
epigenomics_7305_sol2sanger_488,74.30724035472257,39.7926111044072
epigenomics_7305_sol2sanger_489,88.59405166948332,46.989498011852646
epigenomics_7305_sol2sanger_490,82.84993065419002,41.56376528676105
epigenomics_7305_sol2sanger_491,85.46167797230792,48.254240107829105
epigenomics_7305_sol2sanger_492,85.59209508141582,37.05364296074637
epigenomics_7305_sol2sanger_493,80.67394937055465,49.92276707359885
epigenomics_7305_sol2sanger_494,76.1920661183136,56.08840514018494
epigenomics_7305_sol2sanger_495,73.3309617461344,50.5547074546252
epigenomics_7305_sol2sanger_496,82.99470791327626,37.01698064572004
epigenomics_7305_sol2sanger_497,74.09220271437542,32.00621643651704
epigenomics_7305_sol2sanger_498,73.90239659520729,65.81614819935164
epigenomics_7305_sol2sanger_499,88.22914744989122,50.200961177390084
epigenomics_7305_fast2bfq_0,48.344857044748224,76.65422772377215
epigenomics_7305_fast2bfq_1,51.290702988181025,82.94231215282682
epigenomics_7305_fast2bfq_2,42.002508309324575,86.42104898215482
epigenomics_7305_fast2bfq_3,46.56122521568119,75.48794364112895
epigenomics_7305_fast2bfq_4,44.96207708233724,87.01053422128373
epigenomics_7305_fast2bfq_5,45.26118463663749,64.23498477450879
epigenomics_7305_fast2bfq_6,56.7423600603414,84.90605707273491
epigenomics_7305_fast2bfq_7,51.58230411553565,77.86850393923459
epigenomics_7305_fast2bfq_8,55.37911233014504,82.99697172830345
epigenomics_7305_fast2bfq_9,43.535453149933815,83.12614960229936
epigenomics_7305_fast2bfq_10,45.85723151683614,73.6697035581752
epigenomics_7305_fast2bfq_11,39.10281357415272,78.70201259732691
epigenomics_7305_fast2bfq_12,41.9077396706126,74.95334530238942
epigenomics_7305_fast2bfq_13,44.459763853072936,85.80730280917754
epigenomics_7305_fast2bfq_14,30.208907925153923,75.32538789537672
epigenomics_7305_fast2bfq_15,40.055820653208905,83.13582134749831
epigenomics_7305_fast2bfq_16,35.21061306188313,77.9443148280593
epigenomics_7305_fast2bfq_17,51.75743624895644,95.10882562947057
epigenomics_7305_fast2bfq_18,45.25896554202132,86.36336664078519
epigenomics_7305_fast2bfq_19,38.24332445368691,80.18615089399958
epigenomics_7305_fast2bfq_20,49.4405430149511,90.50719328706279
epigenomics_7305_fast2bfq_21,63.47310085858409,74.62577407031893
epigenomics_7305_fast2bfq_22,54.99888937356256,74.70766733329896
epigenomics_7305_fast2bfq_23,42.71132520224865,78.67515932808706
epigenomics_7305_fast2bfq_24,45.83577798167954,67.04335927156903
epigenomics_7305_fast2bfq_25,39.19213193269071,87.06628136119268
epigenomics_7305_fast2bfq_26,51.63585760591292,70.7188150991374
epigenomics_7305_fast2bfq_27,46.773749968572055,85.13722476571068
epigenomics_7305_fast2bfq_28,48.75706556680278,67.23889936594648
epigenomics_7305_fast2bfq_29,46.311165126727644,82.54022498635426
epigenomics_7305_fast2bfq_30,31.207312210073844,69.2311579506995
epigenomics_7305_fast2bfq_31,46.663943030294064,87.95876784839349
epigenomics_7305_fast2bfq_32,34.685361526929356,83.99425708728427
epigenomics_7305_fast2bfq_33,49.6214719229576,71.4206023584081
epigenomics_7305_fast2bfq_34,59.64547919261548,77.31097752475547
epigenomics_7305_fast2bfq_35,54.42762589411921,79.92083616236143
epigenomics_7305_fast2bfq_36,52.87014782711172,64.81773981964251
epigenomics_7305_fast2bfq_37,40.48226988732509,78.22894794527119
epigenomics_7305_fast2bfq_38,54.13802072722861,87.98956051997175
epigenomics_7305_fast2bfq_39,42.4525255200381,80.24295734412263
epigenomics_7305_fast2bfq_40,27.00464647165694,76.27540513625077
epigenomics_7305_fast2bfq_41,57.31469825064728,76.406566875814
epigenomics_7305_fast2bfq_42,44.50996249988386,87.84563663598391
epigenomics_7305_fast2bfq_43,48.605048863469634,73.49426576064516
epigenomics_7305_fast2bfq_44,30.047776899369108,70.83839796341975
epigenomics_7305_fast2bfq_45,35.003131786737626,78.18610748671162
epigenomics_7305_fast2bfq_46,37.99957485570751,74.97875658641603
epigenomics_7305_fast2bfq_47,38.48201633195135,80.19416944683641
epigenomics_7305_fast2bfq_48,48.14585899073365,70.80639769490602
epigenomics_7305_fast2bfq_49,45.688481286470854,74.28241007500841
epigenomics_7305_fast2bfq_50,45.093456134324235,79.22342807199755
epigenomics_7305_fast2bfq_51,64.44181586413761,81.70344882079053
epigenomics_7305_fast2bfq_52,35.66483629250564,80.35122918589612
epigenomics_7305_fast2bfq_53,37.11316512518131,83.13335135924963
epigenomics_7305_fast2bfq_54,49.151002629659274,86.99124205943914
epigenomics_7305_fast2bfq_55,50.82263948571419,87.4915766804571
epigenomics_7305_fast2bfq_56,50.79782223289643,85.18439654969015
epigenomics_7305_fast2bfq_57,43.36639960053904,80.63202889782967
epigenomics_7305_fast2bfq_58,34.95930537628435,80.21855202741715
epigenomics_7305_fast2bfq_59,41.95871105809242,77.21758090516876
epigenomics_7305_fast2bfq_60,56.77075201976121,67.46487455143391
epigenomics_7305_fast2bfq_61,44.106489542304466,73.8663288855595
epigenomics_7305_fast2bfq_62,47.31762859268514,82.1268606517915
epigenomics_7305_fast2bfq_63,46.5249853820497,76.4793873463451
epigenomics_7305_fast2bfq_64,41.9845550756909,76.15786844125142
epigenomics_7305_fast2bfq_65,29.00491307419916,85.60296387888165
epigenomics_7305_fast2bfq_66,50.49550067367373,74.71309426330569
epigenomics_7305_fast2bfq_67,46.71834971198225,77.51355906434219
epigenomics_7305_fast2bfq_68,56.95161039952142,74.23954464191854
epigenomics_7305_fast2bfq_69,50.29678674411338,78.7697217452289
epigenomics_7305_fast2bfq_70,44.04843327300014,72.25061958458282
epigenomics_7305_fast2bfq_71,49.64723234587721,82.20365794297282
epigenomics_7305_fast2bfq_72,40.15398884783685,77.46209634451748
epigenomics_7305_fast2bfq_73,39.51706250376669,66.42341523110754
epigenomics_7305_fast2bfq_74,50.131619525187986,98.96635133694896
epigenomics_7305_fast2bfq_75,51.44608449719084,73.69684762042878
epigenomics_7305_fast2bfq_76,54.8060245175504,74.33700353919286
epigenomics_7305_fast2bfq_77,43.36654469675791,78.1974718136425
epigenomics_7305_fast2bfq_78,56.98003247260269,78.31119245565267
epigenomics_7305_fast2bfq_79,53.07520873238683,87.19613163977294
epigenomics_7305_fast2bfq_80,45.564679232482796,82.7884578896908
epigenomics_7305_fast2bfq_81,49.27967365042864,93.14994907380483
epigenomics_7305_fast2bfq_82,50.77517734660879,74.1531710822196
epigenomics_7305_fast2bfq_83,35.59389043720208,75.95451589178468
epigenomics_7305_fast2bfq_84,43.664239985236854,75.41892790114211
epigenomics_7305_fast2bfq_85,41.04568319717914,84.4520547024415
epigenomics_7305_fast2bfq_86,44.861288544133615,78.84560324139508
epigenomics_7305_fast2bfq_87,46.94503291878693,85.6808148000846
epigenomics_7305_fast2bfq_88,52.06337144706361,85.27411826635628
epigenomics_7305_fast2bfq_89,28.90808470342394,74.37985648658753
epigenomics_7305_fast2bfq_90,41.6828018821311,79.73731777746909
epigenomics_7305_fast2bfq_91,39.08861999826962,81.66650617954022
epigenomics_7305_fast2bfq_92,48.204324708140696,79.51005554034171
epigenomics_7305_fast2bfq_93,53.80412316557492,72.52151770660551
epigenomics_7305_fast2bfq_94,44.2623242584098,79.53957150862087
epigenomics_7305_fast2bfq_95,45.64496409283859,75.47508247281343
epigenomics_7305_fast2bfq_96,40.095618347388935,81.02646639960646
epigenomics_7305_fast2bfq_97,39.95822716173396,83.49889129018491
epigenomics_7305_fast2bfq_98,46.349528536306074,79.31512576181696
epigenomics_7305_fast2bfq_99,40.98852944075783,68.8302574984327
epigenomics_7305_fast2bfq_100,43.405687253074106,86.79199041222161
epigenomics_7305_fast2bfq_101,53.967888773146626,87.18321552319831
epigenomics_7305_fast2bfq_102,57.285494363568354,75.94896435009467
epigenomics_7305_fast2bfq_103,37.78877995947039,65.25736528338886
epigenomics_7305_fast2bfq_104,48.3463127289813,92.16536706455382
epigenomics_7305_fast2bfq_105,57.4498958237388,79.94435004467829
epigenomics_7305_fast2bfq_106,52.33851614577221,80.4808378229166
epigenomics_7305_fast2bfq_107,53.85675525927431,73.18660043079765
epigenomics_7305_fast2bfq_108,55.28866341613946,73.78901319300684
epigenomics_7305_fast2bfq_109,45.41109918749275,78.33352371360306
epigenomics_7305_fast2bfq_110,50.394357111191226,81.60960665788767
epigenomics_7305_fast2bfq_111,61.469711644226315,77.33640078925157
epigenomics_7305_fast2bfq_112,49.21500897624811,79.41708039282817
epigenomics_7305_fast2bfq_113,46.62865271371158,88.50794272947272
epigenomics_7305_fast2bfq_114,34.487453935745236,75.21237891332296
epigenomics_7305_fast2bfq_115,46.888384791713676,90.55771741043134
epigenomics_7305_fast2bfq_116,40.34779994166228,86.4296690748251
epigenomics_7305_fast2bfq_117,50.07241937208472,85.62076185650153
epigenomics_7305_fast2bfq_118,40.52836422341742,70.71885461405567
epigenomics_7305_fast2bfq_119,43.08386425838152,89.4500090359217
epigenomics_7305_fast2bfq_120,32.04896552968268,90.57607134368992
epigenomics_7305_fast2bfq_121,40.493919514703464,67.58673039778311
epigenomics_7305_fast2bfq_122,46.133040661813105,76.5080721415484
epigenomics_7305_fast2bfq_123,42.5483068478102,90.73609367926205
epigenomics_7305_fast2bfq_124,33.58445414399179,67.21246372257264
epigenomics_7305_fast2bfq_125,29.39522721383399,82.39674257189601
epigenomics_7305_fast2bfq_126,40.50283566955365,90.7013407991391
epigenomics_7305_fast2bfq_127,43.17845663484009,77.51121750806696
epigenomics_7305_fast2bfq_128,42.91602122472778,71.55814453675873
epigenomics_7305_fast2bfq_129,58.43434217860963,85.91981583130217
epigenomics_7305_fast2bfq_130,44.1841069385124,88.70064200959428
epigenomics_7305_fast2bfq_131,40.68006657341705,89.28535809110147
epigenomics_7305_fast2bfq_132,46.36034828839001,76.09541155574824
epigenomics_7305_fast2bfq_133,44.968704188776,76.54551058557513
epigenomics_7305_fast2bfq_134,42.11091667422327,70.46705318051242
epigenomics_7305_fast2bfq_135,48.084799300840004,79.67763881245601
epigenomics_7305_fast2bfq_136,45.11892795750185,75.05734253642031
epigenomics_7305_fast2bfq_137,50.50142792537382,75.97777947614198
epigenomics_7305_fast2bfq_138,44.19078957271555,71.66050897485849
epigenomics_7305_fast2bfq_139,51.43284081377215,70.4409306508
epigenomics_7305_fast2bfq_140,60.05016412859292,82.78436078259283
epigenomics_7305_fast2bfq_141,47.17137228531268,78.5248488436864
epigenomics_7305_fast2bfq_142,49.65528802301284,76.7265423790336
epigenomics_7305_fast2bfq_143,52.60094102014752,80.96032790693748
epigenomics_7305_fast2bfq_144,50.8248944909788,76.69885692181496
epigenomics_7305_fast2bfq_145,43.40355030645292,79.76623585762927
epigenomics_7305_fast2bfq_146,44.59752962196845,72.74601398897049
epigenomics_7305_fast2bfq_147,48.0258818754391,76.76346571514192
epigenomics_7305_fast2bfq_148,54.365038282324335,84.82342574201346
epigenomics_7305_fast2bfq_149,48.87399673384806,84.069861278578
epigenomics_7305_fast2bfq_150,43.49340915910105,87.73686821049313
epigenomics_7305_fast2bfq_151,45.14176250531141,80.98245465995939
epigenomics_7305_fast2bfq_152,48.54828301909141,64.24492512203682
epigenomics_7305_fast2bfq_153,49.532971444906906,81.86900989836478
epigenomics_7305_fast2bfq_154,50.48484126961718,82.72645841812457
epigenomics_7305_fast2bfq_155,53.38021536052106,74.70395584574368
epigenomics_7305_fast2bfq_156,55.78702956191737,84.32369357544246
epigenomics_7305_fast2bfq_157,53.17024540161472,84.62781416520697
epigenomics_7305_fast2bfq_158,49.357620139320524,82.40283632420604
epigenomics_7305_fast2bfq_159,60.62242516281021,88.47498440862643
epigenomics_7305_fast2bfq_160,54.02967124769218,77.808577243459
epigenomics_7305_fast2bfq_161,44.80182561521362,82.7698250695716
epigenomics_7305_fast2bfq_162,33.77932098386103,76.00058046918461
epigenomics_7305_fast2bfq_163,36.46803549331779,82.50591236384321
epigenomics_7305_fast2bfq_164,47.139621221313504,79.19087347346688
epigenomics_7305_fast2bfq_165,45.775443216285666,63.986582619255984
epigenomics_7305_fast2bfq_166,45.69907899579453,78.45958876901378
epigenomics_7305_fast2bfq_167,43.91772282969498,84.87534961940388
epigenomics_7305_fast2bfq_168,46.32575007743221,80.5379068813535
epigenomics_7305_fast2bfq_169,34.872980138128526,86.62695956870898
epigenomics_7305_fast2bfq_170,35.44263830681146,65.69471294437287
epigenomics_7305_fast2bfq_171,42.32038055715591,94.90622702693739
epigenomics_7305_fast2bfq_172,43.997091088527014,88.70839098740012
epigenomics_7305_fast2bfq_173,52.30005944121726,73.49613778379833
epigenomics_7305_fast2bfq_174,41.55029908955959,80.93740124810091
epigenomics_7305_fast2bfq_175,45.73441352353764,98.63557353355023
epigenomics_7305_fast2bfq_176,43.32099355840411,82.11754104444293
epigenomics_7305_fast2bfq_177,41.018802995580664,88.10789873058668
epigenomics_7305_fast2bfq_178,49.808628299609346,66.50020869363604
epigenomics_7305_fast2bfq_179,42.304325403589196,80.57201743669015
epigenomics_7305_fast2bfq_180,53.451737946024885,86.04099537175287
epigenomics_7305_fast2bfq_181,51.67759497079386,82.83594809509873
epigenomics_7305_fast2bfq_182,48.5823927050703,90.686634068107
epigenomics_7305_fast2bfq_183,40.665115114746754,83.9355039191343
epigenomics_7305_fast2bfq_184,41.06516514455011,80.99890020553735
epigenomics_7305_fast2bfq_185,32.40283569061122,69.63090927269363
epigenomics_7305_fast2bfq_186,35.49627579252173,81.2213687017754
epigenomics_7305_fast2bfq_187,39.837040754229875,76.46096490442739
epigenomics_7305_fast2bfq_188,42.26484572618362,76.11148147225715
epigenomics_7305_fast2bfq_189,42.202273656100324,83.05841328644895
epigenomics_7305_fast2bfq_190,44.38014918766103,83.45914986251393
epigenomics_7305_fast2bfq_191,43.104464248105025,86.21734621807211
epigenomics_7305_fast2bfq_192,44.70726239714428,88.70790497571565
epigenomics_7305_fast2bfq_193,57.13102696736163,79.8589131114946
epigenomics_7305_fast2bfq_194,51.331294507788506,80.54009377493162
epigenomics_7305_fast2bfq_195,42.93933135029846,84.20025608978263
epigenomics_7305_fast2bfq_196,39.4172870010432,68.02339178946931
epigenomics_7305_fast2bfq_197,42.45178332141941,83.28907121442035
epigenomics_7305_fast2bfq_198,54.836519961339995,91.44123709193168
epigenomics_7305_fast2bfq_199,50.22428990397188,74.74078598969675
epigenomics_7305_fast2bfq_200,44.31974892618919,74.51746363635144
epigenomics_7305_fast2bfq_201,31.516437242396385,79.28207061726633
epigenomics_7305_fast2bfq_202,46.03860245471182,73.8914010402084
epigenomics_7305_fast2bfq_203,61.17080978084759,78.73962442006727
epigenomics_7305_fast2bfq_204,56.12372702345101,87.19527560118357
epigenomics_7305_fast2bfq_205,51.098325909326775,79.79911874898902
epigenomics_7305_fast2bfq_206,35.067404490021644,80.04163044942368
epigenomics_7305_fast2bfq_207,42.94269177485184,76.08004368549464
epigenomics_7305_fast2bfq_208,41.458299667345194,89.03044074093432
epigenomics_7305_fast2bfq_209,37.94280626303214,87.12171630501625
epigenomics_7305_fast2bfq_210,43.202773961872126,76.8721774457322
epigenomics_7305_fast2bfq_211,39.66925783617156,80.36221469835878
epigenomics_7305_fast2bfq_212,46.64574541532057,93.93312596929883
epigenomics_7305_fast2bfq_213,44.94716535593124,86.39353651813526
epigenomics_7305_fast2bfq_214,51.32309747775635,76.29693271322536
epigenomics_7305_fast2bfq_215,35.693812718535355,78.06691656617897
epigenomics_7305_fast2bfq_216,58.692529438711446,87.98704533576694
epigenomics_7305_fast2bfq_217,53.00048546318233,84.82471254918366
epigenomics_7305_fast2bfq_218,40.18040271419683,74.53292562843487
epigenomics_7305_fast2bfq_219,41.445112042303975,92.40426594055015
epigenomics_7305_fast2bfq_220,49.697387412551336,69.33404248608487
epigenomics_7305_fast2bfq_221,54.45659016027086,77.35277895228083
epigenomics_7305_fast2bfq_222,46.16384360302165,83.72640580307444
epigenomics_7305_fast2bfq_223,43.185712152979235,86.38153405525352
epigenomics_7305_fast2bfq_224,41.98071166083231,76.17703476513115
epigenomics_7305_fast2bfq_225,46.95143190283471,86.96131478362584
epigenomics_7305_fast2bfq_226,39.78234986428024,73.8202021919619
epigenomics_7305_fast2bfq_227,55.727424443102485,74.53459496993794
epigenomics_7305_fast2bfq_228,44.948602268038506,80.9981343718046
epigenomics_7305_fast2bfq_229,48.4025356090875,76.49187288039592
epigenomics_7305_fast2bfq_230,54.0308829409766,85.0740343123292
epigenomics_7305_fast2bfq_231,41.13034658356645,86.62508353993998
epigenomics_7305_fast2bfq_232,31.54899618340525,90.35924094781862
epigenomics_7305_fast2bfq_233,45.681796396788,78.35052246182954
epigenomics_7305_fast2bfq_234,41.787103196005866,75.4381104516299
epigenomics_7305_fast2bfq_235,39.99587357972127,82.76060161816226
epigenomics_7305_fast2bfq_236,46.029682779100874,80.43811071518456
epigenomics_7305_fast2bfq_237,49.91328274994696,87.90287141172143
epigenomics_7305_fast2bfq_238,48.78487263860394,79.07823879593145
epigenomics_7305_fast2bfq_239,40.558070767994664,77.7556718422417
epigenomics_7305_fast2bfq_240,41.784126932338175,99.0267734898295
epigenomics_7305_fast2bfq_241,52.83655916823618,81.68998854968302
epigenomics_7305_fast2bfq_242,50.010789641038784,75.91313053285685
epigenomics_7305_fast2bfq_243,47.482658529047484,76.07228458910426
epigenomics_7305_fast2bfq_244,46.26101245614402,93.3071597625518
epigenomics_7305_fast2bfq_245,57.06756615728063,83.39109058928187
epigenomics_7305_fast2bfq_246,41.217104095956046,78.37316043949316
epigenomics_7305_fast2bfq_247,53.406248256573384,79.52818006421762
epigenomics_7305_fast2bfq_248,39.80451362214276,71.13851959793982
epigenomics_7305_fast2bfq_249,45.73809348163278,72.7900443782784
epigenomics_7305_fast2bfq_250,48.303300786659776,69.65114947728004
epigenomics_7305_fast2bfq_251,43.993755550216385,70.7725178282584
epigenomics_7305_fast2bfq_252,42.944853539311055,71.41171534468782
epigenomics_7305_fast2bfq_253,36.084253434623115,69.97659711349384
epigenomics_7305_fast2bfq_254,56.15463263025349,66.91800869690807
epigenomics_7305_fast2bfq_255,53.66871879647222,81.04888983999102
epigenomics_7305_fast2bfq_256,57.006622447588576,76.56734268264182
epigenomics_7305_fast2bfq_257,39.34103643501111,91.23060764958454
epigenomics_7305_fast2bfq_258,33.20893280294292,88.31127087873237
epigenomics_7305_fast2bfq_259,37.76317837902043,91.2100082247957
epigenomics_7305_fast2bfq_260,56.13710548675306,77.61361464327793
epigenomics_7305_fast2bfq_261,46.50106330060889,75.40100279300466
epigenomics_7305_fast2bfq_262,46.69842405848622,68.07203872523672
epigenomics_7305_fast2bfq_263,32.73235473741494,80.26679572452775
epigenomics_7305_fast2bfq_264,36.58507126840733,79.0419062207362
epigenomics_7305_fast2bfq_265,37.528968662936684,77.9857086104331
epigenomics_7305_fast2bfq_266,55.89741315711528,78.57604093077592
epigenomics_7305_fast2bfq_267,45.00176560392616,68.05138351997986
epigenomics_7305_fast2bfq_268,37.811058600724124,67.01261346867396
epigenomics_7305_fast2bfq_269,43.82977101133073,99.02210889223655
epigenomics_7305_fast2bfq_270,39.59335004778725,87.84415081552136
epigenomics_7305_fast2bfq_271,32.400415626796885,77.46152755077199
epigenomics_7305_fast2bfq_272,44.819155549598214,80.53290120587081
epigenomics_7305_fast2bfq_273,44.92869349043363,88.2665755187503
epigenomics_7305_fast2bfq_274,45.25658140178307,70.60715460146895
epigenomics_7305_fast2bfq_275,51.00991076399224,79.6877932804681
epigenomics_7305_fast2bfq_276,28.478250042246042,75.08612527871563
epigenomics_7305_fast2bfq_277,49.085984518279425,88.2401788223833
epigenomics_7305_fast2bfq_278,35.82175855470636,75.50955067673192
epigenomics_7305_fast2bfq_279,40.572383842060916,76.59399408111456
epigenomics_7305_fast2bfq_280,27.362996470034695,85.84203220288568
epigenomics_7305_fast2bfq_281,49.3756091668869,81.64952074726469
epigenomics_7305_fast2bfq_282,33.870551404758075,78.6570681195313
epigenomics_7305_fast2bfq_283,48.68498899044138,83.3713009267172
epigenomics_7305_fast2bfq_284,37.14607639409466,87.29767240989993
epigenomics_7305_fast2bfq_285,47.687163040029944,67.97728465372833
epigenomics_7305_fast2bfq_286,48.760985111565724,79.81736888887549
epigenomics_7305_fast2bfq_287,35.365837903272165,86.4618228882923
epigenomics_7305_fast2bfq_288,38.10807736345516,74.92174611104356
epigenomics_7305_fast2bfq_289,42.199667230429384,80.80383710345636
epigenomics_7305_fast2bfq_290,46.46315315264474,95.55798465552637
epigenomics_7305_fast2bfq_291,46.83991525769642,78.83529084490584
epigenomics_7305_fast2bfq_292,53.16683836750444,90.85671171646943
epigenomics_7305_fast2bfq_293,45.360080055231926,87.87936922753693
epigenomics_7305_fast2bfq_294,40.06022666710431,82.47775228348904
epigenomics_7305_fast2bfq_295,29.62339874176178,93.09615034411223
epigenomics_7305_fast2bfq_296,41.09302467471267,94.38658351132436
epigenomics_7305_fast2bfq_297,50.40025182786651,78.7960673651877
epigenomics_7305_fast2bfq_298,43.39604546306332,67.74373301571308
epigenomics_7305_fast2bfq_299,36.43117810275126,80.94354114373779
epigenomics_7305_fast2bfq_300,50.007501518202616,89.57309373649119
epigenomics_7305_fast2bfq_301,43.73419264919209,59.10640737976106
epigenomics_7305_fast2bfq_302,42.49853986165529,82.88822084453906
epigenomics_7305_fast2bfq_303,58.69174916232271,79.08412089623758
epigenomics_7305_fast2bfq_304,40.943597315192726,85.97487477625393
epigenomics_7305_fast2bfq_305,39.483712973374196,83.47825893976683
epigenomics_7305_fast2bfq_306,54.382471569408324,76.0824244091217
epigenomics_7305_fast2bfq_307,51.29059453896122,85.44689914338917
epigenomics_7305_fast2bfq_308,50.25671174169021,82.22397828625836
epigenomics_7305_fast2bfq_309,36.63174076633463,78.28037323190992
epigenomics_7305_fast2bfq_310,41.0254954694875,76.70776914358409
epigenomics_7305_fast2bfq_311,36.84006079840721,87.86000721274328
epigenomics_7305_fast2bfq_312,50.44835135358292,62.7207352125791
epigenomics_7305_fast2bfq_313,37.2913446056206,74.83451616768306
epigenomics_7305_fast2bfq_314,46.72659331514385,85.08153333044984
epigenomics_7305_fast2bfq_315,46.24071763443897,80.7482779572512
epigenomics_7305_fast2bfq_316,40.60963511643635,74.43134949291434
epigenomics_7305_fast2bfq_317,47.98504438022847,77.77474923060917
epigenomics_7305_fast2bfq_318,61.03426981744613,86.54834844722507
epigenomics_7305_fast2bfq_319,50.55257119416237,77.06240237860858
epigenomics_7305_fast2bfq_320,34.006748552642556,89.05673247991852
epigenomics_7305_fast2bfq_321,55.906780458381675,76.03098954403589
epigenomics_7305_fast2bfq_322,35.73544427924817,76.8969854163911
epigenomics_7305_fast2bfq_323,63.4780935644268,83.92286284651388
epigenomics_7305_fast2bfq_324,52.76568273619939,67.99101497991555
epigenomics_7305_fast2bfq_325,48.88577934429781,79.08821192113128
epigenomics_7305_fast2bfq_326,37.49730935516735,84.96587980288993
epigenomics_7305_fast2bfq_327,54.12492470664586,80.49840723838129
epigenomics_7305_fast2bfq_328,43.25618679750545,74.81747658932046
epigenomics_7305_fast2bfq_329,48.44502635464339,86.99518269754556
epigenomics_7305_fast2bfq_330,45.30046753176785,74.49085556819364
epigenomics_7305_fast2bfq_331,52.11392481924311,71.98102722191793
epigenomics_7305_fast2bfq_332,39.183736756206876,67.3068572139111
epigenomics_7305_fast2bfq_333,52.24764639011666,70.72227933505205
epigenomics_7305_fast2bfq_334,58.59129523061466,70.56409478843734
epigenomics_7305_fast2bfq_335,52.418227234207485,71.2783571740213
epigenomics_7305_fast2bfq_336,46.12769610942168,80.88004924906778
epigenomics_7305_fast2bfq_337,38.81839561389873,73.71820733089291
epigenomics_7305_fast2bfq_338,40.19460538017563,82.29867411367505
epigenomics_7305_fast2bfq_339,41.99174742564941,89.52068880095474
epigenomics_7305_fast2bfq_340,41.07658496638606,89.55591011854024
epigenomics_7305_fast2bfq_341,46.874378079195736,81.13986918102717
epigenomics_7305_fast2bfq_342,57.06641141252433,86.25216291593796
epigenomics_7305_fast2bfq_343,37.655484865531136,72.9385038061543
epigenomics_7305_fast2bfq_344,51.68398605215897,73.33416896376663
epigenomics_7305_fast2bfq_345,41.26740986703673,82.94145247304319
epigenomics_7305_fast2bfq_346,38.7908831428229,80.71003670993635
epigenomics_7305_fast2bfq_347,47.019229736264116,85.06034685737792
epigenomics_7305_fast2bfq_348,46.69840377696817,90.8933378363579
epigenomics_7305_fast2bfq_349,66.31243026010202,66.3112312194249
epigenomics_7305_fast2bfq_350,55.175152452577805,85.47911766937655
epigenomics_7305_fast2bfq_351,45.249809661831264,91.09584806920108
epigenomics_7305_fast2bfq_352,57.41211198285806,76.69131392456516
epigenomics_7305_fast2bfq_353,51.630849414943086,80.06033781606043
epigenomics_7305_fast2bfq_354,45.46546457931419,82.26466237113647
epigenomics_7305_fast2bfq_355,54.49858840356617,80.14837642187854
epigenomics_7305_fast2bfq_356,41.87223943927362,77.20076751731614
epigenomics_7305_fast2bfq_357,55.07430619927588,78.36592104325445
epigenomics_7305_fast2bfq_358,43.73147531653975,83.98284261681177
epigenomics_7305_fast2bfq_359,43.88923223250629,82.31620161894921
epigenomics_7305_fast2bfq_360,43.38512124833375,77.41683005374992
epigenomics_7305_fast2bfq_361,50.93261983055245,85.12233787236539
epigenomics_7305_fast2bfq_362,53.59241844555278,71.18837724184067
epigenomics_7305_fast2bfq_363,41.282798888095286,70.78052174858912
epigenomics_7305_fast2bfq_364,42.30270821727058,84.32397265480844
epigenomics_7305_fast2bfq_365,40.169318393145296,79.00709182507642
epigenomics_7305_fast2bfq_366,50.26609170922981,79.5972643066804
epigenomics_7305_fast2bfq_367,46.809294779551934,78.72551763696167
epigenomics_7305_fast2bfq_368,52.33970173676728,78.74058638873497
epigenomics_7305_fast2bfq_369,45.87626349862114,80.96548256423766
epigenomics_7305_fast2bfq_370,34.23708977546109,76.58384734206628
epigenomics_7305_fast2bfq_371,48.4188555503989,86.21581193394601
epigenomics_7305_fast2bfq_372,54.111739667095215,82.62261192175563
epigenomics_7305_fast2bfq_373,49.18345749186335,72.64986858574741
epigenomics_7305_fast2bfq_374,35.49701062524228,78.55851840079312
epigenomics_7305_fast2bfq_375,42.75120295847199,92.85257891716675
epigenomics_7305_fast2bfq_376,37.86405209862451,85.72536360790484
epigenomics_7305_fast2bfq_377,53.565688282826734,78.30437071206583
epigenomics_7305_fast2bfq_378,58.37229203118642,90.31540429875608
epigenomics_7305_fast2bfq_379,37.4121140958801,69.05647085914376
epigenomics_7305_fast2bfq_380,44.020849874943295,71.41093946861817
epigenomics_7305_fast2bfq_381,45.16659440141588,87.79156145422766
epigenomics_7305_fast2bfq_382,43.59501361792381,79.50647863624762
epigenomics_7305_fast2bfq_383,34.7774530669777,64.60388037388513
epigenomics_7305_fast2bfq_384,52.79619147583601,87.2514468159396
epigenomics_7305_fast2bfq_385,46.38889686585575,93.1736267683346
epigenomics_7305_fast2bfq_386,42.336683007908135,79.44694224362445
epigenomics_7305_fast2bfq_387,39.97600126858947,81.59539645839203
epigenomics_7305_fast2bfq_388,47.06786040883703,81.87828659419095
epigenomics_7305_fast2bfq_389,39.17358435165979,74.83800488164516
epigenomics_7305_fast2bfq_390,49.695688722315545,90.16682285622915
epigenomics_7305_fast2bfq_391,44.68527819729378,72.7960219709124
epigenomics_7305_fast2bfq_392,59.51474089607895,81.72378518820382
epigenomics_7305_fast2bfq_393,39.3589222412584,69.15595626914549
epigenomics_7305_fast2bfq_394,46.92113394978604,80.79598072833961
epigenomics_7305_fast2bfq_395,31.662774925899154,77.10065503001005
epigenomics_7305_fast2bfq_396,31.62335767764241,77.72497634120381
epigenomics_7305_fast2bfq_397,47.24359187058994,82.66215035092537
epigenomics_7305_fast2bfq_398,36.144400979812445,84.66501667682867
epigenomics_7305_fast2bfq_399,42.03617527237567,76.45719149407924
epigenomics_7305_fast2bfq_400,42.825791576188394,68.40150899702392
epigenomics_7305_fast2bfq_401,50.16137139906501,85.25584213429468
epigenomics_7305_fast2bfq_402,41.87494256789213,96.84431978254347
epigenomics_7305_fast2bfq_403,38.28567093573004,77.74821149107073
epigenomics_7305_fast2bfq_404,48.728491796123336,79.15042003069372
epigenomics_7305_fast2bfq_405,35.25086857500283,59.965497963911645
epigenomics_7305_fast2bfq_406,52.401579686800346,80.24116802154816
epigenomics_7305_fast2bfq_407,50.6063481941156,74.86813708534278
epigenomics_7305_fast2bfq_408,48.32387371436516,87.32072903355875
epigenomics_7305_fast2bfq_409,59.67781621691195,85.13966543462615
epigenomics_7305_fast2bfq_410,42.32226583996915,76.72698958933519
epigenomics_7305_fast2bfq_411,41.945650229338334,70.5691253317916
epigenomics_7305_fast2bfq_412,50.37020261293173,94.68679878845798
epigenomics_7305_fast2bfq_413,58.68375100225561,85.46041262598989
epigenomics_7305_fast2bfq_414,44.52914916203984,70.79146272133234
epigenomics_7305_fast2bfq_415,45.83654016045573,80.38650804317221
epigenomics_7305_fast2bfq_416,51.499109960608216,71.39204051677451
epigenomics_7305_fast2bfq_417,42.37907736079057,91.78439188040679
epigenomics_7305_fast2bfq_418,44.475516088018665,87.01707608717496
epigenomics_7305_fast2bfq_419,42.96833209997315,82.98640480116755
epigenomics_7305_fast2bfq_420,51.69500352669539,76.06430562614116
epigenomics_7305_fast2bfq_421,51.37935755237742,83.6101888343936
epigenomics_7305_fast2bfq_422,48.79693711452015,68.99033063206956
epigenomics_7305_fast2bfq_423,46.52648840132545,68.70217409091018
epigenomics_7305_fast2bfq_424,46.10170435089502,80.12679986826934
epigenomics_7305_fast2bfq_425,50.98165773812831,87.55176311038645
epigenomics_7305_fast2bfq_426,46.975390115929336,82.93322180179923
epigenomics_7305_fast2bfq_427,40.58431416969687,76.32372258256319
epigenomics_7305_fast2bfq_428,46.08504353391644,76.9442819648994
epigenomics_7305_fast2bfq_429,53.20705609646692,73.60348666204325
epigenomics_7305_fast2bfq_430,47.30954895140136,76.85391970972901
epigenomics_7305_fast2bfq_431,40.48366990774295,88.63893609068246
epigenomics_7305_fast2bfq_432,45.65448268803314,79.65976054146269
epigenomics_7305_fast2bfq_433,41.6588350079862,84.65652712181766
epigenomics_7305_fast2bfq_434,49.3684749484644,75.95105302701357
epigenomics_7305_fast2bfq_435,46.682127825961196,77.8758751936166
epigenomics_7305_fast2bfq_436,43.64165712303517,84.51949797719358
epigenomics_7305_fast2bfq_437,45.69044456053208,74.83796717821915
epigenomics_7305_fast2bfq_438,50.778325311801545,80.7467875443526
epigenomics_7305_fast2bfq_439,42.46026158508747,95.3784774386661
epigenomics_7305_fast2bfq_440,29.81768084329473,70.13429656581187
epigenomics_7305_fast2bfq_441,33.61761863758065,87.76079445467336
epigenomics_7305_fast2bfq_442,47.49316630002076,90.85503883857292
epigenomics_7305_fast2bfq_443,48.082810947001676,84.31014101887578
epigenomics_7305_fast2bfq_444,52.538352876886655,87.58706826587807
epigenomics_7305_fast2bfq_445,47.925861062805915,75.88602665417751
epigenomics_7305_fast2bfq_446,46.5839362311332,81.13813726977558
epigenomics_7305_fast2bfq_447,50.16803962012661,92.09431265036321
epigenomics_7305_fast2bfq_448,44.23299933536106,74.60292875366497
epigenomics_7305_fast2bfq_449,44.480453204790145,70.07907140240127
epigenomics_7305_fast2bfq_450,45.91162276560427,79.33847428505472
epigenomics_7305_fast2bfq_451,47.75585700812087,64.46077763151403
epigenomics_7305_fast2bfq_452,34.072195448258235,73.51894104976934
epigenomics_7305_fast2bfq_453,46.037803284746246,78.01773352634353
epigenomics_7305_fast2bfq_454,42.375902552201936,74.80848773532465
epigenomics_7305_fast2bfq_455,48.747409093455275,84.42669423475822
epigenomics_7305_fast2bfq_456,45.2649597913482,78.59456196325526
epigenomics_7305_fast2bfq_457,41.90364566254642,74.53687458036343
epigenomics_7305_fast2bfq_458,38.4799936943176,80.30779341017804
epigenomics_7305_fast2bfq_459,43.28037798976858,76.25161233947351
epigenomics_7305_fast2bfq_460,37.99786475545208,72.07289738319227
epigenomics_7305_fast2bfq_461,40.57748789512089,77.28576167077367
epigenomics_7305_fast2bfq_462,48.63806110277873,75.63149693505831
epigenomics_7305_fast2bfq_463,37.60768494518405,81.93728720905828
epigenomics_7305_fast2bfq_464,56.55191310215157,76.61895246029654
epigenomics_7305_fast2bfq_465,50.39491638059201,75.72425937709392
epigenomics_7305_fast2bfq_466,59.19549087399178,78.72529247265287
epigenomics_7305_fast2bfq_467,39.10206230382822,84.40664518659455
epigenomics_7305_fast2bfq_468,44.54047155913526,75.65413959136386
epigenomics_7305_fast2bfq_469,32.75481438073757,85.86932875312148
epigenomics_7305_fast2bfq_470,46.449826895741275,86.73348334471153
epigenomics_7305_fast2bfq_471,38.93202236027879,73.10227814019741
epigenomics_7305_fast2bfq_472,51.36066505792637,69.26351335249927
epigenomics_7305_fast2bfq_473,39.75025011727621,62.78749195892005
epigenomics_7305_fast2bfq_474,45.83862414850312,77.46917531261963
epigenomics_7305_fast2bfq_475,54.8033008112728,87.18415394416645
epigenomics_7305_fast2bfq_476,52.59275860843531,83.94892707879345
epigenomics_7305_fast2bfq_477,57.153319159139386,90.96390687325437
epigenomics_7305_fast2bfq_478,50.3293161030041,90.46606431962213
epigenomics_7305_fast2bfq_479,34.02041012122042,81.89858562037006
epigenomics_7305_fast2bfq_480,42.876305335419545,74.17719660017897
epigenomics_7305_fast2bfq_481,48.54186631891922,82.58004962648262
epigenomics_7305_fast2bfq_482,45.998679511018366,84.89296680905522
epigenomics_7305_fast2bfq_483,53.7227733192762,84.75364628521424
epigenomics_7305_fast2bfq_484,50.10082992492887,68.95223066074581
epigenomics_7305_fast2bfq_485,53.136115106624615,74.41744745091235
epigenomics_7305_fast2bfq_486,30.701849583387773,86.67306336390193
epigenomics_7305_fast2bfq_487,50.55427871325601,82.59240141536313
epigenomics_7305_fast2bfq_488,47.123537387710925,84.3020789834077
epigenomics_7305_fast2bfq_489,37.705617273891995,85.84110743371248
epigenomics_7305_fast2bfq_490,51.014831604481515,74.66732138823335
epigenomics_7305_fast2bfq_491,36.71541035794549,80.5789437572058
epigenomics_7305_fast2bfq_492,52.37790699541392,81.83361529524224
epigenomics_7305_fast2bfq_493,53.36026151201597,83.81962231274385
epigenomics_7305_fast2bfq_494,46.937661769247484,73.38627090251074
epigenomics_7305_fast2bfq_495,49.54108205425481,82.46526845520417
epigenomics_7305_fast2bfq_496,51.28390906077557,81.35493724474154
epigenomics_7305_fast2bfq_497,33.69296656410635,76.5130700427082
epigenomics_7305_fast2bfq_498,40.31485310425135,83.79415001925474
epigenomics_7305_fast2bfq_499,42.07060855016358,87.91120482459827
epigenomics_7305_map_0,9921.337719614156,189.12815491467217
epigenomics_7305_map_1,9696.401604831817,182.72949092958225
epigenomics_7305_map_2,10491.598790459848,186.7276490664892
epigenomics_7305_map_3,9804.02439031453,181.58948704085262
epigenomics_7305_map_4,9835.881399222482,180.0957872395095
epigenomics_7305_map_5,9753.893586498843,190.6970044600011
epigenomics_7305_map_6,9955.962367163615,181.67367892956315
epigenomics_7305_map_7,8954.88391273752,188.1317259996679
epigenomics_7305_map_8,9391.909549836371,197.3829537358104
epigenomics_7305_map_9,10044.443802870328,195.7351481134679
epigenomics_7305_map_10,10632.961025809609,176.74850251937553
epigenomics_7305_map_11,10113.761388086177,190.45951545646844
epigenomics_7305_map_12,10391.577825772902,183.9347613586804
epigenomics_7305_map_13,8736.547282525531,186.16871090794947
epigenomics_7305_map_14,10969.517422242277,186.37073522022382
epigenomics_7305_map_15,8767.464538434913,192.2616107904436
epigenomics_7305_map_16,9568.494824490477,176.26001217843688
epigenomics_7305_map_17,9505.346326812907,185.91105782181774
epigenomics_7305_map_18,9495.477923081145,180.79100660761296
epigenomics_7305_map_19,9743.259778070136,186.39497947658086
epigenomics_7305_map_20,9969.01439472949,185.09396866670562
epigenomics_7305_map_21,9693.059561820026,181.07928135495703
epigenomics_7305_map_22,10397.9342747097,189.0391042429078
epigenomics_7305_map_23,10958.15703157677,186.1448014999921
epigenomics_7305_map_24,9785.683047294708,189.66105935688987
epigenomics_7305_map_25,9951.042932010365,188.526559805627
epigenomics_7305_map_26,10002.762671695818,183.48047910472647
epigenomics_7305_map_27,8917.500251850162,178.4633432525298
epigenomics_7305_map_28,9507.879687830622,179.99755599072253
epigenomics_7305_map_29,10233.550525570154,186.3477999370471
epigenomics_7305_map_30,9678.663982478094,180.2553468764961
epigenomics_7305_map_31,10370.74181905156,181.17291301758013
epigenomics_7305_map_32,9771.80791244448,183.62612748326373
epigenomics_7305_map_33,10102.464278732512,184.42791585319495
epigenomics_7305_map_34,11051.188495215983,186.86208993511266
epigenomics_7305_map_35,8916.438725915397,188.0841041840646
epigenomics_7305_map_36,9997.029716189489,179.20363688542733
epigenomics_7305_map_37,9520.166460637005,181.88980172236745
epigenomics_7305_map_38,9749.031776820397,179.6528583658685
epigenomics_7305_map_39,10074.432070220502,185.041083525443
epigenomics_7305_map_40,9746.559202494744,175.63979945311354
epigenomics_7305_map_41,9898.27384294215,180.85604697674472
epigenomics_7305_map_42,10622.49974959992,191.09091986984322
epigenomics_7305_map_43,8858.143240227462,175.63686365615973
epigenomics_7305_map_44,9031.33366662479,183.30769158688344
epigenomics_7305_map_45,9545.887142513948,187.906163852399
epigenomics_7305_map_46,10341.42915017269,182.1009119628339
epigenomics_7305_map_47,9473.243856151365,180.1638335620229
epigenomics_7305_map_48,10075.629274928368,188.39105463473328
epigenomics_7305_map_49,10075.540085073286,184.3447228134317
epigenomics_7305_map_50,9837.97788747179,184.24500413164301
epigenomics_7305_map_51,9743.143165641743,185.09277428121635
epigenomics_7305_map_52,9649.93750981219,177.76839712416944
epigenomics_7305_map_53,9957.039946272516,179.43726401349323
epigenomics_7305_map_54,10095.204328639267,187.7007874373515
epigenomics_7305_map_55,10106.289508618098,187.2219426013506
epigenomics_7305_map_56,10301.78307380441,185.42411070901957
epigenomics_7305_map_57,9519.792462455815,182.9080095917701
epigenomics_7305_map_58,10632.812526640831,182.42365268597646
epigenomics_7305_map_59,10579.576804063247,183.5317611404144
epigenomics_7305_map_60,10330.312437508888,194.73219841072589
epigenomics_7305_map_61,10202.36940885271,185.44264794587502
epigenomics_7305_map_62,11064.000535064144,189.7213100886738
epigenomics_7305_map_63,9752.322529865742,184.24040910808836
epigenomics_7305_map_64,9861.374822899783,183.8211354297093
epigenomics_7305_map_65,10306.326977526078,181.0655499085407
epigenomics_7305_map_66,10310.55224687836,178.29624837119508
epigenomics_7305_map_67,9362.199320827836,192.97795353274253
epigenomics_7305_map_68,10335.42137179926,190.5337147393886
epigenomics_7305_map_69,10419.147829822146,180.52312493515842
epigenomics_7305_map_70,9450.356103608143,190.2642650065399
epigenomics_7305_map_71,9661.707001505987,189.2663618077321
epigenomics_7305_map_72,10091.521279604402,192.49454429532986
epigenomics_7305_map_73,9607.250168971725,178.39335538579434
epigenomics_7305_map_74,10152.24884947519,178.17910304538813
epigenomics_7305_map_75,10282.430722542083,188.82881882895276
epigenomics_7305_map_76,10138.452903888512,189.58324232853647
epigenomics_7305_map_77,9770.30542115501,184.11855560570925
epigenomics_7305_map_78,9459.566736301476,185.08277748119528
epigenomics_7305_map_79,10182.390427759497,183.92591598710825
epigenomics_7305_map_80,9483.65483159923,179.4354748571925
epigenomics_7305_map_81,10745.422144392836,187.64829734605217
epigenomics_7305_map_82,10425.599019756979,180.60240593557768
epigenomics_7305_map_83,10231.564058184242,189.54368845878878
epigenomics_7305_map_84,10084.862045702686,180.15535332131
epigenomics_7305_map_85,10565.275251122352,176.2032918902688
epigenomics_7305_map_86,10276.738544701091,176.12257866462073
epigenomics_7305_map_87,9587.227081475108,189.41147980103088
epigenomics_7305_map_88,9601.423213810258,183.28335943366548
epigenomics_7305_map_89,10324.41867406745,183.22978188690368
epigenomics_7305_map_90,10381.546937693007,174.79099350875032
epigenomics_7305_map_91,9665.175789406958,179.29613398298102
epigenomics_7305_map_92,10211.458889832116,178.93530269917807
epigenomics_7305_map_93,9557.571519006902,189.2941171957304
epigenomics_7305_map_94,10088.798016510054,183.09167109359956
epigenomics_7305_map_95,9557.592439897471,191.23013359630227
epigenomics_7305_map_96,10190.02886030252,182.7458567775214
epigenomics_7305_map_97,9947.869969810035,192.71325576412826
epigenomics_7305_map_98,10725.513920770121,188.43874616081592
epigenomics_7305_map_99,10546.358595678688,183.3230955715126
epigenomics_7305_map_100,9044.947616819114,187.75530849313483
epigenomics_7305_map_101,9772.748666908697,176.01219508113175
epigenomics_7305_map_102,9396.426321266212,181.5631599007094
epigenomics_7305_map_103,10096.015865679086,187.7415944413487
epigenomics_7305_map_104,10067.471309824043,183.12459774680426
epigenomics_7305_map_105,8919.153350879273,186.53388503909053
epigenomics_7305_map_106,10137.325762818245,194.23878656954759
epigenomics_7305_map_107,10084.447121570865,175.18962844009206
epigenomics_7305_map_108,9190.8493781796,189.34167945233165
epigenomics_7305_map_109,9418.14555588303,184.9740538856745
epigenomics_7305_map_110,9625.78815435907,184.32945122998416
epigenomics_7305_map_111,10768.172828528193,187.9272616785247
epigenomics_7305_map_112,10359.081099790716,180.44540601482203
epigenomics_7305_map_113,9433.40106699485,187.92659025394326
epigenomics_7305_map_114,9887.922303610057,189.65336644807724
epigenomics_7305_map_115,9909.7281938248,188.16109631710873
epigenomics_7305_map_116,9519.44177567717,190.01037391179165
epigenomics_7305_map_117,9407.728374322429,195.22213689730913
epigenomics_7305_map_118,10348.630016643136,185.99703803530073
epigenomics_7305_map_119,10438.947762574493,185.18503212132055
epigenomics_7305_map_120,10615.790770844254,180.2704917609052
epigenomics_7305_map_121,10276.768059803491,184.95134308165902
epigenomics_7305_map_122,10411.367984967825,182.2405011952403
epigenomics_7305_map_123,9976.714192397425,187.23968557093332
epigenomics_7305_map_124,10491.774685633165,174.96763396091325
epigenomics_7305_map_125,9749.434352244458,187.5491839276233
epigenomics_7305_map_126,9766.848866142025,185.50769143135332
epigenomics_7305_map_127,10052.610187917286,180.54204693507987
epigenomics_7305_map_128,9760.862397474943,188.26402893707564
epigenomics_7305_map_129,10058.23276864167,190.9084948471299
epigenomics_7305_map_130,9632.335492120961,186.6599268904785
epigenomics_7305_map_131,10928.127419397759,179.48882461410471
epigenomics_7305_map_132,10126.784364114927,186.7509307628183
epigenomics_7305_map_133,9708.169107013464,195.53992407583368
epigenomics_7305_map_134,10005.410205361179,182.30033699932167
epigenomics_7305_map_135,9967.841385965223,185.82676107569915
epigenomics_7305_map_136,11063.345366379226,186.1446354355196
epigenomics_7305_map_137,9826.069784451693,191.91405953535718
epigenomics_7305_map_138,10296.640219852305,188.1108316943499
epigenomics_7305_map_139,10010.198535616602,174.5070311548865
epigenomics_7305_map_140,10117.399208512727,185.36118311481684
epigenomics_7305_map_141,9291.06374715165,189.67589592762286
epigenomics_7305_map_142,9324.293975752811,184.99722343428462
epigenomics_7305_map_143,10383.919523502358,187.24512118174732
epigenomics_7305_map_144,10790.839586741991,186.42424828720863
epigenomics_7305_map_145,9803.513029474603,182.91649580738806
epigenomics_7305_map_146,10553.407817501522,185.93362275554063
epigenomics_7305_map_147,9726.942172802712,177.17618894339515
epigenomics_7305_map_148,11481.447938165078,181.62793702980815
epigenomics_7305_map_149,10173.301761294546,179.5751149963192
epigenomics_7305_map_150,9715.324803158674,188.17893649860042
epigenomics_7305_map_151,10090.937515407439,189.08340536801
epigenomics_7305_map_152,9825.353429952773,176.78807279245294
epigenomics_7305_map_153,9629.185770381164,184.16007418657776
epigenomics_7305_map_154,9819.823452665243,180.47802115983126
epigenomics_7305_map_155,10923.379251359882,190.39249066351488
epigenomics_7305_map_156,10087.284574607702,177.03112468875523
epigenomics_7305_map_157,10007.049640425812,186.84588064763986
epigenomics_7305_map_158,9653.945220856072,189.1328811154675
epigenomics_7305_map_159,9773.713188343494,187.58578813651883
epigenomics_7305_map_160,10325.695516644217,175.53497949036273
epigenomics_7305_map_161,9709.183719946475,177.60907530135145
epigenomics_7305_map_162,9654.788898571403,184.8137195608755
epigenomics_7305_map_163,9765.053838124622,192.11778783952585
epigenomics_7305_map_164,9826.729496735366,181.79814837205632
epigenomics_7305_map_165,10034.963520020365,180.07413533308403
epigenomics_7305_map_166,10352.440060602848,187.273770703644
epigenomics_7305_map_167,9918.358500579125,187.1558170774123
epigenomics_7305_map_168,10394.24289906638,181.3897268426495
epigenomics_7305_map_169,9263.265864854913,188.38636773153274
epigenomics_7305_map_170,9885.804478950104,184.27508946677898
epigenomics_7305_map_171,10202.968894930838,186.52125593193244
epigenomics_7305_map_172,10576.81822091853,194.34316154866414
epigenomics_7305_map_173,10941.83385015481,185.75138255725503
epigenomics_7305_map_174,9963.733951470898,185.4454968011179
epigenomics_7305_map_175,10166.05335834657,183.86308413064657
epigenomics_7305_map_176,10042.955631711542,187.6976249243834
epigenomics_7305_map_177,10372.664673146412,183.66549033174186
epigenomics_7305_map_178,9590.256675338434,184.5370898223688
epigenomics_7305_map_179,9700.871279402492,177.13410950113806
epigenomics_7305_map_180,10129.003590804343,190.05814295527858
epigenomics_7305_map_181,9179.299994277311,185.81814682977367
epigenomics_7305_map_182,10381.478889636956,186.65916475234428
epigenomics_7305_map_183,9305.81878770868,190.09564916479826
epigenomics_7305_map_184,9588.023217726493,182.27411959139235
epigenomics_7305_map_185,9786.475574896676,186.05538261481735
epigenomics_7305_map_186,10947.169707432595,180.1253970528613
epigenomics_7305_map_187,9869.431379561525,191.03710814578665
epigenomics_7305_map_188,9495.288655428903,186.4444443452748
epigenomics_7305_map_189,10698.720185691549,190.0499160248303
epigenomics_7305_map_190,9507.49049739371,180.57978215414533
epigenomics_7305_map_191,10581.410768073623,176.9043874591388
epigenomics_7305_map_192,10329.261034377003,186.66821200999144
epigenomics_7305_map_193,9234.225872475441,182.04163575352686
epigenomics_7305_map_194,9499.449344152148,180.2835704705578
epigenomics_7305_map_195,10403.49945868532,190.20082487260572
epigenomics_7305_map_196,10149.42607382885,184.94751434192423
epigenomics_7305_map_197,9662.331322622344,181.59492938541158
epigenomics_7305_map_198,9478.931323910307,184.0752228919909
epigenomics_7305_map_199,9564.988677093534,186.19775803604105
epigenomics_7305_map_200,10414.746423595974,186.45158244769897
epigenomics_7305_map_201,10085.164090579448,181.58933560717975
epigenomics_7305_map_202,10586.778652330657,182.83855024320403
epigenomics_7305_map_203,8789.790005449513,185.7552235975014
epigenomics_7305_map_204,10061.843728675143,186.99947427647265
epigenomics_7305_map_205,10306.939980047142,181.72583688115725
epigenomics_7305_map_206,10174.218468518684,189.37688583982296
epigenomics_7305_map_207,10305.61733035549,183.5989410928409
epigenomics_7305_map_208,10484.830086263517,176.54764414755215
epigenomics_7305_map_209,9255.361395105114,185.7232326634726
epigenomics_7305_map_210,9882.463723187042,185.6229509376756
epigenomics_7305_map_211,10019.08732283776,185.82050470519616
epigenomics_7305_map_212,10465.50609072793,185.13691343393404
epigenomics_7305_map_213,9685.021617057697,182.269512869357
epigenomics_7305_map_214,10907.680713399906,188.52655618888264
epigenomics_7305_map_215,9718.998566865303,184.02389686173976
epigenomics_7305_map_216,10122.225919702198,187.41495121976763
epigenomics_7305_map_217,9761.907054716825,193.39873051441683
epigenomics_7305_map_218,9923.168662678843,186.2690648549446
epigenomics_7305_map_219,9727.676967768823,189.61045142881983
epigenomics_7305_map_220,10206.438263720984,173.1705995580837
epigenomics_7305_map_221,10398.090410222734,181.98390205606324
epigenomics_7305_map_222,9932.412000280789,183.84990002883478
epigenomics_7305_map_223,9548.30481274293,184.6662799280225
epigenomics_7305_map_224,10159.13220692491,187.13294707679955
epigenomics_7305_map_225,9704.271186857493,182.58139574420937
epigenomics_7305_map_226,9825.757335128072,184.09179000285897
epigenomics_7305_map_227,10231.490444713108,182.33817449233328
epigenomics_7305_map_228,10120.128957228138,188.30049268340818
epigenomics_7305_map_229,9924.26678811629,177.58638767939905
epigenomics_7305_map_230,10217.403590955397,184.8444453105976
epigenomics_7305_map_231,9791.478020451957,188.66172457407907
epigenomics_7305_map_232,9782.517214797519,189.14338301760878
epigenomics_7305_map_233,9931.01032540207,193.16015226259697
epigenomics_7305_map_234,10173.647624067982,189.2845113491363
epigenomics_7305_map_235,10588.115276068707,184.7270600065472
epigenomics_7305_map_236,9702.071690436751,186.7739020729524
epigenomics_7305_map_237,10469.104852544242,182.5253135776568
epigenomics_7305_map_238,10157.171388284225,187.33623153053833
epigenomics_7305_map_239,10622.1100301414,185.37235705428668
epigenomics_7305_map_240,10700.197072683646,179.83580289771282
epigenomics_7305_map_241,9840.410232039318,183.0868423313993
epigenomics_7305_map_242,10896.047819064388,179.76716532855693
epigenomics_7305_map_243,9506.288637087968,192.37860779048157
epigenomics_7305_map_244,10494.614871708429,189.53120764336373
epigenomics_7305_map_245,9368.06228440156,181.0285330883031
epigenomics_7305_map_246,9905.57234171331,185.00797338169988
epigenomics_7305_map_247,10150.582654689166,185.73834165887615
epigenomics_7305_map_248,9533.492182173957,186.6140215796937
epigenomics_7305_map_249,10251.354800990322,183.32217377899374
epigenomics_7305_map_250,9931.934951771582,183.2441638156592
epigenomics_7305_map_251,10065.613839209802,187.9491077266209
epigenomics_7305_map_252,10045.811369108465,182.84353740303607
epigenomics_7305_map_253,10354.390123466952,176.71867830292564
epigenomics_7305_map_254,10064.639790332563,174.73697208414774
epigenomics_7305_map_255,9640.584807534797,182.43757205670684
epigenomics_7305_map_256,9763.228358971326,182.0582135740418
epigenomics_7305_map_257,9787.281348514005,181.51021866251494
epigenomics_7305_map_258,10254.334488334865,193.89944857930888
epigenomics_7305_map_259,9722.423358086742,188.59347620950294
epigenomics_7305_map_260,10090.184845016582,187.0169211995273
epigenomics_7305_map_261,10157.475204643488,185.45557538866325
epigenomics_7305_map_262,10416.263035153186,179.36934438907434
epigenomics_7305_map_263,9939.740403536216,186.61479181200542
epigenomics_7305_map_264,10553.424037574072,177.34064464830982
epigenomics_7305_map_265,10221.673920359866,192.88295496357955
epigenomics_7305_map_266,10068.136570441364,183.1435267472091
epigenomics_7305_map_267,8878.403664855558,182.0593680848298
epigenomics_7305_map_268,9415.456720718148,178.00992774397906
epigenomics_7305_map_269,10214.1171571164,181.5769172599782
epigenomics_7305_map_270,11051.926970081771,183.33395329308777
epigenomics_7305_map_271,9104.662967190285,183.31623388912612
epigenomics_7305_map_272,9850.07149046903,177.36352924864838
epigenomics_7305_map_273,9675.425792794686,187.76170909848227
epigenomics_7305_map_274,10643.693983745403,178.83281555738435
epigenomics_7305_map_275,10197.507874660329,181.48356502043694
epigenomics_7305_map_276,9052.504299004817,185.92182110030612
epigenomics_7305_map_277,10400.117747266162,181.6483073148263
epigenomics_7305_map_278,9302.33764520395,180.30858047870765
epigenomics_7305_map_279,9688.148578347545,189.5780684540391
epigenomics_7305_map_280,10364.683980843789,188.89234511774123
epigenomics_7305_map_281,9677.596150429184,188.2027747752625
epigenomics_7305_map_282,9992.970958800608,190.0372680011699
epigenomics_7305_map_283,9113.28257412555,187.36061127872685
epigenomics_7305_map_284,10732.598369783256,177.25738546523033
epigenomics_7305_map_285,10276.113547141338,186.5465572931121
epigenomics_7305_map_286,10183.793302912043,187.94764691348797
epigenomics_7305_map_287,10199.427094196022,190.35465245939238
epigenomics_7305_map_288,9818.34565835265,185.25408170431967
epigenomics_7305_map_289,10341.938149943377,182.10174093714934
epigenomics_7305_map_290,10329.449389154284,182.68628423072278
epigenomics_7305_map_291,9795.099118589655,185.54465545243315
epigenomics_7305_map_292,10274.2124575903,186.90243720908728
epigenomics_7305_map_293,9757.306613784955,186.28658631810652
epigenomics_7305_map_294,9925.253635119352,181.47876792541075
epigenomics_7305_map_295,11409.770712240075,178.706266573715
epigenomics_7305_map_296,9845.9965392091,189.08464965077832
epigenomics_7305_map_297,9917.499885868048,193.54099721883074
epigenomics_7305_map_298,10257.00425919313,189.74767646361403
epigenomics_7305_map_299,9523.927316424928,186.0272462763529
epigenomics_7305_map_300,9814.092453095378,178.79834530681012
epigenomics_7305_map_301,10350.237551155755,188.32284849139668
epigenomics_7305_map_302,10490.046306265403,175.07983048323572
epigenomics_7305_map_303,9891.231740797199,171.3486969239402
epigenomics_7305_map_304,8813.724249131861,185.07885369842052
epigenomics_7305_map_305,9886.481730018984,180.30575426958626
epigenomics_7305_map_306,9435.568595895571,190.05096365244444
epigenomics_7305_map_307,10410.919077083548,183.912443021177
epigenomics_7305_map_308,9993.775492894254,180.84324599793908
epigenomics_7305_map_309,10391.770630439038,192.46464886817765
epigenomics_7305_map_310,9851.140421234077,180.13880879496838
epigenomics_7305_map_311,10078.615856445042,194.20803286350267
epigenomics_7305_map_312,10894.298110612755,183.47747354635754
epigenomics_7305_map_313,10712.138635071282,193.45765895870704
epigenomics_7305_map_314,9512.104494988493,178.90162613150932
epigenomics_7305_map_315,9910.961681418492,182.9720826326095
epigenomics_7305_map_316,10269.006121855811,183.67567157948278
epigenomics_7305_map_317,11339.641627669833,182.74065327751032
epigenomics_7305_map_318,10806.788603377221,191.18623414964955
epigenomics_7305_map_319,10356.506729477947,181.8207816561961
epigenomics_7305_map_320,9580.631864198656,183.17984996929047
epigenomics_7305_map_321,10192.38018778396,188.5168626491745
epigenomics_7305_map_322,9330.7471240126,182.70538623859318
epigenomics_7305_map_323,9393.945208076395,187.77597371248015
epigenomics_7305_map_324,10738.982604098033,173.82270045708802
epigenomics_7305_map_325,9459.967186165819,188.5071367235113
epigenomics_7305_map_326,9893.905358304002,185.24818390378385
epigenomics_7305_map_327,10189.297851236599,183.43601147491043
epigenomics_7305_map_328,10322.148436350475,177.4229939890611
epigenomics_7305_map_329,10261.064311069278,186.5154413945096
epigenomics_7305_map_330,9953.893942869065,189.15441624745273
epigenomics_7305_map_331,9820.301260332288,179.63039745822078
epigenomics_7305_map_332,10674.161328411328,187.33301378468875
epigenomics_7305_map_333,10461.903320792142,184.32841787295027
epigenomics_7305_map_334,9478.705613643124,188.60054771476865
epigenomics_7305_map_335,10358.833567252022,176.8477206446262
epigenomics_7305_map_336,10075.160411424808,184.42456040815415
epigenomics_7305_map_337,10381.422755471762,192.8913560349984
epigenomics_7305_map_338,9788.956339606977,176.0437268318581
epigenomics_7305_map_339,10427.384756395037,188.87871885952543
epigenomics_7305_map_340,10810.684051725166,187.63872039665364
epigenomics_7305_map_341,11590.758388031993,176.76358313587906
epigenomics_7305_map_342,10089.431867672722,189.97122840108617
epigenomics_7305_map_343,9843.977550260655,182.37579089351166
epigenomics_7305_map_344,9746.20169104615,184.6976187497017
epigenomics_7305_map_345,10762.547712075735,180.83150053214075
epigenomics_7305_map_346,9793.684264680467,185.88224180988783
epigenomics_7305_map_347,10195.976780066312,185.182401267512
epigenomics_7305_map_348,10502.925003963319,180.23237469706783
epigenomics_7305_map_349,9011.782595804441,182.46787784209786
epigenomics_7305_map_350,9028.19370315196,192.02160701433783
epigenomics_7305_map_351,10187.018101951491,183.2832110016287
epigenomics_7305_map_352,10235.2933251642,181.763903189787
epigenomics_7305_map_353,9950.216031483647,181.493395433978
epigenomics_7305_map_354,10439.895845549081,193.42166180987343
epigenomics_7305_map_355,10384.253496588666,171.7299328749574
epigenomics_7305_map_356,10113.349024298652,187.62234598985486
epigenomics_7305_map_357,10589.357647600547,179.16038641238413
epigenomics_7305_map_358,10260.758057807587,183.85467635106505
epigenomics_7305_map_359,10504.074061333795,190.53800672711634
epigenomics_7305_map_360,10723.397657444395,198.13601814356005
epigenomics_7305_map_361,9879.03615105148,183.5769007837198
epigenomics_7305_map_362,9424.482162562517,179.22145629700935
epigenomics_7305_map_363,9171.748785629306,186.29641377984822
epigenomics_7305_map_364,10168.679366744083,185.2234920325057
epigenomics_7305_map_365,9849.118338109392,185.97542428022936
epigenomics_7305_map_366,9708.264254657555,180.27482960067192
epigenomics_7305_map_367,10472.12046041,196.56967199342284
epigenomics_7305_map_368,9841.81101148363,181.97200913104058
epigenomics_7305_map_369,9522.62734889694,184.87937895257238
epigenomics_7305_map_370,9671.855685600825,197.39160245224272
epigenomics_7305_map_371,10522.83310761862,183.8289663313535
epigenomics_7305_map_372,9789.109313137315,181.18434504452208
epigenomics_7305_map_373,10565.932483069691,187.5505476171413
epigenomics_7305_map_374,9311.238194834275,183.51046884051104
epigenomics_7305_map_375,9838.10647049253,176.66108719806928
epigenomics_7305_map_376,10143.095218315793,188.08884413983355
epigenomics_7305_map_377,10595.158220492482,178.61348516437045
epigenomics_7305_map_378,10274.249246596879,188.6310118344596
epigenomics_7305_map_379,9871.225246986703,184.70225923339143
epigenomics_7305_map_380,10218.127735736616,184.6874673494875
epigenomics_7305_map_381,10431.598523906441,184.87108712125558
epigenomics_7305_map_382,10786.751180964355,189.2682020843328
epigenomics_7305_map_383,10944.494508036609,186.26550248003645
epigenomics_7305_map_384,9764.440215886023,186.17900723366878
epigenomics_7305_map_385,9632.032945300092,189.46023801314954
epigenomics_7305_map_386,10994.763318200217,181.75284068783827
epigenomics_7305_map_387,9669.195922029177,186.91962538715381
epigenomics_7305_map_388,9609.489816045789,185.2871238511784
epigenomics_7305_map_389,10203.213001687142,189.1783152796332
epigenomics_7305_map_390,9882.869301564633,181.7047891733756
epigenomics_7305_map_391,9845.182709485562,187.13249756440413
epigenomics_7305_map_392,10105.64718939212,181.43077071439768
epigenomics_7305_map_393,9072.549863964865,178.49640921665736
epigenomics_7305_map_394,9817.950497403153,181.84429865984973
epigenomics_7305_map_395,10260.941483823943,183.59594898331287
epigenomics_7305_map_396,10576.79147504757,182.81996341111667
epigenomics_7305_map_397,10270.593973837204,189.71959641211296
epigenomics_7305_map_398,10777.416477584657,183.63118153645323
epigenomics_7305_map_399,9902.595551440589,190.19865175706292
epigenomics_7305_map_400,9945.29001723497,187.36583622110942
epigenomics_7305_map_401,10351.193097798083,185.30733124932854
epigenomics_7305_map_402,9349.136127752172,175.0417187059627
epigenomics_7305_map_403,11004.594546840477,195.9047221097466
epigenomics_7305_map_404,9469.844118385734,179.1374252452406
epigenomics_7305_map_405,10616.002704820841,190.33292918282874
epigenomics_7305_map_406,10089.050004947578,181.47048148783412
epigenomics_7305_map_407,10974.098321154435,190.18667602167397
epigenomics_7305_map_408,10635.086953629367,182.99059080195937
epigenomics_7305_map_409,10259.987646778989,184.26327408307904
epigenomics_7305_map_410,9572.000134114598,174.756045703108
epigenomics_7305_map_411,10206.840580855074,191.5329313109351
epigenomics_7305_map_412,9789.863319369586,189.67286862549958
epigenomics_7305_map_413,8937.786244939642,192.7033919852698
epigenomics_7305_map_414,9818.409227173626,194.01852309006165
epigenomics_7305_map_415,9898.484407723929,188.11693601595147
epigenomics_7305_map_416,8901.980373301907,183.85445192733312
epigenomics_7305_map_417,10433.700796065852,176.60703985003548
epigenomics_7305_map_418,10328.05758233268,187.48321118884945
epigenomics_7305_map_419,10431.893575454535,187.2269991190685
epigenomics_7305_map_420,9300.439728660462,197.01789114526807
epigenomics_7305_map_421,11354.059003513608,187.15691929261934
epigenomics_7305_map_422,9914.105094651502,181.0966083890471
epigenomics_7305_map_423,9668.931499037708,195.27423416289648
epigenomics_7305_map_424,9979.348599553337,181.06293272631444
epigenomics_7305_map_425,9895.947490156965,176.70342965513754
epigenomics_7305_map_426,10587.435555465756,187.41199564071198
epigenomics_7305_map_427,10379.752514107015,182.46034946523469
epigenomics_7305_map_428,10023.957613172239,178.5745595589639
epigenomics_7305_map_429,10929.354588830136,183.49174803513063
epigenomics_7305_map_430,10151.293609540327,185.0205435803377
epigenomics_7305_map_431,9978.238491801552,181.31298304415827
epigenomics_7305_map_432,9717.683198083976,179.9584023462393
epigenomics_7305_map_433,9367.035008421193,181.20310200929129
epigenomics_7305_map_434,9922.620820099904,188.68627585289198
epigenomics_7305_map_435,9793.069849213949,184.38143913500485
epigenomics_7305_map_436,10213.710363512453,188.59426743156146
epigenomics_7305_map_437,10336.99317783323,185.37509295513377
epigenomics_7305_map_438,10564.545180764204,179.80551017312808
epigenomics_7305_map_439,10073.227483464292,190.0402962099058
epigenomics_7305_map_440,9135.924488110699,190.63986418942756
epigenomics_7305_map_441,10644.820048739117,187.6880999953809
epigenomics_7305_map_442,9947.340280903538,184.1592248289646
epigenomics_7305_map_443,9562.310060094887,185.03706515958078
epigenomics_7305_map_444,10807.930653011494,190.2735402372202
epigenomics_7305_map_445,10404.02071522375,186.22204096230706
epigenomics_7305_map_446,10262.702533750535,189.05723158211435
epigenomics_7305_map_447,10238.247478451724,182.05654166602093
epigenomics_7305_map_448,9554.289652622752,186.9450593469685
epigenomics_7305_map_449,10810.979787349297,190.74898584560114
epigenomics_7305_map_450,9571.625912483449,181.75339782314376
epigenomics_7305_map_451,9172.175664677286,183.05688569079595
epigenomics_7305_map_452,9952.443795705922,187.44414135543096
epigenomics_7305_map_453,10134.24853915566,184.0108346693075
epigenomics_7305_map_454,9942.251095264739,189.40032813382584
epigenomics_7305_map_455,10151.098572532628,187.4470668334684
epigenomics_7305_map_456,10374.238576142734,186.49544717750862
epigenomics_7305_map_457,9515.31763071442,184.43642739732815
epigenomics_7305_map_458,10475.18726764855,190.67744653905913
epigenomics_7305_map_459,8407.872031528339,194.08001986649262
epigenomics_7305_map_460,9926.114380538913,185.7840344937355
epigenomics_7305_map_461,9928.563666665188,182.8533582584589
epigenomics_7305_map_462,10679.441347014777,188.31983118956356
epigenomics_7305_map_463,10664.92325743431,179.84230341072566
epigenomics_7305_map_464,9949.65175279462,189.07709300324936
epigenomics_7305_map_465,9953.523801154932,192.37537019652453
epigenomics_7305_map_466,9713.586847436212,179.6321573327576
epigenomics_7305_map_467,10096.217421157451,181.99558959612978
epigenomics_7305_map_468,9803.358720175022,184.7171777391403
epigenomics_7305_map_469,10697.764834373023,184.47394589706283
epigenomics_7305_map_470,9896.88606421093,190.5877940102053
epigenomics_7305_map_471,10501.130073624252,189.99954109208804
epigenomics_7305_map_472,10510.714614424587,186.6891004701279
epigenomics_7305_map_473,10400.869860877528,184.42969733258417
epigenomics_7305_map_474,9862.20502556958,178.9458179953519
epigenomics_7305_map_475,10458.676837659692,184.881727476959
epigenomics_7305_map_476,9525.789957492534,181.4004703002545
epigenomics_7305_map_477,10800.331226371363,187.71574630372092
epigenomics_7305_map_478,10420.371185628132,178.97563273193998
epigenomics_7305_map_479,10457.760122248405,189.7642204538958
epigenomics_7305_map_480,10221.349171809128,188.0205803802504
epigenomics_7305_map_481,9878.557467835395,185.30548065249198
epigenomics_7305_map_482,10346.15027471226,188.1159519831303
epigenomics_7305_map_483,10036.329916913288,185.47980341218658
epigenomics_7305_map_484,10169.881436166359,177.1003356376861
epigenomics_7305_map_485,9204.965790354023,193.0812901120334
epigenomics_7305_map_486,9483.707755672616,193.79512197039827
epigenomics_7305_map_487,10587.420283847045,176.93604754436177
epigenomics_7305_map_488,9478.126878899639,189.52814222543222
epigenomics_7305_map_489,10216.61525096575,183.02987966719297
epigenomics_7305_map_490,9855.16492711285,186.1939868898382
epigenomics_7305_map_491,10016.926393299333,179.04548978851918
epigenomics_7305_map_492,9882.062826768979,189.65247773806013
epigenomics_7305_map_493,10860.33635355128,180.44368552798187
epigenomics_7305_map_494,9662.403454666104,196.14676097748162
epigenomics_7305_map_495,9587.025475006069,185.3261084072648
epigenomics_7305_map_496,9482.43620506168,182.34106146172644
epigenomics_7305_map_497,10775.359988307122,184.04211887745663
epigenomics_7305_map_498,10118.77408031548,180.93570329116832
epigenomics_7305_map_499,9577.914193071932,174.29109865384734
epigenomics_7305_mapMerge1_0,93.9640393774616,121.55688083576668
epigenomics_7305_mapMerge1_1,119.43207402589977,116.50797580088266
epigenomics_7305_mapMerge2_0,113.6887698435858,136.36477997690554
epigenomics_7305_chr21_0,145.32888197791934,49.83799740133855
epigenomics_7305_pileup_0,209.70038318238693,113.59402860861913
