request,latency,mem
epigenomics_1960_entry_0,1.0,1.0
epigenomics_1960_fastqSplit_0,68.09858452324482,110.30937175931277
epigenomics_1960_fastqSplit_1,45.778538954889534,94.83579091375209
epigenomics_1960_filterContams_0,14.799653140839194,63.974139678738744
epigenomics_1960_filterContams_1,21.214286331093824,59.49707780960612
epigenomics_1960_filterContams_2,20.520792406424864,49.29432377626878
epigenomics_1960_filterContams_3,20.372929609475598,65.72057210872487
epigenomics_1960_filterContams_4,22.09621065747241,57.87150452895537
epigenomics_1960_filterContams_5,21.041955272328188,53.463414077551775
epigenomics_1960_filterContams_6,21.977054056350635,61.40539160915236
epigenomics_1960_filterContams_7,14.653833118649395,69.71606940919882
epigenomics_1960_filterContams_8,16.269469568135705,54.32348547715169
epigenomics_1960_filterContams_9,18.99236455985382,66.84633717156423
epigenomics_1960_filterContams_10,19.125031907389907,66.70447679871883
epigenomics_1960_filterContams_11,20.57959970454673,53.69425789190994
epigenomics_1960_filterContams_12,19.953353063147226,59.719001754691035
epigenomics_1960_filterContams_13,18.021732711993735,60.171728431036236
epigenomics_1960_filterContams_14,17.90918483790753,74.703849428327
epigenomics_1960_filterContams_15,21.57707055825877,62.4186759860046
epigenomics_1960_filterContams_16,19.879929660937975,66.89392402004663
epigenomics_1960_filterContams_17,22.54062997099689,62.90515184116325
epigenomics_1960_filterContams_18,23.043716915937257,60.06864718492565
epigenomics_1960_filterContams_19,23.962175900003125,66.15591185966137
epigenomics_1960_filterContams_20,18.21869541444118,60.96827776097104
epigenomics_1960_filterContams_21,19.731984300894496,46.494387386082785
epigenomics_1960_filterContams_22,22.013711025646266,64.26364377389667
epigenomics_1960_filterContams_23,16.48808160794084,70.27426227171598
epigenomics_1960_filterContams_24,25.255777486335948,69.78274313814832
epigenomics_1960_filterContams_25,18.597047494538238,66.03295054805007
epigenomics_1960_filterContams_26,18.505737782939843,59.03085558673618
epigenomics_1960_filterContams_27,19.989447261350605,68.86235672625166
epigenomics_1960_filterContams_28,17.84879561155331,58.66397428748519
epigenomics_1960_filterContams_29,19.73794094426369,75.02365539772154
epigenomics_1960_filterContams_30,17.796050504915378,71.90881089924272
epigenomics_1960_filterContams_31,18.800395476846063,69.83988415673653
epigenomics_1960_filterContams_32,17.63630188771368,67.67040762035967
epigenomics_1960_filterContams_33,18.05785012516754,63.52114575228344
epigenomics_1960_filterContams_34,16.865403683572953,69.79673271460895
epigenomics_1960_filterContams_35,26.546491721739496,59.168466212214234
epigenomics_1960_filterContams_36,24.119330677678207,67.73356734631739
epigenomics_1960_filterContams_37,17.888871639645167,56.342936330395574
epigenomics_1960_filterContams_38,17.703170300321304,65.59936373895901
epigenomics_1960_filterContams_39,22.3641265705448,67.01897208765907
epigenomics_1960_filterContams_40,14.4268131598748,60.302419874003355
epigenomics_1960_filterContams_41,21.776042581166447,65.73826189541131
epigenomics_1960_filterContams_42,18.881939406553126,72.58294955770548
epigenomics_1960_filterContams_43,21.89332561093423,60.66361715831281
epigenomics_1960_filterContams_44,17.743145510817257,62.08082936623907
epigenomics_1960_filterContams_45,18.817158401111143,73.86630043150743
epigenomics_1960_filterContams_46,17.86446937865035,64.01390679717932
epigenomics_1960_filterContams_47,25.55201131172243,61.33383133356024
epigenomics_1960_filterContams_48,20.7952048305039,71.0367419275161
epigenomics_1960_filterContams_49,18.473975054742418,72.34615702637198
epigenomics_1960_filterContams_50,25.231152041260508,59.52433630095654
epigenomics_1960_filterContams_51,12.250579315602623,67.69645182651155
epigenomics_1960_filterContams_52,19.35404946988297,68.4672494664191
epigenomics_1960_filterContams_53,13.082177559750178,70.11618534710271
epigenomics_1960_filterContams_54,23.821261435332566,73.67308148400721
epigenomics_1960_filterContams_55,22.642013724773108,55.323104095209885
epigenomics_1960_filterContams_56,23.050218647470217,45.4673249041269
epigenomics_1960_filterContams_57,18.47403018770023,62.25858351761805
epigenomics_1960_filterContams_58,15.259189368893734,64.06873227589642
epigenomics_1960_filterContams_59,20.964820112235426,68.6246010481649
epigenomics_1960_filterContams_60,21.980472778088583,70.7409655641823
epigenomics_1960_filterContams_61,17.65582862935421,57.60095741050479
epigenomics_1960_filterContams_62,20.620316195262145,69.42705938973623
epigenomics_1960_filterContams_63,20.55050428244536,59.551143011614485
epigenomics_1960_filterContams_64,21.370882536381913,65.15839967757584
epigenomics_1960_filterContams_65,19.974955155040178,63.395517364698904
epigenomics_1960_filterContams_66,22.60173656939709,76.04012603492556
epigenomics_1960_filterContams_67,15.870795356391172,63.14737142636121
epigenomics_1960_filterContams_68,13.900359004659688,75.50512239252691
epigenomics_1960_filterContams_69,21.73699793167768,79.66345951369917
epigenomics_1960_filterContams_70,15.464708358998738,67.45930405544114
epigenomics_1960_filterContams_71,22.70700907576281,66.44540709519285
epigenomics_1960_filterContams_72,17.963318040034068,71.66818524963207
epigenomics_1960_filterContams_73,18.15052567066613,58.864463606474274
epigenomics_1960_filterContams_74,24.98819973368263,61.1005247712259
epigenomics_1960_filterContams_75,19.35423486204299,66.482680234148
epigenomics_1960_filterContams_76,19.693974938629985,69.92245275156566
epigenomics_1960_filterContams_77,17.66977293815876,67.50181981045424
epigenomics_1960_filterContams_78,23.19948673542816,67.3881686676567
epigenomics_1960_filterContams_79,26.11697725730209,65.09273453116245
epigenomics_1960_filterContams_80,14.736949676261485,69.83239380669633
epigenomics_1960_filterContams_81,21.32957925897429,69.7016264412811
epigenomics_1960_filterContams_82,21.225840925883634,64.52094890108599
epigenomics_1960_filterContams_83,18.470142157774106,74.92050074962789
epigenomics_1960_filterContams_84,22.252254901821896,75.6032115709322
epigenomics_1960_filterContams_85,23.6083341038929,57.28840036744532
epigenomics_1960_filterContams_86,18.09540601474052,57.528086668629534
epigenomics_1960_filterContams_87,23.050080708440788,61.17975522257542
epigenomics_1960_filterContams_88,16.570234383790165,49.31851490346332
epigenomics_1960_filterContams_89,21.59501954799931,54.80302305032319
epigenomics_1960_filterContams_90,22.038880673745226,61.28786119763622
epigenomics_1960_filterContams_91,19.128714776966863,61.88902659962547
epigenomics_1960_filterContams_92,20.928933354475365,57.19462678680072
epigenomics_1960_filterContams_93,17.66901480477547,63.50877314626904
epigenomics_1960_filterContams_94,17.786862111257115,73.41818213794846
epigenomics_1960_filterContams_95,18.69924559857337,58.43428124228784
epigenomics_1960_filterContams_96,19.183495366648906,43.554353591655065
epigenomics_1960_filterContams_97,20.34567260143985,59.52048150831466
epigenomics_1960_filterContams_98,24.23192626704369,52.39595250369307
epigenomics_1960_filterContams_99,14.540373059435534,66.2812331948631
epigenomics_1960_filterContams_100,17.60614249993414,62.76094664019495
epigenomics_1960_filterContams_101,21.665966519228675,54.65054610070024
epigenomics_1960_filterContams_102,24.557488930428494,67.60099732367969
epigenomics_1960_filterContams_103,24.396090560527497,68.83054832282905
epigenomics_1960_filterContams_104,16.829596910106332,56.39654462571312
epigenomics_1960_filterContams_105,21.012071827971603,72.65900373991677
epigenomics_1960_filterContams_106,20.713614880161813,61.89531973026195
epigenomics_1960_filterContams_107,22.178320186689593,63.705997508013965
epigenomics_1960_filterContams_108,18.275444772742794,52.50256035570809
epigenomics_1960_filterContams_109,23.575811920006338,69.90261230206357
epigenomics_1960_filterContams_110,18.576970098838267,39.11274140381579
epigenomics_1960_filterContams_111,19.59113763688313,57.8026489197769
epigenomics_1960_filterContams_112,19.959627219144963,88.42525741067043
epigenomics_1960_filterContams_113,20.04616356354345,55.47164755666245
epigenomics_1960_filterContams_114,21.304945718031146,76.95730508220002
epigenomics_1960_filterContams_115,27.203617608956016,60.777809582336594
epigenomics_1960_filterContams_116,15.345426275415573,64.25912581998932
epigenomics_1960_filterContams_117,18.223557984099347,71.88731010045728
epigenomics_1960_filterContams_118,16.072040915013453,67.99966470471401
epigenomics_1960_filterContams_119,18.776541522002724,65.61867411378924
epigenomics_1960_filterContams_120,25.186418282042396,74.37022229885949
epigenomics_1960_filterContams_121,23.024473045634153,69.50902106540798
epigenomics_1960_filterContams_122,23.666637537926132,65.44987777766764
epigenomics_1960_filterContams_123,17.653811549577576,58.01180869296981
epigenomics_1960_filterContams_124,21.291185046508353,60.21390779399197
epigenomics_1960_filterContams_125,16.935704003349173,63.6929674688707
epigenomics_1960_filterContams_126,20.697787617645993,63.67779863180427
epigenomics_1960_filterContams_127,20.86996662554371,62.06979720107829
epigenomics_1960_filterContams_128,27.156253101710917,71.3659744176539
epigenomics_1960_filterContams_129,16.517138559660182,54.869152547744285
epigenomics_1960_filterContams_130,20.637280666952943,58.88500237859734
epigenomics_1960_filterContams_131,23.178223343989703,63.33256158101104
epigenomics_1960_filterContams_132,25.001152780108526,68.53821750668254
epigenomics_1960_filterContams_133,17.151296874926874,51.40568085338124
epigenomics_1960_filterContams_134,18.064070587018428,61.34824739764694
epigenomics_1960_filterContams_135,22.735911714302954,72.14765276165384
epigenomics_1960_filterContams_136,19.70848753378522,62.00216457148576
epigenomics_1960_filterContams_137,27.20826663383822,74.03832233963361
epigenomics_1960_filterContams_138,15.3665516942067,69.2716075851795
epigenomics_1960_filterContams_139,21.946571672784945,72.68364564656873
epigenomics_1960_filterContams_140,19.81556890094883,64.48573291866185
epigenomics_1960_filterContams_141,16.5913537537947,73.44157284938811
epigenomics_1960_filterContams_142,18.169879344318936,61.42505142545792
epigenomics_1960_filterContams_143,17.565496439529756,58.91932614345658
epigenomics_1960_filterContams_144,22.397236289826395,62.83270606626587
epigenomics_1960_filterContams_145,21.14659779091953,76.72726084226656
epigenomics_1960_filterContams_146,19.477180088479805,66.61644243639904
epigenomics_1960_filterContams_147,23.263655663003227,70.72293586579774
epigenomics_1960_filterContams_148,17.758558140965718,56.929143835296145
epigenomics_1960_filterContams_149,18.721224651608587,57.929685099103835
epigenomics_1960_filterContams_150,21.715239720850086,64.47734533229062
epigenomics_1960_filterContams_151,19.6944518188229,56.37299466809592
epigenomics_1960_filterContams_152,25.84070280775391,69.36487643482384
epigenomics_1960_filterContams_153,14.092969518782208,66.09731456525952
epigenomics_1960_filterContams_154,26.262441716321963,52.3340220033987
epigenomics_1960_filterContams_155,24.94899876863166,65.10117344859181
epigenomics_1960_filterContams_156,17.872115837963737,70.63759522711636
epigenomics_1960_filterContams_157,28.7259656079114,62.92108000098593
epigenomics_1960_filterContams_158,17.634169985957477,50.696144683208566
epigenomics_1960_filterContams_159,18.155608350941407,68.84298117344693
epigenomics_1960_filterContams_160,17.154616546746094,73.34213403126834
epigenomics_1960_filterContams_161,18.26548249978504,78.32962148419524
epigenomics_1960_filterContams_162,12.844413947974147,61.12532519299364
epigenomics_1960_filterContams_163,21.852123038501574,69.20127203581636
epigenomics_1960_filterContams_164,19.55664253007742,64.86796214216967
epigenomics_1960_filterContams_165,18.44921206146137,73.43681130447997
epigenomics_1960_filterContams_166,18.65047764765255,70.46440251842667
epigenomics_1960_filterContams_167,24.213247733141166,78.36961160170671
epigenomics_1960_filterContams_168,15.606580724931678,70.25323687260574
epigenomics_1960_filterContams_169,17.86725538384276,66.31979291504183
epigenomics_1960_filterContams_170,16.573831489883297,62.72473689459788
epigenomics_1960_filterContams_171,20.55678505099341,71.18286064508996
epigenomics_1960_filterContams_172,20.91190828407438,69.05354241220918
epigenomics_1960_filterContams_173,24.39946696690799,77.59718059029957
epigenomics_1960_filterContams_174,22.128889547903967,74.56683672001054
epigenomics_1960_filterContams_175,22.147503052189762,64.16384017636346
epigenomics_1960_filterContams_176,21.170511524594424,65.2169465226608
epigenomics_1960_filterContams_177,12.627075500188036,71.61786704605835
epigenomics_1960_filterContams_178,13.36739617158752,62.039862463036116
epigenomics_1960_filterContams_179,18.312346329691145,55.30064571608398
epigenomics_1960_filterContams_180,21.77043033646267,62.814846246489395
epigenomics_1960_filterContams_181,18.031518988060142,56.05077387912876
epigenomics_1960_filterContams_182,16.019263980963835,71.99629423025732
epigenomics_1960_filterContams_183,23.631788930045495,68.10677416814899
epigenomics_1960_filterContams_184,20.756449304052012,66.82835247558923
epigenomics_1960_filterContams_185,22.707673556563186,56.68931705591703
epigenomics_1960_filterContams_186,17.08630206994892,69.9705894004451
epigenomics_1960_filterContams_187,19.076757873302498,65.96388960473372
epigenomics_1960_filterContams_188,23.597377290845962,85.5404503064445
epigenomics_1960_filterContams_189,15.951241174344261,65.6303521127327
epigenomics_1960_filterContams_190,19.826926865314523,65.37186847423054
epigenomics_1960_filterContams_191,24.683510534313825,51.002139953931604
epigenomics_1960_filterContams_192,21.22676366374371,71.53761874560387
epigenomics_1960_filterContams_193,22.48932296409986,62.351967918605325
epigenomics_1960_filterContams_194,18.273672410645048,60.83820362555851
epigenomics_1960_filterContams_195,22.45590291600603,51.94205992762434
epigenomics_1960_filterContams_196,22.341335521288116,61.78659317836919
epigenomics_1960_filterContams_197,16.54416881774942,63.27850859237914
epigenomics_1960_filterContams_198,20.387947202965048,54.740385703474104
epigenomics_1960_filterContams_199,22.431286018958914,64.22105672729606
epigenomics_1960_filterContams_200,20.454420578847788,70.8586597643831
epigenomics_1960_filterContams_201,21.54194925371476,53.16050946909768
epigenomics_1960_filterContams_202,16.753681962607672,55.64659969256898
epigenomics_1960_filterContams_203,21.1002786946647,71.2159731277788
epigenomics_1960_filterContams_204,23.448162234728322,56.539457206125036
epigenomics_1960_filterContams_205,22.182090041310126,54.81596076449289
epigenomics_1960_filterContams_206,19.243590649005984,70.43931765583505
epigenomics_1960_filterContams_207,19.479086955688125,74.19834164982137
epigenomics_1960_filterContams_208,18.676540843143634,88.94148844510752
epigenomics_1960_filterContams_209,19.501570451211467,67.69928014044804
epigenomics_1960_filterContams_210,16.146188341664853,64.28921325139501
epigenomics_1960_filterContams_211,22.387042262185982,62.260930761283035
epigenomics_1960_filterContams_212,14.154514812991389,72.39993056805044
epigenomics_1960_filterContams_213,21.893240619778556,65.55710664059164
epigenomics_1960_filterContams_214,23.140766080942992,66.1326807053149
epigenomics_1960_filterContams_215,22.577457931939733,71.80226166009152
epigenomics_1960_filterContams_216,21.65348377923762,56.658683069569115
epigenomics_1960_filterContams_217,25.37388400983059,78.69131576674799
epigenomics_1960_filterContams_218,22.307277822791207,71.4085321115235
epigenomics_1960_filterContams_219,20.176893666046215,62.37124792871394
epigenomics_1960_filterContams_220,21.462519903598224,71.59782822767129
epigenomics_1960_filterContams_221,18.226817136978788,59.27020734048194
epigenomics_1960_filterContams_222,22.02399826109162,58.1751201959328
epigenomics_1960_filterContams_223,19.336269075676903,55.623599839015114
epigenomics_1960_filterContams_224,21.205426948764792,61.40734004364378
epigenomics_1960_filterContams_225,23.134555162937637,63.449952700812446
epigenomics_1960_filterContams_226,20.715071738688042,74.2819628391529
epigenomics_1960_filterContams_227,19.42178101941038,65.69884208324588
epigenomics_1960_filterContams_228,23.88517980256385,63.38492002138575
epigenomics_1960_filterContams_229,18.39745047134826,73.60835591200455
epigenomics_1960_filterContams_230,20.291123933030427,80.64587204590549
epigenomics_1960_filterContams_231,15.76150799329047,61.98314817851717
epigenomics_1960_filterContams_232,18.10112075743107,90.30283567104979
epigenomics_1960_filterContams_233,20.476280521353043,76.35158716249823
epigenomics_1960_filterContams_234,22.77695105389546,52.60059041037299
epigenomics_1960_filterContams_235,17.038663714468925,71.8230151521191
epigenomics_1960_filterContams_236,22.958878458634437,60.4870990676997
epigenomics_1960_filterContams_237,21.11316426909513,58.36915032136126
epigenomics_1960_filterContams_238,22.406232132288384,71.07247167337258
epigenomics_1960_filterContams_239,15.960742538899922,58.96460391222272
epigenomics_1960_filterContams_240,20.12871374665547,50.93760971481956
epigenomics_1960_filterContams_241,24.775881842797446,73.97590333943047
epigenomics_1960_filterContams_242,19.355491798945682,71.00698169645321
epigenomics_1960_filterContams_243,17.4365493707337,63.85718577509319
epigenomics_1960_filterContams_244,18.23735251455201,73.54683584155447
epigenomics_1960_filterContams_245,20.64145746009954,74.28774942483827
epigenomics_1960_filterContams_246,17.33395614440029,59.3453936908317
epigenomics_1960_filterContams_247,22.513310683567017,65.74945130321545
epigenomics_1960_filterContams_248,23.465531743434813,58.5510124400568
epigenomics_1960_filterContams_249,16.54782241798036,84.55220278143128
epigenomics_1960_filterContams_250,21.735371420221703,65.44275719013883
epigenomics_1960_filterContams_251,20.07927542924725,67.36440023070706
epigenomics_1960_filterContams_252,18.945849467161636,41.86069863751654
epigenomics_1960_filterContams_253,20.32008290100612,62.2278826561136
epigenomics_1960_filterContams_254,19.53047295853631,65.9352873133447
epigenomics_1960_filterContams_255,22.93527827573145,62.569673546456336
epigenomics_1960_filterContams_256,18.93495788016254,53.43166330216938
epigenomics_1960_filterContams_257,20.142687625029527,64.20188596504532
epigenomics_1960_filterContams_258,20.01342392921728,59.345295502880376
epigenomics_1960_filterContams_259,17.86958713569232,73.17389712033105
epigenomics_1960_filterContams_260,24.21962881383184,53.57248173579508
epigenomics_1960_filterContams_261,19.30592805605076,60.88449932318847
epigenomics_1960_filterContams_262,24.711313988313236,69.3389272406001
epigenomics_1960_filterContams_263,17.09759922562713,58.295152546140905
epigenomics_1960_filterContams_264,22.722528574069067,59.8707432860521
epigenomics_1960_filterContams_265,18.73162125865596,66.1379200801787
epigenomics_1960_filterContams_266,17.989746979178687,58.6113586802815
epigenomics_1960_filterContams_267,17.39065613192187,72.2158355545129
epigenomics_1960_filterContams_268,18.2542865271896,67.08523285304908
epigenomics_1960_filterContams_269,17.742180597969657,50.85465079107443
epigenomics_1960_filterContams_270,21.757063801524627,66.70646174528235
epigenomics_1960_filterContams_271,21.73648077669925,73.64313207363311
epigenomics_1960_filterContams_272,23.171589314673472,58.890038690509584
epigenomics_1960_filterContams_273,15.862630276314423,57.75623227437471
epigenomics_1960_filterContams_274,14.279480975024018,54.13829004725194
epigenomics_1960_filterContams_275,24.92471494997065,62.35119260921699
epigenomics_1960_filterContams_276,15.691264150555076,57.18427944328343
epigenomics_1960_filterContams_277,22.30721773472389,61.66517551105708
epigenomics_1960_filterContams_278,24.505850628716026,62.43148244963045
epigenomics_1960_filterContams_279,21.076747674103757,60.94980762925733
epigenomics_1960_filterContams_280,17.34080740265691,54.14876101259805
epigenomics_1960_filterContams_281,21.507457773055446,62.31968350351058
epigenomics_1960_filterContams_282,10.177182782470908,42.829941034783474
epigenomics_1960_filterContams_283,18.747695061676467,65.60373933615323
epigenomics_1960_filterContams_284,26.42604772168426,67.86978723222957
epigenomics_1960_filterContams_285,15.32782234873954,67.12711109330846
epigenomics_1960_filterContams_286,21.206953419337776,47.11058385373708
epigenomics_1960_filterContams_287,15.989994510569808,66.0928757457189
epigenomics_1960_filterContams_288,20.354534752352496,54.58243995681464
epigenomics_1960_filterContams_289,22.060507869050195,62.6127936655681
epigenomics_1960_filterContams_290,20.203058982171157,41.04410771881929
epigenomics_1960_filterContams_291,18.281193080627805,55.931650108777674
epigenomics_1960_filterContams_292,25.794900340076715,62.3980993388256
epigenomics_1960_filterContams_293,16.296077650643433,59.35931069544443
epigenomics_1960_filterContams_294,23.944140408807115,62.259607820976775
epigenomics_1960_filterContams_295,15.424821962633274,66.68215198927363
epigenomics_1960_filterContams_296,16.530188538467584,71.68291969097336
epigenomics_1960_filterContams_297,17.710023340264765,79.71986002861293
epigenomics_1960_filterContams_298,22.24064494972334,70.70969751452758
epigenomics_1960_filterContams_299,18.152256498438952,68.31628566017257
epigenomics_1960_filterContams_300,23.05230054996753,57.71488614890642
epigenomics_1960_filterContams_301,17.325183539874637,71.50665530769425
epigenomics_1960_filterContams_302,16.960373057841146,78.99881184800628
epigenomics_1960_filterContams_303,22.2015967482186,50.06961818455781
epigenomics_1960_filterContams_304,21.320067456139068,62.506162239361686
epigenomics_1960_filterContams_305,18.506513701562852,71.4572373736835
epigenomics_1960_filterContams_306,16.899510436548585,78.18995489485889
epigenomics_1960_filterContams_307,22.130355201201176,67.99398962203662
epigenomics_1960_filterContams_308,18.658703824085425,67.31371047857381
epigenomics_1960_filterContams_309,17.543313999595966,59.75981043000681
epigenomics_1960_filterContams_310,24.118953219756506,78.8589255418523
epigenomics_1960_filterContams_311,20.473207672299356,72.94491514509014
epigenomics_1960_filterContams_312,20.422660388969792,62.355532210022815
epigenomics_1960_filterContams_313,18.5648472206939,86.1075104297343
epigenomics_1960_filterContams_314,16.701734832556877,56.071036486179146
epigenomics_1960_filterContams_315,19.49006139695041,59.89403869445848
epigenomics_1960_filterContams_316,20.113221617015846,51.09612714662411
epigenomics_1960_filterContams_317,27.629199022118957,73.83312813070795
epigenomics_1960_filterContams_318,20.992445895130214,74.3688080717659
epigenomics_1960_filterContams_319,16.145298954420905,66.20995746671223
epigenomics_1960_filterContams_320,18.47117747049493,59.14501790688031
epigenomics_1960_filterContams_321,16.38821013921607,67.71074709887179
epigenomics_1960_filterContams_322,21.103997718769392,73.26797988286852
epigenomics_1960_filterContams_323,18.673423003821554,70.2340603266605
epigenomics_1960_filterContams_324,20.8995941596081,54.44902627065408
epigenomics_1960_filterContams_325,21.429244225726258,66.09997756686381
epigenomics_1960_filterContams_326,19.237886624777346,79.9083871713548
epigenomics_1960_filterContams_327,17.585825991772936,54.701409057168746
epigenomics_1960_filterContams_328,21.1703562491269,55.089993698243475
epigenomics_1960_filterContams_329,22.130232554418374,61.67874327650897
epigenomics_1960_filterContams_330,19.2718129565474,60.40524140383086
epigenomics_1960_filterContams_331,18.244115700238353,59.413578804495344
epigenomics_1960_filterContams_332,16.085328289808086,73.06470916422121
epigenomics_1960_filterContams_333,17.08421332241994,76.46140208989667
epigenomics_1960_filterContams_334,23.461244567250798,51.47184597732917
epigenomics_1960_filterContams_335,25.618827509262992,59.73671005852293
epigenomics_1960_filterContams_336,21.933594050793893,69.10356859919598
epigenomics_1960_filterContams_337,20.38114620113667,65.35117216580633
epigenomics_1960_filterContams_338,14.944835578837896,52.79963436113276
epigenomics_1960_filterContams_339,19.106024167535995,73.36789537598004
epigenomics_1960_filterContams_340,15.693663174770762,67.33101149076283
epigenomics_1960_filterContams_341,19.142102195021412,62.01840002918462
epigenomics_1960_filterContams_342,20.66172233435923,48.906066913852584
epigenomics_1960_filterContams_343,14.276668114302126,88.17057754300768
epigenomics_1960_filterContams_344,19.51059927584682,54.156800653364954
epigenomics_1960_filterContams_345,23.100012962397678,65.1579730814558
epigenomics_1960_filterContams_346,22.31864914599417,70.54331632618323
epigenomics_1960_filterContams_347,22.422612020492664,71.50908856453391
epigenomics_1960_filterContams_348,17.893941717322402,67.0224435417027
epigenomics_1960_filterContams_349,19.133615584215853,66.7930537766082
epigenomics_1960_filterContams_350,19.89084051985489,63.48548981076863
epigenomics_1960_filterContams_351,18.753907880282366,57.93648110175684
epigenomics_1960_filterContams_352,21.29534795341754,68.9026436816131
epigenomics_1960_filterContams_353,21.653550731317925,61.88336258814234
epigenomics_1960_filterContams_354,16.12128728936987,55.84842503177032
epigenomics_1960_filterContams_355,17.24045679251407,63.51597748450425
epigenomics_1960_filterContams_356,17.659880865283807,48.38067176171344
epigenomics_1960_filterContams_357,22.77215573188903,64.1933132772149
epigenomics_1960_filterContams_358,19.29263831010146,51.912405018328926
epigenomics_1960_filterContams_359,21.03521053996079,72.44198908009577
epigenomics_1960_filterContams_360,15.984544874024147,67.78008673541738
epigenomics_1960_filterContams_361,21.94603345043414,71.68028324320747
epigenomics_1960_filterContams_362,23.424500979019513,77.32437657202844
epigenomics_1960_filterContams_363,17.246992667427396,51.359276402246465
epigenomics_1960_filterContams_364,22.340562151672817,66.19436237846712
epigenomics_1960_filterContams_365,23.043674578321273,81.05178856606338
epigenomics_1960_filterContams_366,23.772423918389812,73.76593014365002
epigenomics_1960_filterContams_367,22.44326076395439,82.88457647980164
epigenomics_1960_filterContams_368,19.7097971985996,69.81907783755483
epigenomics_1960_filterContams_369,16.709967798743993,52.74605560126106
epigenomics_1960_filterContams_370,19.933659646879406,57.387750975745604
epigenomics_1960_filterContams_371,16.938318530140318,67.2943124007624
epigenomics_1960_filterContams_372,25.09340479444296,70.88599304731034
epigenomics_1960_filterContams_373,24.179882992611,44.40420306550689
epigenomics_1960_filterContams_374,21.72878435505755,60.703487468279896
epigenomics_1960_filterContams_375,17.674457100227794,70.21543160888103
epigenomics_1960_filterContams_376,21.180885809060424,70.32281197169245
epigenomics_1960_filterContams_377,20.244245844898078,68.39103411154805
epigenomics_1960_filterContams_378,12.9180945540516,60.634143276493305
epigenomics_1960_filterContams_379,21.69694902387878,72.43270572309974
epigenomics_1960_filterContams_380,13.438559110940338,63.002855430045024
epigenomics_1960_filterContams_381,22.7277607607699,65.13715216061601
epigenomics_1960_filterContams_382,16.95196906623639,65.48259260582773
epigenomics_1960_filterContams_383,20.01864896680701,82.32932730809026
epigenomics_1960_filterContams_384,19.207344083293357,68.72698273545282
epigenomics_1960_filterContams_385,25.522698367762374,62.69490229996226
epigenomics_1960_filterContams_386,20.7481497916625,60.487464465773904
epigenomics_1960_filterContams_387,19.260006819196402,68.5420189216752
epigenomics_1960_filterContams_388,19.452602755585612,64.70354621517586
epigenomics_1960_filterContams_389,23.209986713325574,69.27609915174426
epigenomics_1960_filterContams_390,19.846610700236035,63.42603131486487
epigenomics_1960_filterContams_391,21.30232515971838,80.19669844666414
epigenomics_1960_filterContams_392,12.661767588274074,71.4700951050052
epigenomics_1960_filterContams_393,20.437661721753276,65.0182956233526
epigenomics_1960_filterContams_394,28.033966183714,49.538268022920434
epigenomics_1960_filterContams_395,20.555221712641536,75.80493524321716
epigenomics_1960_filterContams_396,22.552220101573955,63.372689867016646
epigenomics_1960_filterContams_397,24.764160903102923,66.608214976561
epigenomics_1960_filterContams_398,18.213001877668116,64.51162041274637
epigenomics_1960_filterContams_399,17.96264488727486,63.05426847922477
epigenomics_1960_filterContams_400,17.848997168576453,57.48978219864314
epigenomics_1960_filterContams_401,22.771206174672947,53.552067588315005
epigenomics_1960_filterContams_402,15.622878527916686,69.73162139341532
epigenomics_1960_filterContams_403,17.30229352575256,62.7880845664163
epigenomics_1960_filterContams_404,20.320381881530857,66.47582249850817
epigenomics_1960_filterContams_405,15.607624539777763,73.50432156348924
epigenomics_1960_filterContams_406,21.916468400192763,72.92359207340886
epigenomics_1960_filterContams_407,20.138650236699295,79.13344242658849
epigenomics_1960_filterContams_408,10.673208803097662,63.373610263771745
epigenomics_1960_filterContams_409,20.593096604523915,63.65741665735847
epigenomics_1960_filterContams_410,25.744486572008178,78.57119407636804
epigenomics_1960_filterContams_411,21.398922601395373,73.2522946615191
epigenomics_1960_filterContams_412,23.678537737723868,54.949767922214555
epigenomics_1960_filterContams_413,16.625086317367384,64.64302379948872
epigenomics_1960_filterContams_414,24.18005636294707,63.18608550630908
epigenomics_1960_filterContams_415,18.951042966222307,81.52593381175322
epigenomics_1960_filterContams_416,21.709541848393815,67.53712208619832
epigenomics_1960_filterContams_417,21.401008802078692,65.3132496982918
epigenomics_1960_filterContams_418,13.190036107812233,67.37504123143573
epigenomics_1960_filterContams_419,21.43805822555255,66.89321025237447
epigenomics_1960_filterContams_420,19.058006385023496,55.24833828275713
epigenomics_1960_filterContams_421,19.960385117476406,63.14151024272781
epigenomics_1960_filterContams_422,14.722462170945214,58.450689008443426
epigenomics_1960_filterContams_423,20.118461192923412,64.70621328754298
epigenomics_1960_filterContams_424,18.69857084196658,65.77355368372807
epigenomics_1960_filterContams_425,16.931614249296445,50.14523473777852
epigenomics_1960_filterContams_426,24.965705516502304,57.59580685956303
epigenomics_1960_filterContams_427,23.875591438086765,58.522855914749854
epigenomics_1960_filterContams_428,18.779356525664912,63.11252842151946
epigenomics_1960_filterContams_429,20.81176140528397,86.25042564760389
epigenomics_1960_filterContams_430,19.511165947786832,73.52980208993289
epigenomics_1960_filterContams_431,16.359631352310316,54.88718953945131
epigenomics_1960_filterContams_432,18.85820444794243,74.09385379373953
epigenomics_1960_filterContams_433,25.918992879920715,58.649583337919324
epigenomics_1960_filterContams_434,25.66419592703344,69.66099947582056
epigenomics_1960_filterContams_435,19.525925348664064,64.67825356443501
epigenomics_1960_filterContams_436,18.702529035309222,56.5202149919147
epigenomics_1960_filterContams_437,18.202290384036523,66.0960073003333
epigenomics_1960_filterContams_438,19.572714057148747,64.2679903217509
epigenomics_1960_filterContams_439,16.94208205818963,62.88645598443073
epigenomics_1960_filterContams_440,15.761871342433423,68.06768292526432
epigenomics_1960_filterContams_441,22.159208735385977,73.50580422671712
epigenomics_1960_filterContams_442,21.93299997063625,63.09370657012951
epigenomics_1960_filterContams_443,17.915358536206135,56.67559273619908
epigenomics_1960_filterContams_444,20.170249396753285,65.78780036955641
epigenomics_1960_filterContams_445,21.280384049965868,60.72232337768284
epigenomics_1960_filterContams_446,19.948772844902745,53.97787388819805
epigenomics_1960_filterContams_447,18.83380148308957,74.77146405816566
epigenomics_1960_filterContams_448,20.231244205490423,64.92100083565413
epigenomics_1960_filterContams_449,20.51823917407886,74.60259837822954
epigenomics_1960_filterContams_450,23.20238936766983,69.70025936554562
epigenomics_1960_filterContams_451,15.900205129283375,58.063875125107984
epigenomics_1960_filterContams_452,18.06417746330448,82.79361441190281
epigenomics_1960_filterContams_453,18.977317813261287,51.32462774077925
epigenomics_1960_filterContams_454,16.673092730463914,65.743714077926
epigenomics_1960_filterContams_455,18.830720140377665,70.29373658543305
epigenomics_1960_filterContams_456,21.444860511079927,56.845778883229045
epigenomics_1960_filterContams_457,24.113364762561027,83.98698741738724
epigenomics_1960_filterContams_458,21.589036971534405,59.176690948747755
epigenomics_1960_filterContams_459,19.782270092231993,65.92222952074617
epigenomics_1960_filterContams_460,16.52672213183124,72.15005498224794
epigenomics_1960_filterContams_461,18.229953059634042,58.797069317522286
epigenomics_1960_filterContams_462,19.00031459652404,62.90177488363232
epigenomics_1960_filterContams_463,22.948569599586015,76.69623191842886
epigenomics_1960_filterContams_464,18.691521798083635,70.27634894089394
epigenomics_1960_filterContams_465,20.771391844727134,73.43561712201276
epigenomics_1960_filterContams_466,21.988092718934684,55.19319595820107
epigenomics_1960_filterContams_467,21.663926811509903,67.17400386517272
epigenomics_1960_filterContams_468,16.76713549631463,65.50036067034056
epigenomics_1960_filterContams_469,24.442411138828902,74.3147443702123
epigenomics_1960_filterContams_470,17.92645980443186,67.73328128120887
epigenomics_1960_filterContams_471,17.24985073755598,65.65302244411619
epigenomics_1960_filterContams_472,25.093223865564802,55.445957275139094
epigenomics_1960_filterContams_473,19.617106328767374,61.82523280416568
epigenomics_1960_filterContams_474,19.092715838549974,66.27063877994739
epigenomics_1960_filterContams_475,20.432770116273698,56.094201127420824
epigenomics_1960_filterContams_476,22.863452129841896,60.928754674981185
epigenomics_1960_filterContams_477,20.899386944867675,66.83137468083177
epigenomics_1960_filterContams_478,21.892405650352863,69.58666366605888
epigenomics_1960_filterContams_479,21.345206500664347,57.70674171620089
epigenomics_1960_filterContams_480,20.107216066430404,73.30875939738627
epigenomics_1960_filterContams_481,16.792035198221647,71.83163299971541
epigenomics_1960_filterContams_482,16.630818929761787,57.582064069887615
epigenomics_1960_filterContams_483,16.535608210836138,67.78806405110946
epigenomics_1960_filterContams_484,22.50160175723905,83.07728478002524
epigenomics_1960_filterContams_485,20.54832840483201,58.08446476357688
epigenomics_1960_filterContams_486,22.744013954470503,55.93601901393697
epigenomics_1960_filterContams_487,21.07959781413077,57.70024052133832
epigenomics_1960_filterContams_488,20.645452037591976,67.47277032423673
epigenomics_1960_filterContams_489,22.331272535409653,70.83959997318793
epigenomics_1960_filterContams_490,14.631789316800072,81.09840303473439
epigenomics_1960_filterContams_491,17.626524691825995,64.17359278468089
epigenomics_1960_filterContams_492,20.35119947896067,57.30619746813945
epigenomics_1960_filterContams_493,18.152772138032024,60.1754320752535
epigenomics_1960_filterContams_494,17.242476428698048,56.41941010012702
epigenomics_1960_filterContams_495,18.661853624531734,61.35428311619906
epigenomics_1960_filterContams_496,19.697564235276168,66.25652706665501
epigenomics_1960_filterContams_497,17.629179119332655,62.688470121318204
epigenomics_1960_filterContams_498,22.042520218283794,61.28335072671457
epigenomics_1960_filterContams_499,22.041507878686733,69.71934426950297
epigenomics_1960_sol2sanger_0,86.28452947908916,14.621465862641944
epigenomics_1960_sol2sanger_1,79.3401215293669,43.286187334518665
epigenomics_1960_sol2sanger_2,80.84602748325169,43.25176074727337
epigenomics_1960_sol2sanger_3,74.91076260634587,44.53096469567901
epigenomics_1960_sol2sanger_4,72.55063849463599,48.61213734287494
epigenomics_1960_sol2sanger_5,83.08083467651534,38.762680710704295
epigenomics_1960_sol2sanger_6,79.6932572051223,47.45604561521512
epigenomics_1960_sol2sanger_7,71.98725000502306,42.76299856011576
epigenomics_1960_sol2sanger_8,89.77263202295464,48.79784617406818
epigenomics_1960_sol2sanger_9,72.58153680011979,44.43527135101156
epigenomics_1960_sol2sanger_10,82.4130378016989,57.627549131743166
epigenomics_1960_sol2sanger_11,80.03947677748914,42.89067537735591
epigenomics_1960_sol2sanger_12,84.1340246376939,56.37661361590348
epigenomics_1960_sol2sanger_13,75.96702636380769,47.215882003265406
epigenomics_1960_sol2sanger_14,85.12895191686566,47.46714911954863
epigenomics_1960_sol2sanger_15,85.15134745761328,46.43700015732179
epigenomics_1960_sol2sanger_16,84.58496300833094,37.99550818612317
epigenomics_1960_sol2sanger_17,86.38752365868791,38.244662611255954
epigenomics_1960_sol2sanger_18,75.17984325415067,44.14218066189763
epigenomics_1960_sol2sanger_19,79.52584123390582,57.92638115679031
epigenomics_1960_sol2sanger_20,85.04267547569128,56.9628068880091
epigenomics_1960_sol2sanger_21,78.6560359443464,55.813940275672806
epigenomics_1960_sol2sanger_22,73.93464377710582,50.47737616303017
epigenomics_1960_sol2sanger_23,81.9790422692017,51.36846680997177
epigenomics_1960_sol2sanger_24,77.78423349857631,36.2063346663778
epigenomics_1960_sol2sanger_25,76.4288050826477,62.10804363817082
epigenomics_1960_sol2sanger_26,79.25558568346284,52.38670720491956
epigenomics_1960_sol2sanger_27,76.30843523882669,47.14058330273234
epigenomics_1960_sol2sanger_28,87.78409736393401,49.647666731677525
epigenomics_1960_sol2sanger_29,78.96393000158592,41.7102104193671
epigenomics_1960_sol2sanger_30,71.90077908041198,47.29797893422578
epigenomics_1960_sol2sanger_31,84.27932819622669,56.54740687692417
epigenomics_1960_sol2sanger_32,74.39600093164844,53.68527515548435
epigenomics_1960_sol2sanger_33,75.1838772911716,53.891875568855305
epigenomics_1960_sol2sanger_34,80.71536044211878,41.85638868149693
epigenomics_1960_sol2sanger_35,80.53824199845135,58.754673446950626
epigenomics_1960_sol2sanger_36,80.76032087777395,51.536196594709644
epigenomics_1960_sol2sanger_37,77.60373241668742,40.631961206887325
epigenomics_1960_sol2sanger_38,85.4701543428884,44.319947470180516
epigenomics_1960_sol2sanger_39,87.49515605335905,47.77289840623601
epigenomics_1960_sol2sanger_40,80.21445892078705,37.31488072357814
epigenomics_1960_sol2sanger_41,72.26095184276254,39.49478227529671
epigenomics_1960_sol2sanger_42,79.86795400447673,55.368502927936916
epigenomics_1960_sol2sanger_43,72.807439441363,41.78958029464018
epigenomics_1960_sol2sanger_44,83.83502340975767,43.394558104396296
epigenomics_1960_sol2sanger_45,75.42938455215211,62.79649099780579
epigenomics_1960_sol2sanger_46,87.05078580278746,46.24782130257667
epigenomics_1960_sol2sanger_47,78.90368590151272,40.23287199543526
epigenomics_1960_sol2sanger_48,70.44930543564854,52.926666557594515
epigenomics_1960_sol2sanger_49,86.0821528347413,45.63565287355685
epigenomics_1960_sol2sanger_50,75.89766650158217,44.53313649316339
epigenomics_1960_sol2sanger_51,76.33979554745602,35.934752091497536
epigenomics_1960_sol2sanger_52,80.04740113857854,44.250075145945395
epigenomics_1960_sol2sanger_53,80.97354785493181,51.14353337654835
epigenomics_1960_sol2sanger_54,71.44857231642149,37.48086260786435
epigenomics_1960_sol2sanger_55,79.67383132448579,34.5643702808837
epigenomics_1960_sol2sanger_56,83.13609112149396,45.59687805376894
epigenomics_1960_sol2sanger_57,80.70303417965656,28.111686245323455
epigenomics_1960_sol2sanger_58,78.94078804580667,53.3846532253686
epigenomics_1960_sol2sanger_59,80.83455077239839,39.48309995528918
epigenomics_1960_sol2sanger_60,77.49987953827296,47.6094738356583
epigenomics_1960_sol2sanger_61,77.9291777392824,41.588727294415506
epigenomics_1960_sol2sanger_62,87.77930652925475,53.82967922331089
epigenomics_1960_sol2sanger_63,75.44858749507469,44.93969109614257
epigenomics_1960_sol2sanger_64,87.67297306368548,55.41885578470609
epigenomics_1960_sol2sanger_65,71.33500141932032,56.81383263727062
epigenomics_1960_sol2sanger_66,79.56105187187796,51.72529337704908
epigenomics_1960_sol2sanger_67,82.2343110637105,52.56443188586039
epigenomics_1960_sol2sanger_68,82.51399005984688,57.586087622195826
epigenomics_1960_sol2sanger_69,79.77530487343729,38.84395217825762
epigenomics_1960_sol2sanger_70,72.6307136333319,46.98133256547386
epigenomics_1960_sol2sanger_71,85.91668146603658,30.251449928526185
epigenomics_1960_sol2sanger_72,76.56674265561945,44.909462363311164
epigenomics_1960_sol2sanger_73,77.14564172252581,40.66732462192295
epigenomics_1960_sol2sanger_74,83.23338246868586,50.49905724278974
epigenomics_1960_sol2sanger_75,87.81554673658917,46.19564521458867
epigenomics_1960_sol2sanger_76,81.06435988445946,34.484751896193224
epigenomics_1960_sol2sanger_77,77.31116512111744,45.6823537563791
epigenomics_1960_sol2sanger_78,74.38828637869229,47.46230053842503
epigenomics_1960_sol2sanger_79,75.47720155556125,47.59361630319989
epigenomics_1960_sol2sanger_80,77.39014979037115,50.3306693937907
epigenomics_1960_sol2sanger_81,78.99155962748324,54.42186489489421
epigenomics_1960_sol2sanger_82,80.49496822135573,54.80764080421248
epigenomics_1960_sol2sanger_83,86.89200521173763,42.91409964385608
epigenomics_1960_sol2sanger_84,74.84860788338358,48.716858581903914
epigenomics_1960_sol2sanger_85,82.70743833929754,18.731187678743805
epigenomics_1960_sol2sanger_86,82.35335479672285,40.598797620993736
epigenomics_1960_sol2sanger_87,78.83352748608442,31.730943760990606
epigenomics_1960_sol2sanger_88,78.4966267703412,52.8719419150221
epigenomics_1960_sol2sanger_89,82.06396856857273,31.014059005428166
epigenomics_1960_sol2sanger_90,83.36051208726283,46.210305214294074
epigenomics_1960_sol2sanger_91,78.24151203297981,42.57787950399959
epigenomics_1960_sol2sanger_92,79.42425918007865,44.68688256662811
epigenomics_1960_sol2sanger_93,67.3386635576645,46.52265775407849
epigenomics_1960_sol2sanger_94,78.78605154839737,46.6072645719605
epigenomics_1960_sol2sanger_95,79.2001546664408,58.87293813361751
epigenomics_1960_sol2sanger_96,67.96844913095559,49.34726381335433
epigenomics_1960_sol2sanger_97,80.91792111598832,42.41431278468351
epigenomics_1960_sol2sanger_98,76.65811041518091,51.037247522580316
epigenomics_1960_sol2sanger_99,86.06420716935193,45.40089703042905
epigenomics_1960_sol2sanger_100,78.01283685398465,27.14973557492683
epigenomics_1960_sol2sanger_101,71.50109270188695,43.68042012036772
epigenomics_1960_sol2sanger_102,80.55756404674489,49.570047778454914
epigenomics_1960_sol2sanger_103,84.01699688289261,31.581202499317577
epigenomics_1960_sol2sanger_104,85.18676005457816,45.406707114359165
epigenomics_1960_sol2sanger_105,82.37835529602795,58.411814345869956
epigenomics_1960_sol2sanger_106,72.92567661289337,49.6167600282375
epigenomics_1960_sol2sanger_107,73.48319015952603,39.20749729060794
epigenomics_1960_sol2sanger_108,78.57793540362745,44.84679741261956
epigenomics_1960_sol2sanger_109,81.73422306182232,32.30567111163265
epigenomics_1960_sol2sanger_110,76.57808102694734,32.68327229824344
epigenomics_1960_sol2sanger_111,81.11381362161353,29.237795581133625
epigenomics_1960_sol2sanger_112,85.54610669560346,42.86145218909459
epigenomics_1960_sol2sanger_113,78.11452882144538,43.56941365257867
epigenomics_1960_sol2sanger_114,87.86768917288866,21.11526059194509
epigenomics_1960_sol2sanger_115,79.69875220864976,47.86612422918121
epigenomics_1960_sol2sanger_116,78.42963118240071,61.15744963442456
epigenomics_1960_sol2sanger_117,79.23455644223473,46.794436959996155
epigenomics_1960_sol2sanger_118,81.54888218046793,45.69335764152528
epigenomics_1960_sol2sanger_119,81.15163427562399,51.15658801206382
epigenomics_1960_sol2sanger_120,83.38703315814355,46.91050737210681
epigenomics_1960_sol2sanger_121,80.00270970187253,47.71589541401675
epigenomics_1960_sol2sanger_122,74.07408048950205,38.68089337273452
epigenomics_1960_sol2sanger_123,84.21707691217176,44.376422219639196
epigenomics_1960_sol2sanger_124,81.20239862850664,44.48618773974911
epigenomics_1960_sol2sanger_125,79.28594637620185,32.3373444450518
epigenomics_1960_sol2sanger_126,88.11313634087344,27.19930963065992
epigenomics_1960_sol2sanger_127,80.82920564022827,52.05614378665601
epigenomics_1960_sol2sanger_128,72.85083226252388,39.85518751605956
epigenomics_1960_sol2sanger_129,82.7292169057794,47.79365582114245
epigenomics_1960_sol2sanger_130,79.38056130584589,47.415707511476576
epigenomics_1960_sol2sanger_131,82.37862415603158,44.19580292835837
epigenomics_1960_sol2sanger_132,78.30455417997354,33.39625503754391
epigenomics_1960_sol2sanger_133,84.9863949421292,43.29365487683983
epigenomics_1960_sol2sanger_134,76.3241129779744,35.41890713034674
epigenomics_1960_sol2sanger_135,89.65975051685075,47.33738279563796
epigenomics_1960_sol2sanger_136,78.44304751968363,48.52163441155172
epigenomics_1960_sol2sanger_137,80.96747986272402,34.34901965199516
epigenomics_1960_sol2sanger_138,80.30259828355766,50.27486107061197
epigenomics_1960_sol2sanger_139,78.0421042485827,32.73451866384253
epigenomics_1960_sol2sanger_140,74.37767769631884,40.76404771032041
epigenomics_1960_sol2sanger_141,79.89908105083178,38.154308137540156
epigenomics_1960_sol2sanger_142,75.97725294615742,45.63241209901845
epigenomics_1960_sol2sanger_143,82.97696977190371,50.767553785209515
epigenomics_1960_sol2sanger_144,78.96973167899274,41.18850464464652
epigenomics_1960_sol2sanger_145,81.9048354163781,49.653159506612795
epigenomics_1960_sol2sanger_146,86.82321908228916,59.66370723422839
epigenomics_1960_sol2sanger_147,75.42870752583704,57.3335285103661
epigenomics_1960_sol2sanger_148,80.02749836858928,33.98080718164239
epigenomics_1960_sol2sanger_149,78.83649662574504,48.1237200241687
epigenomics_1960_sol2sanger_150,78.4898056957277,33.864495731559785
epigenomics_1960_sol2sanger_151,73.73082167131967,60.50026727425399
epigenomics_1960_sol2sanger_152,84.65647763210856,25.625825682941205
epigenomics_1960_sol2sanger_153,85.79470719962696,64.97433428855491
epigenomics_1960_sol2sanger_154,81.78660079576271,54.52158650799023
epigenomics_1960_sol2sanger_155,75.30107365870543,44.36026706642385
epigenomics_1960_sol2sanger_156,88.30790527503999,60.882005527288946
epigenomics_1960_sol2sanger_157,76.87349913591234,53.67687060376912
epigenomics_1960_sol2sanger_158,83.4411535060162,48.94570349851787
epigenomics_1960_sol2sanger_159,72.96732247644158,47.98024082350215
epigenomics_1960_sol2sanger_160,73.64388028932528,49.95395072853784
epigenomics_1960_sol2sanger_161,82.00105758118013,45.29785505205149
epigenomics_1960_sol2sanger_162,79.58598833050705,45.399337144362725
epigenomics_1960_sol2sanger_163,78.11130909333903,41.05480709585812
epigenomics_1960_sol2sanger_164,80.67660294609091,43.060086815273955
epigenomics_1960_sol2sanger_165,84.06830914427161,33.75962591961055
epigenomics_1960_sol2sanger_166,86.5353808911793,49.89698627080549
epigenomics_1960_sol2sanger_167,70.07479094551931,43.30535064664341
epigenomics_1960_sol2sanger_168,82.12668882782309,50.45763833151243
epigenomics_1960_sol2sanger_169,80.96830139405427,34.44901018938495
epigenomics_1960_sol2sanger_170,87.97071232244791,44.275566147087055
epigenomics_1960_sol2sanger_171,80.79206574560916,48.52539936846369
epigenomics_1960_sol2sanger_172,85.06620829377044,45.16898689478376
epigenomics_1960_sol2sanger_173,83.24093209718869,37.36886729339568
epigenomics_1960_sol2sanger_174,70.87806432691964,43.391129700836714
epigenomics_1960_sol2sanger_175,85.21894666803412,39.463157959499625
epigenomics_1960_sol2sanger_176,77.71891883767364,54.93802648171841
epigenomics_1960_sol2sanger_177,81.81120467852027,50.19472193379565
epigenomics_1960_sol2sanger_178,82.87786803246227,47.28405324563945
epigenomics_1960_sol2sanger_179,79.08955195744517,50.61500639791423
epigenomics_1960_sol2sanger_180,70.90026706910186,43.01651263853072
epigenomics_1960_sol2sanger_181,80.17196630108751,42.440830053223245
epigenomics_1960_sol2sanger_182,72.16199855823987,39.764090272934624
epigenomics_1960_sol2sanger_183,85.76469431103416,45.198850743938706
epigenomics_1960_sol2sanger_184,79.65557462098526,47.20951958619064
epigenomics_1960_sol2sanger_185,84.20476789815524,43.1377621914032
epigenomics_1960_sol2sanger_186,91.0880187323066,46.79232477479462
epigenomics_1960_sol2sanger_187,80.86810303537598,36.50707300445555
epigenomics_1960_sol2sanger_188,85.67982083229653,44.43520630870988
epigenomics_1960_sol2sanger_189,80.25911857178937,55.04331744488468
epigenomics_1960_sol2sanger_190,82.51425511254547,57.70140583780042
epigenomics_1960_sol2sanger_191,79.2994195947117,48.82038435659233
epigenomics_1960_sol2sanger_192,72.82088979734138,55.369409374270035
epigenomics_1960_sol2sanger_193,81.79790616317767,43.00568908813872
epigenomics_1960_sol2sanger_194,74.47434793708815,31.159603010776948
epigenomics_1960_sol2sanger_195,82.36504587839346,38.561682786419
epigenomics_1960_sol2sanger_196,77.33424841391772,36.3629063843534
epigenomics_1960_sol2sanger_197,73.01632900898281,48.314951512589616
epigenomics_1960_sol2sanger_198,69.8559023383944,43.03759848996236
epigenomics_1960_sol2sanger_199,80.8107975334244,55.70579776870207
epigenomics_1960_sol2sanger_200,75.54469988944831,42.75178597581772
epigenomics_1960_sol2sanger_201,78.16782093380722,49.94302914202746
epigenomics_1960_sol2sanger_202,85.30273342252615,29.974422726541768
epigenomics_1960_sol2sanger_203,75.33183464036901,50.89729607455023
epigenomics_1960_sol2sanger_204,79.67410447306047,32.75982840855134
epigenomics_1960_sol2sanger_205,77.9843168191825,54.81170812591577
epigenomics_1960_sol2sanger_206,82.00354820523208,43.26313185745458
epigenomics_1960_sol2sanger_207,77.07877717919982,48.87342827232542
epigenomics_1960_sol2sanger_208,79.46901362299928,24.258202333755666
epigenomics_1960_sol2sanger_209,84.37783076685801,30.826541948146442
epigenomics_1960_sol2sanger_210,75.89904077065498,43.24328668692328
epigenomics_1960_sol2sanger_211,79.44385101060215,49.708553762602584
epigenomics_1960_sol2sanger_212,80.34064242797271,32.869328543546075
epigenomics_1960_sol2sanger_213,89.13443871692095,43.00068302613273
epigenomics_1960_sol2sanger_214,76.85305724186237,59.66159438875323
epigenomics_1960_sol2sanger_215,78.53171233104136,43.217197197744376
epigenomics_1960_sol2sanger_216,78.97549439794122,44.24034775824009
epigenomics_1960_sol2sanger_217,81.6945514376599,42.69660311426817
epigenomics_1960_sol2sanger_218,80.05612452485859,39.36459536082839
epigenomics_1960_sol2sanger_219,74.47751393206717,32.23720706810428
epigenomics_1960_sol2sanger_220,84.99782994106103,38.95197938628931
epigenomics_1960_sol2sanger_221,84.74839390042023,42.14588225060344
epigenomics_1960_sol2sanger_222,72.37121650375659,47.89583752812745
epigenomics_1960_sol2sanger_223,85.36123221300761,52.185504626366836
epigenomics_1960_sol2sanger_224,75.81453631969624,33.74878757846642
epigenomics_1960_sol2sanger_225,86.59985903171535,58.28940665924742
epigenomics_1960_sol2sanger_226,77.88438157963814,49.19912817130846
epigenomics_1960_sol2sanger_227,74.08566729170099,42.276642459888464
epigenomics_1960_sol2sanger_228,82.18555453567856,60.00091962326183
epigenomics_1960_sol2sanger_229,65.73365629152914,45.63896811210716
epigenomics_1960_sol2sanger_230,74.01687936967559,35.61535216840563
epigenomics_1960_sol2sanger_231,82.51458747462323,56.52930655774911
epigenomics_1960_sol2sanger_232,86.80027334107525,43.315737203594146
epigenomics_1960_sol2sanger_233,73.10322032329853,49.01713827215947
epigenomics_1960_sol2sanger_234,84.63943981472634,47.08307418344509
epigenomics_1960_sol2sanger_235,82.75042821688467,49.545446477137965
epigenomics_1960_sol2sanger_236,75.34041904053382,34.565855972585894
epigenomics_1960_sol2sanger_237,79.80549332961738,52.17962146987723
epigenomics_1960_sol2sanger_238,78.62785494530883,45.40738258169864
epigenomics_1960_sol2sanger_239,76.55586138129024,42.14733742595709
epigenomics_1960_sol2sanger_240,80.1001162913658,49.48973858615235
epigenomics_1960_sol2sanger_241,90.96969996726605,42.943645237010045
epigenomics_1960_sol2sanger_242,70.46788953546259,56.431876582727504
epigenomics_1960_sol2sanger_243,87.39569084138894,50.124020514222465
epigenomics_1960_sol2sanger_244,69.61182851544842,52.50616974845274
epigenomics_1960_sol2sanger_245,87.39618585051979,43.680293794203
epigenomics_1960_sol2sanger_246,81.70755505503658,40.32752342332397
epigenomics_1960_sol2sanger_247,78.27117512961898,28.578706575107514
epigenomics_1960_sol2sanger_248,78.71339462056136,46.87457695476361
epigenomics_1960_sol2sanger_249,86.00649482634512,51.337582195575095
epigenomics_1960_sol2sanger_250,81.47458356387315,46.39039590576783
epigenomics_1960_sol2sanger_251,79.71954270952511,34.674648624408405
epigenomics_1960_sol2sanger_252,77.52156620155974,42.830454331363995
epigenomics_1960_sol2sanger_253,79.37492690056992,36.70661199835048
epigenomics_1960_sol2sanger_254,73.86697397667498,58.537363136996056
epigenomics_1960_sol2sanger_255,90.06218625104559,34.399283999760826
epigenomics_1960_sol2sanger_256,77.97001903833385,38.15996325387779
epigenomics_1960_sol2sanger_257,76.43380909949707,30.40983636616659
epigenomics_1960_sol2sanger_258,74.5632889349205,32.34386543087021
epigenomics_1960_sol2sanger_259,78.47778478946708,25.631639445783524
epigenomics_1960_sol2sanger_260,77.01036289072408,44.56089665354843
epigenomics_1960_sol2sanger_261,78.24848295362774,38.12888499180579
epigenomics_1960_sol2sanger_262,83.5394832755471,39.0256759064958
epigenomics_1960_sol2sanger_263,78.85512487362725,49.78809032680719
epigenomics_1960_sol2sanger_264,78.96367442248177,30.5438288554714
epigenomics_1960_sol2sanger_265,81.9671979152548,56.6977384301824
epigenomics_1960_sol2sanger_266,73.6834872656789,55.830854663778126
epigenomics_1960_sol2sanger_267,75.07187951871447,40.707215265995266
epigenomics_1960_sol2sanger_268,79.58296742836335,43.95543166613611
epigenomics_1960_sol2sanger_269,71.58210581445324,51.37825905134988
epigenomics_1960_sol2sanger_270,89.73663113671472,49.59502770804941
epigenomics_1960_sol2sanger_271,80.61751827222527,34.290289794418605
epigenomics_1960_sol2sanger_272,80.30526471356713,45.13141271921336
epigenomics_1960_sol2sanger_273,83.4331071691498,41.415191464612725
epigenomics_1960_sol2sanger_274,76.46017093377256,48.89540256239599
epigenomics_1960_sol2sanger_275,89.02989569925394,41.92199747319788
epigenomics_1960_sol2sanger_276,74.18839960582689,32.63523069466722
epigenomics_1960_sol2sanger_277,80.43148051745321,39.8094027477509
epigenomics_1960_sol2sanger_278,75.58406147425663,34.504530091608636
epigenomics_1960_sol2sanger_279,70.65256646709989,43.189228124756696
epigenomics_1960_sol2sanger_280,80.27776953367734,47.63855170451207
epigenomics_1960_sol2sanger_281,71.40424238461041,43.32923457509098
epigenomics_1960_sol2sanger_282,83.62330494957986,39.60947435002778
epigenomics_1960_sol2sanger_283,76.6456951041439,42.66717449337544
epigenomics_1960_sol2sanger_284,78.96749734908272,47.351473054594734
epigenomics_1960_sol2sanger_285,67.94937172953561,54.77656647665594
epigenomics_1960_sol2sanger_286,75.57069685571736,47.911386967661656
epigenomics_1960_sol2sanger_287,76.46113164290273,56.49308514890419
epigenomics_1960_sol2sanger_288,78.6230092887676,44.32503901256348
epigenomics_1960_sol2sanger_289,81.06898215523253,30.460496817658555
epigenomics_1960_sol2sanger_290,76.65347766457825,43.11107035401708
epigenomics_1960_sol2sanger_291,78.58403815317897,41.94951843156963
epigenomics_1960_sol2sanger_292,83.30281706070708,44.38371106149473
epigenomics_1960_sol2sanger_293,76.60010420629214,33.1222220419168
epigenomics_1960_sol2sanger_294,77.38545475874135,43.06080297666502
epigenomics_1960_sol2sanger_295,83.82953875818426,43.77071062660011
epigenomics_1960_sol2sanger_296,78.12953040521872,43.430095951333364
epigenomics_1960_sol2sanger_297,74.19367588900617,44.58679260449157
epigenomics_1960_sol2sanger_298,80.02014827764276,35.54358430512845
epigenomics_1960_sol2sanger_299,86.28093084251503,46.6744564115937
epigenomics_1960_sol2sanger_300,77.53221541374317,54.0184964060178
epigenomics_1960_sol2sanger_301,83.48265412910733,39.05210972189267
epigenomics_1960_sol2sanger_302,79.09915335175597,49.99510165144566
epigenomics_1960_sol2sanger_303,75.7028999216212,46.881795765068674
epigenomics_1960_sol2sanger_304,80.19135547433139,47.49415062725196
epigenomics_1960_sol2sanger_305,82.28330131849584,41.56057461428154
epigenomics_1960_sol2sanger_306,80.00619065485793,48.68663854922936
epigenomics_1960_sol2sanger_307,80.00459548455184,35.21894964599635
epigenomics_1960_sol2sanger_308,78.23791978567102,52.49992417475931
epigenomics_1960_sol2sanger_309,92.53672307262775,49.680707519954495
epigenomics_1960_sol2sanger_310,82.59088540768605,30.15034483316931
epigenomics_1960_sol2sanger_311,91.3958005172262,46.172675831878685
epigenomics_1960_sol2sanger_312,91.47126610632327,51.55127790568864
epigenomics_1960_sol2sanger_313,76.59940150167347,47.3288027140603
epigenomics_1960_sol2sanger_314,83.01967596355922,43.06104875074324
epigenomics_1960_sol2sanger_315,85.08196317002019,42.10629884758708
epigenomics_1960_sol2sanger_316,79.92623656659765,39.99138405460419
epigenomics_1960_sol2sanger_317,78.2111528520581,50.110802340594304
epigenomics_1960_sol2sanger_318,79.2925424518518,52.79808729816279
epigenomics_1960_sol2sanger_319,77.44616447406565,45.12604866306657
epigenomics_1960_sol2sanger_320,80.39379347846673,60.45688943689221
epigenomics_1960_sol2sanger_321,74.27682677720377,41.76963657415557
epigenomics_1960_sol2sanger_322,79.92385155505816,34.96797689126049
epigenomics_1960_sol2sanger_323,76.00060399398554,41.61125232275213
epigenomics_1960_sol2sanger_324,83.8748674203909,45.2959372518845
epigenomics_1960_sol2sanger_325,84.43368313209636,48.61944106715337
epigenomics_1960_sol2sanger_326,83.9206534350306,44.49230498257571
epigenomics_1960_sol2sanger_327,80.77591111707524,37.60622238434607
epigenomics_1960_sol2sanger_328,76.08696567581565,41.0236577444664
epigenomics_1960_sol2sanger_329,75.12518005512707,57.561480801791404
epigenomics_1960_sol2sanger_330,86.66276885501199,46.43027770657321
epigenomics_1960_sol2sanger_331,83.22502121893987,48.50004327925961
epigenomics_1960_sol2sanger_332,82.15057498492797,42.0236243868717
epigenomics_1960_sol2sanger_333,81.76382989659554,52.642396677074274
epigenomics_1960_sol2sanger_334,85.6141126138578,54.38511544630786
epigenomics_1960_sol2sanger_335,80.28923696765932,42.577181997740475
epigenomics_1960_sol2sanger_336,76.74139989701843,58.020761556053564
epigenomics_1960_sol2sanger_337,75.06247273959016,46.60393282201732
epigenomics_1960_sol2sanger_338,73.29908021230773,45.36894728502332
epigenomics_1960_sol2sanger_339,87.22594902181352,45.09019690766944
epigenomics_1960_sol2sanger_340,80.60626938229288,45.15975431645453
epigenomics_1960_sol2sanger_341,75.1384925947766,48.46997169133214
epigenomics_1960_sol2sanger_342,81.75728364270036,46.224338709461506
epigenomics_1960_sol2sanger_343,76.11755299770519,37.643806184008874
epigenomics_1960_sol2sanger_344,79.77242821192431,46.96118428115655
epigenomics_1960_sol2sanger_345,72.36916771086273,58.38911546362988
epigenomics_1960_sol2sanger_346,74.86509528257531,34.5167566854586
epigenomics_1960_sol2sanger_347,74.57911976228937,57.39006480225293
epigenomics_1960_sol2sanger_348,87.64715765757795,52.62519382629149
epigenomics_1960_sol2sanger_349,81.69243080622624,46.24165341112172
epigenomics_1960_sol2sanger_350,74.07610087223325,51.5816370819271
epigenomics_1960_sol2sanger_351,79.7118346820658,64.34318078177104
epigenomics_1960_sol2sanger_352,79.15594483740095,44.435288773888665
epigenomics_1960_sol2sanger_353,76.35929979267812,46.06620574022058
epigenomics_1960_sol2sanger_354,81.72067196774961,47.34475049004926
epigenomics_1960_sol2sanger_355,85.9569797547524,40.985266332580224
epigenomics_1960_sol2sanger_356,78.94482944807757,46.743059838513545
epigenomics_1960_sol2sanger_357,73.08232669935286,30.63803031262615
epigenomics_1960_sol2sanger_358,84.92883744509874,40.14313395841385
epigenomics_1960_sol2sanger_359,86.1622571300226,48.327271679022815
epigenomics_1960_sol2sanger_360,88.96363159407636,54.75670829926482
epigenomics_1960_sol2sanger_361,83.26713234850592,56.67757492480678
epigenomics_1960_sol2sanger_362,71.33104887453396,58.38404205762006
epigenomics_1960_sol2sanger_363,76.65304343949475,29.616414159070597
epigenomics_1960_sol2sanger_364,85.73255886639326,30.161018940787464
epigenomics_1960_sol2sanger_365,69.77384924764355,45.32636609816858
epigenomics_1960_sol2sanger_366,79.47523400148467,57.13136601914526
epigenomics_1960_sol2sanger_367,69.05603916625364,55.41185596670115
epigenomics_1960_sol2sanger_368,79.54832629902661,39.41230934993884
epigenomics_1960_sol2sanger_369,73.44191371516683,43.33634840836753
epigenomics_1960_sol2sanger_370,81.22733276580358,50.578679525942405
epigenomics_1960_sol2sanger_371,76.12919158926371,57.70855417916797
epigenomics_1960_sol2sanger_372,82.00995663600469,40.35141481120979
epigenomics_1960_sol2sanger_373,73.73405315954696,53.52278785419027
epigenomics_1960_sol2sanger_374,79.78724730244713,50.76961529922685
epigenomics_1960_sol2sanger_375,80.20186762239429,37.247431218630645
epigenomics_1960_sol2sanger_376,84.75631130483669,34.87830950960916
epigenomics_1960_sol2sanger_377,75.35833103903876,44.47481820601478
epigenomics_1960_sol2sanger_378,74.43967764825993,34.11402442099001
epigenomics_1960_sol2sanger_379,75.76901209006562,50.50494052365704
epigenomics_1960_sol2sanger_380,84.16403150060728,49.09645601051576
epigenomics_1960_sol2sanger_381,89.87061593551567,55.776508960721046
epigenomics_1960_sol2sanger_382,83.6099615629563,44.13504911384262
epigenomics_1960_sol2sanger_383,85.41902441713201,46.532810521808905
epigenomics_1960_sol2sanger_384,81.24987884573991,49.59873445438804
epigenomics_1960_sol2sanger_385,86.73617143602836,49.354968173310596
epigenomics_1960_sol2sanger_386,72.19288049438815,34.55468140280526
epigenomics_1960_sol2sanger_387,84.28738283562429,47.45617764846085
epigenomics_1960_sol2sanger_388,78.32660528136854,58.05660740630424
epigenomics_1960_sol2sanger_389,84.5624628575632,37.42095943574061
epigenomics_1960_sol2sanger_390,76.45429892758395,56.39714901452693
epigenomics_1960_sol2sanger_391,74.60336374392736,56.267900069701184
epigenomics_1960_sol2sanger_392,82.23369021722979,46.47857145570222
epigenomics_1960_sol2sanger_393,66.79799444939275,47.91977963344124
epigenomics_1960_sol2sanger_394,82.86333644896939,46.446860667851034
epigenomics_1960_sol2sanger_395,77.64971804681088,45.678610546468136
epigenomics_1960_sol2sanger_396,80.12494310516527,31.94280914088164
epigenomics_1960_sol2sanger_397,77.2487850325281,52.17320717472793
epigenomics_1960_sol2sanger_398,76.69564645944864,46.664926600324556
epigenomics_1960_sol2sanger_399,75.00600405680909,50.95140270749057
epigenomics_1960_sol2sanger_400,89.38175713813321,47.38075134640397
epigenomics_1960_sol2sanger_401,76.75201849514467,52.955265092942234
epigenomics_1960_sol2sanger_402,77.74206093432221,48.729674530885035
epigenomics_1960_sol2sanger_403,72.66333186617848,41.34694097127153
epigenomics_1960_sol2sanger_404,85.83621259718397,43.43844362727663
epigenomics_1960_sol2sanger_405,79.30092891149879,51.08065658410268
epigenomics_1960_sol2sanger_406,77.865472712362,36.80862183639108
epigenomics_1960_sol2sanger_407,78.56365826572768,35.7702148495802
epigenomics_1960_sol2sanger_408,85.45949228285757,39.35819808250655
epigenomics_1960_sol2sanger_409,88.57608017647193,52.524149129846
epigenomics_1960_sol2sanger_410,76.85336505573969,37.96152631103254
epigenomics_1960_sol2sanger_411,79.26483278416512,53.017537611051885
epigenomics_1960_sol2sanger_412,81.80095383691332,45.91358463214555
epigenomics_1960_sol2sanger_413,80.42407936946319,45.344097561124016
epigenomics_1960_sol2sanger_414,79.01231913536361,40.333411943760865
epigenomics_1960_sol2sanger_415,76.15199175166187,42.26603476872971
epigenomics_1960_sol2sanger_416,71.40857630883201,47.90875108216847
epigenomics_1960_sol2sanger_417,81.78675099903023,40.14963291170804
epigenomics_1960_sol2sanger_418,78.62406887201098,34.56280609726923
epigenomics_1960_sol2sanger_419,83.48654424892084,35.742333811084954
epigenomics_1960_sol2sanger_420,75.53182567065556,51.26804697343551
epigenomics_1960_sol2sanger_421,79.02214139212282,30.321740551549055
epigenomics_1960_sol2sanger_422,65.43953027401668,49.283312012015315
epigenomics_1960_sol2sanger_423,87.92777733141364,27.93239906887947
epigenomics_1960_sol2sanger_424,76.99805742202993,39.26331526468908
epigenomics_1960_sol2sanger_425,75.47676268926969,44.01740966906858
epigenomics_1960_sol2sanger_426,78.13570091632214,45.72735455030379
epigenomics_1960_sol2sanger_427,79.6847653452024,51.80167399024287
epigenomics_1960_sol2sanger_428,71.64565472464628,43.69734936301218
epigenomics_1960_sol2sanger_429,69.70194532696013,46.15670663674986
epigenomics_1960_sol2sanger_430,78.33368714543077,42.656179143049364
epigenomics_1960_sol2sanger_431,84.83685209767262,35.24582156253151
epigenomics_1960_sol2sanger_432,79.75271993134737,33.884048576653406
epigenomics_1960_sol2sanger_433,81.47303165579521,50.78368266236233
epigenomics_1960_sol2sanger_434,83.46764582326664,38.16939133956835
epigenomics_1960_sol2sanger_435,86.8766598127419,63.891506802188076
epigenomics_1960_sol2sanger_436,85.71139835991998,44.18974491124342
epigenomics_1960_sol2sanger_437,74.86918979869752,53.44578685241315
epigenomics_1960_sol2sanger_438,76.95841601234686,55.21025340151853
epigenomics_1960_sol2sanger_439,81.15067295025892,48.95461443635545
epigenomics_1960_sol2sanger_440,85.13001125012546,28.22149511640444
epigenomics_1960_sol2sanger_441,79.26937096551598,41.09369612973793
epigenomics_1960_sol2sanger_442,81.3683928592333,54.152889501499466
epigenomics_1960_sol2sanger_443,86.44098520020601,44.35960464315773
epigenomics_1960_sol2sanger_444,74.98312066501641,18.779208679385317
epigenomics_1960_sol2sanger_445,91.21331935862558,40.69173537779059
epigenomics_1960_sol2sanger_446,80.0526231000306,59.160123776891275
epigenomics_1960_sol2sanger_447,89.86032103050356,35.68564898542479
epigenomics_1960_sol2sanger_448,83.94893914885563,37.16019260901797
epigenomics_1960_sol2sanger_449,84.35998001619961,44.94290412955868
epigenomics_1960_sol2sanger_450,85.58686894610109,45.82857888379431
epigenomics_1960_sol2sanger_451,75.2328243641454,41.35396803724164
epigenomics_1960_sol2sanger_452,74.37396696457871,47.68476820661034
epigenomics_1960_sol2sanger_453,74.40678200763337,57.909545723347364
epigenomics_1960_sol2sanger_454,74.20678941733532,37.098137995161444
epigenomics_1960_sol2sanger_455,74.27243184093103,49.03878151537298
epigenomics_1960_sol2sanger_456,88.27604252845086,39.15471404519874
epigenomics_1960_sol2sanger_457,82.14611117715432,30.937099490093676
epigenomics_1960_sol2sanger_458,86.53417670918071,47.89739371184853
epigenomics_1960_sol2sanger_459,85.68289033765863,52.26012929089364
epigenomics_1960_sol2sanger_460,77.51910346914381,51.99677819855471
epigenomics_1960_sol2sanger_461,73.74463906465033,49.4058814689806
epigenomics_1960_sol2sanger_462,81.36535485083242,39.62889644469054
epigenomics_1960_sol2sanger_463,77.97655850758841,39.97645801754821
epigenomics_1960_sol2sanger_464,82.443232364864,39.09147234989543
epigenomics_1960_sol2sanger_465,85.48604972471875,50.394006782375854
epigenomics_1960_sol2sanger_466,76.83419932426938,40.54549622274984
epigenomics_1960_sol2sanger_467,83.8649090693815,46.57877628383559
epigenomics_1960_sol2sanger_468,73.91413545312068,48.46564106653922
epigenomics_1960_sol2sanger_469,85.52742136514456,38.95394190350348
epigenomics_1960_sol2sanger_470,83.81776212266166,46.39330280402755
epigenomics_1960_sol2sanger_471,85.00113104440882,37.164309936254455
epigenomics_1960_sol2sanger_472,83.42817278397887,47.847223376608774
epigenomics_1960_sol2sanger_473,80.4564878817082,40.12661582898073
epigenomics_1960_sol2sanger_474,76.74657318444407,47.60154896536135
epigenomics_1960_sol2sanger_475,86.93054358102626,46.175559159473835
epigenomics_1960_sol2sanger_476,80.20820214086756,44.2716162735891
epigenomics_1960_sol2sanger_477,90.90344470324868,34.85409861057445
epigenomics_1960_sol2sanger_478,79.85141665523415,49.212741298663474
epigenomics_1960_sol2sanger_479,76.55690072278948,37.70353014824351
epigenomics_1960_sol2sanger_480,84.71527489300436,46.61365420944992
epigenomics_1960_sol2sanger_481,83.49832937021245,45.618264694203326
epigenomics_1960_sol2sanger_482,85.64396846929067,51.21005895015206
epigenomics_1960_sol2sanger_483,79.10186221812369,49.58648003024969
epigenomics_1960_sol2sanger_484,77.66814504240844,48.22871962344932
epigenomics_1960_sol2sanger_485,74.95260497897843,49.201463150444695
epigenomics_1960_sol2sanger_486,82.29064547406632,38.913735340054316
epigenomics_1960_sol2sanger_487,83.30052781157997,33.33414313179356
epigenomics_1960_sol2sanger_488,85.81186136909453,49.57728358267589
epigenomics_1960_sol2sanger_489,83.80677217143051,56.56790846171873
epigenomics_1960_sol2sanger_490,86.97595266850203,44.309178800066846
epigenomics_1960_sol2sanger_491,76.12674506548548,32.20486276587208
epigenomics_1960_sol2sanger_492,66.80812759772931,35.06547452030517
epigenomics_1960_sol2sanger_493,84.18912058438964,59.823564484772504
epigenomics_1960_sol2sanger_494,78.94267865057422,58.20927161310307
epigenomics_1960_sol2sanger_495,79.98551109275124,35.12804643611102
epigenomics_1960_sol2sanger_496,85.56147322992734,57.29740690317463
epigenomics_1960_sol2sanger_497,86.72666368824287,38.81620917881895
epigenomics_1960_sol2sanger_498,78.41985854144895,31.40398424597499
epigenomics_1960_sol2sanger_499,88.79400687188294,56.85662733629411
epigenomics_1960_fast2bfq_0,60.023983506938215,76.96855903993072
epigenomics_1960_fast2bfq_1,43.63553506893909,74.74840828219587
epigenomics_1960_fast2bfq_2,39.96034630747098,86.23306405654755
epigenomics_1960_fast2bfq_3,44.68786368854958,84.1003099175109
epigenomics_1960_fast2bfq_4,51.60385171490572,83.08198935532783
epigenomics_1960_fast2bfq_5,46.40614352630299,83.17338800024037
epigenomics_1960_fast2bfq_6,49.55234160623023,96.79878469739035
epigenomics_1960_fast2bfq_7,43.30151412386873,72.53100432693475
epigenomics_1960_fast2bfq_8,44.848567420931644,89.88610044900393
epigenomics_1960_fast2bfq_9,56.53696845157371,74.34038748445722
epigenomics_1960_fast2bfq_10,53.98202811645621,81.2151008006903
epigenomics_1960_fast2bfq_11,40.14157896267812,73.81607174293096
epigenomics_1960_fast2bfq_12,46.803650157398884,85.00950594698199
epigenomics_1960_fast2bfq_13,40.31316090038522,76.33932996863234
epigenomics_1960_fast2bfq_14,45.11355042388052,82.84911377756373
epigenomics_1960_fast2bfq_15,43.207190550383444,75.3455359230708
epigenomics_1960_fast2bfq_16,57.58902467090625,81.52565581268092
epigenomics_1960_fast2bfq_17,41.290933689847584,74.07356397392036
epigenomics_1960_fast2bfq_18,38.656809451883696,80.8861061120133
epigenomics_1960_fast2bfq_19,47.20793437463007,79.59775777590426
epigenomics_1960_fast2bfq_20,42.640621124801335,79.7737920638254
epigenomics_1960_fast2bfq_21,41.160584085744745,62.46562475699613
epigenomics_1960_fast2bfq_22,37.849147623048424,98.11744950855278
epigenomics_1960_fast2bfq_23,41.71672398022999,78.95971175679792
epigenomics_1960_fast2bfq_24,38.64378152631928,82.26538101270852
epigenomics_1960_fast2bfq_25,30.866195732990917,84.37426950808945
epigenomics_1960_fast2bfq_26,40.72718036934944,73.20814212888334
epigenomics_1960_fast2bfq_27,34.27251907621752,64.62266155432673
epigenomics_1960_fast2bfq_28,34.522877053908196,88.6091000385758
epigenomics_1960_fast2bfq_29,54.89017318043633,75.29993380922917
epigenomics_1960_fast2bfq_30,49.39365666817374,85.85213519528807
epigenomics_1960_fast2bfq_31,47.94615295619702,72.09249722696299
epigenomics_1960_fast2bfq_32,52.95352897071905,79.808687812713
epigenomics_1960_fast2bfq_33,37.48573900859728,86.17056242666507
epigenomics_1960_fast2bfq_34,43.86092606130349,73.833161587208
epigenomics_1960_fast2bfq_35,28.469987331291225,75.6986769341189
epigenomics_1960_fast2bfq_36,41.68324425075684,84.23416669933754
epigenomics_1960_fast2bfq_37,56.33187995045225,79.20990799365099
epigenomics_1960_fast2bfq_38,41.02935087029669,89.91280123280058
epigenomics_1960_fast2bfq_39,38.57169954825133,74.10774248851295
epigenomics_1960_fast2bfq_40,35.74899435449824,73.70977482292423
epigenomics_1960_fast2bfq_41,34.482681966345126,79.13755993896812
epigenomics_1960_fast2bfq_42,44.19696731404194,86.25037432001886
epigenomics_1960_fast2bfq_43,45.28769166051187,91.04842265466237
epigenomics_1960_fast2bfq_44,40.790837838200076,85.7897524824821
epigenomics_1960_fast2bfq_45,46.218843983858925,62.35688702433694
epigenomics_1960_fast2bfq_46,33.42667103669135,87.64912433793498
epigenomics_1960_fast2bfq_47,42.828591965099164,80.7752374838969
epigenomics_1960_fast2bfq_48,58.39977317098502,79.48647059770848
epigenomics_1960_fast2bfq_49,44.53482847876994,77.45969212147055
epigenomics_1960_fast2bfq_50,40.80495464708617,89.34187860166386
epigenomics_1960_fast2bfq_51,51.95707323021411,82.22573172098681
epigenomics_1960_fast2bfq_52,45.65474323903744,81.52809688177817
epigenomics_1960_fast2bfq_53,47.7858445078068,75.07822906243143
epigenomics_1960_fast2bfq_54,47.33020398748183,82.3934592216922
epigenomics_1960_fast2bfq_55,54.60138497428885,83.73217298392336
epigenomics_1960_fast2bfq_56,47.643972853382465,75.84250468369974
epigenomics_1960_fast2bfq_57,36.38962870589896,81.52910486641258
epigenomics_1960_fast2bfq_58,42.93875005838226,73.81943473018269
epigenomics_1960_fast2bfq_59,44.27450447172404,81.52179129245178
epigenomics_1960_fast2bfq_60,45.196215962408914,86.11426206182206
epigenomics_1960_fast2bfq_61,42.33483414006676,78.73484744656513
epigenomics_1960_fast2bfq_62,31.939169223930726,74.34254750139397
epigenomics_1960_fast2bfq_63,44.20574291961427,71.5754172460625
epigenomics_1960_fast2bfq_64,38.6466377732982,74.97308411217927
epigenomics_1960_fast2bfq_65,37.447678081137255,89.58278446371357
epigenomics_1960_fast2bfq_66,40.015770934212505,71.5660870473086
epigenomics_1960_fast2bfq_67,43.634498425962455,92.1895088911175
epigenomics_1960_fast2bfq_68,57.15413549421444,86.77398595338856
epigenomics_1960_fast2bfq_69,45.41895040270875,85.8821671752763
epigenomics_1960_fast2bfq_70,51.37606830533028,81.42299659269402
epigenomics_1960_fast2bfq_71,43.90456540724922,80.40450671201405
epigenomics_1960_fast2bfq_72,26.510703485342653,84.87309802963108
epigenomics_1960_fast2bfq_73,52.78413896155017,89.24067338013688
epigenomics_1960_fast2bfq_74,53.85664572762464,75.91765249891338
epigenomics_1960_fast2bfq_75,50.3611457941395,71.95270199157972
epigenomics_1960_fast2bfq_76,34.16788054514799,77.69998453685037
epigenomics_1960_fast2bfq_77,42.13024233923532,70.41799367949507
epigenomics_1960_fast2bfq_78,34.04437286933355,73.22879967834447
epigenomics_1960_fast2bfq_79,43.17712199220766,81.24564814384615
epigenomics_1960_fast2bfq_80,39.8716081843666,85.0135966717519
epigenomics_1960_fast2bfq_81,41.21617695123843,86.95396024953548
epigenomics_1960_fast2bfq_82,47.93085136633998,77.77116759140858
epigenomics_1960_fast2bfq_83,40.20132337667903,97.5189086204451
epigenomics_1960_fast2bfq_84,53.61376665618834,74.14733644801166
epigenomics_1960_fast2bfq_85,56.613548554986764,71.5969718794226
epigenomics_1960_fast2bfq_86,46.75919727756752,82.14413235052524
epigenomics_1960_fast2bfq_87,33.06644758899797,87.4822006913666
epigenomics_1960_fast2bfq_88,37.20332575907406,84.57351961796559
epigenomics_1960_fast2bfq_89,51.32246668894397,84.33726979227306
epigenomics_1960_fast2bfq_90,49.61347234119039,78.6028262700508
epigenomics_1960_fast2bfq_91,46.08035631307976,76.52003611959097
epigenomics_1960_fast2bfq_92,42.17945221691165,75.39266609173777
epigenomics_1960_fast2bfq_93,35.58763838267637,79.21863102438634
epigenomics_1960_fast2bfq_94,52.233120167261944,85.57394630287232
epigenomics_1960_fast2bfq_95,37.580290869181326,78.15704333808236
epigenomics_1960_fast2bfq_96,46.68417087481247,70.94651148211592
epigenomics_1960_fast2bfq_97,44.07521082359557,79.55909440450266
epigenomics_1960_fast2bfq_98,44.92283605113254,85.49731457132017
epigenomics_1960_fast2bfq_99,46.095180589895755,95.49236100553361
epigenomics_1960_fast2bfq_100,40.36051747371117,80.40992826770685
epigenomics_1960_fast2bfq_101,46.27912559937994,94.02212266685329
epigenomics_1960_fast2bfq_102,43.11479931480772,89.02506979342989
epigenomics_1960_fast2bfq_103,38.90812629307844,78.19510986448583
epigenomics_1960_fast2bfq_104,40.334008663996116,78.08664865036931
epigenomics_1960_fast2bfq_105,41.71071159329256,82.65990498787474
epigenomics_1960_fast2bfq_106,47.25146266164344,88.39296090780668
epigenomics_1960_fast2bfq_107,57.029124712376635,77.43789308689318
epigenomics_1960_fast2bfq_108,62.78841673302472,84.89179945878173
epigenomics_1960_fast2bfq_109,42.468183491183574,80.70150926559947
epigenomics_1960_fast2bfq_110,47.56532552575268,89.5277842893158
epigenomics_1960_fast2bfq_111,46.95148978071214,85.5176820713163
epigenomics_1960_fast2bfq_112,40.88734897540949,71.76384211521236
epigenomics_1960_fast2bfq_113,49.86139459774087,93.9964440777033
epigenomics_1960_fast2bfq_114,41.96744788233509,66.52426317253858
epigenomics_1960_fast2bfq_115,45.825425552317256,80.43704531610325
epigenomics_1960_fast2bfq_116,49.001983098587814,75.9792324798329
epigenomics_1960_fast2bfq_117,39.534524679898425,91.65789107942355
epigenomics_1960_fast2bfq_118,40.38352406812022,82.97504795862973
epigenomics_1960_fast2bfq_119,41.83023904731894,90.51645818330962
epigenomics_1960_fast2bfq_120,52.473186397009805,84.25133037858852
epigenomics_1960_fast2bfq_121,47.323036440261276,81.1848897979905
epigenomics_1960_fast2bfq_122,40.52870848709367,81.73574658931145
epigenomics_1960_fast2bfq_123,49.19996184524068,74.80146711595357
epigenomics_1960_fast2bfq_124,57.17901994179988,77.16668022259725
epigenomics_1960_fast2bfq_125,45.80305178306748,84.23812242793333
epigenomics_1960_fast2bfq_126,52.10381739713505,73.45013155011569
epigenomics_1960_fast2bfq_127,52.09260200178311,79.64743185140607
epigenomics_1960_fast2bfq_128,44.59946272105637,80.69646751939646
epigenomics_1960_fast2bfq_129,46.01857646879295,76.18152924474708
epigenomics_1960_fast2bfq_130,37.72666114030414,77.57118688661464
epigenomics_1960_fast2bfq_131,35.34807599977838,84.3520516973999
epigenomics_1960_fast2bfq_132,43.582757925540825,75.0576105903058
epigenomics_1960_fast2bfq_133,45.71335163527959,78.32349203941108
epigenomics_1960_fast2bfq_134,55.10186425756136,85.7349152821634
epigenomics_1960_fast2bfq_135,54.753973397112574,69.60204486956559
epigenomics_1960_fast2bfq_136,45.81816417432526,79.49391743831131
epigenomics_1960_fast2bfq_137,40.23370305931836,79.78048040452096
epigenomics_1960_fast2bfq_138,42.719717485681464,86.57460044264214
epigenomics_1960_fast2bfq_139,35.994745373514775,82.4187100736451
epigenomics_1960_fast2bfq_140,57.69743816371523,81.85868665131657
epigenomics_1960_fast2bfq_141,44.06213266094107,79.20562322180105
epigenomics_1960_fast2bfq_142,40.39347420425422,83.25879732623095
epigenomics_1960_fast2bfq_143,54.07310024594169,86.90333011468144
epigenomics_1960_fast2bfq_144,56.605153229069785,86.87625535985968
epigenomics_1960_fast2bfq_145,44.90475183262656,85.58982792237596
epigenomics_1960_fast2bfq_146,30.0557461324424,84.72429188066967
epigenomics_1960_fast2bfq_147,44.97123586492959,73.3742872733766
epigenomics_1960_fast2bfq_148,32.057841919156296,83.58772259841913
epigenomics_1960_fast2bfq_149,50.64490604895089,81.264931412284
epigenomics_1960_fast2bfq_150,41.567039364332956,77.285552037215
epigenomics_1960_fast2bfq_151,46.39198987635241,87.556970600662
epigenomics_1960_fast2bfq_152,44.060425294280854,86.46985678269903
epigenomics_1960_fast2bfq_153,50.4041542031634,72.8505560926921
epigenomics_1960_fast2bfq_154,45.832137210234976,82.92982676580353
epigenomics_1960_fast2bfq_155,46.593304797243114,84.96875233545332
epigenomics_1960_fast2bfq_156,57.47096511925067,76.84359921383191
epigenomics_1960_fast2bfq_157,44.10246763751054,78.32278585852607
epigenomics_1960_fast2bfq_158,44.76434818042662,83.9367828378108
epigenomics_1960_fast2bfq_159,39.2977654717846,74.90232379297605
epigenomics_1960_fast2bfq_160,52.88777352330596,82.19957876315522
epigenomics_1960_fast2bfq_161,49.08518056051437,75.5192037139907
epigenomics_1960_fast2bfq_162,39.6574977149204,76.7962395335696
epigenomics_1960_fast2bfq_163,57.6602927299889,87.03169594748358
epigenomics_1960_fast2bfq_164,43.881112942901495,68.63201923182324
epigenomics_1960_fast2bfq_165,39.01297380962745,77.10221014853498
epigenomics_1960_fast2bfq_166,40.723389807865075,63.968792803700026
epigenomics_1960_fast2bfq_167,47.090884266402036,85.64321954875747
epigenomics_1960_fast2bfq_168,42.748292574424696,76.79730383456672
epigenomics_1960_fast2bfq_169,39.050097640900105,66.77453421576459
epigenomics_1960_fast2bfq_170,50.828274859120704,92.09214335238167
epigenomics_1960_fast2bfq_171,39.131247529429075,89.96746340469596
epigenomics_1960_fast2bfq_172,46.882398027164406,77.40904926049569
epigenomics_1960_fast2bfq_173,44.89639242276822,72.74275963528375
epigenomics_1960_fast2bfq_174,53.17398760561189,76.73479172078586
epigenomics_1960_fast2bfq_175,44.53232032169722,79.17143618443562
epigenomics_1960_fast2bfq_176,48.9922260983456,87.78647001761595
epigenomics_1960_fast2bfq_177,47.91218414594158,76.94596968605983
epigenomics_1960_fast2bfq_178,51.32849662433646,71.77470662489793
epigenomics_1960_fast2bfq_179,43.84947305668181,88.90326126680316
epigenomics_1960_fast2bfq_180,40.15759694133126,77.92927445167327
epigenomics_1960_fast2bfq_181,35.46011464390493,68.98664110598618
epigenomics_1960_fast2bfq_182,39.874586617804326,80.91723191702917
epigenomics_1960_fast2bfq_183,34.90549803478579,74.6988321954926
epigenomics_1960_fast2bfq_184,33.500864724885304,77.14585266881933
epigenomics_1960_fast2bfq_185,52.90000057362647,73.55885343810232
epigenomics_1960_fast2bfq_186,51.91020216088147,81.58975334557857
epigenomics_1960_fast2bfq_187,54.03501500689211,91.11944418735646
epigenomics_1960_fast2bfq_188,43.375703478596854,82.50187967821081
epigenomics_1960_fast2bfq_189,47.80570714185807,77.2019689647035
epigenomics_1960_fast2bfq_190,50.97060597023462,72.45668726969818
epigenomics_1960_fast2bfq_191,52.549734320789355,78.8640104091573
epigenomics_1960_fast2bfq_192,53.49604576199993,93.76817788264023
epigenomics_1960_fast2bfq_193,63.036537581513265,78.11424462097851
epigenomics_1960_fast2bfq_194,43.77704281039422,79.17835619710168
epigenomics_1960_fast2bfq_195,41.811198730965494,87.51464609127922
epigenomics_1960_fast2bfq_196,36.338729245732765,82.79190294146494
epigenomics_1960_fast2bfq_197,56.26745827464467,79.56467426213605
epigenomics_1960_fast2bfq_198,40.18044819930005,75.55753151573799
epigenomics_1960_fast2bfq_199,45.58378643659666,82.13552959159361
epigenomics_1960_fast2bfq_200,32.53813881042946,83.11179770664111
epigenomics_1960_fast2bfq_201,56.26194305060034,85.2228072941621
epigenomics_1960_fast2bfq_202,39.50985958550422,88.66204850398876
epigenomics_1960_fast2bfq_203,56.27859291117697,91.0937945716533
epigenomics_1960_fast2bfq_204,37.74300464294904,80.30536465947057
epigenomics_1960_fast2bfq_205,47.410561142931726,77.7003093855728
epigenomics_1960_fast2bfq_206,42.81555023181895,73.01275342121876
epigenomics_1960_fast2bfq_207,41.58951490501642,72.86458675114204
epigenomics_1960_fast2bfq_208,46.473449419973456,83.39335861755538
epigenomics_1960_fast2bfq_209,44.291799214403696,86.23462209024042
epigenomics_1960_fast2bfq_210,42.55473603558997,82.91461815701965
epigenomics_1960_fast2bfq_211,31.008159117104917,71.32442114218577
epigenomics_1960_fast2bfq_212,45.66523996459272,76.888339333957
epigenomics_1960_fast2bfq_213,39.44038825296351,88.59263629374864
epigenomics_1960_fast2bfq_214,50.17866208330607,85.99587354946696
epigenomics_1960_fast2bfq_215,40.963094352548524,70.31183991991398
epigenomics_1960_fast2bfq_216,38.59223282463394,72.28723346620426
epigenomics_1960_fast2bfq_217,42.18248114491159,88.01951448994608
epigenomics_1960_fast2bfq_218,38.22968216511539,80.45211068344267
epigenomics_1960_fast2bfq_219,39.29254576922119,83.9068323456965
epigenomics_1960_fast2bfq_220,49.94216959243443,81.86925968259375
epigenomics_1960_fast2bfq_221,50.907882128740276,105.12935146064713
epigenomics_1960_fast2bfq_222,49.16040856364706,76.57898073382685
epigenomics_1960_fast2bfq_223,36.74224400105004,89.25533823918732
epigenomics_1960_fast2bfq_224,47.711922367937014,71.02492133988915
epigenomics_1960_fast2bfq_225,45.9238367248151,64.73458403261537
epigenomics_1960_fast2bfq_226,53.77634614877833,86.13134283600405
epigenomics_1960_fast2bfq_227,52.26407121518702,79.97867132194497
epigenomics_1960_fast2bfq_228,30.42580179841358,83.14355044326055
epigenomics_1960_fast2bfq_229,54.57350220634778,84.45191953592342
epigenomics_1960_fast2bfq_230,47.09375432809535,78.32421180664019
epigenomics_1960_fast2bfq_231,43.85170744656005,82.39780856439748
epigenomics_1960_fast2bfq_232,52.24939658759115,82.16754215886306
epigenomics_1960_fast2bfq_233,44.954680239785574,66.33446006827207
epigenomics_1960_fast2bfq_234,43.80952345626151,77.1907247867022
epigenomics_1960_fast2bfq_235,45.78841620732065,84.40016756875383
epigenomics_1960_fast2bfq_236,42.11363822604802,81.14639804506145
epigenomics_1960_fast2bfq_237,39.681635501480685,93.17355770348198
epigenomics_1960_fast2bfq_238,49.70689922539898,80.7174099881772
epigenomics_1960_fast2bfq_239,64.8703142872967,86.25714826478594
epigenomics_1960_fast2bfq_240,40.85240617299467,85.51728834277908
epigenomics_1960_fast2bfq_241,40.70836440090225,76.58492603084088
epigenomics_1960_fast2bfq_242,40.080508961937255,80.19759492876393
epigenomics_1960_fast2bfq_243,39.5707503568845,65.66315756813414
epigenomics_1960_fast2bfq_244,30.719556477533473,74.28300179618078
epigenomics_1960_fast2bfq_245,38.25333166062558,75.4243409613277
epigenomics_1960_fast2bfq_246,40.15078601468269,75.88997836357326
epigenomics_1960_fast2bfq_247,54.92200381914519,71.70899230924589
epigenomics_1960_fast2bfq_248,46.59035700640115,89.0388267848778
epigenomics_1960_fast2bfq_249,51.49047204656695,83.6269773626305
epigenomics_1960_fast2bfq_250,53.33270724035431,70.64554053981661
epigenomics_1960_fast2bfq_251,44.064176835662515,80.43809129423077
epigenomics_1960_fast2bfq_252,34.23298947185743,88.08142807124372
epigenomics_1960_fast2bfq_253,37.9799597993312,82.39755731653304
epigenomics_1960_fast2bfq_254,50.0718454190343,86.96660743078472
epigenomics_1960_fast2bfq_255,49.156254797146666,85.19890240147078
epigenomics_1960_fast2bfq_256,38.37075667648527,70.42116636548057
epigenomics_1960_fast2bfq_257,60.15152918541142,85.63401697216696
epigenomics_1960_fast2bfq_258,24.91924096638423,86.08890090591294
epigenomics_1960_fast2bfq_259,47.9949311101821,78.48751891578291
epigenomics_1960_fast2bfq_260,43.5241268801732,95.60714050492666
epigenomics_1960_fast2bfq_261,38.37373349230149,76.73698357634562
epigenomics_1960_fast2bfq_262,39.431220853160774,95.91521083199227
epigenomics_1960_fast2bfq_263,46.5699159896236,64.73231704715865
epigenomics_1960_fast2bfq_264,53.42343964662243,84.24182472896511
epigenomics_1960_fast2bfq_265,50.393851525304314,88.33186386206678
epigenomics_1960_fast2bfq_266,43.8242191194324,85.95464893238209
epigenomics_1960_fast2bfq_267,49.33932605455182,88.99997055751933
epigenomics_1960_fast2bfq_268,41.16164122639645,86.30164478248645
epigenomics_1960_fast2bfq_269,54.267817774052446,90.7339781831931
epigenomics_1960_fast2bfq_270,40.58213099508092,77.60304865618723
epigenomics_1960_fast2bfq_271,45.716682387211094,82.49591552656258
epigenomics_1960_fast2bfq_272,45.54553988245675,70.50686033524678
epigenomics_1960_fast2bfq_273,52.758429469149874,81.340951330927
epigenomics_1960_fast2bfq_274,44.70446770237377,79.16090736328286
epigenomics_1960_fast2bfq_275,36.48204964827705,75.23146494654694
epigenomics_1960_fast2bfq_276,46.885099879598265,89.45693597668378
epigenomics_1960_fast2bfq_277,34.03737982816006,82.80266924597763
epigenomics_1960_fast2bfq_278,43.41282883457027,71.11969152141998
epigenomics_1960_fast2bfq_279,39.281556761014436,96.83335470995314
epigenomics_1960_fast2bfq_280,48.07151639419937,74.39725046577765
epigenomics_1960_fast2bfq_281,40.43036670293365,85.5141913245792
epigenomics_1960_fast2bfq_282,39.823603706445496,79.85236349557783
epigenomics_1960_fast2bfq_283,42.42706287636356,88.79359794498956
epigenomics_1960_fast2bfq_284,30.33553485347085,85.8800189590384
epigenomics_1960_fast2bfq_285,43.01870874745814,80.81169866944144
epigenomics_1960_fast2bfq_286,37.85721207657836,86.43872059718296
epigenomics_1960_fast2bfq_287,42.69263839907594,81.83969486026406
epigenomics_1960_fast2bfq_288,42.34466688971937,83.05938989956422
epigenomics_1960_fast2bfq_289,44.11689013181912,76.59095625016391
epigenomics_1960_fast2bfq_290,48.85155335239867,75.50770768526901
epigenomics_1960_fast2bfq_291,46.3503100699801,78.8391025261507
epigenomics_1960_fast2bfq_292,41.809854667534665,71.91770929813035
epigenomics_1960_fast2bfq_293,51.54645335756228,68.73834489530287
epigenomics_1960_fast2bfq_294,41.290592165994845,91.92870504146467
epigenomics_1960_fast2bfq_295,38.100422698105426,93.93146615329042
epigenomics_1960_fast2bfq_296,37.41756754505633,69.6879746306162
epigenomics_1960_fast2bfq_297,48.91579294918556,79.28734755213951
epigenomics_1960_fast2bfq_298,46.54390619451688,76.94362177181723
epigenomics_1960_fast2bfq_299,44.91796676487071,76.12537351546335
epigenomics_1960_fast2bfq_300,48.65873451377267,80.7263256118325
epigenomics_1960_fast2bfq_301,45.83577405072731,85.58729697666182
epigenomics_1960_fast2bfq_302,46.937065581661045,82.61768455296902
epigenomics_1960_fast2bfq_303,36.91486166280126,83.06573014008794
epigenomics_1960_fast2bfq_304,44.26939663619311,83.20622383340414
epigenomics_1960_fast2bfq_305,42.864653477179104,73.4597212660187
epigenomics_1960_fast2bfq_306,44.807802581209835,72.82608893361741
epigenomics_1960_fast2bfq_307,46.50912090256938,80.66924072557599
epigenomics_1960_fast2bfq_308,51.720879380644305,75.555855059444
epigenomics_1960_fast2bfq_309,59.99307168937702,87.04280740452228
epigenomics_1960_fast2bfq_310,47.52193237667988,93.45615572649857
epigenomics_1960_fast2bfq_311,41.916536621436265,80.36854701517146
epigenomics_1960_fast2bfq_312,41.01423992699848,83.13977665650754
epigenomics_1960_fast2bfq_313,40.765703080146544,72.33029705176233
epigenomics_1960_fast2bfq_314,31.998916645618742,93.0571816185531
epigenomics_1960_fast2bfq_315,48.11839858388728,86.59142899555108
epigenomics_1960_fast2bfq_316,44.278412778188745,87.03368675842555
epigenomics_1960_fast2bfq_317,49.401276922043216,84.86677416788868
epigenomics_1960_fast2bfq_318,46.31289587303814,86.26818021390554
epigenomics_1960_fast2bfq_319,52.3311730227357,85.36048922152624
epigenomics_1960_fast2bfq_320,38.697042597091226,79.23523578241891
epigenomics_1960_fast2bfq_321,60.51009488679525,72.53224796271137
epigenomics_1960_fast2bfq_322,45.24342363491882,77.35899814112416
epigenomics_1960_fast2bfq_323,58.76611820607232,70.79253451647143
epigenomics_1960_fast2bfq_324,48.7514816779817,87.56757441018273
epigenomics_1960_fast2bfq_325,47.69285619379275,88.17878834796927
epigenomics_1960_fast2bfq_326,46.41282312869246,77.91538659272442
epigenomics_1960_fast2bfq_327,39.1170166004206,84.43744594622073
epigenomics_1960_fast2bfq_328,43.42306599712222,70.38706683397028
epigenomics_1960_fast2bfq_329,35.28855942234816,68.5834800057009
epigenomics_1960_fast2bfq_330,42.95690104325794,92.64810230094957
epigenomics_1960_fast2bfq_331,39.998655978685456,83.43837769081514
epigenomics_1960_fast2bfq_332,52.558183956406396,85.87629888080089
epigenomics_1960_fast2bfq_333,44.35533732481438,78.82804627677774
epigenomics_1960_fast2bfq_334,30.288272215989302,79.09239952651586
epigenomics_1960_fast2bfq_335,54.18971310518427,86.05331721905927
epigenomics_1960_fast2bfq_336,37.42821355738018,69.0270746942868
epigenomics_1960_fast2bfq_337,41.97297086401588,84.56531204519702
epigenomics_1960_fast2bfq_338,52.12936491329691,78.18676785513141
epigenomics_1960_fast2bfq_339,44.10790986322524,81.5822114855746
epigenomics_1960_fast2bfq_340,45.04561839047082,83.99059569228552
epigenomics_1960_fast2bfq_341,37.252915417863726,81.04596482087885
epigenomics_1960_fast2bfq_342,30.698058458740313,76.50685485792866
epigenomics_1960_fast2bfq_343,38.439863656177124,89.18553847135558
epigenomics_1960_fast2bfq_344,52.57621494612024,72.16212590012972
epigenomics_1960_fast2bfq_345,39.90407521542672,78.38597233554472
epigenomics_1960_fast2bfq_346,41.91427505363818,85.75442474810339
epigenomics_1960_fast2bfq_347,48.94875259701759,82.0549176936454
epigenomics_1960_fast2bfq_348,34.80444675161638,80.37709132099715
epigenomics_1960_fast2bfq_349,61.388382364886155,73.90207546637583
epigenomics_1960_fast2bfq_350,42.45620198326675,80.07857486733816
epigenomics_1960_fast2bfq_351,29.111846553303046,83.47292013710447
epigenomics_1960_fast2bfq_352,35.76305791275931,77.44722121907428
epigenomics_1960_fast2bfq_353,45.77857139843661,76.3795517077064
epigenomics_1960_fast2bfq_354,51.066946813587,79.49183796273368
epigenomics_1960_fast2bfq_355,41.49135152907875,92.90647496556821
epigenomics_1960_fast2bfq_356,37.790589613527345,76.41647707798788
epigenomics_1960_fast2bfq_357,56.916791266827126,66.24352003161866
epigenomics_1960_fast2bfq_358,43.96614279932627,83.25895500979657
epigenomics_1960_fast2bfq_359,52.2133967009753,63.45300001153237
epigenomics_1960_fast2bfq_360,52.67462631582781,73.92588135417354
epigenomics_1960_fast2bfq_361,45.12950707680579,86.93019521518734
epigenomics_1960_fast2bfq_362,37.02098509073297,83.11572403207707
epigenomics_1960_fast2bfq_363,27.26782026175593,85.13467803563262
epigenomics_1960_fast2bfq_364,50.422465609818076,71.2888934257576
epigenomics_1960_fast2bfq_365,35.97164478956094,78.10404432004248
epigenomics_1960_fast2bfq_366,46.1399262431469,84.58534937306273
epigenomics_1960_fast2bfq_367,51.28139014556848,78.27602739039551
epigenomics_1960_fast2bfq_368,52.99745441162059,69.48729000892472
epigenomics_1960_fast2bfq_369,41.26028670220944,91.45790888030108
epigenomics_1960_fast2bfq_370,58.67005410940142,65.9464027980399
epigenomics_1960_fast2bfq_371,47.24000449318233,84.98113614123741
epigenomics_1960_fast2bfq_372,43.316944293304765,90.26661856139683
epigenomics_1960_fast2bfq_373,36.905269748982235,84.55899413248032
epigenomics_1960_fast2bfq_374,44.19484099521645,67.48853650566437
epigenomics_1960_fast2bfq_375,42.03671454202754,86.08976540571213
epigenomics_1960_fast2bfq_376,48.21441122029178,63.835462161462445
epigenomics_1960_fast2bfq_377,59.282345782761574,83.68412924798918
epigenomics_1960_fast2bfq_378,43.452677211907904,83.83437699210171
epigenomics_1960_fast2bfq_379,60.02117817479287,69.01923431391953
epigenomics_1960_fast2bfq_380,40.518093318807914,82.79126051960131
epigenomics_1960_fast2bfq_381,53.66843898471575,75.49383698782982
epigenomics_1960_fast2bfq_382,28.067839607176772,86.1559327995527
epigenomics_1960_fast2bfq_383,38.526220800313524,75.52847085011003
epigenomics_1960_fast2bfq_384,55.21908602807886,75.26277545789303
epigenomics_1960_fast2bfq_385,44.98880127220254,86.40447016169855
epigenomics_1960_fast2bfq_386,28.887811523997385,80.48299822918415
epigenomics_1960_fast2bfq_387,36.39164056257785,80.62345158466101
epigenomics_1960_fast2bfq_388,43.42634135359079,89.48806917978102
epigenomics_1960_fast2bfq_389,59.998802186368835,87.08823444312017
epigenomics_1960_fast2bfq_390,51.2318209971219,76.28276868251703
epigenomics_1960_fast2bfq_391,47.77004597732451,78.54348464334959
epigenomics_1960_fast2bfq_392,36.35664582919051,85.84377740955517
epigenomics_1960_fast2bfq_393,48.309873139791456,64.84293859543172
epigenomics_1960_fast2bfq_394,38.558047501099004,88.2469198378507
epigenomics_1960_fast2bfq_395,45.24926981505456,78.20323092951382
epigenomics_1960_fast2bfq_396,28.2537087455986,87.48826619855721
epigenomics_1960_fast2bfq_397,39.872170029094285,88.19173321643007
epigenomics_1960_fast2bfq_398,34.49967821585421,87.86556141076348
epigenomics_1960_fast2bfq_399,37.37041237464781,67.41196796997772
epigenomics_1960_fast2bfq_400,45.15247774285038,85.58301326352436
epigenomics_1960_fast2bfq_401,50.606045746052054,76.26964521611376
epigenomics_1960_fast2bfq_402,52.23898467148318,79.06971438547278
epigenomics_1960_fast2bfq_403,45.94920237533932,81.77654966948143
epigenomics_1960_fast2bfq_404,40.78972983809608,78.46551419728914
epigenomics_1960_fast2bfq_405,40.90569610527789,90.85948215032977
epigenomics_1960_fast2bfq_406,45.35320317442015,73.46327714373147
epigenomics_1960_fast2bfq_407,37.73766944746375,87.0420254267249
epigenomics_1960_fast2bfq_408,36.69107140975754,84.74754064694848
epigenomics_1960_fast2bfq_409,50.76716007718742,72.60292047147742
epigenomics_1960_fast2bfq_410,43.76447603463419,75.47497869439997
epigenomics_1960_fast2bfq_411,35.957197528469585,72.30877399372238
epigenomics_1960_fast2bfq_412,38.09837264000384,68.73958246186831
epigenomics_1960_fast2bfq_413,30.876554802655495,68.68100601236586
epigenomics_1960_fast2bfq_414,49.99184707093705,87.32811778055208
epigenomics_1960_fast2bfq_415,56.4502487577029,82.00655713055632
epigenomics_1960_fast2bfq_416,47.07164881345985,79.92881142201823
epigenomics_1960_fast2bfq_417,32.05147312729364,79.75355472218321
epigenomics_1960_fast2bfq_418,58.684143129563935,79.86290345373759
epigenomics_1960_fast2bfq_419,44.44974018188984,88.87724561687085
epigenomics_1960_fast2bfq_420,41.974953541386505,73.98649496069682
epigenomics_1960_fast2bfq_421,45.09594267430559,72.98064766670717
epigenomics_1960_fast2bfq_422,41.39439781326791,86.04978429467916
epigenomics_1960_fast2bfq_423,49.495368634057776,81.87997080049755
epigenomics_1960_fast2bfq_424,56.32545959501709,87.2418079854189
epigenomics_1960_fast2bfq_425,28.604244445839573,81.79454004910667
epigenomics_1960_fast2bfq_426,51.98079643022493,84.10234924538462
epigenomics_1960_fast2bfq_427,59.189559040420804,88.86564513112513
epigenomics_1960_fast2bfq_428,42.916840220446666,72.62210381149097
epigenomics_1960_fast2bfq_429,57.92754763013005,82.39902035291497
epigenomics_1960_fast2bfq_430,56.11993050307517,70.65285255100345
epigenomics_1960_fast2bfq_431,54.57008677538554,80.93043250923255
epigenomics_1960_fast2bfq_432,53.96788320223965,75.8734033513757
epigenomics_1960_fast2bfq_433,39.34469756613168,92.48410272692499
epigenomics_1960_fast2bfq_434,42.454252844826236,66.98022059151754
epigenomics_1960_fast2bfq_435,37.88547450022872,82.96066410199718
epigenomics_1960_fast2bfq_436,56.77726362465582,71.32627575252876
epigenomics_1960_fast2bfq_437,47.01690537309627,87.84018819878672
epigenomics_1960_fast2bfq_438,38.77609975893253,70.91288464060464
epigenomics_1960_fast2bfq_439,36.54167946037196,90.57943892761458
epigenomics_1960_fast2bfq_440,36.60156935557825,74.76158107615541
epigenomics_1960_fast2bfq_441,40.6485424055909,78.8693981938861
epigenomics_1960_fast2bfq_442,41.41409135355279,69.90132260595382
epigenomics_1960_fast2bfq_443,49.30470093474767,91.3719771089502
epigenomics_1960_fast2bfq_444,42.99895650790126,86.79606533225193
epigenomics_1960_fast2bfq_445,49.67918899631975,85.4510342552864
epigenomics_1960_fast2bfq_446,45.39147498070659,83.10480985110337
epigenomics_1960_fast2bfq_447,56.25291050161142,96.90617123879483
epigenomics_1960_fast2bfq_448,46.716003584609766,87.35379492715154
epigenomics_1960_fast2bfq_449,33.297440971853206,82.95777508712304
epigenomics_1960_fast2bfq_450,40.730892649671304,68.58566133641821
epigenomics_1960_fast2bfq_451,36.27473373652011,66.31467681441012
epigenomics_1960_fast2bfq_452,51.15993684084645,77.19889629932135
epigenomics_1960_fast2bfq_453,38.03189042839547,82.64933524682672
epigenomics_1960_fast2bfq_454,52.85028737453978,86.82336398495924
epigenomics_1960_fast2bfq_455,49.562234073177585,79.44599639568034
epigenomics_1960_fast2bfq_456,51.916443932990106,79.4963917600269
epigenomics_1960_fast2bfq_457,49.90268587736289,75.97064310987885
epigenomics_1960_fast2bfq_458,33.377316277087644,85.42563448707836
epigenomics_1960_fast2bfq_459,54.670970083732236,75.27838875759136
epigenomics_1960_fast2bfq_460,54.36730716316268,78.4594421119854
epigenomics_1960_fast2bfq_461,40.44370547684913,79.04283216845577
epigenomics_1960_fast2bfq_462,49.90925993384914,87.02208642440402
epigenomics_1960_fast2bfq_463,45.2569117900248,92.06973202191271
epigenomics_1960_fast2bfq_464,45.31519406340214,78.54727856680707
epigenomics_1960_fast2bfq_465,42.803739822059526,68.83555175983409
epigenomics_1960_fast2bfq_466,43.477420830382215,85.46212896876926
epigenomics_1960_fast2bfq_467,30.31868613206471,73.5095848196693
epigenomics_1960_fast2bfq_468,38.16618394612415,73.30689075270044
epigenomics_1960_fast2bfq_469,43.22611583726825,81.37978161019748
epigenomics_1960_fast2bfq_470,36.34955320852971,82.19976996956301
epigenomics_1960_fast2bfq_471,55.52221537866539,75.08698561303049
epigenomics_1960_fast2bfq_472,35.76206497391585,86.44286763309363
epigenomics_1960_fast2bfq_473,54.44891236777562,76.94902253608223
epigenomics_1960_fast2bfq_474,42.916174497733344,70.88275436921755
epigenomics_1960_fast2bfq_475,49.89114694514419,85.06815928160627
epigenomics_1960_fast2bfq_476,31.024913349365317,88.82449450698148
epigenomics_1960_fast2bfq_477,36.74603031437809,82.07010454058442
epigenomics_1960_fast2bfq_478,30.37667713545729,80.8391196845957
epigenomics_1960_fast2bfq_479,43.31735222259703,93.80685542652846
epigenomics_1960_fast2bfq_480,44.88146274309083,87.65358601992182
epigenomics_1960_fast2bfq_481,45.493777671443674,78.68358422961792
epigenomics_1960_fast2bfq_482,47.2902273565685,70.43228827632143
epigenomics_1960_fast2bfq_483,50.060536782474166,85.35520223613699
epigenomics_1960_fast2bfq_484,43.83776255666134,87.20270986798742
epigenomics_1960_fast2bfq_485,43.82145398416232,86.32648828989758
epigenomics_1960_fast2bfq_486,34.88393187332691,86.01368449834213
epigenomics_1960_fast2bfq_487,37.41023727020434,68.21415132806452
epigenomics_1960_fast2bfq_488,52.22027111340037,92.55584209657776
epigenomics_1960_fast2bfq_489,45.227176420273246,76.07010281740794
epigenomics_1960_fast2bfq_490,44.393239163625154,74.47849986333011
epigenomics_1960_fast2bfq_491,44.54796084978239,88.71326276795816
epigenomics_1960_fast2bfq_492,47.36748798002455,72.23896400786603
epigenomics_1960_fast2bfq_493,48.6190868242763,83.41598479079289
epigenomics_1960_fast2bfq_494,45.729468728396434,86.51143137932083
epigenomics_1960_fast2bfq_495,40.281562957399515,81.5301824425909
epigenomics_1960_fast2bfq_496,50.6290579707169,84.23988444192257
epigenomics_1960_fast2bfq_497,31.530265947737377,88.1804560583503
epigenomics_1960_fast2bfq_498,42.381844409284646,75.40406246892739
epigenomics_1960_fast2bfq_499,46.60207762409861,77.13980547388736
epigenomics_1960_map_0,10089.19715817325,180.7438635029839
epigenomics_1960_map_1,10118.768303456889,184.39431223294145
epigenomics_1960_map_2,11187.120415882899,184.76296792854944
epigenomics_1960_map_3,10703.506182442863,184.6325331210539
epigenomics_1960_map_4,9842.851489332605,186.86198472893608
epigenomics_1960_map_5,10105.89760168559,184.42516764636446
epigenomics_1960_map_6,9426.214603239727,183.18794528048136
epigenomics_1960_map_7,10886.945337550025,178.47939987621177
epigenomics_1960_map_8,9710.449400530992,179.31489753540234
epigenomics_1960_map_9,9322.995144345165,179.98182757961789
epigenomics_1960_map_10,9955.152805315804,186.89677138649472
epigenomics_1960_map_11,9595.563188952712,194.3433641536047
epigenomics_1960_map_12,10599.776383064405,190.4038401095935
epigenomics_1960_map_13,10467.786021220569,180.48455782289557
epigenomics_1960_map_14,10352.31103357082,179.71747295355937
epigenomics_1960_map_15,9894.411029966455,181.62931015587554
epigenomics_1960_map_16,9170.339733766707,187.5852278991295
epigenomics_1960_map_17,10270.751166457694,184.04474026730426
epigenomics_1960_map_18,10584.9173462485,184.8862655283873
epigenomics_1960_map_19,10316.995118520155,178.29122038331505
epigenomics_1960_map_20,9062.283321919298,176.07951012685828
epigenomics_1960_map_21,9829.42472021151,184.70626375840703
epigenomics_1960_map_22,10735.031273535194,188.30359779412925
epigenomics_1960_map_23,10695.355543911208,181.91785974642468
epigenomics_1960_map_24,10781.531831506083,189.3872205299845
epigenomics_1960_map_25,10235.346123675123,184.55405912756845
epigenomics_1960_map_26,9883.669380203946,178.03776032473988
epigenomics_1960_map_27,10423.089406076146,192.22740261336253
epigenomics_1960_map_28,9070.500942814127,189.30917537893748
epigenomics_1960_map_29,9692.018255979998,187.15743262598582
epigenomics_1960_map_30,10904.498923272131,182.7562906728826
epigenomics_1960_map_31,11070.036343466692,183.63088306767904
epigenomics_1960_map_32,10299.476886847628,185.74573359747117
epigenomics_1960_map_33,9489.914007173156,186.53675676310627
epigenomics_1960_map_34,9688.642803702154,179.15587641242405
epigenomics_1960_map_35,9690.195756660201,188.111680908476
epigenomics_1960_map_36,10178.198527388373,183.7310274074164
epigenomics_1960_map_37,10008.832126686122,188.28085443155263
epigenomics_1960_map_38,9570.77053712207,186.16643123858668
epigenomics_1960_map_39,10487.279910198382,179.01257908761363
epigenomics_1960_map_40,11056.734130631288,180.68799938061878
epigenomics_1960_map_41,9606.067289732458,180.77159329602975
epigenomics_1960_map_42,9319.308533145651,176.93236683484997
epigenomics_1960_map_43,10243.587787047583,175.86900372744486
epigenomics_1960_map_44,8915.6270200299,186.39714844012266
epigenomics_1960_map_45,9615.105835951947,193.27918821509033
epigenomics_1960_map_46,9054.054347702251,182.23203724843435
epigenomics_1960_map_47,9957.629644879446,189.75709918936144
epigenomics_1960_map_48,9944.872937580883,183.56890412114925
epigenomics_1960_map_49,10731.668250045916,187.36427267886248
epigenomics_1960_map_50,10968.257076748778,185.81464264805192
epigenomics_1960_map_51,10614.1484179446,182.34438475661216
epigenomics_1960_map_52,9170.73548484844,194.31440788111146
epigenomics_1960_map_53,10050.668351034103,187.83163961351786
epigenomics_1960_map_54,10150.151355341639,193.2712162709818
epigenomics_1960_map_55,10055.896149560169,188.4350406011245
epigenomics_1960_map_56,10347.874736647356,186.99817120039046
epigenomics_1960_map_57,9502.838948897896,181.84251920925698
epigenomics_1960_map_58,10064.963367246572,189.53677473364866
epigenomics_1960_map_59,10074.082200530202,191.54868220010422
epigenomics_1960_map_60,9468.342506036284,189.95403498827224
epigenomics_1960_map_61,9520.092019623657,187.52023379503353
epigenomics_1960_map_62,10378.078486117578,185.2947159504889
epigenomics_1960_map_63,10600.064392499871,183.55452072946613
epigenomics_1960_map_64,10924.735263881104,178.43897985358373
epigenomics_1960_map_65,10180.75449047676,193.95275211574307
epigenomics_1960_map_66,9632.598927613984,186.96040984663148
epigenomics_1960_map_67,9838.310775214046,177.0886508679686
epigenomics_1960_map_68,9780.116953274426,188.62548196269125
epigenomics_1960_map_69,9321.243592059407,180.37719756907887
epigenomics_1960_map_70,9417.002032477194,188.8965491029243
epigenomics_1960_map_71,9801.252037558761,190.99032121958143
epigenomics_1960_map_72,9421.024576380267,185.48765551780198
epigenomics_1960_map_73,10630.243423326854,179.7551149162958
epigenomics_1960_map_74,9665.702736732796,181.64118225899495
epigenomics_1960_map_75,8887.62516598047,181.75452633560573
epigenomics_1960_map_76,9809.329303980145,183.93288249375885
epigenomics_1960_map_77,9717.864502813789,181.13748415193325
epigenomics_1960_map_78,10029.724749763145,194.3015690164759
epigenomics_1960_map_79,9494.812771214425,180.8718038208421
epigenomics_1960_map_80,10459.05853070654,181.22258261651731
epigenomics_1960_map_81,9921.220174174805,180.1790512712791
epigenomics_1960_map_82,9825.99195867379,193.15822782277274
epigenomics_1960_map_83,9947.762783617321,186.98617398931896
epigenomics_1960_map_84,9756.29366533077,181.6197464782897
epigenomics_1960_map_85,9912.83160365442,180.82669943706532
epigenomics_1960_map_86,9384.846908859421,182.32447443677376
epigenomics_1960_map_87,9623.53568224451,181.45238784378103
epigenomics_1960_map_88,9939.541468421328,181.10478001196793
epigenomics_1960_map_89,9936.572631476576,182.94972920710464
epigenomics_1960_map_90,10326.984439297568,184.9077807918147
epigenomics_1960_map_91,10110.12642307599,191.78629101663327
epigenomics_1960_map_92,10047.68346916298,196.04723476177887
epigenomics_1960_map_93,10082.680865495713,189.02291530649825
epigenomics_1960_map_94,9957.586666682737,183.79820272999027
epigenomics_1960_map_95,10340.121991811375,190.97371571352318
epigenomics_1960_map_96,10098.661727988881,188.53264432131877
epigenomics_1960_map_97,9573.906528638474,179.40161332085765
epigenomics_1960_map_98,10851.666481404733,187.0417840410435
epigenomics_1960_map_99,10262.920706739615,179.75021822871304
epigenomics_1960_map_100,10946.524621903192,183.6478047462345
epigenomics_1960_map_101,9657.946998307534,181.67350858703693
epigenomics_1960_map_102,10903.94726781941,182.83832546530547
epigenomics_1960_map_103,10103.164891483164,188.71872663646005
epigenomics_1960_map_104,9539.323396967602,191.15758735980373
epigenomics_1960_map_105,10186.541145488367,173.5452751320538
epigenomics_1960_map_106,10354.6165470866,191.92384532118717
epigenomics_1960_map_107,9834.581703175092,180.90855826783672
epigenomics_1960_map_108,9612.895954247026,187.8190866242642
epigenomics_1960_map_109,9954.003026442128,188.06628935555548
epigenomics_1960_map_110,10588.706111675143,184.8169329295706
epigenomics_1960_map_111,9840.194921462524,179.59122305716107
epigenomics_1960_map_112,10233.74811312514,188.55425094126525
epigenomics_1960_map_113,9582.653997295616,173.13533856001814
epigenomics_1960_map_114,9353.609664628084,179.99223748736873
epigenomics_1960_map_115,9940.745639798437,192.22593031032588
epigenomics_1960_map_116,9157.942741536157,185.92498651281744
epigenomics_1960_map_117,9950.188330106328,192.84251273978086
epigenomics_1960_map_118,11015.748303912433,186.67178082789124
epigenomics_1960_map_119,9441.636561484976,188.14270251762525
epigenomics_1960_map_120,10348.483552209955,190.20289317820286
epigenomics_1960_map_121,9546.431985791261,180.88603635781925
epigenomics_1960_map_122,9917.503483956489,177.2818190830589
epigenomics_1960_map_123,9594.723531300382,193.58004968818432
epigenomics_1960_map_124,10594.50271252539,186.02542078650293
epigenomics_1960_map_125,9941.416123009785,185.2750287241708
epigenomics_1960_map_126,10011.02422022119,181.53459886585563
epigenomics_1960_map_127,9115.675186616929,189.09095276338522
epigenomics_1960_map_128,8448.384254825196,185.57961183447455
epigenomics_1960_map_129,10191.325138726355,184.62052409246783
epigenomics_1960_map_130,10349.631909679776,180.48967601772546
epigenomics_1960_map_131,10352.45392597386,183.18993514523902
epigenomics_1960_map_132,9851.646125034811,167.06972211474445
epigenomics_1960_map_133,10444.450699186544,197.6747209073899
epigenomics_1960_map_134,9831.76455664773,184.6464028659705
epigenomics_1960_map_135,10267.229721804964,193.1466628635617
epigenomics_1960_map_136,9423.996247771644,180.02390550288038
epigenomics_1960_map_137,9614.349657948283,187.65627146504386
epigenomics_1960_map_138,10062.460504210196,190.59106628293816
epigenomics_1960_map_139,10178.328398769978,182.6887614785453
epigenomics_1960_map_140,10568.319979235755,194.40526480956876
epigenomics_1960_map_141,9862.775180583494,183.68021967007064
epigenomics_1960_map_142,10231.908357407838,187.29607993852864
epigenomics_1960_map_143,9586.313676957818,182.47334003971463
epigenomics_1960_map_144,9942.79427386614,181.3531162002967
epigenomics_1960_map_145,9036.086242004501,179.09538979627803
epigenomics_1960_map_146,10129.01502000086,183.57983756879258
epigenomics_1960_map_147,9366.986753262368,182.52591556343222
epigenomics_1960_map_148,10201.841904609302,181.08844519623403
epigenomics_1960_map_149,9649.256824239204,181.0824897439246
epigenomics_1960_map_150,11008.059389150918,188.09376038149128
epigenomics_1960_map_151,10216.154702317295,188.890952591078
epigenomics_1960_map_152,10543.91273125368,181.20920566074997
epigenomics_1960_map_153,9234.027104680472,190.73142727251238
epigenomics_1960_map_154,10789.523332312458,185.51835912727773
epigenomics_1960_map_155,11174.333555290887,184.78688021546432
epigenomics_1960_map_156,9961.605721664122,184.1304646737222
epigenomics_1960_map_157,10095.8612295803,186.3220653724177
epigenomics_1960_map_158,10171.663986986881,188.58026754453982
epigenomics_1960_map_159,9457.541875357674,192.78168765968064
epigenomics_1960_map_160,9714.426260372502,180.0869810889174
epigenomics_1960_map_161,9021.096121213124,189.9665920160963
epigenomics_1960_map_162,10515.655144641063,189.89397481747267
epigenomics_1960_map_163,9282.67701023817,187.8682800584608
epigenomics_1960_map_164,10029.122632515222,188.18308183795213
epigenomics_1960_map_165,11268.470074063081,187.02719191518557
epigenomics_1960_map_166,10011.155312296873,186.5147964401239
epigenomics_1960_map_167,10101.378926761785,186.1383187577575
epigenomics_1960_map_168,9927.245992236965,186.24914718954602
epigenomics_1960_map_169,10159.518806760203,185.89015888017465
epigenomics_1960_map_170,10440.062600998584,181.53507838479888
epigenomics_1960_map_171,9402.60435188423,181.36120230156862
epigenomics_1960_map_172,10266.338486808596,181.03076265749294
epigenomics_1960_map_173,9522.630896084209,187.6109580048306
epigenomics_1960_map_174,8900.989427733437,186.03907465001762
epigenomics_1960_map_175,10464.244299582078,185.54901533368292
epigenomics_1960_map_176,9572.346547284083,187.56133435285386
epigenomics_1960_map_177,9270.323060133118,179.1416365566118
epigenomics_1960_map_178,10073.718942506071,169.5718636076935
epigenomics_1960_map_179,9811.444184255954,188.12707787283026
epigenomics_1960_map_180,10404.317312914582,179.53480101639545
epigenomics_1960_map_181,9389.06490384178,182.04075520245652
epigenomics_1960_map_182,9407.462420439704,188.0905638659699
epigenomics_1960_map_183,10438.940740926586,186.53733600337023
epigenomics_1960_map_184,10040.669776410996,179.1807975388082
epigenomics_1960_map_185,10429.377227622408,182.54438286822443
epigenomics_1960_map_186,10187.90502419464,184.97283288636183
epigenomics_1960_map_187,10555.419038328531,185.1963542535673
epigenomics_1960_map_188,10392.487452827476,188.06381421953336
epigenomics_1960_map_189,10544.568161026693,190.86132302884906
epigenomics_1960_map_190,10226.490149871617,184.77092505764654
epigenomics_1960_map_191,10436.48502750762,180.8411013083831
epigenomics_1960_map_192,10193.49097975862,171.6127980690094
epigenomics_1960_map_193,9983.219016392959,177.46613153498862
epigenomics_1960_map_194,9565.743758640087,186.20283159920237
epigenomics_1960_map_195,9809.746647525997,192.59840794014002
epigenomics_1960_map_196,10136.369773922133,183.5690071090949
epigenomics_1960_map_197,9715.930278438587,173.43911318991337
epigenomics_1960_map_198,9713.600039762478,184.7036383236965
epigenomics_1960_map_199,10121.587618585225,185.27836621221405
epigenomics_1960_map_200,9965.02363371734,180.09771621642668
epigenomics_1960_map_201,9913.03661657756,179.0353604361107
epigenomics_1960_map_202,10392.773408592117,184.15083312661872
epigenomics_1960_map_203,9383.865019375116,185.56944863089555
epigenomics_1960_map_204,9812.346316731782,180.03528230324022
epigenomics_1960_map_205,10095.108423576778,190.19024003699286
epigenomics_1960_map_206,9325.805016277893,180.61017936574285
epigenomics_1960_map_207,9993.727824085252,179.0173755940712
epigenomics_1960_map_208,9767.680993268552,185.49983769942054
epigenomics_1960_map_209,9758.462666481297,184.57987772128635
epigenomics_1960_map_210,10022.448028089997,183.26456864698108
epigenomics_1960_map_211,10250.352169895006,165.2558758273974
epigenomics_1960_map_212,9702.14351012053,174.34531151962335
epigenomics_1960_map_213,9981.485196636959,184.5831373543253
epigenomics_1960_map_214,8788.944164257864,180.34297353328918
epigenomics_1960_map_215,10054.355014376044,182.96069178140394
epigenomics_1960_map_216,9854.838899975222,190.7383779131884
epigenomics_1960_map_217,10163.849809815125,190.66845473772992
epigenomics_1960_map_218,10035.062688625181,183.57042266124085
epigenomics_1960_map_219,9529.23924303148,182.8551961870138
epigenomics_1960_map_220,10884.746796171445,188.48921075749107
epigenomics_1960_map_221,9814.377154428725,178.30485500960205
epigenomics_1960_map_222,9936.299701771672,193.2299160215626
epigenomics_1960_map_223,9535.921763293092,177.06548037145544
epigenomics_1960_map_224,9920.718557396662,188.1406091480276
epigenomics_1960_map_225,9385.28533466102,189.31761933022096
epigenomics_1960_map_226,8943.173319846639,190.28865891722228
epigenomics_1960_map_227,9699.772098877482,185.96664196834257
epigenomics_1960_map_228,10161.716596187669,183.00652420831656
epigenomics_1960_map_229,10136.87368043348,185.03721869057114
epigenomics_1960_map_230,10704.516813048449,181.9205139844191
epigenomics_1960_map_231,9874.997585149056,191.7825085902835
epigenomics_1960_map_232,10018.49671839949,183.03168760679512
epigenomics_1960_map_233,9837.143897490116,187.74156729221113
epigenomics_1960_map_234,10276.761784281789,186.294119879135
epigenomics_1960_map_235,9905.951072689157,194.7971000092009
epigenomics_1960_map_236,9847.938745673146,190.6898109779998
epigenomics_1960_map_237,9302.64393172381,180.84012641618108
epigenomics_1960_map_238,10714.58661551014,185.70236369929987
epigenomics_1960_map_239,9027.875496113667,184.88732396463635
epigenomics_1960_map_240,8664.869702138647,177.02909192098522
epigenomics_1960_map_241,10687.53111328283,175.24111963214122
epigenomics_1960_map_242,9469.200715822983,178.4887819885327
epigenomics_1960_map_243,10288.835528329939,190.87373712409124
epigenomics_1960_map_244,10356.664706252332,188.206408554493
epigenomics_1960_map_245,9397.598879282175,194.04521787998976
epigenomics_1960_map_246,10066.657110490152,183.3292613881576
epigenomics_1960_map_247,9765.37752709356,181.77190086937395
epigenomics_1960_map_248,9829.97428655743,186.7130992262136
epigenomics_1960_map_249,9199.12643721825,187.42891901629702
epigenomics_1960_map_250,10899.454641383738,176.55363255746525
epigenomics_1960_map_251,9759.466429282771,179.61726284668202
epigenomics_1960_map_252,9969.526999573965,189.82086156891845
epigenomics_1960_map_253,9967.62239879425,184.62945823848142
epigenomics_1960_map_254,10426.969182400284,179.4395157592477
epigenomics_1960_map_255,9713.62840603011,177.11513911819569
epigenomics_1960_map_256,10323.380530822007,181.88505639658618
epigenomics_1960_map_257,9541.917177849122,190.6354691995071
epigenomics_1960_map_258,10659.681823884472,194.27062090148797
epigenomics_1960_map_259,9247.25705346815,185.49217772752255
epigenomics_1960_map_260,9967.79583953241,190.81995697313823
epigenomics_1960_map_261,9419.5186558668,186.93319014002597
epigenomics_1960_map_262,10352.998303126276,195.4779185668118
epigenomics_1960_map_263,10100.383842881794,184.2571032910131
epigenomics_1960_map_264,9820.061237855925,189.4430716673178
epigenomics_1960_map_265,10232.806067648258,185.9659264266513
epigenomics_1960_map_266,10277.460767464017,190.10450595438604
epigenomics_1960_map_267,9104.238313045911,184.64247119143528
epigenomics_1960_map_268,10789.511796143304,192.81211033072657
epigenomics_1960_map_269,9132.442719889852,190.4689120138754
epigenomics_1960_map_270,9962.802143468427,185.08400089146778
epigenomics_1960_map_271,10178.518019963083,182.4401744322467
epigenomics_1960_map_272,10020.919094494782,186.7561468039117
epigenomics_1960_map_273,9639.978719169185,184.07412516477604
epigenomics_1960_map_274,10133.436583861208,177.93331532734868
epigenomics_1960_map_275,10391.392889087374,184.83488272313852
epigenomics_1960_map_276,10422.712803213939,184.2965728662842
epigenomics_1960_map_277,10242.641398568117,188.59364964682894
epigenomics_1960_map_278,10049.561569457237,181.7597436541593
epigenomics_1960_map_279,9907.921039107698,179.4085889887893
epigenomics_1960_map_280,11097.666294101979,186.8594677022089
epigenomics_1960_map_281,10232.828310461644,187.72935489726459
epigenomics_1960_map_282,9824.776719289292,194.8459802485335
epigenomics_1960_map_283,10096.260362605319,187.35198339649986
epigenomics_1960_map_284,10521.648169106995,189.54647147728235
epigenomics_1960_map_285,10803.57960556282,177.8108272714407
epigenomics_1960_map_286,9853.49887430326,179.92454455759238
epigenomics_1960_map_287,10989.998401320127,184.43078017320283
epigenomics_1960_map_288,10426.050479167428,183.7333442741696
epigenomics_1960_map_289,10422.837498804713,183.937807316332
epigenomics_1960_map_290,9517.476473494724,185.63394192810173
epigenomics_1960_map_291,9553.087888151345,180.1895703471516
epigenomics_1960_map_292,10323.9848559401,182.05437267590383
epigenomics_1960_map_293,11007.16849794842,193.1386201999622
epigenomics_1960_map_294,9763.354981959676,194.07196572460845
epigenomics_1960_map_295,9634.182209359626,181.1076412226675
epigenomics_1960_map_296,10189.612600245238,182.9522699201178
epigenomics_1960_map_297,10633.66665264925,185.34533774535242
epigenomics_1960_map_298,9547.037906672114,191.45772171913
epigenomics_1960_map_299,9539.232187308266,184.54126727443156
epigenomics_1960_map_300,9941.585463256994,182.97634692580905
epigenomics_1960_map_301,9451.742303305256,184.67009857168793
epigenomics_1960_map_302,9568.887390527141,181.28332210874245
epigenomics_1960_map_303,9599.015766404998,190.6525210700056
epigenomics_1960_map_304,9356.14008198775,190.90970056924982
epigenomics_1960_map_305,9917.60075257485,178.58271369223067
epigenomics_1960_map_306,9835.571469955563,181.8592413898773
epigenomics_1960_map_307,9519.997995387746,180.694085300982
epigenomics_1960_map_308,9820.22853229354,183.30919655824894
epigenomics_1960_map_309,10657.587195567152,193.50972258939936
epigenomics_1960_map_310,10483.265685423872,188.4382547441138
epigenomics_1960_map_311,9840.738952977461,196.35189492306745
epigenomics_1960_map_312,9625.849079738731,185.38933049568516
epigenomics_1960_map_313,10191.55854719439,191.16872147147632
epigenomics_1960_map_314,11038.380031518278,189.83130367400946
epigenomics_1960_map_315,10161.813606840373,194.7904462861153
epigenomics_1960_map_316,10240.125443658577,178.9972176019529
epigenomics_1960_map_317,9761.605581262225,186.4821548942821
epigenomics_1960_map_318,9647.608492738573,182.45423156700048
epigenomics_1960_map_319,9915.67363692721,183.9712628248928
epigenomics_1960_map_320,10746.603588179849,182.16819533870967
epigenomics_1960_map_321,10224.753363607513,178.41973768856138
epigenomics_1960_map_322,10307.149875734214,182.46653727521988
epigenomics_1960_map_323,9013.271092103578,189.0622329099658
epigenomics_1960_map_324,9935.077882939608,183.04855004128973
epigenomics_1960_map_325,10038.102509729095,184.7649286882356
epigenomics_1960_map_326,9309.26483220661,180.83098232761807
epigenomics_1960_map_327,10575.347594512272,186.1191489034818
epigenomics_1960_map_328,10473.327849835432,194.58196906369983
epigenomics_1960_map_329,10346.937414523709,185.57652528510656
epigenomics_1960_map_330,9608.6880875217,176.2610520490524
epigenomics_1960_map_331,9782.453394201744,186.67556166260067
epigenomics_1960_map_332,9675.502851986425,182.40842843912614
epigenomics_1960_map_333,9755.158494424395,192.5827868109681
epigenomics_1960_map_334,10455.873535496583,182.4412107300067
epigenomics_1960_map_335,9971.518683952609,186.32230690556972
epigenomics_1960_map_336,10247.315620154157,179.69356067874614
epigenomics_1960_map_337,10000.057824005507,203.936087523193
epigenomics_1960_map_338,9833.761825656098,182.54440706404048
epigenomics_1960_map_339,10391.000018378554,173.89335854564413
epigenomics_1960_map_340,9168.063275836332,181.71031734422525
epigenomics_1960_map_341,9107.46060671095,194.6769823011614
epigenomics_1960_map_342,9723.553696876928,175.22185828467624
epigenomics_1960_map_343,9875.139078833836,188.4352528117124
epigenomics_1960_map_344,10221.21589394347,182.26048688290825
epigenomics_1960_map_345,10849.891629364945,179.99139042900086
epigenomics_1960_map_346,9655.475839249308,187.72626151601858
epigenomics_1960_map_347,9719.544586810098,189.9282163823597
epigenomics_1960_map_348,9550.363979017444,191.25341232798235
epigenomics_1960_map_349,9507.858559297252,180.1992083678676
epigenomics_1960_map_350,9742.222345492144,189.44031508826777
epigenomics_1960_map_351,10956.040916785763,184.65930926641846
epigenomics_1960_map_352,10290.776562501645,190.33031217371277
epigenomics_1960_map_353,9060.036929305845,175.72707575764127
epigenomics_1960_map_354,10117.380819091792,182.26790324452585
epigenomics_1960_map_355,10547.598852253936,189.28766229789838
epigenomics_1960_map_356,9747.090831153606,186.5299073680552
epigenomics_1960_map_357,9625.300215461912,187.33481895867354
epigenomics_1960_map_358,9574.978640238103,189.49984748693254
epigenomics_1960_map_359,9949.205957685848,184.55863579738718
epigenomics_1960_map_360,10765.914331589316,180.20029446728623
epigenomics_1960_map_361,9837.87103029808,188.94532739357058
epigenomics_1960_map_362,9981.658712308792,190.01752722487817
epigenomics_1960_map_363,9568.680452695604,194.53582146742255
epigenomics_1960_map_364,9728.71115427928,184.00966901796767
epigenomics_1960_map_365,9327.986951199024,184.81549037909843
epigenomics_1960_map_366,10273.344187000823,184.25839132777503
epigenomics_1960_map_367,9954.267831025221,189.10055459833546
epigenomics_1960_map_368,10276.674933279339,183.00880813417282
epigenomics_1960_map_369,10598.45195242577,187.60771285566676
epigenomics_1960_map_370,11073.399107669436,179.46058986766812
epigenomics_1960_map_371,10072.033491488113,193.97666822768238
epigenomics_1960_map_372,9806.323307468729,176.6647750240912
epigenomics_1960_map_373,9970.147464997048,180.82515934268355
epigenomics_1960_map_374,10279.66944623213,182.1237639011274
epigenomics_1960_map_375,10378.273757985588,188.26070863155275
epigenomics_1960_map_376,9546.952791711898,185.36449521389176
epigenomics_1960_map_377,9601.307057219541,188.0668129584343
epigenomics_1960_map_378,9459.98475448327,181.96608369005398
epigenomics_1960_map_379,10608.316054257135,183.67082207331745
epigenomics_1960_map_380,8956.02390513344,175.30837089017882
epigenomics_1960_map_381,10647.217268076376,174.12983972824665
epigenomics_1960_map_382,9752.533289592535,187.03949663651028
epigenomics_1960_map_383,9618.444318654103,184.89867389855638
epigenomics_1960_map_384,10437.075119318122,183.0519099356511
epigenomics_1960_map_385,9702.609629204915,186.76780492617908
epigenomics_1960_map_386,10063.519737842857,188.6554084521946
epigenomics_1960_map_387,10335.873147360864,197.2364145506118
epigenomics_1960_map_388,9953.787351792347,186.05801980051012
epigenomics_1960_map_389,11132.02115778689,183.27844496826563
epigenomics_1960_map_390,9781.256091697735,179.08179162259287
epigenomics_1960_map_391,10317.952682250669,194.27527129890794
epigenomics_1960_map_392,10341.144408821909,198.1598527705696
epigenomics_1960_map_393,10977.639006149937,183.06484024647742
epigenomics_1960_map_394,9999.50516579908,189.42205157922373
epigenomics_1960_map_395,10374.670970347139,176.16417569518214
epigenomics_1960_map_396,9243.965649152144,186.7050826108126
epigenomics_1960_map_397,10288.457675763304,176.91459627329425
epigenomics_1960_map_398,9695.924876165795,189.86643854576485
epigenomics_1960_map_399,10767.172221859342,178.4039241495749
epigenomics_1960_map_400,9131.88646497706,184.46034143450356
epigenomics_1960_map_401,9000.29816632501,187.96703032597412
epigenomics_1960_map_402,10663.99727281607,182.83206709837253
epigenomics_1960_map_403,9728.57647758504,181.13163904209725
epigenomics_1960_map_404,10097.479353323222,178.11460617770445
epigenomics_1960_map_405,10977.711275283744,194.73842108098208
epigenomics_1960_map_406,10557.10669365257,187.6799629594928
epigenomics_1960_map_407,10146.97220241976,191.30002953682973
epigenomics_1960_map_408,9407.65549545304,181.7317431823017
epigenomics_1960_map_409,10253.353079215603,179.7053164371203
epigenomics_1960_map_410,9691.439607699183,192.56880052366589
epigenomics_1960_map_411,10478.240522209388,178.08795549848134
epigenomics_1960_map_412,9231.966307071645,184.4480573344696
epigenomics_1960_map_413,10145.040163315725,192.55794255200243
epigenomics_1960_map_414,9914.619715936744,176.18686351799218
epigenomics_1960_map_415,10704.412297757957,188.41164410705744
epigenomics_1960_map_416,9464.394399954412,191.88426620365917
epigenomics_1960_map_417,9223.125770950059,192.5327123133695
epigenomics_1960_map_418,9676.124517839433,186.16960647852895
epigenomics_1960_map_419,10406.132849497044,184.23940222715288
epigenomics_1960_map_420,10239.63630190637,185.07785183517254
epigenomics_1960_map_421,10817.496054293271,191.03030700459675
epigenomics_1960_map_422,9455.975059502669,186.60906281327823
epigenomics_1960_map_423,9753.608253762459,182.78995341611366
epigenomics_1960_map_424,9934.944370820807,183.63398108757173
epigenomics_1960_map_425,9879.552484023789,182.15701943432236
epigenomics_1960_map_426,9742.821115754383,178.41054215850733
epigenomics_1960_map_427,9777.674276669017,187.77356039634282
epigenomics_1960_map_428,10010.483873958668,186.92190522197728
epigenomics_1960_map_429,9873.94108987546,188.44002705472286
epigenomics_1960_map_430,9741.723409949833,184.33123113281906
epigenomics_1960_map_431,9767.713535272951,188.4065329461964
epigenomics_1960_map_432,10361.259340703462,184.86726406515444
epigenomics_1960_map_433,9433.086487593926,186.83534203260268
epigenomics_1960_map_434,10717.653080612803,183.39618227126294
epigenomics_1960_map_435,10321.110423864597,186.65048915413513
epigenomics_1960_map_436,10639.069505914707,179.96689122436874
epigenomics_1960_map_437,10938.409943603921,185.48992686404551
epigenomics_1960_map_438,9973.55973127333,180.42492142485153
epigenomics_1960_map_439,9026.024698863172,185.25584931553638
epigenomics_1960_map_440,10257.686914564403,186.70503723732372
epigenomics_1960_map_441,10572.067637086899,182.45648478342233
epigenomics_1960_map_442,9671.217704753039,189.02037099658588
epigenomics_1960_map_443,9888.93589834139,173.52859560185604
epigenomics_1960_map_444,9411.062837045774,184.14269640523662
epigenomics_1960_map_445,10426.917402231904,186.80334586119648
epigenomics_1960_map_446,9806.630149130471,185.10807536664345
epigenomics_1960_map_447,9920.21048412046,194.42938913607446
epigenomics_1960_map_448,10208.722203539928,193.93600543554413
epigenomics_1960_map_449,10027.328122195899,188.7119860126744
epigenomics_1960_map_450,9499.513870764746,190.13157506666917
epigenomics_1960_map_451,10422.899961211364,187.89706881800666
epigenomics_1960_map_452,10767.989750770237,190.24169761376348
epigenomics_1960_map_453,9624.51903673398,180.5087866990686
epigenomics_1960_map_454,11236.86833214245,183.23236122169388
epigenomics_1960_map_455,10933.825407525848,182.46914806356986
epigenomics_1960_map_456,9600.356478244452,185.610845236699
epigenomics_1960_map_457,9841.629661472114,187.75553244233282
epigenomics_1960_map_458,9968.714070964339,184.22803412599066
epigenomics_1960_map_459,9437.256158218977,188.19243726321358
epigenomics_1960_map_460,8935.298285040786,182.59162742948007
epigenomics_1960_map_461,9641.468098893234,179.9817973599629
epigenomics_1960_map_462,9716.292809790366,180.5925080100582
epigenomics_1960_map_463,10413.177753855989,189.3355354560611
epigenomics_1960_map_464,9174.528408063652,177.50564614738556
epigenomics_1960_map_465,11147.386532766537,180.955390439892
epigenomics_1960_map_466,9580.917097713866,186.5602292249641
epigenomics_1960_map_467,9338.459463526917,180.2528747336421
epigenomics_1960_map_468,11018.523200359488,187.44132062653821
epigenomics_1960_map_469,10456.691548328963,179.23303511379248
epigenomics_1960_map_470,9049.994277497883,182.16511929868025
epigenomics_1960_map_471,10448.239121078514,182.0229302614086
epigenomics_1960_map_472,11022.194229736846,190.02242363397852
epigenomics_1960_map_473,10173.223512199726,186.32571712296604
epigenomics_1960_map_474,9960.680845522897,187.46881996990808
epigenomics_1960_map_475,10056.037520100599,188.17711673251665
epigenomics_1960_map_476,10763.244379743594,179.77329895520072
epigenomics_1960_map_477,9332.929964857263,185.90151385295877
epigenomics_1960_map_478,10786.524121497261,191.64281324179365
epigenomics_1960_map_479,10004.792049746133,182.58441779522826
epigenomics_1960_map_480,10177.695829193293,192.35736337717185
epigenomics_1960_map_481,9609.690631855934,185.8893840167534
epigenomics_1960_map_482,10447.207361054147,178.12856358786414
epigenomics_1960_map_483,10694.306818214094,192.44627029208596
epigenomics_1960_map_484,9140.65080134178,186.2449729162422
epigenomics_1960_map_485,10350.836699090374,175.74758546255754
epigenomics_1960_map_486,9676.28380383138,185.2605533910513
epigenomics_1960_map_487,10026.866457674412,175.0413034512961
epigenomics_1960_map_488,9993.427483311161,181.60838296549068
epigenomics_1960_map_489,9363.309091190373,188.00171909466548
epigenomics_1960_map_490,10604.541973701616,195.6936262557987
epigenomics_1960_map_491,10815.914049324847,177.35178750574235
epigenomics_1960_map_492,9936.173464079244,189.58335888826076
epigenomics_1960_map_493,10589.175526303825,186.45393525318943
epigenomics_1960_map_494,10022.441591889277,187.95159661585927
epigenomics_1960_map_495,8792.427392917605,174.54028241813523
epigenomics_1960_map_496,10123.932671644487,192.70297918595608
epigenomics_1960_map_497,9690.343387713403,180.92989098212203
epigenomics_1960_map_498,10192.246940229283,178.50721322061776
epigenomics_1960_map_499,10685.976557878668,183.09531748415972
epigenomics_1960_mapMerge1_0,113.82519720220354,118.35793896296303
epigenomics_1960_mapMerge1_1,150.34199424008438,131.93833145044073
epigenomics_1960_mapMerge2_0,110.0817924813444,128.04900207854186
epigenomics_1960_chr21_0,127.60953847436868,57.16637300611852
epigenomics_1960_pileup_0,144.45849659399784,90.55580062977832
