request,latency,mem
epigenomics_390_entry_0,1.0,1.0
epigenomics_390_fastqSplit_0,47.657208790717256,100.25006734052818
epigenomics_390_fastqSplit_1,60.71438040423291,111.59626291891898
epigenomics_390_filterContams_0,20.76981637470233,64.09595953731045
epigenomics_390_filterContams_1,22.82029427859593,59.793484709613985
epigenomics_390_filterContams_2,18.589691444650267,59.64929678343324
epigenomics_390_filterContams_3,20.418366167593174,78.34358699271269
epigenomics_390_filterContams_4,17.94981932303862,65.35511644140294
epigenomics_390_filterContams_5,20.275269346769107,66.997006517746
epigenomics_390_filterContams_6,17.524375142054367,66.19000009093688
epigenomics_390_filterContams_7,18.092540493400122,66.97972869130055
epigenomics_390_filterContams_8,25.26152901195968,85.04919728710948
epigenomics_390_filterContams_9,27.690895463209564,69.4381801811628
epigenomics_390_filterContams_10,23.29989445263081,61.55411837871515
epigenomics_390_filterContams_11,18.931508678799638,58.628871002391634
epigenomics_390_filterContams_12,25.907202794651376,82.4228307172346
epigenomics_390_filterContams_13,19.896722173740702,72.27611221272079
epigenomics_390_filterContams_14,23.44967526729448,70.45295025786824
epigenomics_390_filterContams_15,14.599304258894485,68.7588609876373
epigenomics_390_filterContams_16,16.591178803569044,63.836986187185275
epigenomics_390_filterContams_17,15.68846815022535,72.50438260745658
epigenomics_390_filterContams_18,14.933324935279678,64.08066830403261
epigenomics_390_filterContams_19,23.6665305329172,56.430880795940894
epigenomics_390_filterContams_20,20.512969699726245,57.49343097852937
epigenomics_390_filterContams_21,14.135687718467882,72.38354071180426
epigenomics_390_filterContams_22,18.85815552343133,70.79631518211046
epigenomics_390_filterContams_23,19.19477823049624,56.55518635029197
epigenomics_390_filterContams_24,15.683031505357913,69.99160214201397
epigenomics_390_filterContams_25,15.516047759624232,72.86373994880896
epigenomics_390_filterContams_26,20.747628954593534,72.30067920586654
epigenomics_390_filterContams_27,18.682511676292922,58.46105563490943
epigenomics_390_filterContams_28,25.99440256007926,78.41157326435494
epigenomics_390_filterContams_29,17.400345124754285,71.22867325847703
epigenomics_390_filterContams_30,24.955278279028278,85.35630643065299
epigenomics_390_filterContams_31,22.72291966116512,73.12396977873857
epigenomics_390_filterContams_32,14.800624846173148,64.89734590013684
epigenomics_390_filterContams_33,18.956792909695842,68.03494942043932
epigenomics_390_filterContams_34,20.175096528282477,76.71928195674822
epigenomics_390_filterContams_35,23.960845988877125,73.52224326537699
epigenomics_390_filterContams_36,22.738049368846404,74.69924900636656
epigenomics_390_filterContams_37,18.85098815855004,60.499028977365384
epigenomics_390_filterContams_38,17.42038122318939,66.5018195601283
epigenomics_390_filterContams_39,18.465753929993344,67.20657162128175
epigenomics_390_filterContams_40,25.808503764133846,78.09868438890248
epigenomics_390_filterContams_41,17.024266716690164,66.46228682673532
epigenomics_390_filterContams_42,15.35329730811861,79.06118063499939
epigenomics_390_filterContams_43,16.04208987182785,65.56948582463231
epigenomics_390_filterContams_44,15.055022756783089,57.25594242999363
epigenomics_390_filterContams_45,21.295551798800886,56.07736469645671
epigenomics_390_filterContams_46,16.024559945962636,60.957681732659196
epigenomics_390_filterContams_47,19.525255363393523,66.59782132842959
epigenomics_390_filterContams_48,18.38983870807247,62.76070562731213
epigenomics_390_filterContams_49,22.596217139586976,73.07104612290618
epigenomics_390_filterContams_50,21.004480702738977,83.40594871079888
epigenomics_390_filterContams_51,21.34583774056721,68.69193466671075
epigenomics_390_filterContams_52,21.529728861013997,78.45476588379631
epigenomics_390_filterContams_53,25.05563373512461,50.32890602027952
epigenomics_390_filterContams_54,21.473094857004234,65.82896864380136
epigenomics_390_filterContams_55,22.390716322361335,73.75906155416706
epigenomics_390_filterContams_56,13.51375576784353,74.51950896120493
epigenomics_390_filterContams_57,21.11955598047473,81.74857112167004
epigenomics_390_filterContams_58,17.060667263375887,60.61223693700041
epigenomics_390_filterContams_59,24.282174075148568,67.04385273032895
epigenomics_390_filterContams_60,22.481719039390597,69.19750179948991
epigenomics_390_filterContams_61,18.646448880279927,66.60485549804731
epigenomics_390_filterContams_62,26.266184850269767,62.34027089577596
epigenomics_390_filterContams_63,25.783924269062275,78.93650544753936
epigenomics_390_filterContams_64,23.44336341913439,53.559343962072184
epigenomics_390_filterContams_65,21.808689685928357,68.02481527543591
epigenomics_390_filterContams_66,24.35094566323024,65.93037988551663
epigenomics_390_filterContams_67,23.493707110001683,69.44354759353563
epigenomics_390_filterContams_68,18.64432875945374,56.50767768648044
epigenomics_390_filterContams_69,21.66101253792666,61.82463295078809
epigenomics_390_filterContams_70,21.884800432966234,75.21704614614356
epigenomics_390_filterContams_71,12.469877656153471,71.6605655753052
epigenomics_390_filterContams_72,17.218736238846336,71.36250114823396
epigenomics_390_filterContams_73,16.787584582538177,72.38752817161875
epigenomics_390_filterContams_74,13.670404088514596,57.383294160872886
epigenomics_390_filterContams_75,23.500526773367252,68.71525356646805
epigenomics_390_filterContams_76,17.398053730774667,53.77836821287933
epigenomics_390_filterContams_77,20.008464306690904,63.54960552677162
epigenomics_390_filterContams_78,21.303753839470957,61.22448590230141
epigenomics_390_filterContams_79,19.603068502622502,70.45625949858939
epigenomics_390_filterContams_80,17.358586989528312,67.65369726668655
epigenomics_390_filterContams_81,21.316417410503167,69.60621732331172
epigenomics_390_filterContams_82,28.22561234575916,60.425668159627484
epigenomics_390_filterContams_83,24.281769537757878,71.28518966953007
epigenomics_390_filterContams_84,21.543337219827404,50.06959484956293
epigenomics_390_filterContams_85,24.10962078842165,59.251874519621246
epigenomics_390_filterContams_86,18.04256154324857,68.87854583429146
epigenomics_390_filterContams_87,26.547760757074165,66.66304477564503
epigenomics_390_filterContams_88,20.3752182981409,66.77401699040797
epigenomics_390_filterContams_89,18.969043915708777,75.0317070603433
epigenomics_390_filterContams_90,20.244649475092167,71.64099096228259
epigenomics_390_filterContams_91,23.130215741384923,62.76276592873623
epigenomics_390_filterContams_92,14.429276560483139,72.19705858304718
epigenomics_390_filterContams_93,17.740003719986813,69.79484320670203
epigenomics_390_filterContams_94,19.286208959749725,66.3577319513776
epigenomics_390_filterContams_95,20.35232331113366,66.85738250580118
epigenomics_390_filterContams_96,17.978448486721415,66.00031966943622
epigenomics_390_filterContams_97,21.682890870197795,69.43610597150752
epigenomics_390_filterContams_98,19.51632550553262,60.39107010552566
epigenomics_390_filterContams_99,19.415436497444368,53.91885772473129
epigenomics_390_filterContams_100,16.78449437363681,70.09229577752801
epigenomics_390_filterContams_101,14.47391921550946,61.09477791985698
epigenomics_390_filterContams_102,18.34264543692448,74.01043528879755
epigenomics_390_filterContams_103,19.995986028193318,63.49978739108622
epigenomics_390_filterContams_104,20.294823912204958,59.44018829291886
epigenomics_390_filterContams_105,22.8046659133105,63.53712168656124
epigenomics_390_filterContams_106,20.521670265650542,49.235382141278905
epigenomics_390_filterContams_107,20.925606828424964,73.22633858768198
epigenomics_390_filterContams_108,20.398644781598026,72.0262399997755
epigenomics_390_filterContams_109,19.070133472543525,59.7230705904618
epigenomics_390_filterContams_110,21.26145762112926,63.55572396898965
epigenomics_390_filterContams_111,14.46394955251317,60.20991300265451
epigenomics_390_filterContams_112,20.321728363322872,56.61384659200076
epigenomics_390_filterContams_113,17.45791901168179,65.77615234008489
epigenomics_390_filterContams_114,16.401620632790987,75.29853687281438
epigenomics_390_filterContams_115,21.032533288876127,47.22431763336952
epigenomics_390_filterContams_116,16.040107441973095,57.48551299783031
epigenomics_390_filterContams_117,20.875067977343715,73.83511277963308
epigenomics_390_filterContams_118,14.718329582980616,61.79062681357142
epigenomics_390_filterContams_119,19.25866796486034,65.70548984962798
epigenomics_390_filterContams_120,21.59804417548519,81.2121917458189
epigenomics_390_filterContams_121,17.04373246645624,52.80051087612618
epigenomics_390_filterContams_122,18.103271434725187,76.0604076606476
epigenomics_390_filterContams_123,23.31282136461001,54.38648451468336
epigenomics_390_filterContams_124,24.3628399059877,53.578400917085986
epigenomics_390_filterContams_125,22.758705076984235,60.8053399879896
epigenomics_390_filterContams_126,17.939464306560552,73.38237059262077
epigenomics_390_filterContams_127,19.812468359849753,55.49840102069329
epigenomics_390_filterContams_128,23.33908596147741,48.22295065839881
epigenomics_390_filterContams_129,19.14680672248724,61.56239512315112
epigenomics_390_filterContams_130,17.243708829585728,51.39531366454099
epigenomics_390_filterContams_131,23.373963645449358,80.48392521233646
epigenomics_390_filterContams_132,22.325879197884362,69.16169308046653
epigenomics_390_filterContams_133,22.241124451671556,56.840947987002586
epigenomics_390_filterContams_134,21.531144091309883,63.58062001138656
epigenomics_390_filterContams_135,22.940840341708984,65.27643138493218
epigenomics_390_filterContams_136,19.978306514910173,60.34134982423062
epigenomics_390_filterContams_137,13.323703167409015,59.74157774656191
epigenomics_390_filterContams_138,21.328991184661124,80.07803872017448
epigenomics_390_filterContams_139,20.688321966492012,79.75825898521188
epigenomics_390_filterContams_140,16.655660224686525,73.42414079046394
epigenomics_390_filterContams_141,24.998045374362775,69.00293119848388
epigenomics_390_filterContams_142,22.300483266877603,79.23667628513348
epigenomics_390_filterContams_143,18.035355867420428,60.641092883317086
epigenomics_390_filterContams_144,17.560672436161994,65.50562068377607
epigenomics_390_filterContams_145,22.842664141026653,66.87519320030181
epigenomics_390_filterContams_146,22.165644066198094,74.30468507572502
epigenomics_390_filterContams_147,22.108458055105576,62.26727001852328
epigenomics_390_filterContams_148,17.53025347356278,74.29279311289419
epigenomics_390_filterContams_149,17.893854946117465,56.39643436897914
epigenomics_390_filterContams_150,21.202963931071125,64.65038245254277
epigenomics_390_filterContams_151,21.39891020920969,78.63890123316085
epigenomics_390_filterContams_152,24.003283288722677,65.724617717066
epigenomics_390_filterContams_153,18.194010419019648,70.2646498436561
epigenomics_390_filterContams_154,19.86293081990601,61.58420215323362
epigenomics_390_filterContams_155,20.899114929321932,64.61759946003946
epigenomics_390_filterContams_156,17.20374204795658,58.18086148437224
epigenomics_390_filterContams_157,20.86539780940281,64.93127290792324
epigenomics_390_filterContams_158,25.540838333495927,66.99130921677524
epigenomics_390_filterContams_159,19.88845167984834,77.44285036822421
epigenomics_390_filterContams_160,19.886725634114672,65.73777021085208
epigenomics_390_filterContams_161,17.241588343613426,72.13062213944872
epigenomics_390_filterContams_162,23.973206767242424,58.25512750928405
epigenomics_390_filterContams_163,22.823501875252866,78.26407274805331
epigenomics_390_filterContams_164,19.17319351117419,53.63383813378512
epigenomics_390_filterContams_165,19.195361029676057,72.51652675982625
epigenomics_390_filterContams_166,15.822850048431803,53.38529155568604
epigenomics_390_filterContams_167,14.5542810901158,70.55544233413863
epigenomics_390_filterContams_168,16.95210676298722,63.2951388944468
epigenomics_390_filterContams_169,20.45272034363551,69.685459796104
epigenomics_390_filterContams_170,24.059581868877608,62.792415179394865
epigenomics_390_filterContams_171,18.278982910110905,71.08776744967487
epigenomics_390_filterContams_172,18.591211263296792,49.539014109782826
epigenomics_390_filterContams_173,19.73022446305021,59.74028471557047
epigenomics_390_filterContams_174,21.722426017042125,78.29671375243343
epigenomics_390_filterContams_175,18.800748334308004,59.18796748453685
epigenomics_390_filterContams_176,17.099337429266726,61.777199941376914
epigenomics_390_filterContams_177,16.838485654152223,61.172497237134536
epigenomics_390_filterContams_178,23.790985691455365,57.58476314835664
epigenomics_390_filterContams_179,17.001464096741774,66.00805013169332
epigenomics_390_filterContams_180,23.370580362498053,60.43332571390758
epigenomics_390_filterContams_181,19.08418657434051,69.86061015061318
epigenomics_390_filterContams_182,23.858303606258726,62.95801299161412
epigenomics_390_filterContams_183,22.12307979714348,80.92109702077929
epigenomics_390_filterContams_184,21.32774736517143,68.97775429958855
epigenomics_390_filterContams_185,22.84475398368155,68.7086597902077
epigenomics_390_filterContams_186,24.234201212544153,72.76310529453485
epigenomics_390_filterContams_187,17.75075879551291,71.87408928108054
epigenomics_390_filterContams_188,15.806810280414695,66.85716137373917
epigenomics_390_filterContams_189,19.725284953163154,61.88072390579975
epigenomics_390_filterContams_190,19.579428549127286,59.699089063968856
epigenomics_390_filterContams_191,18.469868531318642,69.280650185141
epigenomics_390_filterContams_192,21.56267585267814,58.92909300009648
epigenomics_390_filterContams_193,16.16188500943249,71.04211107113329
epigenomics_390_filterContams_194,23.952941756500394,57.60538689591442
epigenomics_390_filterContams_195,17.677938672464904,55.10859958153428
epigenomics_390_filterContams_196,15.338735268132476,55.79959065036492
epigenomics_390_filterContams_197,18.65955954930298,57.30724751083834
epigenomics_390_filterContams_198,22.00810038971114,57.393497391380485
epigenomics_390_filterContams_199,20.933012036289146,67.35796572283232
epigenomics_390_filterContams_200,24.124080387037807,69.62070627071739
epigenomics_390_filterContams_201,19.543193282621147,59.9401877514772
epigenomics_390_filterContams_202,20.36968217044821,64.27224991055256
epigenomics_390_filterContams_203,18.78323641232679,69.14252869419506
epigenomics_390_filterContams_204,20.74754410853059,65.92668667121885
epigenomics_390_filterContams_205,21.024371097027128,67.23722897317923
epigenomics_390_filterContams_206,24.714551769117534,81.55394111419248
epigenomics_390_filterContams_207,17.11066802887322,62.994453066317654
epigenomics_390_filterContams_208,21.18537439374961,76.89729670598872
epigenomics_390_filterContams_209,15.898365904052017,66.24425222268151
epigenomics_390_filterContams_210,21.993165733006872,64.60917550048714
epigenomics_390_filterContams_211,18.726502593791885,68.34363044211027
epigenomics_390_filterContams_212,19.830562687353986,57.398973660562696
epigenomics_390_filterContams_213,21.393989406847197,62.1559490485161
epigenomics_390_filterContams_214,18.741517467242566,52.92652100465363
epigenomics_390_filterContams_215,18.951413527891287,73.85504744603058
epigenomics_390_filterContams_216,17.97163579966984,75.03442156414224
epigenomics_390_filterContams_217,22.026058661897757,67.6389537227379
epigenomics_390_filterContams_218,22.9927910585005,88.49720777519568
epigenomics_390_filterContams_219,16.296415805134448,59.084967134793004
epigenomics_390_filterContams_220,17.620621110489818,62.35836689710538
epigenomics_390_filterContams_221,18.921653933309155,68.81852220997936
epigenomics_390_filterContams_222,22.80768579596093,64.45286470841174
epigenomics_390_filterContams_223,21.723674274034178,64.8858832338964
epigenomics_390_filterContams_224,18.742697005306937,64.27715743959746
epigenomics_390_filterContams_225,14.005316417767503,69.59172346341431
epigenomics_390_filterContams_226,18.234898431899264,70.1260261354927
epigenomics_390_filterContams_227,21.591649379308944,81.93311562420206
epigenomics_390_filterContams_228,17.809911162009826,71.64472430474132
epigenomics_390_filterContams_229,21.172192084404244,59.35042467226342
epigenomics_390_filterContams_230,17.588494531526212,68.47613413133399
epigenomics_390_filterContams_231,17.949075667377585,65.63789297621989
epigenomics_390_filterContams_232,22.05517206220939,75.33873564096156
epigenomics_390_filterContams_233,18.44010288691286,70.52224052658858
epigenomics_390_filterContams_234,20.865775717764837,48.025233473341224
epigenomics_390_filterContams_235,19.58699472326872,56.710666372592684
epigenomics_390_filterContams_236,24.65452914857391,56.89749531782758
epigenomics_390_filterContams_237,13.933324244539588,65.75473100093926
epigenomics_390_filterContams_238,22.222432212224415,49.597675046760564
epigenomics_390_filterContams_239,17.45379315099745,68.5309484593251
epigenomics_390_filterContams_240,24.816747477329805,54.136008431958786
epigenomics_390_filterContams_241,20.16079754761549,53.87494750373025
epigenomics_390_filterContams_242,21.79906983562232,68.15493884311722
epigenomics_390_filterContams_243,19.820915991678625,62.636401515528924
epigenomics_390_filterContams_244,19.909920527141114,67.93900779758637
epigenomics_390_filterContams_245,23.20496756823953,70.62023452414724
epigenomics_390_filterContams_246,16.416149162503654,62.628179622157035
epigenomics_390_filterContams_247,24.099553609936017,74.72730132438072
epigenomics_390_filterContams_248,16.841411636454893,55.868716770037395
epigenomics_390_filterContams_249,16.231545665007403,64.1825515612663
epigenomics_390_filterContams_250,26.210931592387652,71.73956469030104
epigenomics_390_filterContams_251,21.583679348127216,57.38057963046061
epigenomics_390_filterContams_252,22.420211108911893,61.48406489116537
epigenomics_390_filterContams_253,16.661159973531305,66.0966837502811
epigenomics_390_filterContams_254,25.107451111086405,55.39114583320852
epigenomics_390_filterContams_255,23.815974820933917,70.82102405646079
epigenomics_390_filterContams_256,21.023833554154766,55.1880422192919
epigenomics_390_filterContams_257,15.024783020299576,68.23566234269107
epigenomics_390_filterContams_258,26.544394985635627,73.11968545426134
epigenomics_390_filterContams_259,18.290651842554585,76.490330441503
epigenomics_390_filterContams_260,20.260071892497916,66.21890369020953
epigenomics_390_filterContams_261,15.93211834065908,58.21482071214828
epigenomics_390_filterContams_262,20.462372355360507,66.19303599426824
epigenomics_390_filterContams_263,24.584691272205255,65.61825204911588
epigenomics_390_filterContams_264,21.120194118947136,56.09206123899687
epigenomics_390_filterContams_265,22.37178354493991,73.9389574285306
epigenomics_390_filterContams_266,15.186734212987227,60.70168111152728
epigenomics_390_filterContams_267,23.812742720946588,61.550238155947724
epigenomics_390_filterContams_268,18.540526057306124,59.942891426258505
epigenomics_390_filterContams_269,23.66755687204921,59.83966219014576
epigenomics_390_filterContams_270,15.629842611205225,60.64555352505819
epigenomics_390_filterContams_271,20.409023767783832,64.79302173487412
epigenomics_390_filterContams_272,15.559805382974174,59.91374627687995
epigenomics_390_filterContams_273,23.281578632461965,50.04524633816887
epigenomics_390_filterContams_274,21.860919541591596,48.85440086499449
epigenomics_390_filterContams_275,21.694819589302337,59.914635070213336
epigenomics_390_filterContams_276,20.920675173503085,66.58966153585226
epigenomics_390_filterContams_277,21.522043077572285,65.83792795289372
epigenomics_390_filterContams_278,14.167833080703268,47.766191797552814
epigenomics_390_filterContams_279,16.81172844401912,68.9187097126344
epigenomics_390_filterContams_280,19.266783764219298,62.14479394637158
epigenomics_390_filterContams_281,18.822129684170942,77.7249956396344
epigenomics_390_filterContams_282,28.79199395098374,80.24311685992161
epigenomics_390_filterContams_283,15.13016165613334,66.76351519607955
epigenomics_390_filterContams_284,23.296156358707247,58.261661640573216
epigenomics_390_filterContams_285,24.712569186251315,68.50989636763072
epigenomics_390_filterContams_286,19.319258441006,58.45079435261236
epigenomics_390_filterContams_287,19.97049325655915,67.28766913866198
epigenomics_390_filterContams_288,20.415733022587837,62.96161968144635
epigenomics_390_filterContams_289,21.432617249670116,49.84768121140017
epigenomics_390_filterContams_290,18.731782771718247,77.98318343940649
epigenomics_390_filterContams_291,14.859162402600301,71.6143401310453
epigenomics_390_filterContams_292,21.254068541379514,71.72878470521636
epigenomics_390_filterContams_293,16.8513949547233,77.53615534138797
epigenomics_390_filterContams_294,19.588002780716188,66.2130853374259
epigenomics_390_filterContams_295,15.976023412701329,66.37617224335243
epigenomics_390_filterContams_296,22.81321894405717,61.62288022641014
epigenomics_390_filterContams_297,23.716088345227288,63.25791971140511
epigenomics_390_filterContams_298,24.10084407041203,63.17611733907775
epigenomics_390_filterContams_299,22.259516643431844,65.1367027703288
epigenomics_390_filterContams_300,24.29116146993377,61.275353581915624
epigenomics_390_filterContams_301,20.292010735838023,68.38684410051293
epigenomics_390_filterContams_302,21.23856286962695,71.94214833267611
epigenomics_390_filterContams_303,19.25890925025563,75.8155455929384
epigenomics_390_filterContams_304,18.976374850852295,76.3264689131912
epigenomics_390_filterContams_305,18.394817477139803,63.801915165883464
epigenomics_390_filterContams_306,18.88461095050125,73.65850447678895
epigenomics_390_filterContams_307,24.78274014376117,68.69532633257067
epigenomics_390_filterContams_308,18.18892081647267,72.47967825267318
epigenomics_390_filterContams_309,22.15358917209444,66.19744179972665
epigenomics_390_filterContams_310,18.70011979828294,58.312682499571494
epigenomics_390_filterContams_311,14.681194114973014,68.7010634269348
epigenomics_390_filterContams_312,15.993339598935043,56.10779475310451
epigenomics_390_filterContams_313,20.133462841317087,53.40488107046965
epigenomics_390_filterContams_314,24.627712112755706,67.78843065353938
epigenomics_390_filterContams_315,19.183928885559478,63.98594994247114
epigenomics_390_filterContams_316,19.895601088401758,64.12849154684733
epigenomics_390_filterContams_317,22.015271669346692,66.68804224391144
epigenomics_390_filterContams_318,22.59146588841974,67.695805289877
epigenomics_390_filterContams_319,22.795211081687263,69.8303379969117
epigenomics_390_filterContams_320,22.063179908605164,74.53981370193458
epigenomics_390_filterContams_321,13.212915478769485,66.22156575747363
epigenomics_390_filterContams_322,20.13093123130718,65.58592778277563
epigenomics_390_filterContams_323,13.581384667134376,61.508689339624624
epigenomics_390_filterContams_324,20.039283608181282,70.6331884485318
epigenomics_390_filterContams_325,18.931561416969036,63.1229196270469
epigenomics_390_filterContams_326,20.233340760706568,52.40141678047909
epigenomics_390_filterContams_327,19.34348478730889,67.85295017222671
epigenomics_390_filterContams_328,20.594282596292974,59.91777538964268
epigenomics_390_filterContams_329,18.829901823566104,67.11650714340027
epigenomics_390_filterContams_330,18.69661326886153,62.55585077792794
epigenomics_390_filterContams_331,22.919515134560818,70.84096482233338
epigenomics_390_filterContams_332,23.33908085603124,76.24244982515256
epigenomics_390_filterContams_333,17.14273041489754,50.452744876521166
epigenomics_390_filterContams_334,21.945883290189016,77.44002494167995
epigenomics_390_filterContams_335,18.178577690184568,63.86908413726933
epigenomics_390_filterContams_336,16.89086438319504,67.21816985754755
epigenomics_390_filterContams_337,23.52126303678914,72.4463678784481
epigenomics_390_filterContams_338,23.46325533674457,62.13140087717207
epigenomics_390_filterContams_339,23.07872401045966,60.09155007425902
epigenomics_390_filterContams_340,22.68128555519185,60.157251891429866
epigenomics_390_filterContams_341,19.39611270818461,72.85696906732291
epigenomics_390_filterContams_342,24.765646875286524,60.094255103967306
epigenomics_390_filterContams_343,18.350763986186664,75.94816907189279
epigenomics_390_filterContams_344,19.437281748305008,64.49701523645071
epigenomics_390_filterContams_345,19.748331071092704,68.97078171688975
epigenomics_390_filterContams_346,22.349890311893546,71.1078142118465
epigenomics_390_filterContams_347,20.94606486723595,75.17235919488249
epigenomics_390_filterContams_348,15.46046452713523,57.51186944251445
epigenomics_390_filterContams_349,16.896478853232264,58.86486139490445
epigenomics_390_filterContams_350,16.929113708489755,78.2859508771018
epigenomics_390_filterContams_351,16.394979325481476,61.10957525013544
epigenomics_390_filterContams_352,20.112845930017784,67.29291109502832
epigenomics_390_filterContams_353,20.649787159370767,86.39023844851611
epigenomics_390_filterContams_354,18.48439983805235,61.035559203272314
epigenomics_390_filterContams_355,18.952272788213776,59.49188103842084
epigenomics_390_filterContams_356,22.937056618320682,60.543809947074294
epigenomics_390_filterContams_357,17.46638137150297,68.59863085835684
epigenomics_390_filterContams_358,19.96690696951518,70.21439653796142
epigenomics_390_filterContams_359,18.43661326566768,78.28863476284778
epigenomics_390_filterContams_360,21.740722996859123,56.63760482400081
epigenomics_390_filterContams_361,24.73224181963482,54.390606612344186
epigenomics_390_filterContams_362,19.20640394147724,85.7351061644396
epigenomics_390_filterContams_363,24.11010783833118,59.250755618050356
epigenomics_390_filterContams_364,18.04252107316018,68.43004741023326
epigenomics_390_filterContams_365,24.026321658092442,55.78488411966008
epigenomics_390_filterContams_366,19.5673479224818,65.48810838890573
epigenomics_390_filterContams_367,19.917069588728452,63.209575470749265
epigenomics_390_filterContams_368,18.019747786424755,72.57902106124274
epigenomics_390_filterContams_369,21.838461476401378,68.8028810150362
epigenomics_390_filterContams_370,22.937646609738877,57.70495291344089
epigenomics_390_filterContams_371,24.176210377013042,52.68272412821243
epigenomics_390_filterContams_372,18.016515748038866,69.11353793248757
epigenomics_390_filterContams_373,20.445960889054927,64.84119523268258
epigenomics_390_filterContams_374,11.935234996475272,60.68704575587374
epigenomics_390_filterContams_375,20.749600858662358,64.41816637435105
epigenomics_390_filterContams_376,21.117286561470273,63.56465602841398
epigenomics_390_filterContams_377,17.86963229571718,60.850543729106526
epigenomics_390_filterContams_378,18.801960251181438,47.38312053607602
epigenomics_390_filterContams_379,16.82649234758283,57.51290096615667
epigenomics_390_filterContams_380,17.25748560391671,66.53061820198481
epigenomics_390_filterContams_381,18.315329390638983,54.275344778095004
epigenomics_390_filterContams_382,26.05636615508766,58.85634209898266
epigenomics_390_filterContams_383,20.132478027807032,65.41767917211712
epigenomics_390_filterContams_384,21.658089680142567,62.12852483277808
epigenomics_390_filterContams_385,21.768726829308033,71.27924500819702
epigenomics_390_filterContams_386,11.838588757842327,75.20725838768567
epigenomics_390_filterContams_387,16.13399636092058,66.64156954775221
epigenomics_390_filterContams_388,23.65668451458212,59.87864241935675
epigenomics_390_filterContams_389,21.135750046240677,63.73002578766455
epigenomics_390_filterContams_390,19.056100463256207,67.412448417257
epigenomics_390_filterContams_391,19.55388478920383,61.718895915743616
epigenomics_390_filterContams_392,21.041597226310685,62.0652208678493
epigenomics_390_filterContams_393,21.655155918229383,54.53875268017745
epigenomics_390_filterContams_394,18.776498279066345,58.8100291201294
epigenomics_390_filterContams_395,21.282656006559066,62.792527183909954
epigenomics_390_filterContams_396,16.241686939435567,54.004423240377506
epigenomics_390_filterContams_397,19.50491826919385,65.22410948318856
epigenomics_390_filterContams_398,21.290250488293886,55.60965840819671
epigenomics_390_filterContams_399,12.007527821643434,77.8767211766092
epigenomics_390_filterContams_400,26.285980332076967,70.6966711144927
epigenomics_390_filterContams_401,20.876002649948163,63.04287931529107
epigenomics_390_filterContams_402,17.018518385029218,56.04776825167825
epigenomics_390_filterContams_403,25.080624022221812,56.5866573462811
epigenomics_390_filterContams_404,17.630482446604525,60.197596235616224
epigenomics_390_filterContams_405,24.085242517630853,50.87371166321891
epigenomics_390_filterContams_406,16.842941593417965,58.568206493044734
epigenomics_390_filterContams_407,18.919306130574245,70.84485872886304
epigenomics_390_filterContams_408,23.15799504340782,73.79661907735232
epigenomics_390_filterContams_409,20.902145906127988,73.39042272562341
epigenomics_390_filterContams_410,15.938034827212192,62.93079329659166
epigenomics_390_filterContams_411,19.982970994568234,59.16735127912379
epigenomics_390_filterContams_412,20.62951462746294,56.88844021628417
epigenomics_390_filterContams_413,15.602981644195754,67.03477296613201
epigenomics_390_filterContams_414,24.829873928228942,74.64228628921747
epigenomics_390_filterContams_415,18.03846235415013,74.19063808418096
epigenomics_390_filterContams_416,19.018046418623136,57.875333891365706
epigenomics_390_filterContams_417,18.61251672738708,60.84359223717192
epigenomics_390_filterContams_418,15.688622030494027,62.68951741646675
epigenomics_390_filterContams_419,24.52472992301057,50.7734802171002
epigenomics_390_filterContams_420,22.234919017520014,63.249983339253916
epigenomics_390_filterContams_421,18.040948398022984,61.86903298261456
epigenomics_390_filterContams_422,15.486219260172758,77.69496801949245
epigenomics_390_filterContams_423,18.460721348730015,74.96658461915521
epigenomics_390_filterContams_424,15.883629748666118,64.17915388640166
epigenomics_390_filterContams_425,20.017481615329093,48.98520906300463
epigenomics_390_filterContams_426,19.186798150120946,56.41836146942289
epigenomics_390_filterContams_427,23.862158129710327,70.7640345327947
epigenomics_390_filterContams_428,18.540525137123804,72.53227522837079
epigenomics_390_filterContams_429,19.84191629389085,61.38392549988989
epigenomics_390_filterContams_430,19.102490308126306,56.477038846868844
epigenomics_390_filterContams_431,22.95650241449395,62.008710250424336
epigenomics_390_filterContams_432,18.53941262597643,61.81178821336303
epigenomics_390_filterContams_433,19.90772405664839,56.75335120005602
epigenomics_390_filterContams_434,16.786960479548267,70.78483582686741
epigenomics_390_filterContams_435,17.488474341480806,78.25578141145265
epigenomics_390_filterContams_436,19.513125804723693,55.461702781384304
epigenomics_390_filterContams_437,15.863120407252389,73.80666284492598
epigenomics_390_filterContams_438,22.054715108618606,64.16624162831346
epigenomics_390_filterContams_439,16.935143709090013,61.98562242550798
epigenomics_390_filterContams_440,23.78677136287337,56.01299830653379
epigenomics_390_filterContams_441,17.193062786124965,50.79368836452631
epigenomics_390_filterContams_442,22.983261294487434,64.14851124041171
epigenomics_390_filterContams_443,17.80121491833351,72.16871754585951
epigenomics_390_filterContams_444,12.043261410276811,68.60001998031262
epigenomics_390_filterContams_445,20.216631662233794,70.42715139945433
epigenomics_390_filterContams_446,18.60014599301461,60.62211435501419
epigenomics_390_filterContams_447,16.38095600190894,58.96821334359966
epigenomics_390_filterContams_448,13.566797457918922,66.92904891422903
epigenomics_390_filterContams_449,19.868873367509536,66.8710388302688
epigenomics_390_filterContams_450,21.045522728798826,70.84774097540533
epigenomics_390_filterContams_451,19.756181914099624,68.21814329840177
epigenomics_390_filterContams_452,19.09272043612635,62.83507731932118
epigenomics_390_filterContams_453,20.56983248577536,52.69056763876958
epigenomics_390_filterContams_454,24.43166037495645,61.99233230971701
epigenomics_390_filterContams_455,16.041054752834416,71.92037210618791
epigenomics_390_filterContams_456,23.91667789695961,68.81837898341375
epigenomics_390_filterContams_457,18.455443342474503,70.59949758237205
epigenomics_390_filterContams_458,19.975652674180427,68.45775113477036
epigenomics_390_filterContams_459,26.202245455555786,69.29709677174026
epigenomics_390_filterContams_460,21.074533921541523,81.50849814518126
epigenomics_390_filterContams_461,15.250116933784486,70.15325828988829
epigenomics_390_filterContams_462,22.165817763193537,72.80795498735742
epigenomics_390_filterContams_463,20.579415014553344,83.35689423759511
epigenomics_390_filterContams_464,22.305960674776742,80.58750020931936
epigenomics_390_filterContams_465,19.250801945926483,66.23371180231192
epigenomics_390_filterContams_466,20.681582077291353,70.53465130194425
epigenomics_390_filterContams_467,21.26782446573377,69.3868672403136
epigenomics_390_filterContams_468,18.039866782269375,64.95708763406354
epigenomics_390_filterContams_469,22.395244977336873,64.63653890371486
epigenomics_390_filterContams_470,18.453211620999095,80.94669083289226
epigenomics_390_filterContams_471,21.3666562458392,58.793678377031775
epigenomics_390_filterContams_472,21.497511938286017,76.81956650325094
epigenomics_390_filterContams_473,19.89119706471741,75.56662544039361
epigenomics_390_filterContams_474,19.395868433335536,46.60540199014767
epigenomics_390_filterContams_475,23.20757928124057,72.22465660754176
epigenomics_390_filterContams_476,20.761115384731834,63.85138772376394
epigenomics_390_filterContams_477,16.201221363374493,66.57263685854244
epigenomics_390_filterContams_478,20.470651295720756,52.020981007446125
epigenomics_390_filterContams_479,20.447423770199045,67.77006860790273
epigenomics_390_filterContams_480,25.135932636298193,60.49238692726569
epigenomics_390_filterContams_481,20.616070500121513,59.4841085313364
epigenomics_390_filterContams_482,19.25344996727949,64.37548954354602
epigenomics_390_filterContams_483,25.817991729550837,53.88220411699044
epigenomics_390_filterContams_484,20.711167749175516,59.94977492127321
epigenomics_390_filterContams_485,19.41598034447584,49.624224832110166
epigenomics_390_filterContams_486,19.35141400328919,62.79256443088901
epigenomics_390_filterContams_487,15.715887677564083,64.19286466609952
epigenomics_390_filterContams_488,18.748219814966042,62.84850371366135
epigenomics_390_filterContams_489,18.980012303999274,74.077313019253
epigenomics_390_filterContams_490,21.25981034099491,77.0882273464112
epigenomics_390_filterContams_491,23.661370011762166,58.85332188789117
epigenomics_390_filterContams_492,21.159738215482466,57.67295394173547
epigenomics_390_filterContams_493,21.13680240794109,49.726142238128176
epigenomics_390_filterContams_494,18.41963497387846,78.61654852950689
epigenomics_390_filterContams_495,17.682399319604176,72.27831611646353
epigenomics_390_filterContams_496,17.879975781397622,56.132262768333064
epigenomics_390_filterContams_497,23.897990552856474,66.3648595177479
epigenomics_390_filterContams_498,16.788450309762975,60.13351082182923
epigenomics_390_filterContams_499,17.717094345367016,67.03876201886033
epigenomics_390_sol2sanger_0,83.54888509091178,39.24065964328696
epigenomics_390_sol2sanger_1,82.84331191644462,45.52558924067297
epigenomics_390_sol2sanger_2,84.51643952810858,53.345559240604096
epigenomics_390_sol2sanger_3,83.39919936681696,37.41795749675654
epigenomics_390_sol2sanger_4,83.95000708449759,60.1344196323149
epigenomics_390_sol2sanger_5,79.33474224954224,51.37012332156966
epigenomics_390_sol2sanger_6,74.10133432266691,25.80168966199846
epigenomics_390_sol2sanger_7,82.1141603473848,39.33726753486688
epigenomics_390_sol2sanger_8,80.82714614703724,44.00630383063347
epigenomics_390_sol2sanger_9,80.5635875370706,49.399880253507014
epigenomics_390_sol2sanger_10,78.3118805469133,50.7608107667707
epigenomics_390_sol2sanger_11,75.02923810125505,39.584392503008075
epigenomics_390_sol2sanger_12,70.08185667704029,34.64560244922068
epigenomics_390_sol2sanger_13,73.65447437929531,38.97323247030158
epigenomics_390_sol2sanger_14,73.99800174977621,40.74798779923303
epigenomics_390_sol2sanger_15,79.01739234506154,43.13612895448706
epigenomics_390_sol2sanger_16,73.43687550797165,52.245046991648024
epigenomics_390_sol2sanger_17,80.36174021423595,48.695524824876706
epigenomics_390_sol2sanger_18,80.15177268710046,46.296690741050014
epigenomics_390_sol2sanger_19,73.71392222441773,40.58497917015865
epigenomics_390_sol2sanger_20,85.28733892730237,46.9987627157649
epigenomics_390_sol2sanger_21,80.65268103056603,46.403093221169634
epigenomics_390_sol2sanger_22,69.29995626959871,40.33819351044329
epigenomics_390_sol2sanger_23,84.30765587356525,35.891439886830504
epigenomics_390_sol2sanger_24,76.26616603877923,45.771870680719154
epigenomics_390_sol2sanger_25,77.78612567999271,44.52022879354231
epigenomics_390_sol2sanger_26,78.84331380456422,44.23770722477482
epigenomics_390_sol2sanger_27,84.18390119469235,37.311572246678374
epigenomics_390_sol2sanger_28,80.9670717177131,50.22722678099836
epigenomics_390_sol2sanger_29,70.75514665820549,35.43054400453753
epigenomics_390_sol2sanger_30,81.11647050696958,57.330463997054515
epigenomics_390_sol2sanger_31,79.52152858275316,47.34238468218552
epigenomics_390_sol2sanger_32,80.6786865536108,30.760270455305765
epigenomics_390_sol2sanger_33,81.6170376381711,56.68084548955517
epigenomics_390_sol2sanger_34,90.52480186929421,51.13387545281953
epigenomics_390_sol2sanger_35,82.0595338743175,42.367615553249756
epigenomics_390_sol2sanger_36,80.22888440660526,50.68223806862928
epigenomics_390_sol2sanger_37,83.37724124727572,54.74939642541064
epigenomics_390_sol2sanger_38,71.84107294960783,42.935715644466086
epigenomics_390_sol2sanger_39,70.13486627087387,44.452013043173864
epigenomics_390_sol2sanger_40,82.41471292024143,39.86977276602598
epigenomics_390_sol2sanger_41,81.27003345854928,48.65153989605524
epigenomics_390_sol2sanger_42,81.0789088282785,28.924567967306984
epigenomics_390_sol2sanger_43,81.9291883149091,48.21180004238332
epigenomics_390_sol2sanger_44,73.3053412099446,54.517561343905726
epigenomics_390_sol2sanger_45,86.77013546486404,47.60221389859686
epigenomics_390_sol2sanger_46,73.69118545257835,44.37946686281322
epigenomics_390_sol2sanger_47,79.99810100072933,28.70685390899024
epigenomics_390_sol2sanger_48,74.52551381035565,55.984859627860985
epigenomics_390_sol2sanger_49,83.57608823701351,40.92579802936358
epigenomics_390_sol2sanger_50,81.36968458826833,58.36590860819196
epigenomics_390_sol2sanger_51,79.43137271525656,46.6387815067109
epigenomics_390_sol2sanger_52,72.66887622784955,55.508218546529115
epigenomics_390_sol2sanger_53,77.93033935424542,35.34904494513707
epigenomics_390_sol2sanger_54,75.5662270341628,48.85279339459702
epigenomics_390_sol2sanger_55,84.67138613558902,30.76861834637358
epigenomics_390_sol2sanger_56,72.45054539626678,33.8110093545207
epigenomics_390_sol2sanger_57,84.99220230602603,68.55838334055618
epigenomics_390_sol2sanger_58,79.80434196776933,42.93519699244313
epigenomics_390_sol2sanger_59,75.41881324805375,30.77459688980997
epigenomics_390_sol2sanger_60,81.13029236692586,50.31420673010245
epigenomics_390_sol2sanger_61,90.57125167609536,47.71421885214038
epigenomics_390_sol2sanger_62,81.14585666766754,45.621949831134266
epigenomics_390_sol2sanger_63,79.94860087429369,44.74422667141038
epigenomics_390_sol2sanger_64,77.11692323360462,51.90356354831745
epigenomics_390_sol2sanger_65,84.03412822978224,40.405214075311086
epigenomics_390_sol2sanger_66,80.88673173436379,43.91619940606499
epigenomics_390_sol2sanger_67,91.32017011792087,46.91566325011141
epigenomics_390_sol2sanger_68,77.74010669844277,45.760748705070455
epigenomics_390_sol2sanger_69,70.25929749978079,48.380660440689404
epigenomics_390_sol2sanger_70,83.17461359990614,45.81045306227674
epigenomics_390_sol2sanger_71,84.27785256103145,28.48423311842098
epigenomics_390_sol2sanger_72,74.7051276544496,31.0863935127405
epigenomics_390_sol2sanger_73,76.47331096818849,48.81432614511412
epigenomics_390_sol2sanger_74,82.08822524930363,36.948342627816615
epigenomics_390_sol2sanger_75,84.89084450875728,33.19611574062325
epigenomics_390_sol2sanger_76,83.25590477669617,48.45311199870821
epigenomics_390_sol2sanger_77,71.05301851938722,38.497283820264414
epigenomics_390_sol2sanger_78,70.93062576198645,47.353128989987766
epigenomics_390_sol2sanger_79,74.22860059115368,33.8440576703759
epigenomics_390_sol2sanger_80,85.81879077353294,52.53416888499816
epigenomics_390_sol2sanger_81,81.5946892682711,37.02106445473942
epigenomics_390_sol2sanger_82,88.3792202745696,47.967543952376644
epigenomics_390_sol2sanger_83,88.06850534231936,51.476316223068146
epigenomics_390_sol2sanger_84,80.33284383171492,33.5965336700328
epigenomics_390_sol2sanger_85,76.0244333838984,46.98307446605045
epigenomics_390_sol2sanger_86,84.1728580637104,41.586928315832644
epigenomics_390_sol2sanger_87,88.35124626041708,31.840241306456697
epigenomics_390_sol2sanger_88,83.49516754885967,34.457342384919215
epigenomics_390_sol2sanger_89,73.90888529277447,51.760864182180796
epigenomics_390_sol2sanger_90,81.82636097785229,42.63849537113937
epigenomics_390_sol2sanger_91,86.32845210780476,37.7919949058782
epigenomics_390_sol2sanger_92,80.3589541446203,42.76978974844021
epigenomics_390_sol2sanger_93,77.52395009120451,52.72256966510241
epigenomics_390_sol2sanger_94,91.81891724771842,43.325428923297224
epigenomics_390_sol2sanger_95,79.9563459257589,50.292745043182286
epigenomics_390_sol2sanger_96,79.52043048123949,45.58962481966884
epigenomics_390_sol2sanger_97,75.8820109134945,39.19324754744856
epigenomics_390_sol2sanger_98,80.4436409241173,49.034428474079526
epigenomics_390_sol2sanger_99,85.39025736216436,44.21404547652033
epigenomics_390_sol2sanger_100,81.38308658765689,36.39737278333511
epigenomics_390_sol2sanger_101,74.43749110884971,41.81006011848531
epigenomics_390_sol2sanger_102,79.30882015837953,63.96240490597873
epigenomics_390_sol2sanger_103,83.46699672319376,44.69320049550967
epigenomics_390_sol2sanger_104,79.77550688013872,63.77273803465209
epigenomics_390_sol2sanger_105,86.40383177872118,31.474711957834955
epigenomics_390_sol2sanger_106,84.94823203805075,39.52751792392909
epigenomics_390_sol2sanger_107,86.36984640952852,41.17421908338204
epigenomics_390_sol2sanger_108,74.54122023208075,45.0581907097883
epigenomics_390_sol2sanger_109,79.97647284599488,55.497412312490894
epigenomics_390_sol2sanger_110,77.31220368796825,40.37218046514173
epigenomics_390_sol2sanger_111,85.1756083398339,31.138537520541682
epigenomics_390_sol2sanger_112,75.01758913075852,52.16921899086063
epigenomics_390_sol2sanger_113,84.7183877292594,31.581987971808147
epigenomics_390_sol2sanger_114,81.84191009429006,44.4227570809605
epigenomics_390_sol2sanger_115,81.15857261337185,40.77749365437291
epigenomics_390_sol2sanger_116,79.58134038679624,43.96306067766691
epigenomics_390_sol2sanger_117,87.05298552889491,58.67738119788532
epigenomics_390_sol2sanger_118,73.59618076817037,40.44197734021982
epigenomics_390_sol2sanger_119,80.36338716740241,54.866711309457465
epigenomics_390_sol2sanger_120,82.74684185220615,36.86927868541604
epigenomics_390_sol2sanger_121,72.25363527122202,56.234416505098174
epigenomics_390_sol2sanger_122,79.03641442606582,45.76233287193726
epigenomics_390_sol2sanger_123,74.58331544231226,39.24940348074894
epigenomics_390_sol2sanger_124,83.98501065445899,62.42035726248247
epigenomics_390_sol2sanger_125,78.27039499204054,48.519513409386626
epigenomics_390_sol2sanger_126,81.29072271131164,41.290323410164774
epigenomics_390_sol2sanger_127,87.44580805005454,40.19688264156711
epigenomics_390_sol2sanger_128,78.61428073817596,36.39816053810109
epigenomics_390_sol2sanger_129,81.5805483565971,56.17813393946473
epigenomics_390_sol2sanger_130,78.07178215800907,36.13824114427067
epigenomics_390_sol2sanger_131,98.35271841662052,31.260354744915453
epigenomics_390_sol2sanger_132,79.06897153657346,49.28773719881312
epigenomics_390_sol2sanger_133,89.0116403565116,38.20828697471287
epigenomics_390_sol2sanger_134,77.55231448040527,38.518799144641896
epigenomics_390_sol2sanger_135,80.94825129284041,41.42903666911614
epigenomics_390_sol2sanger_136,79.95984160303534,46.50517273632471
epigenomics_390_sol2sanger_137,81.72254573631218,56.60569007731482
epigenomics_390_sol2sanger_138,78.33950696390278,38.66813926194918
epigenomics_390_sol2sanger_139,75.60042960896428,39.97756964242235
epigenomics_390_sol2sanger_140,79.84178684823706,40.72962471044968
epigenomics_390_sol2sanger_141,73.15604196168466,52.22419774647053
epigenomics_390_sol2sanger_142,87.39613555398074,24.960218600076484
epigenomics_390_sol2sanger_143,77.82523078158445,20.999089057782907
epigenomics_390_sol2sanger_144,68.9885343870676,49.41113499209372
epigenomics_390_sol2sanger_145,78.39008576263487,42.956019572397466
epigenomics_390_sol2sanger_146,79.31438400138987,36.540930135416176
epigenomics_390_sol2sanger_147,80.20365774036745,34.74411498932229
epigenomics_390_sol2sanger_148,74.83971538373528,50.46487040756116
epigenomics_390_sol2sanger_149,77.81765697676491,56.612941128784584
epigenomics_390_sol2sanger_150,81.85195714235905,56.16905797052161
epigenomics_390_sol2sanger_151,74.30570851210354,50.14714905475256
epigenomics_390_sol2sanger_152,86.13856982756874,43.05946512450085
epigenomics_390_sol2sanger_153,83.40139361456436,30.006587930534174
epigenomics_390_sol2sanger_154,81.4836098536373,43.28191134012001
epigenomics_390_sol2sanger_155,81.93860109824521,40.961810074856864
epigenomics_390_sol2sanger_156,83.14888571226248,43.486029230723894
epigenomics_390_sol2sanger_157,78.74942241349115,46.92029307517948
epigenomics_390_sol2sanger_158,78.61348846278416,29.624616039637942
epigenomics_390_sol2sanger_159,81.93291759694694,30.61203538936895
epigenomics_390_sol2sanger_160,85.54524027855747,49.60697349734369
epigenomics_390_sol2sanger_161,77.18195503266013,53.24133436648043
epigenomics_390_sol2sanger_162,86.6181109210414,45.6225221195329
epigenomics_390_sol2sanger_163,83.7450469721776,38.30441108627317
epigenomics_390_sol2sanger_164,80.68717738542144,41.60487752947817
epigenomics_390_sol2sanger_165,76.69197554473942,46.4533673825072
epigenomics_390_sol2sanger_166,71.05447258321021,37.97523003062056
epigenomics_390_sol2sanger_167,81.29349344994833,41.79923263793959
epigenomics_390_sol2sanger_168,86.99472401650871,47.91816623300107
epigenomics_390_sol2sanger_169,72.36828846752616,48.1599737020441
epigenomics_390_sol2sanger_170,80.26222503503301,38.910190088319276
epigenomics_390_sol2sanger_171,85.83174550028649,52.40815006744966
epigenomics_390_sol2sanger_172,84.15498321291251,44.78992811661541
epigenomics_390_sol2sanger_173,76.99446550844829,44.17022157339658
epigenomics_390_sol2sanger_174,76.5165561565508,46.91449861083773
epigenomics_390_sol2sanger_175,76.99408809613215,44.14270753500942
epigenomics_390_sol2sanger_176,91.82336859691017,39.0319861388563
epigenomics_390_sol2sanger_177,75.18106864191456,52.58016117640787
epigenomics_390_sol2sanger_178,72.59084659094634,55.38911769402884
epigenomics_390_sol2sanger_179,76.35111559070167,55.848546375125146
epigenomics_390_sol2sanger_180,73.38036122416383,34.71417398948897
epigenomics_390_sol2sanger_181,82.04174607777422,47.46718431667996
epigenomics_390_sol2sanger_182,76.05678059985534,59.12892437313595
epigenomics_390_sol2sanger_183,81.17033764465283,40.49325829405189
epigenomics_390_sol2sanger_184,80.06691165038087,44.59020595808952
epigenomics_390_sol2sanger_185,78.61791283968857,42.17193871930373
epigenomics_390_sol2sanger_186,75.04040853257118,44.08408137541763
epigenomics_390_sol2sanger_187,83.63301821299355,43.16454282667379
epigenomics_390_sol2sanger_188,78.64708766794755,55.19174957726494
epigenomics_390_sol2sanger_189,79.69959045235878,38.94616291243174
epigenomics_390_sol2sanger_190,82.85178827991959,51.859666940542965
epigenomics_390_sol2sanger_191,81.03376840712092,42.89912287067389
epigenomics_390_sol2sanger_192,79.80755968314546,53.07688918897827
epigenomics_390_sol2sanger_193,73.3209147954466,48.4293806199064
epigenomics_390_sol2sanger_194,82.34982698462058,55.158851420367
epigenomics_390_sol2sanger_195,85.8110196306822,46.505038923369
epigenomics_390_sol2sanger_196,79.7986178124656,44.60546781399972
epigenomics_390_sol2sanger_197,89.26513569278397,49.110572565155124
epigenomics_390_sol2sanger_198,74.6882434700596,57.576705651326044
epigenomics_390_sol2sanger_199,81.61101275120271,57.570025380038715
epigenomics_390_sol2sanger_200,80.59849290807138,45.00500839774736
epigenomics_390_sol2sanger_201,97.8408463885394,32.24368149367915
epigenomics_390_sol2sanger_202,84.23149789098849,35.0995476662025
epigenomics_390_sol2sanger_203,85.48977645040002,47.95587202593358
epigenomics_390_sol2sanger_204,77.68608165691481,41.55846872169227
epigenomics_390_sol2sanger_205,73.17121171043584,42.487863054609704
epigenomics_390_sol2sanger_206,79.36207173303887,48.23125453608634
epigenomics_390_sol2sanger_207,85.17027425981149,57.53233999768128
epigenomics_390_sol2sanger_208,85.40338604693373,39.30663959228437
epigenomics_390_sol2sanger_209,78.15005464625196,47.47535327032844
epigenomics_390_sol2sanger_210,80.87536033478126,43.10981035682687
epigenomics_390_sol2sanger_211,77.14902137772431,41.284289770496784
epigenomics_390_sol2sanger_212,89.80101923559275,45.452330430039794
epigenomics_390_sol2sanger_213,78.9959232237613,40.183287732816716
epigenomics_390_sol2sanger_214,83.02505592208549,32.36995729116708
epigenomics_390_sol2sanger_215,74.58944790688835,47.92776374595877
epigenomics_390_sol2sanger_216,80.03845043618618,56.34929032217664
epigenomics_390_sol2sanger_217,78.10164620762077,46.95534431177464
epigenomics_390_sol2sanger_218,79.80989171266066,51.46272523822108
epigenomics_390_sol2sanger_219,79.12527808240186,55.33457669920574
epigenomics_390_sol2sanger_220,85.95987958363716,38.43775326338181
epigenomics_390_sol2sanger_221,78.32167394422059,44.5552729256627
epigenomics_390_sol2sanger_222,82.48526170226019,38.34888499181729
epigenomics_390_sol2sanger_223,84.2320318497699,55.49234611681926
epigenomics_390_sol2sanger_224,80.78769870814713,31.56006657473869
epigenomics_390_sol2sanger_225,79.79704436264211,57.86216153642364
epigenomics_390_sol2sanger_226,83.62380315214762,36.64839812396147
epigenomics_390_sol2sanger_227,82.40798582434915,38.23183953593045
epigenomics_390_sol2sanger_228,76.93081417601024,44.81952449116878
epigenomics_390_sol2sanger_229,69.64464218088766,56.9254132782314
epigenomics_390_sol2sanger_230,73.32319364381013,46.13890453686465
epigenomics_390_sol2sanger_231,77.20668933459021,54.74387213956463
epigenomics_390_sol2sanger_232,76.60968299383822,51.80604047669758
epigenomics_390_sol2sanger_233,83.24952393543138,61.11072127311435
epigenomics_390_sol2sanger_234,83.45668547703531,34.69870649328524
epigenomics_390_sol2sanger_235,88.57246778525422,46.15577907379183
epigenomics_390_sol2sanger_236,79.74611609725156,44.28688092663376
epigenomics_390_sol2sanger_237,81.0763164530266,44.51609742747356
epigenomics_390_sol2sanger_238,83.15856535329715,53.103497800779536
epigenomics_390_sol2sanger_239,80.82346569265337,57.975336768815474
epigenomics_390_sol2sanger_240,72.56408711733205,49.97946199586098
epigenomics_390_sol2sanger_241,81.648151474725,46.40505141477805
epigenomics_390_sol2sanger_242,79.63494112347148,49.97222036266942
epigenomics_390_sol2sanger_243,80.63252559836033,50.30020380717373
epigenomics_390_sol2sanger_244,78.8381434122584,43.69738595874075
epigenomics_390_sol2sanger_245,83.45182276398921,35.56844312679774
epigenomics_390_sol2sanger_246,79.3117276268527,46.52533745357261
epigenomics_390_sol2sanger_247,78.61344276279979,59.02495882668432
epigenomics_390_sol2sanger_248,78.44605098916036,36.8348705534202
epigenomics_390_sol2sanger_249,86.05675878384399,38.85813754036337
epigenomics_390_sol2sanger_250,83.7974379649842,46.708453525196404
epigenomics_390_sol2sanger_251,78.12147599983042,49.31224685270083
epigenomics_390_sol2sanger_252,85.14934379605764,54.29593857534935
epigenomics_390_sol2sanger_253,82.51307516584814,60.39674490151531
epigenomics_390_sol2sanger_254,76.61491144802716,41.17763033787039
epigenomics_390_sol2sanger_255,83.40298334057475,48.99246070288263
epigenomics_390_sol2sanger_256,80.64997793902181,45.214799739355236
epigenomics_390_sol2sanger_257,84.24101616450275,37.047556743296845
epigenomics_390_sol2sanger_258,85.73652362870837,48.322367267777466
epigenomics_390_sol2sanger_259,72.39624913174224,40.05484304528838
epigenomics_390_sol2sanger_260,78.05264466298539,40.369673432402664
epigenomics_390_sol2sanger_261,72.80929368862627,44.80267875959237
epigenomics_390_sol2sanger_262,80.36458740684482,36.412574813832734
epigenomics_390_sol2sanger_263,93.24279697564847,37.32658137762868
epigenomics_390_sol2sanger_264,76.524461186576,49.08063283775684
epigenomics_390_sol2sanger_265,82.21104314644272,44.649778898507996
epigenomics_390_sol2sanger_266,75.53186147002762,45.479648106498
epigenomics_390_sol2sanger_267,82.86519451243969,32.004138722583605
epigenomics_390_sol2sanger_268,83.56030992608132,50.12205668776573
epigenomics_390_sol2sanger_269,80.47811848877245,53.85595011882811
epigenomics_390_sol2sanger_270,81.69092682341638,45.08325852879285
epigenomics_390_sol2sanger_271,83.3472403541329,36.96545653142754
epigenomics_390_sol2sanger_272,82.8565040302965,41.17816435617087
epigenomics_390_sol2sanger_273,69.89513845715534,45.88501704761153
epigenomics_390_sol2sanger_274,81.7167680874144,46.91266981095237
epigenomics_390_sol2sanger_275,82.15763517244662,41.53421331837172
epigenomics_390_sol2sanger_276,73.19925017811734,47.2098151108256
epigenomics_390_sol2sanger_277,84.91304741549239,38.29641322868065
epigenomics_390_sol2sanger_278,82.12656090618519,41.25865785711726
epigenomics_390_sol2sanger_279,74.24326867421041,50.562769002255074
epigenomics_390_sol2sanger_280,90.81607867726834,42.833901490550716
epigenomics_390_sol2sanger_281,74.75171603639879,43.38657432425163
epigenomics_390_sol2sanger_282,84.95249654101893,37.42222023010931
epigenomics_390_sol2sanger_283,83.97963907415435,56.87613156298504
epigenomics_390_sol2sanger_284,70.76533739745044,47.34814031989964
epigenomics_390_sol2sanger_285,75.11767764153828,44.30234834059073
epigenomics_390_sol2sanger_286,85.70495300619211,43.644500140475444
epigenomics_390_sol2sanger_287,86.30007001724819,51.564179347713804
epigenomics_390_sol2sanger_288,76.91605327560258,49.157333131979634
epigenomics_390_sol2sanger_289,72.3934098210733,40.438495718575716
epigenomics_390_sol2sanger_290,78.90090875837078,54.969584180276
epigenomics_390_sol2sanger_291,75.89974468017506,54.223165281080526
epigenomics_390_sol2sanger_292,77.60782662234368,36.560954717215665
epigenomics_390_sol2sanger_293,82.83049660081231,38.0572925274
epigenomics_390_sol2sanger_294,83.98241096560305,58.40305490041248
epigenomics_390_sol2sanger_295,83.24149829403437,51.5872392060308
epigenomics_390_sol2sanger_296,89.97825579570946,45.597681928431705
epigenomics_390_sol2sanger_297,78.67841183982807,36.186341736737596
epigenomics_390_sol2sanger_298,71.6786037084651,47.94293587226767
epigenomics_390_sol2sanger_299,78.31582386262804,40.87656698225683
epigenomics_390_sol2sanger_300,82.87953721482621,49.37780524858995
epigenomics_390_sol2sanger_301,83.39620427332817,47.68588718578603
epigenomics_390_sol2sanger_302,82.46001195813861,43.35038329722373
epigenomics_390_sol2sanger_303,77.48472495105041,42.931030199460416
epigenomics_390_sol2sanger_304,85.01705734467049,33.32559685960531
epigenomics_390_sol2sanger_305,76.29184288695964,28.94020252657713
epigenomics_390_sol2sanger_306,79.57765826325645,35.17399745139768
epigenomics_390_sol2sanger_307,86.38583074125854,30.21065140210033
epigenomics_390_sol2sanger_308,86.04458276152802,49.59623780705078
epigenomics_390_sol2sanger_309,82.9962047880097,46.15677789190694
epigenomics_390_sol2sanger_310,90.52226900970737,43.596646894944946
epigenomics_390_sol2sanger_311,88.25306705205634,51.37443076748871
epigenomics_390_sol2sanger_312,78.91871533234026,45.9909480204574
epigenomics_390_sol2sanger_313,75.50256607458,36.54179914235209
epigenomics_390_sol2sanger_314,90.36707253890806,36.73907552746941
epigenomics_390_sol2sanger_315,87.1556225036143,41.44257807234722
epigenomics_390_sol2sanger_316,79.24675906379038,49.93399137951798
epigenomics_390_sol2sanger_317,90.31579877754282,47.72185614621536
epigenomics_390_sol2sanger_318,78.72705072936739,32.918924948072146
epigenomics_390_sol2sanger_319,76.98592057532248,47.741595612756335
epigenomics_390_sol2sanger_320,83.6261319346182,47.256315390338806
epigenomics_390_sol2sanger_321,84.37098298770216,50.78479872484921
epigenomics_390_sol2sanger_322,77.0964186754767,53.11633996901402
epigenomics_390_sol2sanger_323,79.93440161994523,46.334210165818234
epigenomics_390_sol2sanger_324,80.9824533000462,63.93309537913927
epigenomics_390_sol2sanger_325,76.9107748477162,48.185253107361866
epigenomics_390_sol2sanger_326,89.62179633475094,60.09206560208986
epigenomics_390_sol2sanger_327,80.22815341428154,33.97081002040797
epigenomics_390_sol2sanger_328,81.13844508524734,55.475345261868696
epigenomics_390_sol2sanger_329,76.3594374641378,40.71931620543813
epigenomics_390_sol2sanger_330,82.6817065173882,48.43535298791163
epigenomics_390_sol2sanger_331,72.44273973399568,46.745608228798034
epigenomics_390_sol2sanger_332,86.86434853293395,48.00879549043445
epigenomics_390_sol2sanger_333,74.24719884389933,49.01136871261009
epigenomics_390_sol2sanger_334,75.79322585853346,44.18443006954083
epigenomics_390_sol2sanger_335,74.85521068085353,52.05551938750493
epigenomics_390_sol2sanger_336,77.09997562961723,50.4126907978318
epigenomics_390_sol2sanger_337,87.28190427063448,40.59458214210162
epigenomics_390_sol2sanger_338,74.37785077667934,45.118647515293084
epigenomics_390_sol2sanger_339,82.13531187612976,37.27056700264804
epigenomics_390_sol2sanger_340,79.32338784793463,40.280725150820984
epigenomics_390_sol2sanger_341,85.54647251375698,53.358529585849325
epigenomics_390_sol2sanger_342,75.60548133080042,51.1810778587551
epigenomics_390_sol2sanger_343,80.85981735157671,53.44672711181728
epigenomics_390_sol2sanger_344,69.39774774405255,42.680022785828655
epigenomics_390_sol2sanger_345,79.37800603544714,34.75271623384691
epigenomics_390_sol2sanger_346,73.15025229652471,39.799192929736954
epigenomics_390_sol2sanger_347,85.83217480183424,30.926700864901264
epigenomics_390_sol2sanger_348,79.49143576020496,61.293409777557116
epigenomics_390_sol2sanger_349,81.72054925265456,44.74408012072306
epigenomics_390_sol2sanger_350,78.4733099582964,45.66206652538881
epigenomics_390_sol2sanger_351,80.49566401205612,39.82078975636939
epigenomics_390_sol2sanger_352,79.47015113014267,35.61017655407056
epigenomics_390_sol2sanger_353,86.6985131540297,45.37729867491946
epigenomics_390_sol2sanger_354,77.48262422043076,52.227670384992194
epigenomics_390_sol2sanger_355,83.29179927363624,60.54018808867643
epigenomics_390_sol2sanger_356,81.97193820857109,35.124065406963865
epigenomics_390_sol2sanger_357,74.968971775931,55.41877510706616
epigenomics_390_sol2sanger_358,72.13425221240375,46.676143863915186
epigenomics_390_sol2sanger_359,81.37047248444888,55.83756959987889
epigenomics_390_sol2sanger_360,76.15012606762096,42.40183038456943
epigenomics_390_sol2sanger_361,81.0903002001206,48.61223122199404
epigenomics_390_sol2sanger_362,77.79067034566016,34.51820547326673
epigenomics_390_sol2sanger_363,67.49716867615354,40.65344904934062
epigenomics_390_sol2sanger_364,80.3159330507392,38.05287299751636
epigenomics_390_sol2sanger_365,79.38541664896925,46.18302020916146
epigenomics_390_sol2sanger_366,80.25711401705172,52.28802590518818
epigenomics_390_sol2sanger_367,76.63537424948383,55.146083273916375
epigenomics_390_sol2sanger_368,81.02997017539785,50.79759142757446
epigenomics_390_sol2sanger_369,72.43470138409813,54.1817400614223
epigenomics_390_sol2sanger_370,86.62422960621284,57.70466034519515
epigenomics_390_sol2sanger_371,79.12098082035635,46.735290257494555
epigenomics_390_sol2sanger_372,88.59327228728075,50.97251852148326
epigenomics_390_sol2sanger_373,88.48223681872292,56.977807559869866
epigenomics_390_sol2sanger_374,85.7755915197625,37.82190934231748
epigenomics_390_sol2sanger_375,74.83417852174874,51.315940399442084
epigenomics_390_sol2sanger_376,83.87239908078836,36.127360523897146
epigenomics_390_sol2sanger_377,68.6665179169069,36.22159600109743
epigenomics_390_sol2sanger_378,76.30274928842003,28.553554435105724
epigenomics_390_sol2sanger_379,83.15415912425887,44.90106456179784
epigenomics_390_sol2sanger_380,67.75255497148662,39.17350132869581
epigenomics_390_sol2sanger_381,80.51204909327623,38.12687129609334
epigenomics_390_sol2sanger_382,76.64006722964555,39.65880592234525
epigenomics_390_sol2sanger_383,82.88257838225167,57.232167231943734
epigenomics_390_sol2sanger_384,77.13279141770565,41.94050959500327
epigenomics_390_sol2sanger_385,76.86530448476009,36.870027257922196
epigenomics_390_sol2sanger_386,84.94145237639731,43.83739845381686
epigenomics_390_sol2sanger_387,70.94237477693257,33.26859600524851
epigenomics_390_sol2sanger_388,74.61742616064961,71.63711695605627
epigenomics_390_sol2sanger_389,77.30434382950081,48.54073772269071
epigenomics_390_sol2sanger_390,73.48989512382796,42.94457855789285
epigenomics_390_sol2sanger_391,76.75959036408119,62.97541428509581
epigenomics_390_sol2sanger_392,83.98115421278345,49.868687645906675
epigenomics_390_sol2sanger_393,70.1756945216525,36.97680568410374
epigenomics_390_sol2sanger_394,91.78550105418773,53.70103452393785
epigenomics_390_sol2sanger_395,74.02703058496103,24.378847812834753
epigenomics_390_sol2sanger_396,79.37533844815353,44.98038203300623
epigenomics_390_sol2sanger_397,78.11220730181502,45.3741082130676
epigenomics_390_sol2sanger_398,72.17717525578256,43.67577919830583
epigenomics_390_sol2sanger_399,89.68806020233956,41.4664092191671
epigenomics_390_sol2sanger_400,76.56803786405882,23.173247944580663
epigenomics_390_sol2sanger_401,80.30537233624366,46.751599076480844
epigenomics_390_sol2sanger_402,78.46166833210197,34.89620973622274
epigenomics_390_sol2sanger_403,83.17243157796368,28.14964391018212
epigenomics_390_sol2sanger_404,71.91603557508687,45.58851510051289
epigenomics_390_sol2sanger_405,65.85338831716967,42.67661408547986
epigenomics_390_sol2sanger_406,70.30998962199146,58.711025783145075
epigenomics_390_sol2sanger_407,84.11406602230339,42.03251625187896
epigenomics_390_sol2sanger_408,84.82369213134392,42.5147817570163
epigenomics_390_sol2sanger_409,77.99245514106975,41.99434323501029
epigenomics_390_sol2sanger_410,84.09280557724182,37.932482831423656
epigenomics_390_sol2sanger_411,85.0378123598555,53.875652006114024
epigenomics_390_sol2sanger_412,76.9980749812417,56.57398620370762
epigenomics_390_sol2sanger_413,74.08350089240889,53.608061186071865
epigenomics_390_sol2sanger_414,75.89592394504015,45.678004551302124
epigenomics_390_sol2sanger_415,76.7012589577091,47.97763831189954
epigenomics_390_sol2sanger_416,77.56146713902066,48.64292301597313
epigenomics_390_sol2sanger_417,79.47119945118646,49.77984018362931
epigenomics_390_sol2sanger_418,86.51577154501636,42.23381624434341
epigenomics_390_sol2sanger_419,78.98199179735563,54.079663057511894
epigenomics_390_sol2sanger_420,78.12731913144206,37.29000273609003
epigenomics_390_sol2sanger_421,80.95718041744246,23.347394870401946
epigenomics_390_sol2sanger_422,82.82436735903087,29.458726239540802
epigenomics_390_sol2sanger_423,70.39347874051106,47.12984584507956
epigenomics_390_sol2sanger_424,78.83246125855692,48.49758626581969
epigenomics_390_sol2sanger_425,78.77175148819579,40.345760581420414
epigenomics_390_sol2sanger_426,82.84776528576354,41.61680025385294
epigenomics_390_sol2sanger_427,78.90650401727838,40.76224034074686
epigenomics_390_sol2sanger_428,83.07576490350756,35.95275000079817
epigenomics_390_sol2sanger_429,85.87081131903079,57.61086033862863
epigenomics_390_sol2sanger_430,75.73285061087961,46.81299010642883
epigenomics_390_sol2sanger_431,84.32384956322258,64.38666218964944
epigenomics_390_sol2sanger_432,78.5423663984854,35.230554077931274
epigenomics_390_sol2sanger_433,74.63789855062747,49.73462796810587
epigenomics_390_sol2sanger_434,87.24588886926537,45.06404957728433
epigenomics_390_sol2sanger_435,85.672625910978,44.79155752364082
epigenomics_390_sol2sanger_436,81.53214267285354,46.91564240123904
epigenomics_390_sol2sanger_437,82.59470933206153,43.34774892615362
epigenomics_390_sol2sanger_438,85.5821674161141,44.79768012690971
epigenomics_390_sol2sanger_439,74.67027784400669,41.03637176943547
epigenomics_390_sol2sanger_440,88.40440667170128,45.05877382252
epigenomics_390_sol2sanger_441,77.21342782342936,45.61899668376578
epigenomics_390_sol2sanger_442,77.99195808319749,44.0932857851921
epigenomics_390_sol2sanger_443,79.48399294347745,44.13725317304749
epigenomics_390_sol2sanger_444,71.45743680294004,30.617473142717884
epigenomics_390_sol2sanger_445,74.96598691949438,47.23692659647134
epigenomics_390_sol2sanger_446,86.28506794996343,43.81142702462445
epigenomics_390_sol2sanger_447,71.74536337265653,48.593052544011954
epigenomics_390_sol2sanger_448,81.48614687329845,38.397472744806926
epigenomics_390_sol2sanger_449,70.00122274311741,36.62378823805009
epigenomics_390_sol2sanger_450,81.96804823737092,50.48681121503168
epigenomics_390_sol2sanger_451,76.91682620535518,46.11572767135634
epigenomics_390_sol2sanger_452,82.82181171242694,47.1925800375819
epigenomics_390_sol2sanger_453,85.9961924789385,62.15093582360465
epigenomics_390_sol2sanger_454,82.45690588575698,37.186244642769566
epigenomics_390_sol2sanger_455,82.94728949768742,35.28161876991906
epigenomics_390_sol2sanger_456,81.85213654357695,36.14427033562182
epigenomics_390_sol2sanger_457,84.48304283920258,41.510339705371436
epigenomics_390_sol2sanger_458,83.38087468629544,50.93210111831714
epigenomics_390_sol2sanger_459,80.14830689189763,44.06167012852343
epigenomics_390_sol2sanger_460,86.96357478479331,42.02123363823325
epigenomics_390_sol2sanger_461,79.31734122582138,37.68922854275268
epigenomics_390_sol2sanger_462,75.1410781332948,42.894236657294705
epigenomics_390_sol2sanger_463,75.21724228633316,46.131574955279156
epigenomics_390_sol2sanger_464,79.92117451469285,45.47676943775869
epigenomics_390_sol2sanger_465,75.14185714129809,42.178634319103274
epigenomics_390_sol2sanger_466,89.19103437814671,41.92884052102687
epigenomics_390_sol2sanger_467,88.50721148862804,44.575544941024994
epigenomics_390_sol2sanger_468,73.02522999129202,42.06415341398355
epigenomics_390_sol2sanger_469,79.65096159778365,52.12786288374473
epigenomics_390_sol2sanger_470,88.44415244750235,49.74383031914659
epigenomics_390_sol2sanger_471,80.50300514269156,32.896196780463804
epigenomics_390_sol2sanger_472,81.48578198460103,49.52856029830072
epigenomics_390_sol2sanger_473,71.79376989419495,48.01154170140781
epigenomics_390_sol2sanger_474,76.4593026671385,44.39338373256205
epigenomics_390_sol2sanger_475,73.7824535105235,52.07430559308494
epigenomics_390_sol2sanger_476,75.77962289487833,46.80085555633243
epigenomics_390_sol2sanger_477,90.58968494103341,43.777763008105914
epigenomics_390_sol2sanger_478,89.0007332407332,36.69829086575701
epigenomics_390_sol2sanger_479,79.85862626910802,51.1411978928361
epigenomics_390_sol2sanger_480,82.86786877195328,44.838637114780155
epigenomics_390_sol2sanger_481,86.36257176530962,49.924843763668385
epigenomics_390_sol2sanger_482,75.71352958628792,49.223544277855
epigenomics_390_sol2sanger_483,83.32504942343205,50.76571060014109
epigenomics_390_sol2sanger_484,80.85816315889639,52.93044332024871
epigenomics_390_sol2sanger_485,83.26908247406915,51.353098056133774
epigenomics_390_sol2sanger_486,80.72386701003543,38.17135352332967
epigenomics_390_sol2sanger_487,78.86880486179827,36.8565376993868
epigenomics_390_sol2sanger_488,81.17482990512949,44.6234318571837
epigenomics_390_sol2sanger_489,81.19393570046297,34.41604607641963
epigenomics_390_sol2sanger_490,71.5762013819215,47.80122659629056
epigenomics_390_sol2sanger_491,75.14837563037509,47.12108864251321
epigenomics_390_sol2sanger_492,84.4433070881142,57.944537880264946
epigenomics_390_sol2sanger_493,79.05766568114814,50.89943232946297
epigenomics_390_sol2sanger_494,82.30597060189517,49.47629513470589
epigenomics_390_sol2sanger_495,76.06298135726283,58.13531952708534
epigenomics_390_sol2sanger_496,76.46700678205556,38.00135702977799
epigenomics_390_sol2sanger_497,76.06169383267635,41.82771405829806
epigenomics_390_sol2sanger_498,72.38928518533393,43.50983624084934
epigenomics_390_sol2sanger_499,77.25566198614747,42.31618884021873
epigenomics_390_fast2bfq_0,45.24362135902853,69.31575622447563
epigenomics_390_fast2bfq_1,52.84511015709094,87.13260308616195
epigenomics_390_fast2bfq_2,51.80207081047399,90.01062708153403
epigenomics_390_fast2bfq_3,53.51228978120798,81.23572373461855
epigenomics_390_fast2bfq_4,44.771438436148976,89.70383500569338
epigenomics_390_fast2bfq_5,39.66947255238295,77.54082148239549
epigenomics_390_fast2bfq_6,53.635121193003165,75.02776535827749
epigenomics_390_fast2bfq_7,43.570846271073584,85.20702589803052
epigenomics_390_fast2bfq_8,46.03356132479976,79.59627339182587
epigenomics_390_fast2bfq_9,39.58377980493748,86.13466052660807
epigenomics_390_fast2bfq_10,36.15666608743446,77.19458445454603
epigenomics_390_fast2bfq_11,43.24125691027017,73.78918082688686
epigenomics_390_fast2bfq_12,41.21140699237818,76.07756793744062
epigenomics_390_fast2bfq_13,52.27170466428462,81.85712939452387
epigenomics_390_fast2bfq_14,42.45833149870841,74.63741482906293
epigenomics_390_fast2bfq_15,25.09480950953276,73.28780721123866
epigenomics_390_fast2bfq_16,40.24369479737724,76.64201468372441
epigenomics_390_fast2bfq_17,52.72036268650201,89.34560885220085
epigenomics_390_fast2bfq_18,38.97397484899743,79.14836210331681
epigenomics_390_fast2bfq_19,38.262519491096114,77.7272079201183
epigenomics_390_fast2bfq_20,40.90981722625947,80.5549238664566
epigenomics_390_fast2bfq_21,39.501310766340865,80.31500914896273
epigenomics_390_fast2bfq_22,36.03781802373816,75.14225751823282
epigenomics_390_fast2bfq_23,51.00357408078566,96.53846946366954
epigenomics_390_fast2bfq_24,44.50188484805734,92.26622356451135
epigenomics_390_fast2bfq_25,41.83833730921837,76.99495012644792
epigenomics_390_fast2bfq_26,38.217664655240085,78.13678571035312
epigenomics_390_fast2bfq_27,27.227523745170366,82.63268657560418
epigenomics_390_fast2bfq_28,51.83223976659341,82.65236611253296
epigenomics_390_fast2bfq_29,44.60104360388069,81.98127990389366
epigenomics_390_fast2bfq_30,45.94648997270935,76.0552677209071
epigenomics_390_fast2bfq_31,41.90410081602894,72.04734049596344
epigenomics_390_fast2bfq_32,49.61209572473455,96.54677647679482
epigenomics_390_fast2bfq_33,49.91355313622108,82.46459888366292
epigenomics_390_fast2bfq_34,50.95437325027207,68.22976084988291
epigenomics_390_fast2bfq_35,45.68713754583881,87.61505447144111
epigenomics_390_fast2bfq_36,46.070591221944134,76.93791347628596
epigenomics_390_fast2bfq_37,40.79247200217169,79.62238611281566
epigenomics_390_fast2bfq_38,46.1926208736194,77.73923566053855
epigenomics_390_fast2bfq_39,37.46224928725912,76.00722562320358
epigenomics_390_fast2bfq_40,48.15109751564398,85.30546702175457
epigenomics_390_fast2bfq_41,39.46026226074231,71.45532424894911
epigenomics_390_fast2bfq_42,32.1449967056024,78.89612974914866
epigenomics_390_fast2bfq_43,45.551560759280925,69.82107000755047
epigenomics_390_fast2bfq_44,40.511297297748605,77.88248466495565
epigenomics_390_fast2bfq_45,44.980824234283524,76.10709199003392
epigenomics_390_fast2bfq_46,57.06252292222193,72.12365149765523
epigenomics_390_fast2bfq_47,35.574612978466064,88.03236397826618
epigenomics_390_fast2bfq_48,43.702716849169995,82.52167998740673
epigenomics_390_fast2bfq_49,47.05182053042853,77.95084896646456
epigenomics_390_fast2bfq_50,46.93501012114447,95.74046664351391
epigenomics_390_fast2bfq_51,38.72195280775904,85.19433742856029
epigenomics_390_fast2bfq_52,38.9275761981184,85.31536265148655
epigenomics_390_fast2bfq_53,53.28476466850843,81.4032875409792
epigenomics_390_fast2bfq_54,34.46108072885384,82.26292399228053
epigenomics_390_fast2bfq_55,43.66690733416548,81.03964074085857
epigenomics_390_fast2bfq_56,38.487927194739044,74.83917410639256
epigenomics_390_fast2bfq_57,51.91854982074998,85.83826865189826
epigenomics_390_fast2bfq_58,32.88966485946353,73.66370992900977
epigenomics_390_fast2bfq_59,55.817663607856346,82.39630469795651
epigenomics_390_fast2bfq_60,62.9600051597898,89.13575293054761
epigenomics_390_fast2bfq_61,46.17331522717332,80.68324869454916
epigenomics_390_fast2bfq_62,41.91430696960727,85.11701684585431
epigenomics_390_fast2bfq_63,46.301443445117336,62.452645480349595
epigenomics_390_fast2bfq_64,34.62646181683101,86.74266670149444
epigenomics_390_fast2bfq_65,43.466727873103025,79.36119362361349
epigenomics_390_fast2bfq_66,47.20227418237282,79.8996042472274
epigenomics_390_fast2bfq_67,45.27086785401487,82.06301168535198
epigenomics_390_fast2bfq_68,46.3114340025235,81.89530988275425
epigenomics_390_fast2bfq_69,42.350078241751135,92.66243059381557
epigenomics_390_fast2bfq_70,36.14340387032556,92.17011524921585
epigenomics_390_fast2bfq_71,45.54550252437058,73.4858872074151
epigenomics_390_fast2bfq_72,60.298995201422564,87.23476971405186
epigenomics_390_fast2bfq_73,45.872040010050746,69.33726862951889
epigenomics_390_fast2bfq_74,34.50975201789821,79.151740707841
epigenomics_390_fast2bfq_75,35.76303712277369,81.474237512523
epigenomics_390_fast2bfq_76,39.01427862942993,75.9345369063086
epigenomics_390_fast2bfq_77,47.40018388440988,83.87174741047072
epigenomics_390_fast2bfq_78,62.41492613745585,88.99016245698132
epigenomics_390_fast2bfq_79,49.90208237697335,81.78539547792258
epigenomics_390_fast2bfq_80,54.126203946029975,76.4717303334442
epigenomics_390_fast2bfq_81,47.00039614495827,74.50191857069787
epigenomics_390_fast2bfq_82,45.73047003252561,85.20485333270203
epigenomics_390_fast2bfq_83,44.45500754151354,78.16406828446384
epigenomics_390_fast2bfq_84,39.01967983498172,87.32060451721422
epigenomics_390_fast2bfq_85,59.17940938655019,87.40590823937409
epigenomics_390_fast2bfq_86,35.74579987467837,86.4847713051029
epigenomics_390_fast2bfq_87,61.09949185095885,76.14371664964033
epigenomics_390_fast2bfq_88,40.67635555994002,74.02497399257129
epigenomics_390_fast2bfq_89,44.82497708343294,58.38339120403562
epigenomics_390_fast2bfq_90,57.80878999391086,86.16669596643952
epigenomics_390_fast2bfq_91,49.93178205791742,81.19797678300019
epigenomics_390_fast2bfq_92,45.21964281826313,65.40535122243271
epigenomics_390_fast2bfq_93,63.45499152471934,81.67169053229364
epigenomics_390_fast2bfq_94,52.020465450801716,64.68165571630992
epigenomics_390_fast2bfq_95,29.1110379798413,84.00531434181735
epigenomics_390_fast2bfq_96,30.640161647084184,91.09411583378564
epigenomics_390_fast2bfq_97,49.88885723464253,78.53066999130931
epigenomics_390_fast2bfq_98,38.474201194284,80.39487105212899
epigenomics_390_fast2bfq_99,46.73953897294224,75.97852599768129
epigenomics_390_fast2bfq_100,59.36937144123215,94.26515097302249
epigenomics_390_fast2bfq_101,57.635150274740454,79.91965401978713
epigenomics_390_fast2bfq_102,43.6510503759796,89.1750624319554
epigenomics_390_fast2bfq_103,50.02485758175606,84.86180782003238
epigenomics_390_fast2bfq_104,53.994181959757974,72.97079529382799
epigenomics_390_fast2bfq_105,52.00264591553503,77.69660036039278
epigenomics_390_fast2bfq_106,45.57949468527556,76.92193703505804
epigenomics_390_fast2bfq_107,49.953021560968644,79.58638112664919
epigenomics_390_fast2bfq_108,38.443092803981045,76.5499102879324
epigenomics_390_fast2bfq_109,39.50643264037046,75.58357836472516
epigenomics_390_fast2bfq_110,47.956183042989565,87.74555439121174
epigenomics_390_fast2bfq_111,43.6283222791462,81.4898042011437
epigenomics_390_fast2bfq_112,35.20439974788701,81.33650522592067
epigenomics_390_fast2bfq_113,30.75761581068075,79.42545729208102
epigenomics_390_fast2bfq_114,37.303137518612886,87.64856934439979
epigenomics_390_fast2bfq_115,37.53979487592625,74.18314827675204
epigenomics_390_fast2bfq_116,43.26284357983381,75.54098630703955
epigenomics_390_fast2bfq_117,42.86681700154138,77.46629131165943
epigenomics_390_fast2bfq_118,47.37276020035816,81.9708036608784
epigenomics_390_fast2bfq_119,39.966699308334405,82.26154415570386
epigenomics_390_fast2bfq_120,40.90312288214328,83.96124466865702
epigenomics_390_fast2bfq_121,44.73823535095664,84.64913007305618
epigenomics_390_fast2bfq_122,48.075501466500356,67.6647222792898
epigenomics_390_fast2bfq_123,43.29358204661417,70.21908308410171
epigenomics_390_fast2bfq_124,42.22479982805554,86.1965103672885
epigenomics_390_fast2bfq_125,53.62020315207049,87.13845890233216
epigenomics_390_fast2bfq_126,41.5743415884785,75.10463674148556
epigenomics_390_fast2bfq_127,47.14760116629722,77.84403278733788
epigenomics_390_fast2bfq_128,39.52364662614169,85.3507056088839
epigenomics_390_fast2bfq_129,56.32226983048909,69.46339257964024
epigenomics_390_fast2bfq_130,45.87791222213186,79.13431646852881
epigenomics_390_fast2bfq_131,43.43567817230523,79.04675544206772
epigenomics_390_fast2bfq_132,38.84538260627904,84.45287950316906
epigenomics_390_fast2bfq_133,48.006279111271944,84.99180966267069
epigenomics_390_fast2bfq_134,47.61086248215143,77.24839659487897
epigenomics_390_fast2bfq_135,35.294902049496784,87.74294455603115
epigenomics_390_fast2bfq_136,33.70729637439021,85.26923501355357
epigenomics_390_fast2bfq_137,33.006696558093324,90.38775148040989
epigenomics_390_fast2bfq_138,38.01252801759395,87.4202117389925
epigenomics_390_fast2bfq_139,46.38803377582032,79.07752959249457
epigenomics_390_fast2bfq_140,52.88527491562114,87.35530419143477
epigenomics_390_fast2bfq_141,41.67883882296243,75.85974811667167
epigenomics_390_fast2bfq_142,46.72140363642332,73.94520821479686
epigenomics_390_fast2bfq_143,39.13392747182873,77.06659952360461
epigenomics_390_fast2bfq_144,45.95101495473291,69.40516856925282
epigenomics_390_fast2bfq_145,37.35063648525194,83.47386355783495
epigenomics_390_fast2bfq_146,43.83594421544265,89.06433343856602
epigenomics_390_fast2bfq_147,24.66133097065554,77.48639532804197
epigenomics_390_fast2bfq_148,42.9547470674227,74.23096067114108
epigenomics_390_fast2bfq_149,50.470765465344556,84.6075585512262
epigenomics_390_fast2bfq_150,60.72916720096106,82.24232094467847
epigenomics_390_fast2bfq_151,52.19620472135035,82.3723008273777
epigenomics_390_fast2bfq_152,46.40468031881889,80.86215227039872
epigenomics_390_fast2bfq_153,41.91562151819086,63.023379311575525
epigenomics_390_fast2bfq_154,44.65115818213347,78.28357495679833
epigenomics_390_fast2bfq_155,39.43118988916119,73.39093075225331
epigenomics_390_fast2bfq_156,44.8897755904481,74.37903407283713
epigenomics_390_fast2bfq_157,43.42604667796206,73.16201863272747
epigenomics_390_fast2bfq_158,47.15569774961705,85.54083446496973
epigenomics_390_fast2bfq_159,33.793507991260405,82.0301473833602
epigenomics_390_fast2bfq_160,44.93716748685311,83.92509350133729
epigenomics_390_fast2bfq_161,58.29301504391414,90.53584880271687
epigenomics_390_fast2bfq_162,51.15121811036557,74.17042292132813
epigenomics_390_fast2bfq_163,46.337836389799804,86.31711057550048
epigenomics_390_fast2bfq_164,45.66335797144569,89.49689264949907
epigenomics_390_fast2bfq_165,61.45141305612642,65.13062791435777
epigenomics_390_fast2bfq_166,45.56411029350402,81.67128232929723
epigenomics_390_fast2bfq_167,49.39850159053673,79.44225924463028
epigenomics_390_fast2bfq_168,48.007373194437264,93.77707086090791
epigenomics_390_fast2bfq_169,46.754041283166735,88.50377559233611
epigenomics_390_fast2bfq_170,47.88192136652748,80.88847783155346
epigenomics_390_fast2bfq_171,38.86298746334229,71.66245437035184
epigenomics_390_fast2bfq_172,55.36003411129967,84.38405230238546
epigenomics_390_fast2bfq_173,46.63894847821807,90.77935172729538
epigenomics_390_fast2bfq_174,55.49501480374861,86.21932603619322
epigenomics_390_fast2bfq_175,56.7268057237549,64.50681712073678
epigenomics_390_fast2bfq_176,41.44709659606704,80.22864398751351
epigenomics_390_fast2bfq_177,41.18606585720106,82.00807718933143
epigenomics_390_fast2bfq_178,37.75665660965727,79.66592746860036
epigenomics_390_fast2bfq_179,59.7937654866498,79.77820957147664
epigenomics_390_fast2bfq_180,44.30670763471951,73.35549610751846
epigenomics_390_fast2bfq_181,47.07220347432965,75.78883878528171
epigenomics_390_fast2bfq_182,22.07236811784766,84.10980566429818
epigenomics_390_fast2bfq_183,41.49236140823207,84.73790287582986
epigenomics_390_fast2bfq_184,43.16434158093202,75.33199192947905
epigenomics_390_fast2bfq_185,42.273953793376634,77.02666066298305
epigenomics_390_fast2bfq_186,48.193527048226905,79.89826754541735
epigenomics_390_fast2bfq_187,31.691650383019606,86.0737295406005
epigenomics_390_fast2bfq_188,40.660748130999515,80.70932072729896
epigenomics_390_fast2bfq_189,46.99098038832714,85.23910746150278
epigenomics_390_fast2bfq_190,44.78134658722033,79.93199366433171
epigenomics_390_fast2bfq_191,33.362854959211944,71.48908145416513
epigenomics_390_fast2bfq_192,50.29777789940388,79.58946156531252
epigenomics_390_fast2bfq_193,52.91476023785287,86.06670387820786
epigenomics_390_fast2bfq_194,61.32330309842452,81.4598479240916
epigenomics_390_fast2bfq_195,54.12335966752787,85.28115742792814
epigenomics_390_fast2bfq_196,45.00972338301403,84.4419798086986
epigenomics_390_fast2bfq_197,42.87500867103335,76.18324460999348
epigenomics_390_fast2bfq_198,45.138053366077116,72.35454443437446
epigenomics_390_fast2bfq_199,47.17168734046047,83.3522236593869
epigenomics_390_fast2bfq_200,47.582677645474185,87.35148217855944
epigenomics_390_fast2bfq_201,46.92187434665707,89.89453597893123
epigenomics_390_fast2bfq_202,39.25080193112889,76.48868305232722
epigenomics_390_fast2bfq_203,41.91538171726068,82.2547556689572
epigenomics_390_fast2bfq_204,46.68031693039762,77.93420063283145
epigenomics_390_fast2bfq_205,53.19457217103933,77.5227258828306
epigenomics_390_fast2bfq_206,51.73186434048676,90.22454539995604
epigenomics_390_fast2bfq_207,43.84422777143968,66.10203254363954
epigenomics_390_fast2bfq_208,38.96622596703324,86.32505622822441
epigenomics_390_fast2bfq_209,39.714548438898134,82.92217525558618
epigenomics_390_fast2bfq_210,33.1201214769836,80.1600725096535
epigenomics_390_fast2bfq_211,46.08039833167533,84.97913761820809
epigenomics_390_fast2bfq_212,42.36322994810857,78.71636402098802
epigenomics_390_fast2bfq_213,50.90425135939371,71.50429336684321
epigenomics_390_fast2bfq_214,45.868048846617015,79.11571540825014
epigenomics_390_fast2bfq_215,46.88876060973602,71.61965721610551
epigenomics_390_fast2bfq_216,41.85063985104266,78.71528040508265
epigenomics_390_fast2bfq_217,33.82892142503765,76.97911555035108
epigenomics_390_fast2bfq_218,45.9600352825139,82.61936143045963
epigenomics_390_fast2bfq_219,45.531463740460424,66.11221022500024
epigenomics_390_fast2bfq_220,32.55649844862661,80.52780759253213
epigenomics_390_fast2bfq_221,36.13894022484597,84.6297434126658
epigenomics_390_fast2bfq_222,42.514550556722725,82.59869441462972
epigenomics_390_fast2bfq_223,33.84402296858152,75.20829399222175
epigenomics_390_fast2bfq_224,38.25685812109951,69.85213403217533
epigenomics_390_fast2bfq_225,38.629573281182374,74.10609459161937
epigenomics_390_fast2bfq_226,51.132468315716736,81.26609661874261
epigenomics_390_fast2bfq_227,47.35563205587708,81.59922795782377
epigenomics_390_fast2bfq_228,47.06504300624379,82.54550394806323
epigenomics_390_fast2bfq_229,34.77504283210874,68.2630302665745
epigenomics_390_fast2bfq_230,39.83938611081626,77.41853740664452
epigenomics_390_fast2bfq_231,32.49368063380192,69.00197901383673
epigenomics_390_fast2bfq_232,49.53563421977456,78.30241347352656
epigenomics_390_fast2bfq_233,46.95450847516214,73.58321657879085
epigenomics_390_fast2bfq_234,54.986471886889206,73.39016862796977
epigenomics_390_fast2bfq_235,54.362102058044584,95.52554740119216
epigenomics_390_fast2bfq_236,40.067808067816756,80.78410397311089
epigenomics_390_fast2bfq_237,43.68650148961655,69.40105582694653
epigenomics_390_fast2bfq_238,38.48621048243254,77.26973478689466
epigenomics_390_fast2bfq_239,47.25836547291337,75.50211387915897
epigenomics_390_fast2bfq_240,33.50309770242142,71.16551003208131
epigenomics_390_fast2bfq_241,37.155140946154134,81.3614376200952
epigenomics_390_fast2bfq_242,38.52941365144435,76.13518912202142
epigenomics_390_fast2bfq_243,43.27284907128323,84.55948282950426
epigenomics_390_fast2bfq_244,49.354105080234184,76.02267572780146
epigenomics_390_fast2bfq_245,39.8327628902638,84.07077061793584
epigenomics_390_fast2bfq_246,41.88877743333775,84.98331073444015
epigenomics_390_fast2bfq_247,42.119652561894085,89.62421238527247
epigenomics_390_fast2bfq_248,30.78335471480049,74.87882334405768
epigenomics_390_fast2bfq_249,46.997709265437145,88.12609768980292
epigenomics_390_fast2bfq_250,51.80535957015712,76.90735555802416
epigenomics_390_fast2bfq_251,41.01751663717874,80.39140857533855
epigenomics_390_fast2bfq_252,49.48574976820835,76.00069431582257
epigenomics_390_fast2bfq_253,46.021523404249855,85.33152974773219
epigenomics_390_fast2bfq_254,44.365114243268465,92.39263957825709
epigenomics_390_fast2bfq_255,45.494948444485175,78.96165380862013
epigenomics_390_fast2bfq_256,55.951887974453776,77.94873253703285
epigenomics_390_fast2bfq_257,46.246685838216315,81.72911276237456
epigenomics_390_fast2bfq_258,36.617469644528356,79.0887465955795
epigenomics_390_fast2bfq_259,52.183238433199065,83.0116520292482
epigenomics_390_fast2bfq_260,55.37941617132305,77.855786441023
epigenomics_390_fast2bfq_261,48.75925335527006,87.98692769646472
epigenomics_390_fast2bfq_262,47.85304162999246,76.99478179438299
epigenomics_390_fast2bfq_263,45.72703594116156,78.02336606427289
epigenomics_390_fast2bfq_264,24.190083171944377,68.12058636734776
epigenomics_390_fast2bfq_265,54.07820376359264,82.75240870985934
epigenomics_390_fast2bfq_266,35.70211807908305,73.04121870209082
epigenomics_390_fast2bfq_267,47.26566902204436,77.45689853009375
epigenomics_390_fast2bfq_268,49.335722925068715,84.686997231824
epigenomics_390_fast2bfq_269,44.75232597216907,85.92060171498906
epigenomics_390_fast2bfq_270,44.75239478972202,89.83975808305301
epigenomics_390_fast2bfq_271,47.50019156795369,75.14040399824549
epigenomics_390_fast2bfq_272,42.48245706632435,76.32673610207767
epigenomics_390_fast2bfq_273,54.92359755905804,74.58757484396997
epigenomics_390_fast2bfq_274,53.73179845518386,76.73350665144119
epigenomics_390_fast2bfq_275,45.05138929295403,72.9425100328983
epigenomics_390_fast2bfq_276,52.09207339952675,81.69898824943118
epigenomics_390_fast2bfq_277,51.95587794909868,72.19762611037481
epigenomics_390_fast2bfq_278,53.278119597883354,69.34236283193148
epigenomics_390_fast2bfq_279,58.19647197500736,65.7748443606298
epigenomics_390_fast2bfq_280,43.664128520722684,74.49739914682065
epigenomics_390_fast2bfq_281,40.43594784272476,66.8553111777376
epigenomics_390_fast2bfq_282,47.68066929014631,75.36050578703251
epigenomics_390_fast2bfq_283,45.583150265862315,79.95863847791662
epigenomics_390_fast2bfq_284,43.534409875728535,84.73800505963864
epigenomics_390_fast2bfq_285,51.11071930062007,88.2703232620487
epigenomics_390_fast2bfq_286,40.59259052269888,85.76213619798224
epigenomics_390_fast2bfq_287,57.10295901548135,81.96918255469747
epigenomics_390_fast2bfq_288,53.79879339986626,75.60194116077811
epigenomics_390_fast2bfq_289,44.51692955786649,66.76552051198742
epigenomics_390_fast2bfq_290,43.23375457832688,67.8267892511307
epigenomics_390_fast2bfq_291,43.50551819233968,76.15907232677034
epigenomics_390_fast2bfq_292,47.540365245306006,86.97065984575876
epigenomics_390_fast2bfq_293,52.565108240770314,88.91239105892397
epigenomics_390_fast2bfq_294,41.16861916393664,82.6687534041071
epigenomics_390_fast2bfq_295,37.23790808872686,77.88815713081416
epigenomics_390_fast2bfq_296,40.57769462150252,78.48224759656229
epigenomics_390_fast2bfq_297,57.22293323676488,77.73814034292363
epigenomics_390_fast2bfq_298,54.39965375033756,78.04138855557066
epigenomics_390_fast2bfq_299,31.94200966457948,80.92872578637547
epigenomics_390_fast2bfq_300,40.198016070002545,71.58597146653203
epigenomics_390_fast2bfq_301,43.86350372616869,71.78014800118785
epigenomics_390_fast2bfq_302,41.73388722764585,72.95866446391017
epigenomics_390_fast2bfq_303,30.390728371464437,79.7377504066954
epigenomics_390_fast2bfq_304,41.52465898616562,84.73724345282788
epigenomics_390_fast2bfq_305,35.99148041621605,76.21922099402617
epigenomics_390_fast2bfq_306,48.86746166475368,87.33310753213016
epigenomics_390_fast2bfq_307,38.56335108856845,81.39274997131362
epigenomics_390_fast2bfq_308,42.24926535944184,89.67254062726765
epigenomics_390_fast2bfq_309,55.46724860331241,71.4831691995447
epigenomics_390_fast2bfq_310,49.57241024926202,88.14084486745043
epigenomics_390_fast2bfq_311,48.39164295744244,71.4378527413939
epigenomics_390_fast2bfq_312,50.25328419861175,80.87361247559177
epigenomics_390_fast2bfq_313,50.606749356889814,81.49774033435999
epigenomics_390_fast2bfq_314,48.29656890211111,83.01027776255769
epigenomics_390_fast2bfq_315,48.67840957786036,87.13529071153887
epigenomics_390_fast2bfq_316,52.743751494459964,90.3157535523722
epigenomics_390_fast2bfq_317,46.32640969914256,86.87630323385079
epigenomics_390_fast2bfq_318,44.37137603222118,77.12844764478074
epigenomics_390_fast2bfq_319,44.80001810501522,82.90214381639788
epigenomics_390_fast2bfq_320,49.93540032801487,84.6865011990677
epigenomics_390_fast2bfq_321,43.97207060627594,67.98024941674643
epigenomics_390_fast2bfq_322,38.57744181760426,85.0142365323513
epigenomics_390_fast2bfq_323,47.30537488888999,78.01476491443191
epigenomics_390_fast2bfq_324,55.68099936578746,78.05263380399091
epigenomics_390_fast2bfq_325,52.389453601004575,73.64691834151463
epigenomics_390_fast2bfq_326,44.90437439569663,80.27405778374184
epigenomics_390_fast2bfq_327,39.7305913215676,73.88891204602184
epigenomics_390_fast2bfq_328,39.2930077324035,73.23893389985027
epigenomics_390_fast2bfq_329,42.0935260220589,78.07349051718239
epigenomics_390_fast2bfq_330,56.138403752593966,82.97808527760992
epigenomics_390_fast2bfq_331,50.91608514530001,72.20747989499215
epigenomics_390_fast2bfq_332,34.9319501155242,86.24398302786302
epigenomics_390_fast2bfq_333,37.84378997312575,82.02269129083184
epigenomics_390_fast2bfq_334,50.042422016467484,64.25104502636717
epigenomics_390_fast2bfq_335,45.588689206018174,80.04317840371708
epigenomics_390_fast2bfq_336,49.65645080199944,93.1362669873986
epigenomics_390_fast2bfq_337,51.974808358112064,79.98854390006254
epigenomics_390_fast2bfq_338,50.7298146383692,77.81439915645878
epigenomics_390_fast2bfq_339,45.4234146496786,84.29543961725992
epigenomics_390_fast2bfq_340,39.15756038544301,65.16521670182848
epigenomics_390_fast2bfq_341,37.84500065733005,85.77513149798673
epigenomics_390_fast2bfq_342,51.66297818331545,88.50656158817256
epigenomics_390_fast2bfq_343,50.82144182187154,84.49537092770208
epigenomics_390_fast2bfq_344,33.64235918010458,70.37716104393773
epigenomics_390_fast2bfq_345,36.32505385937006,78.42554205805858
epigenomics_390_fast2bfq_346,42.93025069484436,87.69550168277338
epigenomics_390_fast2bfq_347,45.15557238861168,82.46017127052639
epigenomics_390_fast2bfq_348,45.76637777135726,74.97983705839168
epigenomics_390_fast2bfq_349,51.92895259558744,84.87036578975862
epigenomics_390_fast2bfq_350,48.030858454129714,77.13233678237373
epigenomics_390_fast2bfq_351,35.32333960926142,82.88191200487408
epigenomics_390_fast2bfq_352,33.032381936686335,76.19929205645259
epigenomics_390_fast2bfq_353,48.8672464907547,84.83758226554481
epigenomics_390_fast2bfq_354,38.70507751398729,84.22489787187233
epigenomics_390_fast2bfq_355,45.50082647398702,83.84635214848922
epigenomics_390_fast2bfq_356,46.73023046514556,68.53807113866993
epigenomics_390_fast2bfq_357,45.34001048414704,87.6461837649724
epigenomics_390_fast2bfq_358,53.49192394008848,75.33929700966958
epigenomics_390_fast2bfq_359,27.99557643230303,93.43297773158349
epigenomics_390_fast2bfq_360,54.540084918143464,87.29512294983002
epigenomics_390_fast2bfq_361,40.68530514314776,70.56549571905029
epigenomics_390_fast2bfq_362,46.194097092263576,71.08293006366418
epigenomics_390_fast2bfq_363,54.53123358078295,81.18688352207681
epigenomics_390_fast2bfq_364,46.58648200290256,83.1432790277369
epigenomics_390_fast2bfq_365,43.17306248692708,84.997043865478
epigenomics_390_fast2bfq_366,38.828390933996744,90.44559556387497
epigenomics_390_fast2bfq_367,49.833127025276724,82.74873627251776
epigenomics_390_fast2bfq_368,43.30386983532419,75.53906115266776
epigenomics_390_fast2bfq_369,56.70903504265765,78.04585676799793
epigenomics_390_fast2bfq_370,40.84864965111498,77.1585271644428
epigenomics_390_fast2bfq_371,45.48659186105177,85.93869074871515
epigenomics_390_fast2bfq_372,53.38497098220624,88.30142163742805
epigenomics_390_fast2bfq_373,33.42574534086846,80.59113058352821
epigenomics_390_fast2bfq_374,43.522230112404095,80.15678564851682
epigenomics_390_fast2bfq_375,45.918582883765495,73.1126614127783
epigenomics_390_fast2bfq_376,48.148926647177724,86.28296891360172
epigenomics_390_fast2bfq_377,44.44545813024535,86.24922144375556
epigenomics_390_fast2bfq_378,43.20366258565427,77.35126928247733
epigenomics_390_fast2bfq_379,44.96905907588858,77.13649651062202
epigenomics_390_fast2bfq_380,42.68596593663366,87.11113195095177
epigenomics_390_fast2bfq_381,34.06347159531889,87.49198933892595
epigenomics_390_fast2bfq_382,43.4299777262486,81.17777405056009
epigenomics_390_fast2bfq_383,38.56471846822286,82.18293514558563
epigenomics_390_fast2bfq_384,39.46335947849976,77.92268701817164
epigenomics_390_fast2bfq_385,63.04672855294936,81.79030390782884
epigenomics_390_fast2bfq_386,50.87995432558792,74.65578236241896
epigenomics_390_fast2bfq_387,53.206061137200486,79.48025783262645
epigenomics_390_fast2bfq_388,32.04091316043264,81.49357554378969
epigenomics_390_fast2bfq_389,41.031967915028595,78.83981310100025
epigenomics_390_fast2bfq_390,44.28600581423422,76.92026432696169
epigenomics_390_fast2bfq_391,39.313716800206564,70.4330937823233
epigenomics_390_fast2bfq_392,51.333707958480794,88.32344129980785
epigenomics_390_fast2bfq_393,58.43096783381823,76.83775199948988
epigenomics_390_fast2bfq_394,63.55591542421628,86.11495810224356
epigenomics_390_fast2bfq_395,43.003706008177645,86.94486697496289
epigenomics_390_fast2bfq_396,46.15083214408163,75.90310667690807
epigenomics_390_fast2bfq_397,39.38599780408238,77.16551136022822
epigenomics_390_fast2bfq_398,36.175807260533325,70.02181997061899
epigenomics_390_fast2bfq_399,42.92634381054056,72.99115476195509
epigenomics_390_fast2bfq_400,43.067146914657606,70.67877602482574
epigenomics_390_fast2bfq_401,42.84754445493428,79.7194050400306
epigenomics_390_fast2bfq_402,43.20293907521659,92.65704176548891
epigenomics_390_fast2bfq_403,50.022210696256316,73.52315499984806
epigenomics_390_fast2bfq_404,48.369438835728765,85.45444140701991
epigenomics_390_fast2bfq_405,40.46170702503411,88.77762760193211
epigenomics_390_fast2bfq_406,46.35152937035972,73.97771748132632
epigenomics_390_fast2bfq_407,46.481945111422206,75.53976114544635
epigenomics_390_fast2bfq_408,44.91241259129811,88.93472911198073
epigenomics_390_fast2bfq_409,56.32273304473776,74.51259577649321
epigenomics_390_fast2bfq_410,50.54068720509922,74.32265844142249
epigenomics_390_fast2bfq_411,35.03049270714372,78.27048487707093
epigenomics_390_fast2bfq_412,36.48489561173173,81.3142731494136
epigenomics_390_fast2bfq_413,38.70458920790481,97.61147825107929
epigenomics_390_fast2bfq_414,39.9763601834172,69.9205805300939
epigenomics_390_fast2bfq_415,40.91244196538299,71.58454627951251
epigenomics_390_fast2bfq_416,52.08176360997137,71.26105667585887
epigenomics_390_fast2bfq_417,38.96123712524991,73.6022419677505
epigenomics_390_fast2bfq_418,35.93129034271832,76.22062836867494
epigenomics_390_fast2bfq_419,42.26609876622259,73.64470005521102
epigenomics_390_fast2bfq_420,52.33740207325617,83.63659296978719
epigenomics_390_fast2bfq_421,54.771348734674476,83.04690284070172
epigenomics_390_fast2bfq_422,57.22643181883285,80.73061109659163
epigenomics_390_fast2bfq_423,61.31087893418707,74.22523635225704
epigenomics_390_fast2bfq_424,52.444550900961254,73.44690696793857
epigenomics_390_fast2bfq_425,46.84710582288362,76.90192050635177
epigenomics_390_fast2bfq_426,48.8552722336725,92.66661874171533
epigenomics_390_fast2bfq_427,37.24766487207814,78.81308417859539
epigenomics_390_fast2bfq_428,39.985702638035335,90.6753034094329
epigenomics_390_fast2bfq_429,41.18079474345373,80.93173149859157
epigenomics_390_fast2bfq_430,37.75250357660051,82.88207411303563
epigenomics_390_fast2bfq_431,39.39842171265127,84.46448258076808
epigenomics_390_fast2bfq_432,44.63996316052789,85.70011162364324
epigenomics_390_fast2bfq_433,45.6393212719609,79.99370643033225
epigenomics_390_fast2bfq_434,47.499830414384746,79.50347895113744
epigenomics_390_fast2bfq_435,42.93372684542187,76.50085048471522
epigenomics_390_fast2bfq_436,48.47416164123946,75.06471805019967
epigenomics_390_fast2bfq_437,42.94730088174162,63.46197194321732
epigenomics_390_fast2bfq_438,38.57922221595343,78.71344868790362
epigenomics_390_fast2bfq_439,54.16039808631019,79.07558544894624
epigenomics_390_fast2bfq_440,49.53647930758407,76.00994555957963
epigenomics_390_fast2bfq_441,36.30510247717275,79.3307686660348
epigenomics_390_fast2bfq_442,37.706230766384465,78.62331198333091
epigenomics_390_fast2bfq_443,53.53246917210973,86.29264814907117
epigenomics_390_fast2bfq_444,48.91457903612801,72.95757872885432
epigenomics_390_fast2bfq_445,35.00669144041139,82.52117304878408
epigenomics_390_fast2bfq_446,38.026502432096905,75.14299355887547
epigenomics_390_fast2bfq_447,52.450876372725915,79.45791844552524
epigenomics_390_fast2bfq_448,67.88417556848194,81.52316163369858
epigenomics_390_fast2bfq_449,42.4013711060575,78.07631559242789
epigenomics_390_fast2bfq_450,46.57031433737544,79.80888527390549
epigenomics_390_fast2bfq_451,41.519931286347926,77.89739415490945
epigenomics_390_fast2bfq_452,50.22912540318192,72.24259436139906
epigenomics_390_fast2bfq_453,55.84611429703527,89.40020618340588
epigenomics_390_fast2bfq_454,41.94828556714066,80.07366555339458
epigenomics_390_fast2bfq_455,40.53440097907124,78.99566236823276
epigenomics_390_fast2bfq_456,40.344896499661424,78.85143741811332
epigenomics_390_fast2bfq_457,44.2235633686489,90.45440499283373
epigenomics_390_fast2bfq_458,38.352810281525635,83.33036595352326
epigenomics_390_fast2bfq_459,44.86722243669214,91.31016224990574
epigenomics_390_fast2bfq_460,49.86505406942862,82.66768196511411
epigenomics_390_fast2bfq_461,36.44689409500906,80.64983711501924
epigenomics_390_fast2bfq_462,51.83519728114473,77.64580942880539
epigenomics_390_fast2bfq_463,54.12357736808591,79.95951468492336
epigenomics_390_fast2bfq_464,43.98026931411184,77.53020151001415
epigenomics_390_fast2bfq_465,38.520433142822895,80.8854470367053
epigenomics_390_fast2bfq_466,28.983180615131282,77.32920181650728
epigenomics_390_fast2bfq_467,39.556041539891105,81.49986864863543
epigenomics_390_fast2bfq_468,50.97547716719208,85.10358332671464
epigenomics_390_fast2bfq_469,42.35657340507319,77.94601570355093
epigenomics_390_fast2bfq_470,38.377526018337925,93.47394453386637
epigenomics_390_fast2bfq_471,48.19947047385721,80.34882386919634
epigenomics_390_fast2bfq_472,41.75285437630802,79.39374868096424
epigenomics_390_fast2bfq_473,48.841381596840336,69.71839944764741
epigenomics_390_fast2bfq_474,45.3698963620926,78.09091909002683
epigenomics_390_fast2bfq_475,39.485795334999764,80.19155184816934
epigenomics_390_fast2bfq_476,45.22349160686949,78.67031112884598
epigenomics_390_fast2bfq_477,51.28004298588755,87.45925010891993
epigenomics_390_fast2bfq_478,42.826740583828524,79.92046959500364
epigenomics_390_fast2bfq_479,48.0107455648636,86.06542120713085
epigenomics_390_fast2bfq_480,51.17300172703315,75.20821408499195
epigenomics_390_fast2bfq_481,32.20467912975096,78.89585154481068
epigenomics_390_fast2bfq_482,36.97649082111508,82.69697331953961
epigenomics_390_fast2bfq_483,43.78503063694469,78.71619724027171
epigenomics_390_fast2bfq_484,50.806748015376265,90.00721659900202
epigenomics_390_fast2bfq_485,43.88283724632252,87.56620986270002
epigenomics_390_fast2bfq_486,44.03848794009139,84.8516080449292
epigenomics_390_fast2bfq_487,45.95229804605761,73.00075356151733
epigenomics_390_fast2bfq_488,45.54977873844615,71.59057386565281
epigenomics_390_fast2bfq_489,47.8983054465351,75.61187307462505
epigenomics_390_fast2bfq_490,51.43705374336649,68.66077709918517
epigenomics_390_fast2bfq_491,42.58687201320168,72.7600681471477
epigenomics_390_fast2bfq_492,49.79864976357423,62.64939364738753
epigenomics_390_fast2bfq_493,49.54965766877518,76.77404025549626
epigenomics_390_fast2bfq_494,52.490870461401464,80.53488091436199
epigenomics_390_fast2bfq_495,51.07444965848917,79.81401310246916
epigenomics_390_fast2bfq_496,51.91772275066876,92.23298913707534
epigenomics_390_fast2bfq_497,48.87091801906488,87.21792253725924
epigenomics_390_fast2bfq_498,52.409694724192484,71.10767312909435
epigenomics_390_fast2bfq_499,35.07470981704985,77.23900322617529
epigenomics_390_map_0,9885.876288122605,180.27109545971032
epigenomics_390_map_1,10260.702091112815,177.56449283305977
epigenomics_390_map_2,9586.520974964087,182.93261710859127
epigenomics_390_map_3,9427.556507650486,180.82175000936047
epigenomics_390_map_4,8678.928502739387,183.12481006107674
epigenomics_390_map_5,10213.435186383478,188.96592412159097
epigenomics_390_map_6,9552.306630437988,193.9017941449793
epigenomics_390_map_7,9872.918201537437,182.86574458622636
epigenomics_390_map_8,10396.005529431233,184.71247309071515
epigenomics_390_map_9,9472.22777737342,196.4825570452065
epigenomics_390_map_10,8925.94940097766,188.25236507747778
epigenomics_390_map_11,10346.445770181886,188.52366332331027
epigenomics_390_map_12,10512.444772358298,181.796899184514
epigenomics_390_map_13,9955.944777688468,183.60192465252902
epigenomics_390_map_14,10663.13417908526,190.64477360957702
epigenomics_390_map_15,8490.575111931104,186.13563124013874
epigenomics_390_map_16,9494.47199142634,181.5851648249721
epigenomics_390_map_17,10382.48184871972,182.53152965337898
epigenomics_390_map_18,10023.38937560778,190.14446826267704
epigenomics_390_map_19,10596.432354186833,180.75535001700237
epigenomics_390_map_20,9682.680555630279,182.6183217431124
epigenomics_390_map_21,9568.014339708527,171.2402367074928
epigenomics_390_map_22,10337.331138695876,183.8279864146205
epigenomics_390_map_23,10113.651408443513,180.46655379607088
epigenomics_390_map_24,9682.225290121549,182.10846238050038
epigenomics_390_map_25,10157.934691887436,187.37928938284458
epigenomics_390_map_26,10083.021109375759,184.8571564818668
epigenomics_390_map_27,9871.305025071972,184.36139864094514
epigenomics_390_map_28,9904.86779305285,182.39266771018399
epigenomics_390_map_29,10246.320284009642,194.5685679695461
epigenomics_390_map_30,9938.837433519186,181.36700752866514
epigenomics_390_map_31,10402.589474065064,186.87940978677392
epigenomics_390_map_32,8527.493310101203,186.52230385188406
epigenomics_390_map_33,9784.761971512358,178.6078468427965
epigenomics_390_map_34,9808.97166476291,183.74908703262287
epigenomics_390_map_35,9517.66081985669,180.53652861083515
epigenomics_390_map_36,9865.109396676,173.23343093519472
epigenomics_390_map_37,8801.001625983468,175.5675096757168
epigenomics_390_map_38,9326.720677985515,189.81155584345302
epigenomics_390_map_39,10856.547032504108,191.61212590943987
epigenomics_390_map_40,9621.981505153026,182.53585410975268
epigenomics_390_map_41,10348.428551836898,189.4441527444298
epigenomics_390_map_42,10210.736688045989,173.82289169455402
epigenomics_390_map_43,9147.406402228211,183.55288071789266
epigenomics_390_map_44,10060.763288808577,184.9649545044095
epigenomics_390_map_45,9556.631652693124,183.1882445130174
epigenomics_390_map_46,11209.501803397052,186.84713301926465
epigenomics_390_map_47,9977.659527693435,184.91907212982906
epigenomics_390_map_48,9886.403772904976,184.5366465476312
epigenomics_390_map_49,10152.316954269361,186.3059301675373
epigenomics_390_map_50,10919.813959167013,183.1039032423542
epigenomics_390_map_51,10007.331891583613,180.63524090926944
epigenomics_390_map_52,10568.859871180946,173.5504430244403
epigenomics_390_map_53,9594.75240111058,188.409777255587
epigenomics_390_map_54,10577.012006802137,194.84695206585099
epigenomics_390_map_55,10696.837399361106,180.5902734017176
epigenomics_390_map_56,10338.468080586148,188.1513340328586
epigenomics_390_map_57,9652.93820695238,197.30033987273927
epigenomics_390_map_58,10162.572781065915,187.42755989249576
epigenomics_390_map_59,9582.404885890048,185.0331329058578
epigenomics_390_map_60,9798.587643993658,197.6315705196841
epigenomics_390_map_61,9784.124423128527,185.2632246032536
epigenomics_390_map_62,9754.844555789103,186.4931374221426
epigenomics_390_map_63,10803.405783994236,196.19275558649298
epigenomics_390_map_64,9417.947781121362,184.54274408531228
epigenomics_390_map_65,10136.274930200894,185.83667755844056
epigenomics_390_map_66,9813.113241535244,187.70663369961704
epigenomics_390_map_67,10061.68744946503,182.71767892481748
epigenomics_390_map_68,9472.723100923567,183.2028854490336
epigenomics_390_map_69,10204.96776541424,182.57902550789103
epigenomics_390_map_70,10052.526736880152,184.79884580723763
epigenomics_390_map_71,9289.305337637703,190.6556731813495
epigenomics_390_map_72,10548.076838807283,203.5977705727589
epigenomics_390_map_73,10466.002981459273,185.7880161416798
epigenomics_390_map_74,9293.958658224601,182.02905476044927
epigenomics_390_map_75,10254.287971498994,185.956723797822
epigenomics_390_map_76,9719.95517750358,186.47145565935315
epigenomics_390_map_77,9787.060758660231,176.74082672356255
epigenomics_390_map_78,10253.453965808849,180.5867876906036
epigenomics_390_map_79,10391.02761684964,185.81778928218603
epigenomics_390_map_80,9797.007103996342,190.0845502439066
epigenomics_390_map_81,9498.259028354858,195.84064413832368
epigenomics_390_map_82,10193.636413445318,181.03599055984859
epigenomics_390_map_83,10115.83004148158,185.5598176470476
epigenomics_390_map_84,10875.020123251315,190.1824864696953
epigenomics_390_map_85,10279.697113470738,186.87942497794026
epigenomics_390_map_86,10833.780798119296,171.14981369946548
epigenomics_390_map_87,10378.133651321215,179.91577913145844
epigenomics_390_map_88,9238.14796991496,186.51193560710706
epigenomics_390_map_89,9843.054804956566,186.8154782555195
epigenomics_390_map_90,9825.337480237478,182.72480259134468
epigenomics_390_map_91,10695.29486595906,185.79171946260564
epigenomics_390_map_92,10104.221271404373,194.4889669396718
epigenomics_390_map_93,8935.234215890052,194.69889662296322
epigenomics_390_map_94,10244.009138809135,188.6138334661454
epigenomics_390_map_95,9704.590111239857,182.28236909695383
epigenomics_390_map_96,9748.343597751387,191.63091480346264
epigenomics_390_map_97,10344.273672339505,189.0113012207549
epigenomics_390_map_98,8883.398402564597,185.3038802926095
epigenomics_390_map_99,9701.3329691278,182.44651408297088
epigenomics_390_map_100,10756.527739401745,183.58101583553164
epigenomics_390_map_101,9803.544033804023,191.00086883752184
epigenomics_390_map_102,9860.42398718006,187.67075818901571
epigenomics_390_map_103,9004.475814640466,184.86519221795413
epigenomics_390_map_104,9910.75580756835,176.28929171039323
epigenomics_390_map_105,10454.19994028016,181.3642990436067
epigenomics_390_map_106,9685.004627024593,191.6271108702099
epigenomics_390_map_107,9282.360732361205,185.18670853079377
epigenomics_390_map_108,9821.758558613095,186.74665080566842
epigenomics_390_map_109,9969.913213748661,186.1450138253001
epigenomics_390_map_110,10281.866706647404,182.28976494277904
epigenomics_390_map_111,10614.882941367368,184.8303059220182
epigenomics_390_map_112,9809.787018176505,184.04010933558752
epigenomics_390_map_113,10706.853917658656,193.18027969624194
epigenomics_390_map_114,9730.180768182428,194.84076044028055
epigenomics_390_map_115,9511.783194438962,190.11075794583832
epigenomics_390_map_116,9650.370171353274,184.6267284836677
epigenomics_390_map_117,9847.300546625967,175.48983841325932
epigenomics_390_map_118,9406.489155504692,181.5838303429287
epigenomics_390_map_119,10420.54245515874,186.3389941122821
epigenomics_390_map_120,9285.42674566266,187.61904664211153
epigenomics_390_map_121,9658.458136342544,185.45916124501196
epigenomics_390_map_122,9749.852029927097,182.5930153276746
epigenomics_390_map_123,9580.198963709263,183.15230159544237
epigenomics_390_map_124,10505.490558722813,186.29572527233327
epigenomics_390_map_125,10059.44114470264,191.59609139813966
epigenomics_390_map_126,10935.356754164011,184.71537667089999
epigenomics_390_map_127,9802.366837069336,182.21109167728622
epigenomics_390_map_128,9007.846848444391,184.54277569503822
epigenomics_390_map_129,10247.83447955583,183.4896384363025
epigenomics_390_map_130,9716.549584605616,182.77092570649552
epigenomics_390_map_131,10879.616076956383,181.60542546680415
epigenomics_390_map_132,10099.903474376584,185.3956911739866
epigenomics_390_map_133,9898.805313688637,184.50447849982476
epigenomics_390_map_134,9681.896478290308,194.6960089655388
epigenomics_390_map_135,9651.651119760229,178.28857678000793
epigenomics_390_map_136,9689.550940788495,188.48891445263607
epigenomics_390_map_137,9702.782951161204,188.8016184142472
epigenomics_390_map_138,9793.349993479405,191.48215101532998
epigenomics_390_map_139,10227.25269650105,176.14816274506646
epigenomics_390_map_140,9578.051178394266,178.89365595796568
epigenomics_390_map_141,10179.6513511957,191.14372957653262
epigenomics_390_map_142,11113.771883888541,183.73826210867523
epigenomics_390_map_143,9060.702154640941,179.06829586592045
epigenomics_390_map_144,10082.688026198824,188.17808756733652
epigenomics_390_map_145,9972.771306939381,185.00167713347852
epigenomics_390_map_146,10176.438794639367,189.36940118156684
epigenomics_390_map_147,9882.50002462574,179.43240576733155
epigenomics_390_map_148,9567.430230782638,178.56986408016684
epigenomics_390_map_149,9924.445186353852,177.2773054971
epigenomics_390_map_150,10548.916684798827,182.53504447210028
epigenomics_390_map_151,10719.33642282051,175.0654818424468
epigenomics_390_map_152,8977.805913827966,181.31936794412215
epigenomics_390_map_153,11458.950290515691,186.84388421676502
epigenomics_390_map_154,9348.442668162455,177.52323862784428
epigenomics_390_map_155,9225.00468030512,189.52822174199488
epigenomics_390_map_156,10853.264053296121,186.9497822211342
epigenomics_390_map_157,9364.316581155175,179.0809825244006
epigenomics_390_map_158,10181.542624861537,194.0059180423049
epigenomics_390_map_159,10054.95405432003,174.4483983829045
epigenomics_390_map_160,9628.411233636558,185.25686023519341
epigenomics_390_map_161,9976.206584830808,190.19843256116934
epigenomics_390_map_162,10371.929124175567,187.26354284465285
epigenomics_390_map_163,9630.82773085412,177.33419493692858
epigenomics_390_map_164,10173.101554653409,187.47337517404898
epigenomics_390_map_165,9660.462242496491,184.7180085645486
epigenomics_390_map_166,9999.925599671451,183.70052893159087
epigenomics_390_map_167,10207.976496610041,191.46411428765524
epigenomics_390_map_168,9354.877526626327,180.4603999612123
epigenomics_390_map_169,9359.432427196289,192.08636193760688
epigenomics_390_map_170,9325.92873338054,187.8811787024818
epigenomics_390_map_171,9893.13793908051,181.54117952151182
epigenomics_390_map_172,10597.754445157385,187.89976508018518
epigenomics_390_map_173,10078.840065526047,180.2926671824296
epigenomics_390_map_174,9441.734441930112,185.2664153514362
epigenomics_390_map_175,9527.536073978314,189.75085836599018
epigenomics_390_map_176,9425.526658214587,179.9888303145355
epigenomics_390_map_177,8947.483654802007,178.79284436193072
epigenomics_390_map_178,10149.928685253039,193.11745859687147
epigenomics_390_map_179,9501.830368716404,187.12507083483536
epigenomics_390_map_180,10786.716843282276,188.0531034088732
epigenomics_390_map_181,9968.024513229868,176.5829369527837
epigenomics_390_map_182,10129.512943979515,187.16634602107456
epigenomics_390_map_183,10162.876626390296,184.85084991284694
epigenomics_390_map_184,10017.766937410512,179.32731387527062
epigenomics_390_map_185,10198.67224810558,178.39605779417076
epigenomics_390_map_186,9799.434259000409,194.68360208580143
epigenomics_390_map_187,10344.225704346825,179.0591874129845
epigenomics_390_map_188,9418.415267346947,180.9430752774723
epigenomics_390_map_189,10276.228747441235,185.0413500827364
epigenomics_390_map_190,9697.815392918188,179.80400895327216
epigenomics_390_map_191,9966.952425165919,188.00695667764805
epigenomics_390_map_192,10351.222837997142,184.06530558657977
epigenomics_390_map_193,9567.464874761396,188.65012179953027
epigenomics_390_map_194,10073.220030389413,180.64162136694176
epigenomics_390_map_195,10554.878260290427,178.8586360259865
epigenomics_390_map_196,9733.629697500763,184.6136238487318
epigenomics_390_map_197,9112.841758875436,187.21003904845492
epigenomics_390_map_198,11450.22040277667,188.0127062575035
epigenomics_390_map_199,9650.835606678542,187.44794470067927
epigenomics_390_map_200,9993.891764730843,185.39335469861186
epigenomics_390_map_201,10096.584692202254,179.9225499051473
epigenomics_390_map_202,10052.927913674675,181.76889260488517
epigenomics_390_map_203,9943.240024756034,190.4273979198899
epigenomics_390_map_204,9868.87609821951,185.92886073221914
epigenomics_390_map_205,9573.369520180455,185.27069131937657
epigenomics_390_map_206,10096.74819967495,182.4268296800923
epigenomics_390_map_207,10516.565564803821,182.29966275102302
epigenomics_390_map_208,9620.542021814284,194.09951488726165
epigenomics_390_map_209,9795.61697999177,195.7617315414911
epigenomics_390_map_210,9547.499376266336,195.9101285319262
epigenomics_390_map_211,10623.84851724016,184.5019398941487
epigenomics_390_map_212,10101.375673088653,186.64007527778486
epigenomics_390_map_213,9758.413920644674,183.4796548459934
epigenomics_390_map_214,10017.427728557212,177.39559106323844
epigenomics_390_map_215,9976.867516288536,180.57448840448004
epigenomics_390_map_216,9919.450986714786,183.48309932104354
epigenomics_390_map_217,9619.76565593689,185.14261048303325
epigenomics_390_map_218,9704.682775797091,186.23671443624696
epigenomics_390_map_219,8737.08592858382,182.86732498597462
epigenomics_390_map_220,9952.163275640569,190.05437741203974
epigenomics_390_map_221,9616.816006366393,185.8682729070064
epigenomics_390_map_222,10275.41833877486,187.60855808777262
epigenomics_390_map_223,9689.838874516276,177.92390240438755
epigenomics_390_map_224,9509.592742374987,178.7771016428427
epigenomics_390_map_225,9789.33072318125,181.07193673859464
epigenomics_390_map_226,10079.870966707067,182.68100706421944
epigenomics_390_map_227,10708.603717537313,184.38597427630333
epigenomics_390_map_228,9597.172422572186,186.83273293236073
epigenomics_390_map_229,9669.901665925485,187.1151185816502
epigenomics_390_map_230,10560.231661963386,177.90529335420223
epigenomics_390_map_231,9726.781080752256,180.33518948714132
epigenomics_390_map_232,8513.68153287879,187.6221531092844
epigenomics_390_map_233,10233.501706481115,186.52448309484217
epigenomics_390_map_234,10225.270591817714,179.28178738777262
epigenomics_390_map_235,9393.372094347988,181.91140544934356
epigenomics_390_map_236,10040.169815382986,187.2018995027199
epigenomics_390_map_237,10395.196766899286,186.60908559856995
epigenomics_390_map_238,10557.066594080527,176.2330799041869
epigenomics_390_map_239,9824.889788574028,190.92463554854817
epigenomics_390_map_240,9604.23934904587,186.42660085448742
epigenomics_390_map_241,10202.563131458503,194.00791299009296
epigenomics_390_map_242,10344.799651204485,173.96788196696153
epigenomics_390_map_243,9994.086228813549,189.1430175864912
epigenomics_390_map_244,9900.383040156205,192.99646181697233
epigenomics_390_map_245,9672.8530488563,185.74363629706832
epigenomics_390_map_246,9612.923016958648,176.92103293823476
epigenomics_390_map_247,9867.451545859913,182.12694400463155
epigenomics_390_map_248,9789.864970071383,183.18002865412365
epigenomics_390_map_249,9333.98938807068,192.52067337540907
epigenomics_390_map_250,10383.143172636528,185.638363997024
epigenomics_390_map_251,10620.419848162068,185.36509549419782
epigenomics_390_map_252,10472.115027452639,187.17036732195663
epigenomics_390_map_253,10408.83840576168,187.36550220717558
epigenomics_390_map_254,10384.852605063938,196.02628324013406
epigenomics_390_map_255,9145.370131164631,182.5507703124617
epigenomics_390_map_256,10083.87280896411,181.90944908435128
epigenomics_390_map_257,9802.351788076992,192.2785026071916
epigenomics_390_map_258,9998.262858024305,183.7066806339014
epigenomics_390_map_259,9422.053267323161,197.4778120082997
epigenomics_390_map_260,8963.781742882584,187.8963611861859
epigenomics_390_map_261,10429.926600381932,178.60838511733857
epigenomics_390_map_262,10078.33797524213,178.6074786204981
epigenomics_390_map_263,9870.79965530577,186.09604121387972
epigenomics_390_map_264,9626.813703453563,180.7080588090747
epigenomics_390_map_265,9682.119416342186,182.15461736666026
epigenomics_390_map_266,10847.954235560721,183.87554455560633
epigenomics_390_map_267,9857.345667360447,191.46590537815743
epigenomics_390_map_268,10223.452651474887,186.15263914082072
epigenomics_390_map_269,9874.479103431844,177.754233146001
epigenomics_390_map_270,10503.23445522482,188.59299777471188
epigenomics_390_map_271,10613.455169090477,190.48339845318566
epigenomics_390_map_272,9923.704605990006,189.38212511208621
epigenomics_390_map_273,10562.313613881819,188.1290583001034
epigenomics_390_map_274,9469.48805297627,183.03304714059448
epigenomics_390_map_275,10415.70772027248,184.94945658002246
epigenomics_390_map_276,9966.144710038761,181.44555239603167
epigenomics_390_map_277,9283.471614033091,199.23460513316016
epigenomics_390_map_278,9562.330215557686,180.24466112795463
epigenomics_390_map_279,10687.004303748376,192.06817786403377
epigenomics_390_map_280,10395.908202454144,186.1664203002843
epigenomics_390_map_281,9541.813360927335,189.29982883466582
epigenomics_390_map_282,9513.735517268306,185.64506727929052
epigenomics_390_map_283,10173.237683597503,191.92778712662133
epigenomics_390_map_284,9783.068732925847,190.73488941718404
epigenomics_390_map_285,9566.037845492443,184.11042975517833
epigenomics_390_map_286,10327.781791289555,194.33918958472935
epigenomics_390_map_287,9353.172935239081,187.81887484322345
epigenomics_390_map_288,10268.689939244818,188.96496164923485
epigenomics_390_map_289,10374.208794237755,187.33801183833177
epigenomics_390_map_290,10039.386738101375,186.93118840627105
epigenomics_390_map_291,9379.13410702623,178.6848272358655
epigenomics_390_map_292,10857.489947032946,189.60310476713366
epigenomics_390_map_293,9717.902088778363,180.42942248530116
epigenomics_390_map_294,9516.75945419315,190.5340288045067
epigenomics_390_map_295,9346.066609997564,183.3747420493036
epigenomics_390_map_296,9821.050153430144,185.19991978061879
epigenomics_390_map_297,9952.529224453034,184.71331997135655
epigenomics_390_map_298,9926.724358112446,188.34659329532514
epigenomics_390_map_299,10896.413397958018,186.16054002997515
epigenomics_390_map_300,9863.804144662805,179.77383571925512
epigenomics_390_map_301,10265.163940707336,185.4895761721541
epigenomics_390_map_302,9583.78128765991,180.759279533858
epigenomics_390_map_303,9655.399569386376,187.2938845748631
epigenomics_390_map_304,9874.44989797086,183.82851376758387
epigenomics_390_map_305,9777.328078171422,191.1123998657398
epigenomics_390_map_306,10005.569048706902,186.31835443364187
epigenomics_390_map_307,9807.702772147006,181.53710318715105
epigenomics_390_map_308,9411.119299842581,181.73996351504718
epigenomics_390_map_309,9762.753613157312,181.43707515700433
epigenomics_390_map_310,9677.550482787728,190.50092736059418
epigenomics_390_map_311,10775.312915763057,185.34459628209328
epigenomics_390_map_312,9827.275065182108,184.9957708874841
epigenomics_390_map_313,10398.30350206673,184.27215514052526
epigenomics_390_map_314,8733.925229452092,181.21136635700688
epigenomics_390_map_315,10108.268387939157,179.24507166862932
epigenomics_390_map_316,10656.904550027579,174.9413101676975
epigenomics_390_map_317,9814.521242516592,184.1407081147183
epigenomics_390_map_318,10013.465077672236,185.49795507580214
epigenomics_390_map_319,8827.473009035284,189.11331311878507
epigenomics_390_map_320,10065.832052610984,188.47880735174772
epigenomics_390_map_321,10083.935197157813,184.62861587378106
epigenomics_390_map_322,9841.386753322882,185.17987497288823
epigenomics_390_map_323,9612.687348169826,188.43436282642963
epigenomics_390_map_324,9920.489681989882,174.61960221670827
epigenomics_390_map_325,10239.435115175389,187.43686386448087
epigenomics_390_map_326,9762.759256416275,187.53830226396025
epigenomics_390_map_327,9316.364214651192,188.33456345238665
epigenomics_390_map_328,10272.35729759448,190.59404056044895
epigenomics_390_map_329,10423.535654097794,178.1768138559472
epigenomics_390_map_330,10302.527603053755,177.00742747543848
epigenomics_390_map_331,9394.54936870327,186.82545871115767
epigenomics_390_map_332,9995.209669389018,183.57568295023722
epigenomics_390_map_333,10105.492271504785,187.19438881481832
epigenomics_390_map_334,10751.669753360655,176.2282330293919
epigenomics_390_map_335,9889.334457673605,188.09181732401754
epigenomics_390_map_336,9617.702030950171,183.5282459666913
epigenomics_390_map_337,9827.511353924596,181.2917986282054
epigenomics_390_map_338,9581.898185623757,189.19102409119802
epigenomics_390_map_339,10527.419851152179,184.07369358866072
epigenomics_390_map_340,10409.181622251333,177.68752072863188
epigenomics_390_map_341,9406.922713011501,188.18131544541342
epigenomics_390_map_342,9675.767995976643,182.55671369267256
epigenomics_390_map_343,9612.362234149545,185.07632150746267
epigenomics_390_map_344,9926.897996502425,182.12061269809885
epigenomics_390_map_345,10348.336151324631,190.05568256762987
epigenomics_390_map_346,9997.522471392133,181.25356227460716
epigenomics_390_map_347,9916.0063538252,182.98552698097376
epigenomics_390_map_348,10524.756542712099,186.2196161744305
epigenomics_390_map_349,10193.061064890568,196.84422579851247
epigenomics_390_map_350,10498.710032031611,187.05860050399878
epigenomics_390_map_351,10909.89642252306,184.5383100287726
epigenomics_390_map_352,9648.121224876832,180.48638029388366
epigenomics_390_map_353,9669.076182644058,183.17368710913377
epigenomics_390_map_354,10150.689185505938,191.0563279802531
epigenomics_390_map_355,9437.254435333478,183.7162151667932
epigenomics_390_map_356,9292.230895050789,185.43328777907132
epigenomics_390_map_357,9962.043697089071,171.42624893582652
epigenomics_390_map_358,9900.399740216775,183.22636192114277
epigenomics_390_map_359,9885.859910207382,195.418496098875
epigenomics_390_map_360,10106.955785557959,187.15573282652213
epigenomics_390_map_361,10281.352043933031,189.34049006343758
epigenomics_390_map_362,10480.897159467262,182.89105729629665
epigenomics_390_map_363,10166.980890405737,190.27222405515815
epigenomics_390_map_364,10395.352117273982,182.90990355753019
epigenomics_390_map_365,9394.081169541709,177.8612605687727
epigenomics_390_map_366,9607.439229773212,183.01478602394056
epigenomics_390_map_367,8947.5140158066,184.94189422993432
epigenomics_390_map_368,10031.71928449817,184.7181649411861
epigenomics_390_map_369,9990.403013309298,182.70994292593483
epigenomics_390_map_370,9889.251821209555,179.70311326900674
epigenomics_390_map_371,10497.544116121691,187.00692449268035
epigenomics_390_map_372,9760.433186627823,194.6659697828039
epigenomics_390_map_373,10228.01077174383,191.8822078339054
epigenomics_390_map_374,9710.10194014688,189.70258537110976
epigenomics_390_map_375,9901.109993431264,187.14173424005125
epigenomics_390_map_376,9208.452656733096,189.99147794455294
epigenomics_390_map_377,10015.179415755507,187.72413488869938
epigenomics_390_map_378,9545.197830267241,179.9292380319022
epigenomics_390_map_379,11478.634390838062,187.1773343996594
epigenomics_390_map_380,9592.599023132549,184.85778866680945
epigenomics_390_map_381,9355.425175765715,195.29338883125894
epigenomics_390_map_382,9337.020000480923,189.90344940678997
epigenomics_390_map_383,10192.158383457201,180.82651077095232
epigenomics_390_map_384,9995.748831901348,185.2752246324809
epigenomics_390_map_385,10347.136222929661,186.0336798864468
epigenomics_390_map_386,9708.873675931403,184.99345840426417
epigenomics_390_map_387,10002.280781677493,179.78275972599843
epigenomics_390_map_388,9822.666390581451,179.2678955580532
epigenomics_390_map_389,10285.020561851325,188.1676199630167
epigenomics_390_map_390,10793.738544770384,180.03074374231636
epigenomics_390_map_391,10340.608432473156,186.78299972944686
epigenomics_390_map_392,9828.904567553413,180.95713329169598
epigenomics_390_map_393,9751.269453430654,187.44390884267742
epigenomics_390_map_394,9215.434508886576,188.76739311589694
epigenomics_390_map_395,10139.272061430882,187.0913359334468
epigenomics_390_map_396,9899.87059348347,180.91420413644093
epigenomics_390_map_397,10403.891925158085,188.51576332770406
epigenomics_390_map_398,10113.334177196171,179.46016844630952
epigenomics_390_map_399,10099.176718901712,185.14823399510504
epigenomics_390_map_400,10096.022283697974,191.38919031037506
epigenomics_390_map_401,9972.758102259984,189.2193607296165
epigenomics_390_map_402,9635.648026188179,191.62185814966904
epigenomics_390_map_403,9497.03582243085,176.84441352778734
epigenomics_390_map_404,9848.94283457667,180.50174408877862
epigenomics_390_map_405,8867.949240566995,185.4487993573101
epigenomics_390_map_406,9130.82006904676,181.8728485315408
epigenomics_390_map_407,10200.027063832371,190.85041706888765
epigenomics_390_map_408,10656.866071197075,185.94525769166344
epigenomics_390_map_409,10269.14238908419,183.38546651851848
epigenomics_390_map_410,10831.733868233523,179.0275452516314
epigenomics_390_map_411,9446.311612472404,183.28605573212576
epigenomics_390_map_412,10091.248390191582,189.89696626931416
epigenomics_390_map_413,9417.126387079506,186.54037680447487
epigenomics_390_map_414,8960.566681078202,179.80469187550474
epigenomics_390_map_415,10416.033497384973,185.20612824692844
epigenomics_390_map_416,10325.63289813148,190.34975729447123
epigenomics_390_map_417,10110.404651951729,184.3814060541786
epigenomics_390_map_418,10330.042302953378,179.4349955685019
epigenomics_390_map_419,10217.872449312606,186.60747824977432
epigenomics_390_map_420,9882.463692248908,184.63790365149023
epigenomics_390_map_421,9740.07385196956,192.0297365191803
epigenomics_390_map_422,9956.55499512978,184.20111491509869
epigenomics_390_map_423,9335.800289988523,184.2374196625083
epigenomics_390_map_424,9952.064279673958,188.57325763021805
epigenomics_390_map_425,9753.07289467578,185.43705961668937
epigenomics_390_map_426,10049.660072585973,185.20070308965595
epigenomics_390_map_427,9903.346334897353,187.6147383420112
epigenomics_390_map_428,9952.130424635225,186.02762360866788
epigenomics_390_map_429,10269.77212438255,183.42274856533757
epigenomics_390_map_430,9816.009641049635,186.4767951834936
epigenomics_390_map_431,10955.285324578907,184.85216386356774
epigenomics_390_map_432,9502.96173869731,181.4589275195185
epigenomics_390_map_433,10904.941309131154,188.35053439864302
epigenomics_390_map_434,9315.650865925027,184.19690021407396
epigenomics_390_map_435,9501.693933211152,194.04059873599587
epigenomics_390_map_436,8897.10666269661,171.63546554762226
epigenomics_390_map_437,10207.20493288786,183.1438483933511
epigenomics_390_map_438,9969.32551487878,180.67415014048856
epigenomics_390_map_439,10206.296415306208,185.10653003372823
epigenomics_390_map_440,10096.645888665218,190.55161619916174
epigenomics_390_map_441,10308.126475039362,181.2362643634866
epigenomics_390_map_442,9390.469051606005,188.14287125701847
epigenomics_390_map_443,10440.870610544736,176.7297767772374
epigenomics_390_map_444,9929.077477195811,178.00839458906643
epigenomics_390_map_445,9106.146937281099,177.21647714336083
epigenomics_390_map_446,9645.52763829548,181.93276764010284
epigenomics_390_map_447,9248.061737028285,192.06220891267117
epigenomics_390_map_448,9524.899310147019,181.71722995226838
epigenomics_390_map_449,10100.334008486823,181.9479486756312
epigenomics_390_map_450,10577.289110614329,178.65352669036136
epigenomics_390_map_451,11036.549899192867,198.77390626473982
epigenomics_390_map_452,10488.64280628041,188.51747446063365
epigenomics_390_map_453,9847.11371655937,180.75921581228903
epigenomics_390_map_454,9669.43221588716,190.27484120375235
epigenomics_390_map_455,10191.16438338155,184.93646732885193
epigenomics_390_map_456,9669.461709543719,193.99166546520246
epigenomics_390_map_457,10466.322402891477,192.2761127778925
epigenomics_390_map_458,10919.296475311014,186.43244880273204
epigenomics_390_map_459,9866.568364257893,192.3317071708649
epigenomics_390_map_460,10059.82454023909,189.5287519368854
epigenomics_390_map_461,10698.226495538722,177.09584818273663
epigenomics_390_map_462,10606.711539140988,179.3919186455688
epigenomics_390_map_463,9638.189252195127,190.06832538016593
epigenomics_390_map_464,10611.293676989644,189.23636075928215
epigenomics_390_map_465,10207.259089214404,185.39353768129592
epigenomics_390_map_466,11209.756557086399,184.61306545378724
epigenomics_390_map_467,8886.425123861149,179.69093839181878
epigenomics_390_map_468,10231.512801537217,181.98549814391865
epigenomics_390_map_469,9814.007733610799,190.09802510592405
epigenomics_390_map_470,9638.44833487616,191.4315067693381
epigenomics_390_map_471,9593.693841392995,191.7533869783557
epigenomics_390_map_472,9706.31079564004,184.30204832709143
epigenomics_390_map_473,10005.644912221656,183.5373864311769
epigenomics_390_map_474,10868.52438817781,189.01286229133024
epigenomics_390_map_475,9524.094124632715,182.23207407359357
epigenomics_390_map_476,10137.898428652003,186.81409632487933
epigenomics_390_map_477,10816.314217443492,187.35042148790473
epigenomics_390_map_478,9656.654204502918,180.16178245139895
epigenomics_390_map_479,8749.248653802908,179.50285066302533
epigenomics_390_map_480,9355.154825102612,187.04348514625545
epigenomics_390_map_481,9770.760099412666,181.15197895456862
epigenomics_390_map_482,9995.1758537197,182.45665765207025
epigenomics_390_map_483,9623.98580650907,181.5080923567649
epigenomics_390_map_484,10440.872695880158,180.6020165794703
epigenomics_390_map_485,9776.449745251135,193.29314127414597
epigenomics_390_map_486,9408.947124279712,188.16691230074002
epigenomics_390_map_487,10754.335862517793,187.71956877577256
epigenomics_390_map_488,9824.686054559888,186.59061494654676
epigenomics_390_map_489,9846.425138208077,184.3866193886855
epigenomics_390_map_490,10392.4056774335,179.604543940588
epigenomics_390_map_491,10549.861373618858,185.1870539456135
epigenomics_390_map_492,10228.351300268427,182.20443265422153
epigenomics_390_map_493,9116.491239741528,186.38995342899065
epigenomics_390_map_494,10269.841660843304,192.32345689024868
epigenomics_390_map_495,10201.08611163665,184.15144257765698
epigenomics_390_map_496,9035.312785189863,186.1221589710683
epigenomics_390_map_497,9599.436444635641,187.83809873474615
epigenomics_390_map_498,10226.869907507005,186.40419008464565
epigenomics_390_map_499,10414.591784501077,198.9279198950026
epigenomics_390_mapMerge1_0,140.6038070273779,118.69027398471457
epigenomics_390_mapMerge1_1,119.74331397363056,109.01985529740861
epigenomics_390_mapMerge2_0,148.19623439886516,123.87006624815034
epigenomics_390_chr21_0,154.3017549073158,44.40337362076346
epigenomics_390_pileup_0,165.5985380781902,101.02708558810306
