request,latency,mem
epigenomics_4535_entry_0,1.0,1.0
epigenomics_4535_fastqSplit_0,67.07981246259632,82.24096819997422
epigenomics_4535_fastqSplit_1,57.23389768052014,113.31114653653525
epigenomics_4535_filterContams_0,25.081540395946337,66.28317034859852
epigenomics_4535_filterContams_1,18.992666376972178,61.092748059718865
epigenomics_4535_filterContams_2,15.907237830735289,56.75337926848499
epigenomics_4535_filterContams_3,18.764489253044296,67.04921941678671
epigenomics_4535_filterContams_4,23.226511494826596,47.48682328855402
epigenomics_4535_filterContams_5,19.75877075117087,74.33481116650461
epigenomics_4535_filterContams_6,22.70931206650957,63.09228510855314
epigenomics_4535_filterContams_7,24.19511566514388,74.31312076161093
epigenomics_4535_filterContams_8,16.814215850245148,53.78234078688823
epigenomics_4535_filterContams_9,19.46736564157177,74.84869812165172
epigenomics_4535_filterContams_10,16.999261987705555,67.97139839625642
epigenomics_4535_filterContams_11,15.086574338854074,73.46818004706901
epigenomics_4535_filterContams_12,25.65999054327169,62.32506861600861
epigenomics_4535_filterContams_13,20.75493696885083,57.75380598142071
epigenomics_4535_filterContams_14,19.588879348176906,57.96223679195648
epigenomics_4535_filterContams_15,19.338999022492217,83.41610299302697
epigenomics_4535_filterContams_16,20.05936842079626,64.88015158057075
epigenomics_4535_filterContams_17,18.482191053232324,70.71458726887828
epigenomics_4535_filterContams_18,18.972769852708396,66.58896677321552
epigenomics_4535_filterContams_19,18.705993913085052,63.8214953786483
epigenomics_4535_filterContams_20,19.548755324865446,66.85265359502715
epigenomics_4535_filterContams_21,20.889714880706332,61.64295925644994
epigenomics_4535_filterContams_22,19.515793567037946,62.19451801132187
epigenomics_4535_filterContams_23,19.19696071648573,53.36013930586426
epigenomics_4535_filterContams_24,20.791495422104877,70.87831794819238
epigenomics_4535_filterContams_25,23.66466034782442,68.11103713954395
epigenomics_4535_filterContams_26,19.481693690048903,57.599782526278005
epigenomics_4535_filterContams_27,20.92241796753589,52.34485155816515
epigenomics_4535_filterContams_28,14.133589085203596,52.40400706593296
epigenomics_4535_filterContams_29,17.739991676131382,65.15911490782085
epigenomics_4535_filterContams_30,12.817999838522386,74.65173009941182
epigenomics_4535_filterContams_31,18.022218954465693,65.07109721728574
epigenomics_4535_filterContams_32,20.754156087764898,51.46056596987003
epigenomics_4535_filterContams_33,23.49790459696641,54.021208423999326
epigenomics_4535_filterContams_34,15.12832041949084,68.7348276564411
epigenomics_4535_filterContams_35,16.235049235676396,60.804166396003865
epigenomics_4535_filterContams_36,20.175059650203817,64.37212650714095
epigenomics_4535_filterContams_37,19.100944942609893,71.26545002790722
epigenomics_4535_filterContams_38,16.827377319510436,58.70564609742271
epigenomics_4535_filterContams_39,15.828564826848638,55.58431233051876
epigenomics_4535_filterContams_40,25.40030301092555,52.00352577196362
epigenomics_4535_filterContams_41,21.7573112882768,70.5782600410324
epigenomics_4535_filterContams_42,14.638646026593003,57.89542599281323
epigenomics_4535_filterContams_43,17.930623020590907,53.31800841853461
epigenomics_4535_filterContams_44,19.35278017386745,60.407241822372626
epigenomics_4535_filterContams_45,18.25851934070521,65.44800592469136
epigenomics_4535_filterContams_46,20.676732000938348,86.31611398657805
epigenomics_4535_filterContams_47,22.57355918965185,64.71211851742584
epigenomics_4535_filterContams_48,18.36966768031602,59.91132024158393
epigenomics_4535_filterContams_49,17.07569011022379,67.36728759669609
epigenomics_4535_filterContams_50,15.974308639606768,66.40614027260412
epigenomics_4535_filterContams_51,21.523069597434482,60.11712302239199
epigenomics_4535_filterContams_52,29.185044199373003,54.397185879436286
epigenomics_4535_filterContams_53,18.092102036427153,59.68902801779584
epigenomics_4535_filterContams_54,18.359483908149457,64.39845077754917
epigenomics_4535_filterContams_55,19.267358832427583,59.036879683529214
epigenomics_4535_filterContams_56,22.3089958711203,54.187540214695716
epigenomics_4535_filterContams_57,20.012044992964064,64.21781200825106
epigenomics_4535_filterContams_58,16.19874726695627,51.83295687710532
epigenomics_4535_filterContams_59,18.528781519978658,62.61374322177648
epigenomics_4535_filterContams_60,20.516970541376658,73.79711657674257
epigenomics_4535_filterContams_61,18.45752200945239,71.90230776762644
epigenomics_4535_filterContams_62,16.401737127059413,59.91581713442406
epigenomics_4535_filterContams_63,22.141223396875446,65.48355870086063
epigenomics_4535_filterContams_64,19.038276973497744,51.44993690362402
epigenomics_4535_filterContams_65,20.68049906349715,60.37227784777351
epigenomics_4535_filterContams_66,21.298341360616046,69.89113922587482
epigenomics_4535_filterContams_67,21.14899110241398,59.08508214032422
epigenomics_4535_filterContams_68,17.874696644101554,74.79140357181831
epigenomics_4535_filterContams_69,18.08019379174345,55.92028559312875
epigenomics_4535_filterContams_70,23.560804333637122,68.82045901793799
epigenomics_4535_filterContams_71,24.695998987827416,78.16065502480367
epigenomics_4535_filterContams_72,19.076039940738806,72.17120338194479
epigenomics_4535_filterContams_73,19.285160735904913,72.19112520736869
epigenomics_4535_filterContams_74,16.818904462437928,66.58690972445969
epigenomics_4535_filterContams_75,24.26976966155901,67.7925122941582
epigenomics_4535_filterContams_76,17.48903387013756,78.90914916325181
epigenomics_4535_filterContams_77,17.146056053772035,63.35590224253975
epigenomics_4535_filterContams_78,18.032974262147317,68.253239554568
epigenomics_4535_filterContams_79,19.555149071319924,64.46495462402542
epigenomics_4535_filterContams_80,21.917717602879506,59.170129621484996
epigenomics_4535_filterContams_81,16.151379045560805,66.20815593131455
epigenomics_4535_filterContams_82,16.9813231610258,62.87056879761667
epigenomics_4535_filterContams_83,22.49419133314139,69.39139503137932
epigenomics_4535_filterContams_84,20.483835591052536,61.67693765896216
epigenomics_4535_filterContams_85,25.653124612006643,54.00312150903436
epigenomics_4535_filterContams_86,27.631591544495272,64.82812564560729
epigenomics_4535_filterContams_87,18.86403622630697,82.52521463091765
epigenomics_4535_filterContams_88,26.07612452161924,60.53832526721581
epigenomics_4535_filterContams_89,17.765533447499102,59.32975349824985
epigenomics_4535_filterContams_90,17.376159059929282,65.25296532003388
epigenomics_4535_filterContams_91,16.94366568618864,56.67115564042679
epigenomics_4535_filterContams_92,19.643069014133857,81.17609930658739
epigenomics_4535_filterContams_93,22.474102688161512,73.27208111080176
epigenomics_4535_filterContams_94,19.669221975523573,64.14675949658178
epigenomics_4535_filterContams_95,20.319710742276733,71.84096593033877
epigenomics_4535_filterContams_96,16.391573637331934,70.00861856310365
epigenomics_4535_filterContams_97,19.778984364813052,64.60983488384055
epigenomics_4535_filterContams_98,23.157171806903442,47.80106664558814
epigenomics_4535_filterContams_99,22.340876648397135,68.55415520525386
epigenomics_4535_filterContams_100,21.963974115418115,65.42520530696373
epigenomics_4535_filterContams_101,21.811540664171282,71.26227503791877
epigenomics_4535_filterContams_102,23.9318286697625,50.78049604334163
epigenomics_4535_filterContams_103,24.70774333403876,67.67863089766063
epigenomics_4535_filterContams_104,17.68978331029213,58.4457007301323
epigenomics_4535_filterContams_105,12.759859891094399,69.31516206290785
epigenomics_4535_filterContams_106,20.305201611317152,61.55412250512833
epigenomics_4535_filterContams_107,23.44505247871454,80.42084775928018
epigenomics_4535_filterContams_108,25.100705520120577,71.31989074468363
epigenomics_4535_filterContams_109,24.591550330269357,67.4183470871368
epigenomics_4535_filterContams_110,22.726740814760248,87.6374900562559
epigenomics_4535_filterContams_111,19.53389349533872,61.19404152941348
epigenomics_4535_filterContams_112,18.872612644390788,62.645540229130376
epigenomics_4535_filterContams_113,27.13025158316047,64.64579058006652
epigenomics_4535_filterContams_114,18.036952966660706,62.31122634952603
epigenomics_4535_filterContams_115,20.276436692435304,67.47438953663814
epigenomics_4535_filterContams_116,17.45568403075802,66.45205197728575
epigenomics_4535_filterContams_117,23.393048780754924,60.04722288529351
epigenomics_4535_filterContams_118,15.694841247220047,70.40402966125473
epigenomics_4535_filterContams_119,24.355342343705786,64.55054897662508
epigenomics_4535_filterContams_120,18.40945030651672,62.946307970838426
epigenomics_4535_filterContams_121,16.76091227761204,75.0147063120621
epigenomics_4535_filterContams_122,23.035312627149064,77.31945179498679
epigenomics_4535_filterContams_123,16.60650806634243,59.853089741492894
epigenomics_4535_filterContams_124,21.59963583200437,70.49376945015943
epigenomics_4535_filterContams_125,20.23063701616492,70.1511503040725
epigenomics_4535_filterContams_126,21.622870104624575,60.92879941868395
epigenomics_4535_filterContams_127,21.84472816025236,61.01732235449905
epigenomics_4535_filterContams_128,20.286541101114757,72.29617531414948
epigenomics_4535_filterContams_129,24.400692241997955,61.95202187651057
epigenomics_4535_filterContams_130,20.9163723176359,61.775811364895354
epigenomics_4535_filterContams_131,22.04709776524656,63.49128989476813
epigenomics_4535_filterContams_132,19.42437250766188,58.95314086534972
epigenomics_4535_filterContams_133,21.57121829388439,56.721335487173036
epigenomics_4535_filterContams_134,19.64160287428028,71.2053274131255
epigenomics_4535_filterContams_135,19.1578273394706,74.03093857870053
epigenomics_4535_filterContams_136,24.750034041025156,56.17427598101346
epigenomics_4535_filterContams_137,20.011425304065398,63.43124999837109
epigenomics_4535_filterContams_138,19.892083195355248,56.856610230755706
epigenomics_4535_filterContams_139,21.201602597562328,65.2631919671784
epigenomics_4535_filterContams_140,23.0713970780222,63.776197977568316
epigenomics_4535_filterContams_141,24.133161815536734,84.10083028470687
epigenomics_4535_filterContams_142,20.123498019906897,70.82052413497425
epigenomics_4535_filterContams_143,19.36794922409968,75.24529581250671
epigenomics_4535_filterContams_144,20.305216994564127,58.46839082837253
epigenomics_4535_filterContams_145,19.28220536370313,53.545344408756634
epigenomics_4535_filterContams_146,16.14432622943024,61.34433588291883
epigenomics_4535_filterContams_147,15.569819943646888,63.61610912208819
epigenomics_4535_filterContams_148,14.58551481375952,63.598143405206734
epigenomics_4535_filterContams_149,16.35781854997685,62.35832040377737
epigenomics_4535_filterContams_150,25.550703412855317,57.376834085863095
epigenomics_4535_filterContams_151,19.94292503111741,53.35183541276305
epigenomics_4535_filterContams_152,26.295982012732168,74.09954361447097
epigenomics_4535_filterContams_153,18.027573889384996,64.17818793014386
epigenomics_4535_filterContams_154,17.276876250712018,58.33603439313102
epigenomics_4535_filterContams_155,20.671827446154005,69.49805230484725
epigenomics_4535_filterContams_156,23.09820970545357,59.20911882340532
epigenomics_4535_filterContams_157,19.439658072981352,61.09627500613096
epigenomics_4535_filterContams_158,19.541327466427774,63.179875735356546
epigenomics_4535_filterContams_159,19.741365094302843,53.489690913967166
epigenomics_4535_filterContams_160,24.114870743222376,63.7551870286624
epigenomics_4535_filterContams_161,18.872386369777047,50.897183945399036
epigenomics_4535_filterContams_162,18.600140807154588,77.60914409247205
epigenomics_4535_filterContams_163,15.366195496560781,62.91284954406891
epigenomics_4535_filterContams_164,22.364143027583438,68.49596850130305
epigenomics_4535_filterContams_165,19.22197715032916,73.5110680633428
epigenomics_4535_filterContams_166,22.661761998003815,57.914190016541184
epigenomics_4535_filterContams_167,19.769581903454966,64.0565459237016
epigenomics_4535_filterContams_168,13.399524965598065,65.24465117509752
epigenomics_4535_filterContams_169,20.714325393095045,67.00035333829692
epigenomics_4535_filterContams_170,15.765700832017739,70.95501240669411
epigenomics_4535_filterContams_171,20.89025908057591,57.76944884039835
epigenomics_4535_filterContams_172,17.367215566944985,63.95786914230773
epigenomics_4535_filterContams_173,18.243330900838217,67.89531374632813
epigenomics_4535_filterContams_174,20.26801722191113,68.05244233551839
epigenomics_4535_filterContams_175,21.4636167973794,71.32941979399004
epigenomics_4535_filterContams_176,15.939856809055653,64.98757510335716
epigenomics_4535_filterContams_177,19.838406166273746,48.06139803095405
epigenomics_4535_filterContams_178,18.561415265802466,52.85692642144885
epigenomics_4535_filterContams_179,24.200691338143116,67.11993174299049
epigenomics_4535_filterContams_180,22.488493129048813,64.67607760020736
epigenomics_4535_filterContams_181,20.974817267023244,55.25711209230637
epigenomics_4535_filterContams_182,25.941497895174315,70.67941078044412
epigenomics_4535_filterContams_183,22.30478524607465,61.86088935258757
epigenomics_4535_filterContams_184,22.634241975692333,67.94047706018215
epigenomics_4535_filterContams_185,19.34034173257922,59.1991811913597
epigenomics_4535_filterContams_186,19.309267391168742,67.95715790315955
epigenomics_4535_filterContams_187,21.207110275633237,56.012414758672186
epigenomics_4535_filterContams_188,18.785525710998435,55.91757866150783
epigenomics_4535_filterContams_189,22.522274629968923,51.91366848233798
epigenomics_4535_filterContams_190,22.865948538693107,68.58144220360639
epigenomics_4535_filterContams_191,19.28039988178937,65.29334721752691
epigenomics_4535_filterContams_192,22.204641281923344,67.42335772444345
epigenomics_4535_filterContams_193,21.405013497439974,62.41564446820989
epigenomics_4535_filterContams_194,23.123620637746086,58.36419012259391
epigenomics_4535_filterContams_195,21.009632341292342,63.40942411790139
epigenomics_4535_filterContams_196,19.06866357151226,71.5931137235805
epigenomics_4535_filterContams_197,22.439457604597226,59.24425824069478
epigenomics_4535_filterContams_198,22.420508125606343,61.39307530648047
epigenomics_4535_filterContams_199,19.95370999937244,69.38303767094742
epigenomics_4535_filterContams_200,26.348533136693174,74.6728919030677
epigenomics_4535_filterContams_201,16.941216082549545,60.303309464203295
epigenomics_4535_filterContams_202,20.167463586323407,81.11658713252513
epigenomics_4535_filterContams_203,18.792751364439365,53.588357713582795
epigenomics_4535_filterContams_204,20.958609632255182,67.59997534994422
epigenomics_4535_filterContams_205,16.42840332092807,70.43124508897344
epigenomics_4535_filterContams_206,23.992085827933007,50.489073566817744
epigenomics_4535_filterContams_207,19.1634540437403,64.65026805794386
epigenomics_4535_filterContams_208,18.63018333417836,63.98040804421133
epigenomics_4535_filterContams_209,20.2097886739801,52.58131688740961
epigenomics_4535_filterContams_210,21.850335395391664,63.65501279019834
epigenomics_4535_filterContams_211,18.152211860235266,66.3428966248778
epigenomics_4535_filterContams_212,18.71665996108775,49.41872707520414
epigenomics_4535_filterContams_213,18.225010198587952,53.35547419353121
epigenomics_4535_filterContams_214,17.082700476222886,69.07894507420154
epigenomics_4535_filterContams_215,19.95001029172416,50.48901271936306
epigenomics_4535_filterContams_216,17.629246223355494,58.223018062919095
epigenomics_4535_filterContams_217,18.195917492549952,57.58140913443039
epigenomics_4535_filterContams_218,22.9564719526059,70.77838502009708
epigenomics_4535_filterContams_219,15.440623060111108,67.34035947175411
epigenomics_4535_filterContams_220,16.14411947361136,63.05238384869138
epigenomics_4535_filterContams_221,23.124386464861455,57.21971103639277
epigenomics_4535_filterContams_222,19.309482121469472,59.565203501852565
epigenomics_4535_filterContams_223,19.238033976078746,79.28710279030285
epigenomics_4535_filterContams_224,16.993859557762157,54.303156501714625
epigenomics_4535_filterContams_225,22.198263295762303,71.18923363038027
epigenomics_4535_filterContams_226,15.299399833886497,68.34727465438607
epigenomics_4535_filterContams_227,18.39808959337158,70.22576996983904
epigenomics_4535_filterContams_228,22.615431353798765,53.7392587488769
epigenomics_4535_filterContams_229,18.332418215983026,72.31864815483831
epigenomics_4535_filterContams_230,19.005604587641933,78.68392281048807
epigenomics_4535_filterContams_231,11.470984383397724,81.88073867013169
epigenomics_4535_filterContams_232,19.461065012843186,75.6018982521939
epigenomics_4535_filterContams_233,18.97361765353913,63.19013563318708
epigenomics_4535_filterContams_234,20.088712566836797,69.06191711315229
epigenomics_4535_filterContams_235,16.57166636734282,58.74524086804142
epigenomics_4535_filterContams_236,16.771260773032864,55.72005367606277
epigenomics_4535_filterContams_237,17.201731593574642,56.92215416876818
epigenomics_4535_filterContams_238,18.266130881829305,72.00001957149765
epigenomics_4535_filterContams_239,22.839155981799564,72.47937730703197
epigenomics_4535_filterContams_240,16.659133146883292,74.55263574541816
epigenomics_4535_filterContams_241,20.60967177664837,62.82808027328679
epigenomics_4535_filterContams_242,20.827673100801007,61.09142976900292
epigenomics_4535_filterContams_243,18.625186296639633,82.06268142848609
epigenomics_4535_filterContams_244,14.846464109818157,75.90363270287368
epigenomics_4535_filterContams_245,17.064188940350437,52.85913947530198
epigenomics_4535_filterContams_246,21.080350367494837,60.18451301674499
epigenomics_4535_filterContams_247,10.60015669480954,59.57881373063232
epigenomics_4535_filterContams_248,22.00890486960831,55.170263185676774
epigenomics_4535_filterContams_249,23.951566292518688,64.22732736805675
epigenomics_4535_filterContams_250,19.80132269276641,70.36786964066157
epigenomics_4535_filterContams_251,22.564034269856034,68.40677490598334
epigenomics_4535_filterContams_252,18.330675115514225,66.1623160533574
epigenomics_4535_filterContams_253,23.70551728393887,81.33490175545035
epigenomics_4535_filterContams_254,21.85304035167893,64.82678397864619
epigenomics_4535_filterContams_255,14.94164681358994,58.79885612863756
epigenomics_4535_filterContams_256,22.18904853967347,64.02654301783993
epigenomics_4535_filterContams_257,20.660028139418486,55.22850363543208
epigenomics_4535_filterContams_258,18.880710620886248,55.41949901233414
epigenomics_4535_filterContams_259,27.102321648073513,71.91205826760569
epigenomics_4535_filterContams_260,21.522100800620084,72.99957580105108
epigenomics_4535_filterContams_261,18.14921320401706,70.41526737893561
epigenomics_4535_filterContams_262,15.74154096731683,70.8141095894616
epigenomics_4535_filterContams_263,17.455025347975507,47.60670283146902
epigenomics_4535_filterContams_264,18.33757956864366,55.75492608015961
epigenomics_4535_filterContams_265,23.94034777404519,76.72678640533093
epigenomics_4535_filterContams_266,18.308741458607447,71.49342184220185
epigenomics_4535_filterContams_267,19.350128285601546,68.2936521810421
epigenomics_4535_filterContams_268,20.012205784542914,54.12535710530265
epigenomics_4535_filterContams_269,16.498566319392804,58.17617895357081
epigenomics_4535_filterContams_270,25.132579879113436,55.83602695739094
epigenomics_4535_filterContams_271,14.990347971110701,68.9409346893596
epigenomics_4535_filterContams_272,20.786435494565406,62.12039450335722
epigenomics_4535_filterContams_273,21.595961346308915,70.36574200117019
epigenomics_4535_filterContams_274,22.821982784597303,59.60642705169652
epigenomics_4535_filterContams_275,20.765597101801692,60.573493707384785
epigenomics_4535_filterContams_276,19.013918493361803,59.509448579224866
epigenomics_4535_filterContams_277,16.831698686519864,68.5760016567815
epigenomics_4535_filterContams_278,20.707789477041413,76.60297309898951
epigenomics_4535_filterContams_279,24.279625054023096,73.12081967213982
epigenomics_4535_filterContams_280,23.853732478168414,70.73908874575284
epigenomics_4535_filterContams_281,21.70901920366228,62.47365283893813
epigenomics_4535_filterContams_282,15.21199646858232,80.81024923319013
epigenomics_4535_filterContams_283,17.350221345927675,53.21679176911504
epigenomics_4535_filterContams_284,24.32825714854068,67.19021569871256
epigenomics_4535_filterContams_285,15.388334935948967,69.31154942633533
epigenomics_4535_filterContams_286,18.88213268374625,43.33746729590168
epigenomics_4535_filterContams_287,21.989005410892208,80.19267311088372
epigenomics_4535_filterContams_288,17.111713545950625,54.450871767245786
epigenomics_4535_filterContams_289,15.86020636308671,59.46181529630927
epigenomics_4535_filterContams_290,17.337696938140702,69.72918699522852
epigenomics_4535_filterContams_291,12.97952828749881,61.23387945430864
epigenomics_4535_filterContams_292,21.617858316201325,80.40682784629553
epigenomics_4535_filterContams_293,19.91834914084443,82.64391492266904
epigenomics_4535_filterContams_294,18.644346591459243,52.643470807417195
epigenomics_4535_filterContams_295,17.937165317722965,72.26736066074363
epigenomics_4535_filterContams_296,20.065961780591092,69.53161455683146
epigenomics_4535_filterContams_297,17.9080339951525,60.34324572294164
epigenomics_4535_filterContams_298,17.16025893667289,58.97400777197194
epigenomics_4535_filterContams_299,22.374504125788196,60.97528474555644
epigenomics_4535_filterContams_300,19.915488432658478,56.87755447029482
epigenomics_4535_filterContams_301,18.62862112453008,54.92265571808255
epigenomics_4535_filterContams_302,20.62509659272063,66.04989410346869
epigenomics_4535_filterContams_303,18.78604988049342,62.12179662171006
epigenomics_4535_filterContams_304,22.85580156277515,62.20803672638827
epigenomics_4535_filterContams_305,23.43996147991895,64.48606835655693
epigenomics_4535_filterContams_306,13.17891328165148,48.76073844138641
epigenomics_4535_filterContams_307,24.126468280631173,59.22080703191898
epigenomics_4535_filterContams_308,20.09824265021619,42.510088722907454
epigenomics_4535_filterContams_309,24.56275215696278,67.34716353638608
epigenomics_4535_filterContams_310,18.82428392209987,75.97825846211828
epigenomics_4535_filterContams_311,23.272664868869118,63.43245622359077
epigenomics_4535_filterContams_312,17.874958261899636,76.09994674249587
epigenomics_4535_filterContams_313,25.65764763260557,59.657569713921866
epigenomics_4535_filterContams_314,17.65342376070874,78.25982914115521
epigenomics_4535_filterContams_315,16.92543474253068,55.611474205205006
epigenomics_4535_filterContams_316,21.25193096646471,64.90060883059789
epigenomics_4535_filterContams_317,22.059605350461435,65.20251539861106
epigenomics_4535_filterContams_318,19.806581639898432,85.37260376324086
epigenomics_4535_filterContams_319,15.865798212478536,50.938836922101075
epigenomics_4535_filterContams_320,18.473945916884468,65.221691404789
epigenomics_4535_filterContams_321,20.524048855669246,56.13827842687058
epigenomics_4535_filterContams_322,22.521016939677423,66.54943947888592
epigenomics_4535_filterContams_323,25.71809914890099,71.97513223906809
epigenomics_4535_filterContams_324,20.584536056331952,70.01723291501825
epigenomics_4535_filterContams_325,18.34865499369156,71.7481076306861
epigenomics_4535_filterContams_326,17.982622512180622,72.98666530410685
epigenomics_4535_filterContams_327,23.958109929540523,59.809532125903594
epigenomics_4535_filterContams_328,20.89212666692598,67.89633855466833
epigenomics_4535_filterContams_329,16.648708335125676,64.81173453791506
epigenomics_4535_filterContams_330,17.16982614663431,62.01441416714057
epigenomics_4535_filterContams_331,21.895570375106452,74.978250794982
epigenomics_4535_filterContams_332,21.472904771528427,61.91124427107748
epigenomics_4535_filterContams_333,23.582581472521163,68.10322938773277
epigenomics_4535_filterContams_334,16.13990537669921,72.74162849923927
epigenomics_4535_filterContams_335,21.359842550961538,74.02835586776847
epigenomics_4535_filterContams_336,14.66819911580779,66.53146899172462
epigenomics_4535_filterContams_337,16.24318582332952,75.71929016056549
epigenomics_4535_filterContams_338,18.055223368516483,73.79259395776657
epigenomics_4535_filterContams_339,23.87666829790588,57.89146772752074
epigenomics_4535_filterContams_340,22.373558512297482,49.70531561087756
epigenomics_4535_filterContams_341,18.370518821010307,67.23506771237987
epigenomics_4535_filterContams_342,22.267653037261464,66.85283570901541
epigenomics_4535_filterContams_343,17.936010030407125,66.30040033845616
epigenomics_4535_filterContams_344,22.78985324815794,78.52059876059785
epigenomics_4535_filterContams_345,17.493224990097,85.72567709553914
epigenomics_4535_filterContams_346,19.94266363933438,54.14583698845426
epigenomics_4535_filterContams_347,23.452924166248415,56.94859617386679
epigenomics_4535_filterContams_348,23.45536047192566,76.60601263252
epigenomics_4535_filterContams_349,19.90750788537227,68.27377485320478
epigenomics_4535_filterContams_350,20.615346257919516,63.551134047700934
epigenomics_4535_filterContams_351,19.52662917042902,65.64214409696407
epigenomics_4535_filterContams_352,19.768097779151162,65.38544600176981
epigenomics_4535_filterContams_353,20.897246814933457,57.79041111411857
epigenomics_4535_filterContams_354,19.347760496007286,56.78945184183112
epigenomics_4535_filterContams_355,21.542115470685196,64.38230821283393
epigenomics_4535_filterContams_356,17.846395355543176,55.76657303314706
epigenomics_4535_filterContams_357,27.660162010358057,66.75918082961756
epigenomics_4535_filterContams_358,17.854658692622635,69.57727368348432
epigenomics_4535_filterContams_359,17.158238256675524,66.31732566207313
epigenomics_4535_filterContams_360,19.462941846078703,66.3469986008882
epigenomics_4535_filterContams_361,18.55571663926088,72.4489583345547
epigenomics_4535_filterContams_362,24.29061817255381,64.053888188237
epigenomics_4535_filterContams_363,26.635120989395965,54.69150017789709
epigenomics_4535_filterContams_364,16.539075842498633,74.01948803428654
epigenomics_4535_filterContams_365,18.32803014616944,58.27458485432694
epigenomics_4535_filterContams_366,20.83002864948532,52.35884122433261
epigenomics_4535_filterContams_367,16.605719484931424,74.57321003927989
epigenomics_4535_filterContams_368,14.15512521813051,69.35681752067482
epigenomics_4535_filterContams_369,27.417367231856815,71.72839197262513
epigenomics_4535_filterContams_370,21.052562420338994,67.16593906389849
epigenomics_4535_filterContams_371,22.853034294841343,60.91252846868504
epigenomics_4535_filterContams_372,20.328750320320164,63.57588058807228
epigenomics_4535_filterContams_373,20.09767704488984,68.96204110705544
epigenomics_4535_filterContams_374,13.983779899306207,59.97220898816489
epigenomics_4535_filterContams_375,21.963078796379648,70.74873520884832
epigenomics_4535_filterContams_376,14.696869048565876,65.96474564635966
epigenomics_4535_filterContams_377,21.464091895202586,56.845360392376406
epigenomics_4535_filterContams_378,21.336375722353704,65.99160858251251
epigenomics_4535_filterContams_379,21.861267826413254,62.00696823765686
epigenomics_4535_filterContams_380,18.965413969841677,64.60720551538586
epigenomics_4535_filterContams_381,21.48558138112182,60.564418125247194
epigenomics_4535_filterContams_382,25.842710832540373,60.179569779752626
epigenomics_4535_filterContams_383,17.2107391351827,67.2180632792403
epigenomics_4535_filterContams_384,21.332671617463742,63.463901477938016
epigenomics_4535_filterContams_385,21.532382809572542,71.85050326701543
epigenomics_4535_filterContams_386,20.958777722370765,81.29253606454706
epigenomics_4535_filterContams_387,17.066623373383745,70.68752676535793
epigenomics_4535_filterContams_388,21.53763560452085,74.65476894857098
epigenomics_4535_filterContams_389,19.59800409942968,67.90699406451041
epigenomics_4535_filterContams_390,21.982417885740546,71.11243295021325
epigenomics_4535_filterContams_391,22.776966296877273,60.526022752422065
epigenomics_4535_filterContams_392,12.16279650924415,73.3957428131897
epigenomics_4535_filterContams_393,17.55115188126547,68.92203725663019
epigenomics_4535_filterContams_394,16.186142995217068,78.6752156227764
epigenomics_4535_filterContams_395,15.70389516202,58.36150517836036
epigenomics_4535_filterContams_396,24.993474067324215,71.27800946593212
epigenomics_4535_filterContams_397,18.70694987190319,59.114223251183915
epigenomics_4535_filterContams_398,26.61217724937694,73.43227746970298
epigenomics_4535_filterContams_399,17.97635250043944,67.52890835354265
epigenomics_4535_filterContams_400,21.98511090404616,66.41671721505996
epigenomics_4535_filterContams_401,20.637718103270462,67.88647834925162
epigenomics_4535_filterContams_402,17.258750799723522,66.4492725131858
epigenomics_4535_filterContams_403,17.629193448333254,73.30332678948082
epigenomics_4535_filterContams_404,22.061068024648886,66.02444770822466
epigenomics_4535_filterContams_405,19.67183505150752,68.08751121863139
epigenomics_4535_filterContams_406,21.602517317430156,64.2915003051517
epigenomics_4535_filterContams_407,18.35488771532834,83.0192953008443
epigenomics_4535_filterContams_408,25.853694931955047,69.22484560645431
epigenomics_4535_filterContams_409,26.095986631308797,66.30702957567385
epigenomics_4535_filterContams_410,20.547198838276316,56.737544759643086
epigenomics_4535_filterContams_411,20.868254405075668,64.03579136768951
epigenomics_4535_filterContams_412,21.193514105753998,64.54324808244851
epigenomics_4535_filterContams_413,18.636629128467764,60.8369456400811
epigenomics_4535_filterContams_414,15.833768103303663,69.61258273650326
epigenomics_4535_filterContams_415,19.40235068460042,58.87846708671314
epigenomics_4535_filterContams_416,18.326025679209344,55.27425358840556
epigenomics_4535_filterContams_417,19.714962509075104,63.06752893010211
epigenomics_4535_filterContams_418,21.932987765940787,68.29167266694363
epigenomics_4535_filterContams_419,18.80734788469387,73.09970441608934
epigenomics_4535_filterContams_420,22.118273390362333,78.38689009918482
epigenomics_4535_filterContams_421,20.09482271162584,62.96221426386706
epigenomics_4535_filterContams_422,21.986862593541705,57.64147680806496
epigenomics_4535_filterContams_423,24.379166094378686,63.73658449403594
epigenomics_4535_filterContams_424,20.453209054088493,63.24932197915734
epigenomics_4535_filterContams_425,22.557358716256456,78.08689688287383
epigenomics_4535_filterContams_426,18.120851407969965,72.24180453134305
epigenomics_4535_filterContams_427,9.06825616624444,65.30544103418366
epigenomics_4535_filterContams_428,22.382729711086675,78.17835623413508
epigenomics_4535_filterContams_429,19.536624764953796,68.26020876284939
epigenomics_4535_filterContams_430,18.095801771859353,57.98068041926007
epigenomics_4535_filterContams_431,17.416532962925103,67.80383514296192
epigenomics_4535_filterContams_432,19.257150023261616,53.33049749963149
epigenomics_4535_filterContams_433,17.70641190711735,65.05695720039198
epigenomics_4535_filterContams_434,16.959227069185964,70.41735822786015
epigenomics_4535_filterContams_435,20.648200154399568,64.15373656159002
epigenomics_4535_filterContams_436,21.822566488270006,62.23336371285292
epigenomics_4535_filterContams_437,20.996479461590503,72.67733539318782
epigenomics_4535_filterContams_438,21.041055842325434,64.11741616862996
epigenomics_4535_filterContams_439,23.542092355744728,56.18697597476754
epigenomics_4535_filterContams_440,22.532928613907785,73.22564402067724
epigenomics_4535_filterContams_441,24.83542794592949,74.08443440551008
epigenomics_4535_filterContams_442,22.00580107335609,66.47015358814824
epigenomics_4535_filterContams_443,21.441338518807157,73.42651314758518
epigenomics_4535_filterContams_444,19.999932208168573,69.98197382959071
epigenomics_4535_filterContams_445,20.72793187438618,70.56254838062864
epigenomics_4535_filterContams_446,21.73009266580827,60.79806238093568
epigenomics_4535_filterContams_447,21.740443768660867,70.27655237597007
epigenomics_4535_filterContams_448,23.421224132582665,61.32629209527621
epigenomics_4535_filterContams_449,16.26610550156328,46.689400039230584
epigenomics_4535_filterContams_450,19.726000225534445,75.6873495884363
epigenomics_4535_filterContams_451,21.607676709605055,60.33890309023177
epigenomics_4535_filterContams_452,23.5564039124486,74.77491567033528
epigenomics_4535_filterContams_453,16.378144249753944,63.87101888843157
epigenomics_4535_filterContams_454,20.14655494268171,59.07972756776285
epigenomics_4535_filterContams_455,19.60885474116533,62.79379386548888
epigenomics_4535_filterContams_456,18.562232550985087,57.86131475415637
epigenomics_4535_filterContams_457,21.27924393400234,67.36915407465966
epigenomics_4535_filterContams_458,18.325309059189863,76.57790847520617
epigenomics_4535_filterContams_459,22.742326376169913,69.11354907567805
epigenomics_4535_filterContams_460,19.113317178238688,69.03629219882525
epigenomics_4535_filterContams_461,20.5465774043583,54.08698223567173
epigenomics_4535_filterContams_462,16.178511361652493,66.0889159683729
epigenomics_4535_filterContams_463,22.230139881359673,72.06582936608163
epigenomics_4535_filterContams_464,20.1232962560234,73.25431775746829
epigenomics_4535_filterContams_465,17.978369172870906,62.67426572201684
epigenomics_4535_filterContams_466,19.146912822045763,64.80176612817695
epigenomics_4535_filterContams_467,19.133731335336904,67.86214156553702
epigenomics_4535_filterContams_468,19.69004936876449,61.14479809339882
epigenomics_4535_filterContams_469,19.227202992539734,63.11963606805578
epigenomics_4535_filterContams_470,19.937717336060192,61.12481735934483
epigenomics_4535_filterContams_471,23.39318979990614,54.25691033513454
epigenomics_4535_filterContams_472,16.346844826832097,76.12407813368728
epigenomics_4535_filterContams_473,20.75823056727514,52.00118252181052
epigenomics_4535_filterContams_474,27.1749475523459,51.34506672455198
epigenomics_4535_filterContams_475,19.651493198594263,56.371759884103895
epigenomics_4535_filterContams_476,19.093495976419682,68.30426417930911
epigenomics_4535_filterContams_477,17.762073752000717,66.82652683538264
epigenomics_4535_filterContams_478,20.822483749815802,62.17139680856895
epigenomics_4535_filterContams_479,24.080362304650574,77.3158270383795
epigenomics_4535_filterContams_480,20.434653045914196,73.72734916472598
epigenomics_4535_filterContams_481,15.51914065793509,59.66468846142945
epigenomics_4535_filterContams_482,17.84183294494996,70.02207977045492
epigenomics_4535_filterContams_483,14.093197538991358,79.72513274996199
epigenomics_4535_filterContams_484,21.60254087451221,63.01754117062793
epigenomics_4535_filterContams_485,17.91972002902631,68.19828935937505
epigenomics_4535_filterContams_486,20.775489655174574,60.45102473440554
epigenomics_4535_filterContams_487,24.198742708896596,60.2123692191879
epigenomics_4535_filterContams_488,16.789062583173852,56.72435091319309
epigenomics_4535_filterContams_489,20.737831855904467,59.875149687251266
epigenomics_4535_filterContams_490,15.075913063031791,60.545889355689425
epigenomics_4535_filterContams_491,22.52468425884954,62.35998388573224
epigenomics_4535_filterContams_492,23.412375826341446,65.5243898774039
epigenomics_4535_filterContams_493,21.08576578051697,48.8993783775261
epigenomics_4535_filterContams_494,18.551766860020745,56.17387400153571
epigenomics_4535_filterContams_495,20.559516972677102,67.45479799288468
epigenomics_4535_filterContams_496,19.002579544284547,60.86271380547045
epigenomics_4535_filterContams_497,19.38378624917961,58.97021083005243
epigenomics_4535_filterContams_498,18.65086693741331,72.52162842512237
epigenomics_4535_filterContams_499,17.41710135771431,61.53425996224959
epigenomics_4535_sol2sanger_0,81.98646689683065,46.165598442980745
epigenomics_4535_sol2sanger_1,83.88454687758758,42.21763106702575
epigenomics_4535_sol2sanger_2,78.80247800343362,28.381991238758864
epigenomics_4535_sol2sanger_3,82.17779607246601,48.57117817889143
epigenomics_4535_sol2sanger_4,86.43941011002312,35.42152073479144
epigenomics_4535_sol2sanger_5,88.28258857117714,47.57963412425037
epigenomics_4535_sol2sanger_6,78.40123504113416,43.4821429622241
epigenomics_4535_sol2sanger_7,82.94689194615988,55.638809003949625
epigenomics_4535_sol2sanger_8,88.07095417164993,50.29909451849832
epigenomics_4535_sol2sanger_9,72.44821841145497,39.32309466626652
epigenomics_4535_sol2sanger_10,71.073450020332,40.36551235190279
epigenomics_4535_sol2sanger_11,77.78325328172977,40.06151820595198
epigenomics_4535_sol2sanger_12,84.51318779950043,31.55683244382208
epigenomics_4535_sol2sanger_13,74.2096814077305,38.569268177695044
epigenomics_4535_sol2sanger_14,78.527047766857,49.965409759086256
epigenomics_4535_sol2sanger_15,77.91147506769488,48.635480193985146
epigenomics_4535_sol2sanger_16,82.33109600319105,60.530419545363486
epigenomics_4535_sol2sanger_17,93.6214648406964,52.997002313589626
epigenomics_4535_sol2sanger_18,82.87190742132422,49.7517246477893
epigenomics_4535_sol2sanger_19,75.53164396479066,53.164753472563525
epigenomics_4535_sol2sanger_20,77.17280662077607,48.45606853099769
epigenomics_4535_sol2sanger_21,87.73881073374616,49.66291252041034
epigenomics_4535_sol2sanger_22,89.85766587905421,53.64112643538468
epigenomics_4535_sol2sanger_23,69.03954084615297,42.28303307483121
epigenomics_4535_sol2sanger_24,86.99577018091604,35.85917982804864
epigenomics_4535_sol2sanger_25,79.50764924355173,39.985543840244006
epigenomics_4535_sol2sanger_26,80.40565508496533,52.1122367216219
epigenomics_4535_sol2sanger_27,83.62648602541653,49.0301250609872
epigenomics_4535_sol2sanger_28,78.9274046900855,30.01303041648452
epigenomics_4535_sol2sanger_29,81.02298740817868,48.48879560223107
epigenomics_4535_sol2sanger_30,74.87844947697683,49.222562727430144
epigenomics_4535_sol2sanger_31,73.47725466405501,40.89670742768425
epigenomics_4535_sol2sanger_32,77.0792883635274,54.68968578877656
epigenomics_4535_sol2sanger_33,78.05873142783356,56.463910812100096
epigenomics_4535_sol2sanger_34,76.34209132722297,56.415541493585884
epigenomics_4535_sol2sanger_35,79.24602306300352,59.05863252824524
epigenomics_4535_sol2sanger_36,85.70225009136739,45.168117161148686
epigenomics_4535_sol2sanger_37,74.1785567291509,56.90099654890558
epigenomics_4535_sol2sanger_38,76.67207307918365,42.3732520095494
epigenomics_4535_sol2sanger_39,81.9340599009453,44.67232410939826
epigenomics_4535_sol2sanger_40,89.17680068154115,45.01716714237539
epigenomics_4535_sol2sanger_41,81.11683208571331,47.580286227628704
epigenomics_4535_sol2sanger_42,78.17737046783256,15.3831011335621
epigenomics_4535_sol2sanger_43,79.64090197505594,37.90537520755168
epigenomics_4535_sol2sanger_44,82.09598210681999,43.58125074404452
epigenomics_4535_sol2sanger_45,68.90468020553939,49.76452927398881
epigenomics_4535_sol2sanger_46,88.3973848549056,50.44169251259353
epigenomics_4535_sol2sanger_47,81.95812382774544,45.49770255296914
epigenomics_4535_sol2sanger_48,82.56297975880499,35.03139469404316
epigenomics_4535_sol2sanger_49,80.44336646804365,47.859499281156324
epigenomics_4535_sol2sanger_50,76.4799674573891,52.64044832741818
epigenomics_4535_sol2sanger_51,74.12269533149122,51.71665188933101
epigenomics_4535_sol2sanger_52,82.09902037127988,42.06460610150745
epigenomics_4535_sol2sanger_53,73.77640281534397,48.74517917963616
epigenomics_4535_sol2sanger_54,85.71163337861508,62.05009605688103
epigenomics_4535_sol2sanger_55,92.12510408686873,41.214311331347425
epigenomics_4535_sol2sanger_56,88.5087300445109,38.33726253885548
epigenomics_4535_sol2sanger_57,86.15603494596613,49.33784341273568
epigenomics_4535_sol2sanger_58,82.65636176974132,41.89021497059356
epigenomics_4535_sol2sanger_59,81.51731073212807,45.14018860055831
epigenomics_4535_sol2sanger_60,85.17786599049353,43.70174120296945
epigenomics_4535_sol2sanger_61,79.79030327940008,40.967006923126455
epigenomics_4535_sol2sanger_62,81.49844180181374,54.13331605498502
epigenomics_4535_sol2sanger_63,81.18880652932292,45.16501552583027
epigenomics_4535_sol2sanger_64,77.65374945882083,48.299212098625105
epigenomics_4535_sol2sanger_65,88.83396475580224,45.08742512066395
epigenomics_4535_sol2sanger_66,85.02166808911655,31.20269864735475
epigenomics_4535_sol2sanger_67,81.56783398963564,43.83818979771308
epigenomics_4535_sol2sanger_68,82.46013236727362,42.89393288700978
epigenomics_4535_sol2sanger_69,83.05055492507685,52.05467520081033
epigenomics_4535_sol2sanger_70,73.97650694056254,42.77639107593758
epigenomics_4535_sol2sanger_71,76.7099656004443,62.45161086385269
epigenomics_4535_sol2sanger_72,86.76124209152644,34.83741765760329
epigenomics_4535_sol2sanger_73,78.06806791987506,42.63899999152417
epigenomics_4535_sol2sanger_74,78.36607859327391,45.952355554866415
epigenomics_4535_sol2sanger_75,84.90791777751934,37.4862626418762
epigenomics_4535_sol2sanger_76,76.19630236038427,51.62113923644975
epigenomics_4535_sol2sanger_77,78.06409912724742,29.044193887836933
epigenomics_4535_sol2sanger_78,73.11306540555339,48.364102628012404
epigenomics_4535_sol2sanger_79,82.57140164604266,46.42038773754481
epigenomics_4535_sol2sanger_80,77.84479117335742,35.72504454658614
epigenomics_4535_sol2sanger_81,81.50863462430704,47.20625325382523
epigenomics_4535_sol2sanger_82,81.81580944709822,44.25685341477022
epigenomics_4535_sol2sanger_83,83.36665081362659,47.99944282608195
epigenomics_4535_sol2sanger_84,73.82985360773924,50.98685689342967
epigenomics_4535_sol2sanger_85,77.84881412414367,38.043549521608405
epigenomics_4535_sol2sanger_86,81.28924507854974,49.94995554567657
epigenomics_4535_sol2sanger_87,78.36237099119654,48.52890897741112
epigenomics_4535_sol2sanger_88,86.83144010100952,27.723334567980316
epigenomics_4535_sol2sanger_89,78.37214356270096,40.17101700788578
epigenomics_4535_sol2sanger_90,73.70587222770473,50.121837405678505
epigenomics_4535_sol2sanger_91,86.30830506968574,55.33419541113218
epigenomics_4535_sol2sanger_92,80.09494678822512,36.03055778523967
epigenomics_4535_sol2sanger_93,79.24252583928737,51.255768839780096
epigenomics_4535_sol2sanger_94,75.32502552105325,37.8503410756908
epigenomics_4535_sol2sanger_95,89.80345348999998,49.01572205083791
epigenomics_4535_sol2sanger_96,75.85844814856178,54.63830090011284
epigenomics_4535_sol2sanger_97,79.47409143706498,58.403884517897055
epigenomics_4535_sol2sanger_98,75.12200131395917,44.03899515850377
epigenomics_4535_sol2sanger_99,77.82464764220008,43.37989393330373
epigenomics_4535_sol2sanger_100,81.50360785263216,39.85079262493792
epigenomics_4535_sol2sanger_101,82.27076963219449,43.735899323324325
epigenomics_4535_sol2sanger_102,82.53138593565603,40.413304256032106
epigenomics_4535_sol2sanger_103,70.83707903028503,60.65071302710259
epigenomics_4535_sol2sanger_104,80.68025119858893,48.08906011973745
epigenomics_4535_sol2sanger_105,85.5069783462782,28.53538778214168
epigenomics_4535_sol2sanger_106,81.64278357672053,47.90535308253005
epigenomics_4535_sol2sanger_107,82.89048817417535,51.518744964100215
epigenomics_4535_sol2sanger_108,77.78545114586721,25.461338010847786
epigenomics_4535_sol2sanger_109,81.10220582809484,49.93539634985343
epigenomics_4535_sol2sanger_110,75.94776183637711,43.47885792744092
epigenomics_4535_sol2sanger_111,73.49787285039483,38.71035687997282
epigenomics_4535_sol2sanger_112,72.67850266303202,55.146916156647265
epigenomics_4535_sol2sanger_113,82.8407308706796,50.890103232938465
epigenomics_4535_sol2sanger_114,77.8691596140566,50.227196018033524
epigenomics_4535_sol2sanger_115,83.31833953086348,39.321917730367325
epigenomics_4535_sol2sanger_116,80.34757419725045,58.24569030228532
epigenomics_4535_sol2sanger_117,86.86609550839677,38.26492900459001
epigenomics_4535_sol2sanger_118,75.7473920112345,56.46756716244484
epigenomics_4535_sol2sanger_119,86.16107485816973,32.70454978206956
epigenomics_4535_sol2sanger_120,87.17348709749888,50.798864046026786
epigenomics_4535_sol2sanger_121,77.14423161602673,52.1869628327622
epigenomics_4535_sol2sanger_122,75.19900284443835,42.295521517711215
epigenomics_4535_sol2sanger_123,81.03489127187996,61.02373370344829
epigenomics_4535_sol2sanger_124,85.89405999332408,45.14172179022277
epigenomics_4535_sol2sanger_125,81.65375666078509,37.487649376357865
epigenomics_4535_sol2sanger_126,74.9224474000082,43.271041398653196
epigenomics_4535_sol2sanger_127,83.35372560776331,37.61687350866991
epigenomics_4535_sol2sanger_128,81.48199914325708,49.92077504667945
epigenomics_4535_sol2sanger_129,73.71191672080454,30.15536577764955
epigenomics_4535_sol2sanger_130,82.79157827570857,42.81767416252136
epigenomics_4535_sol2sanger_131,89.20811852007085,49.86270882816287
epigenomics_4535_sol2sanger_132,76.79191501456957,35.01047429735654
epigenomics_4535_sol2sanger_133,76.70215467522512,47.72935748318228
epigenomics_4535_sol2sanger_134,81.97956956938218,43.48618897034628
epigenomics_4535_sol2sanger_135,79.64559741173495,36.01061462173133
epigenomics_4535_sol2sanger_136,84.96303842686353,35.92929194120383
epigenomics_4535_sol2sanger_137,83.12327966034975,48.31688819079968
epigenomics_4535_sol2sanger_138,84.05136676937859,39.2266352482719
epigenomics_4535_sol2sanger_139,80.96291122488527,57.602348907076276
epigenomics_4535_sol2sanger_140,72.89095998280372,53.4534153044212
epigenomics_4535_sol2sanger_141,87.89597674113531,26.04071266760238
epigenomics_4535_sol2sanger_142,87.3975545650193,30.79197189322587
epigenomics_4535_sol2sanger_143,86.35505542653749,45.8474076838438
epigenomics_4535_sol2sanger_144,80.945099106453,38.76121828617681
epigenomics_4535_sol2sanger_145,72.2965690790313,47.36707886761317
epigenomics_4535_sol2sanger_146,74.65056057103499,38.12591728824044
epigenomics_4535_sol2sanger_147,80.40093458720327,45.142498549470474
epigenomics_4535_sol2sanger_148,74.25780951273737,50.154855012544914
epigenomics_4535_sol2sanger_149,83.38315122082547,45.370577292815526
epigenomics_4535_sol2sanger_150,79.0466405937388,41.774589986905106
epigenomics_4535_sol2sanger_151,79.05031770674726,40.89232768727993
epigenomics_4535_sol2sanger_152,72.93525851746499,42.584781768064396
epigenomics_4535_sol2sanger_153,80.9418887372244,42.694487752567795
epigenomics_4535_sol2sanger_154,78.79439042510295,43.629621009012055
epigenomics_4535_sol2sanger_155,75.74871111593497,32.741328561787356
epigenomics_4535_sol2sanger_156,81.96538538718544,35.81142230383547
epigenomics_4535_sol2sanger_157,68.31415051520305,54.05394125072377
epigenomics_4535_sol2sanger_158,82.90739947040201,52.51609923133241
epigenomics_4535_sol2sanger_159,75.91815300827878,40.77324221468703
epigenomics_4535_sol2sanger_160,87.70212024767409,46.13605033796762
epigenomics_4535_sol2sanger_161,84.13619236832524,41.36579264754473
epigenomics_4535_sol2sanger_162,86.15907150146003,42.08077857473794
epigenomics_4535_sol2sanger_163,82.22356155155389,45.21233135929028
epigenomics_4535_sol2sanger_164,77.18851264206558,39.57690399669951
epigenomics_4535_sol2sanger_165,80.64365334295873,49.72799925037561
epigenomics_4535_sol2sanger_166,82.46980443294565,48.33911525856449
epigenomics_4535_sol2sanger_167,80.30915307842197,35.84427214654004
epigenomics_4535_sol2sanger_168,79.91171247147625,40.78016315561256
epigenomics_4535_sol2sanger_169,68.94254800456956,34.583578067517784
epigenomics_4535_sol2sanger_170,82.86684387468163,43.20414365691791
epigenomics_4535_sol2sanger_171,73.18017463890003,30.136780183396965
epigenomics_4535_sol2sanger_172,82.90121071030245,48.6482451984945
epigenomics_4535_sol2sanger_173,87.71405399625127,43.78320507351509
epigenomics_4535_sol2sanger_174,73.95061462171711,46.94838291128277
epigenomics_4535_sol2sanger_175,77.27808295565706,36.67471063332921
epigenomics_4535_sol2sanger_176,75.76220762494752,34.20318846945914
epigenomics_4535_sol2sanger_177,79.0052575283359,60.92316913032508
epigenomics_4535_sol2sanger_178,78.94010726618914,38.48942149289354
epigenomics_4535_sol2sanger_179,80.47046140865307,37.741983074300606
epigenomics_4535_sol2sanger_180,77.28689756317563,44.6355364787539
epigenomics_4535_sol2sanger_181,89.43782007908665,45.606055149277495
epigenomics_4535_sol2sanger_182,78.56037057463263,39.883063382727364
epigenomics_4535_sol2sanger_183,83.86759659164042,40.00178149154091
epigenomics_4535_sol2sanger_184,82.10447653022158,41.17485509070443
epigenomics_4535_sol2sanger_185,80.77389588938401,54.50298654659831
epigenomics_4535_sol2sanger_186,84.23266267121252,41.11590893852981
epigenomics_4535_sol2sanger_187,77.78082464032303,46.056639466905075
epigenomics_4535_sol2sanger_188,76.87999861077263,38.886573073731064
epigenomics_4535_sol2sanger_189,76.81643022794366,32.93696236343193
epigenomics_4535_sol2sanger_190,70.2383449625893,42.50396254581829
epigenomics_4535_sol2sanger_191,82.8348440247835,47.08647122575149
epigenomics_4535_sol2sanger_192,88.04650703574148,35.083793068122844
epigenomics_4535_sol2sanger_193,75.69052630648079,45.13246471188397
epigenomics_4535_sol2sanger_194,77.91942042691144,51.6796404431617
epigenomics_4535_sol2sanger_195,80.25892674607539,46.043987147883186
epigenomics_4535_sol2sanger_196,84.9036291739206,61.451299288970425
epigenomics_4535_sol2sanger_197,75.61200058041408,50.4155375474948
epigenomics_4535_sol2sanger_198,78.79053331044945,51.52808547028916
epigenomics_4535_sol2sanger_199,72.9071123811093,31.08393749751594
epigenomics_4535_sol2sanger_200,76.16152720315729,38.89007775990851
epigenomics_4535_sol2sanger_201,76.84428686553561,43.90585424938451
epigenomics_4535_sol2sanger_202,78.23657307368144,44.152383503221145
epigenomics_4535_sol2sanger_203,83.71792414110952,47.27921798449044
epigenomics_4535_sol2sanger_204,81.96116977938766,41.76482455638438
epigenomics_4535_sol2sanger_205,85.99452955466344,42.60102329111051
epigenomics_4535_sol2sanger_206,70.50397171502135,50.99792147631171
epigenomics_4535_sol2sanger_207,79.92720538307857,34.063921581434954
epigenomics_4535_sol2sanger_208,76.34713677899119,42.169757003480804
epigenomics_4535_sol2sanger_209,79.70142470761556,47.30587223733158
epigenomics_4535_sol2sanger_210,84.40161174727287,50.774255732013515
epigenomics_4535_sol2sanger_211,81.67295675472305,44.27810867322438
epigenomics_4535_sol2sanger_212,80.04398480384624,34.46485337272078
epigenomics_4535_sol2sanger_213,81.05727776787229,45.744323921544485
epigenomics_4535_sol2sanger_214,77.55985025164043,40.35123091032391
epigenomics_4535_sol2sanger_215,73.76935031841816,45.39215518210961
epigenomics_4535_sol2sanger_216,76.95204322472887,50.23100498943241
epigenomics_4535_sol2sanger_217,83.06396669077472,47.260115852678304
epigenomics_4535_sol2sanger_218,79.73689976056427,52.19580766009685
epigenomics_4535_sol2sanger_219,76.60142252603396,55.15091318075738
epigenomics_4535_sol2sanger_220,83.00165616388443,37.838522893459384
epigenomics_4535_sol2sanger_221,82.48346695826373,34.709183144684275
epigenomics_4535_sol2sanger_222,83.95341650636033,55.348037607875035
epigenomics_4535_sol2sanger_223,87.6420504536136,52.49187346560649
epigenomics_4535_sol2sanger_224,81.64998170696202,26.128281405120116
epigenomics_4535_sol2sanger_225,80.6571730737404,54.226559557787624
epigenomics_4535_sol2sanger_226,78.12130410685755,56.60263269958452
epigenomics_4535_sol2sanger_227,72.21024154981133,35.981607052104295
epigenomics_4535_sol2sanger_228,83.75181905858338,39.32531327095332
epigenomics_4535_sol2sanger_229,76.64139508011651,56.253743833846755
epigenomics_4535_sol2sanger_230,78.43969387810161,48.787051432316474
epigenomics_4535_sol2sanger_231,74.96153218416842,54.625087674164924
epigenomics_4535_sol2sanger_232,86.86272886052299,38.94201710883789
epigenomics_4535_sol2sanger_233,85.57728655521653,39.488941207481524
epigenomics_4535_sol2sanger_234,85.17510793839712,38.30497264062397
epigenomics_4535_sol2sanger_235,85.68340751761092,56.43271007043702
epigenomics_4535_sol2sanger_236,79.48543548234346,46.780394416247255
epigenomics_4535_sol2sanger_237,80.97023663610085,46.30521836772664
epigenomics_4535_sol2sanger_238,75.38798412045985,42.33562615280255
epigenomics_4535_sol2sanger_239,91.71061286320966,44.79502969098568
epigenomics_4535_sol2sanger_240,77.0374262419143,47.56301868758722
epigenomics_4535_sol2sanger_241,77.41216001694502,38.96821251981412
epigenomics_4535_sol2sanger_242,75.2099410779338,43.4377558208001
epigenomics_4535_sol2sanger_243,84.71571696900568,49.15550628617729
epigenomics_4535_sol2sanger_244,84.8154707550188,37.4232502752642
epigenomics_4535_sol2sanger_245,71.22598063999908,54.22326991433016
epigenomics_4535_sol2sanger_246,80.18164918486993,36.08200748321829
epigenomics_4535_sol2sanger_247,81.23516642160672,39.454273377092875
epigenomics_4535_sol2sanger_248,75.84291887360301,66.90412519935607
epigenomics_4535_sol2sanger_249,84.17221803398772,44.85722066863767
epigenomics_4535_sol2sanger_250,82.3730806230884,47.38370198731329
epigenomics_4535_sol2sanger_251,80.59424600297669,45.261288321902306
epigenomics_4535_sol2sanger_252,83.27564858751421,31.96748012753491
epigenomics_4535_sol2sanger_253,78.48865827976128,55.24327434196316
epigenomics_4535_sol2sanger_254,77.88444982642191,45.34915062368041
epigenomics_4535_sol2sanger_255,78.93183929347876,40.71256999942879
epigenomics_4535_sol2sanger_256,82.10869894597634,52.21602845651683
epigenomics_4535_sol2sanger_257,77.17441018971175,39.011824564069514
epigenomics_4535_sol2sanger_258,79.80889161205238,58.095132853968416
epigenomics_4535_sol2sanger_259,74.78236273430713,63.95027253227725
epigenomics_4535_sol2sanger_260,81.69713632675634,38.377216450120955
epigenomics_4535_sol2sanger_261,80.61614357512389,54.91018859035467
epigenomics_4535_sol2sanger_262,79.6117139846657,41.153634470561464
epigenomics_4535_sol2sanger_263,81.27610197793305,35.41335421473899
epigenomics_4535_sol2sanger_264,77.19575616488825,45.58423276712485
epigenomics_4535_sol2sanger_265,85.39429515808011,34.025851405173604
epigenomics_4535_sol2sanger_266,88.8858392625418,58.894221521046816
epigenomics_4535_sol2sanger_267,81.29427757660581,46.695656059679166
epigenomics_4535_sol2sanger_268,89.28526665367986,48.699326950640604
epigenomics_4535_sol2sanger_269,79.66790274360312,41.262200038082426
epigenomics_4535_sol2sanger_270,82.6613164178125,43.606754963832614
epigenomics_4535_sol2sanger_271,78.0571841107408,55.4046456359346
epigenomics_4535_sol2sanger_272,86.33662213317211,57.37306518101887
epigenomics_4535_sol2sanger_273,87.37340895719242,43.53124163578427
epigenomics_4535_sol2sanger_274,72.18976592067368,52.31090658577337
epigenomics_4535_sol2sanger_275,74.34458473383164,51.11222385382
epigenomics_4535_sol2sanger_276,78.93239514321169,38.71297746807016
epigenomics_4535_sol2sanger_277,74.34891501741991,43.99337529621767
epigenomics_4535_sol2sanger_278,88.88347614884296,48.704270713395154
epigenomics_4535_sol2sanger_279,77.71935779177505,40.07886846445881
epigenomics_4535_sol2sanger_280,81.5351271086894,38.77672520055861
epigenomics_4535_sol2sanger_281,81.88815199142155,39.795841309288
epigenomics_4535_sol2sanger_282,75.47875256479543,35.48096773653859
epigenomics_4535_sol2sanger_283,77.17777877091214,48.728674237718316
epigenomics_4535_sol2sanger_284,83.41531090493278,44.33755015013869
epigenomics_4535_sol2sanger_285,80.5389781199812,35.98781142577168
epigenomics_4535_sol2sanger_286,85.74950682487822,48.69531346971005
epigenomics_4535_sol2sanger_287,84.21381690636291,44.138286071970924
epigenomics_4535_sol2sanger_288,71.22615473318203,44.39954523582742
epigenomics_4535_sol2sanger_289,88.67325391523177,47.304860061976356
epigenomics_4535_sol2sanger_290,84.66302568854698,50.88276765953742
epigenomics_4535_sol2sanger_291,87.32286541939416,52.682013309891225
epigenomics_4535_sol2sanger_292,79.87155381445628,59.02978087299953
epigenomics_4535_sol2sanger_293,82.79288303616897,56.314695573403355
epigenomics_4535_sol2sanger_294,80.67435560447738,30.961318808431294
epigenomics_4535_sol2sanger_295,81.04488581773121,34.27544884422682
epigenomics_4535_sol2sanger_296,81.72471327650588,50.507426274601805
epigenomics_4535_sol2sanger_297,78.15680360536444,37.66218456232446
epigenomics_4535_sol2sanger_298,86.1536943446662,48.20579246405106
epigenomics_4535_sol2sanger_299,75.12622408156422,40.26788237476942
epigenomics_4535_sol2sanger_300,85.82291682900953,31.90777942062386
epigenomics_4535_sol2sanger_301,83.06410088974299,58.02639346528889
epigenomics_4535_sol2sanger_302,80.22728511843276,51.857716490417374
epigenomics_4535_sol2sanger_303,81.79033873567026,44.58786946449639
epigenomics_4535_sol2sanger_304,77.41758993595641,42.4869652230618
epigenomics_4535_sol2sanger_305,80.29810368999618,40.28230036203465
epigenomics_4535_sol2sanger_306,84.20606990518604,42.789163842225584
epigenomics_4535_sol2sanger_307,79.3259737608916,39.02832082101305
epigenomics_4535_sol2sanger_308,80.5268987349946,49.78859752850471
epigenomics_4535_sol2sanger_309,83.80934918495915,28.86684521469159
epigenomics_4535_sol2sanger_310,74.83898333201752,42.77583566566312
epigenomics_4535_sol2sanger_311,77.41008714008427,56.212357015076876
epigenomics_4535_sol2sanger_312,78.13957980952598,51.0104947362351
epigenomics_4535_sol2sanger_313,67.00785670752052,47.20950395631757
epigenomics_4535_sol2sanger_314,75.44527006762333,65.24175549195901
epigenomics_4535_sol2sanger_315,78.21091795114843,34.611000980152184
epigenomics_4535_sol2sanger_316,87.57326672058474,48.03156091803668
epigenomics_4535_sol2sanger_317,77.97811428270431,51.738608500521664
epigenomics_4535_sol2sanger_318,85.05638808553078,44.67802655180757
epigenomics_4535_sol2sanger_319,79.7574921418678,47.899243457799145
epigenomics_4535_sol2sanger_320,82.39641237869375,49.16520787976732
epigenomics_4535_sol2sanger_321,79.5425211608203,39.95105523479726
epigenomics_4535_sol2sanger_322,87.89319599295689,53.26895929683438
epigenomics_4535_sol2sanger_323,74.85248410918989,57.99383867233264
epigenomics_4535_sol2sanger_324,95.75235279296379,46.583874969614676
epigenomics_4535_sol2sanger_325,87.03053882287885,35.237333193903396
epigenomics_4535_sol2sanger_326,74.56144946514624,56.579940765896005
epigenomics_4535_sol2sanger_327,84.48567762303395,39.2486415466823
epigenomics_4535_sol2sanger_328,81.62531562130681,43.325749061108
epigenomics_4535_sol2sanger_329,78.50181705157982,48.60796673101142
epigenomics_4535_sol2sanger_330,75.80415752102265,46.01337959818429
epigenomics_4535_sol2sanger_331,77.97099245548507,35.487110101254004
epigenomics_4535_sol2sanger_332,77.6355095729081,55.08727232528935
epigenomics_4535_sol2sanger_333,80.3114173684877,31.68948039040129
epigenomics_4535_sol2sanger_334,79.91234050571806,42.49623805959372
epigenomics_4535_sol2sanger_335,80.18206521428256,40.83421453397557
epigenomics_4535_sol2sanger_336,74.30042215735529,37.70690281088356
epigenomics_4535_sol2sanger_337,80.53702073868679,45.860890228542594
epigenomics_4535_sol2sanger_338,83.34443003132286,44.17607103323954
epigenomics_4535_sol2sanger_339,84.56113246559663,40.12887184510433
epigenomics_4535_sol2sanger_340,78.75228956952517,37.75904097317522
epigenomics_4535_sol2sanger_341,79.36513912647156,48.37051522915617
epigenomics_4535_sol2sanger_342,79.7569592188969,52.94734715413296
epigenomics_4535_sol2sanger_343,94.89788317725669,31.95643407050002
epigenomics_4535_sol2sanger_344,82.66383143645587,37.53815576645666
epigenomics_4535_sol2sanger_345,75.53706527211281,57.20325849022083
epigenomics_4535_sol2sanger_346,75.83202208008203,49.69714150507697
epigenomics_4535_sol2sanger_347,81.27750558865868,49.582210303472834
epigenomics_4535_sol2sanger_348,76.30289223000575,41.273427817882606
epigenomics_4535_sol2sanger_349,92.55687300976972,40.58756583860714
epigenomics_4535_sol2sanger_350,89.9625589149452,50.20769047875161
epigenomics_4535_sol2sanger_351,82.61613513522053,55.85847669323307
epigenomics_4535_sol2sanger_352,74.66660812675991,52.18421023296692
epigenomics_4535_sol2sanger_353,83.28579666316826,53.69585642969142
epigenomics_4535_sol2sanger_354,79.04903734511676,44.13120482083287
epigenomics_4535_sol2sanger_355,72.05891435993193,57.36493072538388
epigenomics_4535_sol2sanger_356,83.72429312217783,22.247941289545636
epigenomics_4535_sol2sanger_357,73.73878397088508,39.766330421632496
epigenomics_4535_sol2sanger_358,74.01503212352384,63.80841066882655
epigenomics_4535_sol2sanger_359,79.54495204304197,34.30613139514387
epigenomics_4535_sol2sanger_360,82.18552457265001,42.58601025046677
epigenomics_4535_sol2sanger_361,75.86863675792593,41.90223364707977
epigenomics_4535_sol2sanger_362,79.02836093726923,42.40339567372508
epigenomics_4535_sol2sanger_363,82.21184284013833,46.98706323040034
epigenomics_4535_sol2sanger_364,79.50965337370755,49.36817010716184
epigenomics_4535_sol2sanger_365,76.92532646390542,36.1468037914305
epigenomics_4535_sol2sanger_366,73.56647133997541,54.769856322258484
epigenomics_4535_sol2sanger_367,73.75136949926997,49.20433006072341
epigenomics_4535_sol2sanger_368,70.10466087121895,45.85709013824074
epigenomics_4535_sol2sanger_369,71.55099038851475,43.81380164615761
epigenomics_4535_sol2sanger_370,79.5933159412209,27.929553301001466
epigenomics_4535_sol2sanger_371,81.5586905294442,43.156161304452304
epigenomics_4535_sol2sanger_372,83.04196232723862,44.06080717579015
epigenomics_4535_sol2sanger_373,74.12050364850552,46.45166731655723
epigenomics_4535_sol2sanger_374,82.26707961073126,40.93961932944633
epigenomics_4535_sol2sanger_375,72.55842849802036,43.04997282242365
epigenomics_4535_sol2sanger_376,80.47033353885631,47.4996187701912
epigenomics_4535_sol2sanger_377,83.26502838714276,57.583298543332305
epigenomics_4535_sol2sanger_378,74.50787076660639,43.864991788872004
epigenomics_4535_sol2sanger_379,74.25700134759349,39.09743786372433
epigenomics_4535_sol2sanger_380,74.23288658725431,46.054170769576224
epigenomics_4535_sol2sanger_381,81.59098516010633,34.48588065749893
epigenomics_4535_sol2sanger_382,77.27213807228955,47.16809739180775
epigenomics_4535_sol2sanger_383,78.62012097209208,35.475432180209516
epigenomics_4535_sol2sanger_384,86.43763206419217,58.96727069624504
epigenomics_4535_sol2sanger_385,75.40152442175693,43.969787653725106
epigenomics_4535_sol2sanger_386,75.94729569884655,36.36491940998853
epigenomics_4535_sol2sanger_387,83.17845143114698,47.97268322026581
epigenomics_4535_sol2sanger_388,84.75234524578164,58.9586175363168
epigenomics_4535_sol2sanger_389,81.35526170303855,45.417167370094894
epigenomics_4535_sol2sanger_390,84.64514572506717,41.541964898579316
epigenomics_4535_sol2sanger_391,80.64788556923261,46.436983243154685
epigenomics_4535_sol2sanger_392,74.43362985146625,37.97850291118578
epigenomics_4535_sol2sanger_393,80.97725303955887,37.14607894169233
epigenomics_4535_sol2sanger_394,89.62010754624914,60.368516724535375
epigenomics_4535_sol2sanger_395,72.67659441941177,41.02586773336804
epigenomics_4535_sol2sanger_396,79.9296397562074,42.55743711606955
epigenomics_4535_sol2sanger_397,88.7148125411555,41.3187495431574
epigenomics_4535_sol2sanger_398,80.75260591859565,47.742828348280234
epigenomics_4535_sol2sanger_399,71.24175032225261,53.59824399340445
epigenomics_4535_sol2sanger_400,78.87691027045355,40.05786406263271
epigenomics_4535_sol2sanger_401,74.78279686798501,45.15750410983622
epigenomics_4535_sol2sanger_402,79.54528450689597,41.068226216734026
epigenomics_4535_sol2sanger_403,87.63429544510221,47.99652456584097
epigenomics_4535_sol2sanger_404,71.19123516728378,35.97605610649698
epigenomics_4535_sol2sanger_405,80.00557315415928,31.179159278880505
epigenomics_4535_sol2sanger_406,83.64755930361025,46.999140345667
epigenomics_4535_sol2sanger_407,80.16185004379041,46.31685503577045
epigenomics_4535_sol2sanger_408,74.08787730422318,56.489281868204785
epigenomics_4535_sol2sanger_409,88.92697796528572,34.951862250079934
epigenomics_4535_sol2sanger_410,78.71322519589937,51.062994133293316
epigenomics_4535_sol2sanger_411,83.72068090458806,44.719689806868935
epigenomics_4535_sol2sanger_412,83.41647974774489,43.54952123035153
epigenomics_4535_sol2sanger_413,77.33737756921242,50.395985138202875
epigenomics_4535_sol2sanger_414,74.92341219816174,42.409954625236196
epigenomics_4535_sol2sanger_415,78.35424979819034,47.06842193074898
epigenomics_4535_sol2sanger_416,81.54026611967083,47.54883663653469
epigenomics_4535_sol2sanger_417,75.64534252046386,46.96818293121075
epigenomics_4535_sol2sanger_418,80.14898014542543,49.93319045040475
epigenomics_4535_sol2sanger_419,84.47908883199867,50.165579875670375
epigenomics_4535_sol2sanger_420,83.8790390165453,44.7849672205635
epigenomics_4535_sol2sanger_421,82.7444934382187,50.816091908537835
epigenomics_4535_sol2sanger_422,84.73486982832397,45.49944744788272
epigenomics_4535_sol2sanger_423,83.73689168266345,42.27507888517373
epigenomics_4535_sol2sanger_424,78.53696216672991,47.843793972916714
epigenomics_4535_sol2sanger_425,73.21198535071744,45.366268973063896
epigenomics_4535_sol2sanger_426,75.3507008704797,40.751150002239534
epigenomics_4535_sol2sanger_427,91.51034004765297,39.880812172023205
epigenomics_4535_sol2sanger_428,72.0019440918705,70.05581470906431
epigenomics_4535_sol2sanger_429,81.04376740430106,51.04980722305289
epigenomics_4535_sol2sanger_430,72.54656615636743,41.54784706526086
epigenomics_4535_sol2sanger_431,81.34254027102185,39.95570331584903
epigenomics_4535_sol2sanger_432,82.60619646683867,36.40700046077057
epigenomics_4535_sol2sanger_433,77.70777853870676,55.216817126530614
epigenomics_4535_sol2sanger_434,80.47995489101753,45.89483801710353
epigenomics_4535_sol2sanger_435,75.86655155782236,57.04392795706492
epigenomics_4535_sol2sanger_436,82.54704741384235,42.031110145298115
epigenomics_4535_sol2sanger_437,86.79531602678165,45.85745099768208
epigenomics_4535_sol2sanger_438,71.75419357920087,51.284236595378374
epigenomics_4535_sol2sanger_439,79.17988993062853,54.19292006297832
epigenomics_4535_sol2sanger_440,82.24276303578169,55.737524148424285
epigenomics_4535_sol2sanger_441,78.78708298340709,31.654881013476714
epigenomics_4535_sol2sanger_442,81.34468539983277,59.70836700023382
epigenomics_4535_sol2sanger_443,77.25991790109671,42.373759261192994
epigenomics_4535_sol2sanger_444,75.34692086534318,49.30624582984365
epigenomics_4535_sol2sanger_445,81.86532034857674,43.31584715852596
epigenomics_4535_sol2sanger_446,71.89352349145864,39.73783764898429
epigenomics_4535_sol2sanger_447,72.3013490368756,53.409330661496256
epigenomics_4535_sol2sanger_448,76.3255311024627,50.874323542797676
epigenomics_4535_sol2sanger_449,90.404715751334,36.86722982048512
epigenomics_4535_sol2sanger_450,88.55142680801568,45.95055941166302
epigenomics_4535_sol2sanger_451,80.45258088306323,63.047460164287486
epigenomics_4535_sol2sanger_452,73.05816391303665,49.694231454743296
epigenomics_4535_sol2sanger_453,80.12556016170761,44.6703861155493
epigenomics_4535_sol2sanger_454,81.0103192506422,38.59212998401439
epigenomics_4535_sol2sanger_455,87.79749498643108,42.220447655619836
epigenomics_4535_sol2sanger_456,79.26698015701687,52.79118035879898
epigenomics_4535_sol2sanger_457,75.70687451349492,48.15127255983978
epigenomics_4535_sol2sanger_458,72.77004294790628,47.55508319089429
epigenomics_4535_sol2sanger_459,78.24796471376399,42.47671123091616
epigenomics_4535_sol2sanger_460,77.50382593363504,44.07273647299128
epigenomics_4535_sol2sanger_461,80.68246246256123,57.203725608440244
epigenomics_4535_sol2sanger_462,79.89938764353174,47.5918622618908
epigenomics_4535_sol2sanger_463,78.13759810081443,37.147720941568444
epigenomics_4535_sol2sanger_464,69.39587627324589,56.05095826722362
epigenomics_4535_sol2sanger_465,82.72587125417424,40.80466033137621
epigenomics_4535_sol2sanger_466,84.02382262791902,31.26529528877811
epigenomics_4535_sol2sanger_467,72.08851169021445,51.36907422372069
epigenomics_4535_sol2sanger_468,82.95810297753717,37.866727520989954
epigenomics_4535_sol2sanger_469,81.42541088045958,50.885364972197635
epigenomics_4535_sol2sanger_470,73.3377777618327,52.96379248794798
epigenomics_4535_sol2sanger_471,80.51019875134763,45.277699587005934
epigenomics_4535_sol2sanger_472,75.1731669748874,43.15188036209008
epigenomics_4535_sol2sanger_473,72.75914280165736,58.52068624167349
epigenomics_4535_sol2sanger_474,78.26754054822867,41.42559030747378
epigenomics_4535_sol2sanger_475,79.70489709028386,35.59079465975462
epigenomics_4535_sol2sanger_476,76.67518349102212,49.906519934097005
epigenomics_4535_sol2sanger_477,82.16844303263024,55.80977561763724
epigenomics_4535_sol2sanger_478,87.59155417821917,47.439145165846824
epigenomics_4535_sol2sanger_479,81.86001822368948,44.88524545931052
epigenomics_4535_sol2sanger_480,76.19570400746149,51.81519406001587
epigenomics_4535_sol2sanger_481,75.02030060072066,51.34065280061476
epigenomics_4535_sol2sanger_482,73.16238914226214,49.416056808764246
epigenomics_4535_sol2sanger_483,80.36991392521267,45.8363003168474
epigenomics_4535_sol2sanger_484,83.86787854950694,46.21885062720413
epigenomics_4535_sol2sanger_485,86.40156616247218,52.37981420026412
epigenomics_4535_sol2sanger_486,76.57128181805584,53.913660334791764
epigenomics_4535_sol2sanger_487,79.57301687113956,46.91783153905001
epigenomics_4535_sol2sanger_488,80.95635942615722,56.41554336815577
epigenomics_4535_sol2sanger_489,88.2347229022302,45.1618210271298
epigenomics_4535_sol2sanger_490,78.50087930506984,39.305968007146035
epigenomics_4535_sol2sanger_491,74.3815166237702,44.994890444050796
epigenomics_4535_sol2sanger_492,74.69844946973377,39.209356148913145
epigenomics_4535_sol2sanger_493,78.80905784466346,38.31830133368011
epigenomics_4535_sol2sanger_494,78.11718044826532,42.5736601523433
epigenomics_4535_sol2sanger_495,75.88855920936945,42.072631910946555
epigenomics_4535_sol2sanger_496,71.0036473910533,44.11482803774009
epigenomics_4535_sol2sanger_497,82.82829128573127,32.16923184783818
epigenomics_4535_sol2sanger_498,82.29622892164402,34.832435956088766
epigenomics_4535_sol2sanger_499,94.34740123212117,48.559500966003185
epigenomics_4535_fast2bfq_0,43.65204104174168,83.06295843887239
epigenomics_4535_fast2bfq_1,56.46777751538421,72.53667338994111
epigenomics_4535_fast2bfq_2,39.122908549300746,82.69263236594152
epigenomics_4535_fast2bfq_3,54.08433649910175,87.06900095332605
epigenomics_4535_fast2bfq_4,38.746397436804905,75.91316425692467
epigenomics_4535_fast2bfq_5,48.67512904367709,98.7823052428744
epigenomics_4535_fast2bfq_6,41.62035794671192,80.40514997841733
epigenomics_4535_fast2bfq_7,49.36495577411426,82.7076108523329
epigenomics_4535_fast2bfq_8,35.223015916851686,77.13607226199787
epigenomics_4535_fast2bfq_9,45.32330420395088,85.2633747395665
epigenomics_4535_fast2bfq_10,36.97941359079329,93.78643731923276
epigenomics_4535_fast2bfq_11,38.4327261774763,82.45081376715916
epigenomics_4535_fast2bfq_12,43.00187158556811,79.53265990385394
epigenomics_4535_fast2bfq_13,55.96166976519492,88.14050292118812
epigenomics_4535_fast2bfq_14,48.4665760120951,94.62222031353348
epigenomics_4535_fast2bfq_15,39.09894335206138,74.76780684639087
epigenomics_4535_fast2bfq_16,54.373735683040465,92.47398619182358
epigenomics_4535_fast2bfq_17,44.685885096903526,79.99608067118567
epigenomics_4535_fast2bfq_18,56.4775754462887,80.70782740251246
epigenomics_4535_fast2bfq_19,46.92319692377962,89.42064030863637
epigenomics_4535_fast2bfq_20,25.219190949526045,75.60005230746322
epigenomics_4535_fast2bfq_21,44.02810507016764,72.45874966530536
epigenomics_4535_fast2bfq_22,51.3976506364487,67.49989837194323
epigenomics_4535_fast2bfq_23,42.46834340603269,83.45592025502077
epigenomics_4535_fast2bfq_24,56.605538970137324,82.13723977511273
epigenomics_4535_fast2bfq_25,52.983191935407675,74.70586911534923
epigenomics_4535_fast2bfq_26,38.32760649830281,83.67335447685446
epigenomics_4535_fast2bfq_27,44.92085960780441,83.26885194413548
epigenomics_4535_fast2bfq_28,39.58903178050344,86.80668239613556
epigenomics_4535_fast2bfq_29,38.459018745201675,76.52215960169221
epigenomics_4535_fast2bfq_30,37.7677059580667,82.2988440275138
epigenomics_4535_fast2bfq_31,46.96701066043064,82.59602483800042
epigenomics_4535_fast2bfq_32,35.05546114057098,75.37422382280269
epigenomics_4535_fast2bfq_33,35.686749627646684,86.84186805106592
epigenomics_4535_fast2bfq_34,53.26925801835773,78.47413207605956
epigenomics_4535_fast2bfq_35,53.39744588306776,84.4159213557226
epigenomics_4535_fast2bfq_36,45.65657356086997,78.4778967355416
epigenomics_4535_fast2bfq_37,58.489552319997,89.85372000620944
epigenomics_4535_fast2bfq_38,45.37876747808862,77.890897070723
epigenomics_4535_fast2bfq_39,39.83329799169084,75.4957414859527
epigenomics_4535_fast2bfq_40,31.566907324493332,68.40327586642593
epigenomics_4535_fast2bfq_41,34.0073196156118,73.08487393387625
epigenomics_4535_fast2bfq_42,56.73383891489668,76.67032741087287
epigenomics_4535_fast2bfq_43,56.81035744450298,90.60605594459808
epigenomics_4535_fast2bfq_44,62.13434981682387,89.07169387719
epigenomics_4535_fast2bfq_45,35.69634955038151,91.3145586535774
epigenomics_4535_fast2bfq_46,46.18991551757558,84.57413089622256
epigenomics_4535_fast2bfq_47,46.08615580856046,84.0964599051972
epigenomics_4535_fast2bfq_48,48.96375739738681,88.82160144399127
epigenomics_4535_fast2bfq_49,45.26327361995065,78.39087958295255
epigenomics_4535_fast2bfq_50,56.08011389874469,80.85567445123151
epigenomics_4535_fast2bfq_51,46.72070812768997,86.76096525687208
epigenomics_4535_fast2bfq_52,39.350646551190806,78.49388551652775
epigenomics_4535_fast2bfq_53,47.19185779451144,79.69195532368113
epigenomics_4535_fast2bfq_54,58.50317480400745,85.79337338484054
epigenomics_4535_fast2bfq_55,39.1540653440271,75.1213178041594
epigenomics_4535_fast2bfq_56,44.25616383922112,78.53840574629767
epigenomics_4535_fast2bfq_57,39.235343488340575,84.86128236764912
epigenomics_4535_fast2bfq_58,40.25545953135782,85.82727318437296
epigenomics_4535_fast2bfq_59,47.6858784067259,68.64899953074914
epigenomics_4535_fast2bfq_60,41.99416665887121,80.01513209250467
epigenomics_4535_fast2bfq_61,38.553952786248665,83.02387621447032
epigenomics_4535_fast2bfq_62,41.73413605191786,84.55470087131947
epigenomics_4535_fast2bfq_63,53.71318426004486,89.46408182710982
epigenomics_4535_fast2bfq_64,44.192220450311545,80.06435330198754
epigenomics_4535_fast2bfq_65,42.16319177865397,68.48895477795057
epigenomics_4535_fast2bfq_66,50.35835038797465,82.27504011473661
epigenomics_4535_fast2bfq_67,39.285456389071015,83.24203708589663
epigenomics_4535_fast2bfq_68,44.77449215309705,84.7441219761561
epigenomics_4535_fast2bfq_69,43.748761698983394,93.67650787311314
epigenomics_4535_fast2bfq_70,32.548415384879675,91.09263084579425
epigenomics_4535_fast2bfq_71,43.92306026916631,71.00441279075821
epigenomics_4535_fast2bfq_72,45.7961030708406,91.03183533325121
epigenomics_4535_fast2bfq_73,45.63464805430968,70.16305581315365
epigenomics_4535_fast2bfq_74,30.426749115608168,86.50414569470243
epigenomics_4535_fast2bfq_75,39.58413249536167,68.23932812884992
epigenomics_4535_fast2bfq_76,28.26889370377534,76.1023276317924
epigenomics_4535_fast2bfq_77,38.92002812241098,92.74547232465956
epigenomics_4535_fast2bfq_78,29.86131876219798,63.57118179217545
epigenomics_4535_fast2bfq_79,43.17610104511721,80.02460055722752
epigenomics_4535_fast2bfq_80,42.97378366149841,82.4062096109793
epigenomics_4535_fast2bfq_81,41.12979238718034,88.02707726243825
epigenomics_4535_fast2bfq_82,33.47034208472471,71.22450742506572
epigenomics_4535_fast2bfq_83,35.79467057905516,63.26874814708447
epigenomics_4535_fast2bfq_84,40.72616332935724,75.73871745290874
epigenomics_4535_fast2bfq_85,44.9385762498169,82.15694193530375
epigenomics_4535_fast2bfq_86,45.84868963051188,78.03947446872563
epigenomics_4535_fast2bfq_87,39.24229657915204,72.06103783275671
epigenomics_4535_fast2bfq_88,45.12782241219522,77.75271333856308
epigenomics_4535_fast2bfq_89,49.260401713013536,74.56583466840756
epigenomics_4535_fast2bfq_90,49.695814693728934,71.2965920225614
epigenomics_4535_fast2bfq_91,43.376062285738826,65.43415443625196
epigenomics_4535_fast2bfq_92,41.67718323623463,75.58583583356302
epigenomics_4535_fast2bfq_93,44.28757517289407,88.48047133539345
epigenomics_4535_fast2bfq_94,42.93965976933783,76.74724768892843
epigenomics_4535_fast2bfq_95,59.0900243983926,85.34595385383379
epigenomics_4535_fast2bfq_96,53.879705793331446,92.50145386431892
epigenomics_4535_fast2bfq_97,40.55859846811693,70.49499859777863
epigenomics_4535_fast2bfq_98,43.16710450188551,61.66341765689858
epigenomics_4535_fast2bfq_99,45.95091248244848,77.97593811139365
epigenomics_4535_fast2bfq_100,37.55171848961491,78.75419020528949
epigenomics_4535_fast2bfq_101,52.04862922299125,81.3142843831872
epigenomics_4535_fast2bfq_102,53.96810471037982,84.9527152070891
epigenomics_4535_fast2bfq_103,45.58574006943304,77.09030134669652
epigenomics_4535_fast2bfq_104,41.6761447678484,93.81154669231435
epigenomics_4535_fast2bfq_105,32.95929930252217,87.50429593040101
epigenomics_4535_fast2bfq_106,48.67357404918523,87.87228050402936
epigenomics_4535_fast2bfq_107,40.08765848443494,66.4442668414554
epigenomics_4535_fast2bfq_108,43.01151093148664,86.68033871487273
epigenomics_4535_fast2bfq_109,37.757281667842186,80.24961911270981
epigenomics_4535_fast2bfq_110,39.44187570179821,68.72492642490678
epigenomics_4535_fast2bfq_111,45.828643777800444,75.4057111057773
epigenomics_4535_fast2bfq_112,38.633952067261056,76.80362344195244
epigenomics_4535_fast2bfq_113,50.99355570161801,79.10363917435852
epigenomics_4535_fast2bfq_114,42.41380257203702,75.49120851409504
epigenomics_4535_fast2bfq_115,43.88122985331774,82.99344857347884
epigenomics_4535_fast2bfq_116,35.15047398129563,84.42830059411594
epigenomics_4535_fast2bfq_117,55.95171869778315,75.21801920882322
epigenomics_4535_fast2bfq_118,53.33395526546674,69.8338907612399
epigenomics_4535_fast2bfq_119,36.04497828528046,73.64696945544893
epigenomics_4535_fast2bfq_120,50.66293474971462,79.79396480764481
epigenomics_4535_fast2bfq_121,39.70999321892692,82.67600301715123
epigenomics_4535_fast2bfq_122,55.265448821535955,77.8144514200028
epigenomics_4535_fast2bfq_123,46.400099278755306,85.42308670607707
epigenomics_4535_fast2bfq_124,44.87905602903727,79.49410414217671
epigenomics_4535_fast2bfq_125,47.58885468441929,82.34325978573904
epigenomics_4535_fast2bfq_126,40.43222798718725,61.567470183002484
epigenomics_4535_fast2bfq_127,50.828103574496666,73.49621822276417
epigenomics_4535_fast2bfq_128,27.6543834937237,74.82636471856077
epigenomics_4535_fast2bfq_129,59.73919032615605,76.38162013900191
epigenomics_4535_fast2bfq_130,48.141522544352306,82.27873227810059
epigenomics_4535_fast2bfq_131,36.996345264801356,83.33240561697588
epigenomics_4535_fast2bfq_132,42.232050027482735,85.93407509824947
epigenomics_4535_fast2bfq_133,40.36016110741507,87.8048440124636
epigenomics_4535_fast2bfq_134,48.831291944963354,80.42810135813322
epigenomics_4535_fast2bfq_135,36.18590879278614,93.52645743452516
epigenomics_4535_fast2bfq_136,48.63307602544476,73.67398322288494
epigenomics_4535_fast2bfq_137,43.0408085737439,77.48031374192861
epigenomics_4535_fast2bfq_138,63.13203904402704,77.88719730934233
epigenomics_4535_fast2bfq_139,54.61692078039366,72.63020109815295
epigenomics_4535_fast2bfq_140,53.12336131701595,66.61836733502314
epigenomics_4535_fast2bfq_141,42.68571682330069,77.91590563249045
epigenomics_4535_fast2bfq_142,46.58118539857804,82.77779372220637
epigenomics_4535_fast2bfq_143,41.96342847462848,89.93420341611035
epigenomics_4535_fast2bfq_144,53.63954814069574,81.40855063868325
epigenomics_4535_fast2bfq_145,25.32782993116459,80.38032326707241
epigenomics_4535_fast2bfq_146,44.130271547035676,78.54038885063565
epigenomics_4535_fast2bfq_147,41.633601717859946,81.34992134522238
epigenomics_4535_fast2bfq_148,47.03653622656404,71.07683816192609
epigenomics_4535_fast2bfq_149,48.58099417403314,82.16657938397788
epigenomics_4535_fast2bfq_150,39.84697888037632,71.74094958815819
epigenomics_4535_fast2bfq_151,49.96450243889933,73.99779174945878
epigenomics_4535_fast2bfq_152,47.394394329554764,80.60775408484395
epigenomics_4535_fast2bfq_153,51.44038666495135,76.60327772227255
epigenomics_4535_fast2bfq_154,51.86382000812679,82.67396288046461
epigenomics_4535_fast2bfq_155,48.04767977850747,73.49716086672689
epigenomics_4535_fast2bfq_156,48.79676406742828,81.08167618768518
epigenomics_4535_fast2bfq_157,48.14369279441369,74.9837227058032
epigenomics_4535_fast2bfq_158,51.72908704000902,70.59816006247893
epigenomics_4535_fast2bfq_159,46.984146969609476,78.37206545417014
epigenomics_4535_fast2bfq_160,47.360361104250885,81.96556683154894
epigenomics_4535_fast2bfq_161,41.46904669074466,81.00270029928376
epigenomics_4535_fast2bfq_162,44.93907684556851,80.44510184823996
epigenomics_4535_fast2bfq_163,35.989149183188154,84.60415638209399
epigenomics_4535_fast2bfq_164,40.20593845057326,77.73183469267504
epigenomics_4535_fast2bfq_165,47.84549335451878,70.24087813520711
epigenomics_4535_fast2bfq_166,36.48960670802667,72.13940648999116
epigenomics_4535_fast2bfq_167,44.18724824754386,83.20605585274986
epigenomics_4535_fast2bfq_168,47.032824285257384,71.08122032759864
epigenomics_4535_fast2bfq_169,49.66668674574723,80.25861519180835
epigenomics_4535_fast2bfq_170,46.32010309771529,76.02076088735014
epigenomics_4535_fast2bfq_171,35.195370364536615,67.41357302724553
epigenomics_4535_fast2bfq_172,46.77288619508873,86.01039402527596
epigenomics_4535_fast2bfq_173,40.33666645205103,79.87612589809035
epigenomics_4535_fast2bfq_174,41.783381813694646,72.29816532330275
epigenomics_4535_fast2bfq_175,50.51589768539513,85.06267445446645
epigenomics_4535_fast2bfq_176,49.903010181471856,91.16704727846297
epigenomics_4535_fast2bfq_177,48.18619446536684,85.17357434807981
epigenomics_4535_fast2bfq_178,35.05571610121979,86.88451832379891
epigenomics_4535_fast2bfq_179,38.110405329735975,89.08578707313086
epigenomics_4535_fast2bfq_180,34.07905769893633,75.73462800203959
epigenomics_4535_fast2bfq_181,44.73542751796371,84.2980540646607
epigenomics_4535_fast2bfq_182,43.78911782850276,73.84561754922738
epigenomics_4535_fast2bfq_183,37.48388993368222,76.71957263952405
epigenomics_4535_fast2bfq_184,49.350721603427395,83.36024416763293
epigenomics_4535_fast2bfq_185,50.00350341449854,77.23293963959226
epigenomics_4535_fast2bfq_186,45.0738908690206,82.29464241132219
epigenomics_4535_fast2bfq_187,44.345058944402126,69.61431150012756
epigenomics_4535_fast2bfq_188,38.82269270313132,98.12049100988392
epigenomics_4535_fast2bfq_189,38.57860884643848,80.15321714223569
epigenomics_4535_fast2bfq_190,35.651587339929904,75.72709495576605
epigenomics_4535_fast2bfq_191,45.94494858019277,83.53203567646281
epigenomics_4535_fast2bfq_192,36.16133171189797,69.86724096074867
epigenomics_4535_fast2bfq_193,47.96150176055749,82.76036407878459
epigenomics_4535_fast2bfq_194,49.63663964517874,70.69882007200988
epigenomics_4535_fast2bfq_195,48.66016058428903,86.06684506504571
epigenomics_4535_fast2bfq_196,40.988481546311945,79.35812124323212
epigenomics_4535_fast2bfq_197,38.491942693155885,76.48037487266154
epigenomics_4535_fast2bfq_198,48.171115816881326,90.21194020139835
epigenomics_4535_fast2bfq_199,40.78334081574771,81.3969029734108
epigenomics_4535_fast2bfq_200,37.39047031524479,90.17310035773129
epigenomics_4535_fast2bfq_201,45.04315788649,84.88912421063489
epigenomics_4535_fast2bfq_202,38.39820929329403,74.70149363882645
epigenomics_4535_fast2bfq_203,44.079848449790894,66.30791185885724
epigenomics_4535_fast2bfq_204,45.042970489513586,86.87335463263202
epigenomics_4535_fast2bfq_205,46.35364746513794,69.42880475119728
epigenomics_4535_fast2bfq_206,34.50367305710035,85.71280221099846
epigenomics_4535_fast2bfq_207,43.296730057631756,85.80117931330147
epigenomics_4535_fast2bfq_208,50.07232037637332,83.6147983233676
epigenomics_4535_fast2bfq_209,44.79119047931801,85.991440418731
epigenomics_4535_fast2bfq_210,44.39259083599535,74.76952984713132
epigenomics_4535_fast2bfq_211,36.90193144733713,83.14437414459005
epigenomics_4535_fast2bfq_212,41.09764132821484,79.877347791442
epigenomics_4535_fast2bfq_213,33.02383167868552,69.06967800195042
epigenomics_4535_fast2bfq_214,38.77617082076544,79.7171923364897
epigenomics_4535_fast2bfq_215,52.24680010199337,83.06693214161189
epigenomics_4535_fast2bfq_216,55.80622548693553,87.49678953123512
epigenomics_4535_fast2bfq_217,53.03169684028282,82.43458429100068
epigenomics_4535_fast2bfq_218,58.14264143962726,75.54233344281872
epigenomics_4535_fast2bfq_219,34.81410696948218,68.81780553144841
epigenomics_4535_fast2bfq_220,50.37602748491188,83.97319605225738
epigenomics_4535_fast2bfq_221,44.77722894826341,73.08500003555754
epigenomics_4535_fast2bfq_222,60.33904520485373,82.38404188370687
epigenomics_4535_fast2bfq_223,40.109055286410175,75.64049313259657
epigenomics_4535_fast2bfq_224,48.57767126699512,87.4962196046438
epigenomics_4535_fast2bfq_225,51.188181648920285,84.70158543101303
epigenomics_4535_fast2bfq_226,38.0861187989071,85.69492435311089
epigenomics_4535_fast2bfq_227,39.716906931856734,70.1229595429672
epigenomics_4535_fast2bfq_228,39.5450092943794,75.77220961677514
epigenomics_4535_fast2bfq_229,39.08326069355454,77.43212623429712
epigenomics_4535_fast2bfq_230,46.34471506062013,73.9713683379899
epigenomics_4535_fast2bfq_231,36.55124111950036,77.6590771585474
epigenomics_4535_fast2bfq_232,52.01635882191036,86.67107046249482
epigenomics_4535_fast2bfq_233,51.97050514112341,86.33307473231746
epigenomics_4535_fast2bfq_234,58.4261990260211,76.70675051780076
epigenomics_4535_fast2bfq_235,54.187538410572415,83.27941651089607
epigenomics_4535_fast2bfq_236,42.21575140066126,75.4436823919613
epigenomics_4535_fast2bfq_237,48.28155420986013,92.85027071135283
epigenomics_4535_fast2bfq_238,41.15692668890875,79.95995256737793
epigenomics_4535_fast2bfq_239,51.37125241346587,82.11414380266265
epigenomics_4535_fast2bfq_240,48.13922991356727,93.44477140561119
epigenomics_4535_fast2bfq_241,36.533275394180194,71.6363957001657
epigenomics_4535_fast2bfq_242,40.07276616542448,70.898098176377
epigenomics_4535_fast2bfq_243,33.87578546523775,83.58026862125763
epigenomics_4535_fast2bfq_244,33.86261810426646,78.0434726491181
epigenomics_4535_fast2bfq_245,30.1808803417089,79.53147469974091
epigenomics_4535_fast2bfq_246,48.47110938189947,70.928879624293
epigenomics_4535_fast2bfq_247,41.6756927284693,86.85609254416404
epigenomics_4535_fast2bfq_248,39.07178900563011,77.759616470669
epigenomics_4535_fast2bfq_249,47.736314403407405,82.53566699405646
epigenomics_4535_fast2bfq_250,44.17347049218439,83.58026411067172
epigenomics_4535_fast2bfq_251,45.032285597436754,77.25771682504613
epigenomics_4535_fast2bfq_252,51.26677363682457,77.5595697276291
epigenomics_4535_fast2bfq_253,46.01366545519673,92.3165814497683
epigenomics_4535_fast2bfq_254,47.748800149959855,80.44833900410805
epigenomics_4535_fast2bfq_255,56.390480488104785,81.66487593476252
epigenomics_4535_fast2bfq_256,53.65249150823067,81.59379281450443
epigenomics_4535_fast2bfq_257,51.81174119940925,79.57519665016372
epigenomics_4535_fast2bfq_258,46.67134733912614,66.5669277528184
epigenomics_4535_fast2bfq_259,46.05354752179414,84.51324335229069
epigenomics_4535_fast2bfq_260,40.52089185963637,91.41949941899793
epigenomics_4535_fast2bfq_261,53.74442614320042,88.57814458847821
epigenomics_4535_fast2bfq_262,47.568756689343395,78.03623668840089
epigenomics_4535_fast2bfq_263,35.741349782221754,84.35288783444825
epigenomics_4535_fast2bfq_264,40.572012663264545,78.86454149026369
epigenomics_4535_fast2bfq_265,46.42432099362236,77.9354683246427
epigenomics_4535_fast2bfq_266,49.16852386513752,70.50707467792897
epigenomics_4535_fast2bfq_267,46.7283936038109,64.01627348389977
epigenomics_4535_fast2bfq_268,42.162194882111926,69.65009407849412
epigenomics_4535_fast2bfq_269,47.889973095229216,72.88063199013297
epigenomics_4535_fast2bfq_270,34.84913837460219,74.39046936512484
epigenomics_4535_fast2bfq_271,44.31467670352854,70.76403464337551
epigenomics_4535_fast2bfq_272,46.845784370011316,84.14555778760389
epigenomics_4535_fast2bfq_273,37.84543918764058,81.92494178360916
epigenomics_4535_fast2bfq_274,28.585001905392748,80.83492769942097
epigenomics_4535_fast2bfq_275,51.058624869447925,79.79475295577214
epigenomics_4535_fast2bfq_276,41.11928941289778,76.54506211332108
epigenomics_4535_fast2bfq_277,38.070409015157196,73.1743348133707
epigenomics_4535_fast2bfq_278,38.03999611139196,83.55202066319059
epigenomics_4535_fast2bfq_279,39.74421093510328,84.2677977691713
epigenomics_4535_fast2bfq_280,24.69254446660192,89.73119399142674
epigenomics_4535_fast2bfq_281,41.21830747294855,75.59319568281717
epigenomics_4535_fast2bfq_282,35.8374126381991,85.02077405597139
epigenomics_4535_fast2bfq_283,46.53063915610842,75.59813974855929
epigenomics_4535_fast2bfq_284,47.329284110152265,76.90992216966859
epigenomics_4535_fast2bfq_285,39.62987187510382,79.91871652838678
epigenomics_4535_fast2bfq_286,33.68600901595559,71.92477085233934
epigenomics_4535_fast2bfq_287,58.36187653130192,91.9187169281319
epigenomics_4535_fast2bfq_288,31.491747109703127,80.18193028744521
epigenomics_4535_fast2bfq_289,40.370250107677066,85.7067263706353
epigenomics_4535_fast2bfq_290,47.195516552161855,73.76942196293892
epigenomics_4535_fast2bfq_291,48.37453017617213,86.52377216100288
epigenomics_4535_fast2bfq_292,40.153931163241275,76.98722045697751
epigenomics_4535_fast2bfq_293,43.77416359707804,78.12824431408859
epigenomics_4535_fast2bfq_294,44.6712418170668,82.04461218593349
epigenomics_4535_fast2bfq_295,56.43181360795882,77.810883731317
epigenomics_4535_fast2bfq_296,22.60995669786834,75.1757334744315
epigenomics_4535_fast2bfq_297,44.89347646506948,89.55549620436207
epigenomics_4535_fast2bfq_298,43.11288955305675,87.44466701089647
epigenomics_4535_fast2bfq_299,44.24562953587108,82.70274982264371
epigenomics_4535_fast2bfq_300,40.346412747692625,69.65478711727232
epigenomics_4535_fast2bfq_301,33.07547165529302,86.3722063369472
epigenomics_4535_fast2bfq_302,51.2989928475607,77.94639139580195
epigenomics_4535_fast2bfq_303,28.992144135587775,80.16992642127697
epigenomics_4535_fast2bfq_304,39.26527766551949,86.55751214451088
epigenomics_4535_fast2bfq_305,55.95231028447742,85.95323282712486
epigenomics_4535_fast2bfq_306,50.5001606849543,93.06986663261445
epigenomics_4535_fast2bfq_307,30.405364816319526,91.09656577209283
epigenomics_4535_fast2bfq_308,49.18063619445723,76.00669841398201
epigenomics_4535_fast2bfq_309,43.8799297745005,79.33181745284588
epigenomics_4535_fast2bfq_310,43.33226703106769,89.70453796160768
epigenomics_4535_fast2bfq_311,40.08902135804503,84.33803114710653
epigenomics_4535_fast2bfq_312,43.22144595958232,74.82049227232156
epigenomics_4535_fast2bfq_313,40.235792760854885,68.71320241241649
epigenomics_4535_fast2bfq_314,45.223315181871065,75.42877312169614
epigenomics_4535_fast2bfq_315,48.91940432574307,67.95907845801815
epigenomics_4535_fast2bfq_316,43.51551890579082,84.41360880383806
epigenomics_4535_fast2bfq_317,46.22097480847677,81.01580386402415
epigenomics_4535_fast2bfq_318,39.047054994271264,78.03465187352415
epigenomics_4535_fast2bfq_319,44.228918210768185,88.99510740445595
epigenomics_4535_fast2bfq_320,48.646601336898854,85.68536324565632
epigenomics_4535_fast2bfq_321,63.82406787870718,80.77922772493471
epigenomics_4535_fast2bfq_322,48.827633509890426,71.0154452757742
epigenomics_4535_fast2bfq_323,43.656799346494154,94.20992816730902
epigenomics_4535_fast2bfq_324,41.7950599175341,78.47314964881774
epigenomics_4535_fast2bfq_325,39.21717981225274,75.50774832531776
epigenomics_4535_fast2bfq_326,46.2994967660238,73.8368586489788
epigenomics_4535_fast2bfq_327,47.63628814571246,87.24468231438861
epigenomics_4535_fast2bfq_328,50.434997855464864,89.23463556410029
epigenomics_4535_fast2bfq_329,36.24917813803934,73.3041365812012
epigenomics_4535_fast2bfq_330,40.27038844141607,79.30751012267058
epigenomics_4535_fast2bfq_331,46.306915712759825,84.14222201262989
epigenomics_4535_fast2bfq_332,39.49930614075449,72.36459036629105
epigenomics_4535_fast2bfq_333,48.29485263959411,85.4054997846908
epigenomics_4535_fast2bfq_334,47.80057835888854,87.08239455258506
epigenomics_4535_fast2bfq_335,38.95227580663831,91.38759455974592
epigenomics_4535_fast2bfq_336,37.67009414869321,95.66662334435134
epigenomics_4535_fast2bfq_337,36.48483675121016,75.58822092978194
epigenomics_4535_fast2bfq_338,49.520254208366,91.71518130864423
epigenomics_4535_fast2bfq_339,52.74488687464707,76.34850857985569
epigenomics_4535_fast2bfq_340,39.72242608140762,81.45467617325214
epigenomics_4535_fast2bfq_341,38.42764795381125,83.19102040101282
epigenomics_4535_fast2bfq_342,35.42786401460765,72.04969969949497
epigenomics_4535_fast2bfq_343,60.19003207596741,87.69761765794878
epigenomics_4535_fast2bfq_344,40.8091502431368,71.39359927725182
epigenomics_4535_fast2bfq_345,41.87252819609217,75.77139314691765
epigenomics_4535_fast2bfq_346,48.14302501984946,73.86272591216911
epigenomics_4535_fast2bfq_347,41.83225814104169,73.32530623979756
epigenomics_4535_fast2bfq_348,52.09463215090294,90.53020973073366
epigenomics_4535_fast2bfq_349,40.20932343409501,85.80513159362962
epigenomics_4535_fast2bfq_350,40.313240083145644,76.99957306293766
epigenomics_4535_fast2bfq_351,54.215489078377075,79.396721726441
epigenomics_4535_fast2bfq_352,37.295908793516524,88.31425375680958
epigenomics_4535_fast2bfq_353,48.36122244277267,88.61667169875344
epigenomics_4535_fast2bfq_354,42.70902650740457,85.9305745414465
epigenomics_4535_fast2bfq_355,51.053687530735615,76.62205139919006
epigenomics_4535_fast2bfq_356,35.74330794055895,65.51048836868478
epigenomics_4535_fast2bfq_357,38.286444925982174,89.5146181502817
epigenomics_4535_fast2bfq_358,36.074190508697946,89.24914504519965
epigenomics_4535_fast2bfq_359,45.02792980572742,78.09757751680887
epigenomics_4535_fast2bfq_360,40.13863515392006,84.09064682386953
epigenomics_4535_fast2bfq_361,38.368790960218384,71.10360395988302
epigenomics_4535_fast2bfq_362,45.10227884114902,82.03085590900882
epigenomics_4535_fast2bfq_363,48.483902473204886,76.69486643953115
epigenomics_4535_fast2bfq_364,41.1561467174164,82.81692996444391
epigenomics_4535_fast2bfq_365,62.010819899769835,86.5599119922697
epigenomics_4535_fast2bfq_366,58.847124720411905,78.82487735708074
epigenomics_4535_fast2bfq_367,45.095897341423154,87.01347325675431
epigenomics_4535_fast2bfq_368,37.33002921231086,88.09647121587979
epigenomics_4535_fast2bfq_369,47.76589920424675,67.4270347171029
epigenomics_4535_fast2bfq_370,51.8312128364814,73.88068025898555
epigenomics_4535_fast2bfq_371,41.651710352517696,77.14350745231833
epigenomics_4535_fast2bfq_372,40.51365328899527,78.18457880267519
epigenomics_4535_fast2bfq_373,47.488227537705704,82.44523579128244
epigenomics_4535_fast2bfq_374,40.34316578574285,73.60590629290576
epigenomics_4535_fast2bfq_375,48.42947106251591,76.2821922224484
epigenomics_4535_fast2bfq_376,46.125287504617816,87.6507651458944
epigenomics_4535_fast2bfq_377,35.747894539109836,89.59579243424582
epigenomics_4535_fast2bfq_378,47.39751792125535,71.69612982706761
epigenomics_4535_fast2bfq_379,42.61041141597806,81.58532050397099
epigenomics_4535_fast2bfq_380,45.47018022109334,71.57066545313378
epigenomics_4535_fast2bfq_381,35.1794768884852,87.13554424354847
epigenomics_4535_fast2bfq_382,47.98639952038804,82.09230366797263
epigenomics_4535_fast2bfq_383,55.5247904173755,82.87364483181987
epigenomics_4535_fast2bfq_384,46.43451510538102,84.1980175078385
epigenomics_4535_fast2bfq_385,45.906408510018515,73.6811430513707
epigenomics_4535_fast2bfq_386,42.4585551344352,83.78920630153891
epigenomics_4535_fast2bfq_387,51.49747865312322,86.56781832945894
epigenomics_4535_fast2bfq_388,41.75798020733535,77.96544737110028
epigenomics_4535_fast2bfq_389,48.60770421998386,71.36601456159103
epigenomics_4535_fast2bfq_390,45.11672635499014,75.15535118965317
epigenomics_4535_fast2bfq_391,34.12329736344217,88.97502128179491
epigenomics_4535_fast2bfq_392,35.486101525331875,80.28876046504233
epigenomics_4535_fast2bfq_393,49.09869238202348,79.73147301474184
epigenomics_4535_fast2bfq_394,43.66614529574796,65.8412050362946
epigenomics_4535_fast2bfq_395,44.339546254516534,69.61992960986215
epigenomics_4535_fast2bfq_396,49.169140887748654,75.30587601008313
epigenomics_4535_fast2bfq_397,49.07853571736093,63.4969570477017
epigenomics_4535_fast2bfq_398,47.756280491214696,76.64692939903242
epigenomics_4535_fast2bfq_399,40.571817999453586,76.85352117698345
epigenomics_4535_fast2bfq_400,35.19540468573908,83.42359305907753
epigenomics_4535_fast2bfq_401,50.50591310196876,85.630515462196
epigenomics_4535_fast2bfq_402,45.97801978268413,70.60092241621696
epigenomics_4535_fast2bfq_403,39.220402552779014,70.57510511020281
epigenomics_4535_fast2bfq_404,50.21932175447874,74.47251636221466
epigenomics_4535_fast2bfq_405,44.29351020903354,78.79694445086011
epigenomics_4535_fast2bfq_406,47.04785935815184,70.40409264119803
epigenomics_4535_fast2bfq_407,34.75797648991667,73.81062026898725
epigenomics_4535_fast2bfq_408,43.33391864828074,89.1682252383001
epigenomics_4535_fast2bfq_409,38.93100656505308,76.14823882101791
epigenomics_4535_fast2bfq_410,50.159655582319985,80.91436770985345
epigenomics_4535_fast2bfq_411,51.18684286593231,72.76456736152721
epigenomics_4535_fast2bfq_412,43.50264331652978,79.82359740532323
epigenomics_4535_fast2bfq_413,51.296611668336936,73.43259843469396
epigenomics_4535_fast2bfq_414,38.38291882052701,69.71567124837017
epigenomics_4535_fast2bfq_415,47.19849462758743,86.64738105632439
epigenomics_4535_fast2bfq_416,49.67383491345534,83.31302455933519
epigenomics_4535_fast2bfq_417,48.068213798220235,82.71868735551949
epigenomics_4535_fast2bfq_418,50.53122120665254,65.02951077480469
epigenomics_4535_fast2bfq_419,46.393006543209175,76.73502938466913
epigenomics_4535_fast2bfq_420,39.750534259809264,91.49576302648606
epigenomics_4535_fast2bfq_421,52.33342702227492,75.6478959911414
epigenomics_4535_fast2bfq_422,47.715121086027914,73.82550778948277
epigenomics_4535_fast2bfq_423,35.95968356960883,69.99125475053597
epigenomics_4535_fast2bfq_424,43.835504715780004,77.34743704927126
epigenomics_4535_fast2bfq_425,46.55385810505917,87.82902754488927
epigenomics_4535_fast2bfq_426,54.88359677059122,82.34730549759536
epigenomics_4535_fast2bfq_427,41.93135527116976,70.06696633640911
epigenomics_4535_fast2bfq_428,42.848393584766974,83.95146433119386
epigenomics_4535_fast2bfq_429,41.67534982915102,83.31632848175764
epigenomics_4535_fast2bfq_430,57.971734417414275,87.98553988867964
epigenomics_4535_fast2bfq_431,36.12181067189039,82.89276369460197
epigenomics_4535_fast2bfq_432,40.45226463277029,68.91964842512199
epigenomics_4535_fast2bfq_433,42.027486835729526,79.02545123397395
epigenomics_4535_fast2bfq_434,41.313045732828705,75.79030537338093
epigenomics_4535_fast2bfq_435,54.27202892543935,88.31869228149127
epigenomics_4535_fast2bfq_436,38.54497021925837,76.45622681800825
epigenomics_4535_fast2bfq_437,46.63969897109921,62.505699333316414
epigenomics_4535_fast2bfq_438,59.732933387395455,75.52935216610211
epigenomics_4535_fast2bfq_439,38.8890415635242,69.50449623318805
epigenomics_4535_fast2bfq_440,49.18110487472007,62.97630699002683
epigenomics_4535_fast2bfq_441,45.1082186062779,74.83296486191476
epigenomics_4535_fast2bfq_442,41.149569225585346,77.37005856897592
epigenomics_4535_fast2bfq_443,42.704073841262094,71.52281131885513
epigenomics_4535_fast2bfq_444,49.623502116042644,86.89868960392982
epigenomics_4535_fast2bfq_445,49.93185704111913,72.69732682409568
epigenomics_4535_fast2bfq_446,37.15189026854175,89.08281999861244
epigenomics_4535_fast2bfq_447,57.36040967133904,72.34553477594793
epigenomics_4535_fast2bfq_448,37.55346059365899,70.4590750429074
epigenomics_4535_fast2bfq_449,44.54882713431213,77.68559830970548
epigenomics_4535_fast2bfq_450,48.0008870885482,64.13532478588014
epigenomics_4535_fast2bfq_451,44.124505168924,74.77565946775988
epigenomics_4535_fast2bfq_452,54.73922628573893,87.40963944647456
epigenomics_4535_fast2bfq_453,50.985175314515494,75.1055275368861
epigenomics_4535_fast2bfq_454,40.286510792270654,77.97891211809997
epigenomics_4535_fast2bfq_455,54.55534142302389,79.57814427592128
epigenomics_4535_fast2bfq_456,50.314598687917325,83.6311478003273
epigenomics_4535_fast2bfq_457,47.38408574633352,80.55183029412483
epigenomics_4535_fast2bfq_458,56.348479322205236,80.55936156856824
epigenomics_4535_fast2bfq_459,53.32477590100309,79.12589295364867
epigenomics_4535_fast2bfq_460,38.510066605967125,72.82134087668393
epigenomics_4535_fast2bfq_461,49.78700902755769,92.57853945061349
epigenomics_4535_fast2bfq_462,33.20416241491101,73.01837262628487
epigenomics_4535_fast2bfq_463,42.97583693689584,77.30096264903982
epigenomics_4535_fast2bfq_464,41.33417860719607,81.07521102173862
epigenomics_4535_fast2bfq_465,46.26869043092209,73.72906065724598
epigenomics_4535_fast2bfq_466,35.69404426955812,69.29772121423386
epigenomics_4535_fast2bfq_467,50.03349669634462,86.25687549589152
epigenomics_4535_fast2bfq_468,52.45262286945692,59.42355730847696
epigenomics_4535_fast2bfq_469,35.01698763966685,83.77861768545492
epigenomics_4535_fast2bfq_470,43.69028577014937,81.1300175613986
epigenomics_4535_fast2bfq_471,42.636540640987356,84.40965153556525
epigenomics_4535_fast2bfq_472,44.800551446283784,85.5188704023588
epigenomics_4535_fast2bfq_473,51.44357120839388,89.97688462687748
epigenomics_4535_fast2bfq_474,44.14087470240495,74.3233889370835
epigenomics_4535_fast2bfq_475,39.06516212457349,71.33219962934918
epigenomics_4535_fast2bfq_476,44.766352334675666,75.7279810232683
epigenomics_4535_fast2bfq_477,40.09882058053875,85.80526333697779
epigenomics_4535_fast2bfq_478,44.45549664075323,72.60790873006829
epigenomics_4535_fast2bfq_479,46.741837342876266,87.52491470781557
epigenomics_4535_fast2bfq_480,56.24832792059772,84.94410461698511
epigenomics_4535_fast2bfq_481,42.691946475233514,68.96835858282489
epigenomics_4535_fast2bfq_482,52.32052140693805,95.83828200410653
epigenomics_4535_fast2bfq_483,36.34125672895141,66.48674464632752
epigenomics_4535_fast2bfq_484,52.05756749685742,83.12309731143169
epigenomics_4535_fast2bfq_485,36.30276994454235,65.6236942114121
epigenomics_4535_fast2bfq_486,37.412737332971616,79.24359655767313
epigenomics_4535_fast2bfq_487,47.51098887884389,77.91809562097528
epigenomics_4535_fast2bfq_488,37.1764443373242,69.7319872944735
epigenomics_4535_fast2bfq_489,43.24569143007585,71.6116032921027
epigenomics_4535_fast2bfq_490,50.03577562794038,64.16827277011235
epigenomics_4535_fast2bfq_491,33.29083867212667,82.23981016557653
epigenomics_4535_fast2bfq_492,47.44970959175969,89.92125504070653
epigenomics_4535_fast2bfq_493,39.65125591715051,71.55717911540323
epigenomics_4535_fast2bfq_494,51.403167023667834,68.685922928201
epigenomics_4535_fast2bfq_495,55.51278129610313,81.76621923537975
epigenomics_4535_fast2bfq_496,44.464016077610296,81.78405283607655
epigenomics_4535_fast2bfq_497,40.54643999983447,78.12480066724382
epigenomics_4535_fast2bfq_498,50.196842553168246,84.20460842074375
epigenomics_4535_fast2bfq_499,42.956059669468715,81.36025228557979
epigenomics_4535_map_0,10275.613421626473,186.1594631175929
epigenomics_4535_map_1,9572.13835271298,187.16386430757927
epigenomics_4535_map_2,9711.568886340128,189.81854583106744
epigenomics_4535_map_3,9769.443588201118,181.07582962116277
epigenomics_4535_map_4,10084.730872480102,182.88436755149192
epigenomics_4535_map_5,10313.962494946445,188.62739613543238
epigenomics_4535_map_6,10554.436817519832,175.2804736630133
epigenomics_4535_map_7,10340.161073103416,181.66555852223604
epigenomics_4535_map_8,9824.829257794596,189.82649532389036
epigenomics_4535_map_9,10702.276451724661,181.86313548305742
epigenomics_4535_map_10,9902.107183302049,191.51965248379614
epigenomics_4535_map_11,9717.38550357599,178.60966911140235
epigenomics_4535_map_12,9223.563880260688,186.0514922976137
epigenomics_4535_map_13,10097.370491835745,181.58171747172176
epigenomics_4535_map_14,9785.246377218162,178.67254746199754
epigenomics_4535_map_15,9204.792200506954,184.18017386788958
epigenomics_4535_map_16,10106.750344828833,187.475034096922
epigenomics_4535_map_17,9651.028944112986,185.40859799873488
epigenomics_4535_map_18,9115.294314141029,188.6920192348822
epigenomics_4535_map_19,10231.385924008931,182.63197307415518
epigenomics_4535_map_20,8988.712977704721,189.71054909509886
epigenomics_4535_map_21,9350.789921400014,174.02577559884512
epigenomics_4535_map_22,10278.602462395062,179.53313466350187
epigenomics_4535_map_23,10316.055208937147,194.90427140375823
epigenomics_4535_map_24,10272.706743998524,189.72351996586642
epigenomics_4535_map_25,10401.620408627114,182.3002161019336
epigenomics_4535_map_26,9836.750605098385,188.11962639755797
epigenomics_4535_map_27,10490.95151671834,185.30764510258768
epigenomics_4535_map_28,9343.323127064485,182.4277229474073
epigenomics_4535_map_29,9865.399980871569,185.1696546344093
epigenomics_4535_map_30,9469.181333685252,187.5524663606739
epigenomics_4535_map_31,10443.1032922875,189.8914390689382
epigenomics_4535_map_32,9732.167619993705,175.71709033775983
epigenomics_4535_map_33,9793.098444531632,188.80733540195655
epigenomics_4535_map_34,9874.639676065946,184.86200304932518
epigenomics_4535_map_35,9345.102393425814,195.00417237052707
epigenomics_4535_map_36,10083.003564562698,184.121764277766
epigenomics_4535_map_37,8706.079276999862,173.88384211829722
epigenomics_4535_map_38,9607.443702125605,187.72564831569437
epigenomics_4535_map_39,9010.867237919807,178.11434144638724
epigenomics_4535_map_40,10822.929986578549,182.34244308302954
epigenomics_4535_map_41,10394.609818819801,186.32659282134156
epigenomics_4535_map_42,10272.698119441922,183.52953841286694
epigenomics_4535_map_43,9370.822377181219,186.36212344396688
epigenomics_4535_map_44,10600.829302217451,189.64380808075887
epigenomics_4535_map_45,9772.496415023377,179.1508233336225
epigenomics_4535_map_46,10124.99997946289,185.16032110083867
epigenomics_4535_map_47,10329.561907762589,182.97224112925483
epigenomics_4535_map_48,10222.909612839343,181.60145457944196
epigenomics_4535_map_49,9244.870842515622,187.60868746004365
epigenomics_4535_map_50,9635.650923299927,184.54813164205137
epigenomics_4535_map_51,9410.379004789942,182.69561751179916
epigenomics_4535_map_52,10511.838113995485,183.36355827931519
epigenomics_4535_map_53,9920.838150682875,181.72005041202485
epigenomics_4535_map_54,8573.044414152635,185.39771915243648
epigenomics_4535_map_55,9954.467844625304,183.89687202309713
epigenomics_4535_map_56,9564.60311044143,183.1467526789101
epigenomics_4535_map_57,9644.943304204802,189.38334750989705
epigenomics_4535_map_58,9921.90021793568,180.8954678640833
epigenomics_4535_map_59,10037.832413723956,189.31011372506188
epigenomics_4535_map_60,10272.636645824916,173.99697773857378
epigenomics_4535_map_61,10312.351462956725,177.03528638044605
epigenomics_4535_map_62,10885.563706162651,175.69103753509683
epigenomics_4535_map_63,9409.981660044363,190.5897427739772
epigenomics_4535_map_64,9446.0167808208,188.04929826566746
epigenomics_4535_map_65,10651.638578955784,174.31520599382682
epigenomics_4535_map_66,9684.300803341963,186.5230467028366
epigenomics_4535_map_67,10245.572157333312,175.53550758574264
epigenomics_4535_map_68,9996.46921762774,183.31400118605498
epigenomics_4535_map_69,9728.01053292235,181.5659192094248
epigenomics_4535_map_70,9969.042343800318,192.43946426435238
epigenomics_4535_map_71,10326.25286517703,184.80142060612098
epigenomics_4535_map_72,10480.937335982573,179.93605269928037
epigenomics_4535_map_73,9579.875716523553,184.87823080748532
epigenomics_4535_map_74,10449.011721113364,183.42122457131737
epigenomics_4535_map_75,10085.302678386523,180.66087921468022
epigenomics_4535_map_76,9399.032285623105,186.84269309421654
epigenomics_4535_map_77,9938.259111962916,194.22688441464743
epigenomics_4535_map_78,10590.718957010187,187.44439559512682
epigenomics_4535_map_79,9674.501074059022,179.43866656144337
epigenomics_4535_map_80,9352.577063107303,183.90480650152213
epigenomics_4535_map_81,9707.149954843464,178.13081690392764
epigenomics_4535_map_82,10118.077420986203,188.56577054124267
epigenomics_4535_map_83,10790.179500273676,187.28953529201033
epigenomics_4535_map_84,10370.325550007834,178.9491045229641
epigenomics_4535_map_85,9663.037163797117,190.98193246013238
epigenomics_4535_map_86,9569.918143920153,193.2712885610088
epigenomics_4535_map_87,9632.935832557661,190.8314757848306
epigenomics_4535_map_88,10729.93606589463,191.54597462084558
epigenomics_4535_map_89,11092.631815286737,185.44227733780784
epigenomics_4535_map_90,9930.88060012129,189.86886161514548
epigenomics_4535_map_91,10127.489023557746,183.4537824665371
epigenomics_4535_map_92,10194.416783112369,191.47464358693497
epigenomics_4535_map_93,10500.310915603455,181.69401894889202
epigenomics_4535_map_94,9188.745529592159,192.89569980255374
epigenomics_4535_map_95,10058.906121523736,185.58380513840703
epigenomics_4535_map_96,10154.967498776296,189.88507601612062
epigenomics_4535_map_97,9569.203039162747,182.17054095351432
epigenomics_4535_map_98,10783.587007708435,183.22791941585638
epigenomics_4535_map_99,9122.216477335087,192.31473951929604
epigenomics_4535_map_100,9863.217861579085,182.64940601683645
epigenomics_4535_map_101,9985.892688929132,194.05541813196294
epigenomics_4535_map_102,9513.542684796681,183.5762898230798
epigenomics_4535_map_103,10198.853116068896,184.31158345017468
epigenomics_4535_map_104,9612.581717490655,194.38994525831123
epigenomics_4535_map_105,10490.853922937515,181.66951432853472
epigenomics_4535_map_106,8250.535977512862,181.21656285039188
epigenomics_4535_map_107,10611.16670283043,185.3990304378818
epigenomics_4535_map_108,10620.808001327494,180.08349409885753
epigenomics_4535_map_109,10547.58045482778,186.4161766896692
epigenomics_4535_map_110,10508.408250327357,181.78409139460484
epigenomics_4535_map_111,10684.670767017815,192.17681577676984
epigenomics_4535_map_112,9582.193058424704,184.74330157556923
epigenomics_4535_map_113,9472.964622708536,181.0580508117381
epigenomics_4535_map_114,10351.122900428762,178.45192688313628
epigenomics_4535_map_115,9356.891436863258,188.2386023172182
epigenomics_4535_map_116,9416.613130828438,188.31144200932994
epigenomics_4535_map_117,10083.214882746948,191.60938601369634
epigenomics_4535_map_118,9719.3664158313,179.72370949513098
epigenomics_4535_map_119,10053.366483158115,189.39038634190675
epigenomics_4535_map_120,10003.610062560416,184.87407074529602
epigenomics_4535_map_121,10720.787919974871,182.5605353387931
epigenomics_4535_map_122,10053.73514050127,181.65725768326368
epigenomics_4535_map_123,10016.137439295766,180.21041579718587
epigenomics_4535_map_124,9604.77036062344,189.9303197628248
epigenomics_4535_map_125,10440.014310506725,190.63969674880425
epigenomics_4535_map_126,10365.510271332832,193.76558857113858
epigenomics_4535_map_127,10069.765982266495,188.47181052409712
epigenomics_4535_map_128,9769.256609875918,193.23461821858112
epigenomics_4535_map_129,9763.365099643444,189.52541755318794
epigenomics_4535_map_130,10141.604417951323,181.57697357900844
epigenomics_4535_map_131,10253.373636455777,171.0468012861255
epigenomics_4535_map_132,9638.168369890827,183.77138965252774
epigenomics_4535_map_133,10501.192658620803,190.92924206638378
epigenomics_4535_map_134,10480.879196403503,175.01879523529817
epigenomics_4535_map_135,10058.979686549752,176.86033899906528
epigenomics_4535_map_136,10523.931222189374,182.34774022098736
epigenomics_4535_map_137,9191.8456303589,176.72158387214344
epigenomics_4535_map_138,9514.684184526819,182.3070110346364
epigenomics_4535_map_139,9802.617304393565,176.28259623145567
epigenomics_4535_map_140,10313.064651600134,195.54295630166686
epigenomics_4535_map_141,10344.56326633448,189.28640666612932
epigenomics_4535_map_142,10262.481087309458,189.16597096071035
epigenomics_4535_map_143,10745.456706417233,189.22336072400955
epigenomics_4535_map_144,10210.114148047653,183.26508783315893
epigenomics_4535_map_145,9675.171586996516,182.65532714116097
epigenomics_4535_map_146,9963.34363721265,193.81143988670354
epigenomics_4535_map_147,9317.606084519077,181.6897597778619
epigenomics_4535_map_148,10562.576855398818,185.13140958663163
epigenomics_4535_map_149,9659.053084029198,187.7715642827075
epigenomics_4535_map_150,9883.98215518982,193.7308080865715
epigenomics_4535_map_151,10651.783768224417,183.83166341122367
epigenomics_4535_map_152,8768.800575499225,190.57860589477366
epigenomics_4535_map_153,10197.505384184295,181.8139488601033
epigenomics_4535_map_154,10943.094555154199,181.17958554618454
epigenomics_4535_map_155,8949.89478533436,181.7008065477598
epigenomics_4535_map_156,10338.082456691965,182.3674070231741
epigenomics_4535_map_157,9842.969280011512,178.40815976622952
epigenomics_4535_map_158,9211.885085560167,176.92616130132015
epigenomics_4535_map_159,10624.037345383307,179.3465077187673
epigenomics_4535_map_160,10410.401733723325,182.11348350635166
epigenomics_4535_map_161,10024.843468020252,190.04972264727598
epigenomics_4535_map_162,10565.743493126934,189.05050932518353
epigenomics_4535_map_163,10563.204456701842,177.80443926136
epigenomics_4535_map_164,9440.556207216545,181.0875450254525
epigenomics_4535_map_165,9259.568181544626,183.13238761542334
epigenomics_4535_map_166,10771.384615758343,183.51423724460489
epigenomics_4535_map_167,10524.254521793062,187.8837763683157
epigenomics_4535_map_168,10074.84194676208,181.0420191885597
epigenomics_4535_map_169,10426.951503996697,187.16323910750128
epigenomics_4535_map_170,9542.018575570442,179.5438219547026
epigenomics_4535_map_171,11039.269930725648,182.22329311250334
epigenomics_4535_map_172,10045.706158269046,183.03524969458095
epigenomics_4535_map_173,11014.66142221082,171.11262805640138
epigenomics_4535_map_174,9900.891218407221,181.21633044581452
epigenomics_4535_map_175,9803.73825170725,185.18906733968453
epigenomics_4535_map_176,10009.838007713062,197.34108108021803
epigenomics_4535_map_177,10348.92145255789,184.3830276998247
epigenomics_4535_map_178,9452.585448453405,187.03408684022202
epigenomics_4535_map_179,10158.287394146157,186.43466400087294
epigenomics_4535_map_180,10285.951132603836,190.1609380299004
epigenomics_4535_map_181,10190.112466579438,180.1668667443435
epigenomics_4535_map_182,10415.393265782717,181.6788186518355
epigenomics_4535_map_183,9418.072809747217,193.7152752801356
epigenomics_4535_map_184,10855.04895704384,190.728272436734
epigenomics_4535_map_185,10893.666050435111,187.53848082139106
epigenomics_4535_map_186,10769.472369653264,189.86139855181628
epigenomics_4535_map_187,10098.472571131182,184.7587635442823
epigenomics_4535_map_188,8404.711220849525,182.58365663343284
epigenomics_4535_map_189,10587.987258701596,189.1047470139106
epigenomics_4535_map_190,10876.24488566889,178.0683959610463
epigenomics_4535_map_191,10583.411061183084,179.46924018252244
epigenomics_4535_map_192,10342.994825916672,185.53237799934712
epigenomics_4535_map_193,10495.734658602136,186.18047577847204
epigenomics_4535_map_194,10037.878593307614,196.60175803624446
epigenomics_4535_map_195,9833.753990670166,186.4218296682189
epigenomics_4535_map_196,10333.103018996599,172.80550530212344
epigenomics_4535_map_197,10238.793134473173,179.17552415156848
epigenomics_4535_map_198,8963.338940426398,181.86580532669132
epigenomics_4535_map_199,9720.850478805736,186.37377209262544
epigenomics_4535_map_200,9979.776258948212,186.2046852501604
epigenomics_4535_map_201,9366.939357587336,194.54131779151498
epigenomics_4535_map_202,10897.251363593456,187.1741900058966
epigenomics_4535_map_203,10552.955576998345,186.11617753398392
epigenomics_4535_map_204,10441.077486237487,190.8420554151686
epigenomics_4535_map_205,9985.471301452855,180.95515836700667
epigenomics_4535_map_206,9820.89499854902,190.54394155470544
epigenomics_4535_map_207,9701.63949735472,185.44324934893018
epigenomics_4535_map_208,9818.409306503401,191.81154582376718
epigenomics_4535_map_209,10267.444031802363,185.6898854737499
epigenomics_4535_map_210,9755.080598067352,178.55202974384753
epigenomics_4535_map_211,9452.409763201764,182.25175700876645
epigenomics_4535_map_212,9195.371693391424,190.9613283401243
epigenomics_4535_map_213,10006.715710832064,181.86642212896777
epigenomics_4535_map_214,10596.013117951243,185.02714441732064
epigenomics_4535_map_215,9696.125884740082,176.92481745113434
epigenomics_4535_map_216,10814.962028189377,188.13357183938817
epigenomics_4535_map_217,10706.293035683751,180.25898518572538
epigenomics_4535_map_218,10308.423893265168,180.39828396089726
epigenomics_4535_map_219,10401.807981441549,181.83572571251145
epigenomics_4535_map_220,9746.04054125023,180.618960935173
epigenomics_4535_map_221,9662.731928976276,178.636918084003
epigenomics_4535_map_222,10649.842135199304,191.40178883654423
epigenomics_4535_map_223,9486.9588491737,187.27178727039376
epigenomics_4535_map_224,10303.111307435034,188.35316604245273
epigenomics_4535_map_225,10689.49338729999,183.52507328165512
epigenomics_4535_map_226,9418.147014916389,190.27217830701196
epigenomics_4535_map_227,9703.997688685964,184.3570621692248
epigenomics_4535_map_228,10167.267064717973,181.44920732355973
epigenomics_4535_map_229,11189.82355415655,190.62707158880616
epigenomics_4535_map_230,9941.86719639575,180.34246918028106
epigenomics_4535_map_231,10940.006404053805,184.87734181012092
epigenomics_4535_map_232,9218.720981968503,184.32065907718606
epigenomics_4535_map_233,10311.984842993832,187.43184099455956
epigenomics_4535_map_234,9123.054807829687,180.22737757054006
epigenomics_4535_map_235,8774.320807751585,187.3167682124903
epigenomics_4535_map_236,9672.491405027837,183.90271186395387
epigenomics_4535_map_237,9140.368811121683,191.11846649719382
epigenomics_4535_map_238,9613.5200457737,189.11564348279632
epigenomics_4535_map_239,9637.501834252133,182.48724993545716
epigenomics_4535_map_240,9663.639822596853,188.7780183703065
epigenomics_4535_map_241,9318.014374411227,182.04860360715423
epigenomics_4535_map_242,9907.271279428058,194.70844224127345
epigenomics_4535_map_243,10086.14516937667,185.39379646159287
epigenomics_4535_map_244,10311.952165603521,190.74490791949665
epigenomics_4535_map_245,10004.170160497737,184.21868170596636
epigenomics_4535_map_246,10542.443180505337,195.38804688690982
epigenomics_4535_map_247,9529.462406134955,181.45139788360444
epigenomics_4535_map_248,9789.33594114761,192.58718726642584
epigenomics_4535_map_249,10354.607340817945,182.6011827891243
epigenomics_4535_map_250,10150.118248969975,189.25860837014315
epigenomics_4535_map_251,10091.335277457296,196.36115417358067
epigenomics_4535_map_252,8679.874829444152,192.26998120468429
epigenomics_4535_map_253,10149.738627389761,185.9874614956456
epigenomics_4535_map_254,10147.26302491041,186.82554959492478
epigenomics_4535_map_255,9504.3141727014,179.37393622364954
epigenomics_4535_map_256,10372.888959023618,177.34442337673732
epigenomics_4535_map_257,9875.541470534607,194.16280030942218
epigenomics_4535_map_258,9621.86054765628,191.81833127466706
epigenomics_4535_map_259,9441.897238587704,190.54305313887755
epigenomics_4535_map_260,9832.272274612656,185.67696676740545
epigenomics_4535_map_261,9758.125817926208,187.59226668565447
epigenomics_4535_map_262,9826.970787341641,184.2695428580522
epigenomics_4535_map_263,10687.800071464397,187.17473101023936
epigenomics_4535_map_264,9719.787359808523,186.1646221549984
epigenomics_4535_map_265,10217.189871942093,184.13288245317835
epigenomics_4535_map_266,10027.086485425936,189.16038037562151
epigenomics_4535_map_267,10616.793407413996,178.30478338014848
epigenomics_4535_map_268,9791.07757284935,184.58648331730168
epigenomics_4535_map_269,10304.173270869249,187.28645076164128
epigenomics_4535_map_270,10294.0829527222,184.48061698284144
epigenomics_4535_map_271,10674.44285653399,190.9587260379514
epigenomics_4535_map_272,8967.743167621318,190.2324478505309
epigenomics_4535_map_273,10459.710052777487,180.05027467181668
epigenomics_4535_map_274,9031.087568229967,177.6186134400439
epigenomics_4535_map_275,10798.43358586659,184.5118627883523
epigenomics_4535_map_276,10053.471496873923,183.75387446722294
epigenomics_4535_map_277,10320.88571443886,193.12510691756336
epigenomics_4535_map_278,10194.121018034024,194.12464631357568
epigenomics_4535_map_279,10757.495401050055,187.8519165794153
epigenomics_4535_map_280,10500.153392944243,183.31940691427357
epigenomics_4535_map_281,10604.354732780348,189.12258494836888
epigenomics_4535_map_282,9895.505229796188,188.9987705285213
epigenomics_4535_map_283,9982.175032092655,192.56947839999032
epigenomics_4535_map_284,9886.853376204288,189.38424479310913
epigenomics_4535_map_285,10479.586711343767,179.244333386444
epigenomics_4535_map_286,11032.189550834735,186.56671438331367
epigenomics_4535_map_287,9859.343825049873,180.774917945779
epigenomics_4535_map_288,9519.478858469187,193.9174934912443
epigenomics_4535_map_289,10215.78358756886,184.29378284018009
epigenomics_4535_map_290,10007.903973802633,193.89265318510473
epigenomics_4535_map_291,10456.079198881476,178.65623824071145
epigenomics_4535_map_292,10541.27140281767,184.72037208404745
epigenomics_4535_map_293,9715.719249201651,182.20318011928282
epigenomics_4535_map_294,10187.454583106988,184.10408660274427
epigenomics_4535_map_295,10240.473122584403,181.87131504180076
epigenomics_4535_map_296,9864.235333878592,185.15084350924678
epigenomics_4535_map_297,11182.609366507231,193.27499271126186
epigenomics_4535_map_298,10150.416361501831,183.9442941814289
epigenomics_4535_map_299,9316.389805971912,191.14799035888802
epigenomics_4535_map_300,10313.34066674003,185.07304891267677
epigenomics_4535_map_301,9349.250834097258,174.66969938840003
epigenomics_4535_map_302,11563.09973383909,177.07553465671336
epigenomics_4535_map_303,10342.375637658139,183.0312697626192
epigenomics_4535_map_304,10620.82074810299,182.9194814255861
epigenomics_4535_map_305,9619.25831215609,192.79238935624042
epigenomics_4535_map_306,10828.187567834286,181.55048041871586
epigenomics_4535_map_307,10024.638974229287,189.2397178119627
epigenomics_4535_map_308,10277.798046276992,182.0144430043126
epigenomics_4535_map_309,9889.669351212273,196.28832179924103
epigenomics_4535_map_310,10791.364486649021,186.63486773231097
epigenomics_4535_map_311,9337.062617650125,180.82894170673976
epigenomics_4535_map_312,9436.824048076833,180.7146554846313
epigenomics_4535_map_313,9338.024557936164,189.7720198088146
epigenomics_4535_map_314,9435.673162188272,190.46075098610027
epigenomics_4535_map_315,9980.76461011161,196.49330352708637
epigenomics_4535_map_316,10420.211963832293,197.4295267425149
epigenomics_4535_map_317,9822.507927628456,183.62090037128667
epigenomics_4535_map_318,9933.367262192894,186.64798430240106
epigenomics_4535_map_319,9633.316829635378,177.59303825575722
epigenomics_4535_map_320,10699.27366574149,192.02513322958058
epigenomics_4535_map_321,10302.209204398425,191.6907208605324
epigenomics_4535_map_322,10432.885862699794,182.51144725606787
epigenomics_4535_map_323,10108.306305241385,180.38300664924975
epigenomics_4535_map_324,9472.762881358125,187.83427009434635
epigenomics_4535_map_325,9792.698047248428,192.63943492150923
epigenomics_4535_map_326,8617.762556199777,180.17109684379813
epigenomics_4535_map_327,10348.02165102482,187.64909987812794
epigenomics_4535_map_328,9563.139435263283,182.25622754077582
epigenomics_4535_map_329,9586.40023343037,191.04748981948552
epigenomics_4535_map_330,10513.864696245288,178.3327178687563
epigenomics_4535_map_331,9934.013161018183,174.1566652307433
epigenomics_4535_map_332,9706.733776602694,187.53262075729728
epigenomics_4535_map_333,10009.688460719944,190.87057382717308
epigenomics_4535_map_334,9798.54120868818,185.3524791177055
epigenomics_4535_map_335,9808.118599697109,175.15171450194777
epigenomics_4535_map_336,9968.372639441463,184.18811504829233
epigenomics_4535_map_337,10239.803511297247,176.40069585923794
epigenomics_4535_map_338,9508.192940807763,178.05824094879696
epigenomics_4535_map_339,10148.447005882223,181.67353116519166
epigenomics_4535_map_340,9352.00746923077,185.74256533098472
epigenomics_4535_map_341,9104.33901105278,190.4007040027917
epigenomics_4535_map_342,10203.692325878279,184.08732934552197
epigenomics_4535_map_343,10047.37563798363,180.03866740256828
epigenomics_4535_map_344,10430.158454314,168.779671458409
epigenomics_4535_map_345,9760.509685691472,177.7719825125926
epigenomics_4535_map_346,9728.694212582654,185.8626668718795
epigenomics_4535_map_347,10126.78380819024,183.0008729642334
epigenomics_4535_map_348,9818.223889620935,178.6531744927115
epigenomics_4535_map_349,9340.844631323873,196.51195464244086
epigenomics_4535_map_350,9788.924423157105,180.70932559029356
epigenomics_4535_map_351,9491.825059774183,195.23952442768072
epigenomics_4535_map_352,9506.08073441856,178.719494932575
epigenomics_4535_map_353,10199.623059716208,192.49522085363745
epigenomics_4535_map_354,9820.046768615148,187.78885434966125
epigenomics_4535_map_355,9742.641930151818,178.52541037379603
epigenomics_4535_map_356,9808.860572774485,183.34212151420508
epigenomics_4535_map_357,9383.404055099325,187.9949152885174
epigenomics_4535_map_358,9433.006832885532,174.41681713838273
epigenomics_4535_map_359,10398.986846552714,176.38258995483184
epigenomics_4535_map_360,9284.59835789439,189.23203426136698
epigenomics_4535_map_361,10307.857256013289,187.3677950787745
epigenomics_4535_map_362,9446.356400948034,190.09907182327976
epigenomics_4535_map_363,10146.542919114052,183.96046945817403
epigenomics_4535_map_364,8912.407141502128,182.55264331879633
epigenomics_4535_map_365,10054.54482871005,177.70592239555037
epigenomics_4535_map_366,9684.31475870048,177.18707466703026
epigenomics_4535_map_367,9677.189436627246,186.82937782140183
epigenomics_4535_map_368,9575.444096212455,188.21950913967947
epigenomics_4535_map_369,10262.026573002278,178.7275910687588
epigenomics_4535_map_370,10289.78915888732,183.26317132221857
epigenomics_4535_map_371,9778.945933416862,185.22690709729926
epigenomics_4535_map_372,10388.06563975512,186.23284068935925
epigenomics_4535_map_373,9883.622126075388,180.81877803348084
epigenomics_4535_map_374,8813.363509324348,180.5247641987614
epigenomics_4535_map_375,10126.123709064328,187.33616175618934
epigenomics_4535_map_376,10146.6728206918,185.16061339762652
epigenomics_4535_map_377,9827.91110653669,185.34264619963056
epigenomics_4535_map_378,9511.715858145439,181.1258690216494
epigenomics_4535_map_379,9344.190591894536,171.31281455936298
epigenomics_4535_map_380,10457.920877192126,184.55778091692602
epigenomics_4535_map_381,9956.10804390477,192.93188873697508
epigenomics_4535_map_382,10180.29765418281,189.60918716672998
epigenomics_4535_map_383,9081.009509580574,183.6837681873645
epigenomics_4535_map_384,9800.112046015734,186.78907510303074
epigenomics_4535_map_385,10105.112213807282,186.13093398444522
epigenomics_4535_map_386,9831.495951226349,185.12554382422908
epigenomics_4535_map_387,9723.287066848865,179.2793721074325
epigenomics_4535_map_388,9877.22596908592,196.493084680116
epigenomics_4535_map_389,9715.141306962338,185.66793612093937
epigenomics_4535_map_390,10087.623657544113,185.5969039290687
epigenomics_4535_map_391,9674.746540380977,182.36036214822747
epigenomics_4535_map_392,10234.249386018884,180.44950381447757
epigenomics_4535_map_393,10475.609136892159,189.4182942907557
epigenomics_4535_map_394,10912.829096420995,181.06886900947822
epigenomics_4535_map_395,9616.283357257022,195.86609585334838
epigenomics_4535_map_396,10255.162911434832,176.39834642732896
epigenomics_4535_map_397,10274.138931634312,187.6347191134176
epigenomics_4535_map_398,9779.145098408879,183.36124684579497
epigenomics_4535_map_399,10153.688730450715,177.93043545039225
epigenomics_4535_map_400,10160.159104106853,194.82986007641838
epigenomics_4535_map_401,9988.530369397778,182.10392934625733
epigenomics_4535_map_402,9501.067010724239,185.15562305783376
epigenomics_4535_map_403,10378.260073076917,181.76327553408115
epigenomics_4535_map_404,10092.855662075799,189.4744739754316
epigenomics_4535_map_405,9772.545627222087,186.0404172380318
epigenomics_4535_map_406,10068.77553051002,189.0753193061203
epigenomics_4535_map_407,10160.395194868455,191.96840132918425
epigenomics_4535_map_408,10533.672731044502,185.41453222470375
epigenomics_4535_map_409,9948.010684731105,188.40534133258976
epigenomics_4535_map_410,10932.47152758552,177.82367648581945
epigenomics_4535_map_411,9905.552880234058,194.40015726650373
epigenomics_4535_map_412,10396.256927181546,186.88676808029365
epigenomics_4535_map_413,9606.856354381167,182.19887096932982
epigenomics_4535_map_414,9780.120296508498,188.8247508382473
epigenomics_4535_map_415,9456.486065513809,180.7119442740091
epigenomics_4535_map_416,10521.73542503462,186.45515821155848
epigenomics_4535_map_417,9943.060775247339,178.81877723237068
epigenomics_4535_map_418,10293.933518705495,174.4531295830732
epigenomics_4535_map_419,9977.789993457069,181.9188358378859
epigenomics_4535_map_420,9963.569587803897,188.25292229626987
epigenomics_4535_map_421,9939.329078678918,177.75613679177704
epigenomics_4535_map_422,9526.848715429025,189.35234124996836
epigenomics_4535_map_423,9714.905911152578,188.9629768070363
epigenomics_4535_map_424,9741.092375790542,190.69990719415102
epigenomics_4535_map_425,9664.34239101381,186.1578835031947
epigenomics_4535_map_426,10245.843721019703,175.62844098101078
epigenomics_4535_map_427,10003.479065046286,184.70571466302155
epigenomics_4535_map_428,10409.848486640933,188.5820240543054
epigenomics_4535_map_429,10427.280988217806,192.59371914544704
epigenomics_4535_map_430,9749.948097454366,186.2566115568428
epigenomics_4535_map_431,10196.051013918785,187.37522023626641
epigenomics_4535_map_432,9263.920730338776,189.34400794624563
epigenomics_4535_map_433,9448.970542630104,187.50985938345278
epigenomics_4535_map_434,9676.378116837042,184.05736786419308
epigenomics_4535_map_435,9124.2530352053,183.173450079239
epigenomics_4535_map_436,10659.350792358897,187.64325716832687
epigenomics_4535_map_437,10333.568485383834,178.54784494784093
epigenomics_4535_map_438,10726.979744487126,183.01749156895642
epigenomics_4535_map_439,9558.205767609112,188.92658940741904
epigenomics_4535_map_440,10040.039102280069,184.22455493637875
epigenomics_4535_map_441,9518.82917843106,182.16293324569722
epigenomics_4535_map_442,10917.146843177612,177.64084477660276
epigenomics_4535_map_443,10014.459461897419,188.83877833476637
epigenomics_4535_map_444,10521.75602494441,181.16821683208775
epigenomics_4535_map_445,10151.009129865988,179.06571475277192
epigenomics_4535_map_446,10264.179016683056,188.81054334702
epigenomics_4535_map_447,9674.425585104647,198.05197588211954
epigenomics_4535_map_448,9983.861031955017,191.65877929914868
epigenomics_4535_map_449,10371.073785573784,181.4930776238462
epigenomics_4535_map_450,10847.55595637468,186.90430218581938
epigenomics_4535_map_451,10447.21015237076,188.1036764656476
epigenomics_4535_map_452,9741.394635487277,192.45219411866145
epigenomics_4535_map_453,9796.103095381652,185.95124794989195
epigenomics_4535_map_454,10089.44851340581,183.17729823310447
epigenomics_4535_map_455,10703.60862763361,185.3747229161971
epigenomics_4535_map_456,9402.859932312826,184.4346390436782
epigenomics_4535_map_457,9599.948752077104,183.78250839934324
epigenomics_4535_map_458,9510.947486163523,177.79033202526642
epigenomics_4535_map_459,10581.526346494345,179.38033790794634
epigenomics_4535_map_460,9935.324994593742,178.3549535694225
epigenomics_4535_map_461,9867.869247528834,184.71650459987984
epigenomics_4535_map_462,9793.717548583412,183.29996760746317
epigenomics_4535_map_463,10457.615573716643,187.88642820600472
epigenomics_4535_map_464,9994.684466764365,186.1391820319324
epigenomics_4535_map_465,9411.615667292426,190.42344125164325
epigenomics_4535_map_466,9968.190546333026,179.5627335142912
epigenomics_4535_map_467,11322.193269202011,189.83511002766753
epigenomics_4535_map_468,10107.08418557019,188.746859151154
epigenomics_4535_map_469,10003.38740866386,194.42547879843664
epigenomics_4535_map_470,10142.646922134509,178.36906487083334
epigenomics_4535_map_471,10507.194672237514,183.45321166857983
epigenomics_4535_map_472,10317.192335114725,177.36953759784845
epigenomics_4535_map_473,10150.962985072782,180.721379630557
epigenomics_4535_map_474,10235.265114495473,178.620124413567
epigenomics_4535_map_475,10451.197479478467,178.13590569263806
epigenomics_4535_map_476,9755.26241664156,192.12096764643314
epigenomics_4535_map_477,10245.31334228965,188.73084830114612
epigenomics_4535_map_478,10082.257393388041,181.9943223196773
epigenomics_4535_map_479,9814.991712762823,184.33068719236974
epigenomics_4535_map_480,9798.780137598927,187.32352646991728
epigenomics_4535_map_481,9747.806910568117,189.09279905794827
epigenomics_4535_map_482,10611.219074154202,181.41420893817258
epigenomics_4535_map_483,9552.543528696158,170.69584574622894
epigenomics_4535_map_484,10208.498332026717,182.12697907390347
epigenomics_4535_map_485,9857.804366140324,187.88749887466645
epigenomics_4535_map_486,9537.225198307928,186.15137202779715
epigenomics_4535_map_487,9588.268922035531,189.3291472481179
epigenomics_4535_map_488,9814.31533661379,179.47929902760103
epigenomics_4535_map_489,9434.217080612836,182.01289972580037
epigenomics_4535_map_490,10613.394812113309,177.4465538378534
epigenomics_4535_map_491,9240.609473074768,186.2364776780567
epigenomics_4535_map_492,9659.504367876105,175.48105960729197
epigenomics_4535_map_493,9515.74750873828,185.44298468647435
epigenomics_4535_map_494,9445.994243148436,189.7588221052779
epigenomics_4535_map_495,9743.120943421736,186.6589887581961
epigenomics_4535_map_496,10119.455754612056,185.29616431424282
epigenomics_4535_map_497,10273.048870468581,192.9424056723959
epigenomics_4535_map_498,10639.739907129251,185.44010457567833
epigenomics_4535_map_499,9971.320393679669,193.62174393667576
epigenomics_4535_mapMerge1_0,134.0988024713879,115.99440900721741
epigenomics_4535_mapMerge1_1,116.75295759624791,114.3786179797489
epigenomics_4535_mapMerge2_0,147.69894456500407,114.19167751687965
epigenomics_4535_chr21_0,146.67220644607832,47.89420827026141
epigenomics_4535_pileup_0,173.34763043697936,98.04577432385722
