request,latency,mem
epigenomics_1986_entry_0,1.0,1.0
epigenomics_1986_fastqSplit_0,54.36839856634594,102.08930435276876
epigenomics_1986_fastqSplit_1,66.69644304380611,108.87530361859989
epigenomics_1986_filterContams_0,25.717466842958594,66.23477949350952
epigenomics_1986_filterContams_1,22.03577718323676,60.15737379708196
epigenomics_1986_filterContams_2,14.82129724981781,61.47525144763536
epigenomics_1986_filterContams_3,19.698616754222826,61.786863827415495
epigenomics_1986_filterContams_4,24.3403681431736,73.06836063600751
epigenomics_1986_filterContams_5,21.144679106008667,64.4875259594402
epigenomics_1986_filterContams_6,17.143954091794775,57.29512388348149
epigenomics_1986_filterContams_7,26.56988507527749,80.96636020362493
epigenomics_1986_filterContams_8,19.899646279626957,46.963964676667736
epigenomics_1986_filterContams_9,20.178112645478706,52.255757479351196
epigenomics_1986_filterContams_10,21.872874522011145,70.21624114018346
epigenomics_1986_filterContams_11,20.73403651221577,62.5463202950241
epigenomics_1986_filterContams_12,17.967969942189374,64.65899048543099
epigenomics_1986_filterContams_13,18.38762489713609,58.19922499204113
epigenomics_1986_filterContams_14,21.72641956774071,68.79379547585253
epigenomics_1986_filterContams_15,23.742713203073663,66.48111356630096
epigenomics_1986_filterContams_16,19.402441136629363,54.4523156448584
epigenomics_1986_filterContams_17,17.22786091072232,66.59539256432
epigenomics_1986_filterContams_18,23.622337643928713,58.30204559792911
epigenomics_1986_filterContams_19,18.88832574336109,68.42800459913451
epigenomics_1986_filterContams_20,15.896779255764883,60.976058524379994
epigenomics_1986_filterContams_21,17.509612771801645,74.79604121589287
epigenomics_1986_filterContams_22,20.7440999267101,76.76314054521313
epigenomics_1986_filterContams_23,20.896213959112213,79.83012565108595
epigenomics_1986_filterContams_24,18.507659541269394,72.97820577881058
epigenomics_1986_filterContams_25,16.071784036347537,73.73243282294239
epigenomics_1986_filterContams_26,19.80657349971174,69.01915646380083
epigenomics_1986_filterContams_27,20.487960864817133,63.24656217008941
epigenomics_1986_filterContams_28,20.715950919507637,73.54635506340804
epigenomics_1986_filterContams_29,22.30497522601717,60.97003861072273
epigenomics_1986_filterContams_30,13.822133122872547,78.56001480617108
epigenomics_1986_filterContams_31,25.005708853207224,61.68214714996486
epigenomics_1986_filterContams_32,19.39699635979403,73.17412370157598
epigenomics_1986_filterContams_33,21.53366972037845,55.84119254851175
epigenomics_1986_filterContams_34,12.023743351715439,70.63460646686924
epigenomics_1986_filterContams_35,16.713364863295393,58.39741016754272
epigenomics_1986_filterContams_36,22.659507804799507,70.11441357605365
epigenomics_1986_filterContams_37,17.3289893947258,66.06900504633255
epigenomics_1986_filterContams_38,17.47888565304459,67.55227968712569
epigenomics_1986_filterContams_39,18.797868628858456,57.39407360105775
epigenomics_1986_filterContams_40,22.00455432067252,64.55065909502808
epigenomics_1986_filterContams_41,21.22212128857542,67.81106807627611
epigenomics_1986_filterContams_42,26.244619693355602,72.38664062481791
epigenomics_1986_filterContams_43,20.19933480352624,68.21685714893877
epigenomics_1986_filterContams_44,15.398562001970243,63.497925438919914
epigenomics_1986_filterContams_45,18.133954557740534,72.61353302667278
epigenomics_1986_filterContams_46,12.837970817049284,71.72023965576133
epigenomics_1986_filterContams_47,17.321537464602137,57.63527809958879
epigenomics_1986_filterContams_48,19.819216043093878,58.2810620065557
epigenomics_1986_filterContams_49,19.73479728978579,54.24062878475166
epigenomics_1986_filterContams_50,18.33887645623931,68.62877576072897
epigenomics_1986_filterContams_51,18.88688025211734,69.35807211082442
epigenomics_1986_filterContams_52,18.87032487822481,58.312740480989234
epigenomics_1986_filterContams_53,21.9058780829208,72.95141556120421
epigenomics_1986_filterContams_54,21.73024070079919,60.32651738321577
epigenomics_1986_filterContams_55,19.08226026202352,63.589486084027584
epigenomics_1986_filterContams_56,17.772907175513296,67.06514320951877
epigenomics_1986_filterContams_57,22.01278178547885,60.04334522256722
epigenomics_1986_filterContams_58,23.431222773184004,58.42607083069075
epigenomics_1986_filterContams_59,21.746960644423577,63.528545187351845
epigenomics_1986_filterContams_60,17.655577380587243,63.903142675005405
epigenomics_1986_filterContams_61,23.28243420359,69.1388695064409
epigenomics_1986_filterContams_62,23.153931316299428,49.00226995948188
epigenomics_1986_filterContams_63,23.072449730499716,70.31590848059444
epigenomics_1986_filterContams_64,24.77827449377174,70.0116060422988
epigenomics_1986_filterContams_65,19.19361164805137,55.064788382582705
epigenomics_1986_filterContams_66,13.375934609430004,72.16041383755807
epigenomics_1986_filterContams_67,24.311489009234123,59.76043865999616
epigenomics_1986_filterContams_68,24.652817746607276,58.967817939210086
epigenomics_1986_filterContams_69,19.747027310406857,62.68329818066233
epigenomics_1986_filterContams_70,21.93203774137421,68.25155455165202
epigenomics_1986_filterContams_71,14.105434903600598,69.53071326632134
epigenomics_1986_filterContams_72,20.25408414293494,51.92796668068733
epigenomics_1986_filterContams_73,17.523363817381295,59.132861317238635
epigenomics_1986_filterContams_74,23.262605380363038,87.0586281863692
epigenomics_1986_filterContams_75,16.003104101310512,64.83071067223626
epigenomics_1986_filterContams_76,22.407182092553377,73.91369234794305
epigenomics_1986_filterContams_77,20.972407145738106,68.81654304037227
epigenomics_1986_filterContams_78,19.53315546384324,60.23203879353962
epigenomics_1986_filterContams_79,20.434128242734207,58.97097444799312
epigenomics_1986_filterContams_80,15.529465423756594,63.75832230419625
epigenomics_1986_filterContams_81,22.604135500667553,78.59581826021402
epigenomics_1986_filterContams_82,20.65173633091693,47.33299933437587
epigenomics_1986_filterContams_83,22.862038174575815,51.69452344752942
epigenomics_1986_filterContams_84,22.156973741593426,73.83712058948343
epigenomics_1986_filterContams_85,19.992204961208067,69.14043213235257
epigenomics_1986_filterContams_86,26.76135051679096,64.77380815883026
epigenomics_1986_filterContams_87,17.085751598465762,83.78371440192589
epigenomics_1986_filterContams_88,21.217759766534776,64.42590688670535
epigenomics_1986_filterContams_89,12.79145244997186,57.00278177408819
epigenomics_1986_filterContams_90,18.170883993267285,76.01600155700491
epigenomics_1986_filterContams_91,17.823670533663986,66.98599825393104
epigenomics_1986_filterContams_92,26.190729154029906,73.52360615988681
epigenomics_1986_filterContams_93,21.89153363348131,66.87670924681653
epigenomics_1986_filterContams_94,20.21728228356088,76.86468885240322
epigenomics_1986_filterContams_95,16.944613798841342,55.04642131954306
epigenomics_1986_filterContams_96,15.264708073360303,59.31379749287439
epigenomics_1986_filterContams_97,12.339482840894037,57.55977196838459
epigenomics_1986_filterContams_98,20.182061282332075,66.68077797569305
epigenomics_1986_filterContams_99,22.6224573177739,63.587946786802505
epigenomics_1986_filterContams_100,17.967731212579757,64.29807609925908
epigenomics_1986_filterContams_101,23.942776159813143,63.92967902849563
epigenomics_1986_filterContams_102,24.3745067146058,65.81558102496322
epigenomics_1986_filterContams_103,20.913079280928436,64.70589253088913
epigenomics_1986_filterContams_104,19.755231628138123,62.1650654882421
epigenomics_1986_filterContams_105,13.879674509104534,60.74645747634763
epigenomics_1986_filterContams_106,16.290097266440338,64.9066152185211
epigenomics_1986_filterContams_107,19.8586725188019,70.3762637997348
epigenomics_1986_filterContams_108,22.61745456668024,59.078816212889855
epigenomics_1986_filterContams_109,20.718612017501037,67.29353640918205
epigenomics_1986_filterContams_110,20.750425310306685,74.65953080517359
epigenomics_1986_filterContams_111,20.969552904365575,66.58888219986662
epigenomics_1986_filterContams_112,21.55044152672837,75.47971387244179
epigenomics_1986_filterContams_113,19.995322359305593,71.48067804842607
epigenomics_1986_filterContams_114,18.910104348709037,74.71459890178026
epigenomics_1986_filterContams_115,21.108318616271305,67.85981665009068
epigenomics_1986_filterContams_116,20.01442839345534,69.15062769585901
epigenomics_1986_filterContams_117,20.374822294535544,51.34457995371929
epigenomics_1986_filterContams_118,19.757972627251277,64.05821428337381
epigenomics_1986_filterContams_119,21.234323669755184,55.50929951774944
epigenomics_1986_filterContams_120,18.97247071846909,70.52736345461095
epigenomics_1986_filterContams_121,24.386902119357018,70.43878535562058
epigenomics_1986_filterContams_122,19.296307271261497,52.51549575871877
epigenomics_1986_filterContams_123,15.198221795143997,67.70188117258105
epigenomics_1986_filterContams_124,22.502920220635612,56.70526993689367
epigenomics_1986_filterContams_125,15.580375594344854,71.29809582950959
epigenomics_1986_filterContams_126,22.564048391018503,64.50818891395676
epigenomics_1986_filterContams_127,18.006860407817925,57.90329244108032
epigenomics_1986_filterContams_128,12.77354833158788,63.70116798950184
epigenomics_1986_filterContams_129,24.678485801058063,69.16937780597723
epigenomics_1986_filterContams_130,15.01962254750589,71.03778431295487
epigenomics_1986_filterContams_131,26.26017173583589,67.72751200558127
epigenomics_1986_filterContams_132,16.0578382929272,71.97755976407119
epigenomics_1986_filterContams_133,23.73439100636182,60.10842544449431
epigenomics_1986_filterContams_134,20.598911874594503,60.055823897330946
epigenomics_1986_filterContams_135,21.367025185898527,72.87063348023172
epigenomics_1986_filterContams_136,19.610913634763588,62.80639300347712
epigenomics_1986_filterContams_137,23.649870381491194,58.048229783909555
epigenomics_1986_filterContams_138,23.12535839789536,48.86106205369463
epigenomics_1986_filterContams_139,18.606823925768026,72.5434872923905
epigenomics_1986_filterContams_140,20.724609796325062,64.98865265036865
epigenomics_1986_filterContams_141,18.16556178136851,69.27882820465967
epigenomics_1986_filterContams_142,14.746154546673893,51.813954857163516
epigenomics_1986_filterContams_143,16.482014147841507,65.00374325125676
epigenomics_1986_filterContams_144,17.24444991871094,69.2496146987677
epigenomics_1986_filterContams_145,20.74903970730638,61.84240450618022
epigenomics_1986_filterContams_146,17.37485452320299,65.89979425503198
epigenomics_1986_filterContams_147,20.26865790326273,72.63942157474187
epigenomics_1986_filterContams_148,18.80090344037191,50.446425047336525
epigenomics_1986_filterContams_149,14.871331965883574,63.78530079984513
epigenomics_1986_filterContams_150,16.723690985702188,62.481895299172365
epigenomics_1986_filterContams_151,23.210592603050916,66.52858531999257
epigenomics_1986_filterContams_152,20.92857780447937,72.6444337717365
epigenomics_1986_filterContams_153,21.50065594516651,71.82778553798133
epigenomics_1986_filterContams_154,22.60208950733177,59.70466029581819
epigenomics_1986_filterContams_155,16.10363751780318,54.709927493409474
epigenomics_1986_filterContams_156,22.189777873556395,63.153088558429516
epigenomics_1986_filterContams_157,14.844405785056093,59.67555269421817
epigenomics_1986_filterContams_158,16.753101054389912,61.883829834529074
epigenomics_1986_filterContams_159,17.09512040559623,69.18336245455603
epigenomics_1986_filterContams_160,26.249419863731084,68.50355646148583
epigenomics_1986_filterContams_161,17.60707921437216,65.79446918673325
epigenomics_1986_filterContams_162,18.85782014534618,66.29365539757525
epigenomics_1986_filterContams_163,21.90518955960515,67.75277147939444
epigenomics_1986_filterContams_164,22.146413218378797,54.43313831432552
epigenomics_1986_filterContams_165,26.741014789858646,60.94701492229048
epigenomics_1986_filterContams_166,23.37321891316314,56.939451740286074
epigenomics_1986_filterContams_167,19.39394027741519,65.7948417952649
epigenomics_1986_filterContams_168,24.624696336883538,61.67352239876856
epigenomics_1986_filterContams_169,14.477525993603875,60.186551238726125
epigenomics_1986_filterContams_170,18.51180048481249,69.35879398409341
epigenomics_1986_filterContams_171,20.829894714742576,62.50933047749369
epigenomics_1986_filterContams_172,24.04576199845195,68.27765698946807
epigenomics_1986_filterContams_173,20.761687272517804,71.22112169052659
epigenomics_1986_filterContams_174,24.882970779376613,73.0216216987669
epigenomics_1986_filterContams_175,14.845514176151912,67.30315469574293
epigenomics_1986_filterContams_176,17.884833193912826,62.71515097617655
epigenomics_1986_filterContams_177,13.68546984064645,72.68263819211799
epigenomics_1986_filterContams_178,21.133058915373198,66.68683655756007
epigenomics_1986_filterContams_179,21.590568347233496,67.54074953265396
epigenomics_1986_filterContams_180,16.865102434794032,51.63702620813629
epigenomics_1986_filterContams_181,23.45106743201373,67.78840999060142
epigenomics_1986_filterContams_182,21.950058668219746,78.34825176565754
epigenomics_1986_filterContams_183,21.250848940361553,78.58802256699751
epigenomics_1986_filterContams_184,22.08561865297935,58.148760906105686
epigenomics_1986_filterContams_185,19.524319812805366,59.62535027390733
epigenomics_1986_filterContams_186,20.926890352353652,67.31447035494789
epigenomics_1986_filterContams_187,25.90248652600944,54.64190431511429
epigenomics_1986_filterContams_188,22.290642247697022,65.36088266812614
epigenomics_1986_filterContams_189,20.421655645739747,67.07981814955805
epigenomics_1986_filterContams_190,21.043488674669845,63.8032282456257
epigenomics_1986_filterContams_191,14.946374428466845,67.94062428117047
epigenomics_1986_filterContams_192,19.613603359823827,71.38041651059113
epigenomics_1986_filterContams_193,16.46173877888607,64.13650624597986
epigenomics_1986_filterContams_194,17.07367798728333,60.53992245659658
epigenomics_1986_filterContams_195,21.80384144285802,55.449278774034674
epigenomics_1986_filterContams_196,20.924828391948065,55.176816406700645
epigenomics_1986_filterContams_197,17.38421225313315,59.23168731483625
epigenomics_1986_filterContams_198,21.01696169348363,59.33579576190522
epigenomics_1986_filterContams_199,20.495228205417934,70.6543074849843
epigenomics_1986_filterContams_200,19.64653373248061,72.75963421282184
epigenomics_1986_filterContams_201,21.90589337991212,69.12705112428787
epigenomics_1986_filterContams_202,17.781381131865047,57.061173018460025
epigenomics_1986_filterContams_203,17.80782741309799,57.630167690483894
epigenomics_1986_filterContams_204,11.848425647638877,61.46646546459153
epigenomics_1986_filterContams_205,23.57738331682439,74.34639142289141
epigenomics_1986_filterContams_206,21.465602491505173,73.06796656275746
epigenomics_1986_filterContams_207,17.750515356874807,65.7353767976935
epigenomics_1986_filterContams_208,16.441976560687046,60.280627948604405
epigenomics_1986_filterContams_209,16.5179879178282,75.88366868229511
epigenomics_1986_filterContams_210,23.071194316510855,69.28430504088996
epigenomics_1986_filterContams_211,21.23326522005512,71.4098588399576
epigenomics_1986_filterContams_212,18.97629905061498,61.903224943567224
epigenomics_1986_filterContams_213,16.09723659513888,68.92165723870264
epigenomics_1986_filterContams_214,21.008264016054888,54.82911356310788
epigenomics_1986_filterContams_215,12.568141442989242,82.8109045992667
epigenomics_1986_filterContams_216,20.48619505247114,73.11402238491657
epigenomics_1986_filterContams_217,21.972318169267282,84.16155485956627
epigenomics_1986_filterContams_218,23.644289453499574,65.89456684843651
epigenomics_1986_filterContams_219,23.188023631605205,78.46040932917336
epigenomics_1986_filterContams_220,16.127109733914562,69.23657730274834
epigenomics_1986_filterContams_221,24.438079444348542,64.14111454491696
epigenomics_1986_filterContams_222,21.654858513983758,67.37518572673662
epigenomics_1986_filterContams_223,22.547963948112994,58.84351618958803
epigenomics_1986_filterContams_224,18.1665881807688,71.95807748185395
epigenomics_1986_filterContams_225,18.752100140288675,73.42925147595491
epigenomics_1986_filterContams_226,16.62749501690326,62.70006246050699
epigenomics_1986_filterContams_227,20.56142516483555,55.49699479402762
epigenomics_1986_filterContams_228,20.27544645476051,65.61625069160507
epigenomics_1986_filterContams_229,16.722260857821773,68.5466425073362
epigenomics_1986_filterContams_230,18.121617225336752,54.21377144968467
epigenomics_1986_filterContams_231,24.778169222158184,64.92227926013926
epigenomics_1986_filterContams_232,21.627661411105766,84.85909369478465
epigenomics_1986_filterContams_233,16.19358139926036,58.19981471677549
epigenomics_1986_filterContams_234,18.48633137146282,59.4248956606997
epigenomics_1986_filterContams_235,16.447690426358754,55.81601689585823
epigenomics_1986_filterContams_236,18.43675953750993,55.639715274338485
epigenomics_1986_filterContams_237,24.425050568374537,72.0478529381735
epigenomics_1986_filterContams_238,23.910982894630884,59.457552975360485
epigenomics_1986_filterContams_239,20.10825967091133,50.28014285336802
epigenomics_1986_filterContams_240,16.981078367275593,53.834978504660775
epigenomics_1986_filterContams_241,18.076323083209502,68.94061922979007
epigenomics_1986_filterContams_242,22.795918670565847,69.16777688797758
epigenomics_1986_filterContams_243,16.490832138701585,86.87389425000143
epigenomics_1986_filterContams_244,20.608615959327818,77.81400330563288
epigenomics_1986_filterContams_245,18.710617179134303,54.001632478288045
epigenomics_1986_filterContams_246,20.781389794767943,56.69711440905981
epigenomics_1986_filterContams_247,22.384204293006956,62.288121930482724
epigenomics_1986_filterContams_248,17.93923635211521,56.02017104319621
epigenomics_1986_filterContams_249,16.55744551045904,55.633748080640856
epigenomics_1986_filterContams_250,15.121276984724913,66.53424471483943
epigenomics_1986_filterContams_251,17.64310882816678,65.20341007321123
epigenomics_1986_filterContams_252,14.272464876103411,54.84530384471477
epigenomics_1986_filterContams_253,18.17968169852734,67.13493444401101
epigenomics_1986_filterContams_254,20.98235995790198,67.16492982438704
epigenomics_1986_filterContams_255,21.129392337781873,55.03945730998826
epigenomics_1986_filterContams_256,18.10751423958485,70.78375895771524
epigenomics_1986_filterContams_257,21.23970436722429,61.85236675445803
epigenomics_1986_filterContams_258,19.034127365874262,68.62166264362756
epigenomics_1986_filterContams_259,18.6412288489295,67.90037987745845
epigenomics_1986_filterContams_260,19.570039877088387,61.126864151457944
epigenomics_1986_filterContams_261,18.54282476684061,55.74734745817708
epigenomics_1986_filterContams_262,23.752391696448747,80.07882686705312
epigenomics_1986_filterContams_263,24.671665891959865,77.22126188651526
epigenomics_1986_filterContams_264,18.153956355876545,74.3902911058223
epigenomics_1986_filterContams_265,26.44279670056594,55.75690505340929
epigenomics_1986_filterContams_266,15.318453336445806,60.15336214044933
epigenomics_1986_filterContams_267,22.717174030616803,61.527564060306254
epigenomics_1986_filterContams_268,23.75104118403764,80.90128599903488
epigenomics_1986_filterContams_269,16.730296407816578,66.99593922082576
epigenomics_1986_filterContams_270,18.86737019265946,65.02496537684223
epigenomics_1986_filterContams_271,25.858250929536077,76.62299629522452
epigenomics_1986_filterContams_272,25.815872955624748,72.09333648806248
epigenomics_1986_filterContams_273,19.554448282603882,76.01833751782937
epigenomics_1986_filterContams_274,23.816529966345517,65.17119371214503
epigenomics_1986_filterContams_275,17.792608148672322,53.83479349466997
epigenomics_1986_filterContams_276,22.069236582757366,49.39608455446394
epigenomics_1986_filterContams_277,19.765601344977284,71.20461035235586
epigenomics_1986_filterContams_278,16.767468790330447,81.72253963497639
epigenomics_1986_filterContams_279,13.95085221814268,65.07304946089864
epigenomics_1986_filterContams_280,23.868966956808695,58.28453880946017
epigenomics_1986_filterContams_281,14.136032540779635,57.14223771400067
epigenomics_1986_filterContams_282,19.621569799836443,58.007082434355105
epigenomics_1986_filterContams_283,17.062270983035255,72.29129540680067
epigenomics_1986_filterContams_284,22.323710417638086,67.58198213208607
epigenomics_1986_filterContams_285,17.128845673498656,81.97130803065522
epigenomics_1986_filterContams_286,17.73030769338024,73.3764486302046
epigenomics_1986_filterContams_287,18.16899291701361,56.35969378895407
epigenomics_1986_filterContams_288,20.46522331461812,69.19582470597788
epigenomics_1986_filterContams_289,12.32918832718933,87.25364420633989
epigenomics_1986_filterContams_290,26.183772123324353,56.272456781304484
epigenomics_1986_filterContams_291,18.661523672294887,77.67246447662318
epigenomics_1986_filterContams_292,21.711293787671448,79.77250214824103
epigenomics_1986_filterContams_293,17.340222147884877,65.00252004715226
epigenomics_1986_filterContams_294,21.71196478229457,68.54252163225797
epigenomics_1986_filterContams_295,18.829717986184978,64.31622602175965
epigenomics_1986_filterContams_296,17.95136247420603,70.13078684176381
epigenomics_1986_filterContams_297,24.018120456525637,59.34981287618171
epigenomics_1986_filterContams_298,13.206070872262679,49.67356670696911
epigenomics_1986_filterContams_299,19.888364381564745,67.85201700114898
epigenomics_1986_filterContams_300,23.311430263168617,63.878696627631534
epigenomics_1986_filterContams_301,25.803318148615848,61.983191435750584
epigenomics_1986_filterContams_302,25.18704856337316,63.67882766753323
epigenomics_1986_filterContams_303,25.35089225673267,67.649344437143
epigenomics_1986_filterContams_304,17.30818777336977,55.33241417966822
epigenomics_1986_filterContams_305,19.04517627145514,62.143570720208935
epigenomics_1986_filterContams_306,23.498012548898824,59.023904639621236
epigenomics_1986_filterContams_307,16.489926572444634,65.28071901469815
epigenomics_1986_filterContams_308,21.61409341491052,58.390664244936175
epigenomics_1986_filterContams_309,15.22904467027215,56.832561958104236
epigenomics_1986_filterContams_310,21.936031201601136,68.5700729995371
epigenomics_1986_filterContams_311,23.789846233878453,60.32630116675142
epigenomics_1986_filterContams_312,21.48184140215952,56.7789533414349
epigenomics_1986_filterContams_313,22.08214192361201,64.47038628098494
epigenomics_1986_filterContams_314,19.083595995924625,63.46807435954353
epigenomics_1986_filterContams_315,24.96374563811161,74.63297505749149
epigenomics_1986_filterContams_316,25.359207390391244,68.84013088765471
epigenomics_1986_filterContams_317,20.182088212102016,67.37460642648739
epigenomics_1986_filterContams_318,15.327468511243245,63.69716478439066
epigenomics_1986_filterContams_319,14.59045555540946,57.8326134535107
epigenomics_1986_filterContams_320,20.01806172393417,63.246390014267966
epigenomics_1986_filterContams_321,23.143000557550497,74.6065881059696
epigenomics_1986_filterContams_322,18.49633374957002,58.43450760182168
epigenomics_1986_filterContams_323,16.204174658658378,67.62805538571989
epigenomics_1986_filterContams_324,23.190241060198456,76.21996147432466
epigenomics_1986_filterContams_325,20.54595175170608,57.6434658522697
epigenomics_1986_filterContams_326,22.278243452632655,64.7765935815964
epigenomics_1986_filterContams_327,23.795908254507076,72.31969258702281
epigenomics_1986_filterContams_328,21.97046151876303,67.90884036759059
epigenomics_1986_filterContams_329,20.924410559998563,53.60148115793779
epigenomics_1986_filterContams_330,23.398902439609476,81.98060138432622
epigenomics_1986_filterContams_331,15.278460991445218,52.4253989222481
epigenomics_1986_filterContams_332,20.720105046847657,72.1571160756862
epigenomics_1986_filterContams_333,20.74931642679967,70.76817958568634
epigenomics_1986_filterContams_334,17.604016837449205,51.66129586104121
epigenomics_1986_filterContams_335,16.2651590436956,72.50457022053823
epigenomics_1986_filterContams_336,23.469404931725254,64.49326036235217
epigenomics_1986_filterContams_337,20.750431733272674,71.27711846257775
epigenomics_1986_filterContams_338,16.748889190837957,64.38180979314603
epigenomics_1986_filterContams_339,18.73417699351086,60.841553308120076
epigenomics_1986_filterContams_340,21.440750984816205,76.12234749801654
epigenomics_1986_filterContams_341,20.677960531420318,62.01040137407716
epigenomics_1986_filterContams_342,23.618210314325147,64.11718425047357
epigenomics_1986_filterContams_343,18.065971540444092,69.87509102773848
epigenomics_1986_filterContams_344,18.230770215117918,77.02863727329142
epigenomics_1986_filterContams_345,17.47569687945725,71.4121849982666
epigenomics_1986_filterContams_346,18.39442899183389,68.15960376148882
epigenomics_1986_filterContams_347,22.70567155381609,68.11061227247247
epigenomics_1986_filterContams_348,24.002857332973303,76.58361899016693
epigenomics_1986_filterContams_349,21.059665691327126,73.20915488091119
epigenomics_1986_filterContams_350,21.179039760864047,79.80574867952464
epigenomics_1986_filterContams_351,17.511194930313376,76.58717157828094
epigenomics_1986_filterContams_352,17.263796753485337,64.69775922685308
epigenomics_1986_filterContams_353,20.273283018449177,57.38333470759307
epigenomics_1986_filterContams_354,20.43187813230175,57.69947711672429
epigenomics_1986_filterContams_355,23.6050297499189,68.03150784711697
epigenomics_1986_filterContams_356,20.241109775827216,68.59881428915457
epigenomics_1986_filterContams_357,20.00992786936192,60.74345931924228
epigenomics_1986_filterContams_358,21.087576839933224,72.44412767237358
epigenomics_1986_filterContams_359,21.17960709548912,66.00171567867268
epigenomics_1986_filterContams_360,14.866749404156792,53.956666803728794
epigenomics_1986_filterContams_361,23.347613573812687,74.73918227514305
epigenomics_1986_filterContams_362,14.993081020601206,51.99085888468938
epigenomics_1986_filterContams_363,17.853243506840993,73.95124133821979
epigenomics_1986_filterContams_364,22.308907234599147,56.95466120513393
epigenomics_1986_filterContams_365,18.815514651535832,53.07259439781161
epigenomics_1986_filterContams_366,17.717993568235944,68.34021105775206
epigenomics_1986_filterContams_367,20.383954182666166,65.40702137076204
epigenomics_1986_filterContams_368,14.475359502244249,71.74602541002275
epigenomics_1986_filterContams_369,19.677219287635392,75.35522116420142
epigenomics_1986_filterContams_370,18.225343863670265,70.62536387721103
epigenomics_1986_filterContams_371,19.18681101531669,60.840483353262016
epigenomics_1986_filterContams_372,20.791574685735903,69.30828450453161
epigenomics_1986_filterContams_373,23.497015738122844,46.66407640737337
epigenomics_1986_filterContams_374,17.04769581841767,76.84138959770668
epigenomics_1986_filterContams_375,19.31222189572265,70.71412503458097
epigenomics_1986_filterContams_376,15.024705506666471,68.23992293510045
epigenomics_1986_filterContams_377,27.297126248182252,63.16956959119857
epigenomics_1986_filterContams_378,19.370284368335653,71.23145352666646
epigenomics_1986_filterContams_379,19.979270251443186,66.01780576273991
epigenomics_1986_filterContams_380,16.1320787698594,72.02108097777445
epigenomics_1986_filterContams_381,20.50893844680979,64.18392418637217
epigenomics_1986_filterContams_382,23.539382034761935,62.43164796387925
epigenomics_1986_filterContams_383,19.845436748471517,71.71488837868458
epigenomics_1986_filterContams_384,16.55530728539957,58.795781466642474
epigenomics_1986_filterContams_385,15.810299991822006,48.958517224241234
epigenomics_1986_filterContams_386,20.79891466625866,58.75219209792826
epigenomics_1986_filterContams_387,25.46214638251152,61.75553656655098
epigenomics_1986_filterContams_388,18.649189920697943,68.17597056597968
epigenomics_1986_filterContams_389,18.010620938182807,58.335452108801924
epigenomics_1986_filterContams_390,18.202102753565715,69.53894835388222
epigenomics_1986_filterContams_391,19.587212585615166,65.07012732824477
epigenomics_1986_filterContams_392,14.640835524535468,57.00524680681367
epigenomics_1986_filterContams_393,18.402420305671455,68.40682147330251
epigenomics_1986_filterContams_394,17.50869227193193,80.51333047539667
epigenomics_1986_filterContams_395,13.920162059200624,60.84393274760589
epigenomics_1986_filterContams_396,19.225742577291353,63.00398399896813
epigenomics_1986_filterContams_397,17.312687636020577,64.78190579261869
epigenomics_1986_filterContams_398,21.305544195279516,71.873752326287
epigenomics_1986_filterContams_399,22.189320981645793,64.09776634598313
epigenomics_1986_filterContams_400,15.599623744074023,59.377743963006246
epigenomics_1986_filterContams_401,18.39821409242086,70.31405085390014
epigenomics_1986_filterContams_402,16.81453374926553,68.28386702980102
epigenomics_1986_filterContams_403,21.80532039439734,68.3721417766129
epigenomics_1986_filterContams_404,29.44663851148743,61.50715624597752
epigenomics_1986_filterContams_405,19.39604592491669,56.02161079733268
epigenomics_1986_filterContams_406,18.675937446100566,63.71317995468276
epigenomics_1986_filterContams_407,15.906087753808544,64.4856335076565
epigenomics_1986_filterContams_408,17.459105513612517,67.05114814037903
epigenomics_1986_filterContams_409,20.65947847318693,66.62397179648033
epigenomics_1986_filterContams_410,22.727270532198972,61.64684145937045
epigenomics_1986_filterContams_411,21.83730770390254,85.40475588557152
epigenomics_1986_filterContams_412,13.021190671354912,58.574318545425065
epigenomics_1986_filterContams_413,18.624894133885288,71.03791785021095
epigenomics_1986_filterContams_414,14.273516254802784,46.18594299252711
epigenomics_1986_filterContams_415,21.643117778273226,54.087126247194064
epigenomics_1986_filterContams_416,18.469576012139385,64.30732019178258
epigenomics_1986_filterContams_417,20.748604991402477,64.52093530808305
epigenomics_1986_filterContams_418,22.06229572926441,75.28695950858906
epigenomics_1986_filterContams_419,13.877070386329919,61.84199580789548
epigenomics_1986_filterContams_420,14.458727915127152,65.50925491285207
epigenomics_1986_filterContams_421,19.322636192993905,46.23316240098451
epigenomics_1986_filterContams_422,17.177974363835528,61.32598461202727
epigenomics_1986_filterContams_423,21.774055915811438,53.90729267859285
epigenomics_1986_filterContams_424,24.892181861157145,60.483458855996865
epigenomics_1986_filterContams_425,21.16007208175569,71.33964643194139
epigenomics_1986_filterContams_426,21.645029884732462,59.66711736463806
epigenomics_1986_filterContams_427,21.768492939581694,59.548869324906846
epigenomics_1986_filterContams_428,18.388843643154896,48.99717234448429
epigenomics_1986_filterContams_429,19.651227712391563,41.9041795086013
epigenomics_1986_filterContams_430,18.08702996869164,64.43815817405996
epigenomics_1986_filterContams_431,19.07285665806008,65.48383910782714
epigenomics_1986_filterContams_432,23.009373796382807,58.73155500236283
epigenomics_1986_filterContams_433,18.476010992632084,68.45967819486651
epigenomics_1986_filterContams_434,22.349737887050814,61.28533824217022
epigenomics_1986_filterContams_435,18.926150738386955,69.63856474909699
epigenomics_1986_filterContams_436,19.63235155075459,53.66261423224361
epigenomics_1986_filterContams_437,16.97321450247075,53.969060575015604
epigenomics_1986_filterContams_438,24.911140079513324,69.79240095988975
epigenomics_1986_filterContams_439,22.824056707500706,59.298671241484186
epigenomics_1986_filterContams_440,23.805711620328363,51.44609116601792
epigenomics_1986_filterContams_441,18.286985314187,68.87671089075202
epigenomics_1986_filterContams_442,17.815472585661375,77.46573514849571
epigenomics_1986_filterContams_443,18.56507191673681,67.3663287698484
epigenomics_1986_filterContams_444,16.475796382577386,55.971112473198055
epigenomics_1986_filterContams_445,17.47950090262914,59.77871743727106
epigenomics_1986_filterContams_446,15.525885282711506,58.26866259002579
epigenomics_1986_filterContams_447,19.184967395801486,83.85991185601519
epigenomics_1986_filterContams_448,14.513587840730704,56.892918513540366
epigenomics_1986_filterContams_449,21.956950353016254,64.30703578991289
epigenomics_1986_filterContams_450,20.30027467155214,66.07377492438376
epigenomics_1986_filterContams_451,20.791724726186807,63.14283483329929
epigenomics_1986_filterContams_452,17.42838466778144,69.01408069845179
epigenomics_1986_filterContams_453,19.368652501696403,81.90114773385926
epigenomics_1986_filterContams_454,21.573309644688834,67.61932198417396
epigenomics_1986_filterContams_455,20.310563443262872,78.31275752841158
epigenomics_1986_filterContams_456,15.579499754191623,52.23461679354405
epigenomics_1986_filterContams_457,18.834460871967813,52.47935598918898
epigenomics_1986_filterContams_458,15.421696020149293,72.63865847184427
epigenomics_1986_filterContams_459,16.85225885255473,76.97044617434217
epigenomics_1986_filterContams_460,19.6165147135052,59.290522748174894
epigenomics_1986_filterContams_461,20.28227869999638,63.12734215491149
epigenomics_1986_filterContams_462,21.52960799172527,66.80595745920871
epigenomics_1986_filterContams_463,24.441846028300333,72.79138251235047
epigenomics_1986_filterContams_464,19.387415049719056,56.02486100091183
epigenomics_1986_filterContams_465,16.511604587580905,73.10019619660808
epigenomics_1986_filterContams_466,16.753950639033054,66.09745990384499
epigenomics_1986_filterContams_467,15.799503118122782,75.7629731706615
epigenomics_1986_filterContams_468,12.990419134432013,65.65107347151637
epigenomics_1986_filterContams_469,16.734114318869985,51.607168430565004
epigenomics_1986_filterContams_470,19.141745190511557,63.99990152909473
epigenomics_1986_filterContams_471,20.351057184502604,68.99253526685256
epigenomics_1986_filterContams_472,21.393939820072934,70.89437934065592
epigenomics_1986_filterContams_473,22.864093093858617,66.53057656380875
epigenomics_1986_filterContams_474,19.420716858208138,64.24062669677835
epigenomics_1986_filterContams_475,21.773134162555884,65.53809863081604
epigenomics_1986_filterContams_476,22.482138619057153,73.39430407665418
epigenomics_1986_filterContams_477,20.84943048463715,62.761717950670345
epigenomics_1986_filterContams_478,18.384252125125165,68.06432743415934
epigenomics_1986_filterContams_479,19.036317196575762,62.40273391367792
epigenomics_1986_filterContams_480,17.94531271769118,78.72702482958397
epigenomics_1986_filterContams_481,16.962838277442938,44.61700188475787
epigenomics_1986_filterContams_482,21.234448216595887,62.07630712834626
epigenomics_1986_filterContams_483,24.21767088243687,61.24458913929593
epigenomics_1986_filterContams_484,17.71073145583241,72.52467207116153
epigenomics_1986_filterContams_485,12.229826966782266,69.21850450263844
epigenomics_1986_filterContams_486,20.29564959508514,61.694157114402934
epigenomics_1986_filterContams_487,22.540575729145537,62.07519389426176
epigenomics_1986_filterContams_488,18.99909194631554,69.03260817870563
epigenomics_1986_filterContams_489,19.22484437024126,65.46149174252169
epigenomics_1986_filterContams_490,21.29881063508209,71.97371098267783
epigenomics_1986_filterContams_491,18.464614440514545,71.56946019382156
epigenomics_1986_filterContams_492,21.364627999398966,74.68890115435505
epigenomics_1986_filterContams_493,15.873612414525233,60.31485037238249
epigenomics_1986_filterContams_494,21.16686930695477,67.75796701447317
epigenomics_1986_filterContams_495,20.011173416867237,79.95493143723253
epigenomics_1986_filterContams_496,21.139504183525823,74.02382327482746
epigenomics_1986_filterContams_497,23.028034579554177,64.04091628608745
epigenomics_1986_filterContams_498,11.259243321954344,77.22535186370398
epigenomics_1986_filterContams_499,19.27543302458366,70.76563170018501
epigenomics_1986_sol2sanger_0,85.88643744909746,42.90088762525809
epigenomics_1986_sol2sanger_1,96.19986255196132,54.02594958971834
epigenomics_1986_sol2sanger_2,94.378181040288,43.62451865266198
epigenomics_1986_sol2sanger_3,78.1586372673515,45.1288744909434
epigenomics_1986_sol2sanger_4,86.50176994876608,39.36446792627835
epigenomics_1986_sol2sanger_5,77.03965108548414,55.07337544699041
epigenomics_1986_sol2sanger_6,83.73284157393921,28.597531669319782
epigenomics_1986_sol2sanger_7,79.84845892020859,51.00153808519915
epigenomics_1986_sol2sanger_8,81.47753819689463,45.29614397762687
epigenomics_1986_sol2sanger_9,86.04116699961891,48.71247120001334
epigenomics_1986_sol2sanger_10,72.70780520068021,40.26707507448693
epigenomics_1986_sol2sanger_11,84.16951662300164,42.377238833269864
epigenomics_1986_sol2sanger_12,84.25663276137325,41.27206046795717
epigenomics_1986_sol2sanger_13,68.74920631219979,50.84615681027852
epigenomics_1986_sol2sanger_14,80.24762777737423,39.04521405108833
epigenomics_1986_sol2sanger_15,71.68152267467816,35.99955912751457
epigenomics_1986_sol2sanger_16,78.49723214114941,38.79780770654565
epigenomics_1986_sol2sanger_17,78.09831276508282,35.11339585188649
epigenomics_1986_sol2sanger_18,72.63618631891093,47.27846313397545
epigenomics_1986_sol2sanger_19,78.23165358036188,47.05358145691424
epigenomics_1986_sol2sanger_20,77.64176134153239,39.85196172701412
epigenomics_1986_sol2sanger_21,82.23754428334902,39.42249920185479
epigenomics_1986_sol2sanger_22,85.21221380599602,45.855524600964245
epigenomics_1986_sol2sanger_23,78.15109150098641,30.76824727619622
epigenomics_1986_sol2sanger_24,82.92862567500465,38.83206343518513
epigenomics_1986_sol2sanger_25,83.69585682501825,53.4401398381418
epigenomics_1986_sol2sanger_26,84.98814456734387,39.75963743694878
epigenomics_1986_sol2sanger_27,82.20560477522218,36.10785976912848
epigenomics_1986_sol2sanger_28,77.40069678787565,40.83313761688289
epigenomics_1986_sol2sanger_29,85.42072109953699,47.83654495294376
epigenomics_1986_sol2sanger_30,88.64690757597077,54.219489726690405
epigenomics_1986_sol2sanger_31,79.94922431258787,26.468826803751927
epigenomics_1986_sol2sanger_32,86.00898187296306,45.22677575988852
epigenomics_1986_sol2sanger_33,74.85192324800882,46.950077219974894
epigenomics_1986_sol2sanger_34,79.43512980281723,30.639574557103284
epigenomics_1986_sol2sanger_35,79.50112824438497,60.21038371870108
epigenomics_1986_sol2sanger_36,80.66924497885203,36.49485224483947
epigenomics_1986_sol2sanger_37,75.20911870228302,38.91966887459384
epigenomics_1986_sol2sanger_38,72.44892688306032,42.666786072139324
epigenomics_1986_sol2sanger_39,86.61228756668277,36.339026856591104
epigenomics_1986_sol2sanger_40,79.49221858125249,42.28946622380144
epigenomics_1986_sol2sanger_41,78.07060620244964,61.02013242293421
epigenomics_1986_sol2sanger_42,79.12712029480682,53.131536550530306
epigenomics_1986_sol2sanger_43,82.94749623947688,45.63044905465297
epigenomics_1986_sol2sanger_44,81.62129960893061,49.41376552420367
epigenomics_1986_sol2sanger_45,77.98699877692033,50.920620598727595
epigenomics_1986_sol2sanger_46,83.23850821505647,42.42761894491685
epigenomics_1986_sol2sanger_47,82.45960470244123,50.50720364677743
epigenomics_1986_sol2sanger_48,78.5539266000645,49.70754681652737
epigenomics_1986_sol2sanger_49,76.7243267925872,30.30061574257593
epigenomics_1986_sol2sanger_50,87.0254057790751,68.12322169997765
epigenomics_1986_sol2sanger_51,86.22577662884765,45.32662519928153
epigenomics_1986_sol2sanger_52,74.87002578785427,50.34191566871159
epigenomics_1986_sol2sanger_53,72.23888757132758,48.748694824053615
epigenomics_1986_sol2sanger_54,74.39780245315555,36.248226986505294
epigenomics_1986_sol2sanger_55,82.10787149119929,45.039148633954625
epigenomics_1986_sol2sanger_56,71.45626012687464,39.934351146656084
epigenomics_1986_sol2sanger_57,71.91978530459224,46.487340734698584
epigenomics_1986_sol2sanger_58,91.18246291902369,52.21744131754294
epigenomics_1986_sol2sanger_59,73.09221973184134,47.39986706199479
epigenomics_1986_sol2sanger_60,86.70146193742814,51.08106449540688
epigenomics_1986_sol2sanger_61,77.29393638105311,48.25610071908232
epigenomics_1986_sol2sanger_62,74.12216982982143,36.15187508317526
epigenomics_1986_sol2sanger_63,80.24868764555387,41.405612627974726
epigenomics_1986_sol2sanger_64,82.95989718327664,43.017055926026714
epigenomics_1986_sol2sanger_65,81.07037987154793,56.642216423069634
epigenomics_1986_sol2sanger_66,80.54648620499425,34.15214313628956
epigenomics_1986_sol2sanger_67,86.41105812248729,53.69352921995978
epigenomics_1986_sol2sanger_68,83.38167227982149,36.49556757090398
epigenomics_1986_sol2sanger_69,80.77760801302972,37.35147373249135
epigenomics_1986_sol2sanger_70,76.49975091775683,51.69055972601524
epigenomics_1986_sol2sanger_71,81.7689823610676,48.94627195797111
epigenomics_1986_sol2sanger_72,84.41424318070219,54.043463769667795
epigenomics_1986_sol2sanger_73,74.44576487784157,44.49501065182656
epigenomics_1986_sol2sanger_74,87.89929536408121,50.113250327679395
epigenomics_1986_sol2sanger_75,83.87842312793721,44.23433304583045
epigenomics_1986_sol2sanger_76,74.47682202179361,38.164420134455526
epigenomics_1986_sol2sanger_77,75.41691945752618,43.30795416633995
epigenomics_1986_sol2sanger_78,80.36253321560353,39.94780322332261
epigenomics_1986_sol2sanger_79,72.63494215520824,47.55991726930786
epigenomics_1986_sol2sanger_80,82.47393376729701,54.40986741473519
epigenomics_1986_sol2sanger_81,73.36302047669118,43.071187069707044
epigenomics_1986_sol2sanger_82,81.99300434502288,37.845833485847
epigenomics_1986_sol2sanger_83,74.11094889258558,47.91680832645569
epigenomics_1986_sol2sanger_84,79.82338358779778,49.64223761698321
epigenomics_1986_sol2sanger_85,82.01970822871453,59.72358781504847
epigenomics_1986_sol2sanger_86,88.3621091837656,48.04972405116265
epigenomics_1986_sol2sanger_87,87.62204268032653,51.6651319971623
epigenomics_1986_sol2sanger_88,73.36366271293306,31.89482343426976
epigenomics_1986_sol2sanger_89,80.04468473380065,60.032622765425636
epigenomics_1986_sol2sanger_90,82.7907975887828,49.19358580090976
epigenomics_1986_sol2sanger_91,78.03950179406377,42.92718213087966
epigenomics_1986_sol2sanger_92,81.9234485469586,54.9809229858344
epigenomics_1986_sol2sanger_93,82.39020021679545,44.19306345965969
epigenomics_1986_sol2sanger_94,85.08728573721267,44.25226389424572
epigenomics_1986_sol2sanger_95,85.59623421409195,51.78917435809246
epigenomics_1986_sol2sanger_96,73.65486156560942,35.89276989187183
epigenomics_1986_sol2sanger_97,77.99686071935612,39.665532914421696
epigenomics_1986_sol2sanger_98,82.81714849277387,52.405016369902846
epigenomics_1986_sol2sanger_99,84.72791835530053,58.80414101229116
epigenomics_1986_sol2sanger_100,90.77475356709614,42.23685128818209
epigenomics_1986_sol2sanger_101,83.88783293061576,53.64048035802283
epigenomics_1986_sol2sanger_102,79.51499489065364,45.32169055883923
epigenomics_1986_sol2sanger_103,74.10872942527553,51.994739567369194
epigenomics_1986_sol2sanger_104,84.39277464072978,35.41056725290327
epigenomics_1986_sol2sanger_105,78.43111021833981,32.790137018682735
epigenomics_1986_sol2sanger_106,80.05402103364271,47.32083010755656
epigenomics_1986_sol2sanger_107,66.64548002570682,37.28714116950959
epigenomics_1986_sol2sanger_108,81.62103424865319,62.71913497504099
epigenomics_1986_sol2sanger_109,86.23630895427081,49.3068623032416
epigenomics_1986_sol2sanger_110,76.52012187904562,47.170468426945824
epigenomics_1986_sol2sanger_111,77.94138110085191,48.57611188778913
epigenomics_1986_sol2sanger_112,78.271010149673,45.42908038327327
epigenomics_1986_sol2sanger_113,79.7337977506598,39.43389656154448
epigenomics_1986_sol2sanger_114,74.34482219426572,38.741507782438184
epigenomics_1986_sol2sanger_115,80.93623145785986,49.60712107494656
epigenomics_1986_sol2sanger_116,72.54963357665572,55.91656080828254
epigenomics_1986_sol2sanger_117,80.20358110451927,38.30774314866878
epigenomics_1986_sol2sanger_118,79.22698754047649,38.80860641936139
epigenomics_1986_sol2sanger_119,84.07909313389355,45.240858487299434
epigenomics_1986_sol2sanger_120,81.54021480370457,45.921621572263554
epigenomics_1986_sol2sanger_121,72.43022677884707,47.12768545670143
epigenomics_1986_sol2sanger_122,82.08594692391944,48.466686997687525
epigenomics_1986_sol2sanger_123,78.44267948752797,25.122370800608973
epigenomics_1986_sol2sanger_124,85.41974501265831,38.82223874551033
epigenomics_1986_sol2sanger_125,81.25295780268505,62.65382608392919
epigenomics_1986_sol2sanger_126,87.29250544426375,35.27104110118503
epigenomics_1986_sol2sanger_127,79.099706068653,44.00143039219083
epigenomics_1986_sol2sanger_128,74.47551970719933,36.610333543971564
epigenomics_1986_sol2sanger_129,80.54016667872516,41.41470875016105
epigenomics_1986_sol2sanger_130,82.25950300736552,44.79888620834408
epigenomics_1986_sol2sanger_131,72.52314824538958,46.39801241818464
epigenomics_1986_sol2sanger_132,86.8005705583152,46.829978528624025
epigenomics_1986_sol2sanger_133,82.55665160430317,28.87793141203837
epigenomics_1986_sol2sanger_134,74.31014645497352,50.38423233641333
epigenomics_1986_sol2sanger_135,88.21625203828305,43.93214861403601
epigenomics_1986_sol2sanger_136,82.84737667379524,47.44088951192409
epigenomics_1986_sol2sanger_137,76.82872932233883,47.10328964803444
epigenomics_1986_sol2sanger_138,75.40169278186892,55.31676646011016
epigenomics_1986_sol2sanger_139,89.9124459600932,54.685323576465095
epigenomics_1986_sol2sanger_140,83.07906750584138,45.81680885191314
epigenomics_1986_sol2sanger_141,72.50806413999102,42.63862307632282
epigenomics_1986_sol2sanger_142,95.20926939097967,40.667789618707914
epigenomics_1986_sol2sanger_143,77.67760603142506,55.13841442207179
epigenomics_1986_sol2sanger_144,80.5838748203031,40.506539380515925
epigenomics_1986_sol2sanger_145,79.8455576326402,31.078194849098594
epigenomics_1986_sol2sanger_146,80.78513008172389,46.27003502445703
epigenomics_1986_sol2sanger_147,77.31952862197303,46.163935134499376
epigenomics_1986_sol2sanger_148,81.24618313388787,41.059700629804034
epigenomics_1986_sol2sanger_149,81.8194254907495,34.63000944988924
epigenomics_1986_sol2sanger_150,82.37660724462128,51.429487168033674
epigenomics_1986_sol2sanger_151,81.19534363056627,54.73604757322038
epigenomics_1986_sol2sanger_152,79.80605143287077,41.15351436231251
epigenomics_1986_sol2sanger_153,71.66889713861872,53.13660852099105
epigenomics_1986_sol2sanger_154,76.14327281846856,44.98069701203254
epigenomics_1986_sol2sanger_155,91.95386413765449,44.02892731123133
epigenomics_1986_sol2sanger_156,77.21816379142044,55.30018637313422
epigenomics_1986_sol2sanger_157,72.42111072831007,41.542401778587845
epigenomics_1986_sol2sanger_158,75.2960476401552,21.35779432772051
epigenomics_1986_sol2sanger_159,76.73531751480604,59.350663049095346
epigenomics_1986_sol2sanger_160,89.22088568728854,47.58803791799919
epigenomics_1986_sol2sanger_161,78.87355443588463,37.83460197517142
epigenomics_1986_sol2sanger_162,86.89728330737638,58.789647827565084
epigenomics_1986_sol2sanger_163,72.26333629744322,59.33307224364438
epigenomics_1986_sol2sanger_164,78.91283017755474,44.230363616535236
epigenomics_1986_sol2sanger_165,77.60577688344678,36.11395962857542
epigenomics_1986_sol2sanger_166,81.2365236592616,61.84002913639807
epigenomics_1986_sol2sanger_167,90.28180360523153,35.668223281437456
epigenomics_1986_sol2sanger_168,87.59164189609577,41.59954020413157
epigenomics_1986_sol2sanger_169,87.31721612351353,47.03890042377307
epigenomics_1986_sol2sanger_170,72.19475484133055,37.93609243192743
epigenomics_1986_sol2sanger_171,87.20234025378397,47.921354192743095
epigenomics_1986_sol2sanger_172,82.09452009332422,39.03432592532024
epigenomics_1986_sol2sanger_173,80.50422971847122,39.61053386114428
epigenomics_1986_sol2sanger_174,78.93798019921826,35.55397019012655
epigenomics_1986_sol2sanger_175,83.43181926060754,49.99872101036712
epigenomics_1986_sol2sanger_176,77.75679414656979,43.5115157809721
epigenomics_1986_sol2sanger_177,81.05002558142047,41.96430014406974
epigenomics_1986_sol2sanger_178,79.64529112204582,65.46306876081047
epigenomics_1986_sol2sanger_179,73.8666473721038,45.862546839775874
epigenomics_1986_sol2sanger_180,67.47313940031295,41.04087904677946
epigenomics_1986_sol2sanger_181,68.37501689248404,53.88115815758053
epigenomics_1986_sol2sanger_182,79.13068386475311,42.176999488532594
epigenomics_1986_sol2sanger_183,79.5421421541312,39.9110123113036
epigenomics_1986_sol2sanger_184,79.3901297093985,25.36963696035267
epigenomics_1986_sol2sanger_185,74.89125768536579,55.318431500591714
epigenomics_1986_sol2sanger_186,86.91831022507749,35.54261503384491
epigenomics_1986_sol2sanger_187,76.28408942716054,40.55876263402391
epigenomics_1986_sol2sanger_188,86.01401331425198,44.335038421920004
epigenomics_1986_sol2sanger_189,79.3674402211212,46.96045844803731
epigenomics_1986_sol2sanger_190,82.61716890531642,40.94802135841348
epigenomics_1986_sol2sanger_191,84.41796830426314,45.220489379997254
epigenomics_1986_sol2sanger_192,79.8916353606778,42.93960788313025
epigenomics_1986_sol2sanger_193,84.37187750716373,42.343858310865556
epigenomics_1986_sol2sanger_194,78.28446460968718,49.73514247517615
epigenomics_1986_sol2sanger_195,85.00292843743047,51.41664887518415
epigenomics_1986_sol2sanger_196,79.97645721599783,51.24636278603152
epigenomics_1986_sol2sanger_197,82.50226876622831,46.38874586302249
epigenomics_1986_sol2sanger_198,86.56698576499774,47.22992234604844
epigenomics_1986_sol2sanger_199,72.03691420426689,34.28594997615329
epigenomics_1986_sol2sanger_200,71.9944394332717,36.067491870234846
epigenomics_1986_sol2sanger_201,79.01304331965171,52.6664019762127
epigenomics_1986_sol2sanger_202,93.49988753766048,49.34524676400457
epigenomics_1986_sol2sanger_203,84.57092260610484,56.64052784246346
epigenomics_1986_sol2sanger_204,90.23772439538926,30.239006070192318
epigenomics_1986_sol2sanger_205,82.77356340123163,39.76506761794359
epigenomics_1986_sol2sanger_206,72.8768881917991,48.355021870460625
epigenomics_1986_sol2sanger_207,80.44821329353472,50.98103162919336
epigenomics_1986_sol2sanger_208,69.35452361971139,47.537517350163256
epigenomics_1986_sol2sanger_209,75.34527171261675,53.70056603930067
epigenomics_1986_sol2sanger_210,87.03696241922377,58.27634053720082
epigenomics_1986_sol2sanger_211,84.8848245769933,47.33981932884982
epigenomics_1986_sol2sanger_212,83.13890078869315,54.448930126130776
epigenomics_1986_sol2sanger_213,77.65947571806427,46.5460697152592
epigenomics_1986_sol2sanger_214,75.97222476663948,56.664481161454106
epigenomics_1986_sol2sanger_215,89.65319949691336,47.62015712768311
epigenomics_1986_sol2sanger_216,80.91685073302916,63.310465035031925
epigenomics_1986_sol2sanger_217,83.0459349167531,43.84657424971052
epigenomics_1986_sol2sanger_218,75.1619696906634,55.88666655243369
epigenomics_1986_sol2sanger_219,80.13571637122737,50.75315233538017
epigenomics_1986_sol2sanger_220,79.66877162944027,52.61952165734292
epigenomics_1986_sol2sanger_221,84.3705962605269,40.842545358927396
epigenomics_1986_sol2sanger_222,79.51862443878426,58.063504942426
epigenomics_1986_sol2sanger_223,74.03069823253915,38.82028572765361
epigenomics_1986_sol2sanger_224,77.80526310512661,45.48741971730714
epigenomics_1986_sol2sanger_225,79.96907429767269,31.419708729710486
epigenomics_1986_sol2sanger_226,80.18754766816771,46.00574259737574
epigenomics_1986_sol2sanger_227,76.04840912660359,50.85439194797926
epigenomics_1986_sol2sanger_228,88.04970732973382,41.76609250197222
epigenomics_1986_sol2sanger_229,80.61981354770305,38.0150381648629
epigenomics_1986_sol2sanger_230,76.53234422735366,55.87449502619282
epigenomics_1986_sol2sanger_231,87.51657284843017,35.7604833110343
epigenomics_1986_sol2sanger_232,92.00078324758067,45.74941068495906
epigenomics_1986_sol2sanger_233,91.76067213652703,37.67119854057608
epigenomics_1986_sol2sanger_234,75.90136231027881,60.80620681373796
epigenomics_1986_sol2sanger_235,81.54021365111089,39.81208304991231
epigenomics_1986_sol2sanger_236,84.13732891446342,59.008447632037466
epigenomics_1986_sol2sanger_237,76.30247847267749,52.03592301888119
epigenomics_1986_sol2sanger_238,75.56947379609765,44.71103216825768
epigenomics_1986_sol2sanger_239,74.20790276315623,37.46789868139573
epigenomics_1986_sol2sanger_240,83.69673346139339,49.758503302693185
epigenomics_1986_sol2sanger_241,84.71077568111559,42.81580714051347
epigenomics_1986_sol2sanger_242,78.48196906180924,43.30930045733631
epigenomics_1986_sol2sanger_243,86.01108266752158,51.06024151468501
epigenomics_1986_sol2sanger_244,74.19181795889861,49.543439794867794
epigenomics_1986_sol2sanger_245,78.17294456474033,46.654422019151895
epigenomics_1986_sol2sanger_246,83.3975463582951,42.40797913974049
epigenomics_1986_sol2sanger_247,75.95789466435549,35.0465934451156
epigenomics_1986_sol2sanger_248,78.3156790450295,46.76897890483921
epigenomics_1986_sol2sanger_249,76.04830071827254,50.07486323932936
epigenomics_1986_sol2sanger_250,77.77449464041668,46.72129724208149
epigenomics_1986_sol2sanger_251,74.70840890280147,45.842229213227085
epigenomics_1986_sol2sanger_252,68.40196730321397,43.391589279816124
epigenomics_1986_sol2sanger_253,79.55509459768035,48.40575965318808
epigenomics_1986_sol2sanger_254,81.52236129206273,41.70991731800385
epigenomics_1986_sol2sanger_255,85.70973413147047,40.15606665090078
epigenomics_1986_sol2sanger_256,79.87521953284651,41.49482792909803
epigenomics_1986_sol2sanger_257,76.07635126454392,58.919927863084226
epigenomics_1986_sol2sanger_258,82.20529831016792,53.1229251066228
epigenomics_1986_sol2sanger_259,82.34943127863986,40.42039197650992
epigenomics_1986_sol2sanger_260,84.99543741922972,49.01331567267435
epigenomics_1986_sol2sanger_261,81.98760981418538,49.95248879878667
epigenomics_1986_sol2sanger_262,80.16943589124733,36.819946793100044
epigenomics_1986_sol2sanger_263,77.39780267085861,32.29978988229523
epigenomics_1986_sol2sanger_264,81.53499972221174,50.39540028680095
epigenomics_1986_sol2sanger_265,79.21681910758096,49.54199641121129
epigenomics_1986_sol2sanger_266,85.39170474279184,31.492002777803016
epigenomics_1986_sol2sanger_267,77.94148003009427,41.03003925671784
epigenomics_1986_sol2sanger_268,76.14071614873782,53.48696415922765
epigenomics_1986_sol2sanger_269,79.34537871664058,41.92376859993273
epigenomics_1986_sol2sanger_270,86.98192621151338,44.26379628344566
epigenomics_1986_sol2sanger_271,86.04640539573897,48.42733184835837
epigenomics_1986_sol2sanger_272,76.29006374206489,31.09070957858706
epigenomics_1986_sol2sanger_273,75.82141482723175,50.171657143188234
epigenomics_1986_sol2sanger_274,78.10737704863573,46.54929333246569
epigenomics_1986_sol2sanger_275,76.76326810098128,38.86890227417072
epigenomics_1986_sol2sanger_276,82.56254256289913,42.385358376765154
epigenomics_1986_sol2sanger_277,81.18629626924125,21.924844917958886
epigenomics_1986_sol2sanger_278,77.95989735909728,34.14249424970075
epigenomics_1986_sol2sanger_279,77.89085388218304,42.76411988036996
epigenomics_1986_sol2sanger_280,84.33873818775659,42.304865152914566
epigenomics_1986_sol2sanger_281,75.38535562130726,34.56431693488014
epigenomics_1986_sol2sanger_282,78.71641010331331,45.00629041652903
epigenomics_1986_sol2sanger_283,79.19215987868473,52.494510709241794
epigenomics_1986_sol2sanger_284,82.21662132668905,57.02047581647987
epigenomics_1986_sol2sanger_285,74.92278128945199,45.989874955524954
epigenomics_1986_sol2sanger_286,76.85506197840836,56.353331367626126
epigenomics_1986_sol2sanger_287,90.68285122649654,43.23039555921706
epigenomics_1986_sol2sanger_288,75.9328586381938,56.46053243766964
epigenomics_1986_sol2sanger_289,85.0811423478561,48.18104065682565
epigenomics_1986_sol2sanger_290,83.71507506433079,39.052012702600614
epigenomics_1986_sol2sanger_291,79.94721784613576,49.573312542017504
epigenomics_1986_sol2sanger_292,81.72599471691306,28.63649562112827
epigenomics_1986_sol2sanger_293,80.69374104465078,42.88166692055902
epigenomics_1986_sol2sanger_294,77.19622276951412,46.52464036497902
epigenomics_1986_sol2sanger_295,82.44644939389417,53.85560860860159
epigenomics_1986_sol2sanger_296,73.77800576625934,33.70055721036911
epigenomics_1986_sol2sanger_297,79.79711717984033,45.455794035053685
epigenomics_1986_sol2sanger_298,64.86254175262118,43.276657720133535
epigenomics_1986_sol2sanger_299,81.13689338318282,39.65251267189095
epigenomics_1986_sol2sanger_300,74.84014323810906,43.930466249776195
epigenomics_1986_sol2sanger_301,87.04875689737982,33.54719128104321
epigenomics_1986_sol2sanger_302,80.08410346498884,42.230194759482316
epigenomics_1986_sol2sanger_303,74.5187457445081,48.65057459977504
epigenomics_1986_sol2sanger_304,80.76204281577857,53.284081559196316
epigenomics_1986_sol2sanger_305,79.3081509859623,37.769797437537015
epigenomics_1986_sol2sanger_306,82.25195963188645,40.01749409223362
epigenomics_1986_sol2sanger_307,78.64190471240242,32.94429758174502
epigenomics_1986_sol2sanger_308,87.83323920606934,53.27654653605801
epigenomics_1986_sol2sanger_309,78.72072246417275,48.09771742687438
epigenomics_1986_sol2sanger_310,88.3048444112316,55.290438797904244
epigenomics_1986_sol2sanger_311,78.55807372131888,56.231010907856245
epigenomics_1986_sol2sanger_312,83.07943835500579,42.50083966760266
epigenomics_1986_sol2sanger_313,81.83180271722895,40.50176925042451
epigenomics_1986_sol2sanger_314,79.72663133779668,44.67799381179812
epigenomics_1986_sol2sanger_315,83.51816520969761,48.462015808550696
epigenomics_1986_sol2sanger_316,82.99582257647758,44.43855046842911
epigenomics_1986_sol2sanger_317,78.78769842035697,38.248903615563265
epigenomics_1986_sol2sanger_318,74.95365689351618,36.32562862191628
epigenomics_1986_sol2sanger_319,80.61791238149573,53.98545591555371
epigenomics_1986_sol2sanger_320,79.45565556334287,38.30829130361617
epigenomics_1986_sol2sanger_321,77.21206751784109,41.3879649598014
epigenomics_1986_sol2sanger_322,85.50612951155892,48.73326377680916
epigenomics_1986_sol2sanger_323,78.62045972295306,46.89397926686837
epigenomics_1986_sol2sanger_324,76.61269283423727,51.804354577011985
epigenomics_1986_sol2sanger_325,77.2722021926867,40.49168342572587
epigenomics_1986_sol2sanger_326,81.18647298110459,44.57103680558805
epigenomics_1986_sol2sanger_327,77.6631206507675,43.19250691191136
epigenomics_1986_sol2sanger_328,89.18054977518635,41.07089268733847
epigenomics_1986_sol2sanger_329,77.97312770716823,48.27486727484616
epigenomics_1986_sol2sanger_330,73.18785811956505,43.42560997400224
epigenomics_1986_sol2sanger_331,84.15963399199913,44.01114224583065
epigenomics_1986_sol2sanger_332,74.67218238229995,45.17561654436179
epigenomics_1986_sol2sanger_333,76.296262686131,41.14850160578359
epigenomics_1986_sol2sanger_334,85.13787767655192,40.938919450787225
epigenomics_1986_sol2sanger_335,91.58690327918958,38.803583193193376
epigenomics_1986_sol2sanger_336,82.20406993737063,46.095500954594165
epigenomics_1986_sol2sanger_337,89.34098106784182,44.436179272270294
epigenomics_1986_sol2sanger_338,76.65831478155316,43.994306141849584
epigenomics_1986_sol2sanger_339,80.68887618952685,53.492893678899286
epigenomics_1986_sol2sanger_340,85.69127432390414,43.350623400612044
epigenomics_1986_sol2sanger_341,74.37808760147081,43.0604086783009
epigenomics_1986_sol2sanger_342,79.82948863431288,44.897302769609816
epigenomics_1986_sol2sanger_343,78.25406257975995,49.5175881678109
epigenomics_1986_sol2sanger_344,81.86245321034137,32.36702520056247
epigenomics_1986_sol2sanger_345,76.20119062697835,52.12230471116275
epigenomics_1986_sol2sanger_346,76.0405865586354,46.30881266870982
epigenomics_1986_sol2sanger_347,72.69264410162477,51.21710938943402
epigenomics_1986_sol2sanger_348,80.90354939900627,44.598092934967354
epigenomics_1986_sol2sanger_349,87.86292256218327,45.339699741313694
epigenomics_1986_sol2sanger_350,78.57890228795178,45.186939015669445
epigenomics_1986_sol2sanger_351,81.28783060638385,43.55825556933339
epigenomics_1986_sol2sanger_352,83.90858244108215,47.192814982285235
epigenomics_1986_sol2sanger_353,81.70114198609781,43.944081698870825
epigenomics_1986_sol2sanger_354,77.78925459609076,25.757190696759555
epigenomics_1986_sol2sanger_355,80.46650117040782,41.49057694226622
epigenomics_1986_sol2sanger_356,81.71827618119349,50.67780481409318
epigenomics_1986_sol2sanger_357,81.34389903109386,47.724827544418034
epigenomics_1986_sol2sanger_358,76.49268960807504,42.47495506529092
epigenomics_1986_sol2sanger_359,81.8002880131206,28.568170792674472
epigenomics_1986_sol2sanger_360,86.17783392516985,49.931156424080434
epigenomics_1986_sol2sanger_361,75.29601585773017,45.037882723071505
epigenomics_1986_sol2sanger_362,81.2814210843707,37.750722176947995
epigenomics_1986_sol2sanger_363,77.14103043313575,41.43226354222965
epigenomics_1986_sol2sanger_364,82.3200004848702,41.940264834931625
epigenomics_1986_sol2sanger_365,72.555207950839,50.14445303264652
epigenomics_1986_sol2sanger_366,84.48654356873176,29.67233556206742
epigenomics_1986_sol2sanger_367,79.94289446909592,48.80013096331445
epigenomics_1986_sol2sanger_368,80.98715121243879,51.00531417177492
epigenomics_1986_sol2sanger_369,84.97176038236492,50.55493029221327
epigenomics_1986_sol2sanger_370,78.15952345233399,36.67884258871031
epigenomics_1986_sol2sanger_371,85.36673287185062,41.4350896752738
epigenomics_1986_sol2sanger_372,76.4218994658074,54.76541646443086
epigenomics_1986_sol2sanger_373,82.87447840090344,48.34415187732527
epigenomics_1986_sol2sanger_374,82.55744329092214,44.96465703553276
epigenomics_1986_sol2sanger_375,80.24126524124384,41.402783051553584
epigenomics_1986_sol2sanger_376,81.0108308312292,46.82657590454297
epigenomics_1986_sol2sanger_377,88.9481894252202,55.0881190718383
epigenomics_1986_sol2sanger_378,88.06987796743492,34.811154430419144
epigenomics_1986_sol2sanger_379,77.22784431639451,43.66766819612278
epigenomics_1986_sol2sanger_380,78.86612108836731,37.540277455346626
epigenomics_1986_sol2sanger_381,75.6274928590968,51.92919053421023
epigenomics_1986_sol2sanger_382,82.39448767613186,49.23798162497764
epigenomics_1986_sol2sanger_383,86.78161116864642,29.076648534041468
epigenomics_1986_sol2sanger_384,75.35911990448301,44.87492167202535
epigenomics_1986_sol2sanger_385,75.41541997924733,52.212826737560476
epigenomics_1986_sol2sanger_386,84.30413923453578,46.7932148562724
epigenomics_1986_sol2sanger_387,79.86582725733433,46.378964074955654
epigenomics_1986_sol2sanger_388,79.63395256026567,36.086398503013946
epigenomics_1986_sol2sanger_389,81.98373894730607,46.37468349737498
epigenomics_1986_sol2sanger_390,75.54067821733967,47.016026227229084
epigenomics_1986_sol2sanger_391,84.19096095180865,32.756740302290616
epigenomics_1986_sol2sanger_392,74.24374742068855,42.57733327992222
epigenomics_1986_sol2sanger_393,87.6752127525409,47.36171328305066
epigenomics_1986_sol2sanger_394,78.71929470870835,46.13337879761134
epigenomics_1986_sol2sanger_395,77.55970254341209,35.588154978088994
epigenomics_1986_sol2sanger_396,87.8926298161859,53.14217893968084
epigenomics_1986_sol2sanger_397,76.06618694544997,43.18541175254434
epigenomics_1986_sol2sanger_398,78.17737957067806,35.63466656326193
epigenomics_1986_sol2sanger_399,81.35993426852127,23.402203767870866
epigenomics_1986_sol2sanger_400,82.59212770394078,35.31842116800428
epigenomics_1986_sol2sanger_401,84.87644466342691,37.4696278448527
epigenomics_1986_sol2sanger_402,79.13166955660643,34.40781946180008
epigenomics_1986_sol2sanger_403,82.52083013332232,44.09299921612318
epigenomics_1986_sol2sanger_404,72.8174909737099,30.975343622009255
epigenomics_1986_sol2sanger_405,84.00032288799761,50.07906210146963
epigenomics_1986_sol2sanger_406,80.70822343675361,48.682603181359816
epigenomics_1986_sol2sanger_407,77.95053836149748,48.95310204379585
epigenomics_1986_sol2sanger_408,80.70927745758199,39.394571411508785
epigenomics_1986_sol2sanger_409,82.46671624738947,56.03639469202987
epigenomics_1986_sol2sanger_410,87.64522149124797,47.64572042089862
epigenomics_1986_sol2sanger_411,86.56818696508064,54.771450138299514
epigenomics_1986_sol2sanger_412,84.3584021707875,38.52735941806923
epigenomics_1986_sol2sanger_413,77.64145777094093,56.441238843484655
epigenomics_1986_sol2sanger_414,81.12642410669508,45.02695493970691
epigenomics_1986_sol2sanger_415,81.9536172879942,34.80555541329142
epigenomics_1986_sol2sanger_416,79.28618078837088,57.19740498948188
epigenomics_1986_sol2sanger_417,79.97173768393424,46.89765369224612
epigenomics_1986_sol2sanger_418,78.91201039669676,35.57309849493382
epigenomics_1986_sol2sanger_419,82.64193239677411,46.9952318948461
epigenomics_1986_sol2sanger_420,76.95409985027847,45.069554563503345
epigenomics_1986_sol2sanger_421,82.20185125878729,46.27119403027209
epigenomics_1986_sol2sanger_422,82.85402514145149,59.633701601082905
epigenomics_1986_sol2sanger_423,79.58015322960371,48.57440723155507
epigenomics_1986_sol2sanger_424,83.88176471835014,40.18434137507866
epigenomics_1986_sol2sanger_425,68.35247367960393,54.74784525936536
epigenomics_1986_sol2sanger_426,79.85262719121596,39.074450482169986
epigenomics_1986_sol2sanger_427,84.26548623466564,51.902047309704614
epigenomics_1986_sol2sanger_428,88.24330113584503,44.03269308795791
epigenomics_1986_sol2sanger_429,83.86189782253102,56.20430777994511
epigenomics_1986_sol2sanger_430,91.12092641043192,34.56331158805369
epigenomics_1986_sol2sanger_431,80.16943370259283,49.63474173673193
epigenomics_1986_sol2sanger_432,85.39265834051905,34.23133370481165
epigenomics_1986_sol2sanger_433,87.11994041547032,54.92814433058934
epigenomics_1986_sol2sanger_434,72.58902664843515,56.01499764903514
epigenomics_1986_sol2sanger_435,80.2722369206637,46.36448375899595
epigenomics_1986_sol2sanger_436,78.13882462360614,44.19714954009574
epigenomics_1986_sol2sanger_437,85.94685153222292,44.29426738087057
epigenomics_1986_sol2sanger_438,76.8641392516742,43.092884393640475
epigenomics_1986_sol2sanger_439,82.33007481212282,49.64724543496305
epigenomics_1986_sol2sanger_440,85.68675043310228,43.733528597126146
epigenomics_1986_sol2sanger_441,73.98593419399387,47.31506978939966
epigenomics_1986_sol2sanger_442,86.78612135621155,36.91233319656485
epigenomics_1986_sol2sanger_443,79.0978165189026,33.02549924163199
epigenomics_1986_sol2sanger_444,70.08600689929325,50.886889857926086
epigenomics_1986_sol2sanger_445,84.86345982018703,48.54516939740894
epigenomics_1986_sol2sanger_446,81.42587646678109,42.21579474785831
epigenomics_1986_sol2sanger_447,81.0314440186956,51.25063498530098
epigenomics_1986_sol2sanger_448,71.22995795746412,41.128351889109496
epigenomics_1986_sol2sanger_449,79.32285814055977,48.181037346271125
epigenomics_1986_sol2sanger_450,78.58050919941016,35.29947266049361
epigenomics_1986_sol2sanger_451,79.0059100065646,34.3539865316231
epigenomics_1986_sol2sanger_452,81.84080532934107,46.9988755452206
epigenomics_1986_sol2sanger_453,80.88829932176338,44.708399674320624
epigenomics_1986_sol2sanger_454,75.77107625575852,53.315291147367915
epigenomics_1986_sol2sanger_455,85.01007972693509,40.36101103036122
epigenomics_1986_sol2sanger_456,80.30460323832335,42.899650889176286
epigenomics_1986_sol2sanger_457,82.6896595918266,48.206803403835075
epigenomics_1986_sol2sanger_458,73.13160226408628,30.31918665593249
epigenomics_1986_sol2sanger_459,83.11183575251798,52.09288194554604
epigenomics_1986_sol2sanger_460,84.41171419347282,36.05379966384883
epigenomics_1986_sol2sanger_461,86.83024652450028,60.002144695372436
epigenomics_1986_sol2sanger_462,81.48545004067628,45.91633924612021
epigenomics_1986_sol2sanger_463,83.59849634761474,45.15910010148149
epigenomics_1986_sol2sanger_464,78.60382702220465,38.9929337849247
epigenomics_1986_sol2sanger_465,82.66547459995039,54.013944973986995
epigenomics_1986_sol2sanger_466,78.16451731782234,49.343320390766685
epigenomics_1986_sol2sanger_467,81.05689314227536,42.827659239411304
epigenomics_1986_sol2sanger_468,88.95089319240358,34.209385108748705
epigenomics_1986_sol2sanger_469,78.32162961434027,53.37899906419523
epigenomics_1986_sol2sanger_470,88.3439906543164,49.59209995538711
epigenomics_1986_sol2sanger_471,72.55467346360322,48.72794023033289
epigenomics_1986_sol2sanger_472,84.41205104292825,45.162786364658395
epigenomics_1986_sol2sanger_473,82.59942030876327,36.39996230117936
epigenomics_1986_sol2sanger_474,72.9240315387288,45.746271714239846
epigenomics_1986_sol2sanger_475,79.76519178253571,39.86570931078779
epigenomics_1986_sol2sanger_476,85.7183448254354,44.03050165239309
epigenomics_1986_sol2sanger_477,85.50586749963801,65.26951761711558
epigenomics_1986_sol2sanger_478,80.78353322541533,44.748891034150766
epigenomics_1986_sol2sanger_479,82.96875641183884,38.36688004708445
epigenomics_1986_sol2sanger_480,88.23998522381727,58.19051892780541
epigenomics_1986_sol2sanger_481,91.53581960594657,46.98964446012714
epigenomics_1986_sol2sanger_482,77.46621126437209,45.698310958098716
epigenomics_1986_sol2sanger_483,79.88792218557079,47.67097554488427
epigenomics_1986_sol2sanger_484,78.65303819546808,35.57119310977774
epigenomics_1986_sol2sanger_485,76.50722751327098,31.290475120979515
epigenomics_1986_sol2sanger_486,85.41421308646187,49.557115486004925
epigenomics_1986_sol2sanger_487,76.15062420145185,40.238580759846656
epigenomics_1986_sol2sanger_488,76.3386505370061,44.366008100133136
epigenomics_1986_sol2sanger_489,82.55777925590647,53.02947104220947
epigenomics_1986_sol2sanger_490,72.97203192856338,45.39579817125455
epigenomics_1986_sol2sanger_491,77.76291427543856,58.872802633618754
epigenomics_1986_sol2sanger_492,76.43536214412657,51.33027570510332
epigenomics_1986_sol2sanger_493,79.28878886096692,55.51492451823702
epigenomics_1986_sol2sanger_494,84.52061507019782,36.59300528161763
epigenomics_1986_sol2sanger_495,74.62285097731117,47.04873857253506
epigenomics_1986_sol2sanger_496,81.3521891175846,46.64357050004096
epigenomics_1986_sol2sanger_497,83.57473524274987,48.22033899060792
epigenomics_1986_sol2sanger_498,81.87516099473709,59.180251543916455
epigenomics_1986_sol2sanger_499,75.29225548886045,44.366435098963166
epigenomics_1986_fast2bfq_0,39.47377879515553,81.11780110864039
epigenomics_1986_fast2bfq_1,48.970982005034934,81.77092770295195
epigenomics_1986_fast2bfq_2,47.7061198252578,74.42430651623555
epigenomics_1986_fast2bfq_3,44.09086196786601,96.4296263857344
epigenomics_1986_fast2bfq_4,48.80469296606135,84.66506943165082
epigenomics_1986_fast2bfq_5,53.41993536933569,73.3883330127419
epigenomics_1986_fast2bfq_6,48.838927569993125,88.88699020679269
epigenomics_1986_fast2bfq_7,41.16584831399948,80.95028167971057
epigenomics_1986_fast2bfq_8,48.749874968192856,82.48187969550993
epigenomics_1986_fast2bfq_9,60.16093912624082,80.97348851923948
epigenomics_1986_fast2bfq_10,43.032354057952105,75.17061016658107
epigenomics_1986_fast2bfq_11,58.856350013918956,72.63927963932696
epigenomics_1986_fast2bfq_12,55.46943329253069,69.62300517782363
epigenomics_1986_fast2bfq_13,45.70234030638745,88.75892036519319
epigenomics_1986_fast2bfq_14,52.48717415918245,80.36214560496433
epigenomics_1986_fast2bfq_15,38.19118247513263,87.40578011298221
epigenomics_1986_fast2bfq_16,39.711854286795685,76.13951231454759
epigenomics_1986_fast2bfq_17,49.55427946271078,87.72420889918425
epigenomics_1986_fast2bfq_18,40.61112613047535,82.03482444792927
epigenomics_1986_fast2bfq_19,40.9914510641697,84.70268873831499
epigenomics_1986_fast2bfq_20,50.70105940112478,77.92227902368627
epigenomics_1986_fast2bfq_21,52.25666795668452,76.40595317484448
epigenomics_1986_fast2bfq_22,50.22550742916235,81.29545045053841
epigenomics_1986_fast2bfq_23,52.863373060829005,75.29446821905272
epigenomics_1986_fast2bfq_24,42.83073762116867,74.6836673703742
epigenomics_1986_fast2bfq_25,56.98095069736243,85.19684115729702
epigenomics_1986_fast2bfq_26,45.25086142323873,83.95108722150776
epigenomics_1986_fast2bfq_27,30.37092189473405,76.98106807886325
epigenomics_1986_fast2bfq_28,48.69593986656429,79.38302996356857
epigenomics_1986_fast2bfq_29,48.86757851495063,84.37305494047777
epigenomics_1986_fast2bfq_30,50.715424280708795,91.0219315558792
epigenomics_1986_fast2bfq_31,44.053398194967286,86.66772731019319
epigenomics_1986_fast2bfq_32,31.291734606031525,98.13430508844871
epigenomics_1986_fast2bfq_33,54.034393297628576,74.59163105472281
epigenomics_1986_fast2bfq_34,46.031846274504524,91.8852268905279
epigenomics_1986_fast2bfq_35,48.35557288143942,73.15460014154996
epigenomics_1986_fast2bfq_36,39.11728133939926,69.74060786363458
epigenomics_1986_fast2bfq_37,48.12264790501802,91.93292197734992
epigenomics_1986_fast2bfq_38,38.3158575847202,84.17392502525605
epigenomics_1986_fast2bfq_39,50.60321592749816,83.91730633187558
epigenomics_1986_fast2bfq_40,41.35825208248535,78.59202382757594
epigenomics_1986_fast2bfq_41,38.325451056880574,85.45726398275106
epigenomics_1986_fast2bfq_42,48.71797404324392,69.76916899056577
epigenomics_1986_fast2bfq_43,54.11016379755027,85.4994446636727
epigenomics_1986_fast2bfq_44,45.74052027454397,89.53351683670871
epigenomics_1986_fast2bfq_45,50.33874679029026,72.9859252313326
epigenomics_1986_fast2bfq_46,43.171261329658215,88.39304261771629
epigenomics_1986_fast2bfq_47,47.86730722869208,82.51048619550232
epigenomics_1986_fast2bfq_48,38.98488181489107,79.249829236254
epigenomics_1986_fast2bfq_49,43.438145345161914,80.78729062316353
epigenomics_1986_fast2bfq_50,33.49723972942845,75.2038086080602
epigenomics_1986_fast2bfq_51,42.63799854876135,77.82587162852542
epigenomics_1986_fast2bfq_52,33.27434931496058,73.34315407734343
epigenomics_1986_fast2bfq_53,48.00405339667067,75.02279045448374
epigenomics_1986_fast2bfq_54,30.780679138992486,82.16104235436039
epigenomics_1986_fast2bfq_55,54.544716126205074,80.11618869166598
epigenomics_1986_fast2bfq_56,38.106189523410336,81.55594992459223
epigenomics_1986_fast2bfq_57,47.27764253531802,81.39586527380207
epigenomics_1986_fast2bfq_58,52.04544837016229,82.26398409735026
epigenomics_1986_fast2bfq_59,45.55284475511323,81.65840929372628
epigenomics_1986_fast2bfq_60,51.53626006577608,86.82632785719574
epigenomics_1986_fast2bfq_61,43.07713197160099,81.38926710045722
epigenomics_1986_fast2bfq_62,59.90527890851136,76.25028083548628
epigenomics_1986_fast2bfq_63,36.70071053681851,86.6710782132075
epigenomics_1986_fast2bfq_64,54.18746130716237,68.08577826822898
epigenomics_1986_fast2bfq_65,37.22940883189041,73.93713010380435
epigenomics_1986_fast2bfq_66,46.897566670044476,77.97892015207363
epigenomics_1986_fast2bfq_67,44.95243316657976,77.76771908535902
epigenomics_1986_fast2bfq_68,27.010206731121897,90.35856009002009
epigenomics_1986_fast2bfq_69,49.31126209997148,96.62327373531397
epigenomics_1986_fast2bfq_70,41.11253977845814,77.24611107686403
epigenomics_1986_fast2bfq_71,43.68493625131652,74.71465592234013
epigenomics_1986_fast2bfq_72,33.05804832908033,85.1115827041931
epigenomics_1986_fast2bfq_73,51.912947013943096,81.14329386248835
epigenomics_1986_fast2bfq_74,47.93068826675481,95.79302987330367
epigenomics_1986_fast2bfq_75,37.74889135362624,80.39596453568528
epigenomics_1986_fast2bfq_76,45.07065423710913,81.45227176859434
epigenomics_1986_fast2bfq_77,48.50651820423973,91.43620109548807
epigenomics_1986_fast2bfq_78,44.23913157733846,83.5081601152026
epigenomics_1986_fast2bfq_79,54.90247388971017,64.62776969734165
epigenomics_1986_fast2bfq_80,33.55304561754501,75.9764883799553
epigenomics_1986_fast2bfq_81,41.83180516658736,75.67578767556364
epigenomics_1986_fast2bfq_82,35.374237465561635,74.78452449985996
epigenomics_1986_fast2bfq_83,42.014111888876506,78.20519322357296
epigenomics_1986_fast2bfq_84,49.34065246695472,78.99321935182101
epigenomics_1986_fast2bfq_85,27.90047747433573,81.52722465954169
epigenomics_1986_fast2bfq_86,40.84801341862453,75.42594152153696
epigenomics_1986_fast2bfq_87,50.35568686893457,89.82835095031933
epigenomics_1986_fast2bfq_88,48.18385502644836,73.02452818621983
epigenomics_1986_fast2bfq_89,36.601406202469,83.00098828567685
epigenomics_1986_fast2bfq_90,45.85152325120337,81.505479628306
epigenomics_1986_fast2bfq_91,30.662880506096272,84.55634954685307
epigenomics_1986_fast2bfq_92,54.332735817587015,79.07862117988793
epigenomics_1986_fast2bfq_93,42.05879539725196,78.24691538205191
epigenomics_1986_fast2bfq_94,48.139413987796054,84.24533081967824
epigenomics_1986_fast2bfq_95,57.6581012690965,60.933894349086906
epigenomics_1986_fast2bfq_96,45.39128264485155,88.86553063300374
epigenomics_1986_fast2bfq_97,54.60527752617377,84.98648002566816
epigenomics_1986_fast2bfq_98,38.894561154677106,73.77807274608045
epigenomics_1986_fast2bfq_99,40.50952848154309,75.1247962035537
epigenomics_1986_fast2bfq_100,36.800906544726935,84.15333368274952
epigenomics_1986_fast2bfq_101,41.9764910126015,88.20181291225617
epigenomics_1986_fast2bfq_102,45.750066864260624,79.98987729735116
epigenomics_1986_fast2bfq_103,37.72927215549021,83.57529535257018
epigenomics_1986_fast2bfq_104,39.12546001534555,76.58435179102457
epigenomics_1986_fast2bfq_105,43.80160460801796,89.98700388980694
epigenomics_1986_fast2bfq_106,41.52643605172368,83.86904881531431
epigenomics_1986_fast2bfq_107,50.753691445949,80.48194938818752
epigenomics_1986_fast2bfq_108,54.22157278251258,86.26203073865939
epigenomics_1986_fast2bfq_109,38.0871282759719,75.81249245553158
epigenomics_1986_fast2bfq_110,47.79715215272994,78.94166483219396
epigenomics_1986_fast2bfq_111,47.85280189053415,83.62558674931799
epigenomics_1986_fast2bfq_112,58.58154898573304,78.41794068567268
epigenomics_1986_fast2bfq_113,33.54600780522243,86.84758694509411
epigenomics_1986_fast2bfq_114,42.196396834472445,77.18723214074528
epigenomics_1986_fast2bfq_115,46.32262994009791,80.81464110947283
epigenomics_1986_fast2bfq_116,37.28500959698335,90.43691647652595
epigenomics_1986_fast2bfq_117,50.59143424571249,72.84850724564383
epigenomics_1986_fast2bfq_118,51.099319551245294,89.20966772740924
epigenomics_1986_fast2bfq_119,34.51162078530942,64.93388218519686
epigenomics_1986_fast2bfq_120,28.12106261478597,78.59856109999956
epigenomics_1986_fast2bfq_121,40.455070112775154,82.74356217805226
epigenomics_1986_fast2bfq_122,49.9751130454171,80.5907061226563
epigenomics_1986_fast2bfq_123,44.53523951060804,77.07644637945116
epigenomics_1986_fast2bfq_124,46.64905091739104,79.0059273016075
epigenomics_1986_fast2bfq_125,39.43543803784716,85.8958155287829
epigenomics_1986_fast2bfq_126,41.739032776898306,91.8990222454236
epigenomics_1986_fast2bfq_127,50.33430893218995,59.60680536300478
epigenomics_1986_fast2bfq_128,43.90672853867685,74.10902886383299
epigenomics_1986_fast2bfq_129,40.72084064331937,72.8406429611808
epigenomics_1986_fast2bfq_130,40.83704948192598,83.26769276008565
epigenomics_1986_fast2bfq_131,49.75511123574314,78.55811124887933
epigenomics_1986_fast2bfq_132,44.26495111952582,74.55026775483076
epigenomics_1986_fast2bfq_133,28.661758363839038,99.34384866206021
epigenomics_1986_fast2bfq_134,57.056271183294456,77.56267780517358
epigenomics_1986_fast2bfq_135,43.984683038420826,78.92173525226782
epigenomics_1986_fast2bfq_136,39.68700866625864,86.82886271017358
epigenomics_1986_fast2bfq_137,46.404457075394554,69.28601981818616
epigenomics_1986_fast2bfq_138,52.7648005879695,85.61816313701036
epigenomics_1986_fast2bfq_139,43.38564713528993,70.74992366976771
epigenomics_1986_fast2bfq_140,38.443089681874326,76.5081852364917
epigenomics_1986_fast2bfq_141,48.076978935411226,84.95987369282247
epigenomics_1986_fast2bfq_142,54.262148610473545,81.88725414699836
epigenomics_1986_fast2bfq_143,42.04252350244624,84.17951591178219
epigenomics_1986_fast2bfq_144,37.74049690825571,83.93833897149537
epigenomics_1986_fast2bfq_145,41.11158165612829,72.87555664693109
epigenomics_1986_fast2bfq_146,43.52851940667644,81.04063141298016
epigenomics_1986_fast2bfq_147,41.482316111774345,71.79591205421085
epigenomics_1986_fast2bfq_148,45.162293059361424,75.98711770672985
epigenomics_1986_fast2bfq_149,44.4822613103998,73.72608527528834
epigenomics_1986_fast2bfq_150,42.190096941248775,81.3176990632819
epigenomics_1986_fast2bfq_151,37.860635576388255,83.63908566982649
epigenomics_1986_fast2bfq_152,45.27872371313617,81.9917458039444
epigenomics_1986_fast2bfq_153,38.072408150043785,72.39770244610823
epigenomics_1986_fast2bfq_154,50.45308585098242,82.3303281994063
epigenomics_1986_fast2bfq_155,54.64823401863255,79.95586427781048
epigenomics_1986_fast2bfq_156,49.12053169234828,77.79588293537951
epigenomics_1986_fast2bfq_157,58.18236120852828,73.78754021636318
epigenomics_1986_fast2bfq_158,40.48965560621331,81.32941611114862
epigenomics_1986_fast2bfq_159,47.93809819382849,84.30555589370083
epigenomics_1986_fast2bfq_160,40.21510895906631,87.11788717954123
epigenomics_1986_fast2bfq_161,40.97080765679862,59.908742014219186
epigenomics_1986_fast2bfq_162,52.068180722507435,83.14168173056554
epigenomics_1986_fast2bfq_163,41.847270882650385,89.62821772760537
epigenomics_1986_fast2bfq_164,29.43421517847203,80.9181699421799
epigenomics_1986_fast2bfq_165,42.55558350654216,70.56379887323692
epigenomics_1986_fast2bfq_166,45.349826072569996,75.63003551152057
epigenomics_1986_fast2bfq_167,39.929799783457014,71.98590075028073
epigenomics_1986_fast2bfq_168,45.41024411854936,81.44890799045795
epigenomics_1986_fast2bfq_169,44.08439420116593,75.79740230752375
epigenomics_1986_fast2bfq_170,51.03457632194904,77.58677951213095
epigenomics_1986_fast2bfq_171,47.25609847462214,78.29288479404804
epigenomics_1986_fast2bfq_172,35.37864979317749,89.30947046948589
epigenomics_1986_fast2bfq_173,42.850505455213096,66.73905485994693
epigenomics_1986_fast2bfq_174,34.70164078954787,81.43104071807417
epigenomics_1986_fast2bfq_175,43.562230462992574,81.08515167715538
epigenomics_1986_fast2bfq_176,50.121433377502456,84.3920981632407
epigenomics_1986_fast2bfq_177,53.147544484731014,94.20700955961709
epigenomics_1986_fast2bfq_178,39.90430569522502,77.16859010084318
epigenomics_1986_fast2bfq_179,49.51823659968876,89.52974289376637
epigenomics_1986_fast2bfq_180,44.988956909850806,86.58915522871607
epigenomics_1986_fast2bfq_181,45.95045729481811,92.16715302155163
epigenomics_1986_fast2bfq_182,31.497195685738703,89.1040269292633
epigenomics_1986_fast2bfq_183,49.74978316108462,69.75130789827081
epigenomics_1986_fast2bfq_184,58.57186180359574,84.96043967545688
epigenomics_1986_fast2bfq_185,45.13277464530485,77.06270392817994
epigenomics_1986_fast2bfq_186,47.903904644743896,84.13764412732651
epigenomics_1986_fast2bfq_187,41.79060012047694,76.65323203447443
epigenomics_1986_fast2bfq_188,55.08574271148799,79.75658587823685
epigenomics_1986_fast2bfq_189,46.75434866441266,78.17033362921379
epigenomics_1986_fast2bfq_190,51.21760934821688,64.8758095546718
epigenomics_1986_fast2bfq_191,38.59487725988475,72.0151840244016
epigenomics_1986_fast2bfq_192,36.93602342016709,77.23060492177282
epigenomics_1986_fast2bfq_193,48.82489976920997,84.81415010377869
epigenomics_1986_fast2bfq_194,50.09999490097023,77.4080495831983
epigenomics_1986_fast2bfq_195,47.279026301944754,80.01295555203951
epigenomics_1986_fast2bfq_196,38.22112815321053,95.59697396916201
epigenomics_1986_fast2bfq_197,47.02640109654026,87.61692757888632
epigenomics_1986_fast2bfq_198,51.39896163970321,84.86556055759264
epigenomics_1986_fast2bfq_199,43.39403104285319,73.82708628970231
epigenomics_1986_fast2bfq_200,39.90539291374966,76.18380565283503
epigenomics_1986_fast2bfq_201,44.593494065119714,92.98008524400555
epigenomics_1986_fast2bfq_202,34.712977388468545,92.51833035645119
epigenomics_1986_fast2bfq_203,46.65625607362026,74.18154584751744
epigenomics_1986_fast2bfq_204,46.69023751981166,78.06823623705476
epigenomics_1986_fast2bfq_205,34.84238839063567,80.88577588425287
epigenomics_1986_fast2bfq_206,40.9864954640119,83.16836365298514
epigenomics_1986_fast2bfq_207,36.90769661128998,81.6866516939262
epigenomics_1986_fast2bfq_208,47.785112883879364,78.06055326743736
epigenomics_1986_fast2bfq_209,45.630343288667284,69.40205600003094
epigenomics_1986_fast2bfq_210,36.38914267443723,73.85707634795409
epigenomics_1986_fast2bfq_211,38.521489483976204,82.0875531718911
epigenomics_1986_fast2bfq_212,59.91269077347883,67.29329975630512
epigenomics_1986_fast2bfq_213,42.098470191893576,73.34475340239409
epigenomics_1986_fast2bfq_214,37.39343159447259,81.96562873557461
epigenomics_1986_fast2bfq_215,46.6586325504982,82.77608279514698
epigenomics_1986_fast2bfq_216,38.03459005438003,80.04330157518237
epigenomics_1986_fast2bfq_217,35.421483019520934,88.29061335162164
epigenomics_1986_fast2bfq_218,30.55903156367296,72.16994851535384
epigenomics_1986_fast2bfq_219,52.90924807561677,94.21999972395461
epigenomics_1986_fast2bfq_220,59.98775148852825,89.0390435448534
epigenomics_1986_fast2bfq_221,41.057188328299944,79.86709884797314
epigenomics_1986_fast2bfq_222,47.79683915784225,79.90953920187184
epigenomics_1986_fast2bfq_223,39.021612716831925,69.43174425130837
epigenomics_1986_fast2bfq_224,41.95001526326061,76.63279518357788
epigenomics_1986_fast2bfq_225,38.8551417248824,71.42469983977887
epigenomics_1986_fast2bfq_226,42.60873809624343,77.11059124069986
epigenomics_1986_fast2bfq_227,42.04423272272954,83.4053772631647
epigenomics_1986_fast2bfq_228,53.24239361476209,80.26839687629102
epigenomics_1986_fast2bfq_229,42.73094321858305,76.57771764193284
epigenomics_1986_fast2bfq_230,31.076540773346988,78.09642369344309
epigenomics_1986_fast2bfq_231,40.79749235891426,75.9616748393905
epigenomics_1986_fast2bfq_232,49.139644106370376,84.9108473822469
epigenomics_1986_fast2bfq_233,44.62205221948908,69.16932373814616
epigenomics_1986_fast2bfq_234,37.21676404333932,89.1588386096111
epigenomics_1986_fast2bfq_235,32.30466576140152,85.00753269445107
epigenomics_1986_fast2bfq_236,49.46769869358091,79.68046854817482
epigenomics_1986_fast2bfq_237,65.92710209562816,84.66319068833378
epigenomics_1986_fast2bfq_238,51.96914227425183,88.78811695951035
epigenomics_1986_fast2bfq_239,58.480563197459055,75.31040783596809
epigenomics_1986_fast2bfq_240,38.737693107570614,87.48803688615239
epigenomics_1986_fast2bfq_241,51.73000563385852,90.54570594996841
epigenomics_1986_fast2bfq_242,57.22165051132715,68.74326026176415
epigenomics_1986_fast2bfq_243,53.804876505539255,79.25541669714018
epigenomics_1986_fast2bfq_244,47.89896420057725,73.198371215017
epigenomics_1986_fast2bfq_245,51.93933128481181,75.485271402916
epigenomics_1986_fast2bfq_246,28.22964386575473,89.2668961267811
epigenomics_1986_fast2bfq_247,41.34400833265022,76.27776240682782
epigenomics_1986_fast2bfq_248,45.09297259943493,81.15971098115322
epigenomics_1986_fast2bfq_249,54.55014019541414,72.03539433792308
epigenomics_1986_fast2bfq_250,44.01900881633668,86.38864091683239
epigenomics_1986_fast2bfq_251,43.21115370062362,74.031853399896
epigenomics_1986_fast2bfq_252,42.979075215540476,89.03364500919105
epigenomics_1986_fast2bfq_253,54.84023090749406,83.56043464113401
epigenomics_1986_fast2bfq_254,45.29177903186035,87.822652236151
epigenomics_1986_fast2bfq_255,29.161988682751264,66.23036949961408
epigenomics_1986_fast2bfq_256,49.991362070634146,80.99203116878036
epigenomics_1986_fast2bfq_257,39.833551284723875,80.32148638604384
epigenomics_1986_fast2bfq_258,49.47699904566279,66.53078213382298
epigenomics_1986_fast2bfq_259,50.50967526062305,79.92474742608873
epigenomics_1986_fast2bfq_260,43.110012275192396,102.93579385518136
epigenomics_1986_fast2bfq_261,41.95317054987639,85.3530816960417
epigenomics_1986_fast2bfq_262,50.37181405502801,74.07212020136464
epigenomics_1986_fast2bfq_263,45.203975890267735,72.6901542090849
epigenomics_1986_fast2bfq_264,46.2221611242022,86.18586858699
epigenomics_1986_fast2bfq_265,59.746998364861234,73.18079172926365
epigenomics_1986_fast2bfq_266,44.614731422856664,81.67575830792593
epigenomics_1986_fast2bfq_267,35.92583133106175,75.86924464261793
epigenomics_1986_fast2bfq_268,52.116687303587355,79.23031131429492
epigenomics_1986_fast2bfq_269,45.82847126831898,74.98575947291432
epigenomics_1986_fast2bfq_270,28.212058992752862,91.405338462392
epigenomics_1986_fast2bfq_271,46.102864194039235,64.53915763095398
epigenomics_1986_fast2bfq_272,38.82117974618455,67.01272867203608
epigenomics_1986_fast2bfq_273,50.22318493251518,75.00790913590933
epigenomics_1986_fast2bfq_274,45.7401495300711,89.81367945184712
epigenomics_1986_fast2bfq_275,39.20271056115881,83.2609527389189
epigenomics_1986_fast2bfq_276,40.33885522536526,81.65754452135168
epigenomics_1986_fast2bfq_277,44.664378279017235,73.13547235268403
epigenomics_1986_fast2bfq_278,42.22928741055097,76.2166637442737
epigenomics_1986_fast2bfq_279,46.35471761299884,68.29200740885909
epigenomics_1986_fast2bfq_280,48.239790722600574,79.47646185047357
epigenomics_1986_fast2bfq_281,48.51800678268243,81.92365332673118
epigenomics_1986_fast2bfq_282,48.18537124416406,72.22923661566547
epigenomics_1986_fast2bfq_283,55.53162793137639,83.70134429538578
epigenomics_1986_fast2bfq_284,47.86649026857502,76.66733118032012
epigenomics_1986_fast2bfq_285,40.450511226688896,78.47634126672759
epigenomics_1986_fast2bfq_286,44.41662859937953,73.5066858426674
epigenomics_1986_fast2bfq_287,26.412103863448586,86.13817038528347
epigenomics_1986_fast2bfq_288,37.767071418803084,91.47450979112328
epigenomics_1986_fast2bfq_289,46.91199284865202,61.636199382641365
epigenomics_1986_fast2bfq_290,46.698168949454924,73.71904947405984
epigenomics_1986_fast2bfq_291,41.32435241114268,94.48629631004593
epigenomics_1986_fast2bfq_292,40.77408933584859,83.7837489954298
epigenomics_1986_fast2bfq_293,35.159482226032395,80.33072448384446
epigenomics_1986_fast2bfq_294,48.91155480935318,75.16273854093482
epigenomics_1986_fast2bfq_295,48.98494295109227,82.4792672106554
epigenomics_1986_fast2bfq_296,43.89721464914354,82.62557528156506
epigenomics_1986_fast2bfq_297,42.832830590639254,68.41890110270246
epigenomics_1986_fast2bfq_298,44.6266318442936,82.9679636547394
epigenomics_1986_fast2bfq_299,45.441502039154734,77.67204732457809
epigenomics_1986_fast2bfq_300,49.05484639245133,88.32432814513376
epigenomics_1986_fast2bfq_301,55.09483934489908,81.50145378009496
epigenomics_1986_fast2bfq_302,46.41816247228881,85.06989432935225
epigenomics_1986_fast2bfq_303,37.30055100176734,93.4531799053001
epigenomics_1986_fast2bfq_304,35.86884568090169,68.15021970023372
epigenomics_1986_fast2bfq_305,46.25636053919899,71.03533689380403
epigenomics_1986_fast2bfq_306,42.74877323020843,84.97364990641636
epigenomics_1986_fast2bfq_307,45.60879955439986,81.78848425765268
epigenomics_1986_fast2bfq_308,52.856042726818515,77.43757104656561
epigenomics_1986_fast2bfq_309,39.301115091322224,76.31041704638828
epigenomics_1986_fast2bfq_310,45.37468595095854,77.406859284821
epigenomics_1986_fast2bfq_311,50.45288809411403,86.08281220512616
epigenomics_1986_fast2bfq_312,45.46013756232565,83.75875558656442
epigenomics_1986_fast2bfq_313,49.28320710751926,77.699588482644
epigenomics_1986_fast2bfq_314,40.440297562663574,72.23846595886133
epigenomics_1986_fast2bfq_315,44.59537704876776,83.36374553799817
epigenomics_1986_fast2bfq_316,43.76747624214306,75.61528014577151
epigenomics_1986_fast2bfq_317,37.762963718449605,85.56891805761003
epigenomics_1986_fast2bfq_318,37.1487083423411,73.75946018502891
epigenomics_1986_fast2bfq_319,42.777633607237114,85.90674168862975
epigenomics_1986_fast2bfq_320,52.562570150373425,76.60535490718239
epigenomics_1986_fast2bfq_321,36.22401091269165,88.1442366113948
epigenomics_1986_fast2bfq_322,54.91430927739559,72.13594600091103
epigenomics_1986_fast2bfq_323,53.13815008528471,80.79763881634203
epigenomics_1986_fast2bfq_324,47.725094585311965,82.0111753172849
epigenomics_1986_fast2bfq_325,43.18674899769929,82.62217169198053
epigenomics_1986_fast2bfq_326,49.68198963274311,84.03870965315814
epigenomics_1986_fast2bfq_327,47.6364832836676,64.08321601902999
epigenomics_1986_fast2bfq_328,42.66404961519169,90.1016233254879
epigenomics_1986_fast2bfq_329,40.36333500316115,78.37676111772913
epigenomics_1986_fast2bfq_330,38.35441048360967,84.9385342640362
epigenomics_1986_fast2bfq_331,44.0719820519667,86.42732738914032
epigenomics_1986_fast2bfq_332,48.33612222681503,73.16819426828286
epigenomics_1986_fast2bfq_333,39.76283596471972,60.74663876569948
epigenomics_1986_fast2bfq_334,40.60588066997484,86.19855555080845
epigenomics_1986_fast2bfq_335,43.02553232655837,83.004315491182
epigenomics_1986_fast2bfq_336,32.656150869080605,88.79202159692645
epigenomics_1986_fast2bfq_337,42.270811459336635,87.65474848111661
epigenomics_1986_fast2bfq_338,48.96891848221755,84.6603511824221
epigenomics_1986_fast2bfq_339,42.74080909026793,84.02055047765373
epigenomics_1986_fast2bfq_340,44.228259782892025,77.02268387664233
epigenomics_1986_fast2bfq_341,50.14673497052555,91.36764557853512
epigenomics_1986_fast2bfq_342,32.585090225895826,80.88333332180093
epigenomics_1986_fast2bfq_343,41.95740216339926,72.94458181348901
epigenomics_1986_fast2bfq_344,41.796689808522174,90.43199587893352
epigenomics_1986_fast2bfq_345,51.461346024593844,78.54094449697814
epigenomics_1986_fast2bfq_346,45.05144195892498,65.55964809003707
epigenomics_1986_fast2bfq_347,44.915307144103785,75.95033139230569
epigenomics_1986_fast2bfq_348,42.9627901077136,83.75919654593905
epigenomics_1986_fast2bfq_349,53.63954898693419,75.8958478102524
epigenomics_1986_fast2bfq_350,41.53970042307128,67.3296757009171
epigenomics_1986_fast2bfq_351,38.3262331492957,83.83991935963586
epigenomics_1986_fast2bfq_352,55.6424089928267,87.57363600927978
epigenomics_1986_fast2bfq_353,38.57408182843604,86.11699801521124
epigenomics_1986_fast2bfq_354,43.88901783398681,79.97750733865576
epigenomics_1986_fast2bfq_355,47.078732565352226,58.066185505603144
epigenomics_1986_fast2bfq_356,38.79492294204406,79.50857657649357
epigenomics_1986_fast2bfq_357,53.621901820256376,74.60261672975695
epigenomics_1986_fast2bfq_358,40.199665327064416,80.39314936385823
epigenomics_1986_fast2bfq_359,43.78266641641235,69.38181129389226
epigenomics_1986_fast2bfq_360,61.83056439221948,73.65125785749163
epigenomics_1986_fast2bfq_361,37.08900561401674,73.81723863928924
epigenomics_1986_fast2bfq_362,42.016132303278674,86.58875830135769
epigenomics_1986_fast2bfq_363,32.59471881987996,81.54612347285074
epigenomics_1986_fast2bfq_364,55.1003364676007,73.97377076330534
epigenomics_1986_fast2bfq_365,65.7947904296918,77.24824358896542
epigenomics_1986_fast2bfq_366,46.59883113085421,88.48322999905477
epigenomics_1986_fast2bfq_367,46.76294738107684,78.50469318777601
epigenomics_1986_fast2bfq_368,44.25890870956127,84.7541475130816
epigenomics_1986_fast2bfq_369,43.919856027185546,69.80799185262454
epigenomics_1986_fast2bfq_370,50.07135378453875,84.41133735096793
epigenomics_1986_fast2bfq_371,56.31563237814655,59.605832320080665
epigenomics_1986_fast2bfq_372,47.44845329638072,95.43498785983726
epigenomics_1986_fast2bfq_373,45.783953388542315,64.60008249394544
epigenomics_1986_fast2bfq_374,39.75698997473028,77.45323275232577
epigenomics_1986_fast2bfq_375,55.984148224091825,84.28256880597895
epigenomics_1986_fast2bfq_376,40.22580013758229,87.89098126429147
epigenomics_1986_fast2bfq_377,56.38087104297813,76.30470673265684
epigenomics_1986_fast2bfq_378,35.73059200760596,80.4530245376018
epigenomics_1986_fast2bfq_379,37.24125037874965,84.23493400734442
epigenomics_1986_fast2bfq_380,39.41551550782334,78.00712661711776
epigenomics_1986_fast2bfq_381,46.73979747382156,80.98018782550629
epigenomics_1986_fast2bfq_382,51.572077006820535,80.11283649239792
epigenomics_1986_fast2bfq_383,47.08270530633243,81.18588863930293
epigenomics_1986_fast2bfq_384,34.53687643098526,80.88881811546526
epigenomics_1986_fast2bfq_385,51.7363176224415,94.31038022775859
epigenomics_1986_fast2bfq_386,41.87424066487438,69.52448886163882
epigenomics_1986_fast2bfq_387,44.61553672437973,83.83683703410588
epigenomics_1986_fast2bfq_388,29.4153813345303,83.58495755658328
epigenomics_1986_fast2bfq_389,47.588082346909374,89.13110278060222
epigenomics_1986_fast2bfq_390,51.65057664169717,90.41961799666703
epigenomics_1986_fast2bfq_391,49.713820747970956,81.75624246529287
epigenomics_1986_fast2bfq_392,36.766877718932584,96.01160277930902
epigenomics_1986_fast2bfq_393,41.239541352861465,76.96609224139819
epigenomics_1986_fast2bfq_394,50.824750094554496,75.02382724716117
epigenomics_1986_fast2bfq_395,41.434327430605734,70.58435555292192
epigenomics_1986_fast2bfq_396,49.09978790435828,71.35005489739768
epigenomics_1986_fast2bfq_397,47.22505110849883,74.6897475786731
epigenomics_1986_fast2bfq_398,38.16887992836567,77.91453893122238
epigenomics_1986_fast2bfq_399,50.02656802650019,71.40722877701063
epigenomics_1986_fast2bfq_400,42.616826684385494,87.46314950671169
epigenomics_1986_fast2bfq_401,52.6860687704816,77.83307685225513
epigenomics_1986_fast2bfq_402,35.24759094687177,83.19905613228089
epigenomics_1986_fast2bfq_403,41.806849152442524,88.9784140096908
epigenomics_1986_fast2bfq_404,54.393824701456474,88.12434396761608
epigenomics_1986_fast2bfq_405,45.51982254857052,91.20033084663051
epigenomics_1986_fast2bfq_406,49.169453788165306,82.06349453900211
epigenomics_1986_fast2bfq_407,45.1917687188585,91.36666491934207
epigenomics_1986_fast2bfq_408,37.49704247363384,91.03361283364373
epigenomics_1986_fast2bfq_409,30.562975335317624,88.72317614410225
epigenomics_1986_fast2bfq_410,51.1630463794555,75.9262362079134
epigenomics_1986_fast2bfq_411,46.06511642296772,76.17310268611537
epigenomics_1986_fast2bfq_412,47.618200657492245,79.9429734944344
epigenomics_1986_fast2bfq_413,44.225072703733005,89.68810578507313
epigenomics_1986_fast2bfq_414,42.94805550115536,70.62164214300302
epigenomics_1986_fast2bfq_415,52.07363381029056,74.9017335070559
epigenomics_1986_fast2bfq_416,48.64543134318612,75.51352555763825
epigenomics_1986_fast2bfq_417,43.46246530445319,85.33821807792506
epigenomics_1986_fast2bfq_418,41.424144304933044,86.78377594432658
epigenomics_1986_fast2bfq_419,44.87159998419149,84.34223768746253
epigenomics_1986_fast2bfq_420,44.79583141161937,76.67408918505194
epigenomics_1986_fast2bfq_421,52.16339085100141,81.59279493654519
epigenomics_1986_fast2bfq_422,44.758262642337726,80.94068232975232
epigenomics_1986_fast2bfq_423,59.771923904623925,80.47868191021404
epigenomics_1986_fast2bfq_424,27.9576009038879,78.32115465886727
epigenomics_1986_fast2bfq_425,48.36230422235115,70.21785176872204
epigenomics_1986_fast2bfq_426,45.53225931190615,72.06096553052842
epigenomics_1986_fast2bfq_427,58.78906306583626,79.40038787183138
epigenomics_1986_fast2bfq_428,21.88638126126614,86.44356696690265
epigenomics_1986_fast2bfq_429,37.964513542993586,79.66229963788018
epigenomics_1986_fast2bfq_430,48.385900212286565,87.13849878346689
epigenomics_1986_fast2bfq_431,54.31736507983552,72.94208911199853
epigenomics_1986_fast2bfq_432,40.253404680274606,74.18964210202552
epigenomics_1986_fast2bfq_433,33.19579179312885,86.49060549759548
epigenomics_1986_fast2bfq_434,58.90142443227317,84.40850750916945
epigenomics_1986_fast2bfq_435,55.06865837486167,76.8840443026292
epigenomics_1986_fast2bfq_436,36.25839557673109,75.89599749434339
epigenomics_1986_fast2bfq_437,51.37708104496115,70.58485588837196
epigenomics_1986_fast2bfq_438,44.44078575935586,70.51931244444992
epigenomics_1986_fast2bfq_439,57.32096229725719,95.5735979714998
epigenomics_1986_fast2bfq_440,33.75886546825135,76.97950234963912
epigenomics_1986_fast2bfq_441,37.71339765918679,69.90347627066974
epigenomics_1986_fast2bfq_442,30.74241060543633,73.5242167566154
epigenomics_1986_fast2bfq_443,37.01725729540789,86.56062973521644
epigenomics_1986_fast2bfq_444,33.946021776787205,82.0699005339808
epigenomics_1986_fast2bfq_445,51.45955229810366,70.20466014190835
epigenomics_1986_fast2bfq_446,42.97293857952228,81.55899819041744
epigenomics_1986_fast2bfq_447,45.19501605240151,60.98950905103697
epigenomics_1986_fast2bfq_448,54.69769598218698,76.95614593740356
epigenomics_1986_fast2bfq_449,43.18170768584258,81.54587783784147
epigenomics_1986_fast2bfq_450,35.568673563792224,82.22751690028117
epigenomics_1986_fast2bfq_451,60.6144791731462,77.99714212232234
epigenomics_1986_fast2bfq_452,50.58313323820764,79.06020030589441
epigenomics_1986_fast2bfq_453,44.20122595401736,81.44126709720855
epigenomics_1986_fast2bfq_454,55.620996921667626,97.13509725884153
epigenomics_1986_fast2bfq_455,35.4722531790979,79.55585796217687
epigenomics_1986_fast2bfq_456,51.522729127393866,86.85897961841677
epigenomics_1986_fast2bfq_457,35.15312945895127,82.45780415233617
epigenomics_1986_fast2bfq_458,39.16204566767673,84.74686542315618
epigenomics_1986_fast2bfq_459,49.626514507837946,72.20510131369976
epigenomics_1986_fast2bfq_460,46.59840651810181,64.92212897290145
epigenomics_1986_fast2bfq_461,32.832909979989644,75.43058959589408
epigenomics_1986_fast2bfq_462,45.2953843440274,83.07208875157464
epigenomics_1986_fast2bfq_463,42.420093995379254,70.25198827310523
epigenomics_1986_fast2bfq_464,47.67679990044085,74.2022917310145
epigenomics_1986_fast2bfq_465,55.27968822990727,77.50258474671678
epigenomics_1986_fast2bfq_466,47.29423890825805,77.06140144894319
epigenomics_1986_fast2bfq_467,41.753253860792874,81.2124668942697
epigenomics_1986_fast2bfq_468,47.6600529456473,76.57095153884492
epigenomics_1986_fast2bfq_469,45.1590410289558,74.97003711453881
epigenomics_1986_fast2bfq_470,37.19750465914406,79.8932242901894
epigenomics_1986_fast2bfq_471,35.92243998910734,69.08094967047856
epigenomics_1986_fast2bfq_472,52.71514235788092,72.24809758807763
epigenomics_1986_fast2bfq_473,37.67703580040663,84.32613534689446
epigenomics_1986_fast2bfq_474,61.32639665462115,82.50224743525382
epigenomics_1986_fast2bfq_475,33.868840021137714,78.21012119745755
epigenomics_1986_fast2bfq_476,42.72892064858687,81.33319267027242
epigenomics_1986_fast2bfq_477,40.2002450993984,88.08772746591148
epigenomics_1986_fast2bfq_478,46.42586005917322,88.7121023700579
epigenomics_1986_fast2bfq_479,44.519043250743344,69.80048997051453
epigenomics_1986_fast2bfq_480,34.45243630884791,82.3096433988358
epigenomics_1986_fast2bfq_481,30.32015940493274,66.5841383858765
epigenomics_1986_fast2bfq_482,41.86872144641351,88.57761262457565
epigenomics_1986_fast2bfq_483,42.42486807212471,84.29905985791343
epigenomics_1986_fast2bfq_484,36.73249813808982,75.99823093930654
epigenomics_1986_fast2bfq_485,45.966739992902724,93.90272366956778
epigenomics_1986_fast2bfq_486,50.984279174062415,79.09295906180661
epigenomics_1986_fast2bfq_487,51.383496240206114,79.45926969845618
epigenomics_1986_fast2bfq_488,50.428926932205655,77.33133420622346
epigenomics_1986_fast2bfq_489,45.70985354612126,91.23599007398764
epigenomics_1986_fast2bfq_490,45.154014536745336,70.6368213458261
epigenomics_1986_fast2bfq_491,46.973267341631804,80.69201536877628
epigenomics_1986_fast2bfq_492,32.36902802848455,84.57729794768663
epigenomics_1986_fast2bfq_493,49.38807958893658,90.1587455149826
epigenomics_1986_fast2bfq_494,51.29234862883983,75.01903221545965
epigenomics_1986_fast2bfq_495,49.03770520071303,79.29671770096279
epigenomics_1986_fast2bfq_496,46.8727095665609,75.9335201219849
epigenomics_1986_fast2bfq_497,42.60035594432547,66.97156675573822
epigenomics_1986_fast2bfq_498,52.754417536801455,82.41014248108401
epigenomics_1986_fast2bfq_499,49.110355819651275,80.39704611843722
epigenomics_1986_map_0,9670.52919081897,186.306585753411
epigenomics_1986_map_1,10079.87506754473,183.21106376884913
epigenomics_1986_map_2,10365.584486768754,188.64340550150206
epigenomics_1986_map_3,8710.950629213557,182.86113568208756
epigenomics_1986_map_4,10025.47835585856,177.11416626923898
epigenomics_1986_map_5,9109.910797248687,180.10024716099997
epigenomics_1986_map_6,10072.213727619712,180.42743403151962
epigenomics_1986_map_7,10200.46419724162,181.89876007293145
epigenomics_1986_map_8,10114.377594474114,183.01180142616155
epigenomics_1986_map_9,10361.845705870823,192.19931355251333
epigenomics_1986_map_10,9913.243551642674,182.9227870344792
epigenomics_1986_map_11,10067.651713523628,186.68305700972647
epigenomics_1986_map_12,9964.520353570215,190.99612749212474
epigenomics_1986_map_13,10378.768622128193,184.87962076489043
epigenomics_1986_map_14,9568.305406684694,182.08202191461714
epigenomics_1986_map_15,10421.914235899176,176.903429200226
epigenomics_1986_map_16,10377.686945153693,185.76695180968338
epigenomics_1986_map_17,10305.500816186115,177.98861941285713
epigenomics_1986_map_18,10454.157819829854,183.3413994099792
epigenomics_1986_map_19,9812.345182549978,184.01838589686207
epigenomics_1986_map_20,10359.071036756233,181.8845500944626
epigenomics_1986_map_21,9463.498100259747,186.28809995890194
epigenomics_1986_map_22,10346.994245899303,175.67918167829697
epigenomics_1986_map_23,9032.41419655955,180.44559671087404
epigenomics_1986_map_24,9933.293407103896,185.04006137580583
epigenomics_1986_map_25,9240.11175489444,183.62274734799706
epigenomics_1986_map_26,10418.344422183147,177.93962596679683
epigenomics_1986_map_27,10395.237068119515,179.55200884223126
epigenomics_1986_map_28,9512.546543005565,191.78498217735455
epigenomics_1986_map_29,9697.249500203754,188.90415748410322
epigenomics_1986_map_30,8793.21805987378,179.1166578097851
epigenomics_1986_map_31,10836.351180034902,193.73041672936955
epigenomics_1986_map_32,10479.125829551758,188.00031612903965
epigenomics_1986_map_33,9952.568891603387,183.30797454279414
epigenomics_1986_map_34,10698.516663759794,192.48394063580253
epigenomics_1986_map_35,10701.653712482712,185.97667044775645
epigenomics_1986_map_36,9589.909110620205,184.04988472687006
epigenomics_1986_map_37,9766.07825371544,176.6188924687584
epigenomics_1986_map_38,10830.588192119525,182.39448731922496
epigenomics_1986_map_39,9876.983732248957,175.59732753383116
epigenomics_1986_map_40,10983.3882358488,184.67263179703716
epigenomics_1986_map_41,9927.099967336018,192.5428430683861
epigenomics_1986_map_42,9906.122212898099,181.2989159666365
epigenomics_1986_map_43,9711.333597599876,191.86861410764138
epigenomics_1986_map_44,10206.191984836654,191.77008714579557
epigenomics_1986_map_45,10324.382971733934,190.53459209698966
epigenomics_1986_map_46,9817.800214056582,177.26387938630324
epigenomics_1986_map_47,10146.694817156773,175.13801672353563
epigenomics_1986_map_48,10102.191114883908,184.04980799013387
epigenomics_1986_map_49,9864.123350776423,188.98983822364175
epigenomics_1986_map_50,9931.889422418904,181.89488642598846
epigenomics_1986_map_51,10559.620774664852,184.2981837884775
epigenomics_1986_map_52,9176.51116131693,188.84540136034977
epigenomics_1986_map_53,9897.822737347082,190.84667269845838
epigenomics_1986_map_54,10150.421280236715,184.31804012342718
epigenomics_1986_map_55,9654.92596525451,185.4144177634816
epigenomics_1986_map_56,10703.35432866942,186.0910231363803
epigenomics_1986_map_57,9302.858231502403,195.20950905006413
epigenomics_1986_map_58,10063.063435806418,194.53260801863686
epigenomics_1986_map_59,11015.199024908345,191.1139085454761
epigenomics_1986_map_60,9494.72135687478,183.62280998580914
epigenomics_1986_map_61,9551.727638902472,183.40668883150704
epigenomics_1986_map_62,9819.704391013393,194.6604150813044
epigenomics_1986_map_63,10431.1802127264,192.14758125138542
epigenomics_1986_map_64,10429.235296885081,184.69352055391158
epigenomics_1986_map_65,10200.705405391862,188.00262496279947
epigenomics_1986_map_66,10048.262313058382,186.44603657800675
epigenomics_1986_map_67,9990.684668765376,190.90942476548778
epigenomics_1986_map_68,10961.584876097904,179.84058380805342
epigenomics_1986_map_69,10593.55858546407,198.91230842188554
epigenomics_1986_map_70,10511.476376056367,180.92242324211162
epigenomics_1986_map_71,10044.768643079664,187.56147812088642
epigenomics_1986_map_72,10278.567147828933,183.23205534671575
epigenomics_1986_map_73,10756.19834471317,175.22060093620075
epigenomics_1986_map_74,9934.970936795426,175.545095072263
epigenomics_1986_map_75,10361.023162520058,185.69576951943927
epigenomics_1986_map_76,10769.85469658572,179.0608110544037
epigenomics_1986_map_77,8789.9684046779,190.85652392826955
epigenomics_1986_map_78,10266.702049521948,192.21551996349922
epigenomics_1986_map_79,9919.937454481418,173.74228564595492
epigenomics_1986_map_80,9764.294340793362,184.02889733271826
epigenomics_1986_map_81,10463.256257321424,188.51597587538444
epigenomics_1986_map_82,9331.42783718331,181.8839382925995
epigenomics_1986_map_83,10036.673172556591,180.95278211664203
epigenomics_1986_map_84,10276.778438113968,174.5713332528504
epigenomics_1986_map_85,10680.565728200558,179.4773251906357
epigenomics_1986_map_86,10523.465754927842,190.91534216226688
epigenomics_1986_map_87,10181.6536685028,183.80058017497313
epigenomics_1986_map_88,9874.31474926498,195.5266069230209
epigenomics_1986_map_89,9526.264760044349,190.25304858109817
epigenomics_1986_map_90,10440.814356367948,186.71624021478436
epigenomics_1986_map_91,10078.930649451066,187.05891928025815
epigenomics_1986_map_92,10191.397741737463,174.94310861694174
epigenomics_1986_map_93,9435.764883490328,178.10375572162448
epigenomics_1986_map_94,9747.159025553496,183.0589473432102
epigenomics_1986_map_95,9383.321300828833,184.12027540425396
epigenomics_1986_map_96,11399.150723483746,183.61460982094007
epigenomics_1986_map_97,9456.746070639001,183.7374246720758
epigenomics_1986_map_98,10077.200809773218,178.32776716112824
epigenomics_1986_map_99,9218.36442252234,187.1575118006022
epigenomics_1986_map_100,9874.270882288807,186.69762145813436
epigenomics_1986_map_101,10222.830962625047,184.36910100781589
epigenomics_1986_map_102,10689.50527160315,186.38716077341846
epigenomics_1986_map_103,10085.911447447003,182.6583164378495
epigenomics_1986_map_104,9925.01246594698,189.42082774938518
epigenomics_1986_map_105,9806.310080775796,187.19259456321365
epigenomics_1986_map_106,9865.908831460709,185.57337114758383
epigenomics_1986_map_107,10438.270524821273,178.45104260389058
epigenomics_1986_map_108,10135.028069409766,189.3072545056018
epigenomics_1986_map_109,10120.60692059799,188.2468333379567
epigenomics_1986_map_110,10232.340432081395,184.2356007333124
epigenomics_1986_map_111,10539.82283450811,183.59649890971713
epigenomics_1986_map_112,10487.205896495507,186.2353261842079
epigenomics_1986_map_113,10462.787650032034,185.67647729571138
epigenomics_1986_map_114,10901.877104551351,185.04690251755585
epigenomics_1986_map_115,9341.47757743897,182.71866166448007
epigenomics_1986_map_116,9822.257059099593,184.30097344844927
epigenomics_1986_map_117,8934.846887231763,188.47400853910307
epigenomics_1986_map_118,10531.875107015148,187.55925631748644
epigenomics_1986_map_119,9787.136102137476,183.22645848383604
epigenomics_1986_map_120,9955.917197463421,190.2052626100526
epigenomics_1986_map_121,9475.531076711944,184.7021006424933
epigenomics_1986_map_122,10558.339548568198,185.26732358733264
epigenomics_1986_map_123,9733.45561701268,186.79385168132137
epigenomics_1986_map_124,10356.407000727733,189.54419314487433
epigenomics_1986_map_125,10707.197533927783,180.06016662547518
epigenomics_1986_map_126,10463.150898372525,178.06858628496414
epigenomics_1986_map_127,9445.213696111952,179.62197539550584
epigenomics_1986_map_128,9764.225267138869,187.47590197435585
epigenomics_1986_map_129,10120.727126184483,181.07950811421233
epigenomics_1986_map_130,9917.429195576158,190.70682676352317
epigenomics_1986_map_131,10540.491202277533,186.27456702324167
epigenomics_1986_map_132,9347.106108851494,172.30691331090551
epigenomics_1986_map_133,9836.634308590326,188.3008120139376
epigenomics_1986_map_134,10193.777825770832,181.02026748595526
epigenomics_1986_map_135,9920.628315373944,182.46830457638333
epigenomics_1986_map_136,9443.825236809746,188.13685824092795
epigenomics_1986_map_137,9645.767328174648,184.0233351354098
epigenomics_1986_map_138,9647.011725352471,173.1785421697076
epigenomics_1986_map_139,9974.075727209685,191.999443091939
epigenomics_1986_map_140,10986.02130789828,184.43184746166634
epigenomics_1986_map_141,10677.818254314738,178.8681380938714
epigenomics_1986_map_142,9162.195353895004,188.40063945788737
epigenomics_1986_map_143,9960.235841652126,191.81201256189848
epigenomics_1986_map_144,10300.361398265384,188.28638606630278
epigenomics_1986_map_145,9204.684332106965,187.1844547337539
epigenomics_1986_map_146,10660.96878012413,186.39090660766954
epigenomics_1986_map_147,9956.474924438515,178.75973033587547
epigenomics_1986_map_148,9650.071113503447,190.08317008782726
epigenomics_1986_map_149,9780.345134044439,179.62712289961172
epigenomics_1986_map_150,9685.744863171796,186.71666688154303
epigenomics_1986_map_151,10219.192731420533,192.12385471602832
epigenomics_1986_map_152,10569.523298537946,186.97757293390046
epigenomics_1986_map_153,9797.143892291,189.72637961558019
epigenomics_1986_map_154,10252.70091343555,186.62640181123768
epigenomics_1986_map_155,9285.031160449449,190.0794856751529
epigenomics_1986_map_156,9401.690802761075,182.05275429557844
epigenomics_1986_map_157,9767.210234744072,192.37939650412812
epigenomics_1986_map_158,9065.93514040035,184.48847125544046
epigenomics_1986_map_159,10176.028879546002,183.81431873893865
epigenomics_1986_map_160,10361.585260901496,182.5066586587042
epigenomics_1986_map_161,9954.286275919349,183.61909096056047
epigenomics_1986_map_162,10493.609554428947,189.63988316804262
epigenomics_1986_map_163,9860.695522852417,184.30282750468382
epigenomics_1986_map_164,9759.937750419953,177.49129796217514
epigenomics_1986_map_165,9871.758631710021,186.09261274466158
epigenomics_1986_map_166,9973.626903469414,178.8540909964492
epigenomics_1986_map_167,10932.733874833268,184.05489178763972
epigenomics_1986_map_168,9637.989100941963,181.83397292109348
epigenomics_1986_map_169,10474.654464512709,180.1875625900405
epigenomics_1986_map_170,9179.97895901446,189.8754746617073
epigenomics_1986_map_171,9626.256259173737,188.13295144041402
epigenomics_1986_map_172,9772.34797769519,187.26550108497335
epigenomics_1986_map_173,9463.924141935759,177.19968945207984
epigenomics_1986_map_174,10505.587185866201,179.55626406795724
epigenomics_1986_map_175,9964.022172086507,184.41542370988057
epigenomics_1986_map_176,9580.749235809944,176.7218155725644
epigenomics_1986_map_177,9859.538707546653,180.08452983934586
epigenomics_1986_map_178,10498.440919113418,183.11428346154017
epigenomics_1986_map_179,9786.74800462304,183.2575688034215
epigenomics_1986_map_180,9037.644044333305,186.50976646265585
epigenomics_1986_map_181,9730.776476489358,188.03908271345668
epigenomics_1986_map_182,9667.827034274487,189.70154065081675
epigenomics_1986_map_183,9194.973916579655,186.57385296427134
epigenomics_1986_map_184,10253.235920067924,179.54854171520356
epigenomics_1986_map_185,10186.29889269136,184.7502254593939
epigenomics_1986_map_186,9792.479465222093,186.01080930818378
epigenomics_1986_map_187,9793.417586954896,185.47287293683326
epigenomics_1986_map_188,9389.270317332912,183.19056966984257
epigenomics_1986_map_189,10608.710787039161,195.6811608305036
epigenomics_1986_map_190,10674.912767358801,175.1326616539132
epigenomics_1986_map_191,8770.991138419367,169.08286180184282
epigenomics_1986_map_192,10542.105321809717,190.19306204853217
epigenomics_1986_map_193,9990.982406002959,179.648460304627
epigenomics_1986_map_194,10286.766469807397,185.20161296912445
epigenomics_1986_map_195,9923.18143059655,181.26883085729884
epigenomics_1986_map_196,10109.328804829229,195.4026581331518
epigenomics_1986_map_197,9231.583295264933,192.803787437693
epigenomics_1986_map_198,10871.24677356802,186.17451834957214
epigenomics_1986_map_199,11324.98379317582,185.09428129900817
epigenomics_1986_map_200,10289.174385274306,190.18230302677537
epigenomics_1986_map_201,10048.319518065195,189.39675958281336
epigenomics_1986_map_202,9644.237827629957,183.91562760698162
epigenomics_1986_map_203,10081.705248021013,192.62561094845157
epigenomics_1986_map_204,10312.2495703739,182.0007052799156
epigenomics_1986_map_205,9361.45319122741,185.3922656969972
epigenomics_1986_map_206,9372.629520240274,192.84530566425974
epigenomics_1986_map_207,10148.58483593403,169.30920127339192
epigenomics_1986_map_208,9764.305586825254,180.31727818075336
epigenomics_1986_map_209,9661.165620605578,184.00132013861545
epigenomics_1986_map_210,9393.132865447333,184.03657892758622
epigenomics_1986_map_211,9525.30013600837,184.42530351303836
epigenomics_1986_map_212,9712.10796078569,187.5825267374574
epigenomics_1986_map_213,10255.53721645103,186.08032029371267
epigenomics_1986_map_214,9135.1015604618,186.34648911047248
epigenomics_1986_map_215,9981.83382476162,182.95158305843884
epigenomics_1986_map_216,9415.456999529242,182.57460355137442
epigenomics_1986_map_217,9228.912208444593,189.51820321717335
epigenomics_1986_map_218,8985.454779201744,184.84168397717852
epigenomics_1986_map_219,9634.579529582099,190.75999281925468
epigenomics_1986_map_220,9955.549216245374,177.33477023311517
epigenomics_1986_map_221,10581.92049286801,187.23831833117205
epigenomics_1986_map_222,10261.229360248559,188.5014958911803
epigenomics_1986_map_223,9398.070218010711,195.01017484432128
epigenomics_1986_map_224,9743.0361913017,191.1581058460577
epigenomics_1986_map_225,9694.121333910736,182.6720265198748
epigenomics_1986_map_226,9659.004730845523,188.10985276577438
epigenomics_1986_map_227,10210.726842881695,184.46200185612616
epigenomics_1986_map_228,9601.926345857028,186.53102220014821
epigenomics_1986_map_229,9678.98084775358,183.89665914654438
epigenomics_1986_map_230,9598.648139868938,180.48774946215138
epigenomics_1986_map_231,10095.15345794886,175.3247470216313
epigenomics_1986_map_232,9771.770628835911,182.55051099089516
epigenomics_1986_map_233,10500.620144156517,182.7180398487249
epigenomics_1986_map_234,9780.924615690137,179.69151802681077
epigenomics_1986_map_235,8749.48093856491,177.80487730440436
epigenomics_1986_map_236,9508.196845850167,194.0189321560651
epigenomics_1986_map_237,10235.612628261393,181.22636519573786
epigenomics_1986_map_238,10083.384097966997,183.83020099317142
epigenomics_1986_map_239,10136.4638090121,181.38565657312353
epigenomics_1986_map_240,10118.209810425617,177.72488497740483
epigenomics_1986_map_241,9553.064209168286,189.61606476049346
epigenomics_1986_map_242,10298.903682068474,175.81062110297975
epigenomics_1986_map_243,11015.432929567738,176.81262760602425
epigenomics_1986_map_244,9770.295921157258,177.93936491418842
epigenomics_1986_map_245,9611.199781446936,188.09903011161765
epigenomics_1986_map_246,10098.570324572502,188.227024439457
epigenomics_1986_map_247,9932.61084917578,187.66066597294306
epigenomics_1986_map_248,9789.522864368466,174.20323015962714
epigenomics_1986_map_249,11179.037886046526,180.95340945405835
epigenomics_1986_map_250,10429.3535157421,185.75746797281863
epigenomics_1986_map_251,10161.598276120603,183.47198308128176
epigenomics_1986_map_252,9746.91296683905,184.46411036767748
epigenomics_1986_map_253,8955.181859418082,185.1554245072601
epigenomics_1986_map_254,9801.82621864494,189.90541818167335
epigenomics_1986_map_255,10510.459610632417,182.43163486007026
epigenomics_1986_map_256,9715.778767532349,175.4834590170096
epigenomics_1986_map_257,10188.423435478897,189.46135578185323
epigenomics_1986_map_258,9833.96111791542,180.7852126942367
epigenomics_1986_map_259,9890.52092980238,192.0739465437349
epigenomics_1986_map_260,9555.868682958515,174.17464568030772
epigenomics_1986_map_261,9420.927310125202,176.5767781559714
epigenomics_1986_map_262,9915.275728051129,180.35080037668374
epigenomics_1986_map_263,10675.43565255079,185.15952134850735
epigenomics_1986_map_264,9795.538034444868,181.71808487910627
epigenomics_1986_map_265,9802.949438539375,185.70938206100868
epigenomics_1986_map_266,10019.591091083455,180.04203155763196
epigenomics_1986_map_267,10295.773363806476,178.57156770071998
epigenomics_1986_map_268,10375.776958799926,184.07789916064633
epigenomics_1986_map_269,9168.360509175785,178.63785784153455
epigenomics_1986_map_270,10226.01088102397,190.6833760969252
epigenomics_1986_map_271,9766.592181462602,188.6479921301675
epigenomics_1986_map_272,9548.545115148114,186.79891825083064
epigenomics_1986_map_273,10125.707648187454,179.64604289755468
epigenomics_1986_map_274,9594.920235795938,189.78147322186973
epigenomics_1986_map_275,10379.002010450396,178.69220081253184
epigenomics_1986_map_276,9887.24108793461,181.8272376095384
epigenomics_1986_map_277,10373.084596482888,180.91298116171913
epigenomics_1986_map_278,10217.235372674224,182.18707056324047
epigenomics_1986_map_279,10135.44649652578,189.26087446352946
epigenomics_1986_map_280,10469.651078538654,180.7319206353709
epigenomics_1986_map_281,10040.090708192954,180.32573032468972
epigenomics_1986_map_282,11346.15333442046,186.7467259275671
epigenomics_1986_map_283,9904.396547121121,184.60392982188228
epigenomics_1986_map_284,9934.202230061715,186.69601337055363
epigenomics_1986_map_285,9718.28026523606,188.01615959564813
epigenomics_1986_map_286,9970.252796766796,184.56541104025453
epigenomics_1986_map_287,10214.090623207321,177.28441609353715
epigenomics_1986_map_288,9926.462818221871,182.0701449409536
epigenomics_1986_map_289,11036.882077127259,187.3785634751905
epigenomics_1986_map_290,10211.037326532063,179.59904467445125
epigenomics_1986_map_291,9047.329242978414,183.8717557626403
epigenomics_1986_map_292,9673.002508519126,195.71613354284395
epigenomics_1986_map_293,9936.25787879443,186.7342171331287
epigenomics_1986_map_294,9466.525138678984,183.95744113131568
epigenomics_1986_map_295,10489.654950624506,180.3407368000584
epigenomics_1986_map_296,9693.003422467731,185.4114818977137
epigenomics_1986_map_297,9470.965260703413,182.6913003600646
epigenomics_1986_map_298,10749.336776712917,180.30120797494124
epigenomics_1986_map_299,9650.860800592127,185.38965631839037
epigenomics_1986_map_300,10270.433435669884,184.47239297248376
epigenomics_1986_map_301,10122.467945735865,183.57795295033642
epigenomics_1986_map_302,9589.246281166364,182.37876743260546
epigenomics_1986_map_303,9758.920116151183,186.4147608674906
epigenomics_1986_map_304,9565.340646387707,177.6276123165482
epigenomics_1986_map_305,10588.254770244594,187.77288397507056
epigenomics_1986_map_306,9121.577906049515,183.89122600829458
epigenomics_1986_map_307,9145.710137380393,182.6645855177983
epigenomics_1986_map_308,10767.621450171173,177.5753645218154
epigenomics_1986_map_309,9069.224590029366,184.49096223198944
epigenomics_1986_map_310,9293.781961988505,192.51196855168126
epigenomics_1986_map_311,9729.798129042201,184.28903528710308
epigenomics_1986_map_312,9575.493731945693,190.36636655051652
epigenomics_1986_map_313,9754.66091843766,183.73027784401756
epigenomics_1986_map_314,10000.49771950537,175.30955450198064
epigenomics_1986_map_315,10107.30943013488,189.306337291154
epigenomics_1986_map_316,10821.535858215715,194.55038401779242
epigenomics_1986_map_317,9473.656493876519,182.98459029573723
epigenomics_1986_map_318,8953.523054043359,184.7471672886834
epigenomics_1986_map_319,9436.866315819265,186.37102449608773
epigenomics_1986_map_320,10279.84681307465,178.9587786184388
epigenomics_1986_map_321,10191.58858175308,187.89353501434536
epigenomics_1986_map_322,9445.854197721235,183.98531885779676
epigenomics_1986_map_323,9717.971431702088,181.97046011066587
epigenomics_1986_map_324,10505.10199686696,184.8630533163673
epigenomics_1986_map_325,9466.636671410282,188.87809291770725
epigenomics_1986_map_326,10286.503800488254,186.208497767592
epigenomics_1986_map_327,10660.178164594827,185.5684447809837
epigenomics_1986_map_328,10553.820913020489,178.57958218910804
epigenomics_1986_map_329,9447.947636191151,186.13840434894362
epigenomics_1986_map_330,10425.41882992642,183.69531372453204
epigenomics_1986_map_331,9667.770098276364,187.01005689122425
epigenomics_1986_map_332,10243.29328956431,188.0943930054321
epigenomics_1986_map_333,10318.96643373281,193.71635349986343
epigenomics_1986_map_334,10401.598882290646,181.08997031833545
epigenomics_1986_map_335,10069.174078729076,194.46281036126769
epigenomics_1986_map_336,9467.167465277405,191.29166622770637
epigenomics_1986_map_337,9693.197230744227,186.49090806967143
epigenomics_1986_map_338,10894.499640596143,183.15973741870866
epigenomics_1986_map_339,9635.721520210116,178.53716115946133
epigenomics_1986_map_340,10197.55872439256,190.39933691783887
epigenomics_1986_map_341,9118.187690934548,179.22555872156818
epigenomics_1986_map_342,9707.296323985707,176.60924600572164
epigenomics_1986_map_343,8848.072933276995,184.55527919070818
epigenomics_1986_map_344,8745.459054359215,183.35063976051967
epigenomics_1986_map_345,10661.606122007028,190.55269034598643
epigenomics_1986_map_346,9528.863503952554,188.14294492691283
epigenomics_1986_map_347,9936.50514453971,185.39052080634883
epigenomics_1986_map_348,10386.766737434233,186.56914243022547
epigenomics_1986_map_349,10439.064026625167,177.33487863431577
epigenomics_1986_map_350,9920.476564896633,180.2044117375234
epigenomics_1986_map_351,9645.990706076476,182.4661959725007
epigenomics_1986_map_352,11004.063744074698,188.09194044403569
epigenomics_1986_map_353,9950.977747625038,190.19468245660073
epigenomics_1986_map_354,9517.461395624638,189.55037155664692
epigenomics_1986_map_355,9662.81384265259,194.85092895609407
epigenomics_1986_map_356,10139.20834089262,186.3676062667026
epigenomics_1986_map_357,10381.931272118944,189.01471164156
epigenomics_1986_map_358,10996.021894701587,184.36202552120966
epigenomics_1986_map_359,9846.963372845625,183.81862291620448
epigenomics_1986_map_360,9803.99922622055,188.51782043157777
epigenomics_1986_map_361,10034.705304539872,195.4093309738795
epigenomics_1986_map_362,10382.572457883769,173.0842605721537
epigenomics_1986_map_363,9551.343588771517,180.6640222226625
epigenomics_1986_map_364,9356.18217328183,189.21364322646795
epigenomics_1986_map_365,9536.80442382597,188.68073353105936
epigenomics_1986_map_366,10490.999110507712,180.35645586959828
epigenomics_1986_map_367,9852.984454404263,183.62721420854123
epigenomics_1986_map_368,10113.848347617371,187.64273475958606
epigenomics_1986_map_369,11161.828770835933,184.93407018205488
epigenomics_1986_map_370,11186.529110838856,177.32384457000236
epigenomics_1986_map_371,9646.138935740311,182.16472797687493
epigenomics_1986_map_372,10168.384113037651,190.07034430536834
epigenomics_1986_map_373,10861.346299132216,175.3470939464394
epigenomics_1986_map_374,10403.015499696392,191.4270212912879
epigenomics_1986_map_375,10529.113062606522,187.46953278455607
epigenomics_1986_map_376,9907.269020810694,190.37005175515614
epigenomics_1986_map_377,9484.35697836422,180.99848204826043
epigenomics_1986_map_378,10467.796890673359,185.91866454839513
epigenomics_1986_map_379,10580.52642740242,181.53955907079586
epigenomics_1986_map_380,10877.009403118765,183.97930431193168
epigenomics_1986_map_381,10211.621732383323,188.90536952403937
epigenomics_1986_map_382,10174.704579512492,179.36893934389218
epigenomics_1986_map_383,10141.12954837514,192.66009668286927
epigenomics_1986_map_384,9871.935434236479,189.45825404727603
epigenomics_1986_map_385,10328.26044365482,179.347333328878
epigenomics_1986_map_386,10580.047478428607,184.8071750191448
epigenomics_1986_map_387,9656.403755619209,189.45170602684283
epigenomics_1986_map_388,9606.948183564664,184.34432627515784
epigenomics_1986_map_389,10238.99437299832,178.7878488507727
epigenomics_1986_map_390,9626.555816970233,190.78088111423887
epigenomics_1986_map_391,10866.571757549178,189.33499631644634
epigenomics_1986_map_392,9919.952896239272,177.45311653922167
epigenomics_1986_map_393,10162.19160111654,186.4666013838898
epigenomics_1986_map_394,10351.360953977224,188.09019177899515
epigenomics_1986_map_395,9928.862132550961,181.86650921018287
epigenomics_1986_map_396,10097.815333163035,192.1198060941028
epigenomics_1986_map_397,9652.898904451484,189.54021156878386
epigenomics_1986_map_398,9681.762257514076,179.67003262364634
epigenomics_1986_map_399,9655.98336700864,189.39980505573828
epigenomics_1986_map_400,10288.71978918469,186.44751721973572
epigenomics_1986_map_401,9937.720147502303,180.6737960616628
epigenomics_1986_map_402,9946.107768715812,178.32072126767318
epigenomics_1986_map_403,10221.307130751758,179.4732466105457
epigenomics_1986_map_404,9341.746753060841,191.65805505773966
epigenomics_1986_map_405,10809.034931564942,185.9283124077551
epigenomics_1986_map_406,9977.288229325632,184.24441845557698
epigenomics_1986_map_407,9369.242913650607,191.042935525088
epigenomics_1986_map_408,10183.82207653678,186.17189988936778
epigenomics_1986_map_409,10849.282332849763,187.09548954795596
epigenomics_1986_map_410,10667.743811876197,185.46131086456995
epigenomics_1986_map_411,10949.681789249948,178.32072795609
epigenomics_1986_map_412,9378.066000790554,184.07439727821864
epigenomics_1986_map_413,9849.87879708674,174.95518832306507
epigenomics_1986_map_414,10378.057234006137,182.24942155401388
epigenomics_1986_map_415,10009.707437266152,182.05994080152217
epigenomics_1986_map_416,9590.594517865686,184.83342253666817
epigenomics_1986_map_417,9642.190370735012,173.03513265951406
epigenomics_1986_map_418,10208.447251034326,176.6651353700957
epigenomics_1986_map_419,9981.786377290611,185.05696487350787
epigenomics_1986_map_420,10220.062097840748,179.83527559891326
epigenomics_1986_map_421,9709.344150485524,182.38460868468013
epigenomics_1986_map_422,10535.335352377704,178.49857355307503
epigenomics_1986_map_423,9480.09869743081,174.3941748031177
epigenomics_1986_map_424,8739.76507207182,188.09658266587053
epigenomics_1986_map_425,9617.25639978005,190.9305398536476
epigenomics_1986_map_426,9034.991121018995,182.81340099271753
epigenomics_1986_map_427,10398.015032932737,192.18277631915169
epigenomics_1986_map_428,9754.49327612464,193.81697397811502
epigenomics_1986_map_429,9955.571660165162,186.00380890427502
epigenomics_1986_map_430,9546.684162130876,184.62727153067544
epigenomics_1986_map_431,10799.321529692565,188.10884215622042
epigenomics_1986_map_432,10742.888176149452,181.5918360652935
epigenomics_1986_map_433,9630.804924470007,194.73163521901637
epigenomics_1986_map_434,10008.76842371344,187.85642308161675
epigenomics_1986_map_435,11172.759333633832,180.82824566033892
epigenomics_1986_map_436,10256.506738756969,190.51141085411012
epigenomics_1986_map_437,9406.072573554316,187.15914010576984
epigenomics_1986_map_438,10439.806861003419,187.50041673534943
epigenomics_1986_map_439,9894.404240241241,185.99942761539984
epigenomics_1986_map_440,10505.483856587445,185.4580814720124
epigenomics_1986_map_441,10289.733793161322,178.99311631393343
epigenomics_1986_map_442,9713.90166795564,182.8665332404623
epigenomics_1986_map_443,9818.38028728832,189.12162248014812
epigenomics_1986_map_444,9694.233774659417,193.93433617621034
epigenomics_1986_map_445,10422.288500823915,187.66038177371053
epigenomics_1986_map_446,10390.920749278577,187.36503089408947
epigenomics_1986_map_447,10223.899975114435,186.36924228742186
epigenomics_1986_map_448,9492.01368476175,196.33319261193947
epigenomics_1986_map_449,10150.16560371264,191.61016470576223
epigenomics_1986_map_450,9925.613414071084,185.68925482381235
epigenomics_1986_map_451,10518.367540167026,187.44061416895815
epigenomics_1986_map_452,10291.71079866483,179.55512248801168
epigenomics_1986_map_453,10252.222418566127,182.5538153608417
epigenomics_1986_map_454,9931.000413537295,178.61629550702003
epigenomics_1986_map_455,9883.621738460966,182.24976995952696
epigenomics_1986_map_456,9942.16302705542,177.77088049205489
epigenomics_1986_map_457,9943.910994471202,186.19684336978213
epigenomics_1986_map_458,9746.541060416632,182.12650342352225
epigenomics_1986_map_459,9828.65369977786,192.25777092170793
epigenomics_1986_map_460,9755.872402575862,188.34710574271037
epigenomics_1986_map_461,10313.489063635348,189.51356039557797
epigenomics_1986_map_462,9880.694582377831,186.63139406443972
epigenomics_1986_map_463,9797.470071275759,184.23416234595663
epigenomics_1986_map_464,11465.53642202399,177.18828805591676
epigenomics_1986_map_465,9654.363090902987,186.8998577723371
epigenomics_1986_map_466,10013.281212627633,177.71998487836913
epigenomics_1986_map_467,11042.946737568318,177.11502818234132
epigenomics_1986_map_468,9988.276316149062,185.9471846710074
epigenomics_1986_map_469,9637.748282402983,188.44252649950755
epigenomics_1986_map_470,10225.48994235593,189.38150268713326
epigenomics_1986_map_471,9969.746100306305,178.76314733990577
epigenomics_1986_map_472,9852.306681504473,190.23425174027057
epigenomics_1986_map_473,9537.900409557693,186.39615975282183
epigenomics_1986_map_474,10074.402095895357,186.16008975152883
epigenomics_1986_map_475,9420.536693140548,172.64487377144866
epigenomics_1986_map_476,10143.623017303351,188.2415417312995
epigenomics_1986_map_477,10114.915673505022,177.54292800408118
epigenomics_1986_map_478,10288.84932072361,177.64102277121376
epigenomics_1986_map_479,10163.32804201247,187.0816140532376
epigenomics_1986_map_480,10384.929146097087,188.261362748257
epigenomics_1986_map_481,9890.981386038637,189.01233118472186
epigenomics_1986_map_482,10444.603031123212,185.33609271142788
epigenomics_1986_map_483,8621.092299364771,195.949800311779
epigenomics_1986_map_484,9855.46538688071,178.46320617862645
epigenomics_1986_map_485,9427.285279151942,184.84198585816898
epigenomics_1986_map_486,9930.916160605724,178.93015370870268
epigenomics_1986_map_487,9779.8177861221,177.79287356031193
epigenomics_1986_map_488,9209.944900606026,191.04525357250736
epigenomics_1986_map_489,9322.888322851208,181.61891162173794
epigenomics_1986_map_490,9107.70295385928,182.18562858449312
epigenomics_1986_map_491,10391.410614940225,185.23354020142256
epigenomics_1986_map_492,10516.241152942985,184.07984941770363
epigenomics_1986_map_493,9850.807722742062,190.561200414107
epigenomics_1986_map_494,10039.869905525624,183.16473332890635
epigenomics_1986_map_495,9560.315301069535,182.36424565626672
epigenomics_1986_map_496,11143.228333224833,182.0266043371057
epigenomics_1986_map_497,9810.11674255206,188.37877117663936
epigenomics_1986_map_498,10913.430035962638,182.50968800655784
epigenomics_1986_map_499,10024.090589235124,184.27815923778087
epigenomics_1986_mapMerge1_0,119.27817223585932,105.90507205686497
epigenomics_1986_mapMerge1_1,86.68598446350384,125.54123891418693
epigenomics_1986_mapMerge2_0,112.55336165172687,121.00625972501477
epigenomics_1986_chr21_0,136.14878654703503,49.864068898368416
epigenomics_1986_pileup_0,209.31240657679322,85.51035405681603
