request,latency,mem
epigenomics_3979_entry_0,1.0,1.0
epigenomics_3979_fastqSplit_0,54.43422083768132,95.64249878287197
epigenomics_3979_fastqSplit_1,74.31889179181783,86.5450115700631
epigenomics_3979_filterContams_0,17.796673427780647,64.93454692314269
epigenomics_3979_filterContams_1,20.53286311605273,72.26224658603829
epigenomics_3979_filterContams_2,20.817108551622802,62.102829941380726
epigenomics_3979_filterContams_3,22.122954491662853,64.5072844859392
epigenomics_3979_filterContams_4,20.870184926163358,51.50596987202785
epigenomics_3979_filterContams_5,19.055268148585906,69.25487286190518
epigenomics_3979_filterContams_6,24.71643934873648,57.3337160014006
epigenomics_3979_filterContams_7,18.77791281247726,72.65857122516547
epigenomics_3979_filterContams_8,18.634852681661346,55.99565015509462
epigenomics_3979_filterContams_9,21.202328744828034,54.064096256857404
epigenomics_3979_filterContams_10,17.319417059582285,76.94236523637328
epigenomics_3979_filterContams_11,14.512227324215978,57.29715499557881
epigenomics_3979_filterContams_12,26.94771310797006,63.8959183682419
epigenomics_3979_filterContams_13,21.884649744119002,56.12636486926074
epigenomics_3979_filterContams_14,15.204210113405743,57.93313940927722
epigenomics_3979_filterContams_15,20.41076411566796,65.59053536682391
epigenomics_3979_filterContams_16,18.909393068548614,57.98633602119169
epigenomics_3979_filterContams_17,20.25301500084012,67.25516821060143
epigenomics_3979_filterContams_18,15.304833553233859,66.99010212731098
epigenomics_3979_filterContams_19,15.414907141604093,70.88032365569691
epigenomics_3979_filterContams_20,22.221338275547083,52.04711451168567
epigenomics_3979_filterContams_21,19.132804622237888,62.00444096844216
epigenomics_3979_filterContams_22,20.89529582349715,57.6238819265414
epigenomics_3979_filterContams_23,22.589351052383826,52.83102199848744
epigenomics_3979_filterContams_24,21.29425688421939,64.37270218244403
epigenomics_3979_filterContams_25,21.677473798021108,65.95722244367353
epigenomics_3979_filterContams_26,24.492222011078834,60.882998426442654
epigenomics_3979_filterContams_27,17.51684013882309,69.25392229181905
epigenomics_3979_filterContams_28,23.39234051362703,71.37833233800683
epigenomics_3979_filterContams_29,18.0342111836528,51.87969965388402
epigenomics_3979_filterContams_30,17.317747318024992,58.08490792467019
epigenomics_3979_filterContams_31,20.83254632481168,64.04354286477304
epigenomics_3979_filterContams_32,17.700034689332508,61.11310236668494
epigenomics_3979_filterContams_33,19.097957156319215,65.9296071169757
epigenomics_3979_filterContams_34,18.593220383522493,75.9047516244128
epigenomics_3979_filterContams_35,21.646073009982242,56.159322195059445
epigenomics_3979_filterContams_36,19.718157802458702,76.33502617947559
epigenomics_3979_filterContams_37,26.012344632026974,61.970375556820095
epigenomics_3979_filterContams_38,13.263409902217791,57.62426995183371
epigenomics_3979_filterContams_39,20.661692898727477,58.12000088809219
epigenomics_3979_filterContams_40,18.050173726005912,58.50059293998426
epigenomics_3979_filterContams_41,13.116340655457305,75.05559687469531
epigenomics_3979_filterContams_42,23.36976602956306,68.42421382839287
epigenomics_3979_filterContams_43,25.422314559993815,65.90970420357701
epigenomics_3979_filterContams_44,22.634901047276976,76.88932946497907
epigenomics_3979_filterContams_45,23.85693546003914,58.139133468289124
epigenomics_3979_filterContams_46,20.39870291530281,69.04974241132149
epigenomics_3979_filterContams_47,24.174178042741733,60.10821903985996
epigenomics_3979_filterContams_48,19.426787388125693,62.6008144932025
epigenomics_3979_filterContams_49,19.196244894904098,46.818219052094726
epigenomics_3979_filterContams_50,14.623385794981958,64.4635697994031
epigenomics_3979_filterContams_51,14.101127973819722,64.2234652852773
epigenomics_3979_filterContams_52,22.02798317602689,54.84339685968928
epigenomics_3979_filterContams_53,23.85500628684801,69.9064514865555
epigenomics_3979_filterContams_54,25.058146582849922,52.4252148065801
epigenomics_3979_filterContams_55,20.822932156219334,69.9889428345084
epigenomics_3979_filterContams_56,19.092650250340718,67.54875607012166
epigenomics_3979_filterContams_57,22.13775470149321,79.2195057589151
epigenomics_3979_filterContams_58,19.03791189071994,70.84477322920789
epigenomics_3979_filterContams_59,24.06729712642818,82.5384554028904
epigenomics_3979_filterContams_60,22.965834589778186,70.29434352895079
epigenomics_3979_filterContams_61,20.267232643596753,73.01291494557631
epigenomics_3979_filterContams_62,18.789790078404934,70.44800879491028
epigenomics_3979_filterContams_63,21.636713749362954,61.7496824477422
epigenomics_3979_filterContams_64,13.027884681785943,61.7117643837218
epigenomics_3979_filterContams_65,16.32261223846654,58.5203280985421
epigenomics_3979_filterContams_66,14.317701789781857,52.934934357789146
epigenomics_3979_filterContams_67,17.292063507939066,67.5167777609531
epigenomics_3979_filterContams_68,19.101879350478814,61.94355384511947
epigenomics_3979_filterContams_69,21.10879753013952,72.06569030361959
epigenomics_3979_filterContams_70,25.0541493847074,69.37641469771341
epigenomics_3979_filterContams_71,23.156332021225374,65.34284807619127
epigenomics_3979_filterContams_72,19.059546846025736,62.908230229018855
epigenomics_3979_filterContams_73,15.65085173184034,56.93020961200999
epigenomics_3979_filterContams_74,18.45857538743147,68.57245772410218
epigenomics_3979_filterContams_75,19.922964380299387,45.70090892328572
epigenomics_3979_filterContams_76,21.40694649089201,54.9850349637526
epigenomics_3979_filterContams_77,17.764928725415103,68.16319214485974
epigenomics_3979_filterContams_78,23.413128874214586,51.128051384542516
epigenomics_3979_filterContams_79,27.437344684873814,63.58736416286409
epigenomics_3979_filterContams_80,23.18177787970103,84.99154366617303
epigenomics_3979_filterContams_81,12.763060306123675,56.26768719462736
epigenomics_3979_filterContams_82,19.260110639096776,52.64910565614122
epigenomics_3979_filterContams_83,19.887708526864557,59.10428417437095
epigenomics_3979_filterContams_84,15.899679485203771,64.80915054436089
epigenomics_3979_filterContams_85,14.238178626509718,65.5285803415813
epigenomics_3979_filterContams_86,21.815581954883793,65.12971419516825
epigenomics_3979_filterContams_87,20.0538671751762,65.27989576067817
epigenomics_3979_filterContams_88,20.57430233302938,67.43183429057609
epigenomics_3979_filterContams_89,16.664911514188475,58.838526098631256
epigenomics_3979_filterContams_90,10.099588021460729,80.57987069116733
epigenomics_3979_filterContams_91,26.860350435575512,66.22651373284882
epigenomics_3979_filterContams_92,17.711811812126044,70.9958267612043
epigenomics_3979_filterContams_93,18.340512845165225,71.4968793839888
epigenomics_3979_filterContams_94,23.061460272360087,75.03030457163693
epigenomics_3979_filterContams_95,17.532180916374692,73.09369202688123
epigenomics_3979_filterContams_96,21.224677752292948,65.11287574152166
epigenomics_3979_filterContams_97,19.85294167163194,81.25536740859243
epigenomics_3979_filterContams_98,22.028525054695,60.17680894444453
epigenomics_3979_filterContams_99,22.607111225094783,72.40122107074176
epigenomics_3979_filterContams_100,21.170546024908628,74.90905093039477
epigenomics_3979_filterContams_101,24.52386762868846,61.899288303522155
epigenomics_3979_filterContams_102,18.594365915681365,62.93985089996251
epigenomics_3979_filterContams_103,18.26442174369628,71.90921845575363
epigenomics_3979_filterContams_104,21.874053595049425,59.74770045621975
epigenomics_3979_filterContams_105,21.816099322990013,70.87031452997692
epigenomics_3979_filterContams_106,22.811683832519453,63.673271736669655
epigenomics_3979_filterContams_107,24.07400655387624,63.445054949974136
epigenomics_3979_filterContams_108,23.129205205265357,49.24302853413634
epigenomics_3979_filterContams_109,15.677413250600502,63.05951844133479
epigenomics_3979_filterContams_110,20.174923766243303,52.47254522661176
epigenomics_3979_filterContams_111,23.56408851362659,76.81174709152731
epigenomics_3979_filterContams_112,26.211878004470506,67.48474141254752
epigenomics_3979_filterContams_113,21.687730429859435,66.80471955238288
epigenomics_3979_filterContams_114,19.889384057127014,49.59323318373612
epigenomics_3979_filterContams_115,21.103251686374577,70.46884836134754
epigenomics_3979_filterContams_116,16.264731578900584,61.17677374435024
epigenomics_3979_filterContams_117,16.444312547576907,56.278682964958406
epigenomics_3979_filterContams_118,17.256281914127555,69.66480367677049
epigenomics_3979_filterContams_119,24.167219757533854,48.64265198876213
epigenomics_3979_filterContams_120,21.214406173380684,69.76876766787277
epigenomics_3979_filterContams_121,16.99982746651737,65.67022834537998
epigenomics_3979_filterContams_122,22.431985519178,58.05674232318188
epigenomics_3979_filterContams_123,19.820183827430775,49.30859583485411
epigenomics_3979_filterContams_124,22.14126653087602,56.55853785068986
epigenomics_3979_filterContams_125,24.554316234439685,57.487562630911576
epigenomics_3979_filterContams_126,14.86237427443472,71.83868610097268
epigenomics_3979_filterContams_127,24.490725268410127,56.281474717743826
epigenomics_3979_filterContams_128,18.951899199040103,63.308030674498774
epigenomics_3979_filterContams_129,19.5924517809169,60.83528018212475
epigenomics_3979_filterContams_130,23.874258272801523,66.57463697219877
epigenomics_3979_filterContams_131,16.30353082097508,66.0791265805199
epigenomics_3979_filterContams_132,21.28587279298472,55.82061959510359
epigenomics_3979_filterContams_133,23.802305701749,72.52514034742775
epigenomics_3979_filterContams_134,20.2215786765927,66.14742677736656
epigenomics_3979_filterContams_135,21.316606525349037,62.22750166814208
epigenomics_3979_filterContams_136,19.306397320638197,59.41986833066208
epigenomics_3979_filterContams_137,28.04080067772339,57.80631382510549
epigenomics_3979_filterContams_138,20.962383838123817,61.412717643194334
epigenomics_3979_filterContams_139,17.826715370508236,66.98863518520504
epigenomics_3979_filterContams_140,19.50795005153959,59.81892860572993
epigenomics_3979_filterContams_141,19.082075556552944,75.25588803527003
epigenomics_3979_filterContams_142,18.927356086859167,60.904906781625485
epigenomics_3979_filterContams_143,20.521406906929492,66.08482746456949
epigenomics_3979_filterContams_144,20.630403131008862,66.17473536006383
epigenomics_3979_filterContams_145,16.37824521296022,46.734671857702395
epigenomics_3979_filterContams_146,18.3732506729475,71.26261547217234
epigenomics_3979_filterContams_147,16.62789277175196,63.2242950571817
epigenomics_3979_filterContams_148,18.59026937974045,81.23105404283986
epigenomics_3979_filterContams_149,19.18134147911678,65.85248534069
epigenomics_3979_filterContams_150,17.67377783714403,60.79555008363777
epigenomics_3979_filterContams_151,14.420577591126445,64.32215586805395
epigenomics_3979_filterContams_152,21.182509569862585,47.434608855473584
epigenomics_3979_filterContams_153,17.72427051046218,53.40617055311341
epigenomics_3979_filterContams_154,21.108430119579737,58.154861536464175
epigenomics_3979_filterContams_155,20.7805491347849,48.346477163414534
epigenomics_3979_filterContams_156,17.9866094248151,85.71546121831422
epigenomics_3979_filterContams_157,25.90582736035996,74.33379582051896
epigenomics_3979_filterContams_158,20.950394729962888,84.52765457512942
epigenomics_3979_filterContams_159,21.762934704997335,76.47120541579473
epigenomics_3979_filterContams_160,16.443070647908222,64.09037606296776
epigenomics_3979_filterContams_161,13.27386847371329,56.78396562631915
epigenomics_3979_filterContams_162,26.15146880687827,79.6190720173248
epigenomics_3979_filterContams_163,23.20864913509923,64.06831968644954
epigenomics_3979_filterContams_164,24.013332707674056,66.29630895304557
epigenomics_3979_filterContams_165,19.96594358400604,67.48480555878457
epigenomics_3979_filterContams_166,18.134396375340142,75.50274738273474
epigenomics_3979_filterContams_167,20.33429810241573,53.03792462839644
epigenomics_3979_filterContams_168,24.82097722641904,72.02231877825355
epigenomics_3979_filterContams_169,22.17076657230985,51.992742065700796
epigenomics_3979_filterContams_170,21.068359174645767,67.23758738855479
epigenomics_3979_filterContams_171,18.359528383453462,60.15845054464212
epigenomics_3979_filterContams_172,18.460182007515613,64.3979977699821
epigenomics_3979_filterContams_173,19.217699722230734,68.68462874172616
epigenomics_3979_filterContams_174,17.231241966578125,63.76532189236018
epigenomics_3979_filterContams_175,24.152498664971354,54.561655341146654
epigenomics_3979_filterContams_176,22.12938016418108,74.43731043127065
epigenomics_3979_filterContams_177,20.74735629570558,64.94481914289157
epigenomics_3979_filterContams_178,16.624914466894943,70.63472790392589
epigenomics_3979_filterContams_179,16.274828759965537,67.2382464592531
epigenomics_3979_filterContams_180,17.854236614936973,60.063225363290805
epigenomics_3979_filterContams_181,21.10317333780567,53.18574427312619
epigenomics_3979_filterContams_182,17.857945485720165,55.364881198044145
epigenomics_3979_filterContams_183,22.138155179564258,75.69276922286365
epigenomics_3979_filterContams_184,19.128336508711193,78.78043715522116
epigenomics_3979_filterContams_185,20.048396899016222,60.15121873674894
epigenomics_3979_filterContams_186,24.419069675013745,66.2315705125072
epigenomics_3979_filterContams_187,20.05867815229686,61.783977852466386
epigenomics_3979_filterContams_188,20.1024351810621,61.87003236912919
epigenomics_3979_filterContams_189,18.432382494698455,66.38594277941608
epigenomics_3979_filterContams_190,18.24778946658092,76.4628816968618
epigenomics_3979_filterContams_191,18.18274195888291,70.92059134981322
epigenomics_3979_filterContams_192,17.86245520182855,55.539714049579715
epigenomics_3979_filterContams_193,25.045984459659998,53.33494042753358
epigenomics_3979_filterContams_194,21.53244048458292,58.25380628941031
epigenomics_3979_filterContams_195,18.89212116459705,67.34681721578572
epigenomics_3979_filterContams_196,19.94857374593089,49.75963605937374
epigenomics_3979_filterContams_197,18.81931948641553,62.02533836296699
epigenomics_3979_filterContams_198,22.68589970408751,56.09080867981785
epigenomics_3979_filterContams_199,20.214952381231225,75.01856510484068
epigenomics_3979_filterContams_200,17.154725275324427,63.97306076072466
epigenomics_3979_filterContams_201,20.67989007237182,64.21672419778447
epigenomics_3979_filterContams_202,18.3820871615985,54.88187529836277
epigenomics_3979_filterContams_203,20.568902486463315,64.4093430567235
epigenomics_3979_filterContams_204,20.631342308495586,65.14127324449288
epigenomics_3979_filterContams_205,20.82536964056084,69.95559007469443
epigenomics_3979_filterContams_206,15.529870740826302,58.73648184780586
epigenomics_3979_filterContams_207,19.904532520319773,60.0700127810495
epigenomics_3979_filterContams_208,20.646265824713453,73.11505045463639
epigenomics_3979_filterContams_209,22.9237289311786,68.37111179214749
epigenomics_3979_filterContams_210,19.2013682326116,55.24418487652106
epigenomics_3979_filterContams_211,19.838043028669595,68.86020606773864
epigenomics_3979_filterContams_212,22.455205077115636,67.12784585234937
epigenomics_3979_filterContams_213,28.486633109889645,49.74548862874739
epigenomics_3979_filterContams_214,14.32410441752646,59.132381022567024
epigenomics_3979_filterContams_215,17.095609931827603,68.41211955180086
epigenomics_3979_filterContams_216,25.579461768372457,54.82719584369684
epigenomics_3979_filterContams_217,20.488367325981923,67.70181275730516
epigenomics_3979_filterContams_218,19.130395913293,62.51558571179346
epigenomics_3979_filterContams_219,15.77066198413699,79.71598748960874
epigenomics_3979_filterContams_220,20.531168047700845,66.11512260096072
epigenomics_3979_filterContams_221,17.64702539619139,85.65233313103099
epigenomics_3979_filterContams_222,18.40539145857952,56.69056194439483
epigenomics_3979_filterContams_223,20.847168132895714,63.77075027686888
epigenomics_3979_filterContams_224,24.724809122249063,58.292293465805216
epigenomics_3979_filterContams_225,19.288857204971077,59.39357617961529
epigenomics_3979_filterContams_226,20.78505064149067,49.31966321457688
epigenomics_3979_filterContams_227,16.992071960586493,57.23649398014726
epigenomics_3979_filterContams_228,19.105207500577627,59.84339052010486
epigenomics_3979_filterContams_229,17.6156486780755,75.41860436696317
epigenomics_3979_filterContams_230,18.908716682696227,54.11317333967342
epigenomics_3979_filterContams_231,20.050757448086966,62.99926907575243
epigenomics_3979_filterContams_232,18.22697994474804,65.18580296601118
epigenomics_3979_filterContams_233,23.690268142219274,64.82468732319899
epigenomics_3979_filterContams_234,25.49445746915741,73.00762179714651
epigenomics_3979_filterContams_235,21.701329232602184,63.69561588345588
epigenomics_3979_filterContams_236,19.86440793079563,50.981942614192405
epigenomics_3979_filterContams_237,20.21788286054918,71.39647517354575
epigenomics_3979_filterContams_238,19.822333445778614,73.13271338590465
epigenomics_3979_filterContams_239,21.74735362594143,56.859856828908484
epigenomics_3979_filterContams_240,23.43432583154291,70.81415084767008
epigenomics_3979_filterContams_241,24.58964894021335,56.653670841118526
epigenomics_3979_filterContams_242,21.504961298719248,54.05884670809498
epigenomics_3979_filterContams_243,23.938407393434268,72.29791990420884
epigenomics_3979_filterContams_244,21.454669114043437,69.5088205267995
epigenomics_3979_filterContams_245,22.37783095285842,59.649592830782936
epigenomics_3979_filterContams_246,20.232012802561407,44.76001113804544
epigenomics_3979_filterContams_247,19.40462228724317,60.48561367148489
epigenomics_3979_filterContams_248,23.33153660487791,66.6541637642285
epigenomics_3979_filterContams_249,20.45684847628805,60.41653635481187
epigenomics_3979_filterContams_250,21.011799022553422,47.12241622798547
epigenomics_3979_filterContams_251,19.36620591456536,57.92173276224592
epigenomics_3979_filterContams_252,21.174391679328185,60.515622786685206
epigenomics_3979_filterContams_253,26.929928165094324,67.7607017881073
epigenomics_3979_filterContams_254,21.955675492470274,63.90209911316343
epigenomics_3979_filterContams_255,18.9196847301633,63.81340559079123
epigenomics_3979_filterContams_256,18.23983354362019,71.85372285860903
epigenomics_3979_filterContams_257,23.216786984486504,64.20559584733584
epigenomics_3979_filterContams_258,24.676217378612055,78.0471819046567
epigenomics_3979_filterContams_259,24.37451922609609,70.54634067115047
epigenomics_3979_filterContams_260,22.688641814872845,62.953863302180636
epigenomics_3979_filterContams_261,23.95565224245629,59.599345670815794
epigenomics_3979_filterContams_262,23.48929568491649,61.90369026718412
epigenomics_3979_filterContams_263,17.148564911061747,63.628328899431224
epigenomics_3979_filterContams_264,21.268500543950516,63.561255445345004
epigenomics_3979_filterContams_265,19.572103848668004,75.51384441186626
epigenomics_3979_filterContams_266,20.135965203923824,82.82919965582118
epigenomics_3979_filterContams_267,21.856755500018178,69.0889448665869
epigenomics_3979_filterContams_268,18.494363187235567,64.7270599740937
epigenomics_3979_filterContams_269,21.304840289462064,69.00513469804396
epigenomics_3979_filterContams_270,12.502108833362891,66.23298250142685
epigenomics_3979_filterContams_271,19.73754255368122,60.837880731797554
epigenomics_3979_filterContams_272,18.56405476006406,65.76378926597232
epigenomics_3979_filterContams_273,16.94747222646545,68.46386478503487
epigenomics_3979_filterContams_274,21.558188433418646,69.47922534519844
epigenomics_3979_filterContams_275,22.982116202090044,51.429934007256755
epigenomics_3979_filterContams_276,17.817924093658117,65.6130644697159
epigenomics_3979_filterContams_277,21.596415495717892,73.26208415588374
epigenomics_3979_filterContams_278,20.375029869075615,49.99673499112736
epigenomics_3979_filterContams_279,18.502825333345196,72.58532381414204
epigenomics_3979_filterContams_280,20.39195882438705,71.7704264490424
epigenomics_3979_filterContams_281,23.779339863334144,63.73043413360994
epigenomics_3979_filterContams_282,19.82636291455281,59.94812684611985
epigenomics_3979_filterContams_283,22.682636491381597,69.43943327439526
epigenomics_3979_filterContams_284,18.432605607962397,53.53968058327292
epigenomics_3979_filterContams_285,19.151055825541782,47.253826947364004
epigenomics_3979_filterContams_286,17.37539096575835,71.23966040005227
epigenomics_3979_filterContams_287,21.814668956793113,74.39218642800844
epigenomics_3979_filterContams_288,16.66317616635126,66.96424901499867
epigenomics_3979_filterContams_289,18.106417909800943,68.78951716560903
epigenomics_3979_filterContams_290,15.047054476120369,64.47978352333655
epigenomics_3979_filterContams_291,22.152769023433358,78.18809238247344
epigenomics_3979_filterContams_292,18.961095601130456,69.23833954203836
epigenomics_3979_filterContams_293,17.449275310620827,63.583110407474265
epigenomics_3979_filterContams_294,25.021083366347558,53.13604187593542
epigenomics_3979_filterContams_295,16.321064815877484,71.32192816651865
epigenomics_3979_filterContams_296,18.28454010082059,54.83570932951368
epigenomics_3979_filterContams_297,20.50865943969283,69.05506435983023
epigenomics_3979_filterContams_298,21.51424266111982,58.44388997628289
epigenomics_3979_filterContams_299,19.46263959986564,65.26025608858724
epigenomics_3979_filterContams_300,17.315971536985867,84.03022032306961
epigenomics_3979_filterContams_301,18.75511944704202,63.34497463584311
epigenomics_3979_filterContams_302,13.978407891756541,63.68155435661405
epigenomics_3979_filterContams_303,21.77821846405035,65.81907364629998
epigenomics_3979_filterContams_304,18.624489117406856,52.6203118120355
epigenomics_3979_filterContams_305,23.43685570779342,80.39376199403559
epigenomics_3979_filterContams_306,16.427751364511675,58.5156140897917
epigenomics_3979_filterContams_307,16.88900397065675,65.99839686102862
epigenomics_3979_filterContams_308,19.08731324299058,50.99496111167955
epigenomics_3979_filterContams_309,18.305189135152645,75.42456664025606
epigenomics_3979_filterContams_310,21.057405418833135,61.71576307179381
epigenomics_3979_filterContams_311,21.901860786129156,62.491249054890275
epigenomics_3979_filterContams_312,23.641011902046056,55.61968567970287
epigenomics_3979_filterContams_313,24.75727554274698,69.86961400971313
epigenomics_3979_filterContams_314,23.12914518353632,64.18774440501123
epigenomics_3979_filterContams_315,25.49659729579353,47.28290082841193
epigenomics_3979_filterContams_316,20.881167983965135,67.42537910032546
epigenomics_3979_filterContams_317,18.828083187181683,76.61521544611492
epigenomics_3979_filterContams_318,23.615872587151408,52.647720425675395
epigenomics_3979_filterContams_319,20.458040587400042,74.53143436628513
epigenomics_3979_filterContams_320,15.961013215360564,49.838383054163735
epigenomics_3979_filterContams_321,19.117092958403436,79.55568537157944
epigenomics_3979_filterContams_322,15.040720871751176,57.04812469044275
epigenomics_3979_filterContams_323,13.844888463820778,61.314571475212176
epigenomics_3979_filterContams_324,19.534977656844635,56.445276776544596
epigenomics_3979_filterContams_325,16.61475054450821,54.73699433426959
epigenomics_3979_filterContams_326,20.00793817067554,59.464091954847405
epigenomics_3979_filterContams_327,24.543348770825318,74.03191089872816
epigenomics_3979_filterContams_328,17.833443673268967,73.59180553536855
epigenomics_3979_filterContams_329,17.45014135878393,49.16282728975722
epigenomics_3979_filterContams_330,18.391426455964766,65.20451118336555
epigenomics_3979_filterContams_331,21.512947448032346,59.984745054911
epigenomics_3979_filterContams_332,21.901429053130837,55.10890005662129
epigenomics_3979_filterContams_333,21.977381740621677,71.08465268539493
epigenomics_3979_filterContams_334,22.879806394103216,83.19126794580774
epigenomics_3979_filterContams_335,21.76634699419834,76.33213629362872
epigenomics_3979_filterContams_336,19.966855014100528,53.83702973158435
epigenomics_3979_filterContams_337,21.97124637865649,68.40459027586431
epigenomics_3979_filterContams_338,17.84240684423385,67.82752229069058
epigenomics_3979_filterContams_339,18.186820837222438,53.656426884984654
epigenomics_3979_filterContams_340,18.746234191174988,75.98652768433189
epigenomics_3979_filterContams_341,21.218740249990844,68.96796940630841
epigenomics_3979_filterContams_342,16.383369044732063,67.22194443471115
epigenomics_3979_filterContams_343,23.97218621380374,65.37692897494959
epigenomics_3979_filterContams_344,19.783159577203122,62.54195759875782
epigenomics_3979_filterContams_345,18.829507289212145,61.50983317856096
epigenomics_3979_filterContams_346,20.86888397061423,60.16150082255547
epigenomics_3979_filterContams_347,19.242923432824355,79.09582356436374
epigenomics_3979_filterContams_348,24.39703125563054,70.4179634335945
epigenomics_3979_filterContams_349,18.517190004472557,69.44393938096647
epigenomics_3979_filterContams_350,20.80076560190796,70.8805103963773
epigenomics_3979_filterContams_351,18.885013269681362,58.66182415625552
epigenomics_3979_filterContams_352,20.205296774782198,68.30508399152478
epigenomics_3979_filterContams_353,15.325477282973624,58.58529006059299
epigenomics_3979_filterContams_354,24.43814859648306,58.32544075207349
epigenomics_3979_filterContams_355,17.453953692030254,67.99004407192089
epigenomics_3979_filterContams_356,18.80084878537835,55.66882963706528
epigenomics_3979_filterContams_357,18.340644505372797,60.71735170853992
epigenomics_3979_filterContams_358,15.798311196965063,68.66473848245683
epigenomics_3979_filterContams_359,26.43690877825444,71.39446182893738
epigenomics_3979_filterContams_360,14.377160862467685,72.1147082612009
epigenomics_3979_filterContams_361,18.673741959611043,61.560286452720284
epigenomics_3979_filterContams_362,19.01487928170587,56.76831822481785
epigenomics_3979_filterContams_363,15.973568357137909,63.82553877398628
epigenomics_3979_filterContams_364,17.74629371465602,69.74831623642771
epigenomics_3979_filterContams_365,21.873110511123933,68.11863990607316
epigenomics_3979_filterContams_366,17.01042583344904,65.85271946377343
epigenomics_3979_filterContams_367,18.713912886503614,60.44074154668048
epigenomics_3979_filterContams_368,17.608362153573886,65.34969556406102
epigenomics_3979_filterContams_369,18.50101192548135,64.02610645682216
epigenomics_3979_filterContams_370,18.952183218727416,61.42102492497062
epigenomics_3979_filterContams_371,22.648361386681184,54.83703483115865
epigenomics_3979_filterContams_372,18.13751372959712,64.34913242862167
epigenomics_3979_filterContams_373,22.0387646147187,57.78736289912497
epigenomics_3979_filterContams_374,18.97403482791366,66.28158921564903
epigenomics_3979_filterContams_375,19.396763914780134,58.828991348617556
epigenomics_3979_filterContams_376,23.454507078513913,60.470998106562206
epigenomics_3979_filterContams_377,18.556333231389758,68.83794116104461
epigenomics_3979_filterContams_378,24.1000435957984,58.04091062088237
epigenomics_3979_filterContams_379,19.23068925498344,69.14227507325893
epigenomics_3979_filterContams_380,17.411291274701096,77.28969441560886
epigenomics_3979_filterContams_381,24.16926385551976,60.30509041621629
epigenomics_3979_filterContams_382,21.488615381356322,63.45884566213793
epigenomics_3979_filterContams_383,19.652643356174952,66.1856313443843
epigenomics_3979_filterContams_384,25.846720473371843,69.63809064721191
epigenomics_3979_filterContams_385,16.9358152663295,71.18748081236926
epigenomics_3979_filterContams_386,18.0913956520892,71.89432021675087
epigenomics_3979_filterContams_387,20.74936309895637,54.54755324189465
epigenomics_3979_filterContams_388,17.991136138107098,74.4130841823552
epigenomics_3979_filterContams_389,25.142122040739455,63.652338225623204
epigenomics_3979_filterContams_390,18.979624650410162,71.900583161097
epigenomics_3979_filterContams_391,21.247557262142045,72.94343371402503
epigenomics_3979_filterContams_392,27.79074479743442,70.2437289420821
epigenomics_3979_filterContams_393,17.106185323883885,61.263500398893584
epigenomics_3979_filterContams_394,23.23402169462256,66.89912217678143
epigenomics_3979_filterContams_395,18.532759722998414,69.00973289515005
epigenomics_3979_filterContams_396,19.745583471163776,57.51064072475131
epigenomics_3979_filterContams_397,20.1701725591015,55.08760715249513
epigenomics_3979_filterContams_398,20.54711334555861,57.33656360391169
epigenomics_3979_filterContams_399,21.349258311715936,73.3054903117285
epigenomics_3979_filterContams_400,24.47017478472518,61.67679052176578
epigenomics_3979_filterContams_401,16.75677950112195,69.4263645579269
epigenomics_3979_filterContams_402,23.68087898770885,68.43093107632734
epigenomics_3979_filterContams_403,19.63018988694686,62.04024389839449
epigenomics_3979_filterContams_404,19.788993257838623,60.245718516548145
epigenomics_3979_filterContams_405,19.12363015781981,57.000460046431954
epigenomics_3979_filterContams_406,20.221748705896392,75.6043133482929
epigenomics_3979_filterContams_407,18.516515396197033,59.03113457902543
epigenomics_3979_filterContams_408,22.378704864080344,66.08387077834185
epigenomics_3979_filterContams_409,22.628369372182853,53.77519576726581
epigenomics_3979_filterContams_410,18.956882175436753,58.893783528926186
epigenomics_3979_filterContams_411,21.952017622962806,78.86135385435921
epigenomics_3979_filterContams_412,15.442317958130248,64.78643832143662
epigenomics_3979_filterContams_413,22.35069652955504,57.87859644316886
epigenomics_3979_filterContams_414,17.62767064363762,52.588461810921245
epigenomics_3979_filterContams_415,19.64798213899267,63.098012693628725
epigenomics_3979_filterContams_416,20.61943621391599,54.289332142084234
epigenomics_3979_filterContams_417,14.323656738368864,69.92472430787659
epigenomics_3979_filterContams_418,17.318688310785173,71.44733699291302
epigenomics_3979_filterContams_419,21.801455924762173,61.679934287837156
epigenomics_3979_filterContams_420,22.492698397712434,70.1374820616754
epigenomics_3979_filterContams_421,23.634833781871823,64.0685367083797
epigenomics_3979_filterContams_422,17.799498231709094,64.26305837473372
epigenomics_3979_filterContams_423,21.04788375549508,64.75683512777971
epigenomics_3979_filterContams_424,18.98432207657684,66.82215513900739
epigenomics_3979_filterContams_425,19.775395222340485,70.54036437498218
epigenomics_3979_filterContams_426,23.057899083768813,62.25988294868162
epigenomics_3979_filterContams_427,18.59972263805871,65.40083505437354
epigenomics_3979_filterContams_428,13.178185201560511,67.98290744700539
epigenomics_3979_filterContams_429,23.58660073113763,69.32298453988412
epigenomics_3979_filterContams_430,19.14310794315967,62.31801782372596
epigenomics_3979_filterContams_431,15.89420832737267,73.10749340289829
epigenomics_3979_filterContams_432,18.22021456865826,69.90276226170332
epigenomics_3979_filterContams_433,22.955425953964834,88.23463291230529
epigenomics_3979_filterContams_434,19.419689763256617,51.24547830998979
epigenomics_3979_filterContams_435,19.93728167544159,55.86186679364061
epigenomics_3979_filterContams_436,19.160602100521576,73.81463669064617
epigenomics_3979_filterContams_437,21.186147893087735,69.19262145072351
epigenomics_3979_filterContams_438,18.899681560308736,66.28548721908497
epigenomics_3979_filterContams_439,18.80339127738521,66.86856549201588
epigenomics_3979_filterContams_440,18.772706066058472,62.23600225084401
epigenomics_3979_filterContams_441,16.60619537697301,69.48711667265188
epigenomics_3979_filterContams_442,15.850875271953704,66.80577457713157
epigenomics_3979_filterContams_443,20.93096735641722,49.1629494952043
epigenomics_3979_filterContams_444,19.18255717119097,60.03709366024226
epigenomics_3979_filterContams_445,23.571189397362183,69.87796647550769
epigenomics_3979_filterContams_446,21.29259823732363,68.43167767785806
epigenomics_3979_filterContams_447,23.405084611184453,62.07288824783809
epigenomics_3979_filterContams_448,21.008834160537923,61.58224067182607
epigenomics_3979_filterContams_449,15.52658582805967,44.05416530922747
epigenomics_3979_filterContams_450,16.915149679189597,73.72409028358477
epigenomics_3979_filterContams_451,17.504324449187493,61.40144819754406
epigenomics_3979_filterContams_452,20.42419485980409,63.71945403329752
epigenomics_3979_filterContams_453,19.160089366576273,45.97167976542585
epigenomics_3979_filterContams_454,15.145323986613121,64.64968259810351
epigenomics_3979_filterContams_455,15.944893016473369,71.50945796340707
epigenomics_3979_filterContams_456,22.63324463952612,67.25074148490394
epigenomics_3979_filterContams_457,16.367883828249603,60.522838310088204
epigenomics_3979_filterContams_458,20.704870786816976,47.91201215013487
epigenomics_3979_filterContams_459,22.352218214675634,62.357738026787636
epigenomics_3979_filterContams_460,27.106798559417808,68.0518218475865
epigenomics_3979_filterContams_461,24.75626067157609,65.01717693762119
epigenomics_3979_filterContams_462,15.302198784739122,54.87577796254517
epigenomics_3979_filterContams_463,16.154021395175732,68.65365066620774
epigenomics_3979_filterContams_464,23.110361512632995,65.93927717748252
epigenomics_3979_filterContams_465,17.191982498392427,67.65271190046052
epigenomics_3979_filterContams_466,17.637239223971964,78.04530966310088
epigenomics_3979_filterContams_467,24.737948992551832,75.72070252415949
epigenomics_3979_filterContams_468,19.93180057041737,77.67128228214307
epigenomics_3979_filterContams_469,17.031305664489206,70.78968943303795
epigenomics_3979_filterContams_470,22.994843378347372,76.84808452762724
epigenomics_3979_filterContams_471,16.741599777262692,59.949766598332545
epigenomics_3979_filterContams_472,18.588480079516618,59.935408292113735
epigenomics_3979_filterContams_473,23.316233846051915,60.30468279515706
epigenomics_3979_filterContams_474,20.49954724630159,73.26097162110443
epigenomics_3979_filterContams_475,23.9901822558408,74.39922031021452
epigenomics_3979_filterContams_476,21.45744078225225,68.15342897166856
epigenomics_3979_filterContams_477,16.42217855831533,59.108215555968236
epigenomics_3979_filterContams_478,20.536085621235767,61.082359673780076
epigenomics_3979_filterContams_479,21.305130858560858,65.66006409830828
epigenomics_3979_filterContams_480,23.563066292221045,55.241010224484576
epigenomics_3979_filterContams_481,20.02009936999461,69.31521289755523
epigenomics_3979_filterContams_482,22.13854514446739,56.471245126596585
epigenomics_3979_filterContams_483,14.544096706302536,64.9444748340971
epigenomics_3979_filterContams_484,14.071437638745461,58.42603468258323
epigenomics_3979_filterContams_485,20.98680802192316,68.7101215938398
epigenomics_3979_filterContams_486,17.970711381901175,58.2055252129342
epigenomics_3979_filterContams_487,18.940670650045792,61.61478397390834
epigenomics_3979_filterContams_488,23.30886935189809,71.03671289452905
epigenomics_3979_filterContams_489,19.049751840772956,85.59943218789698
epigenomics_3979_filterContams_490,19.387788060457485,66.29092141017382
epigenomics_3979_filterContams_491,20.629954648835838,73.53123299277519
epigenomics_3979_filterContams_492,22.16037634250246,64.5196292897722
epigenomics_3979_filterContams_493,18.541088991584097,68.86326197135125
epigenomics_3979_filterContams_494,22.35032844010645,58.5995725519351
epigenomics_3979_filterContams_495,21.914407229029145,57.25077161070782
epigenomics_3979_filterContams_496,22.29798698778163,64.67627197515914
epigenomics_3979_filterContams_497,22.60858645468351,78.85453457737911
epigenomics_3979_filterContams_498,22.769389638446043,68.8060202017097
epigenomics_3979_filterContams_499,19.263695229154173,59.62636399194665
epigenomics_3979_sol2sanger_0,73.74244515838271,41.41121380959894
epigenomics_3979_sol2sanger_1,75.49304886170526,52.02998065787081
epigenomics_3979_sol2sanger_2,80.7620461853613,50.953112602808815
epigenomics_3979_sol2sanger_3,79.1035133564894,61.27675707948703
epigenomics_3979_sol2sanger_4,84.63173502702148,51.907632586441096
epigenomics_3979_sol2sanger_5,74.60457207768185,49.465868430914426
epigenomics_3979_sol2sanger_6,73.87182572965385,38.319188326068854
epigenomics_3979_sol2sanger_7,79.77711581389008,51.12841598522046
epigenomics_3979_sol2sanger_8,73.58612247455366,42.00044927899058
epigenomics_3979_sol2sanger_9,83.03040511346484,49.016580490367396
epigenomics_3979_sol2sanger_10,75.99311205382992,41.04906683172729
epigenomics_3979_sol2sanger_11,87.4784667404627,62.18532805510873
epigenomics_3979_sol2sanger_12,74.43646298778734,31.903186619387768
epigenomics_3979_sol2sanger_13,94.73696713918186,45.322778778904954
epigenomics_3979_sol2sanger_14,78.12038216087392,42.979443932037285
epigenomics_3979_sol2sanger_15,85.59817914280977,32.44475658874266
epigenomics_3979_sol2sanger_16,79.72866889523759,50.25687677670927
epigenomics_3979_sol2sanger_17,74.32626918372303,56.55336867774935
epigenomics_3979_sol2sanger_18,82.35795648596066,40.744787965082764
epigenomics_3979_sol2sanger_19,77.01490510281332,40.836750700376015
epigenomics_3979_sol2sanger_20,80.80944903119322,47.02335385578577
epigenomics_3979_sol2sanger_21,82.35982988415668,43.79444297108854
epigenomics_3979_sol2sanger_22,81.56999238353261,47.94621815706222
epigenomics_3979_sol2sanger_23,78.73820634446298,47.36785853171547
epigenomics_3979_sol2sanger_24,79.11866264281304,56.226884429149074
epigenomics_3979_sol2sanger_25,85.69177967534681,49.600067803510946
epigenomics_3979_sol2sanger_26,78.60860149093503,45.014969260606335
epigenomics_3979_sol2sanger_27,77.6847327797177,33.366445947782616
epigenomics_3979_sol2sanger_28,68.04726163292094,42.699655588256924
epigenomics_3979_sol2sanger_29,71.46847353782441,46.43285072818678
epigenomics_3979_sol2sanger_30,79.16015628456736,42.3809170718207
epigenomics_3979_sol2sanger_31,80.72125196784326,34.70240923804838
epigenomics_3979_sol2sanger_32,81.3279250122218,51.15346572650807
epigenomics_3979_sol2sanger_33,75.90799316118819,42.446962971407835
epigenomics_3979_sol2sanger_34,72.50612020800536,36.57142328349252
epigenomics_3979_sol2sanger_35,72.4325197697073,46.8804591571116
epigenomics_3979_sol2sanger_36,76.06609228497815,40.90749680808167
epigenomics_3979_sol2sanger_37,77.91789465510259,52.357296900151795
epigenomics_3979_sol2sanger_38,80.65139217364184,52.55799183981909
epigenomics_3979_sol2sanger_39,80.33989451203892,37.26597037423378
epigenomics_3979_sol2sanger_40,80.29408696900862,43.06267417899942
epigenomics_3979_sol2sanger_41,88.43645210413555,52.904296849825535
epigenomics_3979_sol2sanger_42,87.13687533357368,45.07407410121963
epigenomics_3979_sol2sanger_43,76.20556616221913,28.966509417943072
epigenomics_3979_sol2sanger_44,79.65195951025717,42.178818072370824
epigenomics_3979_sol2sanger_45,79.43706559426506,45.955898069550095
epigenomics_3979_sol2sanger_46,76.29616311242214,46.88288884524789
epigenomics_3979_sol2sanger_47,72.47360974411319,51.36220226342807
epigenomics_3979_sol2sanger_48,84.0336075923675,52.87804568106118
epigenomics_3979_sol2sanger_49,85.99796267637157,37.02283894924698
epigenomics_3979_sol2sanger_50,98.87020408575648,50.97799605958212
epigenomics_3979_sol2sanger_51,80.12606047590614,39.242107123836846
epigenomics_3979_sol2sanger_52,81.92281162059237,48.5556761908593
epigenomics_3979_sol2sanger_53,80.2453023678264,31.09774778014939
epigenomics_3979_sol2sanger_54,80.72087402014945,43.91333525252668
epigenomics_3979_sol2sanger_55,87.95371525600208,55.62849883311853
epigenomics_3979_sol2sanger_56,74.3762066621528,44.3460089163465
epigenomics_3979_sol2sanger_57,77.18976206528735,40.7672215924954
epigenomics_3979_sol2sanger_58,77.10411549680998,41.328343603813764
epigenomics_3979_sol2sanger_59,78.89182301679713,46.350494017149906
epigenomics_3979_sol2sanger_60,84.6556235493019,44.54379040150482
epigenomics_3979_sol2sanger_61,78.67462889335908,53.3660193529855
epigenomics_3979_sol2sanger_62,71.95284619488896,43.247504796186945
epigenomics_3979_sol2sanger_63,84.50614658789871,39.878118315311276
epigenomics_3979_sol2sanger_64,76.59803321108026,33.119446377166504
epigenomics_3979_sol2sanger_65,82.57925317661265,36.81512602078969
epigenomics_3979_sol2sanger_66,82.46858312254884,40.0356327792443
epigenomics_3979_sol2sanger_67,86.65182628232779,41.76508802754877
epigenomics_3979_sol2sanger_68,84.9496995316397,56.89790602163783
epigenomics_3979_sol2sanger_69,81.5601660761399,45.71597923851761
epigenomics_3979_sol2sanger_70,81.92900584557616,33.72533363333078
epigenomics_3979_sol2sanger_71,84.42598112976108,32.36863821716455
epigenomics_3979_sol2sanger_72,76.46432561254154,48.24582186366886
epigenomics_3979_sol2sanger_73,79.6862854520244,43.11556413183293
epigenomics_3979_sol2sanger_74,76.92110820632405,42.96724562673405
epigenomics_3979_sol2sanger_75,76.39322862401315,53.88581131344186
epigenomics_3979_sol2sanger_76,84.57358888676825,40.508441882209794
epigenomics_3979_sol2sanger_77,82.04749799987245,41.70516815981999
epigenomics_3979_sol2sanger_78,73.62269761318208,30.735174238163722
epigenomics_3979_sol2sanger_79,79.76646171148619,37.95657671286011
epigenomics_3979_sol2sanger_80,82.11862380971745,60.52486991132643
epigenomics_3979_sol2sanger_81,76.7156059229164,33.143936253548574
epigenomics_3979_sol2sanger_82,79.02846047064,55.85763291262549
epigenomics_3979_sol2sanger_83,76.54584941566638,35.2676025588152
epigenomics_3979_sol2sanger_84,79.57571883248818,44.57728834688213
epigenomics_3979_sol2sanger_85,84.39112089378409,38.00015997982342
epigenomics_3979_sol2sanger_86,89.46345453378211,50.49255494611069
epigenomics_3979_sol2sanger_87,76.67273314265668,50.83482163765559
epigenomics_3979_sol2sanger_88,87.21904512528805,44.25132289914948
epigenomics_3979_sol2sanger_89,65.47711554672323,30.057868942940743
epigenomics_3979_sol2sanger_90,77.78661865359072,31.78877381439395
epigenomics_3979_sol2sanger_91,80.37151583434039,46.851940657488605
epigenomics_3979_sol2sanger_92,79.29025452258354,57.82926753826581
epigenomics_3979_sol2sanger_93,80.97399471837463,48.72630364347305
epigenomics_3979_sol2sanger_94,77.44358527007851,43.092263818283165
epigenomics_3979_sol2sanger_95,88.59747001770995,46.166622530811516
epigenomics_3979_sol2sanger_96,73.11527554507012,56.47078751801346
epigenomics_3979_sol2sanger_97,74.11427917433065,32.020896564913144
epigenomics_3979_sol2sanger_98,74.01451088423364,45.777245184261446
epigenomics_3979_sol2sanger_99,75.65840011353703,34.48610007065038
epigenomics_3979_sol2sanger_100,79.39937212174118,57.93910766767864
epigenomics_3979_sol2sanger_101,78.91185537106189,31.756205042282993
epigenomics_3979_sol2sanger_102,78.8206698213043,38.45869558123292
epigenomics_3979_sol2sanger_103,83.69165865255896,51.11538968389878
epigenomics_3979_sol2sanger_104,74.65106388000788,45.745116266071136
epigenomics_3979_sol2sanger_105,80.56474074604236,55.0392941531125
epigenomics_3979_sol2sanger_106,85.37052615259307,33.66804663597816
epigenomics_3979_sol2sanger_107,72.31358104456379,43.87017237372122
epigenomics_3979_sol2sanger_108,89.89618327560262,40.49139478976389
epigenomics_3979_sol2sanger_109,81.18680280874622,49.9770954328811
epigenomics_3979_sol2sanger_110,68.49956945548428,47.81250757271219
epigenomics_3979_sol2sanger_111,76.73725653157138,40.01872775880891
epigenomics_3979_sol2sanger_112,75.80810674652628,48.47941159220099
epigenomics_3979_sol2sanger_113,77.88338407768717,35.001595254138124
epigenomics_3979_sol2sanger_114,77.82295762764542,48.545703587868
epigenomics_3979_sol2sanger_115,77.12652680456698,66.84363885347466
epigenomics_3979_sol2sanger_116,71.89840327068443,40.35311872048683
epigenomics_3979_sol2sanger_117,81.59131541277038,55.882085114913025
epigenomics_3979_sol2sanger_118,80.18800335241146,52.24591054764812
epigenomics_3979_sol2sanger_119,79.78070747953527,36.015637416418144
epigenomics_3979_sol2sanger_120,83.64297213221539,33.032075128555796
epigenomics_3979_sol2sanger_121,73.37517024273416,51.326428340175376
epigenomics_3979_sol2sanger_122,74.18034124130541,44.44956555938029
epigenomics_3979_sol2sanger_123,75.52252063251774,33.34327357131151
epigenomics_3979_sol2sanger_124,73.71222404222372,50.29359759613362
epigenomics_3979_sol2sanger_125,83.06190997980526,50.06762607869397
epigenomics_3979_sol2sanger_126,75.12942073481325,47.388129536501964
epigenomics_3979_sol2sanger_127,68.69530826101877,44.27109088842169
epigenomics_3979_sol2sanger_128,86.88301135962203,31.731580588158273
epigenomics_3979_sol2sanger_129,79.55265082084752,48.68175946226339
epigenomics_3979_sol2sanger_130,80.78457317693265,33.80585771456401
epigenomics_3979_sol2sanger_131,79.32061830131813,45.074441842967765
epigenomics_3979_sol2sanger_132,77.85497342231166,41.922759403547694
epigenomics_3979_sol2sanger_133,84.96128992757521,43.77657183338421
epigenomics_3979_sol2sanger_134,77.656659532426,37.7048654661827
epigenomics_3979_sol2sanger_135,83.39147002517538,49.58720380670313
epigenomics_3979_sol2sanger_136,84.86847503909868,31.266547203650738
epigenomics_3979_sol2sanger_137,87.42704908808481,40.4247413657781
epigenomics_3979_sol2sanger_138,80.15923439745053,53.36296241408486
epigenomics_3979_sol2sanger_139,80.36681495507163,33.14472856713181
epigenomics_3979_sol2sanger_140,80.53457602695394,48.025281868216965
epigenomics_3979_sol2sanger_141,79.16505933604958,43.465995795812375
epigenomics_3979_sol2sanger_142,84.08080394422407,41.671565461471026
epigenomics_3979_sol2sanger_143,78.12893699866386,31.857457966311777
epigenomics_3979_sol2sanger_144,77.47909996198331,54.56374739396234
epigenomics_3979_sol2sanger_145,75.40784276956816,49.03271345660728
epigenomics_3979_sol2sanger_146,84.64722447540042,62.62960917217328
epigenomics_3979_sol2sanger_147,89.07820836470412,63.68811699035332
epigenomics_3979_sol2sanger_148,80.45361125684217,40.91450611746339
epigenomics_3979_sol2sanger_149,81.81635351025015,45.802231254864495
epigenomics_3979_sol2sanger_150,80.94915855571618,43.95982796327141
epigenomics_3979_sol2sanger_151,78.73541766639471,52.95770534995823
epigenomics_3979_sol2sanger_152,88.85899020771603,49.18230868187415
epigenomics_3979_sol2sanger_153,74.81771812273273,58.70804772104851
epigenomics_3979_sol2sanger_154,74.53357842167723,56.774420487535394
epigenomics_3979_sol2sanger_155,69.84555380851582,40.91410421934543
epigenomics_3979_sol2sanger_156,71.87577671085394,45.569625804437706
epigenomics_3979_sol2sanger_157,80.34518738318909,52.477430215037046
epigenomics_3979_sol2sanger_158,68.72753660470929,32.616837966196734
epigenomics_3979_sol2sanger_159,75.89357820000015,39.17904160174982
epigenomics_3979_sol2sanger_160,76.59774584875555,38.63629277975193
epigenomics_3979_sol2sanger_161,87.56171751426047,38.13492472989354
epigenomics_3979_sol2sanger_162,83.22004252702915,42.368583605602545
epigenomics_3979_sol2sanger_163,86.00784483281552,41.79913263345939
epigenomics_3979_sol2sanger_164,80.41460401141465,44.793808879221636
epigenomics_3979_sol2sanger_165,80.64044689132128,32.21483986132448
epigenomics_3979_sol2sanger_166,73.90802273290602,46.4665601070593
epigenomics_3979_sol2sanger_167,83.48824645130834,51.39043891076625
epigenomics_3979_sol2sanger_168,79.92698488889648,45.77682873257419
epigenomics_3979_sol2sanger_169,75.91368448614237,37.720447910054084
epigenomics_3979_sol2sanger_170,79.95067106087755,57.33504075303203
epigenomics_3979_sol2sanger_171,82.35331235933084,57.86462372830128
epigenomics_3979_sol2sanger_172,72.28621845231758,52.55865329396592
epigenomics_3979_sol2sanger_173,86.53500249428072,52.60224561823641
epigenomics_3979_sol2sanger_174,80.97191447601408,44.69736192376241
epigenomics_3979_sol2sanger_175,75.54636839742768,44.209688935076414
epigenomics_3979_sol2sanger_176,77.21809134021666,38.56381099729948
epigenomics_3979_sol2sanger_177,69.02493238105691,48.782745467010535
epigenomics_3979_sol2sanger_178,78.34127204251995,48.077105761700984
epigenomics_3979_sol2sanger_179,82.17653340791381,53.47968276061873
epigenomics_3979_sol2sanger_180,74.8155640960652,35.99805301089933
epigenomics_3979_sol2sanger_181,83.65320138445644,46.906461876162126
epigenomics_3979_sol2sanger_182,73.83229482585665,51.102034337500605
epigenomics_3979_sol2sanger_183,83.93682581827169,48.545548715287644
epigenomics_3979_sol2sanger_184,81.90628327496569,39.82115360955551
epigenomics_3979_sol2sanger_185,77.29782637818172,48.6989559417375
epigenomics_3979_sol2sanger_186,80.4444377144628,57.02639566270224
epigenomics_3979_sol2sanger_187,82.50381264505276,35.243276483306985
epigenomics_3979_sol2sanger_188,87.26241499013449,34.95317720470872
epigenomics_3979_sol2sanger_189,73.55730433606206,41.27309400001427
epigenomics_3979_sol2sanger_190,83.5035942976119,43.35861389079272
epigenomics_3979_sol2sanger_191,81.62429498611114,38.94429339658034
epigenomics_3979_sol2sanger_192,75.15819164957371,36.60798277578047
epigenomics_3979_sol2sanger_193,72.83337380977298,38.50803596330002
epigenomics_3979_sol2sanger_194,75.73997818833946,33.323466332122926
epigenomics_3979_sol2sanger_195,65.09257660899729,50.536601030743455
epigenomics_3979_sol2sanger_196,82.60327796734936,47.02613774094749
epigenomics_3979_sol2sanger_197,83.78306794082137,62.672217853939756
epigenomics_3979_sol2sanger_198,79.68260047288915,54.56482851304264
epigenomics_3979_sol2sanger_199,77.79951929260686,61.78337898358485
epigenomics_3979_sol2sanger_200,79.2434862329056,48.437388041126184
epigenomics_3979_sol2sanger_201,66.17573929759925,32.29240581810702
epigenomics_3979_sol2sanger_202,79.15671346228707,49.288276506694466
epigenomics_3979_sol2sanger_203,75.26830331886008,47.66977790757698
epigenomics_3979_sol2sanger_204,76.87861033599984,39.57817924381487
epigenomics_3979_sol2sanger_205,79.1033308761409,44.12470169236655
epigenomics_3979_sol2sanger_206,84.67053152386976,46.72529534763448
epigenomics_3979_sol2sanger_207,73.2663705303517,39.39592143769633
epigenomics_3979_sol2sanger_208,74.20002173965247,47.894014508643565
epigenomics_3979_sol2sanger_209,80.01005338490272,42.00992862632291
epigenomics_3979_sol2sanger_210,84.20709543732347,30.587052461921253
epigenomics_3979_sol2sanger_211,84.49357499330456,41.03973681038703
epigenomics_3979_sol2sanger_212,83.3468077256866,46.87881635639314
epigenomics_3979_sol2sanger_213,83.72882672797466,51.745488180727385
epigenomics_3979_sol2sanger_214,87.63135613289639,33.195280650278285
epigenomics_3979_sol2sanger_215,77.5180984468035,40.402211786337844
epigenomics_3979_sol2sanger_216,75.50662445919652,45.1352675717929
epigenomics_3979_sol2sanger_217,71.65403972752274,48.46264365688558
epigenomics_3979_sol2sanger_218,80.89600229515689,39.31008135830657
epigenomics_3979_sol2sanger_219,80.91147494370942,45.44968411953042
epigenomics_3979_sol2sanger_220,78.900237854967,43.41868582406014
epigenomics_3979_sol2sanger_221,83.12243201221128,48.3136804966426
epigenomics_3979_sol2sanger_222,73.24025264164736,49.46756449525783
epigenomics_3979_sol2sanger_223,78.0460385476688,52.14088745961487
epigenomics_3979_sol2sanger_224,82.40682305021599,48.69596678138964
epigenomics_3979_sol2sanger_225,81.52590894963562,41.94934640187223
epigenomics_3979_sol2sanger_226,82.53493114643669,52.87839779700944
epigenomics_3979_sol2sanger_227,72.83184584359091,41.08413760024327
epigenomics_3979_sol2sanger_228,87.16421597335489,53.26988597723314
epigenomics_3979_sol2sanger_229,81.22954460788519,40.66221782526014
epigenomics_3979_sol2sanger_230,76.30316725582931,49.5089038243045
epigenomics_3979_sol2sanger_231,84.69760972769093,53.70503632974505
epigenomics_3979_sol2sanger_232,78.23651721263592,38.11840990176114
epigenomics_3979_sol2sanger_233,78.47900651710837,51.218414492466636
epigenomics_3979_sol2sanger_234,87.26539922376743,35.15022456768242
epigenomics_3979_sol2sanger_235,70.93935282324966,44.21215600934651
epigenomics_3979_sol2sanger_236,77.54125343732521,49.71408153246346
epigenomics_3979_sol2sanger_237,76.56251958255056,54.1692980295196
epigenomics_3979_sol2sanger_238,81.46048600248187,50.835779732533446
epigenomics_3979_sol2sanger_239,90.00960226838217,50.92970010204658
epigenomics_3979_sol2sanger_240,82.74613680785335,68.46966489372056
epigenomics_3979_sol2sanger_241,83.8205380006239,54.247714176447886
epigenomics_3979_sol2sanger_242,79.69074230853239,29.56992875124105
epigenomics_3979_sol2sanger_243,80.95550393942572,40.482499062302765
epigenomics_3979_sol2sanger_244,79.27994858455436,40.079752913005706
epigenomics_3979_sol2sanger_245,79.1934111682637,34.308811656116475
epigenomics_3979_sol2sanger_246,73.37812660998573,44.75804294925251
epigenomics_3979_sol2sanger_247,84.51089291473681,17.685385721269025
epigenomics_3979_sol2sanger_248,76.18437025506044,56.60119456811873
epigenomics_3979_sol2sanger_249,75.10817316703219,53.53227888905075
epigenomics_3979_sol2sanger_250,82.82664259026133,44.96765392875265
epigenomics_3979_sol2sanger_251,80.1518873790149,40.803556640830735
epigenomics_3979_sol2sanger_252,74.70515496923281,38.02170350932409
epigenomics_3979_sol2sanger_253,73.50990564641025,64.25426326470233
epigenomics_3979_sol2sanger_254,76.85481380194942,44.31945669295571
epigenomics_3979_sol2sanger_255,75.47224384491497,50.7617244687855
epigenomics_3979_sol2sanger_256,82.91382688830004,36.37596173124616
epigenomics_3979_sol2sanger_257,79.49220840462706,57.895407872741124
epigenomics_3979_sol2sanger_258,89.64489944314126,33.22663314991738
epigenomics_3979_sol2sanger_259,77.40301122576355,46.15697512932725
epigenomics_3979_sol2sanger_260,76.69751221683383,51.25175084414436
epigenomics_3979_sol2sanger_261,86.05286005201187,52.23312425750289
epigenomics_3979_sol2sanger_262,72.86864870694907,40.753961883269945
epigenomics_3979_sol2sanger_263,81.63910234096102,62.46825269775417
epigenomics_3979_sol2sanger_264,77.89329815722054,52.42148951534379
epigenomics_3979_sol2sanger_265,72.75801964705336,52.36733613328371
epigenomics_3979_sol2sanger_266,81.27896861217171,28.908672565764594
epigenomics_3979_sol2sanger_267,81.8641942672478,47.17619932798174
epigenomics_3979_sol2sanger_268,79.61007138203134,46.19018960539844
epigenomics_3979_sol2sanger_269,69.1106972574184,55.1443393379272
epigenomics_3979_sol2sanger_270,73.47256887474522,43.42191077998815
epigenomics_3979_sol2sanger_271,84.23086796725411,54.93817719334752
epigenomics_3979_sol2sanger_272,78.60724663152564,37.46418350479314
epigenomics_3979_sol2sanger_273,85.09292157263528,59.602091712906656
epigenomics_3979_sol2sanger_274,76.4602072319135,53.30358790781615
epigenomics_3979_sol2sanger_275,84.79298122997055,45.14157474783577
epigenomics_3979_sol2sanger_276,77.17624893669375,47.35059149432125
epigenomics_3979_sol2sanger_277,79.67001401324175,50.0595453339246
epigenomics_3979_sol2sanger_278,87.89835242608748,56.86019924827934
epigenomics_3979_sol2sanger_279,87.33484650415363,36.48246629765475
epigenomics_3979_sol2sanger_280,74.90269944809849,33.529674798390474
epigenomics_3979_sol2sanger_281,81.80978299227937,42.122109346783496
epigenomics_3979_sol2sanger_282,79.7842524051918,31.67584987305699
epigenomics_3979_sol2sanger_283,74.91423133111375,40.1224699220058
epigenomics_3979_sol2sanger_284,79.89176396576207,45.93795770096006
epigenomics_3979_sol2sanger_285,78.72037970928983,38.291156661068314
epigenomics_3979_sol2sanger_286,79.03711718144163,54.38309142013087
epigenomics_3979_sol2sanger_287,90.41438011275677,53.962043923392805
epigenomics_3979_sol2sanger_288,70.88550875288537,33.676258106638365
epigenomics_3979_sol2sanger_289,72.71649807291952,54.554719315876774
epigenomics_3979_sol2sanger_290,83.96691919490985,42.260429845847966
epigenomics_3979_sol2sanger_291,78.16881305567172,43.756231077450124
epigenomics_3979_sol2sanger_292,82.61356067937479,57.47858014784866
epigenomics_3979_sol2sanger_293,86.90170711193622,40.195348744111165
epigenomics_3979_sol2sanger_294,85.5638959308195,40.301410636564015
epigenomics_3979_sol2sanger_295,86.82578508397724,53.92737302610144
epigenomics_3979_sol2sanger_296,73.91815437531538,49.21953146273777
epigenomics_3979_sol2sanger_297,82.55634328201943,56.23630870918243
epigenomics_3979_sol2sanger_298,79.79673321629292,49.10408443992087
epigenomics_3979_sol2sanger_299,80.94656748019753,34.47355411964642
epigenomics_3979_sol2sanger_300,75.66169890429309,41.78899873133961
epigenomics_3979_sol2sanger_301,83.95621980361383,42.055305426492865
epigenomics_3979_sol2sanger_302,85.45366330896404,49.01380360758368
epigenomics_3979_sol2sanger_303,83.88925673139731,47.04938860925872
epigenomics_3979_sol2sanger_304,77.21026158855065,43.00407614731277
epigenomics_3979_sol2sanger_305,80.77288026126165,45.07273482802419
epigenomics_3979_sol2sanger_306,79.37780758114322,43.724477118595864
epigenomics_3979_sol2sanger_307,67.72910452992951,35.633098969154005
epigenomics_3979_sol2sanger_308,83.35474273469252,44.18131519508872
epigenomics_3979_sol2sanger_309,80.36164731527721,40.65442131369876
epigenomics_3979_sol2sanger_310,83.25130858264205,40.14468570751441
epigenomics_3979_sol2sanger_311,73.75413101454461,53.64142858501327
epigenomics_3979_sol2sanger_312,86.42936509024287,36.759915086283954
epigenomics_3979_sol2sanger_313,67.49054158213119,49.05394565734123
epigenomics_3979_sol2sanger_314,75.50066848274831,46.668257427631744
epigenomics_3979_sol2sanger_315,90.90907055953701,42.90545728752288
epigenomics_3979_sol2sanger_316,83.23317719476366,53.17589362276088
epigenomics_3979_sol2sanger_317,72.13917493121333,44.89305781800475
epigenomics_3979_sol2sanger_318,78.63409023902479,37.812969842541975
epigenomics_3979_sol2sanger_319,75.19982728069243,46.33466428474424
epigenomics_3979_sol2sanger_320,87.50213214367051,48.88646968393514
epigenomics_3979_sol2sanger_321,74.16974305125227,34.16003838083445
epigenomics_3979_sol2sanger_322,76.00782853751855,40.001191072971196
epigenomics_3979_sol2sanger_323,81.78042251740516,48.92520372664674
epigenomics_3979_sol2sanger_324,83.28516871268218,43.411395180884085
epigenomics_3979_sol2sanger_325,76.48370221751806,48.26679773582485
epigenomics_3979_sol2sanger_326,76.12546564139623,34.98267871543801
epigenomics_3979_sol2sanger_327,80.56722052685325,48.537502616926204
epigenomics_3979_sol2sanger_328,93.48316236968732,25.951895609971075
epigenomics_3979_sol2sanger_329,73.48268339566299,61.42484088818817
epigenomics_3979_sol2sanger_330,74.69272933411189,47.32907869304199
epigenomics_3979_sol2sanger_331,78.36599024083552,59.44918936153356
epigenomics_3979_sol2sanger_332,79.9257371272854,38.589740411622685
epigenomics_3979_sol2sanger_333,86.1899295000134,36.51833542498038
epigenomics_3979_sol2sanger_334,88.99114003006049,47.2426052637329
epigenomics_3979_sol2sanger_335,79.32843361622322,52.16320588129437
epigenomics_3979_sol2sanger_336,73.05718607803888,46.8658786881564
epigenomics_3979_sol2sanger_337,82.71004273342297,45.54967091238266
epigenomics_3979_sol2sanger_338,85.55715728768055,34.39732029494495
epigenomics_3979_sol2sanger_339,83.57336144555195,34.46106892015787
epigenomics_3979_sol2sanger_340,84.89066754164661,48.85362401641997
epigenomics_3979_sol2sanger_341,71.56380424166,50.47200674780917
epigenomics_3979_sol2sanger_342,81.96411388310852,57.78120917668769
epigenomics_3979_sol2sanger_343,79.56149683832642,48.605860080348826
epigenomics_3979_sol2sanger_344,83.25526556337839,36.01957785057243
epigenomics_3979_sol2sanger_345,81.73688948075976,50.27312592181219
epigenomics_3979_sol2sanger_346,78.98885034088639,44.4091408565706
epigenomics_3979_sol2sanger_347,76.80884296022752,45.79451756704603
epigenomics_3979_sol2sanger_348,78.27577348944742,49.37856910421591
epigenomics_3979_sol2sanger_349,82.68430119240156,33.74189464915612
epigenomics_3979_sol2sanger_350,82.69983383331818,48.90548199390054
epigenomics_3979_sol2sanger_351,86.36301984998212,33.11564659063694
epigenomics_3979_sol2sanger_352,72.09091318313371,56.251641475971205
epigenomics_3979_sol2sanger_353,74.08459879794934,46.29277829723531
epigenomics_3979_sol2sanger_354,73.03926280110551,46.646013839226924
epigenomics_3979_sol2sanger_355,76.67407968286412,66.17516655668024
epigenomics_3979_sol2sanger_356,80.26472028944596,44.40495271603849
epigenomics_3979_sol2sanger_357,82.42036353249975,43.76453528291196
epigenomics_3979_sol2sanger_358,78.28758070844589,33.825169013588905
epigenomics_3979_sol2sanger_359,78.909435104546,37.22878962442675
epigenomics_3979_sol2sanger_360,72.99156464548328,54.43973539012966
epigenomics_3979_sol2sanger_361,87.66566188579192,49.85382350361258
epigenomics_3979_sol2sanger_362,85.63828752583404,47.68786341470803
epigenomics_3979_sol2sanger_363,76.58569778676984,40.20384849364025
epigenomics_3979_sol2sanger_364,90.19339908119137,53.61862571891968
epigenomics_3979_sol2sanger_365,68.38169356345803,28.29059273288966
epigenomics_3979_sol2sanger_366,85.1718503479957,24.931877481390025
epigenomics_3979_sol2sanger_367,70.0655624973189,50.52576710476997
epigenomics_3979_sol2sanger_368,81.4355228191304,48.55401387303666
epigenomics_3979_sol2sanger_369,80.14392791896695,58.38236812080067
epigenomics_3979_sol2sanger_370,84.37427171891869,49.7521937481322
epigenomics_3979_sol2sanger_371,77.43009957084435,43.92801270239623
epigenomics_3979_sol2sanger_372,84.47221270626216,47.445490861398746
epigenomics_3979_sol2sanger_373,71.10598927425762,40.92274115912189
epigenomics_3979_sol2sanger_374,71.99874303920447,38.47998579439705
epigenomics_3979_sol2sanger_375,77.16170294987127,38.45721165047723
epigenomics_3979_sol2sanger_376,81.05314617214327,39.29620544555283
epigenomics_3979_sol2sanger_377,75.69037143362024,58.492927309030435
epigenomics_3979_sol2sanger_378,78.07846360641487,47.863356971894994
epigenomics_3979_sol2sanger_379,81.0421303493514,45.57899944417656
epigenomics_3979_sol2sanger_380,76.37783947983021,49.55521760554099
epigenomics_3979_sol2sanger_381,72.77052575164541,45.85703166376733
epigenomics_3979_sol2sanger_382,73.84722416936886,40.93259047271145
epigenomics_3979_sol2sanger_383,76.29717590227158,54.35812505027897
epigenomics_3979_sol2sanger_384,70.80181344802867,44.03095635935994
epigenomics_3979_sol2sanger_385,67.44479889083347,34.60771179972565
epigenomics_3979_sol2sanger_386,80.24386708663401,36.491999276151674
epigenomics_3979_sol2sanger_387,86.54107180876262,40.507748640190655
epigenomics_3979_sol2sanger_388,74.38955139063191,53.35606100629411
epigenomics_3979_sol2sanger_389,78.66395061001981,45.94252285020229
epigenomics_3979_sol2sanger_390,81.22647630310982,45.872272332128304
epigenomics_3979_sol2sanger_391,86.73544141065116,49.28660054608996
epigenomics_3979_sol2sanger_392,73.63342096386111,36.72864211956173
epigenomics_3979_sol2sanger_393,89.33784172872731,41.92364876461652
epigenomics_3979_sol2sanger_394,73.63458494504361,31.752402248992546
epigenomics_3979_sol2sanger_395,76.27034754946929,56.73491411520991
epigenomics_3979_sol2sanger_396,73.39023878379496,50.838363609653264
epigenomics_3979_sol2sanger_397,82.52259121177946,52.19778208428388
epigenomics_3979_sol2sanger_398,79.82097058569359,47.95043575726711
epigenomics_3979_sol2sanger_399,75.82368192574937,41.25138569272019
epigenomics_3979_sol2sanger_400,74.57489421889213,37.2340727937538
epigenomics_3979_sol2sanger_401,86.83767692983604,42.243678780250114
epigenomics_3979_sol2sanger_402,82.25109897300621,55.13852741094152
epigenomics_3979_sol2sanger_403,84.95898668937579,35.93346183191184
epigenomics_3979_sol2sanger_404,86.1915978671381,51.208806090758735
epigenomics_3979_sol2sanger_405,82.79488689635875,48.113497140413784
epigenomics_3979_sol2sanger_406,78.9629208806307,54.286963578641235
epigenomics_3979_sol2sanger_407,84.57987359465858,39.08702267878185
epigenomics_3979_sol2sanger_408,81.89988514776559,43.988588787021904
epigenomics_3979_sol2sanger_409,84.82214068515589,50.213001121287355
epigenomics_3979_sol2sanger_410,72.48111150340564,37.22354719610928
epigenomics_3979_sol2sanger_411,72.40528990203006,46.82940144723822
epigenomics_3979_sol2sanger_412,80.59678132258816,47.227333956359494
epigenomics_3979_sol2sanger_413,72.22798851006401,53.59451491551372
epigenomics_3979_sol2sanger_414,81.58498329417019,48.9362688211479
epigenomics_3979_sol2sanger_415,81.87085059408209,43.048767735700146
epigenomics_3979_sol2sanger_416,80.40937536786822,39.99265299275014
epigenomics_3979_sol2sanger_417,88.30762827800972,43.13085297545592
epigenomics_3979_sol2sanger_418,74.5017800838233,48.28430169716552
epigenomics_3979_sol2sanger_419,82.22261366803264,50.30568174548909
epigenomics_3979_sol2sanger_420,85.5143997023143,57.33166182854512
epigenomics_3979_sol2sanger_421,75.25568159022727,44.09834066292245
epigenomics_3979_sol2sanger_422,78.53910824185854,32.656189850480814
epigenomics_3979_sol2sanger_423,82.71307070033146,38.37579371545802
epigenomics_3979_sol2sanger_424,69.43906759393039,46.871537909156366
epigenomics_3979_sol2sanger_425,79.3272035213486,49.61864201809931
epigenomics_3979_sol2sanger_426,80.09618697637701,52.222512965267455
epigenomics_3979_sol2sanger_427,79.62756944910792,44.133020753054176
epigenomics_3979_sol2sanger_428,77.35259193363493,53.462678486608546
epigenomics_3979_sol2sanger_429,82.39448068040095,50.18769042230545
epigenomics_3979_sol2sanger_430,79.01805765899803,42.557422302004014
epigenomics_3979_sol2sanger_431,77.19055451659854,41.6630712760015
epigenomics_3979_sol2sanger_432,75.37961035644663,38.73142096182681
epigenomics_3979_sol2sanger_433,83.55032685166262,36.4954319232873
epigenomics_3979_sol2sanger_434,80.28767067213663,45.42845451002644
epigenomics_3979_sol2sanger_435,83.1244313096317,42.91004638140322
epigenomics_3979_sol2sanger_436,90.19358136206435,46.26992341918437
epigenomics_3979_sol2sanger_437,81.53623715426124,54.24307698999878
epigenomics_3979_sol2sanger_438,71.86933182188575,34.55193048595086
epigenomics_3979_sol2sanger_439,82.44439877274745,27.14155247821873
epigenomics_3979_sol2sanger_440,81.9001335491712,48.50913073596554
epigenomics_3979_sol2sanger_441,75.34842697023848,49.374153711432946
epigenomics_3979_sol2sanger_442,82.22633638808567,38.936903958618956
epigenomics_3979_sol2sanger_443,75.31561085704462,28.5747749180428
epigenomics_3979_sol2sanger_444,89.21135049687918,50.391557063851266
epigenomics_3979_sol2sanger_445,78.56764293520509,26.426264683125808
epigenomics_3979_sol2sanger_446,73.0390156575611,38.84618325733997
epigenomics_3979_sol2sanger_447,80.29916614968242,50.61773348346709
epigenomics_3979_sol2sanger_448,77.25061811054096,35.25111292251313
epigenomics_3979_sol2sanger_449,73.39369785673108,51.882881192130064
epigenomics_3979_sol2sanger_450,80.84558767781141,36.62124026753815
epigenomics_3979_sol2sanger_451,87.31576357735695,32.975828476052214
epigenomics_3979_sol2sanger_452,71.30291118195844,39.41537823226327
epigenomics_3979_sol2sanger_453,74.49261779928261,48.38625454121535
epigenomics_3979_sol2sanger_454,75.28093701452516,34.838309248496884
epigenomics_3979_sol2sanger_455,80.33704445968522,33.359396852972004
epigenomics_3979_sol2sanger_456,82.03243959884483,51.95972696713074
epigenomics_3979_sol2sanger_457,72.00138354430659,55.119565844591705
epigenomics_3979_sol2sanger_458,80.00022143379532,39.6662535407092
epigenomics_3979_sol2sanger_459,73.51020742899372,37.525185547312056
epigenomics_3979_sol2sanger_460,82.36059048570786,63.181154027082115
epigenomics_3979_sol2sanger_461,79.54718146513092,49.24093974601027
epigenomics_3979_sol2sanger_462,84.73659588864076,48.00243844912116
epigenomics_3979_sol2sanger_463,82.7637991058188,40.38717735793985
epigenomics_3979_sol2sanger_464,81.99525890425178,39.60978605949794
epigenomics_3979_sol2sanger_465,82.62107304281912,39.069921011867066
epigenomics_3979_sol2sanger_466,85.59636796956737,52.320453543529226
epigenomics_3979_sol2sanger_467,78.60671869491433,35.014164503594415
epigenomics_3979_sol2sanger_468,84.87644459932591,42.46839560533551
epigenomics_3979_sol2sanger_469,77.50210556146281,48.73521235415396
epigenomics_3979_sol2sanger_470,69.32708135052829,42.92609978452266
epigenomics_3979_sol2sanger_471,82.26432530050637,42.141785406841144
epigenomics_3979_sol2sanger_472,76.18474267790609,47.053788412346044
epigenomics_3979_sol2sanger_473,86.5299929735909,62.95504692097437
epigenomics_3979_sol2sanger_474,78.55389899140786,37.59235170638827
epigenomics_3979_sol2sanger_475,86.56207194474297,56.372163657578525
epigenomics_3979_sol2sanger_476,79.75237857275698,35.04669820617045
epigenomics_3979_sol2sanger_477,81.4969037927279,37.42111645612583
epigenomics_3979_sol2sanger_478,77.0065350288041,44.52019199212501
epigenomics_3979_sol2sanger_479,78.9478743143671,37.34861323762829
epigenomics_3979_sol2sanger_480,75.02181270208526,51.66702093360908
epigenomics_3979_sol2sanger_481,80.72636819993727,44.078823615118004
epigenomics_3979_sol2sanger_482,75.69837553487112,48.56477733149015
epigenomics_3979_sol2sanger_483,78.91901719987843,56.43618949270301
epigenomics_3979_sol2sanger_484,75.62477584114336,45.49254786351191
epigenomics_3979_sol2sanger_485,76.87715651540645,49.37144743745942
epigenomics_3979_sol2sanger_486,85.2642264944115,39.73129733826856
epigenomics_3979_sol2sanger_487,74.71846954604928,41.463470637063764
epigenomics_3979_sol2sanger_488,82.09584895985911,43.72140545492566
epigenomics_3979_sol2sanger_489,83.09408065367737,24.341713911038656
epigenomics_3979_sol2sanger_490,80.48939269373344,38.21696106707736
epigenomics_3979_sol2sanger_491,68.01274404202415,32.78271751218767
epigenomics_3979_sol2sanger_492,77.2657651084866,40.43072017761389
epigenomics_3979_sol2sanger_493,82.26219684671484,48.56366423227374
epigenomics_3979_sol2sanger_494,69.30561411835083,39.806806726066895
epigenomics_3979_sol2sanger_495,72.86475462968146,48.740826048962674
epigenomics_3979_sol2sanger_496,80.31207280527684,48.13385936105392
epigenomics_3979_sol2sanger_497,78.44868084586065,62.88708646741668
epigenomics_3979_sol2sanger_498,75.71643699366729,42.39719331174037
epigenomics_3979_sol2sanger_499,78.0981099053017,40.86257818531706
epigenomics_3979_fast2bfq_0,45.44943643660771,73.30473549914133
epigenomics_3979_fast2bfq_1,39.18328845838411,89.88292171271975
epigenomics_3979_fast2bfq_2,49.98091963964148,90.95336681781258
epigenomics_3979_fast2bfq_3,42.355439338911125,86.69804952534079
epigenomics_3979_fast2bfq_4,49.20516436193425,92.04812122102867
epigenomics_3979_fast2bfq_5,42.44625302981392,73.36480652109198
epigenomics_3979_fast2bfq_6,53.674189636379225,92.13133136578095
epigenomics_3979_fast2bfq_7,33.72712960747191,77.3586563502309
epigenomics_3979_fast2bfq_8,40.0437430065638,72.64976205886465
epigenomics_3979_fast2bfq_9,48.92462576004601,81.10184766823272
epigenomics_3979_fast2bfq_10,44.09288052275071,87.98294357131505
epigenomics_3979_fast2bfq_11,44.555555570343046,87.30401185869952
epigenomics_3979_fast2bfq_12,54.2269932975379,80.49699193249081
epigenomics_3979_fast2bfq_13,41.03674385194671,82.5551837787118
epigenomics_3979_fast2bfq_14,26.509424432496207,82.98198382702606
epigenomics_3979_fast2bfq_15,45.221897551962584,96.22169045387562
epigenomics_3979_fast2bfq_16,52.72399870482111,80.61222086271684
epigenomics_3979_fast2bfq_17,34.55587058272806,77.15830260825739
epigenomics_3979_fast2bfq_18,40.05411013211649,79.30266130664245
epigenomics_3979_fast2bfq_19,42.414841232770705,73.07326749441914
epigenomics_3979_fast2bfq_20,45.75542094805557,77.46789958784099
epigenomics_3979_fast2bfq_21,52.06150359079794,88.00427640017939
epigenomics_3979_fast2bfq_22,35.88116739898729,83.57890540289051
epigenomics_3979_fast2bfq_23,39.954488948735346,75.80897988637246
epigenomics_3979_fast2bfq_24,43.36588604384395,75.8946245797739
epigenomics_3979_fast2bfq_25,54.24998749077801,79.84638230961717
epigenomics_3979_fast2bfq_26,42.7063832998209,80.65480205068603
epigenomics_3979_fast2bfq_27,47.289106564822504,85.34550398903758
epigenomics_3979_fast2bfq_28,48.736477641938315,82.34201924404191
epigenomics_3979_fast2bfq_29,46.9876243466475,81.35329623758201
epigenomics_3979_fast2bfq_30,56.547818712289384,90.29547740662288
epigenomics_3979_fast2bfq_31,42.35038373044185,78.87733603686875
epigenomics_3979_fast2bfq_32,49.56055800781056,84.20214665918493
epigenomics_3979_fast2bfq_33,53.61441700705385,87.62341737573482
epigenomics_3979_fast2bfq_34,51.55437374076081,76.0533861613361
epigenomics_3979_fast2bfq_35,32.94261375724265,76.06821706351293
epigenomics_3979_fast2bfq_36,61.30788755657374,82.25561160566265
epigenomics_3979_fast2bfq_37,45.15235357587648,70.23005129332374
epigenomics_3979_fast2bfq_38,47.23525549723182,94.70910629807265
epigenomics_3979_fast2bfq_39,38.63338401452856,89.00689399166129
epigenomics_3979_fast2bfq_40,37.35118574592474,83.76491077637026
epigenomics_3979_fast2bfq_41,49.91697634020173,73.24480908866768
epigenomics_3979_fast2bfq_42,52.72057290467531,75.72422727928429
epigenomics_3979_fast2bfq_43,47.690671785000674,76.45240700514773
epigenomics_3979_fast2bfq_44,39.2506098227104,76.64571859151593
epigenomics_3979_fast2bfq_45,49.276648226943664,77.87212754779573
epigenomics_3979_fast2bfq_46,41.07670485243809,77.20518052994035
epigenomics_3979_fast2bfq_47,37.778278315271564,89.26134988599398
epigenomics_3979_fast2bfq_48,34.590658133636936,89.34672707306115
epigenomics_3979_fast2bfq_49,44.6996584902778,91.47774245175695
epigenomics_3979_fast2bfq_50,33.17841050637793,69.58898133549367
epigenomics_3979_fast2bfq_51,45.506257711662684,81.64204351336117
epigenomics_3979_fast2bfq_52,37.783624779249116,80.1242964430214
epigenomics_3979_fast2bfq_53,56.00217672415085,87.23370493852259
epigenomics_3979_fast2bfq_54,48.878843087087226,73.79997829462232
epigenomics_3979_fast2bfq_55,34.776496124714,95.39302696090172
epigenomics_3979_fast2bfq_56,39.997662980541,90.79127455202828
epigenomics_3979_fast2bfq_57,48.87059209865144,83.73857565942512
epigenomics_3979_fast2bfq_58,37.16819926649446,91.73213706036834
epigenomics_3979_fast2bfq_59,55.94742297459504,79.99210447546639
epigenomics_3979_fast2bfq_60,46.65307746833297,89.59295156759471
epigenomics_3979_fast2bfq_61,43.79640902754154,80.82998098907971
epigenomics_3979_fast2bfq_62,45.538939559548005,87.64565493259857
epigenomics_3979_fast2bfq_63,38.24703401049187,84.73680786506775
epigenomics_3979_fast2bfq_64,51.938757625717244,81.61481746295192
epigenomics_3979_fast2bfq_65,50.490526099045766,81.89567737004221
epigenomics_3979_fast2bfq_66,52.231529016429626,69.20067845754362
epigenomics_3979_fast2bfq_67,36.03350221450418,84.85927397551225
epigenomics_3979_fast2bfq_68,33.842614551018954,88.124178068908
epigenomics_3979_fast2bfq_69,38.189821200828895,73.07019660384013
epigenomics_3979_fast2bfq_70,45.187817959328854,90.69249315285691
epigenomics_3979_fast2bfq_71,52.22938334495207,90.53956970443225
epigenomics_3979_fast2bfq_72,47.74315145692647,82.34905903410105
epigenomics_3979_fast2bfq_73,38.71938812256052,83.18704961908071
epigenomics_3979_fast2bfq_74,38.85447635179967,74.12782221475481
epigenomics_3979_fast2bfq_75,49.79114847154255,84.49591936702015
epigenomics_3979_fast2bfq_76,45.599908395623814,73.23384964364055
epigenomics_3979_fast2bfq_77,44.82470232827487,82.27548938348671
epigenomics_3979_fast2bfq_78,46.84388136954306,93.24605303446025
epigenomics_3979_fast2bfq_79,52.93111726949084,96.42768724825864
epigenomics_3979_fast2bfq_80,37.980060589729135,72.2626255685536
epigenomics_3979_fast2bfq_81,54.42753196979375,92.43343108511904
epigenomics_3979_fast2bfq_82,47.906284693179394,87.03714387417564
epigenomics_3979_fast2bfq_83,49.782572923677414,83.62296887142628
epigenomics_3979_fast2bfq_84,40.37087642279944,68.1509913430807
epigenomics_3979_fast2bfq_85,26.915205471978073,87.26437276905341
epigenomics_3979_fast2bfq_86,49.090814811963014,78.5452680520083
epigenomics_3979_fast2bfq_87,43.61723936595119,87.84630254381737
epigenomics_3979_fast2bfq_88,48.67825308413859,86.1837228786474
epigenomics_3979_fast2bfq_89,34.233922612074004,87.00317521917603
epigenomics_3979_fast2bfq_90,46.97313737180258,81.45086904786201
epigenomics_3979_fast2bfq_91,37.15308883177618,79.8271317359188
epigenomics_3979_fast2bfq_92,36.93470278064393,83.85710926871025
epigenomics_3979_fast2bfq_93,41.38297363152597,80.58692747891297
epigenomics_3979_fast2bfq_94,41.64359751493941,71.5227013099149
epigenomics_3979_fast2bfq_95,44.32010124716489,74.52324117865746
epigenomics_3979_fast2bfq_96,31.611499833472124,91.79637634148706
epigenomics_3979_fast2bfq_97,50.359721711361956,68.86243231430618
epigenomics_3979_fast2bfq_98,50.90915795859869,78.87907405698365
epigenomics_3979_fast2bfq_99,46.98038333903976,73.12843477270809
epigenomics_3979_fast2bfq_100,47.45069914232839,93.95576179114815
epigenomics_3979_fast2bfq_101,41.17257277328082,91.06820346174997
epigenomics_3979_fast2bfq_102,35.42150550460167,81.49224504539433
epigenomics_3979_fast2bfq_103,35.50442474200739,61.788461449221614
epigenomics_3979_fast2bfq_104,48.64331594001775,82.49664527912589
epigenomics_3979_fast2bfq_105,44.423743326777426,99.65106768709151
epigenomics_3979_fast2bfq_106,54.40289443614644,83.28515375273743
epigenomics_3979_fast2bfq_107,34.754176582673054,79.43089560041547
epigenomics_3979_fast2bfq_108,58.974848107299124,72.81114837178974
epigenomics_3979_fast2bfq_109,37.89878001443701,84.65207162575513
epigenomics_3979_fast2bfq_110,29.448829497822,73.87274079487638
epigenomics_3979_fast2bfq_111,50.14500648697667,69.62826883423774
epigenomics_3979_fast2bfq_112,44.58684239792197,78.09063867525626
epigenomics_3979_fast2bfq_113,33.94242904977676,98.31520134914268
epigenomics_3979_fast2bfq_114,50.28743275812327,74.19971840325303
epigenomics_3979_fast2bfq_115,48.638116285477835,76.30501479642946
epigenomics_3979_fast2bfq_116,48.25000249077925,80.16765098322972
epigenomics_3979_fast2bfq_117,43.62945655083989,81.25060723058782
epigenomics_3979_fast2bfq_118,42.8588035678781,70.06669603464783
epigenomics_3979_fast2bfq_119,39.72786161797282,83.52337599426288
epigenomics_3979_fast2bfq_120,56.17379450042115,84.78332543288997
epigenomics_3979_fast2bfq_121,36.54437885164933,72.74708169087548
epigenomics_3979_fast2bfq_122,33.4317831189084,90.34114844209834
epigenomics_3979_fast2bfq_123,33.867754133886024,67.3333725056234
epigenomics_3979_fast2bfq_124,43.53429751717406,79.38707968871238
epigenomics_3979_fast2bfq_125,50.906124012920316,72.92364505439787
epigenomics_3979_fast2bfq_126,32.07667603663853,64.92045135015233
epigenomics_3979_fast2bfq_127,45.385711355446304,68.59815368441875
epigenomics_3979_fast2bfq_128,49.27477480912823,80.95712177766251
epigenomics_3979_fast2bfq_129,37.09691957809766,77.64437571958308
epigenomics_3979_fast2bfq_130,42.8745687576223,82.21292290490238
epigenomics_3979_fast2bfq_131,44.09740708654276,85.36836860145283
epigenomics_3979_fast2bfq_132,47.65495084492004,83.43655317721229
epigenomics_3979_fast2bfq_133,42.35070791657204,83.37737869815662
epigenomics_3979_fast2bfq_134,42.39205738089326,88.46222412068745
epigenomics_3979_fast2bfq_135,47.37671952909421,84.80670196460437
epigenomics_3979_fast2bfq_136,36.44190385264304,70.80993139684172
epigenomics_3979_fast2bfq_137,45.17854964060891,79.90204107054869
epigenomics_3979_fast2bfq_138,56.510890325006045,75.97382280152345
epigenomics_3979_fast2bfq_139,51.23883576425536,73.1254083365777
epigenomics_3979_fast2bfq_140,56.71186911045951,65.96419160461778
epigenomics_3979_fast2bfq_141,52.863746926063314,73.72955175597318
epigenomics_3979_fast2bfq_142,46.6633183057074,85.74652916546064
epigenomics_3979_fast2bfq_143,50.619840008314014,97.25823120774339
epigenomics_3979_fast2bfq_144,45.37236539297405,70.50446156806782
epigenomics_3979_fast2bfq_145,53.63033732589071,65.88783866443904
epigenomics_3979_fast2bfq_146,34.80279486353193,83.60000004490406
epigenomics_3979_fast2bfq_147,40.566399906792086,88.68757039092557
epigenomics_3979_fast2bfq_148,46.16495473461425,87.3329338960545
epigenomics_3979_fast2bfq_149,50.55084171250128,85.54640612459967
epigenomics_3979_fast2bfq_150,49.49287895669802,86.22712992748745
epigenomics_3979_fast2bfq_151,43.564497420726894,94.26342746299449
epigenomics_3979_fast2bfq_152,47.078503325473946,90.228814853418
epigenomics_3979_fast2bfq_153,33.449741518396806,71.26751955153746
epigenomics_3979_fast2bfq_154,48.13750580890357,83.48474819641096
epigenomics_3979_fast2bfq_155,62.73086103328593,77.75955065447415
epigenomics_3979_fast2bfq_156,33.69929004951797,76.85467732861646
epigenomics_3979_fast2bfq_157,53.724611124951686,81.2651572119511
epigenomics_3979_fast2bfq_158,38.99421460386142,77.24582550225396
epigenomics_3979_fast2bfq_159,43.88061677199438,78.88079299284394
epigenomics_3979_fast2bfq_160,40.55528082274747,74.96405810987805
epigenomics_3979_fast2bfq_161,49.83954680257868,83.37717163202318
epigenomics_3979_fast2bfq_162,38.875532396388046,74.7061148814827
epigenomics_3979_fast2bfq_163,45.67565871671781,78.46630604087014
epigenomics_3979_fast2bfq_164,44.66923855612532,78.27557408526116
epigenomics_3979_fast2bfq_165,43.09612003737927,74.12368652640285
epigenomics_3979_fast2bfq_166,39.08542645551263,79.54361790908683
epigenomics_3979_fast2bfq_167,47.68598097248801,74.24721275498223
epigenomics_3979_fast2bfq_168,42.45120981756864,79.36868017283389
epigenomics_3979_fast2bfq_169,42.046411240267034,76.67263868147269
epigenomics_3979_fast2bfq_170,32.30990734890307,90.27874623282007
epigenomics_3979_fast2bfq_171,38.547719655851495,93.09276198447493
epigenomics_3979_fast2bfq_172,46.56758340924637,80.92103318749771
epigenomics_3979_fast2bfq_173,29.145057680798743,82.10026620414136
epigenomics_3979_fast2bfq_174,48.98752425329097,82.92187351921174
epigenomics_3979_fast2bfq_175,47.614228035091344,70.96136278564093
epigenomics_3979_fast2bfq_176,46.26667109209939,79.10442715256484
epigenomics_3979_fast2bfq_177,45.248353757407,82.072206599771
epigenomics_3979_fast2bfq_178,55.929646001604226,72.90104306276714
epigenomics_3979_fast2bfq_179,51.88908428601,82.69193066270762
epigenomics_3979_fast2bfq_180,59.62443667342292,79.86948587617806
epigenomics_3979_fast2bfq_181,40.64483822731052,82.33469881573201
epigenomics_3979_fast2bfq_182,45.386264703870246,90.78983125910877
epigenomics_3979_fast2bfq_183,46.65558048130609,100.76462091866065
epigenomics_3979_fast2bfq_184,48.06137048724308,83.89041992918176
epigenomics_3979_fast2bfq_185,56.88908041530859,79.35489111948823
epigenomics_3979_fast2bfq_186,38.21775945543139,77.00168863391482
epigenomics_3979_fast2bfq_187,36.247834135350274,84.58744658544123
epigenomics_3979_fast2bfq_188,46.070558161669865,77.63479421893382
epigenomics_3979_fast2bfq_189,48.871209026506,89.03556943663423
epigenomics_3979_fast2bfq_190,41.443273246253895,74.58076254461201
epigenomics_3979_fast2bfq_191,41.848584292052735,69.99483202996174
epigenomics_3979_fast2bfq_192,37.736120684535344,93.85854416050773
epigenomics_3979_fast2bfq_193,48.01294189076006,76.84704262858395
epigenomics_3979_fast2bfq_194,45.29793336627944,83.61625679375089
epigenomics_3979_fast2bfq_195,45.90111794607488,83.56251049034138
epigenomics_3979_fast2bfq_196,41.42565587457585,76.22185318070187
epigenomics_3979_fast2bfq_197,50.20363844400061,86.48778785659627
epigenomics_3979_fast2bfq_198,43.093487569823274,77.23341216518256
epigenomics_3979_fast2bfq_199,49.98729063270538,86.53216082055526
epigenomics_3979_fast2bfq_200,45.23993822883245,96.28589011422756
epigenomics_3979_fast2bfq_201,48.27080745512776,83.79927101046957
epigenomics_3979_fast2bfq_202,38.887721530701796,79.65846232985805
epigenomics_3979_fast2bfq_203,36.219701136989336,69.1538731446745
epigenomics_3979_fast2bfq_204,48.49349023469033,79.06087999598554
epigenomics_3979_fast2bfq_205,32.86459025969161,92.61150140751715
epigenomics_3979_fast2bfq_206,43.89616442319808,74.2566508646504
epigenomics_3979_fast2bfq_207,48.83198652602626,75.78882814160394
epigenomics_3979_fast2bfq_208,40.404094397070324,86.86618017634224
epigenomics_3979_fast2bfq_209,41.80447862645869,76.78283068778362
epigenomics_3979_fast2bfq_210,43.651941679529415,88.7561131208455
epigenomics_3979_fast2bfq_211,54.0042584843942,88.91212791117965
epigenomics_3979_fast2bfq_212,44.96132158897874,81.23343934404235
epigenomics_3979_fast2bfq_213,44.049977147488804,89.36516442113933
epigenomics_3979_fast2bfq_214,51.65612556978167,80.25340691297467
epigenomics_3979_fast2bfq_215,44.65148051618173,73.27512901340555
epigenomics_3979_fast2bfq_216,40.9686898157035,80.67822716326594
epigenomics_3979_fast2bfq_217,45.61498470754774,81.94936889626706
epigenomics_3979_fast2bfq_218,44.31922403750701,76.73670002170887
epigenomics_3979_fast2bfq_219,47.94540467833863,86.8267900140181
epigenomics_3979_fast2bfq_220,51.551430134400064,91.14022811488272
epigenomics_3979_fast2bfq_221,42.031585453769274,94.58970661253836
epigenomics_3979_fast2bfq_222,37.25123605722198,85.09648929672264
epigenomics_3979_fast2bfq_223,48.945885109042116,79.42344417211429
epigenomics_3979_fast2bfq_224,41.05526255526851,76.89167602940432
epigenomics_3979_fast2bfq_225,54.53068246937662,74.01281099137807
epigenomics_3979_fast2bfq_226,45.528763126915365,78.56125222537091
epigenomics_3979_fast2bfq_227,38.33568618927062,89.59479208018556
epigenomics_3979_fast2bfq_228,49.830781666524665,73.8377965624271
epigenomics_3979_fast2bfq_229,45.1981463286055,89.13692044339466
epigenomics_3979_fast2bfq_230,47.24138805235593,78.57526211633308
epigenomics_3979_fast2bfq_231,38.538632512309675,75.37956839747847
epigenomics_3979_fast2bfq_232,52.19567503063468,86.07004051438483
epigenomics_3979_fast2bfq_233,45.2702353778183,69.27004511616451
epigenomics_3979_fast2bfq_234,48.1159117868686,72.91746846014536
epigenomics_3979_fast2bfq_235,50.8787843668033,84.29409383381382
epigenomics_3979_fast2bfq_236,44.41812920273515,74.00539444727575
epigenomics_3979_fast2bfq_237,54.65736075795256,84.36869180576463
epigenomics_3979_fast2bfq_238,35.865310333775724,87.66542334457556
epigenomics_3979_fast2bfq_239,37.99721359877202,72.78856169167291
epigenomics_3979_fast2bfq_240,34.21798568119947,73.0021578804306
epigenomics_3979_fast2bfq_241,48.89345931887253,80.03772552572464
epigenomics_3979_fast2bfq_242,53.255759891178,73.4627849881868
epigenomics_3979_fast2bfq_243,33.4648528903764,76.0450372192813
epigenomics_3979_fast2bfq_244,48.35070589357448,80.69222739918078
epigenomics_3979_fast2bfq_245,38.942581135312466,90.93067938610024
epigenomics_3979_fast2bfq_246,32.54391525238721,82.84205881188842
epigenomics_3979_fast2bfq_247,47.97046050237087,76.59380762808455
epigenomics_3979_fast2bfq_248,35.6321772610449,78.55356372572963
epigenomics_3979_fast2bfq_249,51.59742243511847,85.37331904379383
epigenomics_3979_fast2bfq_250,45.63862999609708,66.35209244260722
epigenomics_3979_fast2bfq_251,49.03019366540624,81.12636136655169
epigenomics_3979_fast2bfq_252,55.440866478686324,71.82268377321137
epigenomics_3979_fast2bfq_253,50.52780172509576,73.52222586633803
epigenomics_3979_fast2bfq_254,54.61252011374617,81.18435455041195
epigenomics_3979_fast2bfq_255,54.95274391695241,77.91211811399036
epigenomics_3979_fast2bfq_256,40.478097097408174,82.99800577722475
epigenomics_3979_fast2bfq_257,47.35565319738645,74.97304876263202
epigenomics_3979_fast2bfq_258,45.46173758889086,67.70206878146493
epigenomics_3979_fast2bfq_259,42.37348333400113,89.67978356050916
epigenomics_3979_fast2bfq_260,51.05338862932873,66.1027621920586
epigenomics_3979_fast2bfq_261,40.28589933998687,80.11548205099643
epigenomics_3979_fast2bfq_262,38.164603103749585,82.1569181480756
epigenomics_3979_fast2bfq_263,41.380695848155334,91.6287887644921
epigenomics_3979_fast2bfq_264,50.20163133839445,79.33420133807961
epigenomics_3979_fast2bfq_265,48.33075207151298,84.59539665989399
epigenomics_3979_fast2bfq_266,36.06238618373539,77.1887847156745
epigenomics_3979_fast2bfq_267,48.24527412606014,78.85631082737477
epigenomics_3979_fast2bfq_268,47.60289861235968,80.5585060188392
epigenomics_3979_fast2bfq_269,40.47815156671247,82.90759043400706
epigenomics_3979_fast2bfq_270,49.51240610003835,76.3906205695795
epigenomics_3979_fast2bfq_271,43.72004374095985,82.44174047846651
epigenomics_3979_fast2bfq_272,45.9000852541687,89.03729734975964
epigenomics_3979_fast2bfq_273,28.908410480132606,86.6255550031102
epigenomics_3979_fast2bfq_274,45.29224732195643,67.685218899685
epigenomics_3979_fast2bfq_275,58.856483194752585,76.99895609120894
epigenomics_3979_fast2bfq_276,44.564086202866335,79.05449239976046
epigenomics_3979_fast2bfq_277,44.60893841616971,73.50617588727123
epigenomics_3979_fast2bfq_278,47.264705901904655,73.56941429892436
epigenomics_3979_fast2bfq_279,55.02586200143167,83.38958805887052
epigenomics_3979_fast2bfq_280,35.763778579780805,76.31191432945701
epigenomics_3979_fast2bfq_281,51.284599546357136,77.6879753935582
epigenomics_3979_fast2bfq_282,40.56541015827749,75.49666242946701
epigenomics_3979_fast2bfq_283,48.29614700417437,83.70561310906042
epigenomics_3979_fast2bfq_284,42.709761587274365,80.2584831683055
epigenomics_3979_fast2bfq_285,63.25899039194351,77.2828241180151
epigenomics_3979_fast2bfq_286,47.137847557190874,86.18019123487574
epigenomics_3979_fast2bfq_287,37.33791240890596,70.12197916880702
epigenomics_3979_fast2bfq_288,34.61802349249864,88.78167422770115
epigenomics_3979_fast2bfq_289,42.65170530265876,65.06878844505843
epigenomics_3979_fast2bfq_290,39.45689409728605,76.50452996703488
epigenomics_3979_fast2bfq_291,45.64864279569787,75.94056741916137
epigenomics_3979_fast2bfq_292,51.70402770435867,88.54424638554815
epigenomics_3979_fast2bfq_293,44.707054925346625,72.57396005982245
epigenomics_3979_fast2bfq_294,34.22325664564909,79.90653895136404
epigenomics_3979_fast2bfq_295,47.689231061156036,84.95855905401939
epigenomics_3979_fast2bfq_296,42.497955065245776,95.9972717495462
epigenomics_3979_fast2bfq_297,40.84972695876953,77.05504068583409
epigenomics_3979_fast2bfq_298,44.42498349672565,84.90059901627039
epigenomics_3979_fast2bfq_299,46.07999228801078,84.03260895559615
epigenomics_3979_fast2bfq_300,51.501957069549775,79.72294294302115
epigenomics_3979_fast2bfq_301,35.45922978684397,87.76727230842744
epigenomics_3979_fast2bfq_302,46.97736901809139,75.63696754540989
epigenomics_3979_fast2bfq_303,34.49638624404706,71.22162212844347
epigenomics_3979_fast2bfq_304,52.15292347395974,79.52840799634264
epigenomics_3979_fast2bfq_305,52.156643339111085,77.77269869674464
epigenomics_3979_fast2bfq_306,43.205204274653084,80.9550271240987
epigenomics_3979_fast2bfq_307,42.112628695938824,79.22803608097429
epigenomics_3979_fast2bfq_308,51.730686498205145,79.33167360977193
epigenomics_3979_fast2bfq_309,55.31828376302752,74.10877011112044
epigenomics_3979_fast2bfq_310,49.70796971307158,83.53296465473393
epigenomics_3979_fast2bfq_311,37.49351117024753,82.03729046411685
epigenomics_3979_fast2bfq_312,46.178579150266195,79.76871818625602
epigenomics_3979_fast2bfq_313,44.108764607536,81.49493458093879
epigenomics_3979_fast2bfq_314,44.35466386341133,82.81452564689477
epigenomics_3979_fast2bfq_315,40.76289858542323,69.69827348531541
epigenomics_3979_fast2bfq_316,36.84741405332308,83.22519397049521
epigenomics_3979_fast2bfq_317,43.106677441144114,67.95562721966601
epigenomics_3979_fast2bfq_318,35.46552146959187,82.66998239354506
epigenomics_3979_fast2bfq_319,42.395807744063774,80.04612588557917
epigenomics_3979_fast2bfq_320,46.17743358600042,81.71714147561087
epigenomics_3979_fast2bfq_321,40.63046018600614,81.44320284498292
epigenomics_3979_fast2bfq_322,51.60848958049019,74.7349913100137
epigenomics_3979_fast2bfq_323,39.581641461391555,86.1598240343594
epigenomics_3979_fast2bfq_324,48.96952988380888,82.67353105180386
epigenomics_3979_fast2bfq_325,37.104065576840625,82.90809682706728
epigenomics_3979_fast2bfq_326,52.21131791781443,80.06726150838476
epigenomics_3979_fast2bfq_327,44.916777860412466,89.7447229572534
epigenomics_3979_fast2bfq_328,46.53382893565168,77.12443855738795
epigenomics_3979_fast2bfq_329,33.09967277333706,95.6039918935245
epigenomics_3979_fast2bfq_330,50.9133757347499,97.0648264343068
epigenomics_3979_fast2bfq_331,46.56872552556789,86.72523170482823
epigenomics_3979_fast2bfq_332,34.765244820295656,83.46117636077304
epigenomics_3979_fast2bfq_333,52.25141431988516,86.2191375768579
epigenomics_3979_fast2bfq_334,44.08223679600952,66.28050053201318
epigenomics_3979_fast2bfq_335,37.137651048730035,74.89493688647715
epigenomics_3979_fast2bfq_336,53.42931630405187,83.40563006073808
epigenomics_3979_fast2bfq_337,44.47046910912832,76.81231374795094
epigenomics_3979_fast2bfq_338,40.76249355566686,89.83978311503452
epigenomics_3979_fast2bfq_339,52.08932874744691,80.61542009074023
epigenomics_3979_fast2bfq_340,42.667106583133275,78.92790730547934
epigenomics_3979_fast2bfq_341,49.31660734062151,87.8339985749414
epigenomics_3979_fast2bfq_342,49.65125822204195,83.61432961683828
epigenomics_3979_fast2bfq_343,42.46750132376402,87.14416008151909
epigenomics_3979_fast2bfq_344,58.941340325593515,90.45528337301752
epigenomics_3979_fast2bfq_345,49.15671532667258,83.53542261493872
epigenomics_3979_fast2bfq_346,47.36015553975852,77.77838603844725
epigenomics_3979_fast2bfq_347,43.58089336398221,83.42131273761828
epigenomics_3979_fast2bfq_348,32.566436076606806,84.84731113417551
epigenomics_3979_fast2bfq_349,46.311333556964065,80.60896373128018
epigenomics_3979_fast2bfq_350,36.9468763124582,74.2493642628332
epigenomics_3979_fast2bfq_351,39.90332705477723,83.06162721661593
epigenomics_3979_fast2bfq_352,45.04269158791193,71.22875285164135
epigenomics_3979_fast2bfq_353,45.993789090015234,86.91897246162591
epigenomics_3979_fast2bfq_354,54.66875508471386,73.40817696290694
epigenomics_3979_fast2bfq_355,34.10106505962344,87.91326131600225
epigenomics_3979_fast2bfq_356,39.40434834290732,82.0540074652583
epigenomics_3979_fast2bfq_357,37.13848883263229,68.2453172252739
epigenomics_3979_fast2bfq_358,41.24115440433896,93.12637476220405
epigenomics_3979_fast2bfq_359,45.960355944808725,70.80556040393184
epigenomics_3979_fast2bfq_360,44.98692520784952,69.31514526019537
epigenomics_3979_fast2bfq_361,35.53315777595388,80.07033115257722
epigenomics_3979_fast2bfq_362,33.001581882623604,74.7746429658239
epigenomics_3979_fast2bfq_363,53.2890862451894,83.20830861275546
epigenomics_3979_fast2bfq_364,43.24576487577944,77.42154508177806
epigenomics_3979_fast2bfq_365,41.63142348802952,83.40305384891444
epigenomics_3979_fast2bfq_366,50.14232452996001,73.42740984665083
epigenomics_3979_fast2bfq_367,28.972841925183886,81.94841552668478
epigenomics_3979_fast2bfq_368,36.97926693220565,65.21710564543349
epigenomics_3979_fast2bfq_369,27.171908294261105,79.05228326667354
epigenomics_3979_fast2bfq_370,39.19359624807563,81.16767186877857
epigenomics_3979_fast2bfq_371,41.905136700007056,82.16800968808136
epigenomics_3979_fast2bfq_372,50.09469750858648,73.90181095623964
epigenomics_3979_fast2bfq_373,40.44945212276456,71.25135847174597
epigenomics_3979_fast2bfq_374,37.855325675953246,82.97257081064978
epigenomics_3979_fast2bfq_375,34.15785671671266,89.72826047806703
epigenomics_3979_fast2bfq_376,49.7226037307593,85.88760250475556
epigenomics_3979_fast2bfq_377,29.54021984757648,83.85681350629832
epigenomics_3979_fast2bfq_378,51.33768128238296,73.23004908006787
epigenomics_3979_fast2bfq_379,39.5130580525845,78.25143416090488
epigenomics_3979_fast2bfq_380,38.647279043288016,78.33767227967778
epigenomics_3979_fast2bfq_381,48.93501040550649,83.00182329622494
epigenomics_3979_fast2bfq_382,49.209564670757764,82.13685560039696
epigenomics_3979_fast2bfq_383,33.27651067405306,73.28686607462237
epigenomics_3979_fast2bfq_384,53.52928397635388,77.4092380099875
epigenomics_3979_fast2bfq_385,42.00624311239749,89.47334198889354
epigenomics_3979_fast2bfq_386,42.84795511672672,88.01579815497635
epigenomics_3979_fast2bfq_387,49.03076810824746,91.07766877748266
epigenomics_3979_fast2bfq_388,34.223374745992544,76.86218695693128
epigenomics_3979_fast2bfq_389,31.632087904157466,81.50844843634815
epigenomics_3979_fast2bfq_390,57.43609402359173,72.39768729619519
epigenomics_3979_fast2bfq_391,56.11591980157684,85.86715782003117
epigenomics_3979_fast2bfq_392,33.23914907080503,66.22448083929292
epigenomics_3979_fast2bfq_393,39.00166692303405,84.19660649820241
epigenomics_3979_fast2bfq_394,40.39000583999072,73.28277878422139
epigenomics_3979_fast2bfq_395,36.23288070186261,65.23743742867005
epigenomics_3979_fast2bfq_396,46.115525491630855,81.36844139477898
epigenomics_3979_fast2bfq_397,54.615057566247785,70.85439202769996
epigenomics_3979_fast2bfq_398,40.95078729763184,72.55324674448362
epigenomics_3979_fast2bfq_399,52.139820963613495,83.87588323393467
epigenomics_3979_fast2bfq_400,40.89849916527019,73.08095763907141
epigenomics_3979_fast2bfq_401,28.05533716879037,85.8168727064618
epigenomics_3979_fast2bfq_402,39.601794947656096,77.45630668041402
epigenomics_3979_fast2bfq_403,31.372029459550518,86.86531203018274
epigenomics_3979_fast2bfq_404,41.04195721234989,94.99590413270379
epigenomics_3979_fast2bfq_405,48.982620983779356,91.29948816252426
epigenomics_3979_fast2bfq_406,38.10124990749873,91.56012568434
epigenomics_3979_fast2bfq_407,32.56269319667371,74.06850416557627
epigenomics_3979_fast2bfq_408,41.5672359916637,76.01206259162882
epigenomics_3979_fast2bfq_409,42.52254787638448,88.93285159286103
epigenomics_3979_fast2bfq_410,36.66873963558493,66.18455097360761
epigenomics_3979_fast2bfq_411,38.62951038692792,79.97033548836332
epigenomics_3979_fast2bfq_412,39.84883487713104,79.86817597849651
epigenomics_3979_fast2bfq_413,46.73577070802086,76.81805967131234
epigenomics_3979_fast2bfq_414,41.774309938446756,79.73822047370966
epigenomics_3979_fast2bfq_415,40.7490428296622,77.5372130302074
epigenomics_3979_fast2bfq_416,36.93120010473655,85.10354504712163
epigenomics_3979_fast2bfq_417,48.271787522037926,82.47692808464038
epigenomics_3979_fast2bfq_418,53.16550695879337,73.62915930210201
epigenomics_3979_fast2bfq_419,40.542510767515964,60.50256214926377
epigenomics_3979_fast2bfq_420,56.373074300247545,81.08035499324328
epigenomics_3979_fast2bfq_421,44.54612410738145,79.19376567695096
epigenomics_3979_fast2bfq_422,62.461724607448346,85.0559775232977
epigenomics_3979_fast2bfq_423,47.32503698713167,81.9967511364826
epigenomics_3979_fast2bfq_424,51.18221925679907,84.04763259289169
epigenomics_3979_fast2bfq_425,39.79247023094325,80.54951140381786
epigenomics_3979_fast2bfq_426,54.615214709330004,81.22807324957982
epigenomics_3979_fast2bfq_427,35.97774806541361,77.52475274492217
epigenomics_3979_fast2bfq_428,37.382692911941824,73.05036557873098
epigenomics_3979_fast2bfq_429,62.56755143792509,82.88953795232052
epigenomics_3979_fast2bfq_430,59.082520675044265,83.97776320619282
epigenomics_3979_fast2bfq_431,38.65855472404173,84.02603909267643
epigenomics_3979_fast2bfq_432,48.10887753340306,78.03115340530661
epigenomics_3979_fast2bfq_433,44.389094937540804,85.97039889621858
epigenomics_3979_fast2bfq_434,50.26265840664199,79.24110946251551
epigenomics_3979_fast2bfq_435,32.34227061952363,99.23681102912627
epigenomics_3979_fast2bfq_436,35.14774374267472,78.31417254011643
epigenomics_3979_fast2bfq_437,45.01689362694976,80.47083961765428
epigenomics_3979_fast2bfq_438,48.59517492842456,89.04234019978169
epigenomics_3979_fast2bfq_439,31.263071217959357,97.81012497162885
epigenomics_3979_fast2bfq_440,38.97624836749061,82.76558892672199
epigenomics_3979_fast2bfq_441,47.373325294663225,87.80068408614935
epigenomics_3979_fast2bfq_442,36.10979551229912,75.63050944869687
epigenomics_3979_fast2bfq_443,54.51717432343102,76.17806988538725
epigenomics_3979_fast2bfq_444,48.982811306434854,82.2619705460018
epigenomics_3979_fast2bfq_445,43.25131950028091,80.44687521454479
epigenomics_3979_fast2bfq_446,49.592994701146665,78.17574476964397
epigenomics_3979_fast2bfq_447,40.33151000459024,83.0872463208922
epigenomics_3979_fast2bfq_448,48.65224699732114,74.49072611739031
epigenomics_3979_fast2bfq_449,55.68643337480618,89.1497729839882
epigenomics_3979_fast2bfq_450,34.747202333465665,91.38502832282425
epigenomics_3979_fast2bfq_451,42.141666743127985,79.0693448958109
epigenomics_3979_fast2bfq_452,40.47574895720007,79.69780956684134
epigenomics_3979_fast2bfq_453,49.86875560867301,90.13146386937595
epigenomics_3979_fast2bfq_454,36.40771573667554,84.70917357222359
epigenomics_3979_fast2bfq_455,49.71651441946033,87.32195376709807
epigenomics_3979_fast2bfq_456,48.41847715417382,78.13015810680486
epigenomics_3979_fast2bfq_457,50.97286187940772,81.42678470844182
epigenomics_3979_fast2bfq_458,39.580059839267044,81.16416345084818
epigenomics_3979_fast2bfq_459,43.26542644702001,85.8237281812251
epigenomics_3979_fast2bfq_460,40.46121512535795,87.22276100472041
epigenomics_3979_fast2bfq_461,46.753680370246876,73.80225376693501
epigenomics_3979_fast2bfq_462,53.94976752965061,81.44170074513303
epigenomics_3979_fast2bfq_463,37.335040643825614,75.65816721085643
epigenomics_3979_fast2bfq_464,34.85574652592641,96.55531226071899
epigenomics_3979_fast2bfq_465,38.943417360824775,86.0612864552423
epigenomics_3979_fast2bfq_466,49.87027475434127,81.69332593985126
epigenomics_3979_fast2bfq_467,37.026299319807656,83.80585296141547
epigenomics_3979_fast2bfq_468,45.083505001797676,75.15422174070285
epigenomics_3979_fast2bfq_469,38.976874306966764,89.22789581657979
epigenomics_3979_fast2bfq_470,33.14782865808975,85.27795474440288
epigenomics_3979_fast2bfq_471,61.64172659210318,84.88674968121629
epigenomics_3979_fast2bfq_472,46.98789526320765,85.37191656408909
epigenomics_3979_fast2bfq_473,38.04007993459693,73.53580528673547
epigenomics_3979_fast2bfq_474,42.50815243327788,83.58808084734936
epigenomics_3979_fast2bfq_475,45.193762494384465,76.88596903827843
epigenomics_3979_fast2bfq_476,39.13666877702756,76.40530416689606
epigenomics_3979_fast2bfq_477,55.04653786171161,72.98075146372881
epigenomics_3979_fast2bfq_478,51.942622578054404,82.56861888140223
epigenomics_3979_fast2bfq_479,39.73377401790606,83.92159726840654
epigenomics_3979_fast2bfq_480,41.60068620797789,77.86691566698569
epigenomics_3979_fast2bfq_481,53.97756754435171,77.2157354381795
epigenomics_3979_fast2bfq_482,51.38286200476918,79.67909616735967
epigenomics_3979_fast2bfq_483,30.135527299488217,68.30031105000589
epigenomics_3979_fast2bfq_484,44.618359389098345,80.60657897546984
epigenomics_3979_fast2bfq_485,46.04795432278712,78.12468730920395
epigenomics_3979_fast2bfq_486,48.70288600061794,80.48169421238924
epigenomics_3979_fast2bfq_487,37.071338211277,77.98891291856476
epigenomics_3979_fast2bfq_488,39.32329771249554,80.81802469020657
epigenomics_3979_fast2bfq_489,42.949781223588936,91.35011264232753
epigenomics_3979_fast2bfq_490,44.39860573289269,71.67798660979597
epigenomics_3979_fast2bfq_491,51.4794103002977,69.59113577609168
epigenomics_3979_fast2bfq_492,31.261370226871502,73.22825783797913
epigenomics_3979_fast2bfq_493,46.52213039373084,88.04900442685633
epigenomics_3979_fast2bfq_494,46.87884923470167,80.6195405589519
epigenomics_3979_fast2bfq_495,51.61947578616937,83.37010179699513
epigenomics_3979_fast2bfq_496,52.82010923148434,73.63751793942353
epigenomics_3979_fast2bfq_497,46.62586749405319,86.58535566611742
epigenomics_3979_fast2bfq_498,36.446360676527405,77.11281455958759
epigenomics_3979_fast2bfq_499,42.67385690409303,80.6592394309062
epigenomics_3979_map_0,9852.72755607912,187.36999245107813
epigenomics_3979_map_1,10280.999914857824,183.11422361782965
epigenomics_3979_map_2,9845.770181235928,190.16527235845234
epigenomics_3979_map_3,10895.60367963968,182.01983014053098
epigenomics_3979_map_4,9984.530607340143,181.46833331434152
epigenomics_3979_map_5,9805.814924406059,185.83685373277243
epigenomics_3979_map_6,10259.434780188873,186.9154671470645
epigenomics_3979_map_7,10222.56350674007,185.25493984075462
epigenomics_3979_map_8,11069.741433001105,190.6215813472157
epigenomics_3979_map_9,9795.397852279597,191.83424551111162
epigenomics_3979_map_10,9814.906721156905,181.44694431445674
epigenomics_3979_map_11,9479.452572125747,189.19958119527294
epigenomics_3979_map_12,10087.016022023045,188.6494999386132
epigenomics_3979_map_13,10453.044728472316,184.85027353253687
epigenomics_3979_map_14,10368.104154686684,182.1437501845278
epigenomics_3979_map_15,9778.811635945034,174.86393572371642
epigenomics_3979_map_16,9554.912032490709,179.4763654459001
epigenomics_3979_map_17,10607.36603116088,183.8214286716494
epigenomics_3979_map_18,9590.486904903331,186.4322199313668
epigenomics_3979_map_19,10217.784716249496,197.86229830865327
epigenomics_3979_map_20,10064.774877877451,180.09063992759903
epigenomics_3979_map_21,11066.979987762157,189.12063190186032
epigenomics_3979_map_22,10514.1705446192,178.99436026665816
epigenomics_3979_map_23,10088.560257575951,185.46010851559268
epigenomics_3979_map_24,10322.518712881974,178.2898651991448
epigenomics_3979_map_25,9517.505175966255,186.48309120368629
epigenomics_3979_map_26,9905.429059647942,194.51884851954767
epigenomics_3979_map_27,10369.457143920672,172.7616320388534
epigenomics_3979_map_28,9673.256379975084,179.78890186383927
epigenomics_3979_map_29,9709.97461487403,180.7479796410762
epigenomics_3979_map_30,10903.665332726536,182.06153445340485
epigenomics_3979_map_31,9707.77891166126,182.67186224182194
epigenomics_3979_map_32,10019.495435395304,185.88305085784864
epigenomics_3979_map_33,10963.802064143669,179.6757667994807
epigenomics_3979_map_34,10462.415713325358,182.19354945469277
epigenomics_3979_map_35,10004.856408049003,177.36050419352205
epigenomics_3979_map_36,9560.495837883838,182.20618423337356
epigenomics_3979_map_37,9726.725831438267,197.8303718651372
epigenomics_3979_map_38,10043.742437686786,185.68890696487904
epigenomics_3979_map_39,10491.856724611234,193.22717563693976
epigenomics_3979_map_40,9189.19429475966,189.42699366972516
epigenomics_3979_map_41,9948.490615213104,184.53793309679332
epigenomics_3979_map_42,10865.76617283167,190.09092710776127
epigenomics_3979_map_43,10154.059274681525,190.56017556387079
epigenomics_3979_map_44,10379.226472830574,185.86950958258177
epigenomics_3979_map_45,9191.420431316006,183.5463950429141
epigenomics_3979_map_46,9624.726694331526,177.80756740416413
epigenomics_3979_map_47,10026.80147803339,182.08586351288199
epigenomics_3979_map_48,9937.199672549741,186.07757638267563
epigenomics_3979_map_49,8796.424558772069,180.41012166870252
epigenomics_3979_map_50,9976.189963145182,191.6837411868407
epigenomics_3979_map_51,9667.035036627563,180.08007126433665
epigenomics_3979_map_52,10152.717379558895,181.3041996016927
epigenomics_3979_map_53,10120.47516897622,187.72621332889779
epigenomics_3979_map_54,9733.51005796305,190.51550012460973
epigenomics_3979_map_55,9780.019464430583,185.67827492954726
epigenomics_3979_map_56,10229.743517820869,187.40033866161386
epigenomics_3979_map_57,9788.259108971757,195.76241576378408
epigenomics_3979_map_58,9448.882434930134,184.00526901476212
epigenomics_3979_map_59,10563.914142344735,190.226441091812
epigenomics_3979_map_60,10602.212875144338,187.1824794274367
epigenomics_3979_map_61,9409.328727645707,180.50327848005648
epigenomics_3979_map_62,10351.933526275732,189.11078685783679
epigenomics_3979_map_63,9573.867296186756,192.2113071948273
epigenomics_3979_map_64,9374.048634786719,183.10571737121043
epigenomics_3979_map_65,10169.166105119772,184.49900394885344
epigenomics_3979_map_66,10863.00903856612,190.08979858657668
epigenomics_3979_map_67,9974.813084001318,185.97039906585493
epigenomics_3979_map_68,10041.70751229336,184.50024023927747
epigenomics_3979_map_69,9974.933211404816,188.22139087040958
epigenomics_3979_map_70,10774.183442692882,180.91768423392887
epigenomics_3979_map_71,9280.126634866358,187.19600963890784
epigenomics_3979_map_72,10831.895906827087,178.6521801297302
epigenomics_3979_map_73,10338.789826533062,185.2449361934056
epigenomics_3979_map_74,10210.70708494138,187.6209402042094
epigenomics_3979_map_75,9139.848957567401,178.9618800251685
epigenomics_3979_map_76,10553.990825738278,185.41257703294372
epigenomics_3979_map_77,9147.651637836994,184.2321437665675
epigenomics_3979_map_78,9766.109558221935,185.10055242449565
epigenomics_3979_map_79,10199.968084111313,187.65252765336493
epigenomics_3979_map_80,10146.388622358712,185.03596190665513
epigenomics_3979_map_81,9803.708650269886,181.1530755655775
epigenomics_3979_map_82,9751.515979584174,177.6607623305125
epigenomics_3979_map_83,9408.009378367315,189.26669052714695
epigenomics_3979_map_84,10182.305259897941,187.7044443516929
epigenomics_3979_map_85,10639.634699633065,177.02128564774367
epigenomics_3979_map_86,10205.97574621649,189.63976559443506
epigenomics_3979_map_87,10718.082148574165,187.7550184800592
epigenomics_3979_map_88,9672.900978472362,181.80811308396744
epigenomics_3979_map_89,9226.902358522499,180.36569492025757
epigenomics_3979_map_90,9790.706505954518,189.18448302582416
epigenomics_3979_map_91,10350.74118449812,176.31968062318703
epigenomics_3979_map_92,9384.339878708395,181.46060251795174
epigenomics_3979_map_93,10263.767830460678,179.03497374567377
epigenomics_3979_map_94,9863.03450669316,182.42167289748372
epigenomics_3979_map_95,10445.592066388494,185.25264218680366
epigenomics_3979_map_96,10293.17517853517,186.2448956252386
epigenomics_3979_map_97,10081.970286599091,188.3335170719393
epigenomics_3979_map_98,9446.836782629074,183.0007607949412
epigenomics_3979_map_99,10278.2281400784,186.26115513239534
epigenomics_3979_map_100,10656.404460975506,191.77440917034903
epigenomics_3979_map_101,9943.780471947928,185.81165747999393
epigenomics_3979_map_102,9523.748279002706,179.82968184426448
epigenomics_3979_map_103,10252.738588978264,184.6657446937495
epigenomics_3979_map_104,9266.724197125024,192.91923329475756
epigenomics_3979_map_105,10245.309545752394,181.11091494207534
epigenomics_3979_map_106,10239.47008434366,184.47295626679184
epigenomics_3979_map_107,9377.172897327844,190.40465431296334
epigenomics_3979_map_108,9413.961941650856,184.06654516813896
epigenomics_3979_map_109,10401.520208517803,181.75849700097174
epigenomics_3979_map_110,10882.436556201728,188.58266041587802
epigenomics_3979_map_111,9739.929203736374,196.48664919283104
epigenomics_3979_map_112,9061.128771209382,176.88146403538516
epigenomics_3979_map_113,10666.103996623064,176.65731774532844
epigenomics_3979_map_114,9814.664028673355,180.73749832632595
epigenomics_3979_map_115,10699.286869542642,178.75652526388646
epigenomics_3979_map_116,10491.315988675886,181.02173770985303
epigenomics_3979_map_117,10440.73592585424,181.55597708688484
epigenomics_3979_map_118,9593.416517998032,183.90460681900976
epigenomics_3979_map_119,10225.547672511653,172.77037768913854
epigenomics_3979_map_120,10993.006836742166,180.58645443485744
epigenomics_3979_map_121,9818.688685269626,181.9742117160489
epigenomics_3979_map_122,10049.940737643565,182.3066124715466
epigenomics_3979_map_123,10549.476089945805,184.4976790511324
epigenomics_3979_map_124,9615.235449645286,184.37734496707012
epigenomics_3979_map_125,10066.91263430553,179.7982970083049
epigenomics_3979_map_126,10481.975181764914,183.28003737933815
epigenomics_3979_map_127,9515.050310597693,184.48886243726804
epigenomics_3979_map_128,9794.446218003597,183.98879836108773
epigenomics_3979_map_129,9664.288975168543,186.29469184672553
epigenomics_3979_map_130,10051.890407129124,184.73134225898403
epigenomics_3979_map_131,10564.653031207174,182.37969173589536
epigenomics_3979_map_132,10979.841675892014,190.4121664549599
epigenomics_3979_map_133,10246.40874368011,179.72563946453582
epigenomics_3979_map_134,10151.537703846117,183.17438981703583
epigenomics_3979_map_135,11287.619134717534,179.24944285101813
epigenomics_3979_map_136,9526.184947516846,188.1526832095624
epigenomics_3979_map_137,10696.674939051874,183.8116297405503
epigenomics_3979_map_138,10467.108060748673,189.79942948384576
epigenomics_3979_map_139,9995.294569013715,188.5926251762204
epigenomics_3979_map_140,9118.899837262647,190.60625499845543
epigenomics_3979_map_141,10133.866850085347,186.8051723222964
epigenomics_3979_map_142,9699.551262618625,186.38437834596434
epigenomics_3979_map_143,9898.34953532295,187.84281692773496
epigenomics_3979_map_144,10127.839789013808,179.72763755641458
epigenomics_3979_map_145,9417.996826857237,180.24506339245988
epigenomics_3979_map_146,9926.40243532897,194.03726467300922
epigenomics_3979_map_147,10632.398860773312,198.54958339504046
epigenomics_3979_map_148,9558.632595325727,181.68123410383032
epigenomics_3979_map_149,10347.91277055599,179.87856396179538
epigenomics_3979_map_150,9777.847885376857,187.27555781510364
epigenomics_3979_map_151,10185.42637165523,188.0742354651311
epigenomics_3979_map_152,10516.770697699914,176.8040912241282
epigenomics_3979_map_153,10537.000544361523,182.23026087351906
epigenomics_3979_map_154,9680.398861761758,187.0989366695779
epigenomics_3979_map_155,10202.194016128558,188.51046852660818
epigenomics_3979_map_156,9993.005514487235,189.37243272496096
epigenomics_3979_map_157,9477.14496609763,190.68754007117863
epigenomics_3979_map_158,10116.579438406277,182.19552684753162
epigenomics_3979_map_159,9684.526814890201,192.86609082338208
epigenomics_3979_map_160,10526.522877790829,187.83587893043472
epigenomics_3979_map_161,10240.413737536921,191.20361962419275
epigenomics_3979_map_162,10420.410663957908,178.22071249137733
epigenomics_3979_map_163,9767.79241295967,189.5184328994025
epigenomics_3979_map_164,10007.945659374389,184.9648503786041
epigenomics_3979_map_165,10337.641406090559,180.48301663137045
epigenomics_3979_map_166,9993.324529294994,185.13657992494507
epigenomics_3979_map_167,10665.231050585451,186.31124843758738
epigenomics_3979_map_168,9667.100019184496,187.62712480428152
epigenomics_3979_map_169,10763.484644629176,186.11529218246406
epigenomics_3979_map_170,10371.400950051637,183.37078580042115
epigenomics_3979_map_171,10044.743177001528,187.9741571022999
epigenomics_3979_map_172,9763.356107368329,184.14066290456105
epigenomics_3979_map_173,10237.565616882695,186.9996997250826
epigenomics_3979_map_174,10644.634035200634,183.6220082828213
epigenomics_3979_map_175,9264.045200517865,181.3658551853241
epigenomics_3979_map_176,9635.033505975402,180.80669607895555
epigenomics_3979_map_177,9359.129962496747,188.68069551067052
epigenomics_3979_map_178,10049.17479906015,176.70912296869443
epigenomics_3979_map_179,10509.864345019192,183.19729830503334
epigenomics_3979_map_180,10083.884467386375,186.2765628236421
epigenomics_3979_map_181,9855.1986754938,179.34055967025986
epigenomics_3979_map_182,10604.729786715548,185.55263870909687
epigenomics_3979_map_183,9879.174914817626,181.586022186221
epigenomics_3979_map_184,10238.702546857527,193.58390962888703
epigenomics_3979_map_185,9710.243621428133,192.82406667439483
epigenomics_3979_map_186,10331.375934290185,177.2579749505216
epigenomics_3979_map_187,10043.997410454152,179.5283289672421
epigenomics_3979_map_188,10473.877886048322,187.68035323723225
epigenomics_3979_map_189,9421.777626623825,184.97571114884897
epigenomics_3979_map_190,9497.16583467667,181.72492643353235
epigenomics_3979_map_191,9810.287506554178,183.53721343149667
epigenomics_3979_map_192,10681.397266282016,179.54011296054838
epigenomics_3979_map_193,9714.13096481092,183.33144809771423
epigenomics_3979_map_194,10637.5331425659,176.12072225922338
epigenomics_3979_map_195,10425.037373736348,190.96534849990022
epigenomics_3979_map_196,9598.801916910817,186.9760017903503
epigenomics_3979_map_197,9798.297688668656,183.6326478252755
epigenomics_3979_map_198,11176.692634769377,184.46775504163708
epigenomics_3979_map_199,10426.359356254412,189.8197897312161
epigenomics_3979_map_200,9711.084092490672,189.54692918729504
epigenomics_3979_map_201,9535.530335465863,179.22829271488493
epigenomics_3979_map_202,9354.659324055705,188.84115151266255
epigenomics_3979_map_203,10844.62603028626,188.36939715275224
epigenomics_3979_map_204,9895.88704883736,186.30229391302387
epigenomics_3979_map_205,9622.094495546155,186.78430813425973
epigenomics_3979_map_206,9165.641237323125,185.96266859496038
epigenomics_3979_map_207,10402.598768782658,183.05723318990806
epigenomics_3979_map_208,9961.711136133055,179.24393625074146
epigenomics_3979_map_209,9334.02373341386,185.37639359525602
epigenomics_3979_map_210,9801.60997158275,188.35770417919028
epigenomics_3979_map_211,9102.446355410339,185.80382935810377
epigenomics_3979_map_212,9961.670624196899,188.0070195265678
epigenomics_3979_map_213,10501.687709939062,185.75102574710493
epigenomics_3979_map_214,10080.497529048202,186.37488374633926
epigenomics_3979_map_215,9974.708422281501,188.92920349139607
epigenomics_3979_map_216,10468.502640279665,184.00599775538905
epigenomics_3979_map_217,9404.801059776762,188.0567003957826
epigenomics_3979_map_218,9320.390618961072,175.21204756826327
epigenomics_3979_map_219,10703.506192555216,187.9295569538031
epigenomics_3979_map_220,10469.97526379686,185.73390198547162
epigenomics_3979_map_221,10185.875037941822,192.48974137159306
epigenomics_3979_map_222,10525.185656096992,190.54761961535775
epigenomics_3979_map_223,9587.639347580096,188.09558223615343
epigenomics_3979_map_224,11191.342534926825,191.99110874426435
epigenomics_3979_map_225,9091.936225814032,185.97765312575078
epigenomics_3979_map_226,9776.971589605699,185.11690602287877
epigenomics_3979_map_227,10200.866484660033,193.5998823756638
epigenomics_3979_map_228,10085.16263670675,181.195922789967
epigenomics_3979_map_229,9730.238325286846,185.00379273370498
epigenomics_3979_map_230,9968.026897765436,186.5781322207451
epigenomics_3979_map_231,10322.453007333748,183.60064709195476
epigenomics_3979_map_232,10661.54436879129,184.10380538019646
epigenomics_3979_map_233,9411.96589231375,186.81994042862135
epigenomics_3979_map_234,10154.350099309306,181.04930570838164
epigenomics_3979_map_235,9891.967823322864,191.68332964458745
epigenomics_3979_map_236,10139.48290816494,182.94128919099978
epigenomics_3979_map_237,9213.30145607081,183.65208011595485
epigenomics_3979_map_238,9985.98519794468,188.22393086548115
epigenomics_3979_map_239,9962.316985408295,189.97596849001917
epigenomics_3979_map_240,10172.180172201375,184.51616213465974
epigenomics_3979_map_241,11083.706857093699,183.04701120681705
epigenomics_3979_map_242,9531.485715095187,192.7142465689311
epigenomics_3979_map_243,9957.410107142125,186.3963965120403
epigenomics_3979_map_244,9636.232453287661,187.5126323613081
epigenomics_3979_map_245,10541.351170756823,184.9133031660326
epigenomics_3979_map_246,9968.50888750328,180.33330306599342
epigenomics_3979_map_247,9377.548927878775,178.17489409920364
epigenomics_3979_map_248,10645.309856135544,184.90288323117687
epigenomics_3979_map_249,10354.263466921664,184.21989363315217
epigenomics_3979_map_250,10043.383955431302,181.85046641320886
epigenomics_3979_map_251,10587.305664627864,187.21770553327255
epigenomics_3979_map_252,9879.532868542074,183.27881565795482
epigenomics_3979_map_253,9374.8581284283,188.79922850501973
epigenomics_3979_map_254,10741.709832359338,188.20342431236557
epigenomics_3979_map_255,10410.836362048538,178.6335306743518
epigenomics_3979_map_256,10040.044170570323,191.80955824970917
epigenomics_3979_map_257,10022.316687162645,189.20154390839684
epigenomics_3979_map_258,10601.592570645165,190.26863384233886
epigenomics_3979_map_259,9869.670635844464,189.126446175064
epigenomics_3979_map_260,9976.019857467025,188.2777268052289
epigenomics_3979_map_261,11133.312403685883,194.60037456852027
epigenomics_3979_map_262,9780.280498102687,178.38142578257
epigenomics_3979_map_263,10062.572415349568,183.21985594646438
epigenomics_3979_map_264,9394.381581218908,187.41051713484288
epigenomics_3979_map_265,10286.501244032204,184.8895599627479
epigenomics_3979_map_266,10333.071930332717,182.27290662742234
epigenomics_3979_map_267,10557.880389881011,180.51453071336394
epigenomics_3979_map_268,9325.956654373409,179.8134342401946
epigenomics_3979_map_269,10505.469064597539,181.93049212601693
epigenomics_3979_map_270,10474.547192632026,181.00309332876358
epigenomics_3979_map_271,10496.28538446337,193.60747736797958
epigenomics_3979_map_272,9678.237259157693,178.9899684995571
epigenomics_3979_map_273,10396.725243675886,187.1004981095804
epigenomics_3979_map_274,9537.815449444164,185.19891844718697
epigenomics_3979_map_275,9635.940035380612,179.9938201645609
epigenomics_3979_map_276,9935.244682742825,176.80016570265167
epigenomics_3979_map_277,10463.74608883143,183.23735716972158
epigenomics_3979_map_278,9179.432299961936,183.3434756855435
epigenomics_3979_map_279,9982.70602383579,181.74383767088736
epigenomics_3979_map_280,9619.285195785515,181.1565693181695
epigenomics_3979_map_281,9842.900113494032,190.13104157119832
epigenomics_3979_map_282,9528.779608673198,178.5750010611389
epigenomics_3979_map_283,10182.661562534777,187.3308542681285
epigenomics_3979_map_284,9995.034860678734,190.824286131088
epigenomics_3979_map_285,10335.185678339616,189.44204572217353
epigenomics_3979_map_286,9895.34303268043,178.30213632800462
epigenomics_3979_map_287,10065.246325695329,193.18908064580884
epigenomics_3979_map_288,10277.311440165564,188.978522100099
epigenomics_3979_map_289,9716.549802381656,187.5037839143008
epigenomics_3979_map_290,10019.704311623685,177.16937408088512
epigenomics_3979_map_291,9533.774552365177,194.62456266722012
epigenomics_3979_map_292,10132.06982967612,182.9529273357027
epigenomics_3979_map_293,9878.03125234594,179.09601018936877
epigenomics_3979_map_294,10273.30264103156,187.8719018533787
epigenomics_3979_map_295,9797.68555249616,194.74249962648892
epigenomics_3979_map_296,9411.088482596433,181.94971938800606
epigenomics_3979_map_297,9609.63222731221,185.60922048708426
epigenomics_3979_map_298,9464.5994286133,178.11400458306372
epigenomics_3979_map_299,10046.742074751559,194.0836129511122
epigenomics_3979_map_300,9774.023525182149,177.51435660848387
epigenomics_3979_map_301,9446.482068993586,189.54012014207015
epigenomics_3979_map_302,9245.585772393591,178.9283551559534
epigenomics_3979_map_303,10101.207994243341,184.0481032635263
epigenomics_3979_map_304,9348.578412492827,185.7944388895559
epigenomics_3979_map_305,11040.021108123578,183.46676045190907
epigenomics_3979_map_306,9555.030936833056,185.67449882033938
epigenomics_3979_map_307,10050.870979139652,185.48093658256101
epigenomics_3979_map_308,9869.57851383431,184.14418310201685
epigenomics_3979_map_309,9321.145292762494,185.4348306764803
epigenomics_3979_map_310,8972.001053140702,182.1677512051407
epigenomics_3979_map_311,9878.482948993998,181.5932450923366
epigenomics_3979_map_312,10332.524960637742,186.48088911179968
epigenomics_3979_map_313,9410.470294879911,187.1313148310775
epigenomics_3979_map_314,10587.465987697991,193.43254765983
epigenomics_3979_map_315,10057.980460876113,183.51076168179236
epigenomics_3979_map_316,9723.315435605222,180.99523798794957
epigenomics_3979_map_317,10186.322779721471,195.94148158681594
epigenomics_3979_map_318,11253.258658320647,175.03418447936195
epigenomics_3979_map_319,9832.824211646737,190.71007007078026
epigenomics_3979_map_320,9695.074958666133,185.82901371487054
epigenomics_3979_map_321,10270.904075452843,190.96378439181416
epigenomics_3979_map_322,9867.229749093323,184.93684530086935
epigenomics_3979_map_323,10918.274291139702,193.39081493759437
epigenomics_3979_map_324,10633.493153299032,184.02649449924178
epigenomics_3979_map_325,9935.807140771129,184.24391759148952
epigenomics_3979_map_326,10246.340922052876,184.65380698333806
epigenomics_3979_map_327,10037.632014449582,177.70995198804977
epigenomics_3979_map_328,10657.891631527149,179.32814683484426
epigenomics_3979_map_329,10983.768269708156,179.77544419941302
epigenomics_3979_map_330,10027.193681153212,182.6204951329218
epigenomics_3979_map_331,10601.085216853682,180.82605796219633
epigenomics_3979_map_332,10448.787774679346,185.18259557627277
epigenomics_3979_map_333,9835.226060941652,185.88625636640668
epigenomics_3979_map_334,9776.447622242027,181.47874185392467
epigenomics_3979_map_335,9831.286249589692,187.9288085349991
epigenomics_3979_map_336,9711.639312092717,188.4560895700516
epigenomics_3979_map_337,9328.079313524537,172.78870481272727
epigenomics_3979_map_338,10032.32196561731,189.40429241993166
epigenomics_3979_map_339,10498.47677334631,181.93207007231328
epigenomics_3979_map_340,10711.597524322431,190.01296008097034
epigenomics_3979_map_341,9957.228841272281,185.76883122900054
epigenomics_3979_map_342,9587.170539253268,190.12022598913163
epigenomics_3979_map_343,10289.831521826296,182.85384944208712
epigenomics_3979_map_344,8985.037970571191,185.03153844309378
epigenomics_3979_map_345,9604.564356266801,178.7092842841347
epigenomics_3979_map_346,9592.159321977084,188.341156567329
epigenomics_3979_map_347,10097.155811327688,186.79749673411905
epigenomics_3979_map_348,10408.503840540237,189.10768511386385
epigenomics_3979_map_349,9632.777328290691,186.98491652725596
epigenomics_3979_map_350,9790.508223059662,183.18646731588163
epigenomics_3979_map_351,10432.5459457064,195.74394085669513
epigenomics_3979_map_352,10355.892265534301,181.3936922932441
epigenomics_3979_map_353,10287.204668037642,193.6833301788263
epigenomics_3979_map_354,9899.234505919048,178.30458766874452
epigenomics_3979_map_355,10733.323753605184,187.42019553084396
epigenomics_3979_map_356,9947.913501556308,173.81297026602098
epigenomics_3979_map_357,10287.979160680346,189.88722659089387
epigenomics_3979_map_358,9675.629398051537,180.45141415260034
epigenomics_3979_map_359,9413.494612973249,184.06855442352506
epigenomics_3979_map_360,10390.50512544592,189.67586994185683
epigenomics_3979_map_361,10436.447949324205,182.88148225806592
epigenomics_3979_map_362,10430.64990613603,188.1535447046085
epigenomics_3979_map_363,10401.654897902199,193.02861639265214
epigenomics_3979_map_364,10449.129194186802,177.19977567778307
epigenomics_3979_map_365,10358.607127421834,184.6565530255522
epigenomics_3979_map_366,9434.234112339595,177.64729107972516
epigenomics_3979_map_367,9767.240397316102,184.2423567675911
epigenomics_3979_map_368,10011.498524090302,186.53744729362737
epigenomics_3979_map_369,9774.61954304148,191.5829440983469
epigenomics_3979_map_370,9969.510502611285,193.2932532282653
epigenomics_3979_map_371,10226.86218911994,181.29513941305316
epigenomics_3979_map_372,9565.705838174043,185.22433378786317
epigenomics_3979_map_373,10024.66344845533,188.87347983974658
epigenomics_3979_map_374,10894.260968505934,183.93140679428552
epigenomics_3979_map_375,9940.593977776594,182.89013605538332
epigenomics_3979_map_376,9717.491868032626,171.43486418764377
epigenomics_3979_map_377,10503.753189196425,192.08894790534433
epigenomics_3979_map_378,10041.456296613338,187.3024673722213
epigenomics_3979_map_379,9989.215980359437,172.16188035268823
epigenomics_3979_map_380,10673.411777574713,186.79970260439873
epigenomics_3979_map_381,9452.441564608775,188.3046321377923
epigenomics_3979_map_382,9976.965781475395,182.94839699987867
epigenomics_3979_map_383,10273.974309680434,188.76268214488277
epigenomics_3979_map_384,10418.944930037731,184.09358183276723
epigenomics_3979_map_385,9545.690679517093,186.621010107121
epigenomics_3979_map_386,9891.04959886709,185.43306794240857
epigenomics_3979_map_387,10074.229815295861,179.79098811273653
epigenomics_3979_map_388,9699.060050448386,184.9225065825032
epigenomics_3979_map_389,10103.402136784372,194.87777544292226
epigenomics_3979_map_390,10436.121703003671,190.1955270642519
epigenomics_3979_map_391,10824.67352014453,181.09427725844563
epigenomics_3979_map_392,9782.902531007394,195.3165564141118
epigenomics_3979_map_393,10547.03488208666,188.33596577799582
epigenomics_3979_map_394,9983.213853867119,185.70532916176535
epigenomics_3979_map_395,10179.099461102855,181.05912612553252
epigenomics_3979_map_396,9346.093843494722,184.46315645099978
epigenomics_3979_map_397,10797.894782014951,182.34516459911157
epigenomics_3979_map_398,10562.887948007941,191.1357873041827
epigenomics_3979_map_399,10391.984222265286,185.13420997468077
epigenomics_3979_map_400,9936.024796687212,180.48830435998664
epigenomics_3979_map_401,10285.460552155493,178.426032243453
epigenomics_3979_map_402,9746.793098036185,180.00893721706836
epigenomics_3979_map_403,9756.42069361516,181.34336015404966
epigenomics_3979_map_404,10181.284547084582,186.83007417879477
epigenomics_3979_map_405,10538.623525853796,184.34061217513016
epigenomics_3979_map_406,9560.765671125966,182.64926162156837
epigenomics_3979_map_407,9635.96533531661,187.49650829731212
epigenomics_3979_map_408,10176.338068732126,184.45450712031754
epigenomics_3979_map_409,9656.728105467924,180.03778985074507
epigenomics_3979_map_410,10221.162100823654,178.20299384093173
epigenomics_3979_map_411,10553.600236710767,185.29251319657916
epigenomics_3979_map_412,10149.783131918992,186.7339274779365
epigenomics_3979_map_413,10051.656824286058,193.70393283917974
epigenomics_3979_map_414,10123.995448649906,186.9938003440108
epigenomics_3979_map_415,10338.55572818248,191.59890043298492
epigenomics_3979_map_416,10609.692178590332,190.35107879628137
epigenomics_3979_map_417,10031.618681291711,176.46873079823217
epigenomics_3979_map_418,10089.308273563667,189.73115536097842
epigenomics_3979_map_419,9788.920389346617,182.30496661720113
epigenomics_3979_map_420,10092.264093233645,187.73190640748822
epigenomics_3979_map_421,9818.756157453157,192.2778743918891
epigenomics_3979_map_422,9537.004174224729,190.44938167048278
epigenomics_3979_map_423,9616.174636052598,180.1285997817867
epigenomics_3979_map_424,9556.222680400537,188.54234316918598
epigenomics_3979_map_425,10402.906329788435,183.2063823471608
epigenomics_3979_map_426,10728.050859943958,192.2443141958732
epigenomics_3979_map_427,9227.213189264341,189.2946426742022
epigenomics_3979_map_428,10467.30609785009,185.3419455869385
epigenomics_3979_map_429,9347.570055120637,190.80542357541657
epigenomics_3979_map_430,10097.885174165562,182.70111888415337
epigenomics_3979_map_431,9713.251512129294,180.16546739095162
epigenomics_3979_map_432,9144.362986211298,182.19952278874814
epigenomics_3979_map_433,9629.179510258515,188.0505835408609
epigenomics_3979_map_434,10188.840207657197,187.04947847932596
epigenomics_3979_map_435,9677.048797712434,169.48123599928655
epigenomics_3979_map_436,9010.40905407797,182.10633064696248
epigenomics_3979_map_437,10004.140505831732,177.54538953223974
epigenomics_3979_map_438,9064.528746105227,182.88793477160266
epigenomics_3979_map_439,10766.670017211016,187.9448535084683
epigenomics_3979_map_440,9801.137960571443,181.41909934360197
epigenomics_3979_map_441,10361.464468241087,183.64094504108823
epigenomics_3979_map_442,9619.35332038588,184.7544536286215
epigenomics_3979_map_443,9993.509565521716,182.6129608466379
epigenomics_3979_map_444,10129.978007066238,191.47415298400043
epigenomics_3979_map_445,9455.694389068523,183.05330041328656
epigenomics_3979_map_446,9782.210309656675,189.63998734093968
epigenomics_3979_map_447,9183.7874791873,193.90580417583556
epigenomics_3979_map_448,9337.429842434622,183.11900892757365
epigenomics_3979_map_449,10323.493747095128,183.69607126454105
epigenomics_3979_map_450,10389.358975725,189.73454881462692
epigenomics_3979_map_451,9218.702881505047,190.2828109734367
epigenomics_3979_map_452,9737.960002643995,180.8840075783017
epigenomics_3979_map_453,9425.534523410344,186.70282767965088
epigenomics_3979_map_454,10038.866471202678,194.78290723423405
epigenomics_3979_map_455,9689.536451371274,185.08314015680102
epigenomics_3979_map_456,8964.712279215759,191.5831271311654
epigenomics_3979_map_457,9694.66525775474,185.22615112361305
epigenomics_3979_map_458,9177.601686465878,183.55496617575912
epigenomics_3979_map_459,9537.91151885594,180.2932316874231
epigenomics_3979_map_460,9869.323489524953,183.6760108842375
epigenomics_3979_map_461,9454.593255482987,188.99270188615517
epigenomics_3979_map_462,9260.699718512093,189.57134261317512
epigenomics_3979_map_463,10654.672004431532,187.75479342187205
epigenomics_3979_map_464,10096.943252606374,185.46916035544265
epigenomics_3979_map_465,9952.902270429367,191.88896848776932
epigenomics_3979_map_466,10042.251595872336,192.04046198639827
epigenomics_3979_map_467,10297.388754606869,182.17735311945088
epigenomics_3979_map_468,10482.798032029303,184.71680521088456
epigenomics_3979_map_469,10186.204516752305,186.57521281244536
epigenomics_3979_map_470,10162.554901952031,188.07392291216223
epigenomics_3979_map_471,10160.071360263291,192.38503242045502
epigenomics_3979_map_472,10570.167497133158,179.26662153091638
epigenomics_3979_map_473,9285.514574879198,184.71401415721147
epigenomics_3979_map_474,9214.537828346198,183.69133792524894
epigenomics_3979_map_475,10577.198172211238,184.13835102608152
epigenomics_3979_map_476,10192.717094590636,177.83162364530557
epigenomics_3979_map_477,9729.794019761624,188.3804469924038
epigenomics_3979_map_478,9978.155782619935,177.43956474505757
epigenomics_3979_map_479,10636.511637902935,188.17335526003578
epigenomics_3979_map_480,9533.61742111451,195.93144133145506
epigenomics_3979_map_481,9639.123096526577,184.63229844078703
epigenomics_3979_map_482,10902.828502126675,186.20174728999297
epigenomics_3979_map_483,9661.690477924862,184.3533290206985
epigenomics_3979_map_484,10730.271510257973,180.44297541790644
epigenomics_3979_map_485,10528.713101951786,183.0297728178778
epigenomics_3979_map_486,9984.746104726826,188.0171754151551
epigenomics_3979_map_487,9618.904839242285,185.75071093817655
epigenomics_3979_map_488,9707.295726809167,180.23674078609906
epigenomics_3979_map_489,9818.116118495549,194.5516040641291
epigenomics_3979_map_490,9808.968002634912,190.7721011419765
epigenomics_3979_map_491,10033.148441228654,179.73419415708057
epigenomics_3979_map_492,10163.51793161508,193.52147043516544
epigenomics_3979_map_493,9884.879676433015,187.4442572879029
epigenomics_3979_map_494,10781.42779505891,172.45021921101926
epigenomics_3979_map_495,11020.945647009994,193.6831196175219
epigenomics_3979_map_496,10145.772145191788,187.2878377963553
epigenomics_3979_map_497,10877.896921415791,194.07572571797567
epigenomics_3979_map_498,9977.591958458152,194.65800032498854
epigenomics_3979_map_499,10265.126437904979,181.49977127005792
epigenomics_3979_mapMerge1_0,102.54043135186784,117.75331246399621
epigenomics_3979_mapMerge1_1,134.12548032493896,128.69932546766458
epigenomics_3979_mapMerge2_0,95.49918229029865,137.6926967535265
epigenomics_3979_chr21_0,207.31755014950375,66.1625835123243
epigenomics_3979_pileup_0,172.22133854316428,90.81378970714806
