request,latency,mem
epigenomics_2677_entry_0,1.0,1.0
epigenomics_2677_fastqSplit_0,62.57476591133254,99.20014986358859
epigenomics_2677_fastqSplit_1,62.69431192164785,96.52014008484636
epigenomics_2677_filterContams_0,27.18221814607925,52.34182823184635
epigenomics_2677_filterContams_1,17.91970167320611,49.30129148315872
epigenomics_2677_filterContams_2,20.709944525618685,82.13891539589184
epigenomics_2677_filterContams_3,21.082614385827608,71.07469117585805
epigenomics_2677_filterContams_4,15.11163679423835,66.34181710822673
epigenomics_2677_filterContams_5,23.574868373463353,62.28863937472492
epigenomics_2677_filterContams_6,21.32408534247844,59.405783675337396
epigenomics_2677_filterContams_7,17.315128011600248,60.97573048106408
epigenomics_2677_filterContams_8,19.534201932861112,69.50528321992252
epigenomics_2677_filterContams_9,21.57892249590077,63.6629931876917
epigenomics_2677_filterContams_10,20.528298385074322,55.71613087489178
epigenomics_2677_filterContams_11,18.420272706738285,66.60624900227627
epigenomics_2677_filterContams_12,19.600056163164382,65.56927544821085
epigenomics_2677_filterContams_13,16.019661001041992,59.31152565914527
epigenomics_2677_filterContams_14,12.711480438306905,69.23214839707353
epigenomics_2677_filterContams_15,19.0158940706022,69.45115284564604
epigenomics_2677_filterContams_16,20.538342757755462,49.519703244555004
epigenomics_2677_filterContams_17,23.226867322075968,63.23180313776889
epigenomics_2677_filterContams_18,17.955444109679895,69.17778424582598
epigenomics_2677_filterContams_19,21.406845733657175,68.86206828522319
epigenomics_2677_filterContams_20,21.504629279165158,63.16607524977891
epigenomics_2677_filterContams_21,18.65258655010325,65.59492406419606
epigenomics_2677_filterContams_22,19.930551805713336,61.4994340951536
epigenomics_2677_filterContams_23,15.646738119033028,58.77237476977817
epigenomics_2677_filterContams_24,24.145127145504688,57.53043160180967
epigenomics_2677_filterContams_25,20.277355341742226,67.77836591776291
epigenomics_2677_filterContams_26,15.742172190753529,64.61007222778913
epigenomics_2677_filterContams_27,21.346363617806663,64.08888995223505
epigenomics_2677_filterContams_28,23.56370284900749,56.42483166562624
epigenomics_2677_filterContams_29,25.28452285363206,66.61454246924632
epigenomics_2677_filterContams_30,20.15879984806607,63.828423227963164
epigenomics_2677_filterContams_31,23.205402891968568,63.82332298742831
epigenomics_2677_filterContams_32,23.15180760251338,61.565060279847394
epigenomics_2677_filterContams_33,20.71949124272696,69.5834538696796
epigenomics_2677_filterContams_34,23.321882882543694,68.29396736825329
epigenomics_2677_filterContams_35,19.87725340709598,77.48929788206385
epigenomics_2677_filterContams_36,13.301022934307166,73.54638314972487
epigenomics_2677_filterContams_37,24.516541079090338,65.66118231521921
epigenomics_2677_filterContams_38,17.75091596525135,65.22981372639966
epigenomics_2677_filterContams_39,25.542093475550864,64.7986731235078
epigenomics_2677_filterContams_40,17.718295788695862,56.92914287560027
epigenomics_2677_filterContams_41,20.513107399457198,56.85958238392554
epigenomics_2677_filterContams_42,18.995126226263185,58.8838110216237
epigenomics_2677_filterContams_43,26.043288974864595,53.58221710113297
epigenomics_2677_filterContams_44,22.962202367145885,62.568460449140005
epigenomics_2677_filterContams_45,17.155308225899553,80.10008615378585
epigenomics_2677_filterContams_46,23.31330397925386,73.07131002802144
epigenomics_2677_filterContams_47,17.086343287981766,51.17924424418479
epigenomics_2677_filterContams_48,19.35333291004734,71.95334976692114
epigenomics_2677_filterContams_49,21.112381906478134,71.25089775597226
epigenomics_2677_filterContams_50,23.350483279358375,61.62989489052018
epigenomics_2677_filterContams_51,22.95894055058104,69.5309841105106
epigenomics_2677_filterContams_52,17.128280425802,66.30100790020524
epigenomics_2677_filterContams_53,22.127700401607317,60.29291373937326
epigenomics_2677_filterContams_54,16.652504721894715,69.03711349611098
epigenomics_2677_filterContams_55,17.622457934232877,55.61625771844336
epigenomics_2677_filterContams_56,19.468884737186244,65.69556516764973
epigenomics_2677_filterContams_57,24.0946215693508,59.87130761354104
epigenomics_2677_filterContams_58,17.447351482323374,59.65619590286573
epigenomics_2677_filterContams_59,20.35932637560795,70.64405552132754
epigenomics_2677_filterContams_60,20.518240029483884,69.75231447162791
epigenomics_2677_filterContams_61,25.51462773492221,61.30684380366205
epigenomics_2677_filterContams_62,25.580145020618495,68.47161000352727
epigenomics_2677_filterContams_63,22.13322814436058,48.1273458686948
epigenomics_2677_filterContams_64,16.792854146506333,73.86862847144504
epigenomics_2677_filterContams_65,24.83958409003486,63.29839745042285
epigenomics_2677_filterContams_66,22.45347114940081,71.27576355969376
epigenomics_2677_filterContams_67,21.210315029733607,73.25316131438763
epigenomics_2677_filterContams_68,20.696674412578016,68.3967628366208
epigenomics_2677_filterContams_69,22.299214088039626,77.29974210016644
epigenomics_2677_filterContams_70,19.503266836756627,71.69985208935975
epigenomics_2677_filterContams_71,17.188960636897622,79.08250314816891
epigenomics_2677_filterContams_72,15.643689305985305,64.8503711962404
epigenomics_2677_filterContams_73,17.669123516537148,75.04369832227525
epigenomics_2677_filterContams_74,18.10386056400031,64.42432057671145
epigenomics_2677_filterContams_75,25.126305932693775,58.699259065429764
epigenomics_2677_filterContams_76,18.762886273185664,74.29498200496035
epigenomics_2677_filterContams_77,19.8352552155561,71.44942231154211
epigenomics_2677_filterContams_78,20.4786765205633,56.066548927860694
epigenomics_2677_filterContams_79,24.073185545284158,81.44546419021246
epigenomics_2677_filterContams_80,26.365219181658436,51.19393105764439
epigenomics_2677_filterContams_81,18.630100516709682,54.40698685748949
epigenomics_2677_filterContams_82,18.860518475543394,67.21844034009779
epigenomics_2677_filterContams_83,19.506006265933614,65.50039941698441
epigenomics_2677_filterContams_84,20.56747956583758,67.39551019708009
epigenomics_2677_filterContams_85,16.89823205105159,85.02947395804762
epigenomics_2677_filterContams_86,17.32644948043806,54.52430766044354
epigenomics_2677_filterContams_87,19.165703105129282,63.6189664831314
epigenomics_2677_filterContams_88,17.78061040638721,63.95119247967058
epigenomics_2677_filterContams_89,22.70867636525874,76.02359436642966
epigenomics_2677_filterContams_90,15.5785790599402,76.62496875745681
epigenomics_2677_filterContams_91,21.4508208873669,63.32186888383709
epigenomics_2677_filterContams_92,19.719175937538292,59.940329179504396
epigenomics_2677_filterContams_93,17.943243480300296,69.27815114870654
epigenomics_2677_filterContams_94,21.50387199716416,67.39929985074443
epigenomics_2677_filterContams_95,20.272592745067424,62.0153607590435
epigenomics_2677_filterContams_96,23.64139148952271,73.71695573738944
epigenomics_2677_filterContams_97,15.458274040501802,61.17848545846909
epigenomics_2677_filterContams_98,23.19832869699539,61.77558403813677
epigenomics_2677_filterContams_99,23.06526954645202,67.3663796124035
epigenomics_2677_filterContams_100,17.470258978629396,68.8023414422617
epigenomics_2677_filterContams_101,24.386500976416258,67.0860424089656
epigenomics_2677_filterContams_102,25.34857002087356,74.49673566447426
epigenomics_2677_filterContams_103,18.61382209386402,64.89143874232087
epigenomics_2677_filterContams_104,22.20764972223385,73.03834272932953
epigenomics_2677_filterContams_105,16.36919334838773,72.48451925528056
epigenomics_2677_filterContams_106,17.779505602902447,69.40873343111218
epigenomics_2677_filterContams_107,16.590375855327064,67.1627982214735
epigenomics_2677_filterContams_108,24.52837317470572,57.13833959952356
epigenomics_2677_filterContams_109,19.78856532115419,63.69046657851007
epigenomics_2677_filterContams_110,22.552379163980028,68.95396969872667
epigenomics_2677_filterContams_111,21.20601977688242,49.26195713488969
epigenomics_2677_filterContams_112,19.913224267219736,65.79384830811667
epigenomics_2677_filterContams_113,21.179299219582973,55.380602244094646
epigenomics_2677_filterContams_114,18.465344295775886,61.49651209775857
epigenomics_2677_filterContams_115,21.851139115201264,73.41370111322017
epigenomics_2677_filterContams_116,17.287117774969147,69.00694915228168
epigenomics_2677_filterContams_117,20.839361103329882,59.9454208766353
epigenomics_2677_filterContams_118,17.99026777221548,63.236697068744654
epigenomics_2677_filterContams_119,24.09434599300056,69.34696038259356
epigenomics_2677_filterContams_120,19.96645613667075,76.6548685222668
epigenomics_2677_filterContams_121,19.213110627134153,78.45916298810472
epigenomics_2677_filterContams_122,18.82148289506791,52.41590126899298
epigenomics_2677_filterContams_123,24.23153528781971,74.51452275016872
epigenomics_2677_filterContams_124,17.252636851636492,74.33449362984906
epigenomics_2677_filterContams_125,21.506143275341937,58.79709508933008
epigenomics_2677_filterContams_126,20.044466053525223,67.21834597075822
epigenomics_2677_filterContams_127,20.812138645329338,54.16801536192767
epigenomics_2677_filterContams_128,19.544507790842623,48.221673594692206
epigenomics_2677_filterContams_129,20.165465241038106,65.6885478740529
epigenomics_2677_filterContams_130,15.396709459094705,68.31811038044478
epigenomics_2677_filterContams_131,19.7357852436322,76.29204953333262
epigenomics_2677_filterContams_132,20.832810824570196,69.4074879316084
epigenomics_2677_filterContams_133,17.96006193121328,62.97447225150064
epigenomics_2677_filterContams_134,15.576506459065417,44.394341059416675
epigenomics_2677_filterContams_135,24.48528054825305,64.0969946429126
epigenomics_2677_filterContams_136,20.130605582946416,69.83226149441596
epigenomics_2677_filterContams_137,20.55401268965068,65.3187986037161
epigenomics_2677_filterContams_138,17.495533527700527,64.87943692209805
epigenomics_2677_filterContams_139,18.603697459547593,62.54303447681598
epigenomics_2677_filterContams_140,20.99106039113433,73.49201503189272
epigenomics_2677_filterContams_141,19.77135859743959,58.15326997287451
epigenomics_2677_filterContams_142,16.325960039222988,58.07498350071963
epigenomics_2677_filterContams_143,22.687873589348158,66.75859369527649
epigenomics_2677_filterContams_144,19.49233931458722,56.26083197139257
epigenomics_2677_filterContams_145,20.841919004517138,65.13457336943604
epigenomics_2677_filterContams_146,18.742066774280232,68.98644026609104
epigenomics_2677_filterContams_147,20.990831375315064,77.78242871299537
epigenomics_2677_filterContams_148,23.866781541790257,76.9097756382342
epigenomics_2677_filterContams_149,21.197236166087052,57.84905654486694
epigenomics_2677_filterContams_150,16.651754164021593,65.53702937678315
epigenomics_2677_filterContams_151,19.952489873284254,60.72960654234243
epigenomics_2677_filterContams_152,17.79634762486254,68.89021269962389
epigenomics_2677_filterContams_153,15.918523453427529,63.046699533783
epigenomics_2677_filterContams_154,13.73327861380819,66.21571339163846
epigenomics_2677_filterContams_155,18.352543376574232,58.83911226775861
epigenomics_2677_filterContams_156,22.63481281610894,60.46433363222203
epigenomics_2677_filterContams_157,19.672832670096575,54.20664937708372
epigenomics_2677_filterContams_158,20.21364724628137,64.15359719862344
epigenomics_2677_filterContams_159,17.281177455708438,62.11479639279299
epigenomics_2677_filterContams_160,19.98982732282381,54.658841012284476
epigenomics_2677_filterContams_161,17.386927692104983,68.16252190030661
epigenomics_2677_filterContams_162,18.273920871243458,52.157191208054456
epigenomics_2677_filterContams_163,19.748257803897413,63.73760673080004
epigenomics_2677_filterContams_164,21.827295531823644,74.52428633058062
epigenomics_2677_filterContams_165,21.343953069998012,76.97944942291484
epigenomics_2677_filterContams_166,17.848985719631678,52.78291291835319
epigenomics_2677_filterContams_167,19.24518717101588,61.89595440782744
epigenomics_2677_filterContams_168,17.735385307651494,62.05956592181996
epigenomics_2677_filterContams_169,16.352611264067058,69.7338674458782
epigenomics_2677_filterContams_170,23.391803788184475,72.64049746592187
epigenomics_2677_filterContams_171,26.77853280769736,61.185966935593434
epigenomics_2677_filterContams_172,12.365945809814395,57.875325125600895
epigenomics_2677_filterContams_173,21.0692276785284,56.28211696876761
epigenomics_2677_filterContams_174,19.19739964360611,66.5878129092405
epigenomics_2677_filterContams_175,20.514597077032125,61.236037845348
epigenomics_2677_filterContams_176,22.17935997498079,76.91907918922834
epigenomics_2677_filterContams_177,18.306382584027247,72.32301959419853
epigenomics_2677_filterContams_178,20.373126507784402,61.49256465198826
epigenomics_2677_filterContams_179,21.373722712103568,56.61033859467426
epigenomics_2677_filterContams_180,22.77675809861263,65.6792755496465
epigenomics_2677_filterContams_181,22.382189728745608,73.25904619836193
epigenomics_2677_filterContams_182,23.27160541029228,70.36782315251646
epigenomics_2677_filterContams_183,26.489365135361254,56.969375518121794
epigenomics_2677_filterContams_184,20.13321842396449,53.151477020774855
epigenomics_2677_filterContams_185,20.075575830610084,59.07473249422709
epigenomics_2677_filterContams_186,19.27387765208134,65.62282441147444
epigenomics_2677_filterContams_187,22.60261668590489,73.99432703698788
epigenomics_2677_filterContams_188,19.492296864508113,58.85711513560331
epigenomics_2677_filterContams_189,19.761410741689385,63.06368831393327
epigenomics_2677_filterContams_190,24.833884445681765,54.6051808601666
epigenomics_2677_filterContams_191,24.25173397263845,66.85384000027398
epigenomics_2677_filterContams_192,21.618070936378366,62.292080191534076
epigenomics_2677_filterContams_193,20.467500681362004,68.12251527888318
epigenomics_2677_filterContams_194,19.6056344684753,63.244882818194654
epigenomics_2677_filterContams_195,20.046426451934956,75.997896468347
epigenomics_2677_filterContams_196,22.237254531958257,65.47756742837798
epigenomics_2677_filterContams_197,19.90701188332785,71.63284685201023
epigenomics_2677_filterContams_198,22.0871010807458,79.45594478881192
epigenomics_2677_filterContams_199,21.239415353098313,63.99111702236648
epigenomics_2677_filterContams_200,19.332700702951016,57.135849362046955
epigenomics_2677_filterContams_201,25.93105362578276,72.55750983917385
epigenomics_2677_filterContams_202,19.86008053033599,63.77534586084374
epigenomics_2677_filterContams_203,18.99901425583163,74.40873342694202
epigenomics_2677_filterContams_204,16.370196082750233,53.04090327398048
epigenomics_2677_filterContams_205,15.13550824146598,54.141750030665925
epigenomics_2677_filterContams_206,22.841545915170514,60.51834844351007
epigenomics_2677_filterContams_207,17.865739279091642,78.64462708620667
epigenomics_2677_filterContams_208,22.413372744435378,69.33740142987
epigenomics_2677_filterContams_209,19.64271885552287,64.6694900155577
epigenomics_2677_filterContams_210,20.223001151927086,74.61356795694661
epigenomics_2677_filterContams_211,18.714240934964234,69.25216554302641
epigenomics_2677_filterContams_212,20.522180367703083,61.46884620050665
epigenomics_2677_filterContams_213,14.585361722780336,60.02313780632419
epigenomics_2677_filterContams_214,18.182835358569267,54.487548550000575
epigenomics_2677_filterContams_215,20.385104834793104,74.85061463308382
epigenomics_2677_filterContams_216,17.457693082577627,54.02359697586574
epigenomics_2677_filterContams_217,21.703487138942894,73.45178872892178
epigenomics_2677_filterContams_218,20.6676729739958,59.4784337951213
epigenomics_2677_filterContams_219,19.35740008261909,67.24975249561507
epigenomics_2677_filterContams_220,17.43205783286738,65.41385060084968
epigenomics_2677_filterContams_221,18.480655475528774,67.29852468999385
epigenomics_2677_filterContams_222,19.511401131769983,49.29086570101034
epigenomics_2677_filterContams_223,20.388210995765554,65.65067623723189
epigenomics_2677_filterContams_224,20.638393616961604,68.60870276417512
epigenomics_2677_filterContams_225,22.441529223704283,61.767764343590265
epigenomics_2677_filterContams_226,20.897482619476126,76.88975135039668
epigenomics_2677_filterContams_227,20.120391950617588,64.8446078784612
epigenomics_2677_filterContams_228,21.307276814350395,66.28191486373555
epigenomics_2677_filterContams_229,19.138885347239597,63.43328611797486
epigenomics_2677_filterContams_230,19.87656657215348,52.38291202016613
epigenomics_2677_filterContams_231,21.05207086334328,58.44312107799281
epigenomics_2677_filterContams_232,18.822522243070335,84.25541925200156
epigenomics_2677_filterContams_233,18.250568468404843,65.81580265069525
epigenomics_2677_filterContams_234,21.930725295635007,71.41210323198119
epigenomics_2677_filterContams_235,16.359798296566982,57.563916750002555
epigenomics_2677_filterContams_236,19.24676229617377,72.52679270474115
epigenomics_2677_filterContams_237,22.253555913495884,54.40301810671231
epigenomics_2677_filterContams_238,16.165346933217307,69.97239001443833
epigenomics_2677_filterContams_239,16.4951346593909,67.67282180802714
epigenomics_2677_filterContams_240,23.60147813206233,85.12678472938765
epigenomics_2677_filterContams_241,19.40055510193159,62.84621499156369
epigenomics_2677_filterContams_242,20.34430409770467,59.000495258323326
epigenomics_2677_filterContams_243,18.90652831404389,59.83524636531409
epigenomics_2677_filterContams_244,22.237161040155183,61.25921351648336
epigenomics_2677_filterContams_245,18.38870654450972,65.5940402377367
epigenomics_2677_filterContams_246,19.832460900915414,59.56651894599432
epigenomics_2677_filterContams_247,20.530069849126242,71.23283133574873
epigenomics_2677_filterContams_248,20.95481243502246,57.68437271928319
epigenomics_2677_filterContams_249,17.318964926491123,59.61934894139293
epigenomics_2677_filterContams_250,16.025187545560225,73.31712645544538
epigenomics_2677_filterContams_251,21.626947859704064,75.38996342370469
epigenomics_2677_filterContams_252,18.913567178676026,58.799306707654075
epigenomics_2677_filterContams_253,21.33980815155739,51.65142140218946
epigenomics_2677_filterContams_254,18.641574157598466,79.91617913891267
epigenomics_2677_filterContams_255,16.88497676863067,76.17903810667597
epigenomics_2677_filterContams_256,21.08846941419623,73.82246581415559
epigenomics_2677_filterContams_257,25.740045201691498,61.03897414234856
epigenomics_2677_filterContams_258,23.19398232362146,54.85266178306152
epigenomics_2677_filterContams_259,14.225810820484526,45.87453235831403
epigenomics_2677_filterContams_260,15.40293020155734,63.27308870302785
epigenomics_2677_filterContams_261,22.541675914166383,75.86109048537745
epigenomics_2677_filterContams_262,19.705104730885637,62.98680080589054
epigenomics_2677_filterContams_263,18.64697608966533,61.238693479348534
epigenomics_2677_filterContams_264,17.57826606760277,76.84735153759868
epigenomics_2677_filterContams_265,23.358666260113743,72.49979699007159
epigenomics_2677_filterContams_266,18.064861503798774,61.30955918341544
epigenomics_2677_filterContams_267,18.434111657006888,72.52718686182389
epigenomics_2677_filterContams_268,21.437265620261336,81.70683448113184
epigenomics_2677_filterContams_269,21.815136683244887,71.29389470691814
epigenomics_2677_filterContams_270,21.02292970651859,60.75077424600639
epigenomics_2677_filterContams_271,17.776647457440916,55.78074811434381
epigenomics_2677_filterContams_272,19.379538773824013,64.05878355289423
epigenomics_2677_filterContams_273,20.285868934390773,71.82097185256512
epigenomics_2677_filterContams_274,16.85278255131664,67.17776665339734
epigenomics_2677_filterContams_275,21.071245462750603,71.68377254182542
epigenomics_2677_filterContams_276,21.109845599984528,67.5954592652641
epigenomics_2677_filterContams_277,17.29339180060152,55.293645139038915
epigenomics_2677_filterContams_278,16.3659820545107,51.36353299047876
epigenomics_2677_filterContams_279,19.892412669245747,51.81816071699162
epigenomics_2677_filterContams_280,19.74177190821937,71.3721369955836
epigenomics_2677_filterContams_281,22.029948715653475,72.22383013216546
epigenomics_2677_filterContams_282,21.303562670687576,62.56706998996176
epigenomics_2677_filterContams_283,18.091415486507245,64.26526128946337
epigenomics_2677_filterContams_284,21.69864847193392,68.02384838201108
epigenomics_2677_filterContams_285,17.373236656948215,70.21690022336398
epigenomics_2677_filterContams_286,17.319315279951912,66.29841500810186
epigenomics_2677_filterContams_287,21.67776984900375,60.484343953952354
epigenomics_2677_filterContams_288,16.33425211766641,49.48881755952237
epigenomics_2677_filterContams_289,17.84821734780222,58.34165602374622
epigenomics_2677_filterContams_290,20.75808436984982,65.32107785417855
epigenomics_2677_filterContams_291,24.93703852986346,58.4467785349688
epigenomics_2677_filterContams_292,21.435955220015572,67.70723940536558
epigenomics_2677_filterContams_293,23.445639791398943,70.09330834133901
epigenomics_2677_filterContams_294,15.206100398520498,70.24690375853483
epigenomics_2677_filterContams_295,14.167109212047766,73.4680126661449
epigenomics_2677_filterContams_296,14.367412946282364,78.39377977869628
epigenomics_2677_filterContams_297,20.881129007499588,62.56037911650915
epigenomics_2677_filterContams_298,18.46107575739953,74.2891331459794
epigenomics_2677_filterContams_299,16.26059678387095,68.39768019086698
epigenomics_2677_filterContams_300,21.203561614885984,65.65245842620142
epigenomics_2677_filterContams_301,16.913391111705756,58.09198937992654
epigenomics_2677_filterContams_302,18.168243541322592,67.42985461205288
epigenomics_2677_filterContams_303,20.69103484826049,72.71254297758011
epigenomics_2677_filterContams_304,24.866272835944237,63.83920308316441
epigenomics_2677_filterContams_305,24.00768328672725,62.64431459938722
epigenomics_2677_filterContams_306,18.931766643860254,65.92946248736176
epigenomics_2677_filterContams_307,20.979745774443046,56.18077994931177
epigenomics_2677_filterContams_308,25.446613493524502,66.20214345664637
epigenomics_2677_filterContams_309,20.20390297423739,59.09393737560554
epigenomics_2677_filterContams_310,23.827108377871614,53.15027762604205
epigenomics_2677_filterContams_311,12.246108348448097,65.63972559706185
epigenomics_2677_filterContams_312,20.622199946307166,62.58733391808328
epigenomics_2677_filterContams_313,17.327453729264743,63.14726656337118
epigenomics_2677_filterContams_314,21.80270231059023,59.545125263766884
epigenomics_2677_filterContams_315,21.28923170029592,67.57852070239313
epigenomics_2677_filterContams_316,21.833760814927558,49.87558982648341
epigenomics_2677_filterContams_317,20.21568130992377,52.64835487654492
epigenomics_2677_filterContams_318,20.250882516585165,54.9974290320572
epigenomics_2677_filterContams_319,23.167837488504617,70.84298280458877
epigenomics_2677_filterContams_320,19.662886794649406,65.5672173104051
epigenomics_2677_filterContams_321,24.348889461464317,54.12708725252079
epigenomics_2677_filterContams_322,19.932179671814293,65.61247675215844
epigenomics_2677_filterContams_323,16.71175213448919,77.00950849781282
epigenomics_2677_filterContams_324,21.186425877838413,54.623217732030014
epigenomics_2677_filterContams_325,17.699676638768242,77.0205781149161
epigenomics_2677_filterContams_326,16.568548661478466,70.07789833750223
epigenomics_2677_filterContams_327,18.23709941703021,63.43340414639076
epigenomics_2677_filterContams_328,20.75355164497111,72.2125709985893
epigenomics_2677_filterContams_329,23.954801990854232,64.50587105812377
epigenomics_2677_filterContams_330,16.84309602746612,71.18854699407657
epigenomics_2677_filterContams_331,17.28382122927643,61.71827286647859
epigenomics_2677_filterContams_332,19.700063553680533,56.4170369050571
epigenomics_2677_filterContams_333,20.601563334552395,82.27152327401839
epigenomics_2677_filterContams_334,17.282305900818326,70.31540296253729
epigenomics_2677_filterContams_335,19.141952254163876,64.01010375621857
epigenomics_2677_filterContams_336,18.062518078705363,69.01680994383605
epigenomics_2677_filterContams_337,20.62527565927954,63.565490209376435
epigenomics_2677_filterContams_338,18.29489324764166,52.067508367969005
epigenomics_2677_filterContams_339,16.05628084310158,58.289408826894686
epigenomics_2677_filterContams_340,18.990320754739383,66.80157261565887
epigenomics_2677_filterContams_341,21.339938846198514,63.166370987448516
epigenomics_2677_filterContams_342,18.30502307411762,60.40739318920717
epigenomics_2677_filterContams_343,25.59882452682583,70.1323277559687
epigenomics_2677_filterContams_344,18.238942479102118,56.31000805834581
epigenomics_2677_filterContams_345,16.83899311490359,64.88656096665274
epigenomics_2677_filterContams_346,21.893994852825674,85.44672142407705
epigenomics_2677_filterContams_347,23.059160934254916,75.94592596066808
epigenomics_2677_filterContams_348,20.83142438914333,74.57922215560134
epigenomics_2677_filterContams_349,17.587097727060147,64.88753644574449
epigenomics_2677_filterContams_350,25.59310009001371,62.57709112679021
epigenomics_2677_filterContams_351,24.314108517361223,61.90232511933082
epigenomics_2677_filterContams_352,25.1271078477112,69.06120144991912
epigenomics_2677_filterContams_353,26.465804986334206,69.25507493645651
epigenomics_2677_filterContams_354,20.461969114371982,67.76012422867792
epigenomics_2677_filterContams_355,19.595321616479435,80.22246162061457
epigenomics_2677_filterContams_356,22.92656393418715,68.50909663483331
epigenomics_2677_filterContams_357,19.574242084037085,63.23125695816748
epigenomics_2677_filterContams_358,14.820295315817717,82.57791742175806
epigenomics_2677_filterContams_359,19.757448876008656,63.56569246230036
epigenomics_2677_filterContams_360,18.40292076906825,57.50135074558633
epigenomics_2677_filterContams_361,19.292982038649484,61.21614406946427
epigenomics_2677_filterContams_362,18.05425534649128,68.31573827530093
epigenomics_2677_filterContams_363,22.422595516013335,63.20761820857933
epigenomics_2677_filterContams_364,19.074835197342296,64.37856891143689
epigenomics_2677_filterContams_365,24.384099098811358,56.83595930612445
epigenomics_2677_filterContams_366,18.28487419881753,67.50516136002756
epigenomics_2677_filterContams_367,18.644583902396842,60.11727116672391
epigenomics_2677_filterContams_368,22.4961458611889,82.02657568745485
epigenomics_2677_filterContams_369,20.525382870998726,58.55435156997842
epigenomics_2677_filterContams_370,17.823985056323945,72.52149063886259
epigenomics_2677_filterContams_371,20.91448257157434,73.53021115266664
epigenomics_2677_filterContams_372,20.367180457602625,60.843579015138616
epigenomics_2677_filterContams_373,12.732641162228608,68.56223368730447
epigenomics_2677_filterContams_374,20.363785272159934,73.87364124687609
epigenomics_2677_filterContams_375,20.662283161369615,55.8489154906577
epigenomics_2677_filterContams_376,16.90113889484825,59.66669171220231
epigenomics_2677_filterContams_377,24.100250372977946,62.500412736270704
epigenomics_2677_filterContams_378,20.799180565320434,65.20846691473812
epigenomics_2677_filterContams_379,16.407691669058288,67.1292094847102
epigenomics_2677_filterContams_380,17.33879108800605,54.348778909569575
epigenomics_2677_filterContams_381,18.60508000799403,69.60712160597248
epigenomics_2677_filterContams_382,18.570619843573578,65.20864890100194
epigenomics_2677_filterContams_383,23.95556767607096,57.49773071383086
epigenomics_2677_filterContams_384,20.547308148574892,53.278752111333375
epigenomics_2677_filterContams_385,20.941194351130274,59.0999478116612
epigenomics_2677_filterContams_386,14.628467576392097,68.47989668346521
epigenomics_2677_filterContams_387,10.81280331138582,76.79105701792255
epigenomics_2677_filterContams_388,22.08189817585971,64.7199813039046
epigenomics_2677_filterContams_389,17.76905515972582,69.16644313370148
epigenomics_2677_filterContams_390,20.016538868920087,60.70290208815839
epigenomics_2677_filterContams_391,18.20906984754011,57.75885111601123
epigenomics_2677_filterContams_392,16.978717483596288,67.35409476089472
epigenomics_2677_filterContams_393,19.682721735681703,78.78113124091216
epigenomics_2677_filterContams_394,16.525204754089955,65.41377402440304
epigenomics_2677_filterContams_395,20.56686138680262,64.77495444129974
epigenomics_2677_filterContams_396,18.604523022987763,67.04444800842337
epigenomics_2677_filterContams_397,22.494827127274032,68.68676069200713
epigenomics_2677_filterContams_398,13.292287372171815,63.14013483383291
epigenomics_2677_filterContams_399,17.60325681189317,55.01382251345162
epigenomics_2677_filterContams_400,22.589496939924313,67.3450514482068
epigenomics_2677_filterContams_401,22.867657772435134,60.79137179033384
epigenomics_2677_filterContams_402,18.591986317572914,71.1544069177851
epigenomics_2677_filterContams_403,20.123069012609324,73.72666471829535
epigenomics_2677_filterContams_404,20.59032399345347,70.50891232446558
epigenomics_2677_filterContams_405,24.0294848672049,80.65184885166254
epigenomics_2677_filterContams_406,16.443890980005072,70.55908166228438
epigenomics_2677_filterContams_407,21.73289434086362,43.93018016960151
epigenomics_2677_filterContams_408,22.356860009579115,69.7878580592898
epigenomics_2677_filterContams_409,24.4739269126836,72.40329173706807
epigenomics_2677_filterContams_410,24.809568367997322,67.82538552846056
epigenomics_2677_filterContams_411,17.868039008518295,82.86208221668262
epigenomics_2677_filterContams_412,20.2264382593564,66.94076639018883
epigenomics_2677_filterContams_413,16.24821642661317,68.41064961303685
epigenomics_2677_filterContams_414,25.42638852792315,46.64433489857822
epigenomics_2677_filterContams_415,20.622691394981725,58.956331459564055
epigenomics_2677_filterContams_416,22.997396244967128,60.53279813982671
epigenomics_2677_filterContams_417,20.024151733870074,60.789157817264595
epigenomics_2677_filterContams_418,21.627341635566864,70.60248116570938
epigenomics_2677_filterContams_419,21.691552525390897,52.593878953263484
epigenomics_2677_filterContams_420,16.72071976853009,68.41351192742898
epigenomics_2677_filterContams_421,16.169556820024134,66.7693949198881
epigenomics_2677_filterContams_422,18.818444729342005,57.48067830438248
epigenomics_2677_filterContams_423,19.89964823009932,54.29189445534454
epigenomics_2677_filterContams_424,18.946390909878748,70.63244229650705
epigenomics_2677_filterContams_425,21.635762282993625,60.19169681972436
epigenomics_2677_filterContams_426,18.405348558558035,46.3500507019849
epigenomics_2677_filterContams_427,18.69081293884239,72.69488254268525
epigenomics_2677_filterContams_428,19.611850985179995,54.66288336798385
epigenomics_2677_filterContams_429,24.766847939486354,64.29512070611007
epigenomics_2677_filterContams_430,16.39900332216416,70.36529767074147
epigenomics_2677_filterContams_431,15.08010470254266,69.40239420894483
epigenomics_2677_filterContams_432,23.17355601916658,70.35970155253517
epigenomics_2677_filterContams_433,17.18956305187366,58.309370864966006
epigenomics_2677_filterContams_434,17.69010054966934,81.83375763197738
epigenomics_2677_filterContams_435,17.321357588856756,40.5799302376346
epigenomics_2677_filterContams_436,15.695016163015644,59.94830571113094
epigenomics_2677_filterContams_437,18.101766017728945,74.28081813697811
epigenomics_2677_filterContams_438,19.89333032740717,52.95236923539796
epigenomics_2677_filterContams_439,21.041762456460027,61.98982462348448
epigenomics_2677_filterContams_440,22.086487124281504,68.97810737520392
epigenomics_2677_filterContams_441,22.333727636118027,64.61064456168597
epigenomics_2677_filterContams_442,21.5993382008538,65.21487953180126
epigenomics_2677_filterContams_443,20.73175063381642,64.15488906720452
epigenomics_2677_filterContams_444,20.15103283490808,65.50819194751992
epigenomics_2677_filterContams_445,19.854898935579378,49.03294903334671
epigenomics_2677_filterContams_446,18.28960801000601,79.4883286801962
epigenomics_2677_filterContams_447,20.850838566356433,66.92068463697218
epigenomics_2677_filterContams_448,23.037607131043504,67.24229149552531
epigenomics_2677_filterContams_449,20.401300341369215,69.27743113879191
epigenomics_2677_filterContams_450,22.60320607911431,51.65249834176238
epigenomics_2677_filterContams_451,21.890507196552374,71.62315655102464
epigenomics_2677_filterContams_452,20.43376956983043,71.17178819671396
epigenomics_2677_filterContams_453,21.37664820523664,69.193797726801
epigenomics_2677_filterContams_454,21.53428399653612,76.77253184424096
epigenomics_2677_filterContams_455,21.574268217470774,75.71049388880434
epigenomics_2677_filterContams_456,20.29677666081304,70.0877009690394
epigenomics_2677_filterContams_457,16.740776815074824,52.419159283961974
epigenomics_2677_filterContams_458,22.44402630204545,63.00075851824218
epigenomics_2677_filterContams_459,19.971600584003284,61.89221841055327
epigenomics_2677_filterContams_460,17.26080732907191,74.58713318283857
epigenomics_2677_filterContams_461,16.54405866366623,64.57002068055681
epigenomics_2677_filterContams_462,15.7984715210486,68.3832985377011
epigenomics_2677_filterContams_463,24.812113277190896,73.71595736761199
epigenomics_2677_filterContams_464,20.876614894956436,66.02424406051792
epigenomics_2677_filterContams_465,17.960624097611564,57.353659793044756
epigenomics_2677_filterContams_466,21.660026863046028,62.65308169244408
epigenomics_2677_filterContams_467,20.990374690477026,82.10984304374594
epigenomics_2677_filterContams_468,17.022704710609563,69.05734851941364
epigenomics_2677_filterContams_469,18.831436537742942,48.398929160492315
epigenomics_2677_filterContams_470,16.486486159343972,73.48397845594413
epigenomics_2677_filterContams_471,22.317494263483496,59.66785693641347
epigenomics_2677_filterContams_472,21.834882171222286,51.52805941296362
epigenomics_2677_filterContams_473,20.217012195404408,57.77167441300658
epigenomics_2677_filterContams_474,21.988786788161793,69.10134262948404
epigenomics_2677_filterContams_475,20.76946340044882,68.6428272970491
epigenomics_2677_filterContams_476,20.545259659154972,58.47815899176379
epigenomics_2677_filterContams_477,23.222419180961,67.43529375816037
epigenomics_2677_filterContams_478,15.991548420146259,79.9866709613166
epigenomics_2677_filterContams_479,19.69160095236562,58.27181081195511
epigenomics_2677_filterContams_480,18.1212003581482,66.80686680286436
epigenomics_2677_filterContams_481,18.06783468800673,53.19442313514039
epigenomics_2677_filterContams_482,21.98666878064167,57.52924296678333
epigenomics_2677_filterContams_483,13.207465442253607,78.84805456232546
epigenomics_2677_filterContams_484,14.720361181975205,66.78350350427226
epigenomics_2677_filterContams_485,22.103539912077448,67.0234777427367
epigenomics_2677_filterContams_486,16.099198385192615,65.98558572501608
epigenomics_2677_filterContams_487,22.409404740720532,59.32259362017591
epigenomics_2677_filterContams_488,20.938769328639886,78.86244751986911
epigenomics_2677_filterContams_489,24.792264645230745,66.86192199234648
epigenomics_2677_filterContams_490,25.22569004367193,48.055930266831474
epigenomics_2677_filterContams_491,16.109153792556853,65.44856990354734
epigenomics_2677_filterContams_492,22.278060081980218,58.3135498112704
epigenomics_2677_filterContams_493,17.7566141681513,66.20511801781161
epigenomics_2677_filterContams_494,19.160372862831327,56.35203630559591
epigenomics_2677_filterContams_495,20.5402368012736,57.71151399846056
epigenomics_2677_filterContams_496,20.776308207951015,69.51780353607414
epigenomics_2677_filterContams_497,23.191552808009174,65.899371295786
epigenomics_2677_filterContams_498,17.048655428961514,58.80378428994907
epigenomics_2677_filterContams_499,26.52334155816212,49.86699883473738
epigenomics_2677_sol2sanger_0,76.58121396393678,48.702334160499994
epigenomics_2677_sol2sanger_1,74.06572674043309,53.01435851195697
epigenomics_2677_sol2sanger_2,79.20219189772871,58.46125815767936
epigenomics_2677_sol2sanger_3,72.72745877279452,45.87773642909928
epigenomics_2677_sol2sanger_4,80.80712948007543,39.57251012543893
epigenomics_2677_sol2sanger_5,71.74712850005224,44.58488832553731
epigenomics_2677_sol2sanger_6,85.45826117804715,31.782589915993956
epigenomics_2677_sol2sanger_7,84.14492484800459,50.93284162588995
epigenomics_2677_sol2sanger_8,80.89252025134323,43.475483608688535
epigenomics_2677_sol2sanger_9,83.95106193534195,48.135636305879814
epigenomics_2677_sol2sanger_10,85.2814036240933,56.6563351886828
epigenomics_2677_sol2sanger_11,74.24634615162012,54.81666392811517
epigenomics_2677_sol2sanger_12,74.40924596312013,30.157686856099257
epigenomics_2677_sol2sanger_13,80.53187082175806,27.49141477192206
epigenomics_2677_sol2sanger_14,79.93686840467029,46.49168667709356
epigenomics_2677_sol2sanger_15,78.10568174046716,49.3642912525863
epigenomics_2677_sol2sanger_16,76.30026171087286,46.4902764897166
epigenomics_2677_sol2sanger_17,73.51075055682512,50.795684577608505
epigenomics_2677_sol2sanger_18,78.25609986493771,48.393716838899415
epigenomics_2677_sol2sanger_19,73.62120244772368,27.085049372838885
epigenomics_2677_sol2sanger_20,86.57015574890472,43.49702177948761
epigenomics_2677_sol2sanger_21,81.37831354493532,43.15778741921971
epigenomics_2677_sol2sanger_22,85.96518626075107,52.33846685273933
epigenomics_2677_sol2sanger_23,83.909835932641,40.841515714916234
epigenomics_2677_sol2sanger_24,82.57511798410255,41.940642512458226
epigenomics_2677_sol2sanger_25,87.35246155666063,34.49645254895571
epigenomics_2677_sol2sanger_26,75.69846552098113,48.30974581765692
epigenomics_2677_sol2sanger_27,85.5309746477669,63.006273467463366
epigenomics_2677_sol2sanger_28,86.50888381789193,47.53888560132272
epigenomics_2677_sol2sanger_29,81.4458248982063,43.98709424032377
epigenomics_2677_sol2sanger_30,84.63061459265644,45.071729128103115
epigenomics_2677_sol2sanger_31,84.08563916097994,44.28621080267703
epigenomics_2677_sol2sanger_32,75.60012295929351,55.13705115279042
epigenomics_2677_sol2sanger_33,77.58377040921833,49.565638020138955
epigenomics_2677_sol2sanger_34,78.82263696165872,52.17817452422996
epigenomics_2677_sol2sanger_35,72.7580487119267,43.90208259370232
epigenomics_2677_sol2sanger_36,84.7472544977819,38.93841300564265
epigenomics_2677_sol2sanger_37,77.82107310853527,56.31166992334669
epigenomics_2677_sol2sanger_38,83.4036851589713,56.545981768991155
epigenomics_2677_sol2sanger_39,80.05792662745968,29.030891394249554
epigenomics_2677_sol2sanger_40,83.96138257010071,48.68668723987666
epigenomics_2677_sol2sanger_41,77.08348546543664,42.651039614017364
epigenomics_2677_sol2sanger_42,77.5913683994701,46.24414453603734
epigenomics_2677_sol2sanger_43,85.97041720091275,42.285635482604505
epigenomics_2677_sol2sanger_44,81.12975172912618,38.42980906134647
epigenomics_2677_sol2sanger_45,80.68230846307173,46.08857776228028
epigenomics_2677_sol2sanger_46,77.85189370945498,44.353978149354525
epigenomics_2677_sol2sanger_47,70.59403128064028,38.18329158139706
epigenomics_2677_sol2sanger_48,83.78416729396453,32.4711486090721
epigenomics_2677_sol2sanger_49,77.04491246344611,38.20074404219564
epigenomics_2677_sol2sanger_50,84.61088777354172,60.71655568951929
epigenomics_2677_sol2sanger_51,87.80424152115907,35.85601814171353
epigenomics_2677_sol2sanger_52,81.01093302758414,48.83101853767668
epigenomics_2677_sol2sanger_53,68.80198833808419,49.961314353655254
epigenomics_2677_sol2sanger_54,76.79368990466443,41.16763640956231
epigenomics_2677_sol2sanger_55,81.75247334432163,37.920125954671796
epigenomics_2677_sol2sanger_56,75.58336960451446,30.786419483749196
epigenomics_2677_sol2sanger_57,81.16543973760966,48.29779018262759
epigenomics_2677_sol2sanger_58,80.35086550962419,60.035419786984164
epigenomics_2677_sol2sanger_59,70.19068432657787,52.81256687135876
epigenomics_2677_sol2sanger_60,79.74206224886588,50.24093551209696
epigenomics_2677_sol2sanger_61,84.95611818384546,37.579979276771866
epigenomics_2677_sol2sanger_62,84.60620495066763,49.24244869399624
epigenomics_2677_sol2sanger_63,76.79474568795511,49.397630979020384
epigenomics_2677_sol2sanger_64,69.76862714759866,45.26133926216708
epigenomics_2677_sol2sanger_65,82.41476740187841,42.02385431184979
epigenomics_2677_sol2sanger_66,73.97175931436817,45.41860601047715
epigenomics_2677_sol2sanger_67,73.12177638719517,44.79363104872134
epigenomics_2677_sol2sanger_68,73.19390094757432,56.49001905573839
epigenomics_2677_sol2sanger_69,77.2030634528471,42.91964721337545
epigenomics_2677_sol2sanger_70,75.32420421393101,50.35626037105937
epigenomics_2677_sol2sanger_71,79.89718914274519,40.62353621151882
epigenomics_2677_sol2sanger_72,78.97226027053124,43.325770570373194
epigenomics_2677_sol2sanger_73,66.27352286113413,32.555796204298694
epigenomics_2677_sol2sanger_74,82.52170652506415,42.39055912768989
epigenomics_2677_sol2sanger_75,86.67103568568564,52.76338344399525
epigenomics_2677_sol2sanger_76,80.55553309705981,48.636073868266706
epigenomics_2677_sol2sanger_77,82.52459528716895,46.722281181235665
epigenomics_2677_sol2sanger_78,82.80594922875143,56.57574810405286
epigenomics_2677_sol2sanger_79,81.14749503418646,53.27957066544217
epigenomics_2677_sol2sanger_80,88.40996478635502,41.65176401042231
epigenomics_2677_sol2sanger_81,79.60800100022367,52.34644572760411
epigenomics_2677_sol2sanger_82,81.93527027681611,46.876458548145955
epigenomics_2677_sol2sanger_83,84.11707341806942,41.42879038782414
epigenomics_2677_sol2sanger_84,84.018535956262,55.99126901766918
epigenomics_2677_sol2sanger_85,78.13122432242754,37.949357092872546
epigenomics_2677_sol2sanger_86,74.72153776545935,54.33458908735642
epigenomics_2677_sol2sanger_87,82.18122657401568,41.42279308825528
epigenomics_2677_sol2sanger_88,80.31607237022838,36.01748998310308
epigenomics_2677_sol2sanger_89,78.05935938733228,38.40047582402711
epigenomics_2677_sol2sanger_90,91.82358086432627,31.02201998828486
epigenomics_2677_sol2sanger_91,76.97121836364616,39.78121053487501
epigenomics_2677_sol2sanger_92,76.7014920365298,25.193714251749025
epigenomics_2677_sol2sanger_93,80.60820271942667,31.906986999035652
epigenomics_2677_sol2sanger_94,73.06417109380426,62.675729647406484
epigenomics_2677_sol2sanger_95,71.43241016901642,33.76745485290481
epigenomics_2677_sol2sanger_96,82.56891108199464,40.957074117430906
epigenomics_2677_sol2sanger_97,75.98290877665116,47.87982117227013
epigenomics_2677_sol2sanger_98,75.84173116700529,41.276638476992304
epigenomics_2677_sol2sanger_99,76.93157535654342,37.79784304789972
epigenomics_2677_sol2sanger_100,80.46827512201598,46.46526394038598
epigenomics_2677_sol2sanger_101,70.94513815053982,38.84212532297282
epigenomics_2677_sol2sanger_102,75.57323712494711,42.466789001542764
epigenomics_2677_sol2sanger_103,69.30695232105866,48.179723484891
epigenomics_2677_sol2sanger_104,85.42754236672968,48.649298223744616
epigenomics_2677_sol2sanger_105,87.52693693111807,32.62370112929274
epigenomics_2677_sol2sanger_106,78.80092816339955,44.67222561588638
epigenomics_2677_sol2sanger_107,88.2446822363342,39.62656535408449
epigenomics_2677_sol2sanger_108,78.25141699331529,50.41418186729934
epigenomics_2677_sol2sanger_109,78.70204975695499,49.50332184434653
epigenomics_2677_sol2sanger_110,70.28631805277578,34.578184894826954
epigenomics_2677_sol2sanger_111,80.42748819275829,53.50869524376144
epigenomics_2677_sol2sanger_112,81.23653920563419,55.02382729346874
epigenomics_2677_sol2sanger_113,80.28418469132203,44.71596589231551
epigenomics_2677_sol2sanger_114,80.47006982351174,44.91296488928489
epigenomics_2677_sol2sanger_115,80.19051486774003,41.73831206546116
epigenomics_2677_sol2sanger_116,77.20888553379372,46.434041389414574
epigenomics_2677_sol2sanger_117,77.67849671514064,61.270905286032004
epigenomics_2677_sol2sanger_118,82.07362819281377,37.66757074539444
epigenomics_2677_sol2sanger_119,83.94393950731062,57.5532254498531
epigenomics_2677_sol2sanger_120,78.17101557366935,41.96616661169347
epigenomics_2677_sol2sanger_121,86.45399119874757,42.907314345508745
epigenomics_2677_sol2sanger_122,80.32246602369999,41.500311076410725
epigenomics_2677_sol2sanger_123,86.19938167074388,21.610423617054714
epigenomics_2677_sol2sanger_124,76.16169338065092,36.638472849111395
epigenomics_2677_sol2sanger_125,82.38388984283411,42.25038904645678
epigenomics_2677_sol2sanger_126,79.37638584529532,42.86913340563581
epigenomics_2677_sol2sanger_127,82.46917990732351,31.11915078726485
epigenomics_2677_sol2sanger_128,85.04834155723331,32.72068396532338
epigenomics_2677_sol2sanger_129,80.19233845809963,49.110772233786086
epigenomics_2677_sol2sanger_130,84.40992265335157,48.15448777253829
epigenomics_2677_sol2sanger_131,89.52574359474539,36.0048620156696
epigenomics_2677_sol2sanger_132,77.09256475952905,51.97271727110782
epigenomics_2677_sol2sanger_133,72.98355806448178,42.549035353724136
epigenomics_2677_sol2sanger_134,71.71666269024705,37.67617975876426
epigenomics_2677_sol2sanger_135,81.26901719896065,50.74209349200095
epigenomics_2677_sol2sanger_136,69.86373260970575,31.758350189992548
epigenomics_2677_sol2sanger_137,75.78035769595887,46.20832154807802
epigenomics_2677_sol2sanger_138,85.70652865544426,42.80760483862355
epigenomics_2677_sol2sanger_139,83.72191604517833,29.249638478628057
epigenomics_2677_sol2sanger_140,77.49089565405956,34.301161305720235
epigenomics_2677_sol2sanger_141,82.03857744982055,31.751246539001073
epigenomics_2677_sol2sanger_142,79.42479436836345,47.51121150231262
epigenomics_2677_sol2sanger_143,83.46823779119862,48.22121831204669
epigenomics_2677_sol2sanger_144,79.24170808635051,29.687104744767574
epigenomics_2677_sol2sanger_145,79.38542615998006,52.65873004656326
epigenomics_2677_sol2sanger_146,78.6043939540991,46.98243282984583
epigenomics_2677_sol2sanger_147,78.37904738177537,59.79753610370384
epigenomics_2677_sol2sanger_148,78.63968096726171,50.06102438315582
epigenomics_2677_sol2sanger_149,78.8481395126426,40.779411543093275
epigenomics_2677_sol2sanger_150,79.83217663504757,40.95686336743945
epigenomics_2677_sol2sanger_151,60.81850305697446,58.0522918454265
epigenomics_2677_sol2sanger_152,77.58087364518983,44.737164297772615
epigenomics_2677_sol2sanger_153,81.19392136226635,35.376933582418594
epigenomics_2677_sol2sanger_154,77.12335291747736,42.8955929718741
epigenomics_2677_sol2sanger_155,80.06958178998758,53.51057976148346
epigenomics_2677_sol2sanger_156,89.39962811093277,43.94987584279073
epigenomics_2677_sol2sanger_157,85.24460520356504,36.84755975785921
epigenomics_2677_sol2sanger_158,78.73472934110656,45.60768144143525
epigenomics_2677_sol2sanger_159,76.6154414664354,41.849693123192736
epigenomics_2677_sol2sanger_160,93.7114891485165,48.56513237066867
epigenomics_2677_sol2sanger_161,68.61199086166246,42.70768411684327
epigenomics_2677_sol2sanger_162,80.34534818314127,51.071907536559216
epigenomics_2677_sol2sanger_163,79.72491505404251,45.6832571910881
epigenomics_2677_sol2sanger_164,75.45715124768385,45.99571745043784
epigenomics_2677_sol2sanger_165,79.74053721953963,40.73646694953977
epigenomics_2677_sol2sanger_166,78.61677616395026,40.616653121116016
epigenomics_2677_sol2sanger_167,86.00984491551657,49.58770152682578
epigenomics_2677_sol2sanger_168,77.37486531400852,44.579423995222925
epigenomics_2677_sol2sanger_169,69.2573664585336,38.543358966515186
epigenomics_2677_sol2sanger_170,84.08435009879302,53.051745523613285
epigenomics_2677_sol2sanger_171,84.74273647770956,49.13463180779728
epigenomics_2677_sol2sanger_172,85.80639146559867,44.553026135638554
epigenomics_2677_sol2sanger_173,67.8857743451352,38.44968644399498
epigenomics_2677_sol2sanger_174,81.21880187689908,50.464932814604815
epigenomics_2677_sol2sanger_175,74.007291157049,42.63127876637316
epigenomics_2677_sol2sanger_176,75.58127829123686,46.054664879419164
epigenomics_2677_sol2sanger_177,80.18991312888959,42.086997785466906
epigenomics_2677_sol2sanger_178,85.10872245143852,43.34816753334449
epigenomics_2677_sol2sanger_179,79.27484327055434,55.394011785594216
epigenomics_2677_sol2sanger_180,73.98415321860818,46.964005215669715
epigenomics_2677_sol2sanger_181,78.04465910286302,52.36305796506613
epigenomics_2677_sol2sanger_182,80.82624416793,51.19530416204527
epigenomics_2677_sol2sanger_183,82.18792549404684,49.319358184052824
epigenomics_2677_sol2sanger_184,80.78159457761754,48.90494520419109
epigenomics_2677_sol2sanger_185,79.61329593409086,48.39827936164666
epigenomics_2677_sol2sanger_186,85.421543273985,36.836474346637914
epigenomics_2677_sol2sanger_187,78.89439045129178,49.48295003487197
epigenomics_2677_sol2sanger_188,86.61424448712405,56.37995034419317
epigenomics_2677_sol2sanger_189,70.84012436325288,38.594023891385774
epigenomics_2677_sol2sanger_190,85.0319675052732,46.47317898411361
epigenomics_2677_sol2sanger_191,80.00352479911074,42.68239661104406
epigenomics_2677_sol2sanger_192,73.64440144686128,47.15192237693401
epigenomics_2677_sol2sanger_193,77.17703432234943,47.79643506109635
epigenomics_2677_sol2sanger_194,83.0954087266557,51.462196239629094
epigenomics_2677_sol2sanger_195,84.52067343883937,41.15054718267881
epigenomics_2677_sol2sanger_196,87.6144728737505,54.81723267195539
epigenomics_2677_sol2sanger_197,83.69743085044878,39.94848656531709
epigenomics_2677_sol2sanger_198,73.62554037041724,52.13612549757825
epigenomics_2677_sol2sanger_199,80.00269469418036,27.82041807783169
epigenomics_2677_sol2sanger_200,87.76863120465907,53.92120848176672
epigenomics_2677_sol2sanger_201,75.2268502695906,39.11851659106999
epigenomics_2677_sol2sanger_202,85.93134787423571,50.740387538427505
epigenomics_2677_sol2sanger_203,79.20708125554101,32.14212705459583
epigenomics_2677_sol2sanger_204,81.64364817247075,36.941437786476726
epigenomics_2677_sol2sanger_205,74.13166133106674,43.63780917091303
epigenomics_2677_sol2sanger_206,82.24329464066976,45.30630023897262
epigenomics_2677_sol2sanger_207,83.71675927054555,34.906268703643065
epigenomics_2677_sol2sanger_208,75.06977324989171,56.20648335540503
epigenomics_2677_sol2sanger_209,85.5173554813286,45.13792515206935
epigenomics_2677_sol2sanger_210,77.93401249597825,39.52488998842784
epigenomics_2677_sol2sanger_211,79.36707491827504,47.627605590087796
epigenomics_2677_sol2sanger_212,69.20785810618743,41.45837645020213
epigenomics_2677_sol2sanger_213,75.3173957248318,56.43699984865502
epigenomics_2677_sol2sanger_214,81.15787002634096,41.67241984497904
epigenomics_2677_sol2sanger_215,82.747828378992,54.12710843659317
epigenomics_2677_sol2sanger_216,80.01029803764862,44.30216119456037
epigenomics_2677_sol2sanger_217,76.09631475795686,36.773573740924235
epigenomics_2677_sol2sanger_218,79.2414949621526,28.57932733611831
epigenomics_2677_sol2sanger_219,80.99562266932665,42.224561465305364
epigenomics_2677_sol2sanger_220,77.3089229712069,43.29686800167313
epigenomics_2677_sol2sanger_221,76.74112700327869,39.24611837746308
epigenomics_2677_sol2sanger_222,81.65244136692836,46.06807621298354
epigenomics_2677_sol2sanger_223,87.27155160374753,45.61471138143069
epigenomics_2677_sol2sanger_224,82.81069211031381,37.79765974909838
epigenomics_2677_sol2sanger_225,83.2095071763084,39.18144917440062
epigenomics_2677_sol2sanger_226,73.8636821514775,33.999535048525814
epigenomics_2677_sol2sanger_227,82.36109207270513,35.1626413512661
epigenomics_2677_sol2sanger_228,80.06093382422746,40.681549323168205
epigenomics_2677_sol2sanger_229,72.25560814561607,22.486993136222736
epigenomics_2677_sol2sanger_230,76.28582333236886,61.66986963588914
epigenomics_2677_sol2sanger_231,73.27667565251816,49.627364085013795
epigenomics_2677_sol2sanger_232,79.15913895389811,43.5620167127793
epigenomics_2677_sol2sanger_233,74.555508585382,46.822996547043786
epigenomics_2677_sol2sanger_234,77.84704248923943,53.54477616224224
epigenomics_2677_sol2sanger_235,81.76455182446233,48.25594105054887
epigenomics_2677_sol2sanger_236,82.50615017689454,40.35838036214912
epigenomics_2677_sol2sanger_237,74.2422629376772,45.511663573873406
epigenomics_2677_sol2sanger_238,78.15204679632197,40.0123952335709
epigenomics_2677_sol2sanger_239,84.7086624343716,47.52428940333557
epigenomics_2677_sol2sanger_240,87.87520545159222,40.72340705858342
epigenomics_2677_sol2sanger_241,81.63584556842538,48.16328737340595
epigenomics_2677_sol2sanger_242,79.94457822791591,46.607817974527
epigenomics_2677_sol2sanger_243,79.55014774218724,42.48561036186278
epigenomics_2677_sol2sanger_244,89.10883069436652,30.634145216091305
epigenomics_2677_sol2sanger_245,81.1435488888229,51.165140726547875
epigenomics_2677_sol2sanger_246,76.62458187939608,39.25855253853522
epigenomics_2677_sol2sanger_247,81.50229158943361,42.68249734234433
epigenomics_2677_sol2sanger_248,77.73338266152666,58.81646472146853
epigenomics_2677_sol2sanger_249,76.38901581259826,33.59535669989902
epigenomics_2677_sol2sanger_250,79.85955871102838,54.80306286268334
epigenomics_2677_sol2sanger_251,74.90532616262827,47.9880976708515
epigenomics_2677_sol2sanger_252,73.97755988549626,49.43151955364199
epigenomics_2677_sol2sanger_253,90.48954538376705,44.35054907412386
epigenomics_2677_sol2sanger_254,71.97919186325787,72.43564328134624
epigenomics_2677_sol2sanger_255,75.69680903481483,46.67345854075068
epigenomics_2677_sol2sanger_256,80.93855627081936,48.88448284961645
epigenomics_2677_sol2sanger_257,82.09269894814626,42.97086690298226
epigenomics_2677_sol2sanger_258,72.37032029602528,41.47659267392275
epigenomics_2677_sol2sanger_259,79.06911114158638,32.37977491947609
epigenomics_2677_sol2sanger_260,73.33267193278328,45.89041079276255
epigenomics_2677_sol2sanger_261,77.99842687687745,46.10098544821015
epigenomics_2677_sol2sanger_262,74.30922772794253,48.41987165297098
epigenomics_2677_sol2sanger_263,85.83686325383593,41.419244582956466
epigenomics_2677_sol2sanger_264,80.86073723187056,46.76175690222706
epigenomics_2677_sol2sanger_265,81.25698168426774,40.6743866456616
epigenomics_2677_sol2sanger_266,78.11681114745606,46.763164983653674
epigenomics_2677_sol2sanger_267,78.79668158732726,41.39620558340398
epigenomics_2677_sol2sanger_268,73.58368490345225,51.13240843155901
epigenomics_2677_sol2sanger_269,76.10633269844044,50.45214725693147
epigenomics_2677_sol2sanger_270,80.86617212417092,41.04438119955715
epigenomics_2677_sol2sanger_271,90.59780331212082,45.44552357734794
epigenomics_2677_sol2sanger_272,87.39190083514923,45.10651696208683
epigenomics_2677_sol2sanger_273,78.64494549199894,44.31957931136356
epigenomics_2677_sol2sanger_274,79.55723289355346,59.0540148546682
epigenomics_2677_sol2sanger_275,81.05293493891905,52.46819579084525
epigenomics_2677_sol2sanger_276,76.5998171575572,38.67940710439662
epigenomics_2677_sol2sanger_277,76.10699859792513,52.752321551457015
epigenomics_2677_sol2sanger_278,80.74758402292639,50.71019652729843
epigenomics_2677_sol2sanger_279,83.45657388953724,41.26991614978678
epigenomics_2677_sol2sanger_280,71.84030989753845,61.821118123458845
epigenomics_2677_sol2sanger_281,74.56163052466746,48.744725125788044
epigenomics_2677_sol2sanger_282,81.44455448656453,58.302017983366696
epigenomics_2677_sol2sanger_283,79.78327633778937,40.22864207869671
epigenomics_2677_sol2sanger_284,78.90251833553022,40.76188094184092
epigenomics_2677_sol2sanger_285,88.12960145069178,46.021084818224175
epigenomics_2677_sol2sanger_286,75.47062519658132,49.58692018539069
epigenomics_2677_sol2sanger_287,85.87704575530357,45.968380008486356
epigenomics_2677_sol2sanger_288,81.43841507990123,41.27689125145196
epigenomics_2677_sol2sanger_289,77.27787776943008,48.381526281877754
epigenomics_2677_sol2sanger_290,77.0919734816028,32.20238375471791
epigenomics_2677_sol2sanger_291,77.74075498419481,44.45518948223757
epigenomics_2677_sol2sanger_292,78.4908121774721,26.385745833223858
epigenomics_2677_sol2sanger_293,81.3795033410282,42.75439538912163
epigenomics_2677_sol2sanger_294,82.47982926043863,38.46186275093109
epigenomics_2677_sol2sanger_295,91.77837107946961,35.88691673413975
epigenomics_2677_sol2sanger_296,82.37387693355706,55.87866349661523
epigenomics_2677_sol2sanger_297,72.808962944357,46.34023575540961
epigenomics_2677_sol2sanger_298,79.07421104860117,57.49415385801247
epigenomics_2677_sol2sanger_299,77.90115537078505,53.83034555948489
epigenomics_2677_sol2sanger_300,86.56155522110218,40.75349163130313
epigenomics_2677_sol2sanger_301,79.2619965945276,25.758734946149463
epigenomics_2677_sol2sanger_302,74.21154942536702,33.14718609040365
epigenomics_2677_sol2sanger_303,87.18548613508834,49.12292410931105
epigenomics_2677_sol2sanger_304,73.22847909729241,53.930867515609464
epigenomics_2677_sol2sanger_305,66.99674112235869,48.43903967514434
epigenomics_2677_sol2sanger_306,82.4195413400542,52.69915407230069
epigenomics_2677_sol2sanger_307,82.07769223403228,48.91872805047897
epigenomics_2677_sol2sanger_308,85.73630466787765,35.56303256968656
epigenomics_2677_sol2sanger_309,84.5045065423928,46.97257167871857
epigenomics_2677_sol2sanger_310,84.32078925016067,51.17244215080139
epigenomics_2677_sol2sanger_311,78.58842688419836,52.52420805095963
epigenomics_2677_sol2sanger_312,85.32250477074453,38.063408500462295
epigenomics_2677_sol2sanger_313,77.60670258988443,55.1884453730392
epigenomics_2677_sol2sanger_314,63.25558065546177,51.63533117103459
epigenomics_2677_sol2sanger_315,86.40356332189133,60.36534810692373
epigenomics_2677_sol2sanger_316,84.1982819876654,44.50592250596564
epigenomics_2677_sol2sanger_317,77.55961668474762,48.50832299824138
epigenomics_2677_sol2sanger_318,78.44333107576652,41.10702711441497
epigenomics_2677_sol2sanger_319,84.87615657065835,49.339377258131805
epigenomics_2677_sol2sanger_320,77.1825701206181,58.799385852736776
epigenomics_2677_sol2sanger_321,84.54753040427528,51.30834192775341
epigenomics_2677_sol2sanger_322,80.19382312521404,29.084793924119563
epigenomics_2677_sol2sanger_323,85.70940377462392,39.079242695991816
epigenomics_2677_sol2sanger_324,84.51642906315088,53.24368882273639
epigenomics_2677_sol2sanger_325,80.1478675733452,34.208304804989915
epigenomics_2677_sol2sanger_326,74.15123466292364,41.40845030670996
epigenomics_2677_sol2sanger_327,76.58908143644702,55.375345667605615
epigenomics_2677_sol2sanger_328,81.42137128549194,45.09867002770599
epigenomics_2677_sol2sanger_329,80.909473146256,56.05054396482817
epigenomics_2677_sol2sanger_330,83.6681271279778,37.01909455153142
epigenomics_2677_sol2sanger_331,74.34077107291562,33.36687761778439
epigenomics_2677_sol2sanger_332,75.40285704347215,44.73878203207776
epigenomics_2677_sol2sanger_333,83.84559485496978,43.34512504499139
epigenomics_2677_sol2sanger_334,83.57169605872853,48.32687530418828
epigenomics_2677_sol2sanger_335,80.77464637725183,47.26842317953519
epigenomics_2677_sol2sanger_336,82.87203558212698,58.11920748721762
epigenomics_2677_sol2sanger_337,75.53390577433348,68.36106272093527
epigenomics_2677_sol2sanger_338,78.20724791163119,47.680903248085926
epigenomics_2677_sol2sanger_339,84.26904795448237,48.10669943026573
epigenomics_2677_sol2sanger_340,81.98342046336211,51.77614032246916
epigenomics_2677_sol2sanger_341,78.9952123514724,42.48520452804568
epigenomics_2677_sol2sanger_342,77.58714512376912,43.08507103493626
epigenomics_2677_sol2sanger_343,71.76556666659744,46.061745561258654
epigenomics_2677_sol2sanger_344,76.50015217241338,47.81658704571266
epigenomics_2677_sol2sanger_345,83.40136959480367,47.751166655900946
epigenomics_2677_sol2sanger_346,77.19320167248513,45.18757084374347
epigenomics_2677_sol2sanger_347,84.63545015801063,43.75946550813902
epigenomics_2677_sol2sanger_348,78.48398908054585,44.40278904655339
epigenomics_2677_sol2sanger_349,78.89420116575862,45.114552814686554
epigenomics_2677_sol2sanger_350,94.17599846984051,51.42147858890172
epigenomics_2677_sol2sanger_351,80.06700162748275,47.6581458615177
epigenomics_2677_sol2sanger_352,76.87761772883678,40.73868042149594
epigenomics_2677_sol2sanger_353,80.37578309320041,51.120174165883036
epigenomics_2677_sol2sanger_354,78.2234222254503,45.40570256018044
epigenomics_2677_sol2sanger_355,74.08828932845869,55.16423955278401
epigenomics_2677_sol2sanger_356,80.89969105331686,54.52657688278177
epigenomics_2677_sol2sanger_357,79.45227240531841,43.640792115566846
epigenomics_2677_sol2sanger_358,86.4466023094704,39.494983472930784
epigenomics_2677_sol2sanger_359,77.17045726168124,56.27921864059153
epigenomics_2677_sol2sanger_360,82.74177917136478,53.601530579534625
epigenomics_2677_sol2sanger_361,90.18223562564845,45.42410095722722
epigenomics_2677_sol2sanger_362,85.41992764823019,41.9143275492865
epigenomics_2677_sol2sanger_363,80.41124600897062,40.17683833490465
epigenomics_2677_sol2sanger_364,83.48684352890068,54.85904928652019
epigenomics_2677_sol2sanger_365,76.33129742653963,37.20458406052165
epigenomics_2677_sol2sanger_366,81.46296196447187,47.06343479903921
epigenomics_2677_sol2sanger_367,76.54746365818568,34.82076467408815
epigenomics_2677_sol2sanger_368,86.57071384068723,53.39838602454067
epigenomics_2677_sol2sanger_369,72.61482212115071,53.474813527435614
epigenomics_2677_sol2sanger_370,75.5533061375816,41.097331374592656
epigenomics_2677_sol2sanger_371,89.74780182985539,44.08316813058802
epigenomics_2677_sol2sanger_372,75.55794356048241,53.59767638830198
epigenomics_2677_sol2sanger_373,80.80416320564501,44.11301287800558
epigenomics_2677_sol2sanger_374,79.2612162157551,46.0256099831438
epigenomics_2677_sol2sanger_375,77.52413824980071,30.849856930432537
epigenomics_2677_sol2sanger_376,78.68427644206236,45.53031571836134
epigenomics_2677_sol2sanger_377,87.06368160057806,52.62552293557006
epigenomics_2677_sol2sanger_378,82.8533800755681,50.433067356724955
epigenomics_2677_sol2sanger_379,78.21278720386623,53.77543929661792
epigenomics_2677_sol2sanger_380,84.73616937498537,45.40121567068189
epigenomics_2677_sol2sanger_381,70.95547209108507,54.41672263007696
epigenomics_2677_sol2sanger_382,81.41601938399496,43.05388404867595
epigenomics_2677_sol2sanger_383,80.04587559742438,53.411392624304845
epigenomics_2677_sol2sanger_384,73.43738760461073,35.840980064678675
epigenomics_2677_sol2sanger_385,77.59855969368273,50.963097373953076
epigenomics_2677_sol2sanger_386,81.25682412519122,55.31444434870606
epigenomics_2677_sol2sanger_387,80.79175747449176,54.38556095066001
epigenomics_2677_sol2sanger_388,81.72500753010206,40.34684549982184
epigenomics_2677_sol2sanger_389,86.25797289645396,46.09276911378024
epigenomics_2677_sol2sanger_390,78.42196113723446,47.42469643523108
epigenomics_2677_sol2sanger_391,86.34854878773925,39.22587443635635
epigenomics_2677_sol2sanger_392,81.52619560099987,51.77681494119794
epigenomics_2677_sol2sanger_393,77.19165464748413,40.43655800364222
epigenomics_2677_sol2sanger_394,88.97406099844046,35.79264621041433
epigenomics_2677_sol2sanger_395,82.93246497255168,42.12469150100165
epigenomics_2677_sol2sanger_396,75.59240374582035,50.837706221433905
epigenomics_2677_sol2sanger_397,75.15688847452729,65.05841932486896
epigenomics_2677_sol2sanger_398,86.08767226577146,44.54390235759976
epigenomics_2677_sol2sanger_399,80.71047280735688,45.886932512531274
epigenomics_2677_sol2sanger_400,82.9089621275156,47.02124273436994
epigenomics_2677_sol2sanger_401,82.73975983978407,47.24308826655614
epigenomics_2677_sol2sanger_402,73.68988843717722,46.58228424439654
epigenomics_2677_sol2sanger_403,81.60780573465554,53.07975296089547
epigenomics_2677_sol2sanger_404,79.71615195632214,37.6597042122933
epigenomics_2677_sol2sanger_405,73.50980055214333,30.127986778267363
epigenomics_2677_sol2sanger_406,87.17457555760298,52.72655807648103
epigenomics_2677_sol2sanger_407,79.45860998689862,62.57875091664569
epigenomics_2677_sol2sanger_408,77.5713715448571,34.81537914466171
epigenomics_2677_sol2sanger_409,76.07693462890323,44.61105490261272
epigenomics_2677_sol2sanger_410,80.25361275300259,41.740398849528
epigenomics_2677_sol2sanger_411,72.75991240593716,40.627219856724906
epigenomics_2677_sol2sanger_412,81.82589261199693,44.771303026129466
epigenomics_2677_sol2sanger_413,87.3907282417627,38.131700481141124
epigenomics_2677_sol2sanger_414,76.50920483548379,49.30893309439172
epigenomics_2677_sol2sanger_415,83.98287153547157,45.231039702034856
epigenomics_2677_sol2sanger_416,81.99442725453088,48.19402983420094
epigenomics_2677_sol2sanger_417,77.46242121229243,44.0784651023784
epigenomics_2677_sol2sanger_418,76.50467963252179,60.19056845059876
epigenomics_2677_sol2sanger_419,83.47241384099986,40.32035518444898
epigenomics_2677_sol2sanger_420,83.72216101363823,32.065101554517334
epigenomics_2677_sol2sanger_421,74.49948728319764,43.426126109648244
epigenomics_2677_sol2sanger_422,86.80388687640978,42.61132759961852
epigenomics_2677_sol2sanger_423,88.46975443798014,51.19714262465418
epigenomics_2677_sol2sanger_424,90.69468427187064,54.08111851096915
epigenomics_2677_sol2sanger_425,74.45584751663618,58.100325269948904
epigenomics_2677_sol2sanger_426,82.99037585627158,50.171907493380516
epigenomics_2677_sol2sanger_427,72.24222602965774,47.741263556603684
epigenomics_2677_sol2sanger_428,77.42047544269423,38.88669360424527
epigenomics_2677_sol2sanger_429,74.37800346711231,38.88680833352346
epigenomics_2677_sol2sanger_430,73.19978073439003,43.90430892924184
epigenomics_2677_sol2sanger_431,80.79085505251204,55.47545331637801
epigenomics_2677_sol2sanger_432,85.270595455223,42.91834497648021
epigenomics_2677_sol2sanger_433,71.97947025384184,35.23524673445081
epigenomics_2677_sol2sanger_434,69.72126484677605,45.251186498331464
epigenomics_2677_sol2sanger_435,75.03607994744776,43.20317281240181
epigenomics_2677_sol2sanger_436,85.25325854704364,52.238329041402295
epigenomics_2677_sol2sanger_437,81.09213619400282,48.06920005952321
epigenomics_2677_sol2sanger_438,80.05106008717719,40.28402239995147
epigenomics_2677_sol2sanger_439,87.66887477325106,53.375232823611825
epigenomics_2677_sol2sanger_440,77.3070610857887,36.26294871980221
epigenomics_2677_sol2sanger_441,78.07560244674724,36.514003422419506
epigenomics_2677_sol2sanger_442,77.41437748452553,43.80962657990421
epigenomics_2677_sol2sanger_443,79.40000343405774,38.36250978179659
epigenomics_2677_sol2sanger_444,76.50161838744309,40.50946798299313
epigenomics_2677_sol2sanger_445,81.51100644171639,44.229594553220515
epigenomics_2677_sol2sanger_446,70.72439914899768,48.44741277035572
epigenomics_2677_sol2sanger_447,78.7647419177904,36.15275820582215
epigenomics_2677_sol2sanger_448,81.82596672841775,41.92594833813938
epigenomics_2677_sol2sanger_449,83.44912630279694,54.501396750646144
epigenomics_2677_sol2sanger_450,81.66226787849025,40.80343681272391
epigenomics_2677_sol2sanger_451,81.13439384801354,49.997681663424444
epigenomics_2677_sol2sanger_452,85.29144924865243,55.789627261805464
epigenomics_2677_sol2sanger_453,84.53812631936538,45.69447777235111
epigenomics_2677_sol2sanger_454,74.89068814566836,45.41562073590126
epigenomics_2677_sol2sanger_455,78.855231404409,44.68879937603976
epigenomics_2677_sol2sanger_456,75.60295613820567,34.57081568563985
epigenomics_2677_sol2sanger_457,67.17442740872517,44.95424926421049
epigenomics_2677_sol2sanger_458,78.32370802852611,52.73142297863595
epigenomics_2677_sol2sanger_459,90.10013835608922,35.556150004495414
epigenomics_2677_sol2sanger_460,81.60127825851848,60.3081348019033
epigenomics_2677_sol2sanger_461,73.999581360855,39.666751264183574
epigenomics_2677_sol2sanger_462,81.18580854916223,36.92929043462714
epigenomics_2677_sol2sanger_463,70.78863132007277,53.780726845451724
epigenomics_2677_sol2sanger_464,72.34991579991129,51.11235286296592
epigenomics_2677_sol2sanger_465,74.85876317798251,42.299132966508935
epigenomics_2677_sol2sanger_466,84.32535834840397,46.91675271086442
epigenomics_2677_sol2sanger_467,76.27432648050795,44.39329382333596
epigenomics_2677_sol2sanger_468,78.93532183156087,39.51934240596772
epigenomics_2677_sol2sanger_469,80.84943245307741,43.35713268100739
epigenomics_2677_sol2sanger_470,75.73461058162546,55.24640892985668
epigenomics_2677_sol2sanger_471,69.82350301905157,57.23765775110669
epigenomics_2677_sol2sanger_472,75.74597261030297,44.21283302726175
epigenomics_2677_sol2sanger_473,83.24079271158705,28.34851692056309
epigenomics_2677_sol2sanger_474,81.37984757590871,47.42194356702934
epigenomics_2677_sol2sanger_475,80.21240672172833,48.137874824600125
epigenomics_2677_sol2sanger_476,74.01390588730509,29.212770210875245
epigenomics_2677_sol2sanger_477,85.12278308783657,55.10826943679743
epigenomics_2677_sol2sanger_478,78.6250452154585,40.63384858562506
epigenomics_2677_sol2sanger_479,78.13385267959099,34.61510061814825
epigenomics_2677_sol2sanger_480,82.59839724294224,43.939062125901145
epigenomics_2677_sol2sanger_481,74.85432336606013,47.98662772018049
epigenomics_2677_sol2sanger_482,80.51820902360531,38.00550263785729
epigenomics_2677_sol2sanger_483,73.59627056762336,54.26170459198492
epigenomics_2677_sol2sanger_484,73.87530150327594,47.931880663859545
epigenomics_2677_sol2sanger_485,75.42609960416259,38.88778653121209
epigenomics_2677_sol2sanger_486,79.3119873959028,53.33339928458499
epigenomics_2677_sol2sanger_487,74.74893827001658,49.801244621877586
epigenomics_2677_sol2sanger_488,84.42665248837842,43.850223005944635
epigenomics_2677_sol2sanger_489,77.50163435406796,49.90190348132781
epigenomics_2677_sol2sanger_490,79.44677620362252,45.95371221747775
epigenomics_2677_sol2sanger_491,90.4975638999824,42.79197634245621
epigenomics_2677_sol2sanger_492,75.74395120719834,29.398101246814605
epigenomics_2677_sol2sanger_493,83.27459899904568,40.92837609522016
epigenomics_2677_sol2sanger_494,80.84779970500074,60.470565107101145
epigenomics_2677_sol2sanger_495,72.39135081023028,39.32637874467105
epigenomics_2677_sol2sanger_496,79.85365059194268,32.45812660187814
epigenomics_2677_sol2sanger_497,79.89369986616425,35.91310896892808
epigenomics_2677_sol2sanger_498,89.63449104566389,37.90676087562152
epigenomics_2677_sol2sanger_499,75.92081049095843,31.001802527836368
epigenomics_2677_fast2bfq_0,49.47119497086068,88.15099302921858
epigenomics_2677_fast2bfq_1,52.130586666775095,72.27870787905796
epigenomics_2677_fast2bfq_2,47.97475351564373,76.70746736030291
epigenomics_2677_fast2bfq_3,37.11844688928861,74.88758923965074
epigenomics_2677_fast2bfq_4,48.325914707488316,84.94014018225278
epigenomics_2677_fast2bfq_5,45.51346169717071,63.845472011922865
epigenomics_2677_fast2bfq_6,36.00520776037523,86.96751812679527
epigenomics_2677_fast2bfq_7,43.63004860287669,64.9294820309011
epigenomics_2677_fast2bfq_8,30.17270581952745,78.03022995013076
epigenomics_2677_fast2bfq_9,37.05262620977829,77.22254864058529
epigenomics_2677_fast2bfq_10,60.50587300509425,86.8876379504512
epigenomics_2677_fast2bfq_11,34.82020566157845,75.57378304701236
epigenomics_2677_fast2bfq_12,48.74384843419591,73.0417700901658
epigenomics_2677_fast2bfq_13,38.90721544697811,81.4828247945699
epigenomics_2677_fast2bfq_14,36.36938443964596,80.70472111161652
epigenomics_2677_fast2bfq_15,51.25592564840715,83.23858657139091
epigenomics_2677_fast2bfq_16,37.62168371131725,93.07036620534582
epigenomics_2677_fast2bfq_17,57.13131371823544,77.94829088709517
epigenomics_2677_fast2bfq_18,51.75999505913538,72.15413994777876
epigenomics_2677_fast2bfq_19,38.14304814707696,76.56391573709966
epigenomics_2677_fast2bfq_20,46.12399729588829,71.570297537508
epigenomics_2677_fast2bfq_21,45.04384804117862,66.26860893182445
epigenomics_2677_fast2bfq_22,43.15608259752638,68.58922768988725
epigenomics_2677_fast2bfq_23,48.60022846318562,82.43301896110752
epigenomics_2677_fast2bfq_24,43.14300244896429,83.6716203658615
epigenomics_2677_fast2bfq_25,46.003601356918004,92.4366405771348
epigenomics_2677_fast2bfq_26,35.26098848018026,76.46684131922218
epigenomics_2677_fast2bfq_27,49.53806928313415,84.58740079576333
epigenomics_2677_fast2bfq_28,53.49363006185733,73.7274522237744
epigenomics_2677_fast2bfq_29,36.89691664978561,77.57536164877702
epigenomics_2677_fast2bfq_30,50.53754806277186,69.80276896944945
epigenomics_2677_fast2bfq_31,52.66390648818279,89.75411988635821
epigenomics_2677_fast2bfq_32,46.512695577610295,72.7786902852463
epigenomics_2677_fast2bfq_33,44.28821177031256,85.69194871812084
epigenomics_2677_fast2bfq_34,51.40703059866819,78.42867204217704
epigenomics_2677_fast2bfq_35,48.2404011463272,67.14509655544657
epigenomics_2677_fast2bfq_36,51.852685490886294,67.71800449002478
epigenomics_2677_fast2bfq_37,33.66673033324149,85.2331494107437
epigenomics_2677_fast2bfq_38,39.57384311576814,76.15510951135907
epigenomics_2677_fast2bfq_39,50.947290130506836,73.2479526711675
epigenomics_2677_fast2bfq_40,41.568196102546985,81.8495258133379
epigenomics_2677_fast2bfq_41,41.122101861147165,73.50575409127798
epigenomics_2677_fast2bfq_42,44.92788677750168,90.39704378051186
epigenomics_2677_fast2bfq_43,47.939910681833474,75.91337491185097
epigenomics_2677_fast2bfq_44,55.60854043150749,80.09871220262033
epigenomics_2677_fast2bfq_45,43.55692710893691,85.33867362751053
epigenomics_2677_fast2bfq_46,55.15548492670693,80.26708853408053
epigenomics_2677_fast2bfq_47,35.77344347604411,72.42832248548278
epigenomics_2677_fast2bfq_48,48.944134124351166,81.11105808756388
epigenomics_2677_fast2bfq_49,42.91082990756907,86.1795115504515
epigenomics_2677_fast2bfq_50,39.16995353927912,78.87474483802855
epigenomics_2677_fast2bfq_51,42.459264618145596,83.52965572807454
epigenomics_2677_fast2bfq_52,46.06751482934118,85.2213390576916
epigenomics_2677_fast2bfq_53,44.03016815045881,87.01377166743724
epigenomics_2677_fast2bfq_54,33.292864075158796,100.7211961046832
epigenomics_2677_fast2bfq_55,53.639855505763286,78.89033022534497
epigenomics_2677_fast2bfq_56,48.96959503508953,78.90265009943452
epigenomics_2677_fast2bfq_57,47.158978123573334,78.80173179541309
epigenomics_2677_fast2bfq_58,36.76401471662945,86.37487348657633
epigenomics_2677_fast2bfq_59,51.19859277206591,85.12320740157188
epigenomics_2677_fast2bfq_60,52.67927228534707,83.17477016403382
epigenomics_2677_fast2bfq_61,37.285387452351145,80.82730374608977
epigenomics_2677_fast2bfq_62,48.279505110099855,81.15934550167641
epigenomics_2677_fast2bfq_63,43.57281155934193,77.68904633224612
epigenomics_2677_fast2bfq_64,39.36216317719275,74.75107094296247
epigenomics_2677_fast2bfq_65,44.88658921390722,80.80401970277917
epigenomics_2677_fast2bfq_66,32.80640218777401,77.08044642741059
epigenomics_2677_fast2bfq_67,50.45589624137432,84.99669941614928
epigenomics_2677_fast2bfq_68,43.93274415835497,73.7595951602434
epigenomics_2677_fast2bfq_69,58.280238682901675,80.73926993985432
epigenomics_2677_fast2bfq_70,47.532886801308194,80.89345564585416
epigenomics_2677_fast2bfq_71,46.441809566722725,75.20086860333367
epigenomics_2677_fast2bfq_72,41.89709603187288,69.03895028704963
epigenomics_2677_fast2bfq_73,43.580530031727235,85.82458833777635
epigenomics_2677_fast2bfq_74,45.52502191604991,86.10774268046843
epigenomics_2677_fast2bfq_75,35.33821015722506,83.67089822666217
epigenomics_2677_fast2bfq_76,49.34451932711809,81.89931961659562
epigenomics_2677_fast2bfq_77,33.40986504984981,78.14385259235465
epigenomics_2677_fast2bfq_78,42.3090860146076,73.84043852404618
epigenomics_2677_fast2bfq_79,42.836288315658706,82.70630346646945
epigenomics_2677_fast2bfq_80,49.293552639653264,66.17921209931224
epigenomics_2677_fast2bfq_81,37.928309350328476,82.62877495147471
epigenomics_2677_fast2bfq_82,43.365182005163696,87.52300142367754
epigenomics_2677_fast2bfq_83,35.49981611347777,73.06132213055427
epigenomics_2677_fast2bfq_84,52.801132440517165,82.0700732228444
epigenomics_2677_fast2bfq_85,41.78971414149788,75.71309025681957
epigenomics_2677_fast2bfq_86,49.372509573597256,76.7616163924001
epigenomics_2677_fast2bfq_87,34.00233502654294,91.70343470087552
epigenomics_2677_fast2bfq_88,33.21282588799167,83.1362813945499
epigenomics_2677_fast2bfq_89,45.13705054265742,71.90182243728444
epigenomics_2677_fast2bfq_90,44.61579098141996,82.88485803415037
epigenomics_2677_fast2bfq_91,31.404668045310228,74.20726753261428
epigenomics_2677_fast2bfq_92,48.691809113350864,84.40471438736152
epigenomics_2677_fast2bfq_93,57.03958793088682,71.2419088713595
epigenomics_2677_fast2bfq_94,54.99926587853218,86.90713971431668
epigenomics_2677_fast2bfq_95,39.57358902003068,88.63930280109861
epigenomics_2677_fast2bfq_96,48.6410383920267,71.68302888926793
epigenomics_2677_fast2bfq_97,46.11447835713562,85.66027856948917
epigenomics_2677_fast2bfq_98,48.26535597972764,66.94359349414188
epigenomics_2677_fast2bfq_99,53.32373924811775,76.72047034653332
epigenomics_2677_fast2bfq_100,45.72312513621354,84.97327506801747
epigenomics_2677_fast2bfq_101,45.981887020344864,81.90631026787182
epigenomics_2677_fast2bfq_102,55.61238546246416,70.76501556859085
epigenomics_2677_fast2bfq_103,32.07724143482381,85.54724562769069
epigenomics_2677_fast2bfq_104,47.05920544582488,77.60030081132425
epigenomics_2677_fast2bfq_105,42.060431661726774,66.1030264778086
epigenomics_2677_fast2bfq_106,36.886375571131325,85.12315272781899
epigenomics_2677_fast2bfq_107,43.60752983214662,77.38733134963945
epigenomics_2677_fast2bfq_108,43.35859130099564,79.15125310499846
epigenomics_2677_fast2bfq_109,38.853066483410444,83.78520911813162
epigenomics_2677_fast2bfq_110,44.71323112610003,86.13273493552852
epigenomics_2677_fast2bfq_111,62.060166006337,72.99628509764676
epigenomics_2677_fast2bfq_112,52.218556640377265,78.8372455125235
epigenomics_2677_fast2bfq_113,43.50964007909938,83.70941774696979
epigenomics_2677_fast2bfq_114,39.496444094239926,70.75333248546842
epigenomics_2677_fast2bfq_115,41.11189378228064,73.63116608197565
epigenomics_2677_fast2bfq_116,32.97511918460752,78.92776164701576
epigenomics_2677_fast2bfq_117,46.33637207725701,82.55971096051057
epigenomics_2677_fast2bfq_118,44.86592208171795,89.18766506742412
epigenomics_2677_fast2bfq_119,39.10269860581147,86.35259415681611
epigenomics_2677_fast2bfq_120,44.58478536453419,83.68571983655676
epigenomics_2677_fast2bfq_121,42.06296378682723,85.35464421309426
epigenomics_2677_fast2bfq_122,49.87684762833743,84.50546322273577
epigenomics_2677_fast2bfq_123,40.65780982126886,67.5611892977497
epigenomics_2677_fast2bfq_124,50.549695244243445,74.41389338581776
epigenomics_2677_fast2bfq_125,49.77574371479937,85.50235616878393
epigenomics_2677_fast2bfq_126,35.5430193381608,87.42213572214528
epigenomics_2677_fast2bfq_127,48.87923928605928,76.7278521889571
epigenomics_2677_fast2bfq_128,59.94926237462873,73.46881988381321
epigenomics_2677_fast2bfq_129,38.173356985939556,66.8818907794672
epigenomics_2677_fast2bfq_130,41.61909139738387,72.085759011624
epigenomics_2677_fast2bfq_131,52.162818390631536,87.94520330364428
epigenomics_2677_fast2bfq_132,44.86972388741787,88.42983972828398
epigenomics_2677_fast2bfq_133,45.518736504472315,91.92879593342698
epigenomics_2677_fast2bfq_134,38.506905009248584,87.51980265710874
epigenomics_2677_fast2bfq_135,52.41541671560174,73.59061444712736
epigenomics_2677_fast2bfq_136,47.080978864624164,69.94953350243306
epigenomics_2677_fast2bfq_137,36.617426663370324,74.41918459711577
epigenomics_2677_fast2bfq_138,50.01830433119389,79.01168357731589
epigenomics_2677_fast2bfq_139,50.840453187107464,80.32654108208301
epigenomics_2677_fast2bfq_140,49.87060809032065,81.91772779387706
epigenomics_2677_fast2bfq_141,46.00198863171668,76.2188825028807
epigenomics_2677_fast2bfq_142,37.3470430488487,72.11269719529434
epigenomics_2677_fast2bfq_143,45.9239853042957,87.4357059915084
epigenomics_2677_fast2bfq_144,53.638386628885975,71.39373184652703
epigenomics_2677_fast2bfq_145,51.647313793025276,77.95078325069007
epigenomics_2677_fast2bfq_146,24.10851677907839,70.42025514601073
epigenomics_2677_fast2bfq_147,45.990946201648164,90.74045041403137
epigenomics_2677_fast2bfq_148,56.56924665402151,82.86316215958378
epigenomics_2677_fast2bfq_149,40.08040487426448,80.21366513237302
epigenomics_2677_fast2bfq_150,34.063706554924124,70.3299030093323
epigenomics_2677_fast2bfq_151,49.34790864645685,78.58084093572974
epigenomics_2677_fast2bfq_152,48.0947397999713,78.50497199344137
epigenomics_2677_fast2bfq_153,48.118114125802094,76.92365875008434
epigenomics_2677_fast2bfq_154,41.55785455672757,87.42267405235104
epigenomics_2677_fast2bfq_155,42.08405044714818,94.05723007995225
epigenomics_2677_fast2bfq_156,43.392435302061195,75.41086054416691
epigenomics_2677_fast2bfq_157,40.38376947155614,72.09272049195869
epigenomics_2677_fast2bfq_158,45.52155800855132,85.18080919831165
epigenomics_2677_fast2bfq_159,43.57573578517477,86.15133331940493
epigenomics_2677_fast2bfq_160,65.11645195884293,79.8311700208885
epigenomics_2677_fast2bfq_161,50.11776312082698,83.28710261199807
epigenomics_2677_fast2bfq_162,38.44163464024851,78.31143823709324
epigenomics_2677_fast2bfq_163,35.79773302300974,81.01869614895024
epigenomics_2677_fast2bfq_164,47.54436677337279,66.16917253188703
epigenomics_2677_fast2bfq_165,38.88879557978232,78.86116649894014
epigenomics_2677_fast2bfq_166,39.70311514301884,94.53809709227203
epigenomics_2677_fast2bfq_167,56.75833718040866,89.43159809425183
epigenomics_2677_fast2bfq_168,47.79775421060973,87.64987071089526
epigenomics_2677_fast2bfq_169,35.44502794307674,76.01012791949188
epigenomics_2677_fast2bfq_170,43.099955453839215,72.65847315402561
epigenomics_2677_fast2bfq_171,39.92408176332427,85.22933673132532
epigenomics_2677_fast2bfq_172,39.78648906060739,87.36275669172514
epigenomics_2677_fast2bfq_173,51.76219238260006,83.62054757858027
epigenomics_2677_fast2bfq_174,41.49730128426552,72.76598939012722
epigenomics_2677_fast2bfq_175,54.73625559782113,89.6287420466695
epigenomics_2677_fast2bfq_176,48.7012848898847,92.37148848478948
epigenomics_2677_fast2bfq_177,43.74718300740653,81.80878015172227
epigenomics_2677_fast2bfq_178,34.71583003893611,85.16446430275808
epigenomics_2677_fast2bfq_179,57.935945965577616,80.61894082524107
epigenomics_2677_fast2bfq_180,54.261841703740515,78.87748806919042
epigenomics_2677_fast2bfq_181,29.855333054155153,71.22749049050606
epigenomics_2677_fast2bfq_182,41.25195585960661,86.54210835122468
epigenomics_2677_fast2bfq_183,49.41909691232389,98.18634819083907
epigenomics_2677_fast2bfq_184,45.69660098266433,79.797591623568
epigenomics_2677_fast2bfq_185,45.37665231341604,77.4318668083093
epigenomics_2677_fast2bfq_186,61.65437737132521,89.55648711338905
epigenomics_2677_fast2bfq_187,47.234714478450485,78.16660246536341
epigenomics_2677_fast2bfq_188,50.13000909641231,85.72917846278214
epigenomics_2677_fast2bfq_189,44.007262662835195,74.29961481877605
epigenomics_2677_fast2bfq_190,49.317584043991225,73.9803398071663
epigenomics_2677_fast2bfq_191,54.14381714141553,80.59139530987335
epigenomics_2677_fast2bfq_192,41.83652421356615,92.1637948890839
epigenomics_2677_fast2bfq_193,52.18057488493853,85.76576225527289
epigenomics_2677_fast2bfq_194,51.22707104626669,79.66224666816295
epigenomics_2677_fast2bfq_195,46.399874794996094,100.83121420609103
epigenomics_2677_fast2bfq_196,40.00115559106155,73.43630109699424
epigenomics_2677_fast2bfq_197,41.2873198450159,65.22023462293586
epigenomics_2677_fast2bfq_198,32.30865050506368,83.47446095747678
epigenomics_2677_fast2bfq_199,40.85629483659749,90.83799216208514
epigenomics_2677_fast2bfq_200,48.95674092168424,80.83457069674219
epigenomics_2677_fast2bfq_201,32.80507902646894,79.64029472111812
epigenomics_2677_fast2bfq_202,48.99926661990903,84.79001086388617
epigenomics_2677_fast2bfq_203,49.64804423970298,89.82081208825855
epigenomics_2677_fast2bfq_204,42.55455939597847,86.50314879457096
epigenomics_2677_fast2bfq_205,29.59940151388875,72.17623335598887
epigenomics_2677_fast2bfq_206,50.62577008388558,65.51779474610163
epigenomics_2677_fast2bfq_207,44.391949890334935,79.57677417679322
epigenomics_2677_fast2bfq_208,58.437441910009085,93.52774626872385
epigenomics_2677_fast2bfq_209,49.741250646438,75.74363845144813
epigenomics_2677_fast2bfq_210,38.60798981561539,81.28852744716333
epigenomics_2677_fast2bfq_211,43.67793076350284,81.93347016255849
epigenomics_2677_fast2bfq_212,42.64741257596357,82.75999486684026
epigenomics_2677_fast2bfq_213,50.45155355035616,90.04457850745929
epigenomics_2677_fast2bfq_214,58.01387636753394,89.4368457813565
epigenomics_2677_fast2bfq_215,45.549544922166696,84.87677812023935
epigenomics_2677_fast2bfq_216,34.086160014489764,79.5879971904443
epigenomics_2677_fast2bfq_217,41.05568319921142,71.25374311654413
epigenomics_2677_fast2bfq_218,43.17334107446135,79.13883075699748
epigenomics_2677_fast2bfq_219,39.18880646587248,87.12324792001526
epigenomics_2677_fast2bfq_220,52.271583328117494,90.68815264562005
epigenomics_2677_fast2bfq_221,47.90249722864204,88.53040737265506
epigenomics_2677_fast2bfq_222,53.870567627231644,78.41062905428014
epigenomics_2677_fast2bfq_223,41.952475904456676,76.39710087756059
epigenomics_2677_fast2bfq_224,33.68763809794228,74.55421669734298
epigenomics_2677_fast2bfq_225,38.06265768688523,93.01109892032858
epigenomics_2677_fast2bfq_226,39.77735823501806,73.4781506965804
epigenomics_2677_fast2bfq_227,38.8686644945187,75.21806269086181
epigenomics_2677_fast2bfq_228,52.73767371473591,87.27939302076172
epigenomics_2677_fast2bfq_229,44.77757411240016,78.41422797099364
epigenomics_2677_fast2bfq_230,44.54342424946834,82.15390138065177
epigenomics_2677_fast2bfq_231,43.73668208292526,88.56827512259923
epigenomics_2677_fast2bfq_232,36.38537675210386,71.03922270690215
epigenomics_2677_fast2bfq_233,48.40875392462583,77.47828842627331
epigenomics_2677_fast2bfq_234,42.76231363815942,73.06515899456089
epigenomics_2677_fast2bfq_235,48.914441882229696,67.4029228481352
epigenomics_2677_fast2bfq_236,40.90912674280221,73.45129408654458
epigenomics_2677_fast2bfq_237,42.58558788453178,72.12454026750336
epigenomics_2677_fast2bfq_238,48.351505113416046,80.51579709706918
epigenomics_2677_fast2bfq_239,24.91129439063706,91.05930147852918
epigenomics_2677_fast2bfq_240,52.74173663707549,82.38587449144764
epigenomics_2677_fast2bfq_241,38.916633074285635,87.61742795175917
epigenomics_2677_fast2bfq_242,48.067885663122375,80.9716539575726
epigenomics_2677_fast2bfq_243,41.72950113907328,72.94582124713777
epigenomics_2677_fast2bfq_244,43.16494546145537,71.62212794761065
epigenomics_2677_fast2bfq_245,41.5339401634782,71.8292423382861
epigenomics_2677_fast2bfq_246,42.19021125940995,77.20114973667533
epigenomics_2677_fast2bfq_247,39.12192268172193,79.47315053515135
epigenomics_2677_fast2bfq_248,59.342705033937534,83.13858662723105
epigenomics_2677_fast2bfq_249,39.14776125691153,77.86966043445442
epigenomics_2677_fast2bfq_250,45.91625353129727,70.39753049449627
epigenomics_2677_fast2bfq_251,50.19141585511889,78.53278424928044
epigenomics_2677_fast2bfq_252,47.126804320791976,76.56315988217435
epigenomics_2677_fast2bfq_253,35.4418243990375,81.70192091824717
epigenomics_2677_fast2bfq_254,51.8706549761069,84.57612000742063
epigenomics_2677_fast2bfq_255,44.96600819822912,74.8403878669835
epigenomics_2677_fast2bfq_256,44.440507508117335,87.49332771447203
epigenomics_2677_fast2bfq_257,31.896798712501695,80.68562394158249
epigenomics_2677_fast2bfq_258,41.69451019385581,94.98640175900212
epigenomics_2677_fast2bfq_259,28.786817704162694,82.09444832541053
epigenomics_2677_fast2bfq_260,40.29347055316645,75.0218204714713
epigenomics_2677_fast2bfq_261,48.816416214502766,77.68459856507978
epigenomics_2677_fast2bfq_262,63.0311723701863,79.2074406141575
epigenomics_2677_fast2bfq_263,49.539711269904224,75.20714969120766
epigenomics_2677_fast2bfq_264,37.8124573499315,75.83080395638858
epigenomics_2677_fast2bfq_265,46.04274057002007,77.13376168308554
epigenomics_2677_fast2bfq_266,59.56784987974494,86.89502954152024
epigenomics_2677_fast2bfq_267,49.62399445736258,76.46271738928964
epigenomics_2677_fast2bfq_268,43.79373042852723,77.35288900005598
epigenomics_2677_fast2bfq_269,35.490400629929745,89.51167093115068
epigenomics_2677_fast2bfq_270,39.42624071664799,70.45900518017295
epigenomics_2677_fast2bfq_271,52.8915290523106,94.18172891634056
epigenomics_2677_fast2bfq_272,45.13318815582134,80.14508235097634
epigenomics_2677_fast2bfq_273,44.75939943605629,71.06824961128554
epigenomics_2677_fast2bfq_274,49.14855883529246,86.42077838294497
epigenomics_2677_fast2bfq_275,54.81550530132934,92.54190696093309
epigenomics_2677_fast2bfq_276,54.79997665630123,88.64087130666861
epigenomics_2677_fast2bfq_277,60.768269173193275,85.7964332010777
epigenomics_2677_fast2bfq_278,47.75466230028172,85.4215663963529
epigenomics_2677_fast2bfq_279,45.03704022143459,76.99904326821898
epigenomics_2677_fast2bfq_280,43.45699190757656,82.38366433447801
epigenomics_2677_fast2bfq_281,45.81549785119709,72.66083384570535
epigenomics_2677_fast2bfq_282,39.591792560530905,83.12081622531039
epigenomics_2677_fast2bfq_283,40.99673195951796,74.4402767341297
epigenomics_2677_fast2bfq_284,47.54145972526441,75.22416564419191
epigenomics_2677_fast2bfq_285,51.516494931678764,80.73068293241214
epigenomics_2677_fast2bfq_286,47.78376872202073,79.3755229459731
epigenomics_2677_fast2bfq_287,55.6415654096233,79.35529752860745
epigenomics_2677_fast2bfq_288,37.0659376903307,78.35887612739263
epigenomics_2677_fast2bfq_289,46.028685707273425,74.3168353537852
epigenomics_2677_fast2bfq_290,32.23781033235501,81.30672249587069
epigenomics_2677_fast2bfq_291,47.05950802451613,74.99297102881461
epigenomics_2677_fast2bfq_292,47.772104117482336,76.22680321268746
epigenomics_2677_fast2bfq_293,34.72701091191874,87.34466465117028
epigenomics_2677_fast2bfq_294,49.767846075685874,84.39743496921609
epigenomics_2677_fast2bfq_295,42.11936178298876,77.77589463734294
epigenomics_2677_fast2bfq_296,42.05585244546701,80.7417117913507
epigenomics_2677_fast2bfq_297,60.52301127678082,75.9616239693785
epigenomics_2677_fast2bfq_298,37.41279384636375,86.68947360900626
epigenomics_2677_fast2bfq_299,37.490898974648445,74.80611204559683
epigenomics_2677_fast2bfq_300,42.69436076438833,85.45785785409586
epigenomics_2677_fast2bfq_301,50.16084818923226,96.34670942555928
epigenomics_2677_fast2bfq_302,41.23205572927413,73.61814703515405
epigenomics_2677_fast2bfq_303,37.70385993897859,70.75519528946158
epigenomics_2677_fast2bfq_304,47.8671255741994,78.70546716675506
epigenomics_2677_fast2bfq_305,50.24926322182147,84.8015735739485
epigenomics_2677_fast2bfq_306,35.99080023082694,76.20331326095766
epigenomics_2677_fast2bfq_307,46.796969049417726,85.80728792691347
epigenomics_2677_fast2bfq_308,58.36492731029288,83.6402676652597
epigenomics_2677_fast2bfq_309,42.05203736353553,74.98150499424344
epigenomics_2677_fast2bfq_310,43.68554079878442,75.1753861851837
epigenomics_2677_fast2bfq_311,50.68889069727115,71.53422043468383
epigenomics_2677_fast2bfq_312,40.64242235321146,81.13112652381585
epigenomics_2677_fast2bfq_313,48.907223744666176,78.45407432148446
epigenomics_2677_fast2bfq_314,48.4678013618638,79.98504224260898
epigenomics_2677_fast2bfq_315,51.39538025496426,82.69911318548057
epigenomics_2677_fast2bfq_316,38.90503238086973,79.07475285784543
epigenomics_2677_fast2bfq_317,51.201293580796616,81.25383608186657
epigenomics_2677_fast2bfq_318,45.021678636064905,73.32343880201446
epigenomics_2677_fast2bfq_319,46.65829602652565,73.81249160552893
epigenomics_2677_fast2bfq_320,46.72513937722388,73.67683795318102
epigenomics_2677_fast2bfq_321,58.619399119700574,84.77210475238569
epigenomics_2677_fast2bfq_322,47.161541978408465,80.16876003802773
epigenomics_2677_fast2bfq_323,44.226780271871355,81.28579689439033
epigenomics_2677_fast2bfq_324,39.193267018895774,88.70512867569148
epigenomics_2677_fast2bfq_325,49.120182575270775,95.78456877570892
epigenomics_2677_fast2bfq_326,50.65082723660808,80.1851427039264
epigenomics_2677_fast2bfq_327,46.57173176021075,84.12528843730689
epigenomics_2677_fast2bfq_328,52.96037085435695,77.5344767357547
epigenomics_2677_fast2bfq_329,49.17493226487391,87.48465419780995
epigenomics_2677_fast2bfq_330,38.020056708705184,65.17139063947477
epigenomics_2677_fast2bfq_331,44.933218928528916,83.21735863443918
epigenomics_2677_fast2bfq_332,43.583827794277106,83.95764323911159
epigenomics_2677_fast2bfq_333,36.901866145730715,76.46063612574125
epigenomics_2677_fast2bfq_334,47.6250570222683,91.68056915496436
epigenomics_2677_fast2bfq_335,40.08447619166469,89.25780742913494
epigenomics_2677_fast2bfq_336,50.598520936882124,86.91448944125018
epigenomics_2677_fast2bfq_337,40.10461145920756,83.49239191876953
epigenomics_2677_fast2bfq_338,53.63261225290782,87.51795030262282
epigenomics_2677_fast2bfq_339,49.58754051513547,76.66217334427012
epigenomics_2677_fast2bfq_340,52.76383845648943,88.43612351192719
epigenomics_2677_fast2bfq_341,53.46213390827319,80.64631831672713
epigenomics_2677_fast2bfq_342,45.88293139104134,70.16585756750253
epigenomics_2677_fast2bfq_343,32.612644925273514,74.4723204650043
epigenomics_2677_fast2bfq_344,53.363407314234706,78.4615140252776
epigenomics_2677_fast2bfq_345,46.81802047493537,83.38407748841387
epigenomics_2677_fast2bfq_346,49.85022631290128,72.56231497871012
epigenomics_2677_fast2bfq_347,43.62603241397702,80.14435384289311
epigenomics_2677_fast2bfq_348,38.57974541833369,78.63641182653863
epigenomics_2677_fast2bfq_349,40.61905073677588,79.16243603024407
epigenomics_2677_fast2bfq_350,40.22741315494673,82.95106057091864
epigenomics_2677_fast2bfq_351,47.30934566853668,73.46722680090762
epigenomics_2677_fast2bfq_352,37.961930021526626,87.78535243584429
epigenomics_2677_fast2bfq_353,57.567492396978224,79.44283178801842
epigenomics_2677_fast2bfq_354,49.7296686061187,74.44333604439068
epigenomics_2677_fast2bfq_355,50.89271941131886,83.75050642968795
epigenomics_2677_fast2bfq_356,43.44270416628979,84.35672481343842
epigenomics_2677_fast2bfq_357,49.22121626289948,86.7885078224179
epigenomics_2677_fast2bfq_358,47.77296065256931,69.59230254506288
epigenomics_2677_fast2bfq_359,28.510282917199778,85.49087193871124
epigenomics_2677_fast2bfq_360,37.63961379644181,72.25834229700487
epigenomics_2677_fast2bfq_361,44.09685546996515,87.27040153458616
epigenomics_2677_fast2bfq_362,31.238132756964546,70.83346404736895
epigenomics_2677_fast2bfq_363,37.7158540730484,76.17343224676407
epigenomics_2677_fast2bfq_364,51.05542335838522,73.90544713366594
epigenomics_2677_fast2bfq_365,41.05251073369139,91.0394002237538
epigenomics_2677_fast2bfq_366,52.62423669570128,88.94016944370416
epigenomics_2677_fast2bfq_367,52.161499083155405,82.27189225158156
epigenomics_2677_fast2bfq_368,40.6018207937454,79.42414041861949
epigenomics_2677_fast2bfq_369,46.11922200372051,79.14015880460312
epigenomics_2677_fast2bfq_370,52.13511612787175,71.91467249946467
epigenomics_2677_fast2bfq_371,43.00140285622778,64.16936520286184
epigenomics_2677_fast2bfq_372,46.8505014818924,82.37127315510004
epigenomics_2677_fast2bfq_373,45.89849861030305,88.89962724059572
epigenomics_2677_fast2bfq_374,48.77653566051115,80.47990962823664
epigenomics_2677_fast2bfq_375,53.50987514069426,78.5602837810746
epigenomics_2677_fast2bfq_376,27.611752143535664,84.41924126753227
epigenomics_2677_fast2bfq_377,48.117454809849896,75.09521274962948
epigenomics_2677_fast2bfq_378,38.52439237272882,82.19473504224159
epigenomics_2677_fast2bfq_379,49.95598643444329,84.41924841222331
epigenomics_2677_fast2bfq_380,52.9451557859092,69.23078703425519
epigenomics_2677_fast2bfq_381,48.6455147762583,82.84676834400365
epigenomics_2677_fast2bfq_382,18.50531640690457,68.30697716691223
epigenomics_2677_fast2bfq_383,49.13438597420608,77.91490920871436
epigenomics_2677_fast2bfq_384,45.107928219642474,60.77371301358316
epigenomics_2677_fast2bfq_385,44.670404432206524,75.88698499361843
epigenomics_2677_fast2bfq_386,43.36826632705198,84.67756876887742
epigenomics_2677_fast2bfq_387,54.834271311357774,79.58332855040464
epigenomics_2677_fast2bfq_388,53.644555107703354,85.29401888798778
epigenomics_2677_fast2bfq_389,43.837958371256555,83.86257013974738
epigenomics_2677_fast2bfq_390,52.52685028538349,85.54511092533714
epigenomics_2677_fast2bfq_391,44.53212821873149,88.89556193545334
epigenomics_2677_fast2bfq_392,44.044665846389464,79.05491246263779
epigenomics_2677_fast2bfq_393,42.77978635584236,83.25023897231125
epigenomics_2677_fast2bfq_394,48.57263926324428,80.35901843031624
epigenomics_2677_fast2bfq_395,41.6507251272264,73.17482886646718
epigenomics_2677_fast2bfq_396,44.805277632992514,69.79676462603484
epigenomics_2677_fast2bfq_397,33.96787477273162,81.67093228692488
epigenomics_2677_fast2bfq_398,32.89023057258523,89.83139647638723
epigenomics_2677_fast2bfq_399,31.29981546272776,82.2120401882938
epigenomics_2677_fast2bfq_400,51.077856086957325,75.54725359727733
epigenomics_2677_fast2bfq_401,44.76615710049309,73.02804629137498
epigenomics_2677_fast2bfq_402,39.041982041979125,71.16559692392408
epigenomics_2677_fast2bfq_403,44.22669631832694,78.37241138919717
epigenomics_2677_fast2bfq_404,35.53550097020236,84.9514544299442
epigenomics_2677_fast2bfq_405,50.853647877861334,85.7460802475367
epigenomics_2677_fast2bfq_406,48.814233097967815,87.17303677543717
epigenomics_2677_fast2bfq_407,48.72801111787538,84.62232596459327
epigenomics_2677_fast2bfq_408,41.51713298335216,83.38444777537875
epigenomics_2677_fast2bfq_409,54.32399750163986,76.83514968319876
epigenomics_2677_fast2bfq_410,57.77585218594,89.03764677083265
epigenomics_2677_fast2bfq_411,44.351447701263474,72.37749637889988
epigenomics_2677_fast2bfq_412,38.170859018231454,68.54632647982659
epigenomics_2677_fast2bfq_413,38.31970700033952,81.90827195944028
epigenomics_2677_fast2bfq_414,47.47430617910287,66.33956304504633
epigenomics_2677_fast2bfq_415,41.65074155776414,84.45056662064272
epigenomics_2677_fast2bfq_416,41.21704002882294,71.02581468605516
epigenomics_2677_fast2bfq_417,49.158208250926236,79.793868070945
epigenomics_2677_fast2bfq_418,56.684631351618,82.76646562258645
epigenomics_2677_fast2bfq_419,42.62923970642896,82.23807088761173
epigenomics_2677_fast2bfq_420,56.413476395144365,84.24934267968581
epigenomics_2677_fast2bfq_421,42.88055353623202,76.52665983526184
epigenomics_2677_fast2bfq_422,45.72858785142602,83.96185116492197
epigenomics_2677_fast2bfq_423,41.17207789441329,71.9601839231258
epigenomics_2677_fast2bfq_424,43.44808329620943,81.82937487429807
epigenomics_2677_fast2bfq_425,46.361261181290885,81.94915762502751
epigenomics_2677_fast2bfq_426,33.98186572692384,89.84619944568563
epigenomics_2677_fast2bfq_427,38.96388446134157,73.82809367354729
epigenomics_2677_fast2bfq_428,49.469238112468176,91.75570287012647
epigenomics_2677_fast2bfq_429,36.433504670262124,83.45854208209765
epigenomics_2677_fast2bfq_430,36.40850270122603,70.70823334287407
epigenomics_2677_fast2bfq_431,43.780157366464834,75.61136502037417
epigenomics_2677_fast2bfq_432,69.41602732551024,75.66819334448107
epigenomics_2677_fast2bfq_433,50.36001881885001,97.12433341440008
epigenomics_2677_fast2bfq_434,42.17149546103917,73.37991680620858
epigenomics_2677_fast2bfq_435,44.67801811333392,79.86762336607762
epigenomics_2677_fast2bfq_436,43.7691527081865,77.24110461280179
epigenomics_2677_fast2bfq_437,36.55173357408163,81.56174660451393
epigenomics_2677_fast2bfq_438,43.80866805706761,79.50287625070872
epigenomics_2677_fast2bfq_439,47.0644265559431,76.86698269303099
epigenomics_2677_fast2bfq_440,46.10398119175723,84.27635124368585
epigenomics_2677_fast2bfq_441,44.83917393003094,89.8534047686496
epigenomics_2677_fast2bfq_442,41.052333858983786,84.7485020746725
epigenomics_2677_fast2bfq_443,53.59700489596464,74.12153858957826
epigenomics_2677_fast2bfq_444,52.888656947343,77.03476773934787
epigenomics_2677_fast2bfq_445,50.1452169376522,75.4707925657389
epigenomics_2677_fast2bfq_446,52.15428275628811,102.33138431179827
epigenomics_2677_fast2bfq_447,37.437534604759755,85.79866697926377
epigenomics_2677_fast2bfq_448,60.78310993003128,71.85172555116041
epigenomics_2677_fast2bfq_449,48.22555354887081,80.28802403968018
epigenomics_2677_fast2bfq_450,56.57298166093655,76.93865681140093
epigenomics_2677_fast2bfq_451,38.28748527943252,82.61776804091083
epigenomics_2677_fast2bfq_452,51.47769621290207,95.77254860798377
epigenomics_2677_fast2bfq_453,49.58184129799497,76.55441428192339
epigenomics_2677_fast2bfq_454,33.95250164898491,81.0026384317353
epigenomics_2677_fast2bfq_455,40.77693864532937,91.02675823303808
epigenomics_2677_fast2bfq_456,48.76319356749764,91.19835456725681
epigenomics_2677_fast2bfq_457,53.11962616189847,82.5482074489827
epigenomics_2677_fast2bfq_458,37.54256374173497,71.34580620686705
epigenomics_2677_fast2bfq_459,53.46144948917933,95.5490774994936
epigenomics_2677_fast2bfq_460,41.328485807959034,71.94511379376127
epigenomics_2677_fast2bfq_461,47.60399012606545,72.19922184413461
epigenomics_2677_fast2bfq_462,39.96284366616828,79.99338397424386
epigenomics_2677_fast2bfq_463,60.47038533360792,84.29695742554297
epigenomics_2677_fast2bfq_464,49.833852242082365,75.62424627484971
epigenomics_2677_fast2bfq_465,49.45162909964554,73.82793465917091
epigenomics_2677_fast2bfq_466,48.58083082055175,85.84611237579128
epigenomics_2677_fast2bfq_467,37.94254648280794,85.5462818446052
epigenomics_2677_fast2bfq_468,50.38166083691036,88.5147118191994
epigenomics_2677_fast2bfq_469,48.71095786942688,91.76905493601897
epigenomics_2677_fast2bfq_470,47.8119925817714,67.6689414129676
epigenomics_2677_fast2bfq_471,41.043322286195725,60.785599316759075
epigenomics_2677_fast2bfq_472,45.573206505845114,90.60249045104108
epigenomics_2677_fast2bfq_473,53.652341221940034,87.71829537616595
epigenomics_2677_fast2bfq_474,57.03766141500178,76.57430823325524
epigenomics_2677_fast2bfq_475,38.794841018653344,75.46438012660124
epigenomics_2677_fast2bfq_476,42.93618724087889,75.79734829136717
epigenomics_2677_fast2bfq_477,35.23785940674981,70.88414685465246
epigenomics_2677_fast2bfq_478,46.976331454600036,82.37975571888857
epigenomics_2677_fast2bfq_479,38.0591574901269,68.400022032192
epigenomics_2677_fast2bfq_480,55.746050297915076,69.7634898277841
epigenomics_2677_fast2bfq_481,32.09120857052275,82.08429724137736
epigenomics_2677_fast2bfq_482,47.37265213285453,83.43007573010344
epigenomics_2677_fast2bfq_483,36.21044722388141,79.96292893222629
epigenomics_2677_fast2bfq_484,50.41852797975091,79.3146897644884
epigenomics_2677_fast2bfq_485,43.65966016147144,91.43500322361785
epigenomics_2677_fast2bfq_486,51.34728670735401,84.24008863699795
epigenomics_2677_fast2bfq_487,48.723761032986744,89.49787097792277
epigenomics_2677_fast2bfq_488,42.605034344104105,85.0443548545709
epigenomics_2677_fast2bfq_489,39.89316723546705,83.89517877210096
epigenomics_2677_fast2bfq_490,58.102465319418734,75.97873902657136
epigenomics_2677_fast2bfq_491,42.24955093445993,70.28045903150034
epigenomics_2677_fast2bfq_492,47.28730280814158,81.59852404341285
epigenomics_2677_fast2bfq_493,35.93727644148646,82.60555119032466
epigenomics_2677_fast2bfq_494,43.86152130431985,80.6899531233645
epigenomics_2677_fast2bfq_495,38.90675847868995,89.03727867769896
epigenomics_2677_fast2bfq_496,44.04249729065089,85.04499929033715
epigenomics_2677_fast2bfq_497,42.79701769323145,90.76316886732003
epigenomics_2677_fast2bfq_498,50.52072854935117,69.9684779833435
epigenomics_2677_fast2bfq_499,44.35105289385331,83.16351300875168
epigenomics_2677_map_0,10047.572052345638,188.82481110557364
epigenomics_2677_map_1,8853.583230674602,192.07692960201675
epigenomics_2677_map_2,10546.53512100226,184.13443959736904
epigenomics_2677_map_3,8946.378457554887,188.34922053944302
epigenomics_2677_map_4,9148.568351540192,182.28723220742083
epigenomics_2677_map_5,9963.780591026618,184.25507434782577
epigenomics_2677_map_6,10852.97771802494,186.58317407204544
epigenomics_2677_map_7,10889.678001809292,181.4736777358622
epigenomics_2677_map_8,9752.837202520685,185.40749509109378
epigenomics_2677_map_9,10003.611832249106,179.5305530830989
epigenomics_2677_map_10,9196.622218579438,181.6404312332153
epigenomics_2677_map_11,10087.008534684659,182.24007792705706
epigenomics_2677_map_12,9643.300113453348,185.43966094451497
epigenomics_2677_map_13,10160.52360954562,186.93938132018152
epigenomics_2677_map_14,10309.504282242364,181.29433891140488
epigenomics_2677_map_15,9153.182962005534,183.10022996455973
epigenomics_2677_map_16,10007.966956812954,178.2392363224106
epigenomics_2677_map_17,9759.392376839392,177.55267363184683
epigenomics_2677_map_18,10575.582616286418,187.36335954608785
epigenomics_2677_map_19,9928.203691919909,178.1327620716191
epigenomics_2677_map_20,9666.20891762791,188.68455958652612
epigenomics_2677_map_21,9907.161518758465,189.17736069326256
epigenomics_2677_map_22,10485.372716540041,189.2412583586177
epigenomics_2677_map_23,10556.189269689565,179.8227038049679
epigenomics_2677_map_24,9812.243875025508,185.8710927522968
epigenomics_2677_map_25,10219.864904220361,180.4345002595759
epigenomics_2677_map_26,10619.545577647825,183.70777098000605
epigenomics_2677_map_27,10504.228113709032,182.32643309187455
epigenomics_2677_map_28,10839.82105275007,188.91726089434798
epigenomics_2677_map_29,10368.624315199133,187.13457320009266
epigenomics_2677_map_30,10194.2649288648,189.8642800739987
epigenomics_2677_map_31,9899.86036394129,180.00007790013933
epigenomics_2677_map_32,10567.735519234622,188.21826677938515
epigenomics_2677_map_33,9010.142944997937,187.43449361740278
epigenomics_2677_map_34,10402.020050720208,181.57250484324038
epigenomics_2677_map_35,10206.33295951714,188.81244708648094
epigenomics_2677_map_36,9644.89000429371,195.23158579065918
epigenomics_2677_map_37,10196.290870586176,187.7303812031435
epigenomics_2677_map_38,10114.67247496428,194.0859804820119
epigenomics_2677_map_39,10622.997034711952,184.64613786383475
epigenomics_2677_map_40,10883.684511386233,193.96347674887653
epigenomics_2677_map_41,10559.263648322047,183.18203980659115
epigenomics_2677_map_42,9287.372978511863,189.31392870741342
epigenomics_2677_map_43,9625.62012877117,189.48164814679737
epigenomics_2677_map_44,10190.19932879545,184.00409949830154
epigenomics_2677_map_45,10004.92516916057,179.068034436203
epigenomics_2677_map_46,10331.1408834834,184.9551720714948
epigenomics_2677_map_47,10034.816240119488,184.94528364956685
epigenomics_2677_map_48,10033.101778202912,188.6960939659613
epigenomics_2677_map_49,10259.524725333244,171.808187173651
epigenomics_2677_map_50,8730.777473808062,184.0060665980818
epigenomics_2677_map_51,10221.382443012428,177.06963338762972
epigenomics_2677_map_52,9857.176560040853,186.8974253883386
epigenomics_2677_map_53,9577.999308111834,191.2403270036339
epigenomics_2677_map_54,9215.88465661214,179.49411553885668
epigenomics_2677_map_55,9442.418837404754,186.10862110289318
epigenomics_2677_map_56,10077.972110255065,186.02948011579804
epigenomics_2677_map_57,9735.277584102758,180.02039571344795
epigenomics_2677_map_58,9798.897883366983,185.47240590535785
epigenomics_2677_map_59,8920.739371018359,181.45517446530943
epigenomics_2677_map_60,10188.245360015675,185.6805059849228
epigenomics_2677_map_61,9957.742638210124,185.01444248220793
epigenomics_2677_map_62,10563.66903332631,179.57972556548398
epigenomics_2677_map_63,10037.957285716944,176.98088021605784
epigenomics_2677_map_64,9247.661493173158,184.96110244315662
epigenomics_2677_map_65,9967.569469989601,190.57153746690477
epigenomics_2677_map_66,10075.485465994097,182.86380834719657
epigenomics_2677_map_67,9640.436943987303,187.05674283658942
epigenomics_2677_map_68,9641.325279230792,164.1542009736219
epigenomics_2677_map_69,9669.859808644209,188.6186721373923
epigenomics_2677_map_70,9886.518748964365,188.18406650819358
epigenomics_2677_map_71,10178.474835482804,191.0182619773524
epigenomics_2677_map_72,10297.855570541808,176.84953624166766
epigenomics_2677_map_73,10501.426939423834,184.24901543031584
epigenomics_2677_map_74,10576.953218893315,196.5264503584627
epigenomics_2677_map_75,10104.052915980352,180.07382240318532
epigenomics_2677_map_76,10034.938537665505,183.86966806432142
epigenomics_2677_map_77,9632.3414947565,180.39028524623072
epigenomics_2677_map_78,10061.080346569832,190.18512779248024
epigenomics_2677_map_79,9878.056729527543,184.28457760324034
epigenomics_2677_map_80,10061.749867353945,186.98161032078525
epigenomics_2677_map_81,9280.755612322793,181.02576390580202
epigenomics_2677_map_82,10600.914122590702,184.41143064915735
epigenomics_2677_map_83,9734.01214538793,185.4001363158916
epigenomics_2677_map_84,10495.700785364594,179.09860334174593
epigenomics_2677_map_85,10602.189432942774,181.2790199906678
epigenomics_2677_map_86,9095.19290485711,186.02210638063204
epigenomics_2677_map_87,9269.05172000064,182.574999536138
epigenomics_2677_map_88,10404.49891742425,181.80158677660555
epigenomics_2677_map_89,10213.492084542353,191.93049434866575
epigenomics_2677_map_90,10055.795342751546,191.25394336905447
epigenomics_2677_map_91,10164.771953736708,189.13039701932826
epigenomics_2677_map_92,10509.3213887026,179.20435685594606
epigenomics_2677_map_93,10106.369711764391,180.86730623547723
epigenomics_2677_map_94,9599.4871473036,186.01717587373278
epigenomics_2677_map_95,10288.480548215795,185.28164779060234
epigenomics_2677_map_96,8926.06646934792,188.19922177222293
epigenomics_2677_map_97,10133.663630495546,186.9431479942741
epigenomics_2677_map_98,9690.856112668278,183.21426494979335
epigenomics_2677_map_99,10062.2126466621,194.41898452196895
epigenomics_2677_map_100,9961.338105000557,190.6949481336292
epigenomics_2677_map_101,10442.013732216617,183.89050954458813
epigenomics_2677_map_102,9635.453532697722,193.2553647677956
epigenomics_2677_map_103,10676.598912365818,184.34703173180426
epigenomics_2677_map_104,9604.372757530564,183.59826740380305
epigenomics_2677_map_105,10713.560629404596,182.73929968303577
epigenomics_2677_map_106,9892.23956503484,195.25560771022174
epigenomics_2677_map_107,8996.558005487266,183.34976544071878
epigenomics_2677_map_108,10766.790675433269,187.45846449357944
epigenomics_2677_map_109,10218.362561544625,184.72653533780704
epigenomics_2677_map_110,10836.51950418473,192.32069167352762
epigenomics_2677_map_111,10398.955785504757,189.91120177892805
epigenomics_2677_map_112,10007.495268402872,186.93096153606544
epigenomics_2677_map_113,9860.745001674411,185.71118224413954
epigenomics_2677_map_114,9556.410217602683,184.6710067789681
epigenomics_2677_map_115,10129.482530147618,190.18244311915177
epigenomics_2677_map_116,9806.9499364989,182.68882427101823
epigenomics_2677_map_117,10139.662000272707,186.60939140899208
epigenomics_2677_map_118,10047.558040850136,184.95569871347803
epigenomics_2677_map_119,10569.874004880598,184.53230568459347
epigenomics_2677_map_120,10228.796642182457,179.67392132487052
epigenomics_2677_map_121,9416.616294750242,181.4983407736758
epigenomics_2677_map_122,9611.738672143052,177.1179026825144
epigenomics_2677_map_123,9846.308709960262,185.52902472617012
epigenomics_2677_map_124,9679.608506981313,183.8554910898408
epigenomics_2677_map_125,9731.14444474974,181.07444534830117
epigenomics_2677_map_126,10589.302462334615,190.72933110269008
epigenomics_2677_map_127,9861.787179833747,190.53637363477338
epigenomics_2677_map_128,9679.755389720056,194.65062536674486
epigenomics_2677_map_129,10669.037264172408,184.31117917150277
epigenomics_2677_map_130,10852.765144123383,178.3540690144114
epigenomics_2677_map_131,9666.264243765198,183.56410808906531
epigenomics_2677_map_132,10793.503729831902,188.55418149629844
epigenomics_2677_map_133,10254.061894729226,185.43742848141753
epigenomics_2677_map_134,10197.437765630339,191.3611410408845
epigenomics_2677_map_135,9940.537504803124,190.68164476324245
epigenomics_2677_map_136,10367.375736102522,178.06226903916053
epigenomics_2677_map_137,10502.670160217367,185.78966186970496
epigenomics_2677_map_138,10238.990232742837,186.25445149376657
epigenomics_2677_map_139,10498.580028392185,187.6185523953166
epigenomics_2677_map_140,11023.878021063023,186.47052988734652
epigenomics_2677_map_141,9598.451456450342,184.85038725597144
epigenomics_2677_map_142,9844.895844761031,182.39538365502264
epigenomics_2677_map_143,9911.181061878255,176.79313903093464
epigenomics_2677_map_144,9662.697658249479,177.824453339268
epigenomics_2677_map_145,9565.440854114606,186.40732634994023
epigenomics_2677_map_146,10536.816701442352,190.52186095888666
epigenomics_2677_map_147,10068.815322646531,195.33707378072592
epigenomics_2677_map_148,10079.612373777374,183.4024206593725
epigenomics_2677_map_149,9767.167711641276,185.43687901065942
epigenomics_2677_map_150,10240.33769566282,186.3034654094412
epigenomics_2677_map_151,9511.390799402636,186.63743718292415
epigenomics_2677_map_152,9435.007960327419,182.57880881359148
epigenomics_2677_map_153,10081.53533931588,182.17872271986855
epigenomics_2677_map_154,10097.213507419749,176.34695594114064
epigenomics_2677_map_155,9813.737148893817,187.02462330317098
epigenomics_2677_map_156,10842.58943078814,185.55889942775173
epigenomics_2677_map_157,9640.389889757842,188.63861929519578
epigenomics_2677_map_158,10584.239601632857,188.91342345635738
epigenomics_2677_map_159,9767.576859840037,175.80930480651523
epigenomics_2677_map_160,9279.337933595196,186.46456888826228
epigenomics_2677_map_161,9752.11401786461,175.8699771091384
epigenomics_2677_map_162,10106.31517494887,187.41505142819614
epigenomics_2677_map_163,9656.208575121505,190.20342041045154
epigenomics_2677_map_164,10098.244569094059,188.26203703006968
epigenomics_2677_map_165,9875.818142570935,183.036739989826
epigenomics_2677_map_166,9720.914725991046,182.23066768826482
epigenomics_2677_map_167,10383.628044789753,183.99253280854577
epigenomics_2677_map_168,9985.181310506623,178.14927664057623
epigenomics_2677_map_169,9905.012771671507,188.07433655193822
epigenomics_2677_map_170,10126.13742067769,183.69825055671967
epigenomics_2677_map_171,9731.61905100319,182.66981608787574
epigenomics_2677_map_172,10141.08518708432,182.6958773671317
epigenomics_2677_map_173,9742.94517882601,190.3100588529945
epigenomics_2677_map_174,9652.644775339582,186.41916795365373
epigenomics_2677_map_175,10701.967916043279,184.3081999177186
epigenomics_2677_map_176,8882.989771175216,184.70364334447257
epigenomics_2677_map_177,8897.790787242366,186.92052899901202
epigenomics_2677_map_178,10392.250923086605,177.27662366700517
epigenomics_2677_map_179,10179.568344784419,188.04876247527775
epigenomics_2677_map_180,10192.87111529313,186.99788293204665
epigenomics_2677_map_181,10111.589797775261,191.33818357051246
epigenomics_2677_map_182,10054.999907552972,180.16389409044038
epigenomics_2677_map_183,10468.990911760326,180.90755647884922
epigenomics_2677_map_184,8967.525911899156,181.36086752850053
epigenomics_2677_map_185,10468.030379072752,191.05002153896064
epigenomics_2677_map_186,10038.728690369988,182.12572550556263
epigenomics_2677_map_187,10249.962592337726,188.6728669879752
epigenomics_2677_map_188,9907.81362663702,181.91691056099182
epigenomics_2677_map_189,9902.376761066651,186.44094446311
epigenomics_2677_map_190,9502.136965979567,186.3782193785227
epigenomics_2677_map_191,9648.336803242926,173.4182657233106
epigenomics_2677_map_192,9819.616352446958,182.1774694037873
epigenomics_2677_map_193,9507.406755228007,184.60367049433958
epigenomics_2677_map_194,10289.823798758243,189.6519254620484
epigenomics_2677_map_195,10190.994875822744,189.46285912824814
epigenomics_2677_map_196,9529.761778493308,191.63531028938402
epigenomics_2677_map_197,10274.474198748892,186.21963997053956
epigenomics_2677_map_198,10150.813163608955,187.9669002361885
epigenomics_2677_map_199,9980.69849464053,180.72868651991124
epigenomics_2677_map_200,9678.207015562817,190.05064926096202
epigenomics_2677_map_201,9591.061576045377,178.62300296655522
epigenomics_2677_map_202,9744.500958336215,179.3572575279397
epigenomics_2677_map_203,10027.180072594581,183.1896534138864
epigenomics_2677_map_204,10384.649926220969,188.6451692082906
epigenomics_2677_map_205,10344.986499171884,191.0275433861413
epigenomics_2677_map_206,9077.739312316418,192.5346064546505
epigenomics_2677_map_207,9045.685236464486,182.0449119807966
epigenomics_2677_map_208,10037.3172725007,184.01643847853728
epigenomics_2677_map_209,9576.207195278139,187.53854232940213
epigenomics_2677_map_210,9911.021160268107,175.34405528970584
epigenomics_2677_map_211,10535.856632731267,183.33975390981206
epigenomics_2677_map_212,10457.575491795482,187.66024433203071
epigenomics_2677_map_213,9920.710526317063,176.74921783853793
epigenomics_2677_map_214,8936.323318779463,182.36976719950883
epigenomics_2677_map_215,9679.324717475029,186.10584057279286
epigenomics_2677_map_216,10311.28042538071,185.8047991161643
epigenomics_2677_map_217,9655.058712947872,192.53962717671257
epigenomics_2677_map_218,9285.411351372595,188.80354618535833
epigenomics_2677_map_219,10011.236423134675,185.958565526114
epigenomics_2677_map_220,10931.161116492414,184.06733022267753
epigenomics_2677_map_221,9967.201046739337,178.99393573928523
epigenomics_2677_map_222,10037.9178662877,180.45212934260692
epigenomics_2677_map_223,10007.488662553782,185.1527198630529
epigenomics_2677_map_224,10770.612259834472,186.96488621452977
epigenomics_2677_map_225,9967.470166900444,189.69654405718714
epigenomics_2677_map_226,9067.886686646669,184.15807606478313
epigenomics_2677_map_227,9942.363900371782,189.16862700230416
epigenomics_2677_map_228,10406.830964019306,186.4407052403135
epigenomics_2677_map_229,10006.604920880854,184.62380788654508
epigenomics_2677_map_230,9974.68152179723,180.55676212313853
epigenomics_2677_map_231,10961.051602760625,180.7155944789004
epigenomics_2677_map_232,10417.695576622878,177.0646648923297
epigenomics_2677_map_233,9187.514894891316,189.82118885428955
epigenomics_2677_map_234,9187.091717472715,189.88639140761114
epigenomics_2677_map_235,9179.46704054445,186.21266097839313
epigenomics_2677_map_236,9902.148338998732,187.43041671059228
epigenomics_2677_map_237,10328.291470923989,181.6494170179662
epigenomics_2677_map_238,9504.041029232025,181.2804352804325
epigenomics_2677_map_239,10241.235627007945,188.70798135896635
epigenomics_2677_map_240,10588.396760039468,187.00123731004928
epigenomics_2677_map_241,10051.51916225852,184.20808773150273
epigenomics_2677_map_242,9913.667077924145,187.8956438924041
epigenomics_2677_map_243,9894.02442911193,186.30666521775726
epigenomics_2677_map_244,9872.133460079182,193.8046919082807
epigenomics_2677_map_245,10098.368088362908,186.59677338694843
epigenomics_2677_map_246,10099.606570629647,186.95063072019005
epigenomics_2677_map_247,10538.190078323216,183.70974651238834
epigenomics_2677_map_248,10908.422050631681,188.15941591974342
epigenomics_2677_map_249,9509.036725576847,187.87790829429733
epigenomics_2677_map_250,9851.433052880446,182.65727537248546
epigenomics_2677_map_251,9785.171995442908,185.9623864067584
epigenomics_2677_map_252,9788.012519926015,185.93833776759877
epigenomics_2677_map_253,9273.684408636782,193.6354487573604
epigenomics_2677_map_254,10529.934192677894,185.2491466948078
epigenomics_2677_map_255,9734.318270956841,189.15771138033975
epigenomics_2677_map_256,9992.057198857228,181.27764998916214
epigenomics_2677_map_257,10355.81120119489,191.50763895620136
epigenomics_2677_map_258,10347.347182681842,195.80366753400068
epigenomics_2677_map_259,9683.191252017896,190.2604573831432
epigenomics_2677_map_260,9732.218965001028,194.16971201909973
epigenomics_2677_map_261,9895.489288582101,183.0369780047603
epigenomics_2677_map_262,10030.8288266787,191.58295585928278
epigenomics_2677_map_263,9769.997157608022,181.27184015954188
epigenomics_2677_map_264,10546.69068357278,185.7391464350221
epigenomics_2677_map_265,10172.318502189433,179.0569530389625
epigenomics_2677_map_266,9398.783532259977,190.56519782592736
epigenomics_2677_map_267,9095.065988651266,189.88489307507098
epigenomics_2677_map_268,10115.650425392998,181.43084618178113
epigenomics_2677_map_269,10105.749184370412,190.02510897649424
epigenomics_2677_map_270,10615.971718740955,184.71302368872617
epigenomics_2677_map_271,11039.689851464405,185.6696277289836
epigenomics_2677_map_272,10045.03632954647,180.1495590556026
epigenomics_2677_map_273,9306.331863361547,186.39787452456912
epigenomics_2677_map_274,9465.23418778755,192.29277377979267
epigenomics_2677_map_275,10079.72807996669,178.54533042840245
epigenomics_2677_map_276,10386.834678130723,185.0612510585204
epigenomics_2677_map_277,9765.451526021703,184.2094375911887
epigenomics_2677_map_278,9407.61743886022,190.2061769840537
epigenomics_2677_map_279,8669.29351208009,187.38883322021607
epigenomics_2677_map_280,10231.474310563737,179.5581958226926
epigenomics_2677_map_281,10502.311794084164,178.43444718246036
epigenomics_2677_map_282,10639.992976311652,182.73234239279122
epigenomics_2677_map_283,10265.075739318225,189.5763923727777
epigenomics_2677_map_284,9908.92848958632,184.27174672275768
epigenomics_2677_map_285,9784.2481499361,180.15564156204516
epigenomics_2677_map_286,9971.312634018808,185.13755585776576
epigenomics_2677_map_287,10629.153349745602,189.0817402916246
epigenomics_2677_map_288,10071.376371079312,186.71467484055677
epigenomics_2677_map_289,9435.276634197182,189.0600317820577
epigenomics_2677_map_290,9991.983657008563,189.5528187204487
epigenomics_2677_map_291,10515.876632917058,185.52732411915068
epigenomics_2677_map_292,9949.012604091227,181.17163468428458
epigenomics_2677_map_293,9962.329209171758,189.50278854548714
epigenomics_2677_map_294,9687.295924712336,187.40774347350896
epigenomics_2677_map_295,10185.303064343243,180.2339642960988
epigenomics_2677_map_296,10013.758777644369,186.7030849097134
epigenomics_2677_map_297,9900.39786255793,187.59410418129363
epigenomics_2677_map_298,10067.217970345522,187.73640919719153
epigenomics_2677_map_299,10504.268036401787,180.07711850911875
epigenomics_2677_map_300,9124.931921165704,182.6234858774858
epigenomics_2677_map_301,10106.06353864829,176.08988924667327
epigenomics_2677_map_302,10111.392902720692,181.65814077526306
epigenomics_2677_map_303,10220.828583959483,180.59308685383695
epigenomics_2677_map_304,9511.92842784769,184.79362437782123
epigenomics_2677_map_305,10965.068832092724,174.91089172890776
epigenomics_2677_map_306,9474.082661687784,187.80174311390283
epigenomics_2677_map_307,10482.588235206045,176.96579499653177
epigenomics_2677_map_308,9828.969342046115,179.8096408171122
epigenomics_2677_map_309,9877.351824886875,182.99022713698827
epigenomics_2677_map_310,9210.783711039485,178.61151689452112
epigenomics_2677_map_311,10034.813382299993,194.53677868321333
epigenomics_2677_map_312,9979.458456929897,188.5873255506885
epigenomics_2677_map_313,11599.210977633125,195.26869315448965
epigenomics_2677_map_314,10608.436973189939,188.20065824943453
epigenomics_2677_map_315,9745.490074662372,183.7385244421881
epigenomics_2677_map_316,10477.968127960163,181.0203497631324
epigenomics_2677_map_317,9984.945441663987,193.46339805614176
epigenomics_2677_map_318,10267.605392692883,184.2787561905254
epigenomics_2677_map_319,10200.287350472741,188.82434617348136
epigenomics_2677_map_320,10315.273335825732,186.7374749629726
epigenomics_2677_map_321,9222.375635550321,188.2703843372301
epigenomics_2677_map_322,9656.602778069368,189.69005554911152
epigenomics_2677_map_323,9957.76529316885,184.0674250052287
epigenomics_2677_map_324,10038.45936154628,183.777316551485
epigenomics_2677_map_325,9514.275906648341,183.74016069792432
epigenomics_2677_map_326,10467.927256724268,184.61882636325663
epigenomics_2677_map_327,9471.655628330935,189.78764713858914
epigenomics_2677_map_328,10442.190721966268,180.73460334623488
epigenomics_2677_map_329,10119.177386539866,187.65707325719603
epigenomics_2677_map_330,10151.595293250291,188.25188709515083
epigenomics_2677_map_331,9227.6702278896,185.08602477775614
epigenomics_2677_map_332,10093.488750169445,186.0686030159328
epigenomics_2677_map_333,10374.059508375747,183.8374230160642
epigenomics_2677_map_334,10230.490498237828,184.68140991910835
epigenomics_2677_map_335,10089.570788704908,185.83257094898414
epigenomics_2677_map_336,9589.893211993773,181.99201588857304
epigenomics_2677_map_337,10348.380023753101,186.28019041015463
epigenomics_2677_map_338,9960.210126946891,177.15578448056442
epigenomics_2677_map_339,9232.010292062098,180.53371289667962
epigenomics_2677_map_340,9870.000649316205,179.90756940739647
epigenomics_2677_map_341,9356.716256451653,174.04904809681693
epigenomics_2677_map_342,10337.700971705055,176.82686489637854
epigenomics_2677_map_343,10366.423663911104,190.41431885996985
epigenomics_2677_map_344,9443.52557815227,188.3649351430994
epigenomics_2677_map_345,9712.507445291387,177.99268625444688
epigenomics_2677_map_346,10200.410211502885,186.6565689445276
epigenomics_2677_map_347,9837.86240311999,190.42588507480406
epigenomics_2677_map_348,9379.38667300493,182.70942224619787
epigenomics_2677_map_349,9576.934156199795,185.22192442069215
epigenomics_2677_map_350,9268.180092549674,187.02111348230383
epigenomics_2677_map_351,10333.115401081724,186.8911974305863
epigenomics_2677_map_352,9815.42341893524,183.34905438315178
epigenomics_2677_map_353,9779.732722819774,179.6110319079919
epigenomics_2677_map_354,9749.220739312004,179.81966155240116
epigenomics_2677_map_355,10145.130462985097,190.07202511775432
epigenomics_2677_map_356,9305.509701307386,185.987837279753
epigenomics_2677_map_357,10526.125066412642,190.75703908018596
epigenomics_2677_map_358,9672.881198062625,188.7591593839544
epigenomics_2677_map_359,9304.283591669428,184.05323301361574
epigenomics_2677_map_360,10001.819739083516,195.83936928381036
epigenomics_2677_map_361,10139.00870254608,180.13733819880827
epigenomics_2677_map_362,10225.55476270763,185.54671578466264
epigenomics_2677_map_363,9296.847692594101,177.1070745168887
epigenomics_2677_map_364,10348.945041427698,186.74472418700023
epigenomics_2677_map_365,9885.552143971297,181.21566935493394
epigenomics_2677_map_366,9853.389182229255,182.95178391270642
epigenomics_2677_map_367,9136.470385416656,186.9452204023602
epigenomics_2677_map_368,10149.504709321185,177.85526540611124
epigenomics_2677_map_369,10257.826727144955,190.78031761453755
epigenomics_2677_map_370,10534.327653371418,191.79212502953504
epigenomics_2677_map_371,9723.91488608521,191.04647712023234
epigenomics_2677_map_372,10950.955260284514,176.7156322659082
epigenomics_2677_map_373,9308.008451964732,190.44434205453942
epigenomics_2677_map_374,9855.401045748979,185.4012329368517
epigenomics_2677_map_375,9815.420013890936,181.4683947938549
epigenomics_2677_map_376,10384.37534764276,179.52589330372624
epigenomics_2677_map_377,9983.612875022576,188.3864278704994
epigenomics_2677_map_378,10294.26553989059,188.57625924063518
epigenomics_2677_map_379,10645.316108617819,186.16208165956635
epigenomics_2677_map_380,10459.287949975238,188.78572596953015
epigenomics_2677_map_381,9685.853721970878,180.74201086037957
epigenomics_2677_map_382,10191.48482487349,186.99880215112617
epigenomics_2677_map_383,9007.8271289977,180.62734475452436
epigenomics_2677_map_384,9645.555601655567,179.30731581523244
epigenomics_2677_map_385,9505.45799034901,182.62018460778705
epigenomics_2677_map_386,9846.398653523243,187.10293166583875
epigenomics_2677_map_387,10716.562598182545,179.67659362803417
epigenomics_2677_map_388,10641.461533494028,187.40175224383134
epigenomics_2677_map_389,10222.156653194766,185.25121024879695
epigenomics_2677_map_390,10099.899476771368,188.45298410920907
epigenomics_2677_map_391,10169.267585358211,183.08717899202688
epigenomics_2677_map_392,10435.549650872039,180.83504006481425
epigenomics_2677_map_393,9738.06005744902,183.02769489969614
epigenomics_2677_map_394,9763.903370189726,188.08420233600074
epigenomics_2677_map_395,11120.70572498248,183.1594674572447
epigenomics_2677_map_396,10234.331022272176,192.2728702938765
epigenomics_2677_map_397,9670.36635606942,182.32967692239578
epigenomics_2677_map_398,9992.658113240388,183.413009286715
epigenomics_2677_map_399,10313.100126669777,188.04112636158146
epigenomics_2677_map_400,10781.937577027493,191.12437337913366
epigenomics_2677_map_401,10221.85524552724,184.340306074145
epigenomics_2677_map_402,9860.316560697951,194.0531339220554
epigenomics_2677_map_403,9841.957082582785,184.7261480238598
epigenomics_2677_map_404,9886.372834051997,190.32695605345037
epigenomics_2677_map_405,10388.621245097402,179.24282422057104
epigenomics_2677_map_406,9872.130427685679,189.39877586414124
epigenomics_2677_map_407,10261.413224352415,182.65121417481683
epigenomics_2677_map_408,9502.860012881449,191.04964406820685
epigenomics_2677_map_409,10059.782975935284,188.5332412183405
epigenomics_2677_map_410,9325.248997251916,187.3952223625586
epigenomics_2677_map_411,10062.426821039833,186.9418711766672
epigenomics_2677_map_412,10676.080395503119,190.33395165042083
epigenomics_2677_map_413,9546.86695928296,183.15232488372106
epigenomics_2677_map_414,10099.825308307432,186.49906712643775
epigenomics_2677_map_415,9990.39298199943,170.83025823125206
epigenomics_2677_map_416,10868.593790769588,186.23734572954987
epigenomics_2677_map_417,9954.252685756652,191.829688351957
epigenomics_2677_map_418,9985.855492845381,190.51962947404286
epigenomics_2677_map_419,9417.182647375477,184.19715489223833
epigenomics_2677_map_420,10558.509708799267,187.22445564670903
epigenomics_2677_map_421,10534.638389718579,185.38179043569122
epigenomics_2677_map_422,9967.80006442308,189.24582142525188
epigenomics_2677_map_423,10567.756046888275,184.12687195291107
epigenomics_2677_map_424,10162.337967464742,183.87644201268958
epigenomics_2677_map_425,9376.47794882958,188.68234048795966
epigenomics_2677_map_426,9448.90302904733,181.67974653803762
epigenomics_2677_map_427,9758.897952620018,184.8186459026051
epigenomics_2677_map_428,11092.495869890156,187.84280163064759
epigenomics_2677_map_429,9454.263915648067,189.02905896559528
epigenomics_2677_map_430,9668.73480422844,171.56960086132187
epigenomics_2677_map_431,9771.644457944167,181.60759273168205
epigenomics_2677_map_432,10746.758758725122,189.58739613029667
epigenomics_2677_map_433,9813.462313483227,171.28791565165133
epigenomics_2677_map_434,9923.785048257529,179.6854426753565
epigenomics_2677_map_435,9919.245289488503,194.86011036664883
epigenomics_2677_map_436,9903.007350367561,186.53495614278796
epigenomics_2677_map_437,9696.776158703491,181.15334341094794
epigenomics_2677_map_438,10091.878489759803,189.8611672677177
epigenomics_2677_map_439,10152.795388338107,183.907160264735
epigenomics_2677_map_440,9565.695732981028,187.10279699958537
epigenomics_2677_map_441,9282.507095060131,186.71555700844382
epigenomics_2677_map_442,10482.518360925997,182.13639911158683
epigenomics_2677_map_443,9597.732841676374,188.8005088524145
epigenomics_2677_map_444,9612.623796003745,198.7206681896907
epigenomics_2677_map_445,10426.521198645085,183.52769611733402
epigenomics_2677_map_446,10343.5652156237,182.06317871525198
epigenomics_2677_map_447,9693.366639925083,175.99354405325437
epigenomics_2677_map_448,10360.58060107663,178.36388354186192
epigenomics_2677_map_449,10037.065247018727,188.46118228548755
epigenomics_2677_map_450,9291.018301631675,174.58908510666424
epigenomics_2677_map_451,10478.784114876771,181.81308274602014
epigenomics_2677_map_452,10397.502413669627,185.59212519782028
epigenomics_2677_map_453,10163.55887241047,189.10207536666633
epigenomics_2677_map_454,9124.99712042248,187.93549407139065
epigenomics_2677_map_455,9652.117015011767,189.99559707696272
epigenomics_2677_map_456,9371.108387825485,191.4381797681699
epigenomics_2677_map_457,10057.056871174116,193.86366045381803
epigenomics_2677_map_458,9399.256795228452,190.20988490844383
epigenomics_2677_map_459,10195.298872495121,195.95378774463717
epigenomics_2677_map_460,10267.20054672945,177.86515078548294
epigenomics_2677_map_461,9601.199533358194,179.71810199762763
epigenomics_2677_map_462,9567.987834368008,191.03571509776836
epigenomics_2677_map_463,10276.441594360924,182.9145094047148
epigenomics_2677_map_464,10835.850958976725,180.97521871927074
epigenomics_2677_map_465,9414.36664255515,180.60859560324326
epigenomics_2677_map_466,10447.147488675108,191.66711842074287
epigenomics_2677_map_467,9737.010447334254,189.15166395281474
epigenomics_2677_map_468,8824.783418735087,192.62895315288833
epigenomics_2677_map_469,9736.190296159686,193.72113632851006
epigenomics_2677_map_470,9438.094115084657,184.23104534445767
epigenomics_2677_map_471,10442.83938486074,179.11991910017636
epigenomics_2677_map_472,9911.19381307789,187.77563967216363
epigenomics_2677_map_473,10345.524826594388,186.46417297728038
epigenomics_2677_map_474,10217.132920583363,185.78903854447248
epigenomics_2677_map_475,10775.293731617534,181.36077294863526
epigenomics_2677_map_476,10826.430948016381,186.22184900685053
epigenomics_2677_map_477,10389.689249555091,179.4005672169185
epigenomics_2677_map_478,10707.71331431739,188.60512396246003
epigenomics_2677_map_479,9836.306183322433,173.07620062536063
epigenomics_2677_map_480,8876.791503424183,177.53125664548045
epigenomics_2677_map_481,10186.055452439918,189.44584144181297
epigenomics_2677_map_482,9467.673699773712,179.82872804234748
epigenomics_2677_map_483,10144.141689670494,185.64322759282192
epigenomics_2677_map_484,10596.392073584919,179.1208262631406
epigenomics_2677_map_485,10158.03859679732,189.56657719148384
epigenomics_2677_map_486,10537.138523124268,185.01870019768205
epigenomics_2677_map_487,10250.311003167815,178.16264521573282
epigenomics_2677_map_488,11009.328089593859,189.64125908647446
epigenomics_2677_map_489,9212.065159755253,188.33276147936735
epigenomics_2677_map_490,10334.502561913709,188.21890315022372
epigenomics_2677_map_491,9214.02013335322,180.26901702595686
epigenomics_2677_map_492,9691.777580453163,181.96710585250455
epigenomics_2677_map_493,10281.126806437715,189.15745902554306
epigenomics_2677_map_494,9499.265858220608,191.37507530285498
epigenomics_2677_map_495,9332.04677646072,189.20128655820457
epigenomics_2677_map_496,9929.13584612256,183.92994034315498
epigenomics_2677_map_497,10111.458992700642,181.15038506024888
epigenomics_2677_map_498,9398.751452368553,179.1377569156943
epigenomics_2677_map_499,10620.997855581569,182.82662623349145
epigenomics_2677_mapMerge1_0,121.70914082280878,121.30162193154032
epigenomics_2677_mapMerge1_1,130.7157310523059,119.44407769359091
epigenomics_2677_mapMerge2_0,149.95049757528773,127.39843722515442
epigenomics_2677_chr21_0,127.6290776449269,42.5224512375826
epigenomics_2677_pileup_0,142.9097256609066,105.37885352974541
