request,latency,mem
epigenomics_7060_entry_0,1.0,1.0
epigenomics_7060_fastqSplit_0,71.38074895653986,104.93927410682147
epigenomics_7060_fastqSplit_1,49.57221601747942,102.36334494521014
epigenomics_7060_filterContams_0,23.116312344759727,65.7524875375612
epigenomics_7060_filterContams_1,20.31602275091418,53.02951622858053
epigenomics_7060_filterContams_2,25.931457274786233,55.82279908007017
epigenomics_7060_filterContams_3,24.264292613668058,55.55391004458421
epigenomics_7060_filterContams_4,20.414482842874495,70.84301579195116
epigenomics_7060_filterContams_5,17.033939653257875,69.83492054908986
epigenomics_7060_filterContams_6,19.370197649158737,68.2350668262117
epigenomics_7060_filterContams_7,20.142486531945398,52.06459889269924
epigenomics_7060_filterContams_8,18.839014869600284,56.33868021573225
epigenomics_7060_filterContams_9,19.898010105947176,59.221451705064275
epigenomics_7060_filterContams_10,22.687005608592763,65.17279572268963
epigenomics_7060_filterContams_11,18.98839159817672,53.53110227660773
epigenomics_7060_filterContams_12,20.171881693073512,70.80991653441377
epigenomics_7060_filterContams_13,14.133591906172544,59.32848262920913
epigenomics_7060_filterContams_14,14.39059841576087,67.88166389593223
epigenomics_7060_filterContams_15,18.956990735048798,70.24818837599594
epigenomics_7060_filterContams_16,24.49160989654906,61.02623781397521
epigenomics_7060_filterContams_17,22.214069785234976,64.53336514649837
epigenomics_7060_filterContams_18,22.907048985420218,70.02887221684156
epigenomics_7060_filterContams_19,21.983788905679965,69.08400048233548
epigenomics_7060_filterContams_20,21.3744653069597,65.97227181815227
epigenomics_7060_filterContams_21,18.666331520389548,70.66628448086219
epigenomics_7060_filterContams_22,20.95642453540611,71.1761706117526
epigenomics_7060_filterContams_23,19.01675872619569,63.376374014265295
epigenomics_7060_filterContams_24,17.47721917948028,55.28432349872533
epigenomics_7060_filterContams_25,17.340372740799154,72.83076155043489
epigenomics_7060_filterContams_26,19.333383618009343,63.75901606061173
epigenomics_7060_filterContams_27,21.09140848400773,65.55419460175747
epigenomics_7060_filterContams_28,22.867538429303785,56.99689795121718
epigenomics_7060_filterContams_29,18.758057913501776,60.40118261520742
epigenomics_7060_filterContams_30,20.457911229612336,59.87475480780233
epigenomics_7060_filterContams_31,21.417277166711344,78.59103380715129
epigenomics_7060_filterContams_32,20.529180269890116,65.01004116783285
epigenomics_7060_filterContams_33,17.740570503931924,68.42232918064556
epigenomics_7060_filterContams_34,20.872840988206363,63.80601981233724
epigenomics_7060_filterContams_35,24.784005747236453,64.66190474413389
epigenomics_7060_filterContams_36,24.447479978204832,55.04225121614839
epigenomics_7060_filterContams_37,19.88858446435978,76.93219989979673
epigenomics_7060_filterContams_38,20.208589847569964,68.98155094581904
epigenomics_7060_filterContams_39,19.85051799086236,75.52873371634385
epigenomics_7060_filterContams_40,24.842461911676725,61.08297608535938
epigenomics_7060_filterContams_41,20.592936158637162,67.60892495330658
epigenomics_7060_filterContams_42,16.38934945274839,67.80036272597124
epigenomics_7060_filterContams_43,14.403758415235124,72.34069563434022
epigenomics_7060_filterContams_44,19.641953280694427,53.307926523820704
epigenomics_7060_filterContams_45,22.448428359259037,69.35436557851553
epigenomics_7060_filterContams_46,19.73067678008888,67.38648586212555
epigenomics_7060_filterContams_47,22.14215813466083,72.82489139774682
epigenomics_7060_filterContams_48,17.926077468680987,79.07543523696052
epigenomics_7060_filterContams_49,17.707886169533417,63.589615776490575
epigenomics_7060_filterContams_50,15.167289577508432,68.64991217506858
epigenomics_7060_filterContams_51,19.6855334651135,75.63582371746469
epigenomics_7060_filterContams_52,19.88560479413454,69.02811448995759
epigenomics_7060_filterContams_53,23.480208240583277,58.05171656029958
epigenomics_7060_filterContams_54,19.811884658343264,55.45193717247721
epigenomics_7060_filterContams_55,26.95860156714604,59.986387883826886
epigenomics_7060_filterContams_56,16.819030958880813,67.43826540527624
epigenomics_7060_filterContams_57,24.972791560169973,55.90967154200089
epigenomics_7060_filterContams_58,13.677074216394988,72.99016475867397
epigenomics_7060_filterContams_59,20.580531693527917,72.73853168190531
epigenomics_7060_filterContams_60,18.54150421884291,63.18782993091083
epigenomics_7060_filterContams_61,21.062118724672313,69.91607798935163
epigenomics_7060_filterContams_62,19.945674343670746,78.94082726827244
epigenomics_7060_filterContams_63,22.919759933346583,54.051245723088805
epigenomics_7060_filterContams_64,19.80575278161264,59.0679786544904
epigenomics_7060_filterContams_65,18.477865715702585,63.08384219099085
epigenomics_7060_filterContams_66,18.783250327083103,59.96568435865413
epigenomics_7060_filterContams_67,20.74719373465357,56.607265317851976
epigenomics_7060_filterContams_68,20.53157251058683,71.35325949024455
epigenomics_7060_filterContams_69,16.940035061622112,60.07403321756776
epigenomics_7060_filterContams_70,17.96993921401211,71.58664911295209
epigenomics_7060_filterContams_71,19.507610407179495,83.2353629856128
epigenomics_7060_filterContams_72,18.916008178860746,60.6454397897089
epigenomics_7060_filterContams_73,19.843695803838287,76.72946403081023
epigenomics_7060_filterContams_74,20.33015398610873,57.16829884918437
epigenomics_7060_filterContams_75,23.81323467686777,73.88185961444844
epigenomics_7060_filterContams_76,14.931014705760699,61.121158599932166
epigenomics_7060_filterContams_77,27.38286309532979,78.1174424298218
epigenomics_7060_filterContams_78,14.252136850880696,59.29673874762221
epigenomics_7060_filterContams_79,22.555638510558406,54.81767740220183
epigenomics_7060_filterContams_80,16.130598079481356,67.9616027272487
epigenomics_7060_filterContams_81,22.349684943290544,64.73032139949038
epigenomics_7060_filterContams_82,14.262671950291303,56.998512617278905
epigenomics_7060_filterContams_83,20.460518807534932,69.9361352039956
epigenomics_7060_filterContams_84,19.91032136829676,75.91690971132243
epigenomics_7060_filterContams_85,22.395080553980343,71.56475931656347
epigenomics_7060_filterContams_86,25.173301628791336,54.96859357947221
epigenomics_7060_filterContams_87,18.394997863902258,69.24667708334411
epigenomics_7060_filterContams_88,18.82472018543924,63.37712314907105
epigenomics_7060_filterContams_89,25.670536910593025,64.4140216559271
epigenomics_7060_filterContams_90,20.488177797595625,58.45448629126633
epigenomics_7060_filterContams_91,17.956142563982773,68.11348071409496
epigenomics_7060_filterContams_92,22.47997318148626,65.69959998420774
epigenomics_7060_filterContams_93,20.5568618237392,63.37672525376864
epigenomics_7060_filterContams_94,21.089226177367337,65.38596908773624
epigenomics_7060_filterContams_95,22.755873480391987,62.317910262621844
epigenomics_7060_filterContams_96,21.117242344710373,76.79534216430503
epigenomics_7060_filterContams_97,18.069594509231987,78.9773554221315
epigenomics_7060_filterContams_98,19.395422804318866,74.62093512655007
epigenomics_7060_filterContams_99,16.168254145118198,63.993285418436365
epigenomics_7060_filterContams_100,20.708228896646315,59.3883725347131
epigenomics_7060_filterContams_101,21.157595701504604,72.94706618875772
epigenomics_7060_filterContams_102,17.37147458344815,66.43946169960049
epigenomics_7060_filterContams_103,22.37884081052269,63.04559322518814
epigenomics_7060_filterContams_104,22.306561454238842,75.20598813222934
epigenomics_7060_filterContams_105,19.730223452217565,53.97156763220999
epigenomics_7060_filterContams_106,16.945855022570527,71.42028305423813
epigenomics_7060_filterContams_107,15.10893091244818,60.521134244496366
epigenomics_7060_filterContams_108,17.81627135345562,59.68767868884294
epigenomics_7060_filterContams_109,19.618640832632686,68.04425399290659
epigenomics_7060_filterContams_110,24.630816992424876,72.48403276741871
epigenomics_7060_filterContams_111,22.70802938556494,58.11549043001584
epigenomics_7060_filterContams_112,23.82563245453162,63.22519835391679
epigenomics_7060_filterContams_113,19.09696190515685,61.033902391886436
epigenomics_7060_filterContams_114,18.98279358800116,59.4731690074382
epigenomics_7060_filterContams_115,19.735643486693554,58.307212330942846
epigenomics_7060_filterContams_116,20.825920270051782,59.76738456654175
epigenomics_7060_filterContams_117,20.180681710866796,70.95314875079701
epigenomics_7060_filterContams_118,25.01753795155004,76.39850713911446
epigenomics_7060_filterContams_119,15.965615772151274,54.78516279308637
epigenomics_7060_filterContams_120,22.945873868558873,58.88591130324149
epigenomics_7060_filterContams_121,19.92865654996402,59.4945544405882
epigenomics_7060_filterContams_122,22.11745617131764,66.43246181032418
epigenomics_7060_filterContams_123,14.53211367193783,69.91019432193154
epigenomics_7060_filterContams_124,20.120122136580843,55.0642464964631
epigenomics_7060_filterContams_125,15.045304053043031,66.76976846325114
epigenomics_7060_filterContams_126,15.522307489615647,74.86840220055798
epigenomics_7060_filterContams_127,16.57215704687089,53.673061100304
epigenomics_7060_filterContams_128,23.88523176437451,57.45580829857044
epigenomics_7060_filterContams_129,15.30129034929016,57.739005181595545
epigenomics_7060_filterContams_130,16.392816534964606,61.73003702570472
epigenomics_7060_filterContams_131,17.365209262660127,68.67934251882976
epigenomics_7060_filterContams_132,21.697931137473965,61.211333103814106
epigenomics_7060_filterContams_133,22.54209294667637,58.46768238170215
epigenomics_7060_filterContams_134,20.809911862141444,61.726395143363156
epigenomics_7060_filterContams_135,13.541074542612025,63.11315319618381
epigenomics_7060_filterContams_136,24.22296896110432,65.23267117053892
epigenomics_7060_filterContams_137,26.443508533033373,63.912388338316745
epigenomics_7060_filterContams_138,17.68639189808386,57.04802229704615
epigenomics_7060_filterContams_139,22.623595821151753,64.82484580327443
epigenomics_7060_filterContams_140,20.953500968260247,64.23280083305673
epigenomics_7060_filterContams_141,17.417234991071467,82.82422644589919
epigenomics_7060_filterContams_142,20.070501206513587,85.16227114617556
epigenomics_7060_filterContams_143,24.448045310941485,73.52981513205754
epigenomics_7060_filterContams_144,23.67899973412016,76.27799090383071
epigenomics_7060_filterContams_145,19.401199884734567,68.44984688898265
epigenomics_7060_filterContams_146,18.605363310416415,62.825772097666295
epigenomics_7060_filterContams_147,27.1833615319716,69.31259862679646
epigenomics_7060_filterContams_148,20.217678092722036,57.612168821157724
epigenomics_7060_filterContams_149,19.869017892557174,65.16900497756765
epigenomics_7060_filterContams_150,16.092025131397104,73.89670895006952
epigenomics_7060_filterContams_151,28.4742218463455,75.06192115589272
epigenomics_7060_filterContams_152,19.44707658807589,60.08547221199811
epigenomics_7060_filterContams_153,26.18107468105695,77.0810983540985
epigenomics_7060_filterContams_154,13.926563869772636,62.810169592442634
epigenomics_7060_filterContams_155,19.553659167411205,68.08438316916484
epigenomics_7060_filterContams_156,22.654831979198786,67.64101740044838
epigenomics_7060_filterContams_157,18.69713635674501,53.756271132066516
epigenomics_7060_filterContams_158,15.711090708775965,71.02329872091799
epigenomics_7060_filterContams_159,17.750267510002494,63.39944694581458
epigenomics_7060_filterContams_160,19.0425031080237,58.88926613874821
epigenomics_7060_filterContams_161,16.32231899021309,58.468590507690266
epigenomics_7060_filterContams_162,20.586131779547866,47.46400307908348
epigenomics_7060_filterContams_163,20.610595874252155,79.63271320014778
epigenomics_7060_filterContams_164,18.20653263063412,54.59239562665267
epigenomics_7060_filterContams_165,22.36520391971301,63.116323331064244
epigenomics_7060_filterContams_166,17.905916188718177,61.46467106673694
epigenomics_7060_filterContams_167,18.57545460830884,57.96486198808716
epigenomics_7060_filterContams_168,20.950528937741076,68.03841329952058
epigenomics_7060_filterContams_169,24.181333332448194,47.38444077845539
epigenomics_7060_filterContams_170,20.65111968293379,63.72556049672509
epigenomics_7060_filterContams_171,16.4959656226139,72.13126098275364
epigenomics_7060_filterContams_172,14.223074952504682,71.14577801497214
epigenomics_7060_filterContams_173,17.381173804840994,69.71676143068095
epigenomics_7060_filterContams_174,23.989868810888893,61.611917105139554
epigenomics_7060_filterContams_175,17.84049027428535,75.06051837936621
epigenomics_7060_filterContams_176,22.371723662754658,60.26081023822176
epigenomics_7060_filterContams_177,20.99149278700349,68.03176093624042
epigenomics_7060_filterContams_178,9.969679252183168,68.53083087060948
epigenomics_7060_filterContams_179,24.212181658438382,70.19577411313541
epigenomics_7060_filterContams_180,19.29998567652279,61.60700244101771
epigenomics_7060_filterContams_181,20.966195402645464,75.23544797745137
epigenomics_7060_filterContams_182,24.711795985245104,65.70979411426035
epigenomics_7060_filterContams_183,17.464475044733273,53.65013436342065
epigenomics_7060_filterContams_184,21.82900499260745,70.66122250509325
epigenomics_7060_filterContams_185,21.19355347328317,50.20523892402175
epigenomics_7060_filterContams_186,22.26722421183238,67.36490831955508
epigenomics_7060_filterContams_187,23.621208433434102,63.250984606481126
epigenomics_7060_filterContams_188,18.21169528404245,70.81160217779235
epigenomics_7060_filterContams_189,18.809622307824508,51.78483043397403
epigenomics_7060_filterContams_190,14.154421872810838,69.67986904820049
epigenomics_7060_filterContams_191,19.566762339096723,63.87058732413149
epigenomics_7060_filterContams_192,15.819227977234998,73.00645494257282
epigenomics_7060_filterContams_193,24.242476816804224,65.74909746428229
epigenomics_7060_filterContams_194,18.324059189015216,60.47556821592024
epigenomics_7060_filterContams_195,19.05900588296584,58.38744373664522
epigenomics_7060_filterContams_196,19.39805213638229,70.22783511346101
epigenomics_7060_filterContams_197,17.281246107463154,54.96067476794548
epigenomics_7060_filterContams_198,20.29666941074339,58.89470673560579
epigenomics_7060_filterContams_199,25.827638528280737,63.74607240431598
epigenomics_7060_filterContams_200,16.935288730773596,55.31086564937557
epigenomics_7060_filterContams_201,19.48255111307149,62.67350933562876
epigenomics_7060_filterContams_202,16.794703505528652,61.08646022910456
epigenomics_7060_filterContams_203,18.17696183904815,55.511955440976564
epigenomics_7060_filterContams_204,18.292410828901712,60.53070028727539
epigenomics_7060_filterContams_205,16.511895816651883,53.38105477130451
epigenomics_7060_filterContams_206,20.18108662553949,85.83739109571488
epigenomics_7060_filterContams_207,22.085544623581725,67.01823198267554
epigenomics_7060_filterContams_208,19.632884252447063,74.96980139725886
epigenomics_7060_filterContams_209,19.839402003374257,66.78983941954549
epigenomics_7060_filterContams_210,25.432578775308404,60.897856043769245
epigenomics_7060_filterContams_211,14.69051439796415,78.60844390116957
epigenomics_7060_filterContams_212,21.973346154136877,70.11367955029684
epigenomics_7060_filterContams_213,17.908929347717226,70.19237125758316
epigenomics_7060_filterContams_214,23.230709485104967,72.41792424959051
epigenomics_7060_filterContams_215,17.323287159238404,70.18788858140475
epigenomics_7060_filterContams_216,16.945139114631075,56.21767671017196
epigenomics_7060_filterContams_217,17.48857680468392,67.89179886662097
epigenomics_7060_filterContams_218,21.847742986072124,63.40443153592795
epigenomics_7060_filterContams_219,19.640864485219176,57.6244573794998
epigenomics_7060_filterContams_220,14.18972541264053,74.71115554041327
epigenomics_7060_filterContams_221,19.832240608410263,60.73342224480871
epigenomics_7060_filterContams_222,17.213972320140144,73.89535704504132
epigenomics_7060_filterContams_223,18.998681631421622,65.78768444775795
epigenomics_7060_filterContams_224,20.525790430491657,69.29057532225887
epigenomics_7060_filterContams_225,14.165405026067447,66.27318658701545
epigenomics_7060_filterContams_226,20.84174753378943,78.06906550148892
epigenomics_7060_filterContams_227,23.44158086718206,65.64135102887757
epigenomics_7060_filterContams_228,15.356485274535135,72.92086224590297
epigenomics_7060_filterContams_229,21.813855560774073,66.49753458548827
epigenomics_7060_filterContams_230,21.554659702483267,69.23597097446944
epigenomics_7060_filterContams_231,21.777570594392763,58.698373016898316
epigenomics_7060_filterContams_232,20.12801351530892,77.49005591123473
epigenomics_7060_filterContams_233,23.296714756341114,63.82470853020177
epigenomics_7060_filterContams_234,24.372220255874296,65.61510146640607
epigenomics_7060_filterContams_235,17.74668883038245,78.57789733788226
epigenomics_7060_filterContams_236,24.267258916033466,69.77013974859287
epigenomics_7060_filterContams_237,17.16725844694753,55.386307206734614
epigenomics_7060_filterContams_238,23.593839008841897,58.80037597421848
epigenomics_7060_filterContams_239,17.185793181604172,67.7600746808607
epigenomics_7060_filterContams_240,19.427171080060027,63.53140517439941
epigenomics_7060_filterContams_241,19.319452615961573,58.2520576713047
epigenomics_7060_filterContams_242,22.287075002920464,37.75904132143748
epigenomics_7060_filterContams_243,19.451372772732064,59.03571007525187
epigenomics_7060_filterContams_244,14.792782800030531,62.55221132066407
epigenomics_7060_filterContams_245,10.667076870475585,49.53011824410454
epigenomics_7060_filterContams_246,20.011746792777288,60.49470008987274
epigenomics_7060_filterContams_247,22.59673256164445,63.33532990758178
epigenomics_7060_filterContams_248,15.412101397644792,55.73172483331295
epigenomics_7060_filterContams_249,20.00525112193687,66.149187052961
epigenomics_7060_filterContams_250,20.382805499050647,70.97630375822857
epigenomics_7060_filterContams_251,22.50916290519868,58.087812299081456
epigenomics_7060_filterContams_252,27.135091918701193,68.89474975397304
epigenomics_7060_filterContams_253,21.569033376022247,62.55236962560025
epigenomics_7060_filterContams_254,21.7834923374943,54.00716462670498
epigenomics_7060_filterContams_255,19.850907576466124,59.581926295666904
epigenomics_7060_filterContams_256,17.624276244645934,83.02557838212186
epigenomics_7060_filterContams_257,22.321629037724698,70.03924763197712
epigenomics_7060_filterContams_258,17.100650115489593,57.63035513739952
epigenomics_7060_filterContams_259,19.5870103054769,62.488100914926875
epigenomics_7060_filterContams_260,22.093603937971316,64.79975814728559
epigenomics_7060_filterContams_261,23.825268700545823,62.17098022708305
epigenomics_7060_filterContams_262,17.365106536124248,73.00713347574683
epigenomics_7060_filterContams_263,16.134246851079414,79.07659042114234
epigenomics_7060_filterContams_264,22.190338341304805,61.81000290459814
epigenomics_7060_filterContams_265,19.73694839459926,58.44766701187008
epigenomics_7060_filterContams_266,16.70352819844364,75.93228620398416
epigenomics_7060_filterContams_267,23.784705979687306,53.34035694691352
epigenomics_7060_filterContams_268,21.996799748490535,66.34539391515611
epigenomics_7060_filterContams_269,13.425296899310464,76.37417015014034
epigenomics_7060_filterContams_270,11.833460193275963,56.35526577463557
epigenomics_7060_filterContams_271,18.605242631338164,68.3382566471672
epigenomics_7060_filterContams_272,25.77027402543957,65.12191988377396
epigenomics_7060_filterContams_273,15.480897439184124,68.25014331788583
epigenomics_7060_filterContams_274,24.991358779622136,77.38955735573835
epigenomics_7060_filterContams_275,19.87632966719409,66.35681407800475
epigenomics_7060_filterContams_276,22.28902810735004,71.45057981928198
epigenomics_7060_filterContams_277,17.84616863191129,62.565582614159766
epigenomics_7060_filterContams_278,25.3880174777594,69.4832025979799
epigenomics_7060_filterContams_279,21.881116863749526,70.07554018287541
epigenomics_7060_filterContams_280,22.04378842032601,56.131903156235694
epigenomics_7060_filterContams_281,23.35242082857158,70.28849582320453
epigenomics_7060_filterContams_282,20.838596394555932,58.10369309706341
epigenomics_7060_filterContams_283,22.415068634935125,69.58321926287331
epigenomics_7060_filterContams_284,17.818214032116163,54.95217234966438
epigenomics_7060_filterContams_285,17.575249321318715,78.29144144512006
epigenomics_7060_filterContams_286,15.458665760326049,48.765873528840345
epigenomics_7060_filterContams_287,18.38345727351482,61.73316114501122
epigenomics_7060_filterContams_288,18.560438316048042,61.74542544569446
epigenomics_7060_filterContams_289,21.557348764017313,60.89345052234676
epigenomics_7060_filterContams_290,21.43302713271252,76.0539291378397
epigenomics_7060_filterContams_291,22.170919596187883,67.08676119643285
epigenomics_7060_filterContams_292,24.49643224094028,59.36615712814826
epigenomics_7060_filterContams_293,19.30878870804383,69.53732043095475
epigenomics_7060_filterContams_294,19.669149296612723,55.383981633813235
epigenomics_7060_filterContams_295,15.658433424200211,49.86861277846083
epigenomics_7060_filterContams_296,21.15279576351134,67.24151937104357
epigenomics_7060_filterContams_297,23.766295950123762,56.317127112020195
epigenomics_7060_filterContams_298,31.156795548782988,50.23466205338346
epigenomics_7060_filterContams_299,11.841435347951238,61.28673891003333
epigenomics_7060_filterContams_300,16.355397265319816,53.9442667799453
epigenomics_7060_filterContams_301,15.456927280446795,73.08462802699229
epigenomics_7060_filterContams_302,22.558181249457387,56.74471255381678
epigenomics_7060_filterContams_303,19.620732460740577,56.11401911531889
epigenomics_7060_filterContams_304,20.83369702228844,65.92790557541983
epigenomics_7060_filterContams_305,22.511513214289312,68.61328909409558
epigenomics_7060_filterContams_306,14.610069582103149,71.32104972056827
epigenomics_7060_filterContams_307,24.919650935206032,63.46874447529576
epigenomics_7060_filterContams_308,18.640343823021823,60.30477791072563
epigenomics_7060_filterContams_309,18.768141882576824,76.21882363216116
epigenomics_7060_filterContams_310,20.04839408756256,55.6171723689133
epigenomics_7060_filterContams_311,24.032065324317323,70.2906843121134
epigenomics_7060_filterContams_312,16.109665658046225,59.98599457257391
epigenomics_7060_filterContams_313,18.1280934971001,58.00577068656259
epigenomics_7060_filterContams_314,14.293897676669834,56.55672080386005
epigenomics_7060_filterContams_315,21.290141638198428,62.9065249378965
epigenomics_7060_filterContams_316,18.211049655854747,55.35781907317917
epigenomics_7060_filterContams_317,16.591617460040307,60.43522633171393
epigenomics_7060_filterContams_318,16.421741389517884,68.50393462353811
epigenomics_7060_filterContams_319,22.266684760895124,73.11613272797314
epigenomics_7060_filterContams_320,18.624463680490454,64.51517641999291
epigenomics_7060_filterContams_321,22.994914700344566,62.58838505227023
epigenomics_7060_filterContams_322,20.6891406334412,67.74824998897294
epigenomics_7060_filterContams_323,21.347216965074463,54.55494264286038
epigenomics_7060_filterContams_324,18.952518488820395,66.32684433549564
epigenomics_7060_filterContams_325,20.29941503598277,51.406755429906646
epigenomics_7060_filterContams_326,24.089513088643038,64.24336913942038
epigenomics_7060_filterContams_327,22.356632335932733,57.49392372494899
epigenomics_7060_filterContams_328,15.224566854814224,59.923315454914274
epigenomics_7060_filterContams_329,22.168988670944472,63.35011309429664
epigenomics_7060_filterContams_330,19.522926857826135,78.26763299435459
epigenomics_7060_filterContams_331,24.697514698079896,70.55144830526832
epigenomics_7060_filterContams_332,16.837816745303847,67.51646346254833
epigenomics_7060_filterContams_333,15.830617747141096,64.42869268010429
epigenomics_7060_filterContams_334,23.615222046086124,76.74595628341496
epigenomics_7060_filterContams_335,16.588270481615165,46.74263758286068
epigenomics_7060_filterContams_336,25.274498893758278,72.91603762662236
epigenomics_7060_filterContams_337,22.014317768500355,68.47802820609814
epigenomics_7060_filterContams_338,27.72614299151519,46.62728422613314
epigenomics_7060_filterContams_339,14.685851863184556,47.30115801032038
epigenomics_7060_filterContams_340,21.99096296468474,56.51644497232879
epigenomics_7060_filterContams_341,18.73524063252072,64.6322249645261
epigenomics_7060_filterContams_342,21.163054300787717,71.86629833230234
epigenomics_7060_filterContams_343,21.71341957942508,69.29780388406013
epigenomics_7060_filterContams_344,24.753210258254285,71.0985353133069
epigenomics_7060_filterContams_345,18.47328754242054,62.7089828885956
epigenomics_7060_filterContams_346,19.265249208883738,56.7080192785172
epigenomics_7060_filterContams_347,21.741240846164427,54.42346704346778
epigenomics_7060_filterContams_348,17.336701971178126,83.50088981974761
epigenomics_7060_filterContams_349,17.755636521597832,71.79998118876038
epigenomics_7060_filterContams_350,19.89783818855558,65.76185186654537
epigenomics_7060_filterContams_351,25.140586419982704,63.53461530797636
epigenomics_7060_filterContams_352,23.04502417328447,77.85289883405972
epigenomics_7060_filterContams_353,15.200456257509693,60.98762689214187
epigenomics_7060_filterContams_354,18.2996078087923,54.646115894775996
epigenomics_7060_filterContams_355,16.906896864481805,79.29572779222585
epigenomics_7060_filterContams_356,18.218783690286873,65.17539582766356
epigenomics_7060_filterContams_357,20.355420289225197,62.86267239976554
epigenomics_7060_filterContams_358,19.037319925593277,63.61736750550106
epigenomics_7060_filterContams_359,20.83117062275018,44.978690726728374
epigenomics_7060_filterContams_360,17.788118482313525,60.740135805709464
epigenomics_7060_filterContams_361,18.766418148073022,48.257892960858484
epigenomics_7060_filterContams_362,18.23843847379067,71.62130013360466
epigenomics_7060_filterContams_363,16.67106612507773,65.10366386977113
epigenomics_7060_filterContams_364,20.612759099692862,79.82478083512626
epigenomics_7060_filterContams_365,20.28376653403852,77.36400665495185
epigenomics_7060_filterContams_366,24.16218982798193,65.602287424382
epigenomics_7060_filterContams_367,20.818055226211424,60.757108322910724
epigenomics_7060_filterContams_368,21.674912653716117,66.18645414796835
epigenomics_7060_filterContams_369,18.024389397891873,71.53659146853248
epigenomics_7060_filterContams_370,22.770348894488137,58.72691764290083
epigenomics_7060_filterContams_371,22.186577650597755,63.406322428179415
epigenomics_7060_filterContams_372,17.571367336062163,72.61229379216594
epigenomics_7060_filterContams_373,18.938772033185426,58.75612618471901
epigenomics_7060_filterContams_374,21.036909250642605,69.52536891871286
epigenomics_7060_filterContams_375,20.55715005599491,53.094939399396736
epigenomics_7060_filterContams_376,22.35855611526635,68.83568690378719
epigenomics_7060_filterContams_377,22.58383997043544,68.28433537439955
epigenomics_7060_filterContams_378,14.07906851867888,62.92076353248844
epigenomics_7060_filterContams_379,20.16454877409633,73.16712059705817
epigenomics_7060_filterContams_380,20.402865612864094,67.40462157564012
epigenomics_7060_filterContams_381,19.430172418659513,61.21666203337604
epigenomics_7060_filterContams_382,24.004595082315955,80.7814903943966
epigenomics_7060_filterContams_383,22.95816883527724,60.45354194394933
epigenomics_7060_filterContams_384,19.138306403014205,63.13515615615265
epigenomics_7060_filterContams_385,20.76830413214847,76.46013443876514
epigenomics_7060_filterContams_386,23.00556815831326,50.005507090729594
epigenomics_7060_filterContams_387,23.776951336729898,67.18951671206347
epigenomics_7060_filterContams_388,18.444310857934106,66.53851304838508
epigenomics_7060_filterContams_389,14.89093021409357,60.04143220264708
epigenomics_7060_filterContams_390,27.694169641109372,59.27291049447912
epigenomics_7060_filterContams_391,22.02703633778197,71.4076505264855
epigenomics_7060_filterContams_392,17.785913078956785,67.55732752600348
epigenomics_7060_filterContams_393,17.165035020051608,70.01468021694824
epigenomics_7060_filterContams_394,18.379084620695217,58.87403021536578
epigenomics_7060_filterContams_395,22.012414425757285,60.545534413928934
epigenomics_7060_filterContams_396,18.919382984601494,52.34469498602362
epigenomics_7060_filterContams_397,21.337938851712767,77.99993813969066
epigenomics_7060_filterContams_398,24.10096309371404,71.285275175179
epigenomics_7060_filterContams_399,21.672418255320135,59.20403007868126
epigenomics_7060_filterContams_400,25.636119928194958,59.06627115802113
epigenomics_7060_filterContams_401,22.416822579804062,67.41671068221707
epigenomics_7060_filterContams_402,14.080398460787569,58.67004486485221
epigenomics_7060_filterContams_403,14.98256179005382,69.68040967408236
epigenomics_7060_filterContams_404,18.331476225405805,71.64295257359609
epigenomics_7060_filterContams_405,21.02640401645069,56.12569144641551
epigenomics_7060_filterContams_406,16.886345024392362,73.38139636477125
epigenomics_7060_filterContams_407,11.017977641481245,64.58276560781991
epigenomics_7060_filterContams_408,19.304598625894254,70.04544653131722
epigenomics_7060_filterContams_409,18.777112681588164,67.8239631655159
epigenomics_7060_filterContams_410,19.989646586599942,60.35790979765886
epigenomics_7060_filterContams_411,19.368235995406124,72.39376785239017
epigenomics_7060_filterContams_412,18.47625730182985,58.36297184456194
epigenomics_7060_filterContams_413,16.31064010326172,64.42283567622808
epigenomics_7060_filterContams_414,13.955601566767733,70.16106690667536
epigenomics_7060_filterContams_415,18.343489411366182,58.884867012725266
epigenomics_7060_filterContams_416,20.45004787665774,69.10677584781172
epigenomics_7060_filterContams_417,17.222354467424324,69.31654881875966
epigenomics_7060_filterContams_418,17.055051880707705,59.429127662219436
epigenomics_7060_filterContams_419,18.857869337182354,62.44809190690826
epigenomics_7060_filterContams_420,24.234059381670562,67.0486464269875
epigenomics_7060_filterContams_421,19.895421643777187,66.22724113718942
epigenomics_7060_filterContams_422,21.249326391635396,95.94892859244848
epigenomics_7060_filterContams_423,18.559282758442208,77.2244558606857
epigenomics_7060_filterContams_424,20.269125096716262,55.51603186540787
epigenomics_7060_filterContams_425,20.469731463183667,77.7806432468013
epigenomics_7060_filterContams_426,23.887390164877466,69.02828607211467
epigenomics_7060_filterContams_427,26.64693366886606,71.90763528228311
epigenomics_7060_filterContams_428,15.513218531864997,68.15608466673956
epigenomics_7060_filterContams_429,18.531021324323248,58.4276873054805
epigenomics_7060_filterContams_430,11.343727829069532,59.63474413147694
epigenomics_7060_filterContams_431,22.40027571567464,50.37870211515563
epigenomics_7060_filterContams_432,15.57626207844175,55.42201191046495
epigenomics_7060_filterContams_433,21.478702446583554,67.99925336716694
epigenomics_7060_filterContams_434,20.019659270908335,72.19507025877186
epigenomics_7060_filterContams_435,19.50195848634358,56.13190159389289
epigenomics_7060_filterContams_436,27.29735950177757,84.16010374198298
epigenomics_7060_filterContams_437,21.000347779654618,58.06851097216787
epigenomics_7060_filterContams_438,17.561841319812025,53.27754370383017
epigenomics_7060_filterContams_439,22.413914572916745,61.04128035133905
epigenomics_7060_filterContams_440,19.000551605543986,68.7422622256551
epigenomics_7060_filterContams_441,25.304602137488274,62.176056146401024
epigenomics_7060_filterContams_442,18.37626193778463,74.6140651016486
epigenomics_7060_filterContams_443,17.310335384240698,78.13222764472415
epigenomics_7060_filterContams_444,21.619081488867565,59.410984186592856
epigenomics_7060_filterContams_445,19.302848816822664,57.62710653292538
epigenomics_7060_filterContams_446,21.191551329111086,75.16087717738752
epigenomics_7060_filterContams_447,26.08017205350613,46.31224572468346
epigenomics_7060_filterContams_448,22.05390557790469,66.91534789784946
epigenomics_7060_filterContams_449,17.162834583846266,78.50147389235545
epigenomics_7060_filterContams_450,19.534877007789994,63.00550004184055
epigenomics_7060_filterContams_451,21.280127442600506,75.62424150534298
epigenomics_7060_filterContams_452,22.909130272495677,75.23875476478878
epigenomics_7060_filterContams_453,20.597502466608887,65.90042472809009
epigenomics_7060_filterContams_454,22.424388476526335,57.08405597462852
epigenomics_7060_filterContams_455,16.628055244305035,68.15929195082558
epigenomics_7060_filterContams_456,20.48613899399938,77.29190716787122
epigenomics_7060_filterContams_457,23.067596270778665,58.97547471817282
epigenomics_7060_filterContams_458,18.89913389984487,69.74942408072611
epigenomics_7060_filterContams_459,16.712024104594377,55.85458135612211
epigenomics_7060_filterContams_460,20.849257268365026,61.223997188963025
epigenomics_7060_filterContams_461,17.677039595643066,69.3755711431652
epigenomics_7060_filterContams_462,24.752466883644914,80.17634644253584
epigenomics_7060_filterContams_463,22.592236264209244,55.9714550358238
epigenomics_7060_filterContams_464,23.98512864820894,67.61879643999188
epigenomics_7060_filterContams_465,24.361358450669606,71.03012181236203
epigenomics_7060_filterContams_466,21.12325141905101,70.60291988428197
epigenomics_7060_filterContams_467,25.640019602328636,83.77922899435471
epigenomics_7060_filterContams_468,18.575408177072198,59.05711172335391
epigenomics_7060_filterContams_469,17.989698292238845,67.67053304869162
epigenomics_7060_filterContams_470,18.225922729098244,64.77681149224453
epigenomics_7060_filterContams_471,20.62931114179862,69.841714631064
epigenomics_7060_filterContams_472,18.183017282058383,76.95628440504584
epigenomics_7060_filterContams_473,21.896550479964677,73.3568990070403
epigenomics_7060_filterContams_474,22.874606283692465,52.42195575819197
epigenomics_7060_filterContams_475,23.063662542022048,66.58854006230284
epigenomics_7060_filterContams_476,15.380389455015127,58.107739619336996
epigenomics_7060_filterContams_477,18.119524988692945,73.50514075533181
epigenomics_7060_filterContams_478,20.59111651049918,54.356684556716665
epigenomics_7060_filterContams_479,22.40543709818099,64.41097570346636
epigenomics_7060_filterContams_480,19.607792114741116,69.70136009141869
epigenomics_7060_filterContams_481,17.96416250713436,60.088171945108094
epigenomics_7060_filterContams_482,15.456574286622498,74.43076059511232
epigenomics_7060_filterContams_483,20.307550789627562,63.03430350232014
epigenomics_7060_filterContams_484,17.70700782502147,71.77716459411079
epigenomics_7060_filterContams_485,21.41434185423345,77.04983069076718
epigenomics_7060_filterContams_486,15.34534354418943,55.794453507178495
epigenomics_7060_filterContams_487,20.6993301912522,64.94934036984982
epigenomics_7060_filterContams_488,22.544859012668706,76.07203935480054
epigenomics_7060_filterContams_489,23.042595658460954,76.01156474073868
epigenomics_7060_filterContams_490,14.350774573086955,54.446020043840264
epigenomics_7060_filterContams_491,18.96661208311934,63.9763559633763
epigenomics_7060_filterContams_492,20.407497412653555,63.4877822171472
epigenomics_7060_filterContams_493,13.510016850165744,67.46203083444988
epigenomics_7060_filterContams_494,21.497513490671203,73.30693031354245
epigenomics_7060_filterContams_495,17.5005272352183,71.04305986833234
epigenomics_7060_filterContams_496,26.071812761250367,70.59283995409119
epigenomics_7060_filterContams_497,23.439686903470232,59.334705363388224
epigenomics_7060_filterContams_498,24.747737943659565,68.15269870215664
epigenomics_7060_filterContams_499,17.616271712524313,61.387290098921994
epigenomics_7060_sol2sanger_0,68.52873699004817,49.462639206724496
epigenomics_7060_sol2sanger_1,81.70672904759058,40.797241918399926
epigenomics_7060_sol2sanger_2,90.52330766374735,45.55425790043405
epigenomics_7060_sol2sanger_3,74.33922853781013,47.904412492979695
epigenomics_7060_sol2sanger_4,82.60281119806376,39.497910723308934
epigenomics_7060_sol2sanger_5,70.65850402058433,52.96750223365541
epigenomics_7060_sol2sanger_6,75.63486170170569,46.31348070360693
epigenomics_7060_sol2sanger_7,80.39249703360444,45.92518854548681
epigenomics_7060_sol2sanger_8,84.23525134129038,44.432274609662855
epigenomics_7060_sol2sanger_9,80.37868621569226,58.224139344351315
epigenomics_7060_sol2sanger_10,79.76078370012321,44.34726526623792
epigenomics_7060_sol2sanger_11,76.60197628790156,44.26958119554489
epigenomics_7060_sol2sanger_12,79.93247129192989,40.067508942270564
epigenomics_7060_sol2sanger_13,83.62822180471356,44.569069647219415
epigenomics_7060_sol2sanger_14,81.25487572611713,55.04361149030768
epigenomics_7060_sol2sanger_15,78.76600583778966,45.39122553260111
epigenomics_7060_sol2sanger_16,79.29145878220054,36.063851769264616
epigenomics_7060_sol2sanger_17,81.93697584084416,42.85041125100545
epigenomics_7060_sol2sanger_18,74.80898821910029,51.99890936385203
epigenomics_7060_sol2sanger_19,76.52346434471053,46.5114893557329
epigenomics_7060_sol2sanger_20,84.29700773505795,52.33605894076157
epigenomics_7060_sol2sanger_21,81.23360736153988,42.997826548777255
epigenomics_7060_sol2sanger_22,80.09717176938538,46.24196567192455
epigenomics_7060_sol2sanger_23,86.53730535831787,50.98026074433046
epigenomics_7060_sol2sanger_24,74.50947030624822,52.92731370610413
epigenomics_7060_sol2sanger_25,87.16972671380766,49.25306816177348
epigenomics_7060_sol2sanger_26,78.57261018618931,41.046723861238455
epigenomics_7060_sol2sanger_27,86.70583457100645,50.36922907429137
epigenomics_7060_sol2sanger_28,76.84095432831035,29.07768306152803
epigenomics_7060_sol2sanger_29,74.62012309902758,39.542430066775566
epigenomics_7060_sol2sanger_30,82.68095882575315,53.03639707152587
epigenomics_7060_sol2sanger_31,79.16733550153424,49.717033900891536
epigenomics_7060_sol2sanger_32,81.10986803461148,55.53238011243924
epigenomics_7060_sol2sanger_33,71.7377078767042,47.808090824154476
epigenomics_7060_sol2sanger_34,82.83092285070886,38.577140974407286
epigenomics_7060_sol2sanger_35,76.98450276492746,48.54922693047613
epigenomics_7060_sol2sanger_36,80.58293746293955,45.91088841060779
epigenomics_7060_sol2sanger_37,78.40600762920727,46.8216858484824
epigenomics_7060_sol2sanger_38,83.61018311751083,44.06884250149537
epigenomics_7060_sol2sanger_39,88.9362366535083,37.72194976769432
epigenomics_7060_sol2sanger_40,84.09809960010887,46.64063452111519
epigenomics_7060_sol2sanger_41,87.46933929244523,38.20881218538813
epigenomics_7060_sol2sanger_42,80.13800707513009,52.244043579958976
epigenomics_7060_sol2sanger_43,75.77274656830524,40.381403645743426
epigenomics_7060_sol2sanger_44,79.5703462566757,39.84335107836172
epigenomics_7060_sol2sanger_45,75.3061287139424,33.26424550553531
epigenomics_7060_sol2sanger_46,86.92394928387267,64.57492060147477
epigenomics_7060_sol2sanger_47,76.39978910911584,44.80092386816495
epigenomics_7060_sol2sanger_48,80.29853274209371,63.60873762542963
epigenomics_7060_sol2sanger_49,77.9155284276202,38.98380909385036
epigenomics_7060_sol2sanger_50,79.57673036110816,34.737804196229796
epigenomics_7060_sol2sanger_51,88.22890315261017,41.779186750845334
epigenomics_7060_sol2sanger_52,82.0908188667265,34.636814572104825
epigenomics_7060_sol2sanger_53,81.95337548078369,41.68108122888971
epigenomics_7060_sol2sanger_54,76.20317397322428,31.45401923846912
epigenomics_7060_sol2sanger_55,73.41376594778727,54.206091289687826
epigenomics_7060_sol2sanger_56,90.97177987934784,58.660391621277746
epigenomics_7060_sol2sanger_57,77.5476647303466,39.005594127971115
epigenomics_7060_sol2sanger_58,78.43745196724088,64.64688959024603
epigenomics_7060_sol2sanger_59,74.65885002842838,54.351098849482554
epigenomics_7060_sol2sanger_60,78.78639930556318,28.880170387445585
epigenomics_7060_sol2sanger_61,75.61241915763895,29.875181111081293
epigenomics_7060_sol2sanger_62,73.53953923735571,28.953420117564505
epigenomics_7060_sol2sanger_63,83.57874415628166,38.50726740224047
epigenomics_7060_sol2sanger_64,80.51900168150425,38.98095577371313
epigenomics_7060_sol2sanger_65,66.9769949769151,53.515476627397895
epigenomics_7060_sol2sanger_66,77.56419277587887,44.32695976093414
epigenomics_7060_sol2sanger_67,74.66436347351078,45.413907197862436
epigenomics_7060_sol2sanger_68,73.24518920853062,45.477279400253195
epigenomics_7060_sol2sanger_69,79.01900701593908,52.78966193771951
epigenomics_7060_sol2sanger_70,77.55119941046719,37.72084075852461
epigenomics_7060_sol2sanger_71,82.36200264844784,50.56319283904665
epigenomics_7060_sol2sanger_72,85.14632573099449,56.97073865366917
epigenomics_7060_sol2sanger_73,79.3751354929055,51.48418497420995
epigenomics_7060_sol2sanger_74,80.3609194013013,41.07094426646839
epigenomics_7060_sol2sanger_75,70.43197587461005,41.27721916109472
epigenomics_7060_sol2sanger_76,87.1125106311869,32.339770499715286
epigenomics_7060_sol2sanger_77,78.34427173900049,46.82979740553406
epigenomics_7060_sol2sanger_78,89.79453709497153,42.2966717751301
epigenomics_7060_sol2sanger_79,75.38643836151229,45.084154241820634
epigenomics_7060_sol2sanger_80,81.11601280323,45.198786819303464
epigenomics_7060_sol2sanger_81,77.33080917221442,36.55334735271752
epigenomics_7060_sol2sanger_82,79.2957914556282,49.9557481487077
epigenomics_7060_sol2sanger_83,86.09413625939764,55.59582473710321
epigenomics_7060_sol2sanger_84,75.96536330526465,41.19105094287887
epigenomics_7060_sol2sanger_85,72.36593965118638,53.21888791088473
epigenomics_7060_sol2sanger_86,80.40759571026247,53.97219431587939
epigenomics_7060_sol2sanger_87,85.03907619437733,42.458549578233146
epigenomics_7060_sol2sanger_88,78.23376313220295,48.351233573826846
epigenomics_7060_sol2sanger_89,68.70170958800621,49.41871246038157
epigenomics_7060_sol2sanger_90,81.72319734177447,45.35096611938272
epigenomics_7060_sol2sanger_91,81.93410539174916,30.773649117303343
epigenomics_7060_sol2sanger_92,77.46468872238661,44.12340553366985
epigenomics_7060_sol2sanger_93,74.59096023892685,54.54793116848196
epigenomics_7060_sol2sanger_94,72.40544413945814,54.973387245492475
epigenomics_7060_sol2sanger_95,89.16192499452177,44.361329358226236
epigenomics_7060_sol2sanger_96,72.59727928420648,46.85029828303458
epigenomics_7060_sol2sanger_97,86.06545926320489,47.914855888520556
epigenomics_7060_sol2sanger_98,80.01122862962839,42.66434683373686
epigenomics_7060_sol2sanger_99,82.41653628837946,48.51510312870277
epigenomics_7060_sol2sanger_100,79.11697263637019,43.2188422383997
epigenomics_7060_sol2sanger_101,82.63236462857074,36.47896091973884
epigenomics_7060_sol2sanger_102,77.79689626132965,39.883732102586876
epigenomics_7060_sol2sanger_103,82.14813940765607,45.146334926770585
epigenomics_7060_sol2sanger_104,74.16049541311219,38.97611593508106
epigenomics_7060_sol2sanger_105,71.64542592020284,35.493110232867465
epigenomics_7060_sol2sanger_106,83.48164157215727,54.84292886251657
epigenomics_7060_sol2sanger_107,89.15273897156925,57.78223884825806
epigenomics_7060_sol2sanger_108,79.34249724390035,43.09001654144095
epigenomics_7060_sol2sanger_109,81.4723817903162,53.573542829078264
epigenomics_7060_sol2sanger_110,77.21848254926739,52.63612882835555
epigenomics_7060_sol2sanger_111,81.2454454510481,50.01600260676256
epigenomics_7060_sol2sanger_112,82.32010123332923,53.85890487158042
epigenomics_7060_sol2sanger_113,76.46891767659105,46.676308130354755
epigenomics_7060_sol2sanger_114,74.67298061896128,33.796296265349184
epigenomics_7060_sol2sanger_115,81.0515020559343,51.15949529282375
epigenomics_7060_sol2sanger_116,73.8003458844749,38.31684249237526
epigenomics_7060_sol2sanger_117,76.07675247263566,52.626995367231764
epigenomics_7060_sol2sanger_118,77.30991002827966,56.32283007012029
epigenomics_7060_sol2sanger_119,71.53978687379707,34.176505182378534
epigenomics_7060_sol2sanger_120,70.05616682156455,34.600245451082316
epigenomics_7060_sol2sanger_121,81.86809863028688,50.51762936213764
epigenomics_7060_sol2sanger_122,80.54447299344646,36.67920876161051
epigenomics_7060_sol2sanger_123,72.57042848489235,46.479320925326824
epigenomics_7060_sol2sanger_124,83.62590587961593,32.1081719253864
epigenomics_7060_sol2sanger_125,78.99518828980588,58.23872921950904
epigenomics_7060_sol2sanger_126,74.59136509865233,43.29221175947392
epigenomics_7060_sol2sanger_127,84.16839535874591,37.471523079387566
epigenomics_7060_sol2sanger_128,72.23939901983243,41.51734963877247
epigenomics_7060_sol2sanger_129,88.08537181636098,41.065004579564636
epigenomics_7060_sol2sanger_130,77.01656152060596,42.768422893507214
epigenomics_7060_sol2sanger_131,83.39029868288323,45.255064528943365
epigenomics_7060_sol2sanger_132,68.97685152800426,47.94346151953974
epigenomics_7060_sol2sanger_133,83.57159786342089,27.7421428410797
epigenomics_7060_sol2sanger_134,79.25413238608151,54.732938033771866
epigenomics_7060_sol2sanger_135,78.29182131421791,37.24755960363444
epigenomics_7060_sol2sanger_136,79.73760222360477,34.81573982461382
epigenomics_7060_sol2sanger_137,86.96648629625403,40.9722546435
epigenomics_7060_sol2sanger_138,81.89623514160002,38.937425095680595
epigenomics_7060_sol2sanger_139,85.23818788347825,32.69005470005845
epigenomics_7060_sol2sanger_140,80.96430675138326,43.36470412546856
epigenomics_7060_sol2sanger_141,79.17670708092878,40.798909314602746
epigenomics_7060_sol2sanger_142,73.87310735982942,30.276985224919905
epigenomics_7060_sol2sanger_143,83.01515436443543,51.38084639778471
epigenomics_7060_sol2sanger_144,83.3890388760297,38.98027261738589
epigenomics_7060_sol2sanger_145,77.3001870993587,52.13206322986506
epigenomics_7060_sol2sanger_146,75.56386401816609,50.10063575900375
epigenomics_7060_sol2sanger_147,88.08753215518173,39.57651244954247
epigenomics_7060_sol2sanger_148,76.10670111840201,51.50196369862345
epigenomics_7060_sol2sanger_149,77.2387352544471,44.95998685587827
epigenomics_7060_sol2sanger_150,74.92358594471924,52.27931496118614
epigenomics_7060_sol2sanger_151,84.89427355996621,54.86153373788274
epigenomics_7060_sol2sanger_152,80.15620615275928,51.90775677068275
epigenomics_7060_sol2sanger_153,84.57300311308919,40.880756416066525
epigenomics_7060_sol2sanger_154,78.96730034628177,46.48671942504001
epigenomics_7060_sol2sanger_155,77.70101120139937,61.30872983581044
epigenomics_7060_sol2sanger_156,82.48521997499633,47.772232787356565
epigenomics_7060_sol2sanger_157,83.34165168815088,41.779393397068
epigenomics_7060_sol2sanger_158,83.06312999924883,44.09801822141736
epigenomics_7060_sol2sanger_159,84.27769200673812,32.743392363958606
epigenomics_7060_sol2sanger_160,65.21234965883711,55.200067044993084
epigenomics_7060_sol2sanger_161,70.45882251472034,29.542040638178683
epigenomics_7060_sol2sanger_162,78.90698824577576,52.29836666081658
epigenomics_7060_sol2sanger_163,81.74636924733642,52.34052938129734
epigenomics_7060_sol2sanger_164,80.28148666744084,49.23326131372018
epigenomics_7060_sol2sanger_165,82.34599767033043,56.50285490954788
epigenomics_7060_sol2sanger_166,82.16041286183011,47.52923803787783
epigenomics_7060_sol2sanger_167,82.13151145295096,44.34583655132223
epigenomics_7060_sol2sanger_168,81.10173432482507,31.893301923365712
epigenomics_7060_sol2sanger_169,78.12539023398267,45.775749045224565
epigenomics_7060_sol2sanger_170,76.43367016946074,53.741825111407934
epigenomics_7060_sol2sanger_171,81.46487302114598,35.958590562120435
epigenomics_7060_sol2sanger_172,77.58653742119495,42.314745433921935
epigenomics_7060_sol2sanger_173,82.09794065532826,44.03224169590149
epigenomics_7060_sol2sanger_174,72.86544737912303,53.43426593118831
epigenomics_7060_sol2sanger_175,76.21521497492162,49.94106607302562
epigenomics_7060_sol2sanger_176,76.72875686697783,45.50453922543759
epigenomics_7060_sol2sanger_177,70.19346844104261,47.717306991198285
epigenomics_7060_sol2sanger_178,79.4635348678609,34.78295518123725
epigenomics_7060_sol2sanger_179,87.66845694971757,31.107372653704044
epigenomics_7060_sol2sanger_180,72.19295551483108,35.02319517144649
epigenomics_7060_sol2sanger_181,85.40342968831806,46.972681731577886
epigenomics_7060_sol2sanger_182,80.66886177666643,54.039492109437646
epigenomics_7060_sol2sanger_183,83.46983654153767,46.234956396574006
epigenomics_7060_sol2sanger_184,75.96900086183982,41.56353783639227
epigenomics_7060_sol2sanger_185,83.83406346154659,55.14661026153312
epigenomics_7060_sol2sanger_186,72.43400062742496,55.424291377653
epigenomics_7060_sol2sanger_187,81.60835336751433,46.1272341108087
epigenomics_7060_sol2sanger_188,83.08034055849318,52.1330969389164
epigenomics_7060_sol2sanger_189,75.53814382356731,57.47922258061473
epigenomics_7060_sol2sanger_190,80.36589671780378,40.76274480452014
epigenomics_7060_sol2sanger_191,82.52929402019747,43.80323174643336
epigenomics_7060_sol2sanger_192,75.64438973897003,53.555198046038406
epigenomics_7060_sol2sanger_193,69.63809186639307,36.79395494949916
epigenomics_7060_sol2sanger_194,85.99963881772653,49.56131011683851
epigenomics_7060_sol2sanger_195,84.55245858526523,34.07406209996725
epigenomics_7060_sol2sanger_196,79.56408279959604,45.77155106344417
epigenomics_7060_sol2sanger_197,81.48309847601462,37.36026767518102
epigenomics_7060_sol2sanger_198,77.48552551558112,55.28672307062565
epigenomics_7060_sol2sanger_199,84.61954665706206,51.02275391560693
epigenomics_7060_sol2sanger_200,86.2876899972707,43.924110042925506
epigenomics_7060_sol2sanger_201,86.6847696111323,46.4397252367076
epigenomics_7060_sol2sanger_202,77.39996740147804,60.098981047182605
epigenomics_7060_sol2sanger_203,87.16998594562934,53.18384049845216
epigenomics_7060_sol2sanger_204,81.937200842676,49.93753180544613
epigenomics_7060_sol2sanger_205,86.67081341247236,61.236234336552485
epigenomics_7060_sol2sanger_206,75.28593926756547,37.52322788309182
epigenomics_7060_sol2sanger_207,93.02945867373624,50.09678558436269
epigenomics_7060_sol2sanger_208,73.52496362124177,43.66264881495744
epigenomics_7060_sol2sanger_209,90.96776255903825,45.14102323806614
epigenomics_7060_sol2sanger_210,85.15591774155595,45.79088682765907
epigenomics_7060_sol2sanger_211,82.34362842811059,62.63490855689665
epigenomics_7060_sol2sanger_212,90.67275380115049,59.38365086303798
epigenomics_7060_sol2sanger_213,73.69877969684056,39.20464611002423
epigenomics_7060_sol2sanger_214,79.99375083459194,47.05995564988756
epigenomics_7060_sol2sanger_215,74.11920364724622,36.54636610009771
epigenomics_7060_sol2sanger_216,79.43406850089059,46.433151442600305
epigenomics_7060_sol2sanger_217,82.13898385415808,34.36344405603562
epigenomics_7060_sol2sanger_218,85.95381944968175,36.04943049734321
epigenomics_7060_sol2sanger_219,73.8493319493312,46.22976526388605
epigenomics_7060_sol2sanger_220,82.58649529580379,53.73859935188591
epigenomics_7060_sol2sanger_221,80.50567536146988,39.92759006949162
epigenomics_7060_sol2sanger_222,80.6097984486939,40.52231806673606
epigenomics_7060_sol2sanger_223,82.43856549718714,34.809140890024885
epigenomics_7060_sol2sanger_224,83.72296791950404,36.1294133530573
epigenomics_7060_sol2sanger_225,86.98267962690001,47.768703091551686
epigenomics_7060_sol2sanger_226,79.65324643815941,46.047388089427116
epigenomics_7060_sol2sanger_227,80.68258995022192,42.75399468514961
epigenomics_7060_sol2sanger_228,74.70076930657486,45.46101170162437
epigenomics_7060_sol2sanger_229,71.7718829504714,29.607984924702407
epigenomics_7060_sol2sanger_230,77.39512905121109,51.07884188436238
epigenomics_7060_sol2sanger_231,86.2252817485647,58.47233364551785
epigenomics_7060_sol2sanger_232,69.53121831061567,48.4669588807414
epigenomics_7060_sol2sanger_233,83.22232790247014,44.625048540241266
epigenomics_7060_sol2sanger_234,78.59441096783392,34.19165239998286
epigenomics_7060_sol2sanger_235,80.5337115109914,50.02234238811364
epigenomics_7060_sol2sanger_236,89.78511579112931,46.021414152505486
epigenomics_7060_sol2sanger_237,78.71644682206514,36.91795638099133
epigenomics_7060_sol2sanger_238,83.96158475346405,47.05153203843307
epigenomics_7060_sol2sanger_239,80.66239965699339,56.93949127436689
epigenomics_7060_sol2sanger_240,83.55429433057532,50.82135901535169
epigenomics_7060_sol2sanger_241,72.87637169574987,45.74468076075568
epigenomics_7060_sol2sanger_242,79.14615773568097,42.12524847558839
epigenomics_7060_sol2sanger_243,82.14366818970082,34.9543140145215
epigenomics_7060_sol2sanger_244,75.34466484545625,34.636057036128065
epigenomics_7060_sol2sanger_245,72.95073114522937,44.157939821706066
epigenomics_7060_sol2sanger_246,83.27026577659943,42.78953158454953
epigenomics_7060_sol2sanger_247,73.06420652365797,41.06107367036723
epigenomics_7060_sol2sanger_248,87.25756185039162,45.57170597724028
epigenomics_7060_sol2sanger_249,82.60034794861807,43.71092291739401
epigenomics_7060_sol2sanger_250,89.38390864679178,53.42566389461585
epigenomics_7060_sol2sanger_251,73.42431978177375,40.63478983690772
epigenomics_7060_sol2sanger_252,79.9627459685153,41.253597136867185
epigenomics_7060_sol2sanger_253,78.15324145791391,46.86553894466573
epigenomics_7060_sol2sanger_254,80.33141353695419,34.03721885225289
epigenomics_7060_sol2sanger_255,75.36238892498889,35.302494208001505
epigenomics_7060_sol2sanger_256,81.71273394847348,46.98374132290224
epigenomics_7060_sol2sanger_257,82.51342927990561,48.52801067109513
epigenomics_7060_sol2sanger_258,82.30527040654769,50.663549567514565
epigenomics_7060_sol2sanger_259,69.16507038294567,45.95902731982187
epigenomics_7060_sol2sanger_260,83.21153096909786,52.33994894871278
epigenomics_7060_sol2sanger_261,77.1622154721859,39.75629532090061
epigenomics_7060_sol2sanger_262,74.54260690377123,37.67784420907369
epigenomics_7060_sol2sanger_263,74.16324047259316,53.35147724222153
epigenomics_7060_sol2sanger_264,74.36533404225045,33.63275410222242
epigenomics_7060_sol2sanger_265,89.13591769708455,42.192979708517626
epigenomics_7060_sol2sanger_266,80.68850013699875,46.56632821020033
epigenomics_7060_sol2sanger_267,88.76287176286877,48.88087455930715
epigenomics_7060_sol2sanger_268,84.29678581077442,63.00798278283243
epigenomics_7060_sol2sanger_269,81.91682662041158,29.292915502088533
epigenomics_7060_sol2sanger_270,83.29236320242134,25.001981309381804
epigenomics_7060_sol2sanger_271,85.58835114351692,43.74210438842527
epigenomics_7060_sol2sanger_272,79.80095621719886,35.66806729932148
epigenomics_7060_sol2sanger_273,78.68234298173314,44.79694276880535
epigenomics_7060_sol2sanger_274,83.32906896565834,42.48812162164022
epigenomics_7060_sol2sanger_275,79.56432112537391,52.3327024863303
epigenomics_7060_sol2sanger_276,80.13086624571564,49.43686761990019
epigenomics_7060_sol2sanger_277,81.60818842208914,52.803517519620954
epigenomics_7060_sol2sanger_278,78.69047123863926,52.08051326297597
epigenomics_7060_sol2sanger_279,80.91925958190642,24.902475460999717
epigenomics_7060_sol2sanger_280,90.88893950774121,48.87439609289103
epigenomics_7060_sol2sanger_281,79.85537739745432,49.814065892352545
epigenomics_7060_sol2sanger_282,82.30157016443486,37.359996342452725
epigenomics_7060_sol2sanger_283,85.63988451087894,47.14646012578824
epigenomics_7060_sol2sanger_284,73.45311490895926,49.373207433990515
epigenomics_7060_sol2sanger_285,71.56699013052969,40.77386485129708
epigenomics_7060_sol2sanger_286,78.24507557892554,46.73687638474729
epigenomics_7060_sol2sanger_287,80.7622768875667,35.58010349563481
epigenomics_7060_sol2sanger_288,71.37768965511994,43.13712105737763
epigenomics_7060_sol2sanger_289,89.21353979786306,48.527438337229455
epigenomics_7060_sol2sanger_290,85.8803256452814,51.0012244379382
epigenomics_7060_sol2sanger_291,71.03426011668398,44.35229173356646
epigenomics_7060_sol2sanger_292,81.77748232875769,50.684288241576965
epigenomics_7060_sol2sanger_293,73.77984630544044,56.46999665721849
epigenomics_7060_sol2sanger_294,83.69090895482204,45.90071067019792
epigenomics_7060_sol2sanger_295,75.75914952698211,49.16966021025974
epigenomics_7060_sol2sanger_296,87.93833787432652,36.845428792765134
epigenomics_7060_sol2sanger_297,81.28879440761555,39.63541743001087
epigenomics_7060_sol2sanger_298,80.03224601313732,44.93278617386606
epigenomics_7060_sol2sanger_299,84.63390937418562,56.977835555898295
epigenomics_7060_sol2sanger_300,80.23885060573147,48.32464430142833
epigenomics_7060_sol2sanger_301,83.3931970361407,26.02549588528947
epigenomics_7060_sol2sanger_302,81.8029444794261,62.12482113216994
epigenomics_7060_sol2sanger_303,79.24018011910557,44.8442738676119
epigenomics_7060_sol2sanger_304,77.60544725632928,44.44640916945879
epigenomics_7060_sol2sanger_305,77.39068424509466,53.542850206554256
epigenomics_7060_sol2sanger_306,72.50116501575216,37.789373659233405
epigenomics_7060_sol2sanger_307,88.49121609969626,37.192720056923115
epigenomics_7060_sol2sanger_308,78.26408661784151,45.4341291857747
epigenomics_7060_sol2sanger_309,82.53941811184386,41.68939873624683
epigenomics_7060_sol2sanger_310,80.32577167623425,44.50933419152569
epigenomics_7060_sol2sanger_311,86.3069351806018,51.176659942753716
epigenomics_7060_sol2sanger_312,83.73313535337806,45.352907257831184
epigenomics_7060_sol2sanger_313,77.05892101464991,39.79138931646365
epigenomics_7060_sol2sanger_314,78.45096366044473,41.63044170476307
epigenomics_7060_sol2sanger_315,80.81638990511347,55.73069976975355
epigenomics_7060_sol2sanger_316,81.74529426197941,37.638903251946665
epigenomics_7060_sol2sanger_317,80.69210974577729,51.75482576972814
epigenomics_7060_sol2sanger_318,82.62387772245627,47.57137754452964
epigenomics_7060_sol2sanger_319,82.57533894979798,62.75001677147593
epigenomics_7060_sol2sanger_320,70.65944438355722,40.754883408121906
epigenomics_7060_sol2sanger_321,80.11678593519801,38.734830085176704
epigenomics_7060_sol2sanger_322,81.96469327492215,46.46743750377678
epigenomics_7060_sol2sanger_323,79.37665971223687,31.895147828095862
epigenomics_7060_sol2sanger_324,83.79123777702787,19.060863190687716
epigenomics_7060_sol2sanger_325,84.16450177993372,31.893737834129574
epigenomics_7060_sol2sanger_326,83.3540863918738,45.11190558258364
epigenomics_7060_sol2sanger_327,76.11020098469182,36.801474873977874
epigenomics_7060_sol2sanger_328,81.3675063374798,55.58841877624875
epigenomics_7060_sol2sanger_329,72.67922150049307,58.18870999738217
epigenomics_7060_sol2sanger_330,88.05462079780415,47.63102344964195
epigenomics_7060_sol2sanger_331,85.51245648775532,54.12406104333254
epigenomics_7060_sol2sanger_332,82.33589769449584,50.08528720482804
epigenomics_7060_sol2sanger_333,88.52087480109542,36.787179025744315
epigenomics_7060_sol2sanger_334,83.97798394951982,45.49979783553709
epigenomics_7060_sol2sanger_335,79.6941242298913,41.12643477391815
epigenomics_7060_sol2sanger_336,80.34929177414546,30.486439525104863
epigenomics_7060_sol2sanger_337,79.67224627389619,46.2871618276965
epigenomics_7060_sol2sanger_338,82.4372539423065,71.03983600008787
epigenomics_7060_sol2sanger_339,79.79292339323815,61.080306474056165
epigenomics_7060_sol2sanger_340,72.48316429042906,28.431291817718083
epigenomics_7060_sol2sanger_341,80.57922460371032,59.70628898970587
epigenomics_7060_sol2sanger_342,83.51599878810453,19.902033227560366
epigenomics_7060_sol2sanger_343,75.20575751160702,38.77823869129967
epigenomics_7060_sol2sanger_344,79.27931789063132,29.81698269072652
epigenomics_7060_sol2sanger_345,81.86879408940354,47.03273540610609
epigenomics_7060_sol2sanger_346,80.32602745666095,52.93658437856273
epigenomics_7060_sol2sanger_347,71.15035974189858,40.68002389945562
epigenomics_7060_sol2sanger_348,71.65076413140676,38.770760736920685
epigenomics_7060_sol2sanger_349,86.29737640425095,60.281613006417544
epigenomics_7060_sol2sanger_350,78.98992068082543,37.75609454417983
epigenomics_7060_sol2sanger_351,80.44875904519522,52.49071764606558
epigenomics_7060_sol2sanger_352,82.39278326874235,54.08032523070798
epigenomics_7060_sol2sanger_353,77.78825060805721,50.135073720849334
epigenomics_7060_sol2sanger_354,84.07834006734838,42.24544602408833
epigenomics_7060_sol2sanger_355,80.3734600779656,49.814919815140954
epigenomics_7060_sol2sanger_356,74.10330537659017,49.90895278790405
epigenomics_7060_sol2sanger_357,82.99597605628718,39.911875358705856
epigenomics_7060_sol2sanger_358,81.1115773708133,45.12867133670606
epigenomics_7060_sol2sanger_359,86.29490587135578,50.44705375070172
epigenomics_7060_sol2sanger_360,78.83835510425405,42.28353422235384
epigenomics_7060_sol2sanger_361,88.28078155984446,48.94477918146962
epigenomics_7060_sol2sanger_362,83.92194748344079,35.95615210028617
epigenomics_7060_sol2sanger_363,82.32291194810398,43.184111953888895
epigenomics_7060_sol2sanger_364,81.17804703226894,64.54335036152133
epigenomics_7060_sol2sanger_365,68.25443017249584,38.66643337076318
epigenomics_7060_sol2sanger_366,73.54442874594181,45.49608525571621
epigenomics_7060_sol2sanger_367,82.03277441556328,46.191931781832146
epigenomics_7060_sol2sanger_368,82.18084064565075,38.489662921238256
epigenomics_7060_sol2sanger_369,84.26798039352416,56.083299461686984
epigenomics_7060_sol2sanger_370,79.05956748730239,60.45840554723375
epigenomics_7060_sol2sanger_371,82.77464600148994,46.64044216118912
epigenomics_7060_sol2sanger_372,83.06646932129412,58.8677054336725
epigenomics_7060_sol2sanger_373,75.64200668420993,44.84670346527758
epigenomics_7060_sol2sanger_374,81.25166624877963,45.22798950764071
epigenomics_7060_sol2sanger_375,80.73539713555373,38.70294072553765
epigenomics_7060_sol2sanger_376,76.67643708879429,59.22709300020045
epigenomics_7060_sol2sanger_377,76.289765995379,48.27815460532889
epigenomics_7060_sol2sanger_378,83.08282523164068,52.516270079399476
epigenomics_7060_sol2sanger_379,75.84097264281183,40.09455738297497
epigenomics_7060_sol2sanger_380,72.52140059249105,35.384538169706175
epigenomics_7060_sol2sanger_381,71.43327266183847,51.152240744489816
epigenomics_7060_sol2sanger_382,68.2297078273549,37.52584954289212
epigenomics_7060_sol2sanger_383,84.15761612706213,35.14603856406073
epigenomics_7060_sol2sanger_384,83.33244689799825,30.050784228245625
epigenomics_7060_sol2sanger_385,83.71649437343258,47.453165767798644
epigenomics_7060_sol2sanger_386,76.70517315341202,44.32371679269019
epigenomics_7060_sol2sanger_387,72.25209372158628,35.53797819670115
epigenomics_7060_sol2sanger_388,87.91877905326903,22.046075321970413
epigenomics_7060_sol2sanger_389,76.61655217254452,42.78220731710571
epigenomics_7060_sol2sanger_390,86.31882701200036,52.08406292168637
epigenomics_7060_sol2sanger_391,73.62406538705594,29.180588282184537
epigenomics_7060_sol2sanger_392,72.52646247520774,47.76551477065878
epigenomics_7060_sol2sanger_393,77.58454192941878,30.059663955053317
epigenomics_7060_sol2sanger_394,80.74829322421942,51.352611601486856
epigenomics_7060_sol2sanger_395,86.01669237412715,52.59488292674948
epigenomics_7060_sol2sanger_396,82.06488158289392,33.04610477275307
epigenomics_7060_sol2sanger_397,78.0672537594169,39.358191885054424
epigenomics_7060_sol2sanger_398,79.96960059239656,38.3544491253918
epigenomics_7060_sol2sanger_399,80.74023520580364,53.49395353567277
epigenomics_7060_sol2sanger_400,82.9088329727656,54.12586498243426
epigenomics_7060_sol2sanger_401,74.83306383145384,43.82181639606817
epigenomics_7060_sol2sanger_402,83.46133494222488,44.39839553238175
epigenomics_7060_sol2sanger_403,74.04943460691536,43.65308634544847
epigenomics_7060_sol2sanger_404,84.99732940259408,39.34130454565323
epigenomics_7060_sol2sanger_405,79.78026839893444,32.461316263857135
epigenomics_7060_sol2sanger_406,74.93586158845562,45.41773499560129
epigenomics_7060_sol2sanger_407,76.25442510899639,47.69498673504824
epigenomics_7060_sol2sanger_408,75.84318599509346,42.493057631941845
epigenomics_7060_sol2sanger_409,84.97646674377256,57.462437733371395
epigenomics_7060_sol2sanger_410,81.31756280548765,63.303391050540895
epigenomics_7060_sol2sanger_411,82.47218065977297,40.615909130318386
epigenomics_7060_sol2sanger_412,87.63369325250375,42.496221804116814
epigenomics_7060_sol2sanger_413,79.69522283279294,50.76352372254317
epigenomics_7060_sol2sanger_414,80.83889091135153,40.32993476640044
epigenomics_7060_sol2sanger_415,87.44351679564879,45.62821916681868
epigenomics_7060_sol2sanger_416,85.00300651431465,27.077244728658915
epigenomics_7060_sol2sanger_417,82.21977864401441,48.85610732814974
epigenomics_7060_sol2sanger_418,81.507674403664,40.08225256955286
epigenomics_7060_sol2sanger_419,80.34841004444714,43.4300447689086
epigenomics_7060_sol2sanger_420,75.24841702991043,58.403785183335785
epigenomics_7060_sol2sanger_421,68.36341768979489,40.68263332537331
epigenomics_7060_sol2sanger_422,78.71302679052225,60.10310950444622
epigenomics_7060_sol2sanger_423,87.81416496167108,40.15384451508679
epigenomics_7060_sol2sanger_424,79.57046982645116,61.741243596144955
epigenomics_7060_sol2sanger_425,87.96357249381626,28.70484763127605
epigenomics_7060_sol2sanger_426,78.6094841572898,36.94447840149809
epigenomics_7060_sol2sanger_427,78.67736496551107,44.59026697908999
epigenomics_7060_sol2sanger_428,82.43869171469437,43.4593805606545
epigenomics_7060_sol2sanger_429,76.88948393270495,45.31460160672979
epigenomics_7060_sol2sanger_430,89.51676680080446,53.80039769857159
epigenomics_7060_sol2sanger_431,77.73031644378358,43.90106350866157
epigenomics_7060_sol2sanger_432,76.50874990073635,46.098613885383365
epigenomics_7060_sol2sanger_433,79.71949624374574,49.4514127914579
epigenomics_7060_sol2sanger_434,68.81348870645883,39.68537475317908
epigenomics_7060_sol2sanger_435,80.46616351097327,50.25363010459179
epigenomics_7060_sol2sanger_436,75.69632616319244,52.52054026251389
epigenomics_7060_sol2sanger_437,73.27680366153758,68.29998792386456
epigenomics_7060_sol2sanger_438,76.35982449034577,43.09441140020244
epigenomics_7060_sol2sanger_439,85.8397146287153,24.36052106266631
epigenomics_7060_sol2sanger_440,80.39764425275366,47.2778444814348
epigenomics_7060_sol2sanger_441,86.47025454945536,35.61080883645718
epigenomics_7060_sol2sanger_442,81.53193791334517,47.13495666479932
epigenomics_7060_sol2sanger_443,83.88416079869855,40.58238548476761
epigenomics_7060_sol2sanger_444,76.33226356549868,53.047834996683285
epigenomics_7060_sol2sanger_445,78.0853709923208,52.488789881469344
epigenomics_7060_sol2sanger_446,76.11673313647762,46.544333757825164
epigenomics_7060_sol2sanger_447,86.98846177062671,45.87188029369604
epigenomics_7060_sol2sanger_448,86.80634667451714,41.99274753617857
epigenomics_7060_sol2sanger_449,73.44321075312958,42.56851077300295
epigenomics_7060_sol2sanger_450,80.16041218913944,40.55786137626413
epigenomics_7060_sol2sanger_451,87.61917548807784,44.7483638023553
epigenomics_7060_sol2sanger_452,74.10644965659709,43.48599361690335
epigenomics_7060_sol2sanger_453,81.19796212428001,46.12210582823495
epigenomics_7060_sol2sanger_454,86.9231979683102,27.13454432801587
epigenomics_7060_sol2sanger_455,69.5516416641194,61.14091967616946
epigenomics_7060_sol2sanger_456,77.6142395654101,28.030923026313168
epigenomics_7060_sol2sanger_457,87.54477280902749,38.34941933203958
epigenomics_7060_sol2sanger_458,74.5299846806377,38.102126798020514
epigenomics_7060_sol2sanger_459,85.61173033644322,45.18668987078722
epigenomics_7060_sol2sanger_460,77.2171291104401,40.84929907189333
epigenomics_7060_sol2sanger_461,75.09340547995485,45.77780825103849
epigenomics_7060_sol2sanger_462,78.21193676604443,52.57036455345404
epigenomics_7060_sol2sanger_463,78.14049076968794,46.915177221921205
epigenomics_7060_sol2sanger_464,86.66986443719306,49.47171569365038
epigenomics_7060_sol2sanger_465,81.34941760491868,37.75135918682829
epigenomics_7060_sol2sanger_466,86.44366451775453,39.44583728999692
epigenomics_7060_sol2sanger_467,79.61245166842849,53.594250794036185
epigenomics_7060_sol2sanger_468,79.44615954545796,39.258337839527954
epigenomics_7060_sol2sanger_469,76.22490132293873,40.42036935368432
epigenomics_7060_sol2sanger_470,79.0670464927219,43.76113666410703
epigenomics_7060_sol2sanger_471,77.37469013976748,34.940129051617035
epigenomics_7060_sol2sanger_472,82.68690894301724,36.70973830031074
epigenomics_7060_sol2sanger_473,79.14698013361559,43.181875046106725
epigenomics_7060_sol2sanger_474,85.34049978534344,33.77530670835465
epigenomics_7060_sol2sanger_475,79.96603501729345,41.28980425607984
epigenomics_7060_sol2sanger_476,74.37506443381521,43.02167281958756
epigenomics_7060_sol2sanger_477,83.98985016603149,68.33231278480692
epigenomics_7060_sol2sanger_478,79.00002868899125,40.86000184321697
epigenomics_7060_sol2sanger_479,87.25284801394224,42.74046534768265
epigenomics_7060_sol2sanger_480,85.16919491535256,43.30114139969205
epigenomics_7060_sol2sanger_481,80.63445376232274,54.59427606930369
epigenomics_7060_sol2sanger_482,77.69107496761968,38.29790903080776
epigenomics_7060_sol2sanger_483,76.64962400189812,46.483959016372076
epigenomics_7060_sol2sanger_484,76.04030139746735,48.41044334448742
epigenomics_7060_sol2sanger_485,78.67863124497167,58.248397360049815
epigenomics_7060_sol2sanger_486,82.06426798043785,49.558371969739056
epigenomics_7060_sol2sanger_487,81.72281156588781,43.74356031023269
epigenomics_7060_sol2sanger_488,79.00722825730658,50.44954661831889
epigenomics_7060_sol2sanger_489,80.50615377122115,41.88337140800902
epigenomics_7060_sol2sanger_490,85.37759895748944,33.55774632868662
epigenomics_7060_sol2sanger_491,79.20661292623157,41.965616931759946
epigenomics_7060_sol2sanger_492,83.90781048180578,51.915912330849494
epigenomics_7060_sol2sanger_493,81.91449570343366,49.399405102761676
epigenomics_7060_sol2sanger_494,75.25840248358882,37.17800536318535
epigenomics_7060_sol2sanger_495,83.21038608970338,40.68166530845773
epigenomics_7060_sol2sanger_496,74.12129366219418,36.70916188416987
epigenomics_7060_sol2sanger_497,82.6372518032057,58.278076140060804
epigenomics_7060_sol2sanger_498,76.98920680649059,49.36818327334342
epigenomics_7060_sol2sanger_499,83.08547543028648,32.855564627935756
epigenomics_7060_fast2bfq_0,57.771845380718204,90.15893429339471
epigenomics_7060_fast2bfq_1,61.333749861743755,71.78873969896827
epigenomics_7060_fast2bfq_2,36.215281523661574,83.9730925956348
epigenomics_7060_fast2bfq_3,54.91929800893794,72.22695045832836
epigenomics_7060_fast2bfq_4,45.3966777650094,74.7221007780271
epigenomics_7060_fast2bfq_5,40.384397503381514,83.39818255189297
epigenomics_7060_fast2bfq_6,44.11212034957621,91.19312606234648
epigenomics_7060_fast2bfq_7,47.83617469926574,74.66563061027252
epigenomics_7060_fast2bfq_8,40.92087067273099,85.55024718542673
epigenomics_7060_fast2bfq_9,50.48854887189345,66.84199859038391
epigenomics_7060_fast2bfq_10,44.79515422789719,74.39668048327022
epigenomics_7060_fast2bfq_11,47.809115943449235,87.77308574747173
epigenomics_7060_fast2bfq_12,46.122679579272706,91.74147745099845
epigenomics_7060_fast2bfq_13,51.71615144758718,73.97002044247127
epigenomics_7060_fast2bfq_14,59.142970233090765,75.7825282191054
epigenomics_7060_fast2bfq_15,45.80938338688652,82.67444511641455
epigenomics_7060_fast2bfq_16,48.85876355984574,82.63490745169693
epigenomics_7060_fast2bfq_17,47.1243926379337,79.49486369731066
epigenomics_7060_fast2bfq_18,49.42508140908939,80.06153015556737
epigenomics_7060_fast2bfq_19,36.420852908580386,79.18980012379483
epigenomics_7060_fast2bfq_20,47.35357836288664,90.65884561870814
epigenomics_7060_fast2bfq_21,32.6098654007211,81.4846454575082
epigenomics_7060_fast2bfq_22,36.561391426525006,82.67152150065559
epigenomics_7060_fast2bfq_23,37.04131253134209,86.54917770852785
epigenomics_7060_fast2bfq_24,38.26607849534126,77.9270334561829
epigenomics_7060_fast2bfq_25,48.43547317838881,88.3903003053503
epigenomics_7060_fast2bfq_26,53.79931571423824,77.22460978238169
epigenomics_7060_fast2bfq_27,46.569553592387,70.73430984908113
epigenomics_7060_fast2bfq_28,36.51533652514055,79.82430010980407
epigenomics_7060_fast2bfq_29,39.62727230351053,76.51391467308768
epigenomics_7060_fast2bfq_30,46.18326758851421,69.03553647150329
epigenomics_7060_fast2bfq_31,55.812684802963226,76.19190037278383
epigenomics_7060_fast2bfq_32,48.90977517960781,76.21407096594837
epigenomics_7060_fast2bfq_33,50.315167541234885,80.46891088006366
epigenomics_7060_fast2bfq_34,47.43849860846166,78.99573232649307
epigenomics_7060_fast2bfq_35,48.91353616923199,82.60703748773295
epigenomics_7060_fast2bfq_36,35.16868251080918,80.98189842393992
epigenomics_7060_fast2bfq_37,59.096973509543616,81.6831123699584
epigenomics_7060_fast2bfq_38,48.80501805632095,71.03290023443017
epigenomics_7060_fast2bfq_39,35.04910346222277,80.33736743410745
epigenomics_7060_fast2bfq_40,46.070674182275646,67.41225868219392
epigenomics_7060_fast2bfq_41,44.15557672940526,80.5957200068794
epigenomics_7060_fast2bfq_42,36.724177080013106,78.61409386878348
epigenomics_7060_fast2bfq_43,52.188870871383045,90.52916866476397
epigenomics_7060_fast2bfq_44,38.882216034384854,69.77051993147364
epigenomics_7060_fast2bfq_45,43.84732168759126,76.44526024631938
epigenomics_7060_fast2bfq_46,47.85616546304618,86.05175144681928
epigenomics_7060_fast2bfq_47,40.4621454533702,78.75947510478241
epigenomics_7060_fast2bfq_48,52.11922942808825,86.5004060974964
epigenomics_7060_fast2bfq_49,43.11468016816176,93.17190147051363
epigenomics_7060_fast2bfq_50,43.37928918954742,79.0770638271914
epigenomics_7060_fast2bfq_51,51.22368560417624,88.56952516390801
epigenomics_7060_fast2bfq_52,49.724505242531926,75.70529864648991
epigenomics_7060_fast2bfq_53,46.93013236822707,72.2315847222462
epigenomics_7060_fast2bfq_54,35.70524102495752,85.13011126233941
epigenomics_7060_fast2bfq_55,44.95295425640943,80.96735559184197
epigenomics_7060_fast2bfq_56,29.228113809528672,76.05256498333377
epigenomics_7060_fast2bfq_57,39.99823425426195,85.3039010869775
epigenomics_7060_fast2bfq_58,52.116753848696895,83.88587997684895
epigenomics_7060_fast2bfq_59,55.3811062469487,82.60425104416584
epigenomics_7060_fast2bfq_60,40.205251913714314,76.48305059637782
epigenomics_7060_fast2bfq_61,47.824455629732206,80.52911661604378
epigenomics_7060_fast2bfq_62,61.52118351488309,74.4980946042108
epigenomics_7060_fast2bfq_63,40.74230424914236,80.90921240187298
epigenomics_7060_fast2bfq_64,37.95551928523962,77.5329258280393
epigenomics_7060_fast2bfq_65,47.46115685510496,75.3996145008728
epigenomics_7060_fast2bfq_66,53.27424079515505,82.06755414443272
epigenomics_7060_fast2bfq_67,41.9823463118599,72.20168921064817
epigenomics_7060_fast2bfq_68,49.458051060764255,75.87046332286192
epigenomics_7060_fast2bfq_69,48.23495256297269,76.9004565175141
epigenomics_7060_fast2bfq_70,43.38003716348686,81.67507007800369
epigenomics_7060_fast2bfq_71,49.66201500471119,81.71576128619002
epigenomics_7060_fast2bfq_72,49.8197915482716,80.07543492125654
epigenomics_7060_fast2bfq_73,50.93807559744116,77.77565629999985
epigenomics_7060_fast2bfq_74,44.678508851306574,84.99099698142835
epigenomics_7060_fast2bfq_75,47.024193655228686,89.81925591849338
epigenomics_7060_fast2bfq_76,52.2569141260136,96.29438678937447
epigenomics_7060_fast2bfq_77,51.10768939919897,73.97331991146642
epigenomics_7060_fast2bfq_78,40.930991487769575,80.47515363560449
epigenomics_7060_fast2bfq_79,34.24243895044244,69.62560262320626
epigenomics_7060_fast2bfq_80,46.263372570800264,74.9683313721823
epigenomics_7060_fast2bfq_81,47.773133569356155,75.59694185073272
epigenomics_7060_fast2bfq_82,49.16609488552819,82.99119401324096
epigenomics_7060_fast2bfq_83,51.03234184954284,85.68177877029387
epigenomics_7060_fast2bfq_84,52.303074037966304,80.95431433920946
epigenomics_7060_fast2bfq_85,44.03232255087055,74.33249068755119
epigenomics_7060_fast2bfq_86,34.89947888857052,77.38330375886375
epigenomics_7060_fast2bfq_87,45.784723400666955,80.82591869091797
epigenomics_7060_fast2bfq_88,40.2769055438455,82.86061256544023
epigenomics_7060_fast2bfq_89,46.96752275835807,89.97917141749818
epigenomics_7060_fast2bfq_90,38.03817372470254,73.63804740485268
epigenomics_7060_fast2bfq_91,43.72368646509965,79.10010851348422
epigenomics_7060_fast2bfq_92,49.60558176793867,84.91550938374166
epigenomics_7060_fast2bfq_93,54.01645867909961,71.43782483272679
epigenomics_7060_fast2bfq_94,49.212186586526315,81.20526734917489
epigenomics_7060_fast2bfq_95,51.77626617637527,82.0698288889775
epigenomics_7060_fast2bfq_96,42.21983956376401,70.3674929426255
epigenomics_7060_fast2bfq_97,56.68430071984773,76.77219050541477
epigenomics_7060_fast2bfq_98,40.028641454078425,84.72600769476183
epigenomics_7060_fast2bfq_99,37.19876648960371,79.73667570508408
epigenomics_7060_fast2bfq_100,37.38259179994647,83.25113032664397
epigenomics_7060_fast2bfq_101,41.32403285064309,84.99268509007828
epigenomics_7060_fast2bfq_102,47.3556443759185,71.70030234742637
epigenomics_7060_fast2bfq_103,62.33312526566482,88.95187505766992
epigenomics_7060_fast2bfq_104,50.24132962280551,84.65924563903351
epigenomics_7060_fast2bfq_105,40.74390580724948,78.8492139822843
epigenomics_7060_fast2bfq_106,43.59550139593608,85.54859688800488
epigenomics_7060_fast2bfq_107,35.86580858641132,87.6329089682449
epigenomics_7060_fast2bfq_108,35.76292401970535,78.64568341063678
epigenomics_7060_fast2bfq_109,47.551467219804024,82.05864680664195
epigenomics_7060_fast2bfq_110,45.97665100181608,74.92578585571518
epigenomics_7060_fast2bfq_111,53.4900427704535,90.28139258394242
epigenomics_7060_fast2bfq_112,40.449228783354116,75.86141059584587
epigenomics_7060_fast2bfq_113,48.18320725879315,85.26021145871499
epigenomics_7060_fast2bfq_114,42.57785403753823,88.29528331990423
epigenomics_7060_fast2bfq_115,38.35493013511332,85.98545327611835
epigenomics_7060_fast2bfq_116,44.291065058005884,75.23919362464034
epigenomics_7060_fast2bfq_117,46.64625949421447,79.83128066180295
epigenomics_7060_fast2bfq_118,46.74789418528871,79.41728555766686
epigenomics_7060_fast2bfq_119,40.040781586574965,80.93025044441904
epigenomics_7060_fast2bfq_120,48.761039631202934,71.83368219733094
epigenomics_7060_fast2bfq_121,32.24317273628953,73.42195020888062
epigenomics_7060_fast2bfq_122,42.76693895242123,76.67721178169559
epigenomics_7060_fast2bfq_123,40.137255476399694,87.97020573449626
epigenomics_7060_fast2bfq_124,54.55150138002452,82.03775964529821
epigenomics_7060_fast2bfq_125,46.225751906064616,90.63080119551734
epigenomics_7060_fast2bfq_126,43.820236772861165,74.64375331961676
epigenomics_7060_fast2bfq_127,50.26685854679159,76.84451366649982
epigenomics_7060_fast2bfq_128,43.35684384093512,85.20612481816413
epigenomics_7060_fast2bfq_129,40.819353444459885,77.99154924279891
epigenomics_7060_fast2bfq_130,49.67961120108798,82.58939571280601
epigenomics_7060_fast2bfq_131,36.76447846716283,78.81348104187283
epigenomics_7060_fast2bfq_132,42.80429775758604,76.62461748142177
epigenomics_7060_fast2bfq_133,38.75462787439941,84.00475262629077
epigenomics_7060_fast2bfq_134,43.78239703546914,76.54498283458082
epigenomics_7060_fast2bfq_135,42.57878151453768,74.62578502321335
epigenomics_7060_fast2bfq_136,46.532957403662536,79.45214521241255
epigenomics_7060_fast2bfq_137,37.75095810216703,68.24399980074368
epigenomics_7060_fast2bfq_138,54.06525792280311,76.9684272997182
epigenomics_7060_fast2bfq_139,37.324246286345975,76.3558101668426
epigenomics_7060_fast2bfq_140,48.60135261018419,83.38779923180266
epigenomics_7060_fast2bfq_141,41.887145195726255,82.68743164106972
epigenomics_7060_fast2bfq_142,42.76371482087521,92.23678162503948
epigenomics_7060_fast2bfq_143,41.84940977838527,94.37849929121347
epigenomics_7060_fast2bfq_144,52.81810867635677,95.14765641369519
epigenomics_7060_fast2bfq_145,52.39988728150685,79.15453258774107
epigenomics_7060_fast2bfq_146,47.46983415342956,80.28428295817038
epigenomics_7060_fast2bfq_147,35.6184571030352,92.6527689449265
epigenomics_7060_fast2bfq_148,39.25599936968656,87.74328698477312
epigenomics_7060_fast2bfq_149,47.78864447903895,89.15293016898045
epigenomics_7060_fast2bfq_150,50.53954141090375,71.8261799952149
epigenomics_7060_fast2bfq_151,43.479700178276666,84.63018621973654
epigenomics_7060_fast2bfq_152,29.557264760038382,89.1125185059875
epigenomics_7060_fast2bfq_153,46.31818708665592,86.43098784949754
epigenomics_7060_fast2bfq_154,52.07672612664825,78.96979091188273
epigenomics_7060_fast2bfq_155,40.04213438005078,75.08129872890242
epigenomics_7060_fast2bfq_156,45.27615380628606,77.04754333437613
epigenomics_7060_fast2bfq_157,44.68080196225482,85.81307759208703
epigenomics_7060_fast2bfq_158,44.13057045514597,87.55775525757788
epigenomics_7060_fast2bfq_159,52.35109771267001,84.16402825293908
epigenomics_7060_fast2bfq_160,30.02693772350401,85.33989765987862
epigenomics_7060_fast2bfq_161,42.08390115958241,88.48984215400137
epigenomics_7060_fast2bfq_162,34.76125566892056,69.95841463635068
epigenomics_7060_fast2bfq_163,51.74508953245775,75.93982809094477
epigenomics_7060_fast2bfq_164,50.43253560678054,81.18580515488674
epigenomics_7060_fast2bfq_165,56.70146711557211,71.1148455712104
epigenomics_7060_fast2bfq_166,43.7764946526149,78.65190039658569
epigenomics_7060_fast2bfq_167,42.881038155581486,84.89416475108038
epigenomics_7060_fast2bfq_168,44.090196543752064,81.23849575603415
epigenomics_7060_fast2bfq_169,55.85138916007578,79.80177808176272
epigenomics_7060_fast2bfq_170,54.29337719326366,85.50916034390683
epigenomics_7060_fast2bfq_171,46.956539164306506,85.7349973348548
epigenomics_7060_fast2bfq_172,39.51839464026969,87.1617170278071
epigenomics_7060_fast2bfq_173,45.150392373703816,80.73199834190142
epigenomics_7060_fast2bfq_174,36.485683689369125,95.66032176784438
epigenomics_7060_fast2bfq_175,48.64984741117371,85.36588660243152
epigenomics_7060_fast2bfq_176,50.83399732565715,79.74694497422828
epigenomics_7060_fast2bfq_177,45.627002114050754,78.82149117604037
epigenomics_7060_fast2bfq_178,44.46789302906771,69.84112194234348
epigenomics_7060_fast2bfq_179,46.71462414448337,68.10708675384367
epigenomics_7060_fast2bfq_180,38.302893106697006,82.14485847800674
epigenomics_7060_fast2bfq_181,37.2384451591269,84.33023441403124
epigenomics_7060_fast2bfq_182,40.11912753370636,64.89905776500896
epigenomics_7060_fast2bfq_183,33.281797947320456,82.88683429185751
epigenomics_7060_fast2bfq_184,54.141515524203356,82.22723830906936
epigenomics_7060_fast2bfq_185,50.711978391583266,85.40491452551832
epigenomics_7060_fast2bfq_186,46.411446490042536,75.85082632050397
epigenomics_7060_fast2bfq_187,42.698053732764876,81.49316290042078
epigenomics_7060_fast2bfq_188,50.440265290657784,81.07559022556094
epigenomics_7060_fast2bfq_189,44.16709579432021,77.53357226694517
epigenomics_7060_fast2bfq_190,39.36980901859578,62.89493160100179
epigenomics_7060_fast2bfq_191,51.651331436503774,74.60279757531542
epigenomics_7060_fast2bfq_192,41.03428289512855,78.98919928495343
epigenomics_7060_fast2bfq_193,40.8605298018275,70.91981690678494
epigenomics_7060_fast2bfq_194,49.17264365112003,85.01901792605419
epigenomics_7060_fast2bfq_195,46.14874895328967,84.63917232400674
epigenomics_7060_fast2bfq_196,40.37644765898602,74.35378794298785
epigenomics_7060_fast2bfq_197,58.34231246642953,100.54630175473301
epigenomics_7060_fast2bfq_198,46.07368553710855,72.39429409956523
epigenomics_7060_fast2bfq_199,36.196238170678484,79.75585094611468
epigenomics_7060_fast2bfq_200,39.098321515619865,84.76947637642449
epigenomics_7060_fast2bfq_201,42.86463067447845,73.19360363160412
epigenomics_7060_fast2bfq_202,41.03278829760109,80.77896071684185
epigenomics_7060_fast2bfq_203,36.83492799149205,86.40385126936395
epigenomics_7060_fast2bfq_204,61.30420575512838,82.76525124114019
epigenomics_7060_fast2bfq_205,41.298138686231084,78.86336766993676
epigenomics_7060_fast2bfq_206,48.863813700318175,91.3581441706397
epigenomics_7060_fast2bfq_207,39.997142664254824,71.4220258691628
epigenomics_7060_fast2bfq_208,43.34222630766221,76.37637144339159
epigenomics_7060_fast2bfq_209,40.351006936235244,82.17364320737036
epigenomics_7060_fast2bfq_210,36.96353532865666,76.46967960652081
epigenomics_7060_fast2bfq_211,57.118860181885346,83.02024776257693
epigenomics_7060_fast2bfq_212,52.454721921570915,91.20243686147656
epigenomics_7060_fast2bfq_213,34.254212574536645,97.38411546513653
epigenomics_7060_fast2bfq_214,59.98817368994194,92.79566070790918
epigenomics_7060_fast2bfq_215,45.7539474701084,72.56599482694344
epigenomics_7060_fast2bfq_216,50.41650086406661,74.70327981836392
epigenomics_7060_fast2bfq_217,45.113445890202286,75.62178048543373
epigenomics_7060_fast2bfq_218,55.090430325268784,94.07888575572285
epigenomics_7060_fast2bfq_219,57.67875977444207,81.1294635872058
epigenomics_7060_fast2bfq_220,46.132788627411465,78.18356201328795
epigenomics_7060_fast2bfq_221,49.120302390650956,78.25871859852806
epigenomics_7060_fast2bfq_222,49.50319179568203,80.50496211700217
epigenomics_7060_fast2bfq_223,65.18623630921692,75.68283621669477
epigenomics_7060_fast2bfq_224,45.491601387141074,79.61545769629872
epigenomics_7060_fast2bfq_225,47.63812873537658,75.06150198571132
epigenomics_7060_fast2bfq_226,44.447626886187436,92.40882540703157
epigenomics_7060_fast2bfq_227,37.45729626843193,85.13073517358866
epigenomics_7060_fast2bfq_228,31.98772412692395,68.9016354904837
epigenomics_7060_fast2bfq_229,42.67082530073445,96.06329942203409
epigenomics_7060_fast2bfq_230,49.74215572502534,76.70132765053732
epigenomics_7060_fast2bfq_231,62.59991955648886,72.83884325297865
epigenomics_7060_fast2bfq_232,45.290026155659916,84.15879682799026
epigenomics_7060_fast2bfq_233,28.998799793458957,73.23276115567663
epigenomics_7060_fast2bfq_234,37.34083478685943,88.1771085407715
epigenomics_7060_fast2bfq_235,53.754202823421814,79.85396175734
epigenomics_7060_fast2bfq_236,41.55398289882564,77.55113985494893
epigenomics_7060_fast2bfq_237,59.08291714335675,87.08824731950263
epigenomics_7060_fast2bfq_238,44.92911043358198,90.95796529308201
epigenomics_7060_fast2bfq_239,46.37083725720028,61.241437343369014
epigenomics_7060_fast2bfq_240,48.37954758025537,78.11995416081724
epigenomics_7060_fast2bfq_241,51.350664896976475,87.00661423962356
epigenomics_7060_fast2bfq_242,44.59287446762856,85.97990662179014
epigenomics_7060_fast2bfq_243,45.75433307141475,83.97316024068432
epigenomics_7060_fast2bfq_244,42.207156928027175,74.73280381174993
epigenomics_7060_fast2bfq_245,55.83885021531291,73.1413534352929
epigenomics_7060_fast2bfq_246,38.080338533955846,76.98378757240582
epigenomics_7060_fast2bfq_247,41.8469153721769,74.12965330312734
epigenomics_7060_fast2bfq_248,27.216283031608025,83.21496945057758
epigenomics_7060_fast2bfq_249,46.07883494869539,86.19963851496829
epigenomics_7060_fast2bfq_250,30.71232133185417,92.02699010216948
epigenomics_7060_fast2bfq_251,49.55820776885691,85.45212120172759
epigenomics_7060_fast2bfq_252,50.07128153062227,82.35529456626708
epigenomics_7060_fast2bfq_253,37.506143456593705,74.23799661760373
epigenomics_7060_fast2bfq_254,41.45663934042688,93.45757162948856
epigenomics_7060_fast2bfq_255,35.56744076066999,70.34296635078788
epigenomics_7060_fast2bfq_256,39.14762871848663,81.565432539
epigenomics_7060_fast2bfq_257,51.09521785623689,82.84800277035411
epigenomics_7060_fast2bfq_258,54.14291410240667,70.9218749254932
epigenomics_7060_fast2bfq_259,41.02519899616485,88.61335795644884
epigenomics_7060_fast2bfq_260,37.26001695133631,83.15520747869762
epigenomics_7060_fast2bfq_261,47.25307008581162,66.17418946775668
epigenomics_7060_fast2bfq_262,48.28701417409377,77.00356113527228
epigenomics_7060_fast2bfq_263,52.98280765113658,71.89693787354744
epigenomics_7060_fast2bfq_264,39.50265983893035,83.56060843222333
epigenomics_7060_fast2bfq_265,47.94823394133547,78.185970586913
epigenomics_7060_fast2bfq_266,41.44220615145175,75.66966448072694
epigenomics_7060_fast2bfq_267,46.58705629888127,81.8773521480221
epigenomics_7060_fast2bfq_268,39.19874446271105,66.90731293990802
epigenomics_7060_fast2bfq_269,51.225477461141125,81.1188950801068
epigenomics_7060_fast2bfq_270,48.94886051869013,54.78269792435093
epigenomics_7060_fast2bfq_271,37.173675031613485,68.47909143633623
epigenomics_7060_fast2bfq_272,40.18452373511758,71.2906676269717
epigenomics_7060_fast2bfq_273,54.25707607447352,72.71815428937614
epigenomics_7060_fast2bfq_274,38.96358136739309,83.48177284688848
epigenomics_7060_fast2bfq_275,53.35246063686097,84.95474721154727
epigenomics_7060_fast2bfq_276,32.02104310191779,82.26332640684909
epigenomics_7060_fast2bfq_277,40.75692533755849,81.19126832148245
epigenomics_7060_fast2bfq_278,51.01948562590058,88.7247708226158
epigenomics_7060_fast2bfq_279,44.34534698852184,83.90884097958494
epigenomics_7060_fast2bfq_280,38.878790379032324,83.02440113239041
epigenomics_7060_fast2bfq_281,53.643140822348855,85.260586292889
epigenomics_7060_fast2bfq_282,43.90144149543566,78.54703303549448
epigenomics_7060_fast2bfq_283,46.147513632519484,86.61809416338953
epigenomics_7060_fast2bfq_284,57.57514409479548,77.59113506389043
epigenomics_7060_fast2bfq_285,43.6207398806084,78.76716901174278
epigenomics_7060_fast2bfq_286,34.27101400807482,77.51594249136572
epigenomics_7060_fast2bfq_287,40.43103485605895,85.37700823190735
epigenomics_7060_fast2bfq_288,50.40301491439572,82.55507665254383
epigenomics_7060_fast2bfq_289,61.39128673990306,76.30947449840421
epigenomics_7060_fast2bfq_290,56.0652120358765,85.25862085195786
epigenomics_7060_fast2bfq_291,47.020851384461416,76.77282973954327
epigenomics_7060_fast2bfq_292,59.51150127699516,70.42851468863418
epigenomics_7060_fast2bfq_293,50.96229740623514,74.32035555279764
epigenomics_7060_fast2bfq_294,34.044554866586076,88.29337066543496
epigenomics_7060_fast2bfq_295,32.36988042643061,83.18616663161419
epigenomics_7060_fast2bfq_296,43.32116699879796,83.02903782626194
epigenomics_7060_fast2bfq_297,54.5695590007126,92.5952471880023
epigenomics_7060_fast2bfq_298,45.73096680895259,77.5004595362852
epigenomics_7060_fast2bfq_299,47.795675493677635,80.6326664737219
epigenomics_7060_fast2bfq_300,46.39350045006629,80.44644788026493
epigenomics_7060_fast2bfq_301,50.92246200495359,93.1765564107856
epigenomics_7060_fast2bfq_302,37.50999032002922,80.69184560545101
epigenomics_7060_fast2bfq_303,36.250766277546695,78.847890850366
epigenomics_7060_fast2bfq_304,48.69820175294496,88.75415929058182
epigenomics_7060_fast2bfq_305,40.33766884228212,82.28832457287375
epigenomics_7060_fast2bfq_306,36.267193930017555,77.59517831976507
epigenomics_7060_fast2bfq_307,48.316438540426695,84.00879816527753
epigenomics_7060_fast2bfq_308,51.6023309106726,78.79731529240401
epigenomics_7060_fast2bfq_309,35.954171710211554,77.92137060216396
epigenomics_7060_fast2bfq_310,25.668779722854353,83.4715203853657
epigenomics_7060_fast2bfq_311,58.95053458371709,85.28481142345672
epigenomics_7060_fast2bfq_312,36.39200017516509,89.2499413448519
epigenomics_7060_fast2bfq_313,44.895577023210414,81.92448716982592
epigenomics_7060_fast2bfq_314,51.3335318971708,80.75098559717803
epigenomics_7060_fast2bfq_315,43.35065170970045,75.12316008760277
epigenomics_7060_fast2bfq_316,36.58467355953805,78.12119130515993
epigenomics_7060_fast2bfq_317,56.352379594516705,86.35905067902418
epigenomics_7060_fast2bfq_318,52.061918541026444,80.11908897123328
epigenomics_7060_fast2bfq_319,49.588103330972885,87.77358693556313
epigenomics_7060_fast2bfq_320,46.17969890796298,93.9149116384456
epigenomics_7060_fast2bfq_321,51.9110415474267,74.96397314607128
epigenomics_7060_fast2bfq_322,51.6918406999821,66.33560055450062
epigenomics_7060_fast2bfq_323,43.38367025409734,68.27916115320397
epigenomics_7060_fast2bfq_324,43.694698303087215,73.86590136261253
epigenomics_7060_fast2bfq_325,42.55114690729931,78.40334749842768
epigenomics_7060_fast2bfq_326,37.978502866042504,79.51035321210666
epigenomics_7060_fast2bfq_327,44.352541088690465,87.75645722617126
epigenomics_7060_fast2bfq_328,54.72662193676915,77.76773577091228
epigenomics_7060_fast2bfq_329,45.083658390379945,85.71010036307338
epigenomics_7060_fast2bfq_330,39.500280524385616,79.73216306324979
epigenomics_7060_fast2bfq_331,46.891553543506,79.26014111032023
epigenomics_7060_fast2bfq_332,33.72227842501852,82.68642610859236
epigenomics_7060_fast2bfq_333,38.45037102341544,86.71303531624869
epigenomics_7060_fast2bfq_334,39.69490693828424,83.64950734132393
epigenomics_7060_fast2bfq_335,48.16301275714724,79.02042680935585
epigenomics_7060_fast2bfq_336,31.198458758394906,75.36177243317672
epigenomics_7060_fast2bfq_337,35.910362895409754,80.59808256618354
epigenomics_7060_fast2bfq_338,42.48544391728489,87.96342522604692
epigenomics_7060_fast2bfq_339,41.401996162656125,79.13646915782093
epigenomics_7060_fast2bfq_340,27.419759245396016,82.50903905634902
epigenomics_7060_fast2bfq_341,33.84867755432424,70.96450293639701
epigenomics_7060_fast2bfq_342,54.53421898353209,79.07650131540777
epigenomics_7060_fast2bfq_343,37.02292099796675,72.43876282644138
epigenomics_7060_fast2bfq_344,47.45763144095218,72.43990419045065
epigenomics_7060_fast2bfq_345,45.782133621496286,77.81945731225248
epigenomics_7060_fast2bfq_346,50.691783563072974,77.49317706407615
epigenomics_7060_fast2bfq_347,38.17003443222458,76.6250663007567
epigenomics_7060_fast2bfq_348,59.89655240566474,82.1581077089801
epigenomics_7060_fast2bfq_349,55.60734219343749,75.54870023331077
epigenomics_7060_fast2bfq_350,57.45888261048703,72.17557453908651
epigenomics_7060_fast2bfq_351,45.27062167378204,88.89884037565155
epigenomics_7060_fast2bfq_352,38.0030256743762,82.50386816694416
epigenomics_7060_fast2bfq_353,37.83777305258349,83.05570922132509
epigenomics_7060_fast2bfq_354,33.65967779117096,82.53313338956987
epigenomics_7060_fast2bfq_355,31.66407165526739,78.26732894827542
epigenomics_7060_fast2bfq_356,49.73285899932205,84.36708500966486
epigenomics_7060_fast2bfq_357,51.97494214134778,81.42330427840218
epigenomics_7060_fast2bfq_358,48.944431417461644,78.79279042488736
epigenomics_7060_fast2bfq_359,46.62482494735093,80.83352717287991
epigenomics_7060_fast2bfq_360,36.08455203381048,67.51844816792668
epigenomics_7060_fast2bfq_361,41.86553242238811,82.40293607265666
epigenomics_7060_fast2bfq_362,40.49792800512714,78.82731657278435
epigenomics_7060_fast2bfq_363,50.028290782291,79.65342183796857
epigenomics_7060_fast2bfq_364,52.64927370997715,96.06290534667653
epigenomics_7060_fast2bfq_365,53.98878659254645,66.49819529592116
epigenomics_7060_fast2bfq_366,51.58047460906644,67.64526361920198
epigenomics_7060_fast2bfq_367,38.44411452742615,85.46083165311626
epigenomics_7060_fast2bfq_368,43.25496900762318,72.00795227864124
epigenomics_7060_fast2bfq_369,55.09089855491007,75.2098804919907
epigenomics_7060_fast2bfq_370,44.00430013612416,80.55134276230352
epigenomics_7060_fast2bfq_371,44.06723629528051,87.31478305223081
epigenomics_7060_fast2bfq_372,45.632150806789674,74.93842667985585
epigenomics_7060_fast2bfq_373,47.290699170200384,87.91703323659233
epigenomics_7060_fast2bfq_374,43.89092864416865,80.98578180781699
epigenomics_7060_fast2bfq_375,51.69871135780088,81.90092891255485
epigenomics_7060_fast2bfq_376,60.61886053431453,79.86270873811208
epigenomics_7060_fast2bfq_377,44.29893756975285,86.59085078380325
epigenomics_7060_fast2bfq_378,50.388267029490486,84.12069803774416
epigenomics_7060_fast2bfq_379,54.63546047719184,77.69410162689928
epigenomics_7060_fast2bfq_380,47.8798481171984,73.03463354138962
epigenomics_7060_fast2bfq_381,29.40007155727289,83.39129930931172
epigenomics_7060_fast2bfq_382,36.27439177437075,78.05196961221007
epigenomics_7060_fast2bfq_383,51.2896997296392,81.37571972706677
epigenomics_7060_fast2bfq_384,51.30805881399014,82.70267114771998
epigenomics_7060_fast2bfq_385,51.011910332500534,72.70641704880305
epigenomics_7060_fast2bfq_386,35.461482633907295,67.42045813280791
epigenomics_7060_fast2bfq_387,51.84831380571582,85.52653014813318
epigenomics_7060_fast2bfq_388,51.30703102890974,74.96981726280411
epigenomics_7060_fast2bfq_389,32.055397315601425,81.39352421389135
epigenomics_7060_fast2bfq_390,29.02385691634006,87.93408222881182
epigenomics_7060_fast2bfq_391,41.092752005665794,83.98609533005799
epigenomics_7060_fast2bfq_392,38.61817590155948,71.08756231623181
epigenomics_7060_fast2bfq_393,46.250628316131305,75.06588769417955
epigenomics_7060_fast2bfq_394,40.58811918603142,84.61766185548151
epigenomics_7060_fast2bfq_395,49.58244746254028,83.78231748490285
epigenomics_7060_fast2bfq_396,44.31122462970479,80.11129869753063
epigenomics_7060_fast2bfq_397,39.656154018907735,78.3951173303792
epigenomics_7060_fast2bfq_398,52.7095989125688,81.24222066020506
epigenomics_7060_fast2bfq_399,38.5782962187622,84.3988751513357
epigenomics_7060_fast2bfq_400,43.55694006858165,78.19278069555041
epigenomics_7060_fast2bfq_401,34.42642257988888,77.48964980759142
epigenomics_7060_fast2bfq_402,49.413124490374294,74.39528568080449
epigenomics_7060_fast2bfq_403,49.67400096134604,86.663808231241
epigenomics_7060_fast2bfq_404,52.71114862260046,81.45293708884952
epigenomics_7060_fast2bfq_405,49.01568789339735,80.78707934725276
epigenomics_7060_fast2bfq_406,37.182146462509806,78.9006019972987
epigenomics_7060_fast2bfq_407,46.84469405103398,77.8454344803071
epigenomics_7060_fast2bfq_408,54.398404741179135,68.75097764572044
epigenomics_7060_fast2bfq_409,38.460056797432806,91.71368957302116
epigenomics_7060_fast2bfq_410,54.32029707420136,73.87108532706829
epigenomics_7060_fast2bfq_411,47.5110678540381,79.24503412871087
epigenomics_7060_fast2bfq_412,40.681413131254125,87.3196697343858
epigenomics_7060_fast2bfq_413,48.239147352197705,89.05676357843905
epigenomics_7060_fast2bfq_414,36.66068096470931,62.00500235311772
epigenomics_7060_fast2bfq_415,45.51488321063301,83.61194062081626
epigenomics_7060_fast2bfq_416,42.153744974555586,82.92991435210782
epigenomics_7060_fast2bfq_417,49.72672681365573,79.23372060165153
epigenomics_7060_fast2bfq_418,53.507358971664054,88.30195528254498
epigenomics_7060_fast2bfq_419,42.19989929043464,70.58484483771386
epigenomics_7060_fast2bfq_420,42.8695883467158,77.06487200768848
epigenomics_7060_fast2bfq_421,49.424398261072874,75.11209778651222
epigenomics_7060_fast2bfq_422,36.04429193240828,76.98170326267906
epigenomics_7060_fast2bfq_423,39.47666345850607,77.14148301124573
epigenomics_7060_fast2bfq_424,34.90450531193932,81.20352490820265
epigenomics_7060_fast2bfq_425,44.69614992440789,75.34712570864664
epigenomics_7060_fast2bfq_426,46.80466552042218,77.56558128989401
epigenomics_7060_fast2bfq_427,31.40986869639658,72.93256503623078
epigenomics_7060_fast2bfq_428,32.23586545595295,88.40108419838495
epigenomics_7060_fast2bfq_429,53.60971898943474,77.27510597311763
epigenomics_7060_fast2bfq_430,49.761130409362316,87.06215219124533
epigenomics_7060_fast2bfq_431,30.634105201169987,82.95046092992418
epigenomics_7060_fast2bfq_432,46.401747252732285,80.79103637114898
epigenomics_7060_fast2bfq_433,42.250563391928175,71.80506990729371
epigenomics_7060_fast2bfq_434,41.881893987182806,79.77369683168715
epigenomics_7060_fast2bfq_435,48.32741204565646,83.16009974086906
epigenomics_7060_fast2bfq_436,53.042987026521985,75.708119608679
epigenomics_7060_fast2bfq_437,29.42926572963197,72.54137932210631
epigenomics_7060_fast2bfq_438,41.33128319823743,77.5211201524181
epigenomics_7060_fast2bfq_439,42.07878450503412,72.05440572190749
epigenomics_7060_fast2bfq_440,44.84280339127891,83.70346888316408
epigenomics_7060_fast2bfq_441,42.72175641876692,76.97196817530887
epigenomics_7060_fast2bfq_442,32.943524398691395,82.02285768523248
epigenomics_7060_fast2bfq_443,45.07707146250129,85.55501918826265
epigenomics_7060_fast2bfq_444,35.48242054035516,78.74312183333126
epigenomics_7060_fast2bfq_445,42.667397800927034,88.20247966651655
epigenomics_7060_fast2bfq_446,45.35992966567396,77.53120678313782
epigenomics_7060_fast2bfq_447,44.578443223398644,73.73672310558193
epigenomics_7060_fast2bfq_448,40.16296824109671,79.12006742508768
epigenomics_7060_fast2bfq_449,54.51321242479115,81.70314196981523
epigenomics_7060_fast2bfq_450,36.63508023106717,75.59306875326047
epigenomics_7060_fast2bfq_451,39.79574086522389,75.12289732405313
epigenomics_7060_fast2bfq_452,51.79696722776419,89.75053036105652
epigenomics_7060_fast2bfq_453,28.060293752591697,85.41530821261566
epigenomics_7060_fast2bfq_454,47.24197911831731,85.6973105980553
epigenomics_7060_fast2bfq_455,50.473503323159804,78.46201373122072
epigenomics_7060_fast2bfq_456,42.5606531254002,77.4322992353651
epigenomics_7060_fast2bfq_457,47.94578515215803,90.43696842098026
epigenomics_7060_fast2bfq_458,36.71164812172834,87.33820801864829
epigenomics_7060_fast2bfq_459,60.29662537252712,76.28909972678599
epigenomics_7060_fast2bfq_460,42.87506765239777,86.43284326296659
epigenomics_7060_fast2bfq_461,45.92358754703123,84.84463732905061
epigenomics_7060_fast2bfq_462,39.63238863758037,85.12714624306622
epigenomics_7060_fast2bfq_463,45.52552520553315,82.82099065939951
epigenomics_7060_fast2bfq_464,52.54082557030641,80.9875408260607
epigenomics_7060_fast2bfq_465,51.170929581534054,78.50852756377347
epigenomics_7060_fast2bfq_466,55.5241018212504,73.97354396770133
epigenomics_7060_fast2bfq_467,54.36453276787606,94.5476481195704
epigenomics_7060_fast2bfq_468,50.855471672302585,72.55495979993633
epigenomics_7060_fast2bfq_469,47.788350598594214,62.7134713013924
epigenomics_7060_fast2bfq_470,43.3260854978789,83.38681245969236
epigenomics_7060_fast2bfq_471,41.813069117809185,74.73432547122772
epigenomics_7060_fast2bfq_472,39.588437387042724,80.3307284349713
epigenomics_7060_fast2bfq_473,50.63311166420308,88.18106497719987
epigenomics_7060_fast2bfq_474,52.201695655177815,75.25030602623043
epigenomics_7060_fast2bfq_475,39.060489180271034,87.15029796462058
epigenomics_7060_fast2bfq_476,41.61691762685233,84.89632864181908
epigenomics_7060_fast2bfq_477,48.05597228909095,90.43745479626222
epigenomics_7060_fast2bfq_478,59.09873171848622,66.18846534722248
epigenomics_7060_fast2bfq_479,49.88185481020641,73.35337895109397
epigenomics_7060_fast2bfq_480,47.24227496503933,87.89141529951003
epigenomics_7060_fast2bfq_481,57.8141308956763,73.44160336015966
epigenomics_7060_fast2bfq_482,44.2142274038257,79.5288574647808
epigenomics_7060_fast2bfq_483,45.9578663244602,78.83192374457047
epigenomics_7060_fast2bfq_484,48.2862100071905,90.73962540143921
epigenomics_7060_fast2bfq_485,34.77504338717528,81.64474797820712
epigenomics_7060_fast2bfq_486,37.191864091594546,76.5028146943587
epigenomics_7060_fast2bfq_487,35.44449691651629,81.44959851569793
epigenomics_7060_fast2bfq_488,45.055439183636615,85.22852708263248
epigenomics_7060_fast2bfq_489,59.32399381418722,87.49320903805479
epigenomics_7060_fast2bfq_490,35.54375137775121,75.6983373884349
epigenomics_7060_fast2bfq_491,41.315273179454344,80.16094764185247
epigenomics_7060_fast2bfq_492,38.55590029748025,91.41772495906969
epigenomics_7060_fast2bfq_493,46.01726681158275,70.06376846091896
epigenomics_7060_fast2bfq_494,46.66910373057429,83.52536663904279
epigenomics_7060_fast2bfq_495,60.94886425394077,66.72598701438812
epigenomics_7060_fast2bfq_496,40.85976721857695,72.4269892048407
epigenomics_7060_fast2bfq_497,45.32476680523905,70.13852903935042
epigenomics_7060_fast2bfq_498,49.627505512181564,75.33727603015802
epigenomics_7060_fast2bfq_499,46.103678347713064,80.81201848560883
epigenomics_7060_map_0,9824.792421337717,193.12218228312952
epigenomics_7060_map_1,10603.832707919513,184.44949991261075
epigenomics_7060_map_2,10146.158134000378,190.5769023472684
epigenomics_7060_map_3,9940.144477570126,190.85520203308852
epigenomics_7060_map_4,8926.566045473595,197.95064617817022
epigenomics_7060_map_5,9792.455271993555,191.57655547405685
epigenomics_7060_map_6,9902.363698775804,181.22494152293626
epigenomics_7060_map_7,9583.131047511284,182.83320269933802
epigenomics_7060_map_8,9766.477895479964,192.86274662950575
epigenomics_7060_map_9,10149.571200957029,185.80402221222406
epigenomics_7060_map_10,9698.055486031222,190.7246911447698
epigenomics_7060_map_11,9775.366881850741,183.81433838413014
epigenomics_7060_map_12,10102.932758595394,182.05015115106107
epigenomics_7060_map_13,10340.270149272124,175.47029101704513
epigenomics_7060_map_14,10349.445484807637,192.01887592833359
epigenomics_7060_map_15,9688.414496230875,177.1454660556382
epigenomics_7060_map_16,10784.016577457372,179.59123880693411
epigenomics_7060_map_17,10186.829397726113,185.73910409175988
epigenomics_7060_map_18,9189.456285186472,177.25677020489405
epigenomics_7060_map_19,10302.386524086705,192.95249910854008
epigenomics_7060_map_20,9911.167522938944,177.8201559376769
epigenomics_7060_map_21,9394.39575823855,180.55105953668888
epigenomics_7060_map_22,9914.202047488749,189.86677760139503
epigenomics_7060_map_23,10450.137074545928,188.32951976926674
epigenomics_7060_map_24,9656.728676250856,187.2177359571498
epigenomics_7060_map_25,10019.649725051073,191.97326487615615
epigenomics_7060_map_26,9684.310273761865,189.10235696684293
epigenomics_7060_map_27,9545.804799083526,176.3056111926679
epigenomics_7060_map_28,8711.681854396124,188.53094181698702
epigenomics_7060_map_29,10696.962721443055,181.66012208847093
epigenomics_7060_map_30,9687.660865211517,184.60013200371245
epigenomics_7060_map_31,8873.764512667927,184.0604735713288
epigenomics_7060_map_32,9871.800758685105,190.63182893989344
epigenomics_7060_map_33,10357.29340491136,186.11097649946683
epigenomics_7060_map_34,9481.908352619696,178.1444571918766
epigenomics_7060_map_35,10224.574803925989,187.323126982516
epigenomics_7060_map_36,10389.352849233239,188.93095313660305
epigenomics_7060_map_37,10762.942892928395,180.3617532740051
epigenomics_7060_map_38,8200.720886159525,182.70284910298182
epigenomics_7060_map_39,10518.665350144012,175.3749297503913
epigenomics_7060_map_40,10250.011227599965,185.48317367528801
epigenomics_7060_map_41,9719.644463368859,178.10397373164793
epigenomics_7060_map_42,9853.415469547039,192.33594423203044
epigenomics_7060_map_43,9794.327623580046,184.56395714081256
epigenomics_7060_map_44,10379.030749848253,185.11548731554132
epigenomics_7060_map_45,9714.023618912914,186.20129966522006
epigenomics_7060_map_46,9694.57874884152,189.52557309833156
epigenomics_7060_map_47,10145.636927187767,187.15686246619714
epigenomics_7060_map_48,10146.664011952093,177.71780732086992
epigenomics_7060_map_49,10053.310839088204,184.0213924439162
epigenomics_7060_map_50,9942.80080068803,180.43114067684056
epigenomics_7060_map_51,10233.089684234003,182.90759387182723
epigenomics_7060_map_52,10278.813357764122,185.99123659386143
epigenomics_7060_map_53,8679.83916665601,193.99275443174085
epigenomics_7060_map_54,10691.57743475523,179.07092044211495
epigenomics_7060_map_55,10611.461125835842,179.57132432613213
epigenomics_7060_map_56,9596.793222676399,191.18373662242516
epigenomics_7060_map_57,9217.636768685521,184.92773983814166
epigenomics_7060_map_58,10670.052081334165,191.8781789419448
epigenomics_7060_map_59,9565.687474800437,181.3835218258116
epigenomics_7060_map_60,9406.499445776408,181.8367502231984
epigenomics_7060_map_61,10142.374727973809,192.81248853134744
epigenomics_7060_map_62,10134.446460357456,181.60000927338987
epigenomics_7060_map_63,10706.252854688135,184.79510712607978
epigenomics_7060_map_64,11441.33470015239,197.07261251381414
epigenomics_7060_map_65,10245.587470646587,182.2909331028117
epigenomics_7060_map_66,9485.27916964677,191.66127040152912
epigenomics_7060_map_67,9859.468563358547,179.33793578976977
epigenomics_7060_map_68,9986.679624768718,186.57470279295177
epigenomics_7060_map_69,10459.415109012014,185.95531316010982
epigenomics_7060_map_70,10025.25200761356,192.58226594896155
epigenomics_7060_map_71,10557.89889959735,186.24809316012855
epigenomics_7060_map_72,10794.552934111092,188.36356966721192
epigenomics_7060_map_73,10383.791292307811,177.536112151901
epigenomics_7060_map_74,10736.296808687883,182.52339459432702
epigenomics_7060_map_75,9109.315475096226,185.6677920631941
epigenomics_7060_map_76,10054.812484910453,185.9598541036964
epigenomics_7060_map_77,9699.031030739867,187.87247636199848
epigenomics_7060_map_78,9478.089712369649,183.71590721881105
epigenomics_7060_map_79,10213.094397542753,180.5674393956345
epigenomics_7060_map_80,9765.878099203595,182.88980810050728
epigenomics_7060_map_81,10512.65044329268,192.55155879158016
epigenomics_7060_map_82,9355.013603786332,179.38042881921513
epigenomics_7060_map_83,9901.091500123286,179.46829520905047
epigenomics_7060_map_84,10104.43817218226,188.80450817282835
epigenomics_7060_map_85,9563.117339120277,192.49692340607493
epigenomics_7060_map_86,9747.622306063862,188.1568137014461
epigenomics_7060_map_87,10270.400873642588,186.11629736893784
epigenomics_7060_map_88,9931.451765337153,195.16143984144267
epigenomics_7060_map_89,9997.887953049736,182.498742849722
epigenomics_7060_map_90,9879.102344236373,182.58153110365754
epigenomics_7060_map_91,10283.289071652638,186.044511252028
epigenomics_7060_map_92,9288.98986152082,177.42517730073737
epigenomics_7060_map_93,10043.655814358985,178.55266592376668
epigenomics_7060_map_94,10300.277556857192,180.18173478560132
epigenomics_7060_map_95,9861.995093805368,179.1932180702311
epigenomics_7060_map_96,10550.503848218768,189.5647627857872
epigenomics_7060_map_97,10128.690465553966,179.2776511487992
epigenomics_7060_map_98,10457.823875697268,187.5586035956992
epigenomics_7060_map_99,10811.601083741014,182.86250271100485
epigenomics_7060_map_100,9962.6071903193,186.50825067010075
epigenomics_7060_map_101,10272.139888553236,182.93571750733568
epigenomics_7060_map_102,9642.039355087087,179.28769418137722
epigenomics_7060_map_103,9767.866865896922,180.9681905783843
epigenomics_7060_map_104,9880.022335772392,177.8211446446435
epigenomics_7060_map_105,9702.903453318106,179.42904849247097
epigenomics_7060_map_106,9696.723373486395,182.80720125284077
epigenomics_7060_map_107,9205.595537059638,176.11066078406927
epigenomics_7060_map_108,10636.061248706585,185.02188534663168
epigenomics_7060_map_109,10539.685924787378,184.88134790057268
epigenomics_7060_map_110,10563.50908196662,174.28365562553827
epigenomics_7060_map_111,10571.02231974398,190.78009212636422
epigenomics_7060_map_112,9842.512916938016,194.23347878705974
epigenomics_7060_map_113,10012.17664982481,175.84636322126917
epigenomics_7060_map_114,9585.78389898123,185.66212755853607
epigenomics_7060_map_115,10957.029398859402,184.52852256478997
epigenomics_7060_map_116,10419.15123563422,189.73848706592003
epigenomics_7060_map_117,10914.760678619356,182.73794399483032
epigenomics_7060_map_118,9416.685682303509,188.7110463306035
epigenomics_7060_map_119,9370.410386202882,188.44794394131344
epigenomics_7060_map_120,10142.68411666327,179.56491416650493
epigenomics_7060_map_121,9561.372302369251,184.58004962077405
epigenomics_7060_map_122,10555.4799386305,178.8248292692164
epigenomics_7060_map_123,9783.519805922115,190.5936221404116
epigenomics_7060_map_124,9578.096237859649,180.05993040602362
epigenomics_7060_map_125,10167.241215458098,181.59471057346423
epigenomics_7060_map_126,10049.404210629784,183.56596363457928
epigenomics_7060_map_127,9661.141494803944,182.02772591157824
epigenomics_7060_map_128,10309.013119033923,183.17153467900854
epigenomics_7060_map_129,9801.023234131784,183.53443746675663
epigenomics_7060_map_130,10351.540556127384,183.5841908376733
epigenomics_7060_map_131,10043.995836111517,193.843638923053
epigenomics_7060_map_132,10248.134434648684,186.49929733107115
epigenomics_7060_map_133,10441.608789517488,187.3947206826546
epigenomics_7060_map_134,9957.795132279125,194.04222133722027
epigenomics_7060_map_135,9622.276935879132,184.02396920964978
epigenomics_7060_map_136,10098.638135604706,175.98697608594273
epigenomics_7060_map_137,10554.696182077716,193.6491419181117
epigenomics_7060_map_138,10179.181062181637,181.95189354376825
epigenomics_7060_map_139,9970.461859627889,184.12709247542128
epigenomics_7060_map_140,10078.53949362009,188.81452205458024
epigenomics_7060_map_141,10607.42697593006,192.43088943473688
epigenomics_7060_map_142,9922.454387044798,189.82388755773388
epigenomics_7060_map_143,9532.386020378915,188.59114306446162
epigenomics_7060_map_144,9568.012010166227,178.9965272629162
epigenomics_7060_map_145,10110.120454085576,179.04606924209983
epigenomics_7060_map_146,10212.223464029694,176.178921543824
epigenomics_7060_map_147,9910.967095133954,190.28975819376467
epigenomics_7060_map_148,10392.25677595203,179.4704330763261
epigenomics_7060_map_149,9714.170498873356,178.30822365274653
epigenomics_7060_map_150,9813.599221983728,190.83679072867687
epigenomics_7060_map_151,10229.504317448516,185.58782425960575
epigenomics_7060_map_152,10066.5140441777,186.5252235552404
epigenomics_7060_map_153,9736.900172404927,179.66543275300958
epigenomics_7060_map_154,9813.911008093623,191.51520414227926
epigenomics_7060_map_155,10686.934483853782,184.60778109842502
epigenomics_7060_map_156,9801.385957446499,186.42357696453854
epigenomics_7060_map_157,10802.306982895705,188.47476325336083
epigenomics_7060_map_158,10253.233057244854,184.95493809593904
epigenomics_7060_map_159,9517.39263078246,186.0597141963748
epigenomics_7060_map_160,9305.087449227012,193.8053868065019
epigenomics_7060_map_161,9062.100301506944,185.97818437098422
epigenomics_7060_map_162,9864.581337559057,182.48580683585806
epigenomics_7060_map_163,9189.294640389704,189.95537001888897
epigenomics_7060_map_164,10407.852917819564,185.07949456973395
epigenomics_7060_map_165,8968.21740678684,183.954613569635
epigenomics_7060_map_166,9968.24618794466,191.9153316927789
epigenomics_7060_map_167,10876.893654686997,169.1323733449241
epigenomics_7060_map_168,9791.439262344335,185.22256695041906
epigenomics_7060_map_169,10391.778812778324,180.14029688280635
epigenomics_7060_map_170,9819.274597651924,184.6419856271319
epigenomics_7060_map_171,10743.183595330207,178.12779842914097
epigenomics_7060_map_172,9798.511104628287,183.1645154200253
epigenomics_7060_map_173,9956.298764157098,178.76490845331622
epigenomics_7060_map_174,8820.60443871161,185.93718366265745
epigenomics_7060_map_175,9972.743167141041,190.4113780735101
epigenomics_7060_map_176,10097.955009627161,187.2432326967366
epigenomics_7060_map_177,9993.272327667702,183.7968684669272
epigenomics_7060_map_178,10012.917583637565,189.51116837647166
epigenomics_7060_map_179,10210.021189501513,176.4800475534669
epigenomics_7060_map_180,10277.514196796894,188.04261625596513
epigenomics_7060_map_181,10048.923547530007,184.48685770155728
epigenomics_7060_map_182,9704.871528822483,179.14955695722185
epigenomics_7060_map_183,9578.316468318037,195.77743947486593
epigenomics_7060_map_184,9913.728423419005,192.6013828675298
epigenomics_7060_map_185,9277.928702894582,190.92256034877542
epigenomics_7060_map_186,10457.68201602824,183.23043135565237
epigenomics_7060_map_187,10357.048293403705,186.8308214531851
epigenomics_7060_map_188,9718.649140268937,188.57900687925158
epigenomics_7060_map_189,9919.345653014343,180.34008016412614
epigenomics_7060_map_190,9581.930227067223,183.00766747234275
epigenomics_7060_map_191,9441.273711243719,184.34123074713904
epigenomics_7060_map_192,9931.632590092779,187.8768665673013
epigenomics_7060_map_193,9984.949720109076,183.05348895841922
epigenomics_7060_map_194,9886.610899144514,179.69025293651444
epigenomics_7060_map_195,9476.854427300803,186.89277491131642
epigenomics_7060_map_196,9019.520832489961,174.39802976852886
epigenomics_7060_map_197,10339.73041452079,180.48187705605295
epigenomics_7060_map_198,10763.397738762213,193.70215794832077
epigenomics_7060_map_199,10114.514038737376,186.58489668778753
epigenomics_7060_map_200,10133.321991239216,184.0422406299923
epigenomics_7060_map_201,9705.189335044513,181.39459234414986
epigenomics_7060_map_202,11056.14877097732,184.35971849361945
epigenomics_7060_map_203,10192.03994038584,194.0822317995345
epigenomics_7060_map_204,9104.125886806527,189.59664495763198
epigenomics_7060_map_205,9398.066486707192,175.07161293958862
epigenomics_7060_map_206,10703.523054270112,187.47532477210973
epigenomics_7060_map_207,9468.927503337301,183.29201566443356
epigenomics_7060_map_208,9413.276314904531,185.9992647617932
epigenomics_7060_map_209,10148.132210770595,192.19837029141013
epigenomics_7060_map_210,9832.146957463814,185.18746607059276
epigenomics_7060_map_211,10053.077343453819,188.19061595395837
epigenomics_7060_map_212,10669.382535525467,184.80707335270168
epigenomics_7060_map_213,10520.31618359361,178.75344939138796
epigenomics_7060_map_214,10356.025471778526,185.62846442476743
epigenomics_7060_map_215,10459.156165266508,190.68910023934743
epigenomics_7060_map_216,9773.761101357652,185.73865070684093
epigenomics_7060_map_217,10540.682233713633,194.83215597996005
epigenomics_7060_map_218,9060.686284417092,184.03678997369786
epigenomics_7060_map_219,10005.07002854982,179.71955675194857
epigenomics_7060_map_220,10210.552700905393,180.75208543379773
epigenomics_7060_map_221,10017.665564111547,188.9766983404132
epigenomics_7060_map_222,10155.088044342463,189.85768866900372
epigenomics_7060_map_223,9589.84964571279,180.6631909710166
epigenomics_7060_map_224,10551.985402340084,178.65624011317342
epigenomics_7060_map_225,9591.440174418247,187.3992647642339
epigenomics_7060_map_226,9927.048377678459,192.09593395651999
epigenomics_7060_map_227,10232.190535584645,177.25369638924698
epigenomics_7060_map_228,9900.640517735377,183.97790802790513
epigenomics_7060_map_229,10274.325530527332,181.47188433464052
epigenomics_7060_map_230,10031.213953068505,192.70098876609242
epigenomics_7060_map_231,10313.629556647316,181.56784521072214
epigenomics_7060_map_232,10265.359967970076,184.35557964696932
epigenomics_7060_map_233,9891.240588669903,187.09261097827735
epigenomics_7060_map_234,9364.20242158284,181.65470741371908
epigenomics_7060_map_235,10595.170796829232,190.61962239896488
epigenomics_7060_map_236,10702.91475708025,182.6160979752737
epigenomics_7060_map_237,10250.367336347643,186.08478196969165
epigenomics_7060_map_238,10680.308847053251,189.29137345666467
epigenomics_7060_map_239,10446.9726831738,179.51241921547975
epigenomics_7060_map_240,9802.074832794991,171.95990471436338
epigenomics_7060_map_241,10395.46136065341,179.61394636318613
epigenomics_7060_map_242,10713.725627853928,185.20658800379266
epigenomics_7060_map_243,9494.340600964126,185.98133017353965
epigenomics_7060_map_244,11071.475589437481,179.56952188355302
epigenomics_7060_map_245,10868.943192983079,178.65442856088285
epigenomics_7060_map_246,9415.581329025947,186.09682184821887
epigenomics_7060_map_247,9619.815321793209,183.49884723114823
epigenomics_7060_map_248,10038.153782281546,190.49457680673896
epigenomics_7060_map_249,9344.256377388145,188.4305540902613
epigenomics_7060_map_250,9819.648410984904,179.84158807413857
epigenomics_7060_map_251,10062.411104977991,189.05784905617637
epigenomics_7060_map_252,10819.131574378363,182.9721682388014
epigenomics_7060_map_253,9353.547606222159,185.1647090323277
epigenomics_7060_map_254,9658.085616860957,188.13273805561286
epigenomics_7060_map_255,9908.03361675782,184.93596476644018
epigenomics_7060_map_256,9885.991763484431,184.043970697191
epigenomics_7060_map_257,10960.403938810485,182.42778298413987
epigenomics_7060_map_258,10572.586777112094,189.8159644811409
epigenomics_7060_map_259,10556.386719951022,194.2394660998287
epigenomics_7060_map_260,9382.223135433396,184.63664610358762
epigenomics_7060_map_261,10048.71313131992,181.95332905024077
epigenomics_7060_map_262,9801.083163555933,189.96607709048638
epigenomics_7060_map_263,10393.071726486838,179.0192960139681
epigenomics_7060_map_264,10139.562336565601,187.23631567136192
epigenomics_7060_map_265,10768.653897303804,198.13454174320023
epigenomics_7060_map_266,9504.261950722463,181.747738383105
epigenomics_7060_map_267,9251.082221265047,182.44738669594176
epigenomics_7060_map_268,9993.59899312523,181.32673364881762
epigenomics_7060_map_269,9717.3607910243,195.15592001127922
epigenomics_7060_map_270,10178.63664956036,182.3285730441859
epigenomics_7060_map_271,10314.757537013247,184.14715176273006
epigenomics_7060_map_272,9462.919288485604,176.241475040306
epigenomics_7060_map_273,10626.611372011423,189.6102362652126
epigenomics_7060_map_274,10493.077666014213,182.15866293249218
epigenomics_7060_map_275,10148.284201254555,183.86659912555885
epigenomics_7060_map_276,9782.551376084833,185.33494700480415
epigenomics_7060_map_277,10262.21323074584,189.11275967704478
epigenomics_7060_map_278,9727.329953703495,187.72673064418248
epigenomics_7060_map_279,10534.457889844256,184.59923495109214
epigenomics_7060_map_280,9429.24398371072,185.17085801982782
epigenomics_7060_map_281,10121.523514222676,183.28699952910463
epigenomics_7060_map_282,9960.846995001966,178.07880498120002
epigenomics_7060_map_283,9386.535713834126,189.2459942802782
epigenomics_7060_map_284,9898.430038184082,191.18531771333454
epigenomics_7060_map_285,10037.52345611867,193.74412290409416
epigenomics_7060_map_286,11139.131911387496,181.18471807096398
epigenomics_7060_map_287,9888.483854146496,181.0586420563033
epigenomics_7060_map_288,9661.224051422389,178.92151569889273
epigenomics_7060_map_289,9338.580472821268,188.7413892728906
epigenomics_7060_map_290,10700.526279024889,189.76361602917598
epigenomics_7060_map_291,9946.875922666219,180.83635153495888
epigenomics_7060_map_292,9352.962388643658,183.8123227951244
epigenomics_7060_map_293,10174.649161071029,177.191790479499
epigenomics_7060_map_294,10053.425627213182,188.79356389746823
epigenomics_7060_map_295,11157.14798772035,184.58901275182058
epigenomics_7060_map_296,10595.789880905017,194.255663039571
epigenomics_7060_map_297,9110.570959395658,190.91305352222304
epigenomics_7060_map_298,10103.930106220276,186.45120957794126
epigenomics_7060_map_299,9823.259912463967,185.40342200947168
epigenomics_7060_map_300,10092.860198024797,186.20246703499419
epigenomics_7060_map_301,10201.497356540058,191.96765244453428
epigenomics_7060_map_302,10314.557173778947,182.36286188562823
epigenomics_7060_map_303,10681.92783592377,182.06952253553916
epigenomics_7060_map_304,10161.824326927072,169.01723705448174
epigenomics_7060_map_305,10848.718417178874,187.38840972713788
epigenomics_7060_map_306,8635.78315433003,189.02753752889018
epigenomics_7060_map_307,9747.915123927914,178.7691840480161
epigenomics_7060_map_308,9893.78391035216,187.59053529426137
epigenomics_7060_map_309,9811.02576023492,181.94846760521983
epigenomics_7060_map_310,10706.40233098879,186.88524595510174
epigenomics_7060_map_311,9424.374980137345,184.01168304344114
epigenomics_7060_map_312,10953.08202248405,183.92618663141118
epigenomics_7060_map_313,9893.530540723927,185.63114738574117
epigenomics_7060_map_314,10431.554235540994,182.15725363476156
epigenomics_7060_map_315,9838.181978170294,173.92911240428657
epigenomics_7060_map_316,9630.950340452304,188.97085600934227
epigenomics_7060_map_317,8980.48007829769,191.8799176350166
epigenomics_7060_map_318,10758.126851210785,188.04089701803665
epigenomics_7060_map_319,9619.841457814075,186.27053187177717
epigenomics_7060_map_320,10657.12622024342,188.12741151829212
epigenomics_7060_map_321,10188.000710793076,183.10073514379076
epigenomics_7060_map_322,10012.652145250526,175.66697859607373
epigenomics_7060_map_323,10503.68650999517,182.1263700608882
epigenomics_7060_map_324,10933.305129160875,186.87536282974727
epigenomics_7060_map_325,9259.917454252773,191.39355852943342
epigenomics_7060_map_326,9384.292047789044,194.24822298644003
epigenomics_7060_map_327,10342.117202031535,188.77082445482557
epigenomics_7060_map_328,10636.597107460262,186.89897855848483
epigenomics_7060_map_329,9795.554888795288,175.37703161176958
epigenomics_7060_map_330,10446.701335493786,185.39146094558149
epigenomics_7060_map_331,9899.619490936962,179.46484096791883
epigenomics_7060_map_332,9552.366162663207,188.47110559689207
epigenomics_7060_map_333,10234.868195480134,183.65856663193617
epigenomics_7060_map_334,9743.264722757314,178.28402893536656
epigenomics_7060_map_335,10608.41534801628,189.21630822038816
epigenomics_7060_map_336,9928.193158429249,188.80104681628632
epigenomics_7060_map_337,8972.360338059858,177.95619338359634
epigenomics_7060_map_338,10156.43092670101,184.21076809536717
epigenomics_7060_map_339,10760.111649762137,179.82057586396647
epigenomics_7060_map_340,10508.404140291537,182.24730785171735
epigenomics_7060_map_341,11130.56438626588,187.54826122018991
epigenomics_7060_map_342,10412.858476922767,189.33864219810914
epigenomics_7060_map_343,9129.401983828411,187.25327595825362
epigenomics_7060_map_344,9669.37199685506,183.69688423023692
epigenomics_7060_map_345,10011.838861315575,195.9411850419556
epigenomics_7060_map_346,10277.148576660878,176.93744388722985
epigenomics_7060_map_347,10098.305892379369,181.47065803248495
epigenomics_7060_map_348,9527.23378604627,196.9637401932932
epigenomics_7060_map_349,10179.540190576408,177.18446648788168
epigenomics_7060_map_350,9222.393138833813,189.95002325960704
epigenomics_7060_map_351,10594.877732849764,190.63851435129988
epigenomics_7060_map_352,8964.124012647928,183.80731533059108
epigenomics_7060_map_353,9139.452967738172,175.0695543906974
epigenomics_7060_map_354,9787.386554246952,184.5599935614738
epigenomics_7060_map_355,10395.32865700754,185.35019209469888
epigenomics_7060_map_356,9577.81741482021,185.40677306814018
epigenomics_7060_map_357,10121.91702187726,182.70193145390868
epigenomics_7060_map_358,10146.581033458457,184.85328323230465
epigenomics_7060_map_359,10761.475302428942,178.59571001175433
epigenomics_7060_map_360,9538.592353553804,186.7630290602337
epigenomics_7060_map_361,9617.595183992877,178.4052530705299
epigenomics_7060_map_362,10349.396658173346,186.52950510877264
epigenomics_7060_map_363,9463.854889466445,183.6612107998526
epigenomics_7060_map_364,9158.633542714295,184.28688747276846
epigenomics_7060_map_365,9563.505730642946,184.1682849590055
epigenomics_7060_map_366,9990.944049556418,179.2063083263595
epigenomics_7060_map_367,10885.329942006078,180.67106215292117
epigenomics_7060_map_368,9949.87177034728,181.856690774214
epigenomics_7060_map_369,9716.477823206515,182.35494097815416
epigenomics_7060_map_370,10341.977014377899,171.28441189033697
epigenomics_7060_map_371,10126.918715574351,188.51400141438958
epigenomics_7060_map_372,9884.102841995194,177.72555362098032
epigenomics_7060_map_373,9811.913476211943,174.70443163378113
epigenomics_7060_map_374,10170.98719981346,180.96364864179512
epigenomics_7060_map_375,9817.869336229282,187.6347783090231
epigenomics_7060_map_376,10318.940079749227,185.7597619544175
epigenomics_7060_map_377,10610.326106021726,185.1471624497454
epigenomics_7060_map_378,10296.939369041012,185.18183749820017
epigenomics_7060_map_379,10223.627704990035,188.59676002288307
epigenomics_7060_map_380,10457.400628478508,180.60936334778938
epigenomics_7060_map_381,9915.128254939007,176.30084783138446
epigenomics_7060_map_382,10033.84837150779,181.9780875094978
epigenomics_7060_map_383,10342.678513324372,181.776031747123
epigenomics_7060_map_384,10714.216068140993,191.30969682105768
epigenomics_7060_map_385,10161.118564084036,175.7125175847022
epigenomics_7060_map_386,9395.427628224916,186.83317893413187
epigenomics_7060_map_387,9826.451514375665,185.83798264097075
epigenomics_7060_map_388,9531.679359737434,184.8677922561814
epigenomics_7060_map_389,9240.13009164876,194.99111339434268
epigenomics_7060_map_390,9233.06071155347,186.19497178566618
epigenomics_7060_map_391,10789.373362082015,185.45612820556246
epigenomics_7060_map_392,10596.569371116979,179.13540521334636
epigenomics_7060_map_393,10603.831280822082,193.2941858224606
epigenomics_7060_map_394,10414.519709925285,182.27715787771348
epigenomics_7060_map_395,10080.638300258106,189.48410270935807
epigenomics_7060_map_396,10370.883900466948,175.79614242025067
epigenomics_7060_map_397,9708.638356570767,187.14170362290236
epigenomics_7060_map_398,10109.175868664672,189.5335339065856
epigenomics_7060_map_399,9816.594990249192,191.99346209377438
epigenomics_7060_map_400,9761.28355992182,180.28543098909145
epigenomics_7060_map_401,10401.86651675508,176.1001190304468
epigenomics_7060_map_402,9142.389061186093,178.60848207830287
epigenomics_7060_map_403,10379.691737653351,184.95260028159555
epigenomics_7060_map_404,10081.649161303509,184.42410292253152
epigenomics_7060_map_405,9230.06526592807,187.40555977391477
epigenomics_7060_map_406,10109.568726028265,179.56866946134537
epigenomics_7060_map_407,9016.756896145007,186.43019480544152
epigenomics_7060_map_408,9098.861854643843,181.8857235718044
epigenomics_7060_map_409,10064.855326395576,197.20719681096296
epigenomics_7060_map_410,9860.626795030836,189.23803471044718
epigenomics_7060_map_411,9415.00921803829,184.4733155716352
epigenomics_7060_map_412,10658.63869048952,185.1746908328798
epigenomics_7060_map_413,10444.272216465553,181.07199596509403
epigenomics_7060_map_414,9538.989517007207,193.6151056316832
epigenomics_7060_map_415,10486.887810119599,184.5702298338856
epigenomics_7060_map_416,9357.753927292655,192.6858362871667
epigenomics_7060_map_417,9883.668795432657,187.61635212720597
epigenomics_7060_map_418,10018.221534454578,174.7409601033822
epigenomics_7060_map_419,10916.562814573523,176.59357343456765
epigenomics_7060_map_420,9928.219565065656,187.80543905407978
epigenomics_7060_map_421,10404.814530075124,183.90279043242663
epigenomics_7060_map_422,10401.623669018041,194.84521899465864
epigenomics_7060_map_423,9635.547894518946,183.93706269805656
epigenomics_7060_map_424,9989.107259142917,185.39938879425213
epigenomics_7060_map_425,10361.772079679487,190.73484259248
epigenomics_7060_map_426,10558.761437700952,184.82650006331912
epigenomics_7060_map_427,10459.302122033992,186.8402401869486
epigenomics_7060_map_428,10148.88455541479,178.55596557834886
epigenomics_7060_map_429,10392.798054196495,186.23365832963154
epigenomics_7060_map_430,9532.51373296077,183.2138743179152
epigenomics_7060_map_431,9497.722733091852,190.92228117762124
epigenomics_7060_map_432,10509.305906272395,180.61342063444485
epigenomics_7060_map_433,10014.210666848403,182.04898831278686
epigenomics_7060_map_434,9955.209429109793,188.34294646103618
epigenomics_7060_map_435,9800.526442531323,191.37234822540125
epigenomics_7060_map_436,10299.78441288584,177.31210197337683
epigenomics_7060_map_437,10326.165781955093,180.34931685825345
epigenomics_7060_map_438,10284.219724596773,177.62484749524904
epigenomics_7060_map_439,10534.59299315881,186.5316575407741
epigenomics_7060_map_440,9750.724423031816,183.7514974252533
epigenomics_7060_map_441,8584.43086727256,183.86387949685124
epigenomics_7060_map_442,9619.42797440246,181.47272882277025
epigenomics_7060_map_443,10462.234767836648,185.397470676783
epigenomics_7060_map_444,9375.471684306716,178.2969928543142
epigenomics_7060_map_445,9793.991913936678,184.43401482552693
epigenomics_7060_map_446,10009.300347835497,180.64202774505085
epigenomics_7060_map_447,10272.748396136321,193.7576723857285
epigenomics_7060_map_448,10212.26311262634,177.46569413144022
epigenomics_7060_map_449,9410.761545419955,178.4744063432125
epigenomics_7060_map_450,10582.309923533567,197.232382153707
epigenomics_7060_map_451,8820.311372102304,180.89684899446294
epigenomics_7060_map_452,10657.516298290802,180.26536179337225
epigenomics_7060_map_453,10001.783413370435,178.03081317993383
epigenomics_7060_map_454,10491.193178232536,181.39331878938737
epigenomics_7060_map_455,10425.368726777675,191.37873285117894
epigenomics_7060_map_456,10104.86813859615,186.76631296782088
epigenomics_7060_map_457,9983.612950671575,193.56538631533385
epigenomics_7060_map_458,11094.258944724703,176.16761002859093
epigenomics_7060_map_459,10039.827353511058,193.9007157010943
epigenomics_7060_map_460,10663.401922899176,190.71672034792223
epigenomics_7060_map_461,9744.541101176308,186.82793343350838
epigenomics_7060_map_462,10057.026611252997,186.62046626991807
epigenomics_7060_map_463,9661.262517275813,185.3127523071239
epigenomics_7060_map_464,9310.349125914569,180.0407675311114
epigenomics_7060_map_465,9657.277305742047,190.63652416180085
epigenomics_7060_map_466,9865.100122392312,180.9328707644899
epigenomics_7060_map_467,10564.031034873855,188.04074292568765
epigenomics_7060_map_468,10250.00664066686,194.8854919416925
epigenomics_7060_map_469,9484.711331186514,181.06561957441482
epigenomics_7060_map_470,10661.543567555405,182.22487983266456
epigenomics_7060_map_471,10272.224371847567,181.90529808066066
epigenomics_7060_map_472,9739.78698251222,194.59441416049935
epigenomics_7060_map_473,9249.590920697168,185.17930880188032
epigenomics_7060_map_474,10158.063257229509,180.87304176834928
epigenomics_7060_map_475,10522.263743967205,189.73396223762722
epigenomics_7060_map_476,10085.478492505954,187.54806150317341
epigenomics_7060_map_477,9874.947843555947,187.89395814160252
epigenomics_7060_map_478,10440.10295905118,184.49671768815855
epigenomics_7060_map_479,10010.285413795908,182.07036034979834
epigenomics_7060_map_480,10514.983207321875,193.5756321736302
epigenomics_7060_map_481,10571.795192811183,189.22785032202523
epigenomics_7060_map_482,10394.767452296954,182.8709696209189
epigenomics_7060_map_483,10356.641101876541,181.07509368087798
epigenomics_7060_map_484,9727.186771104096,192.2698552540214
epigenomics_7060_map_485,10320.229096616386,184.31486786753538
epigenomics_7060_map_486,10284.903442178764,185.86547821027636
epigenomics_7060_map_487,9902.464843989499,194.72494140691154
epigenomics_7060_map_488,9576.65002946089,177.35989151311708
epigenomics_7060_map_489,9857.694865791336,191.47091750510913
epigenomics_7060_map_490,10705.003976595328,189.16029414889957
epigenomics_7060_map_491,10253.565820556572,186.9770829450807
epigenomics_7060_map_492,10855.036438919851,189.90067137422403
epigenomics_7060_map_493,9368.722340346787,189.0225259780599
epigenomics_7060_map_494,9923.539180787733,185.7573113218093
epigenomics_7060_map_495,9269.489814664232,189.11461309112897
epigenomics_7060_map_496,10165.872074324563,187.88816671779352
epigenomics_7060_map_497,10805.076889652279,181.75131849772976
epigenomics_7060_map_498,9945.791070799245,183.245063642223
epigenomics_7060_map_499,9993.49095958184,190.21767089198838
epigenomics_7060_mapMerge1_0,139.82973738799058,105.84441413646694
epigenomics_7060_mapMerge1_1,129.20002567715767,108.3211994704896
epigenomics_7060_mapMerge2_0,123.55326962296931,105.46421031237226
epigenomics_7060_chr21_0,160.86859593725504,62.970701733636474
epigenomics_7060_pileup_0,107.50906938582196,76.49470693572023
