request,latency,mem
epigenomics_1766_entry_0,1.0,1.0
epigenomics_1766_fastqSplit_0,56.111452010636214,111.53278780280213
epigenomics_1766_fastqSplit_1,46.843663701222255,106.87761808192944
epigenomics_1766_filterContams_0,19.880885808201512,73.36398212613081
epigenomics_1766_filterContams_1,19.40123878539007,62.712589349260156
epigenomics_1766_filterContams_2,24.079258434579426,68.50566104799228
epigenomics_1766_filterContams_3,19.88394278861765,68.5996241662175
epigenomics_1766_filterContams_4,18.198549081891475,64.979677209559
epigenomics_1766_filterContams_5,21.11293279302621,69.09866329604205
epigenomics_1766_filterContams_6,17.683592740006453,58.34663439612029
epigenomics_1766_filterContams_7,12.913783003063754,60.53011585956888
epigenomics_1766_filterContams_8,18.319769965587984,64.00513137127464
epigenomics_1766_filterContams_9,22.209132823795656,57.04510725812212
epigenomics_1766_filterContams_10,19.939779971717012,70.19384206883679
epigenomics_1766_filterContams_11,11.587852231453866,66.39060051896382
epigenomics_1766_filterContams_12,22.31140717315442,75.30798418354694
epigenomics_1766_filterContams_13,20.77682052806477,57.31183638759102
epigenomics_1766_filterContams_14,14.710356065301028,58.34622179722627
epigenomics_1766_filterContams_15,18.00236386382337,60.75660976860074
epigenomics_1766_filterContams_16,21.769736159539704,65.46859979296978
epigenomics_1766_filterContams_17,14.582551470464622,74.66677177073892
epigenomics_1766_filterContams_18,18.58117144068966,67.65715422409242
epigenomics_1766_filterContams_19,21.07383443996286,72.11020317078787
epigenomics_1766_filterContams_20,21.04274515951429,55.36902596367915
epigenomics_1766_filterContams_21,12.940672563954863,63.818477176796335
epigenomics_1766_filterContams_22,21.069381436457,50.4144361024285
epigenomics_1766_filterContams_23,24.91438627321556,45.75062496571769
epigenomics_1766_filterContams_24,16.910624251511706,68.98471149009205
epigenomics_1766_filterContams_25,21.814622364595373,69.70039211339127
epigenomics_1766_filterContams_26,21.154508209561083,80.74725982874715
epigenomics_1766_filterContams_27,24.16002891106477,66.91067090755607
epigenomics_1766_filterContams_28,18.407321557368135,61.05530493850473
epigenomics_1766_filterContams_29,21.010929195943618,59.825459002976196
epigenomics_1766_filterContams_30,19.29627327154888,57.874762069295315
epigenomics_1766_filterContams_31,23.702789800410663,80.45469733579505
epigenomics_1766_filterContams_32,15.989617883177527,55.558036971254296
epigenomics_1766_filterContams_33,22.443867443882382,59.15133266243797
epigenomics_1766_filterContams_34,18.279542953797765,63.73860455470867
epigenomics_1766_filterContams_35,20.431539149815045,64.09528329310908
epigenomics_1766_filterContams_36,17.19261795420562,58.744635759444996
epigenomics_1766_filterContams_37,20.85854969488487,56.27506665646074
epigenomics_1766_filterContams_38,23.324157468037097,66.3365218092404
epigenomics_1766_filterContams_39,23.199537389837694,76.12382963240312
epigenomics_1766_filterContams_40,17.843046798061717,66.46651396634635
epigenomics_1766_filterContams_41,17.970885678875064,73.65895664384753
epigenomics_1766_filterContams_42,21.972727899601136,61.71860493596383
epigenomics_1766_filterContams_43,16.951465388122745,69.56075958902088
epigenomics_1766_filterContams_44,20.664949240914037,77.46706282131935
epigenomics_1766_filterContams_45,18.456837340390585,68.57858219165178
epigenomics_1766_filterContams_46,14.467355937060708,65.53379530850118
epigenomics_1766_filterContams_47,17.99514197337335,60.47961706434573
epigenomics_1766_filterContams_48,21.586622703455813,68.45560950865655
epigenomics_1766_filterContams_49,21.221544602763135,70.58709346146995
epigenomics_1766_filterContams_50,19.213236294787702,52.80484141930899
epigenomics_1766_filterContams_51,17.1436449182785,64.74082358345672
epigenomics_1766_filterContams_52,16.672967800901393,70.2556043256941
epigenomics_1766_filterContams_53,17.66695380724527,56.02150214232063
epigenomics_1766_filterContams_54,18.62582897619238,67.72519470557532
epigenomics_1766_filterContams_55,19.805923579796453,55.39670722916974
epigenomics_1766_filterContams_56,24.897112862163635,63.70497172885796
epigenomics_1766_filterContams_57,25.30850774379315,65.91295662732371
epigenomics_1766_filterContams_58,20.004473363285033,67.2441645883958
epigenomics_1766_filterContams_59,19.98905888520902,70.6435925945462
epigenomics_1766_filterContams_60,18.386483305686426,58.270075415286335
epigenomics_1766_filterContams_61,25.220850976389514,80.97034361202022
epigenomics_1766_filterContams_62,21.313776831552357,69.25313494877733
epigenomics_1766_filterContams_63,14.419033229057426,62.954988439811615
epigenomics_1766_filterContams_64,16.9993959133955,75.81030358656594
epigenomics_1766_filterContams_65,21.291161989947486,56.812427506422075
epigenomics_1766_filterContams_66,19.481431332964767,67.57934342447619
epigenomics_1766_filterContams_67,17.26393674189959,73.08644214719554
epigenomics_1766_filterContams_68,22.66859068900925,85.38527639969752
epigenomics_1766_filterContams_69,15.99947688092734,70.49725621684877
epigenomics_1766_filterContams_70,19.925646437119127,65.22987944974571
epigenomics_1766_filterContams_71,14.251895715720384,65.2768363338909
epigenomics_1766_filterContams_72,22.62649186554152,83.20547681397629
epigenomics_1766_filterContams_73,16.202730247406336,65.58594701345781
epigenomics_1766_filterContams_74,13.175567808346331,67.09525391407502
epigenomics_1766_filterContams_75,19.52614438030117,60.699690905747374
epigenomics_1766_filterContams_76,21.19380306089434,73.7725973414212
epigenomics_1766_filterContams_77,23.951384619542342,63.72396804900718
epigenomics_1766_filterContams_78,21.701748940742803,62.78968926156499
epigenomics_1766_filterContams_79,20.357945366530814,71.48584546528302
epigenomics_1766_filterContams_80,22.049425829278054,81.55831676549678
epigenomics_1766_filterContams_81,21.664534006317755,70.6573486138729
epigenomics_1766_filterContams_82,21.535784415351607,73.09345475137228
epigenomics_1766_filterContams_83,22.34411850329348,61.645448662072894
epigenomics_1766_filterContams_84,23.67376359309609,68.03976132180121
epigenomics_1766_filterContams_85,19.224683514335666,55.571754675562474
epigenomics_1766_filterContams_86,23.138882080863585,77.42911402756074
epigenomics_1766_filterContams_87,19.99137942739632,75.31393392560285
epigenomics_1766_filterContams_88,14.261195233575371,52.202969919274906
epigenomics_1766_filterContams_89,24.79689784931198,61.616796536142196
epigenomics_1766_filterContams_90,18.99402675572386,71.04169017991467
epigenomics_1766_filterContams_91,23.558800460262354,69.75289580519332
epigenomics_1766_filterContams_92,22.690859362377264,79.94569378070096
epigenomics_1766_filterContams_93,19.56310947202694,55.67936426804785
epigenomics_1766_filterContams_94,21.361798017981883,64.50224519196088
epigenomics_1766_filterContams_95,17.103223749933107,62.74338810709422
epigenomics_1766_filterContams_96,20.609369629367148,71.16430642417633
epigenomics_1766_filterContams_97,21.89729231201213,76.64434293474804
epigenomics_1766_filterContams_98,24.630997530046997,58.45728109808905
epigenomics_1766_filterContams_99,23.652645180854172,61.65699146857061
epigenomics_1766_filterContams_100,27.213384891024305,64.18610061386259
epigenomics_1766_filterContams_101,20.68857629652994,61.702505160437184
epigenomics_1766_filterContams_102,20.48105555989359,77.35370874753788
epigenomics_1766_filterContams_103,22.83344200833901,80.08353568782455
epigenomics_1766_filterContams_104,24.759705269202072,74.62882461238749
epigenomics_1766_filterContams_105,21.143001242896375,66.54145410184027
epigenomics_1766_filterContams_106,18.088508499478138,54.8829716199066
epigenomics_1766_filterContams_107,21.978581911003044,58.956846052035736
epigenomics_1766_filterContams_108,24.40414707610995,65.0178264533662
epigenomics_1766_filterContams_109,15.284929847772855,64.71486055056454
epigenomics_1766_filterContams_110,21.131780901068943,62.2546923650719
epigenomics_1766_filterContams_111,18.10893266847078,56.06111646624312
epigenomics_1766_filterContams_112,21.523205631156724,51.486445576303744
epigenomics_1766_filterContams_113,25.346100443935526,51.62414872116844
epigenomics_1766_filterContams_114,20.515248197450802,48.33745018974177
epigenomics_1766_filterContams_115,16.497487606684206,50.29763366675368
epigenomics_1766_filterContams_116,24.262243048916712,73.88820801913458
epigenomics_1766_filterContams_117,18.997606190784175,72.1988948763115
epigenomics_1766_filterContams_118,21.4852168533421,67.95770670718457
epigenomics_1766_filterContams_119,20.164527136776197,65.85953219568138
epigenomics_1766_filterContams_120,14.850164731089443,67.76356233493827
epigenomics_1766_filterContams_121,24.598475763165123,74.09388085652004
epigenomics_1766_filterContams_122,22.237783929413055,61.025693157263156
epigenomics_1766_filterContams_123,23.579810381032477,57.02825476324205
epigenomics_1766_filterContams_124,25.269849526227787,79.3894799435376
epigenomics_1766_filterContams_125,19.989420553191536,75.37770803775591
epigenomics_1766_filterContams_126,25.099652451306405,71.92410552847113
epigenomics_1766_filterContams_127,17.0949260761169,64.90301594317343
epigenomics_1766_filterContams_128,20.471250327676426,72.84780098917116
epigenomics_1766_filterContams_129,21.208811268135157,65.46899184657241
epigenomics_1766_filterContams_130,19.142180000585576,56.03368569726285
epigenomics_1766_filterContams_131,24.388328135017055,62.94194840099401
epigenomics_1766_filterContams_132,22.962297797078225,48.441405039143326
epigenomics_1766_filterContams_133,14.18028359596307,73.78780871850367
epigenomics_1766_filterContams_134,24.195691626004702,62.57398120431787
epigenomics_1766_filterContams_135,20.690654493496645,64.85882441786357
epigenomics_1766_filterContams_136,23.276115615779474,67.76474395735715
epigenomics_1766_filterContams_137,19.492769271469484,75.64653015411425
epigenomics_1766_filterContams_138,17.35094999852987,48.31269102954523
epigenomics_1766_filterContams_139,15.698429011170253,72.6571225628702
epigenomics_1766_filterContams_140,22.510886083436315,71.84934476296893
epigenomics_1766_filterContams_141,16.285948946649746,66.83471039230292
epigenomics_1766_filterContams_142,20.903630770387796,77.42498554355305
epigenomics_1766_filterContams_143,24.273773014272628,58.50174097162778
epigenomics_1766_filterContams_144,19.214862654958704,67.08655316297612
epigenomics_1766_filterContams_145,18.06196604579172,43.15094417612095
epigenomics_1766_filterContams_146,18.819542475603544,68.99966621832269
epigenomics_1766_filterContams_147,19.281645516595205,69.97575911948826
epigenomics_1766_filterContams_148,18.158490246373738,62.09151405039461
epigenomics_1766_filterContams_149,23.919148600527247,61.84561630700751
epigenomics_1766_filterContams_150,18.301897786677817,57.74729755521601
epigenomics_1766_filterContams_151,18.550436075417522,61.43936622338971
epigenomics_1766_filterContams_152,19.12981197393328,56.180794173138906
epigenomics_1766_filterContams_153,26.80429954370041,56.09329452277525
epigenomics_1766_filterContams_154,17.749747960347676,66.00293900509166
epigenomics_1766_filterContams_155,22.24029752107966,67.85058135243861
epigenomics_1766_filterContams_156,18.70134483301419,65.47503123177705
epigenomics_1766_filterContams_157,16.372193823567194,57.51398192425992
epigenomics_1766_filterContams_158,19.587473361444093,73.37260546803273
epigenomics_1766_filterContams_159,15.240012007108982,70.73413209563697
epigenomics_1766_filterContams_160,25.827549163469754,57.05049984925766
epigenomics_1766_filterContams_161,19.93915436417589,72.96391599133895
epigenomics_1766_filterContams_162,23.828023666456083,71.04380095709288
epigenomics_1766_filterContams_163,25.011532906891954,77.16996762782252
epigenomics_1766_filterContams_164,21.434683371231646,57.877130961539564
epigenomics_1766_filterContams_165,14.135235443713738,60.009093736825584
epigenomics_1766_filterContams_166,17.87511242373673,75.47929345518571
epigenomics_1766_filterContams_167,21.140901198691243,70.699251578531
epigenomics_1766_filterContams_168,23.746844312207187,64.05782558968907
epigenomics_1766_filterContams_169,24.053810308108986,59.807775638490476
epigenomics_1766_filterContams_170,20.250420284916757,59.469506670460056
epigenomics_1766_filterContams_171,15.970666245270625,74.96667827085246
epigenomics_1766_filterContams_172,19.72666641377071,65.4643835360876
epigenomics_1766_filterContams_173,16.917091236089693,61.52665358595205
epigenomics_1766_filterContams_174,20.542203334375163,58.62774516467993
epigenomics_1766_filterContams_175,14.075585716151279,53.636653091292324
epigenomics_1766_filterContams_176,22.15615553479226,60.402564657865014
epigenomics_1766_filterContams_177,21.894612170892728,54.157499134387315
epigenomics_1766_filterContams_178,23.265727701332885,61.13065324613021
epigenomics_1766_filterContams_179,25.455153471357228,67.86104736774155
epigenomics_1766_filterContams_180,23.161871721588707,62.96423022564154
epigenomics_1766_filterContams_181,21.708428470612006,61.948630944170866
epigenomics_1766_filterContams_182,18.342404505992437,73.27138136189495
epigenomics_1766_filterContams_183,21.498522765822628,74.05335801648539
epigenomics_1766_filterContams_184,21.890844816883828,76.1106547930966
epigenomics_1766_filterContams_185,23.77403142183335,60.815800934620974
epigenomics_1766_filterContams_186,21.243456590295672,58.727359581737375
epigenomics_1766_filterContams_187,21.57671346531295,74.10899273608158
epigenomics_1766_filterContams_188,19.06879351760683,64.90846454650392
epigenomics_1766_filterContams_189,22.07475967479217,65.27435838268562
epigenomics_1766_filterContams_190,21.44394419139933,75.31852042730308
epigenomics_1766_filterContams_191,19.024188206018064,68.8666001122691
epigenomics_1766_filterContams_192,18.748067924300784,70.40938702237621
epigenomics_1766_filterContams_193,25.69863281528141,52.78180195298173
epigenomics_1766_filterContams_194,18.520048967139182,60.31643309312424
epigenomics_1766_filterContams_195,18.957242209099977,66.88859579490963
epigenomics_1766_filterContams_196,19.268819839347085,67.73295924483328
epigenomics_1766_filterContams_197,23.612582179808385,71.2958142036301
epigenomics_1766_filterContams_198,17.949107504220166,64.30280053795065
epigenomics_1766_filterContams_199,18.350294109137835,61.08490947985903
epigenomics_1766_filterContams_200,20.23067624855064,50.77266749387559
epigenomics_1766_filterContams_201,11.880684055789247,56.564187469008296
epigenomics_1766_filterContams_202,22.892879022943568,62.249079542616684
epigenomics_1766_filterContams_203,22.557108285770916,78.4169680916157
epigenomics_1766_filterContams_204,18.107776113708564,60.422328576240766
epigenomics_1766_filterContams_205,23.62282839205334,59.958348269951216
epigenomics_1766_filterContams_206,21.285320695369677,56.38676705110523
epigenomics_1766_filterContams_207,15.65647640804237,64.00594035277437
epigenomics_1766_filterContams_208,15.022146778435978,65.61286690808758
epigenomics_1766_filterContams_209,22.26966058758876,60.91816369621695
epigenomics_1766_filterContams_210,25.947006230004348,52.28430045737622
epigenomics_1766_filterContams_211,17.161072437340877,72.47170321564568
epigenomics_1766_filterContams_212,23.50386704507452,53.61657051058272
epigenomics_1766_filterContams_213,22.212690259884344,68.90098773230436
epigenomics_1766_filterContams_214,20.739928288502682,49.24040551888586
epigenomics_1766_filterContams_215,18.913353701235746,56.974677941754244
epigenomics_1766_filterContams_216,19.514891039445857,69.7509941079226
epigenomics_1766_filterContams_217,22.483359747069407,66.62872489817467
epigenomics_1766_filterContams_218,20.97424898429528,59.5408568851165
epigenomics_1766_filterContams_219,20.3973008923829,77.86039617281963
epigenomics_1766_filterContams_220,14.892470482624647,79.73169161286992
epigenomics_1766_filterContams_221,19.33869144620796,71.38106747215203
epigenomics_1766_filterContams_222,20.20553099452468,79.8707533470891
epigenomics_1766_filterContams_223,19.52596247119988,65.94059294339212
epigenomics_1766_filterContams_224,21.170976409350676,53.450373531133806
epigenomics_1766_filterContams_225,21.650635229714055,62.16258624453126
epigenomics_1766_filterContams_226,21.02282911291673,59.53442976518033
epigenomics_1766_filterContams_227,19.914013237928014,56.709910228159856
epigenomics_1766_filterContams_228,18.817856616783565,68.56134819405852
epigenomics_1766_filterContams_229,22.17150885874312,55.873144212547075
epigenomics_1766_filterContams_230,21.476119890544254,68.95927199285829
epigenomics_1766_filterContams_231,19.7624560045237,68.95538456575785
epigenomics_1766_filterContams_232,19.196414196157573,63.30250249202281
epigenomics_1766_filterContams_233,17.06871860404948,62.86987562200969
epigenomics_1766_filterContams_234,16.950655385150007,67.02954475580385
epigenomics_1766_filterContams_235,18.33438297856381,66.87396374716047
epigenomics_1766_filterContams_236,21.41091834573586,72.72587707018465
epigenomics_1766_filterContams_237,20.907798059669688,56.27892455031247
epigenomics_1766_filterContams_238,23.275716366951478,85.36393864168129
epigenomics_1766_filterContams_239,26.6843137471598,71.60368226569373
epigenomics_1766_filterContams_240,16.067874250514425,69.62965041541614
epigenomics_1766_filterContams_241,21.70431525866889,56.71207775467344
epigenomics_1766_filterContams_242,15.57491167248232,66.08185544378694
epigenomics_1766_filterContams_243,19.41184349687507,76.41113693379592
epigenomics_1766_filterContams_244,21.77079834939917,63.31113312753711
epigenomics_1766_filterContams_245,21.158485688311423,63.04404801109995
epigenomics_1766_filterContams_246,18.110734390563344,63.282559757686876
epigenomics_1766_filterContams_247,17.209792196770078,71.78480944915621
epigenomics_1766_filterContams_248,21.031634698837475,52.98879272170483
epigenomics_1766_filterContams_249,23.68593496059917,75.24776973203399
epigenomics_1766_filterContams_250,13.806484028936282,67.92219507989859
epigenomics_1766_filterContams_251,22.039095305499423,61.96709926013179
epigenomics_1766_filterContams_252,22.386679537557974,73.80040214672324
epigenomics_1766_filterContams_253,22.833425382807203,65.63838656125006
epigenomics_1766_filterContams_254,19.135142415016315,71.54981866115531
epigenomics_1766_filterContams_255,14.893719299009318,68.20315741954622
epigenomics_1766_filterContams_256,23.133699611721916,56.17053993953295
epigenomics_1766_filterContams_257,22.132481151338226,68.40871939163014
epigenomics_1766_filterContams_258,20.092362719762342,60.97586730992859
epigenomics_1766_filterContams_259,21.796616531465354,73.09371504257646
epigenomics_1766_filterContams_260,25.594982765848123,67.43859740705761
epigenomics_1766_filterContams_261,23.328704894796942,61.55988602507236
epigenomics_1766_filterContams_262,22.51423525959039,65.9434159615139
epigenomics_1766_filterContams_263,18.396838170412032,76.23902619507942
epigenomics_1766_filterContams_264,20.544778773022298,66.51115522991374
epigenomics_1766_filterContams_265,20.207615591716344,81.8424618294811
epigenomics_1766_filterContams_266,23.793922132117057,72.86961300112554
epigenomics_1766_filterContams_267,19.266601155153264,67.8564085000906
epigenomics_1766_filterContams_268,21.404558299076882,71.20223867989044
epigenomics_1766_filterContams_269,18.851270362828835,68.08701682883176
epigenomics_1766_filterContams_270,20.941388571241962,66.22817336233037
epigenomics_1766_filterContams_271,23.69487308760483,61.23512924900625
epigenomics_1766_filterContams_272,18.31680335882629,64.7615022847864
epigenomics_1766_filterContams_273,23.74096975079644,60.14091829748331
epigenomics_1766_filterContams_274,18.80396606838225,70.78011390492412
epigenomics_1766_filterContams_275,16.378992227549674,63.607488242838
epigenomics_1766_filterContams_276,15.877892904180575,61.9922974610168
epigenomics_1766_filterContams_277,21.987793061075994,68.6057670588199
epigenomics_1766_filterContams_278,19.247294809554006,59.46306137677028
epigenomics_1766_filterContams_279,15.103223479328022,74.61573451167077
epigenomics_1766_filterContams_280,17.446989637066995,59.587442639881274
epigenomics_1766_filterContams_281,21.080115803409587,67.8543282369713
epigenomics_1766_filterContams_282,18.731228078438253,71.96237403731304
epigenomics_1766_filterContams_283,15.847498194174026,68.56682560461758
epigenomics_1766_filterContams_284,18.749876300412453,68.61136649389547
epigenomics_1766_filterContams_285,24.218246578833003,55.869874371305876
epigenomics_1766_filterContams_286,21.47850291014144,67.16579921995427
epigenomics_1766_filterContams_287,19.081053037173305,60.09297290815927
epigenomics_1766_filterContams_288,17.21097509292306,64.91094763821174
epigenomics_1766_filterContams_289,22.63640900493339,67.2287005380322
epigenomics_1766_filterContams_290,21.015138587093634,72.16233950660097
epigenomics_1766_filterContams_291,20.78742658366758,67.85511945089931
epigenomics_1766_filterContams_292,19.60608300393811,57.25175720080301
epigenomics_1766_filterContams_293,18.7311708593464,74.10653141918196
epigenomics_1766_filterContams_294,20.97725624323542,64.60964269521442
epigenomics_1766_filterContams_295,20.89514192713614,70.70176771331712
epigenomics_1766_filterContams_296,16.79127987573703,79.18584089481932
epigenomics_1766_filterContams_297,18.6725657115817,52.141090078000815
epigenomics_1766_filterContams_298,16.788051116263848,59.49687492558097
epigenomics_1766_filterContams_299,20.06929225742682,60.93573435299834
epigenomics_1766_filterContams_300,18.196723367083507,76.92463318039934
epigenomics_1766_filterContams_301,18.836667121479202,83.22992212210835
epigenomics_1766_filterContams_302,14.892767774937795,58.573670963949304
epigenomics_1766_filterContams_303,21.25342999816263,64.84141045109418
epigenomics_1766_filterContams_304,19.021507116876194,73.95794935044104
epigenomics_1766_filterContams_305,21.97475982777712,55.502533094454535
epigenomics_1766_filterContams_306,13.487349451306429,60.00514045232718
epigenomics_1766_filterContams_307,25.287327686319863,81.70948786148573
epigenomics_1766_filterContams_308,18.713812947920097,76.51573487426653
epigenomics_1766_filterContams_309,20.77985309103175,68.66028040776158
epigenomics_1766_filterContams_310,17.95429361664877,56.16021962460795
epigenomics_1766_filterContams_311,22.224928019293998,56.79431809767635
epigenomics_1766_filterContams_312,21.96179226236587,61.31603304353179
epigenomics_1766_filterContams_313,20.39554385976426,53.27093113153446
epigenomics_1766_filterContams_314,20.352318648104024,63.21617479756509
epigenomics_1766_filterContams_315,28.75053646498912,56.82606298785063
epigenomics_1766_filterContams_316,12.049479290769991,60.81300345473654
epigenomics_1766_filterContams_317,24.82313610583585,46.60340898472053
epigenomics_1766_filterContams_318,18.40096103392065,50.08029463398866
epigenomics_1766_filterContams_319,16.416370762185785,59.584285320154784
epigenomics_1766_filterContams_320,21.771756729062115,66.20536188916213
epigenomics_1766_filterContams_321,22.278448430612965,61.633955150919896
epigenomics_1766_filterContams_322,18.466237856514656,51.21775887248077
epigenomics_1766_filterContams_323,19.89086823603874,62.04498690063566
epigenomics_1766_filterContams_324,16.408351810985906,71.23375767428065
epigenomics_1766_filterContams_325,14.75116711206633,80.52582219174553
epigenomics_1766_filterContams_326,25.2651410759534,73.93314458373257
epigenomics_1766_filterContams_327,17.593098926250327,61.39044813751082
epigenomics_1766_filterContams_328,15.521988506936985,42.04859580036718
epigenomics_1766_filterContams_329,19.478464524429562,63.252586153132775
epigenomics_1766_filterContams_330,19.161938961774243,73.55714541745147
epigenomics_1766_filterContams_331,20.548040690866053,69.92343556284635
epigenomics_1766_filterContams_332,17.23073823491712,75.70469618899764
epigenomics_1766_filterContams_333,19.20238945857731,46.73549572797927
epigenomics_1766_filterContams_334,19.267481521512707,51.0090937685057
epigenomics_1766_filterContams_335,24.168569948562485,51.92550367148591
epigenomics_1766_filterContams_336,18.300153008677743,71.74113332270697
epigenomics_1766_filterContams_337,27.892456753270174,61.012212588894094
epigenomics_1766_filterContams_338,17.36173113676123,72.35356229380534
epigenomics_1766_filterContams_339,25.408033196223588,55.43296585501807
epigenomics_1766_filterContams_340,15.39700096027655,61.871604935650446
epigenomics_1766_filterContams_341,23.929855658149386,65.51158602915453
epigenomics_1766_filterContams_342,16.902371808559735,61.7779465556747
epigenomics_1766_filterContams_343,20.767435518394,64.24425813439652
epigenomics_1766_filterContams_344,20.8419155908696,51.02465039385149
epigenomics_1766_filterContams_345,21.77322291252206,49.04903995770466
epigenomics_1766_filterContams_346,19.775281774341682,73.05384907966267
epigenomics_1766_filterContams_347,17.228824039348574,53.96325285733578
epigenomics_1766_filterContams_348,20.543997778396385,56.97502201134557
epigenomics_1766_filterContams_349,13.943209775135312,72.1765779699388
epigenomics_1766_filterContams_350,27.350974910676886,63.79945150593007
epigenomics_1766_filterContams_351,21.550909894536836,65.38462600540993
epigenomics_1766_filterContams_352,16.891272102609403,66.20137782358793
epigenomics_1766_filterContams_353,20.814591142466213,69.2138703066843
epigenomics_1766_filterContams_354,21.83217325655146,55.38538074565124
epigenomics_1766_filterContams_355,17.005995355993182,53.48082049188132
epigenomics_1766_filterContams_356,17.529477295189462,53.014463221342545
epigenomics_1766_filterContams_357,22.548491838537707,50.363453575941094
epigenomics_1766_filterContams_358,22.076287139788658,58.77471695799508
epigenomics_1766_filterContams_359,19.86365974193002,54.0300345070102
epigenomics_1766_filterContams_360,20.3423879281526,70.04186418043982
epigenomics_1766_filterContams_361,19.614198215309298,63.276015937782496
epigenomics_1766_filterContams_362,21.8215972609747,59.90239998985431
epigenomics_1766_filterContams_363,24.262091903337524,61.402447996724575
epigenomics_1766_filterContams_364,17.964371669921256,61.40580123840206
epigenomics_1766_filterContams_365,22.895238466848948,72.44263448579377
epigenomics_1766_filterContams_366,22.36126005609097,65.42443495374701
epigenomics_1766_filterContams_367,18.140846480756863,59.999580279160135
epigenomics_1766_filterContams_368,18.859557356854687,63.287188043296446
epigenomics_1766_filterContams_369,20.72294261302082,71.39126018074727
epigenomics_1766_filterContams_370,22.988681598621373,59.56998979011428
epigenomics_1766_filterContams_371,25.41298251220838,78.3574453114015
epigenomics_1766_filterContams_372,24.16706828175787,58.346763235928094
epigenomics_1766_filterContams_373,20.788312340530446,64.79127228481505
epigenomics_1766_filterContams_374,19.353028864405488,68.82627198940196
epigenomics_1766_filterContams_375,18.729772539475324,75.97585321396355
epigenomics_1766_filterContams_376,21.581275154995698,71.2556321732585
epigenomics_1766_filterContams_377,15.283776306849404,68.27651192685488
epigenomics_1766_filterContams_378,18.55497746305234,57.8696824735788
epigenomics_1766_filterContams_379,21.241518871994145,63.57575150373928
epigenomics_1766_filterContams_380,16.11738792489903,74.98594738550283
epigenomics_1766_filterContams_381,21.73686671146721,66.79383172755963
epigenomics_1766_filterContams_382,22.82325181356072,74.80414625231401
epigenomics_1766_filterContams_383,22.25413222242406,69.48161867258045
epigenomics_1766_filterContams_384,20.97906382626261,62.064438274765195
epigenomics_1766_filterContams_385,21.12182577564503,59.59381132400634
epigenomics_1766_filterContams_386,18.948043827348357,67.2875637891265
epigenomics_1766_filterContams_387,24.497988544291914,76.54118215851985
epigenomics_1766_filterContams_388,15.200363830700375,76.91797155751915
epigenomics_1766_filterContams_389,19.222354840070572,67.6332249752597
epigenomics_1766_filterContams_390,26.03027014434646,67.80899574706632
epigenomics_1766_filterContams_391,25.146467250843006,61.98756923050522
epigenomics_1766_filterContams_392,19.633627761907082,74.05372279022329
epigenomics_1766_filterContams_393,19.305466322824593,74.76407715468534
epigenomics_1766_filterContams_394,21.6565554107354,46.59478245082628
epigenomics_1766_filterContams_395,15.254488637272939,77.57344728751784
epigenomics_1766_filterContams_396,20.687546108654395,65.02608442137199
epigenomics_1766_filterContams_397,25.106727439717933,56.954431246829294
epigenomics_1766_filterContams_398,23.190000840852782,61.6247126659673
epigenomics_1766_filterContams_399,23.111811781067782,54.080641328477114
epigenomics_1766_filterContams_400,24.195661223542754,68.51185534557523
epigenomics_1766_filterContams_401,17.743383618886348,63.45438582025392
epigenomics_1766_filterContams_402,19.913788245497773,54.26147925026836
epigenomics_1766_filterContams_403,18.018799096241892,57.06740148858619
epigenomics_1766_filterContams_404,22.304661082948098,64.19530883758482
epigenomics_1766_filterContams_405,17.21458978696888,81.71478027477067
epigenomics_1766_filterContams_406,22.341201596820177,65.83579176656306
epigenomics_1766_filterContams_407,23.040241918637292,71.47769650137815
epigenomics_1766_filterContams_408,17.58603145120297,73.92868174360187
epigenomics_1766_filterContams_409,20.588360913006174,68.53716994344173
epigenomics_1766_filterContams_410,15.863813655612548,56.79902087365966
epigenomics_1766_filterContams_411,18.015757218004524,52.073766228602786
epigenomics_1766_filterContams_412,21.7636275433665,81.70115476231796
epigenomics_1766_filterContams_413,15.562418988324941,75.85656513058959
epigenomics_1766_filterContams_414,19.922600116170933,72.99708003026532
epigenomics_1766_filterContams_415,23.851607396593835,74.45905568342732
epigenomics_1766_filterContams_416,21.72924809596576,76.48994401428304
epigenomics_1766_filterContams_417,20.3347048224559,73.13408712936786
epigenomics_1766_filterContams_418,21.28125728639005,59.10003437194109
epigenomics_1766_filterContams_419,17.83101432993929,68.93577423351945
epigenomics_1766_filterContams_420,16.5682656731744,74.44652217227842
epigenomics_1766_filterContams_421,18.043525939742064,65.83303527633026
epigenomics_1766_filterContams_422,23.31215105910953,63.922020368566635
epigenomics_1766_filterContams_423,20.74629122508339,67.75644240327769
epigenomics_1766_filterContams_424,17.66573171011727,63.75230290574055
epigenomics_1766_filterContams_425,23.173089565656085,76.05346662764187
epigenomics_1766_filterContams_426,24.298165223032054,67.81543523460792
epigenomics_1766_filterContams_427,22.70455593172164,57.31204088303122
epigenomics_1766_filterContams_428,20.851843912994998,58.268381597110235
epigenomics_1766_filterContams_429,22.932547392931248,55.25616447021024
epigenomics_1766_filterContams_430,19.653849258816994,59.297039112616886
epigenomics_1766_filterContams_431,15.652698714928148,55.604063863420706
epigenomics_1766_filterContams_432,21.18003033765061,60.24602442943215
epigenomics_1766_filterContams_433,15.581025430369149,49.249236700066895
epigenomics_1766_filterContams_434,19.401139509039606,81.59016619187261
epigenomics_1766_filterContams_435,18.43142653319255,66.01488330174882
epigenomics_1766_filterContams_436,20.226541229409616,82.00625920704438
epigenomics_1766_filterContams_437,17.19995027453049,64.35814276948352
epigenomics_1766_filterContams_438,20.39867125872026,79.2000245019141
epigenomics_1766_filterContams_439,17.99557230824328,58.55795337629727
epigenomics_1766_filterContams_440,19.391713646392457,74.36305223642695
epigenomics_1766_filterContams_441,20.90464291601348,62.01044860035475
epigenomics_1766_filterContams_442,22.706800175097907,65.41632010864765
epigenomics_1766_filterContams_443,20.79508173894355,60.871152566086664
epigenomics_1766_filterContams_444,24.194313635685944,61.11175791595643
epigenomics_1766_filterContams_445,22.218433256777235,72.95223733161583
epigenomics_1766_filterContams_446,24.163733224060227,70.46929948136298
epigenomics_1766_filterContams_447,23.707740137455133,71.03509194732601
epigenomics_1766_filterContams_448,15.577458756429895,67.9845190120652
epigenomics_1766_filterContams_449,23.85257565454597,75.03618450106721
epigenomics_1766_filterContams_450,17.75006957567669,63.32390200870166
epigenomics_1766_filterContams_451,19.872763377748214,69.11435798222763
epigenomics_1766_filterContams_452,14.880271604157372,67.14343023802539
epigenomics_1766_filterContams_453,15.461953111889844,49.82097007123477
epigenomics_1766_filterContams_454,12.680832598848301,63.94805812163344
epigenomics_1766_filterContams_455,14.617638754516157,67.7261135860289
epigenomics_1766_filterContams_456,19.50017591355516,59.73601850132274
epigenomics_1766_filterContams_457,17.72972392736155,81.9941855806737
epigenomics_1766_filterContams_458,19.81810909221749,66.29106848418871
epigenomics_1766_filterContams_459,17.7764373942411,60.61185779181047
epigenomics_1766_filterContams_460,13.170619417324026,62.7063189766949
epigenomics_1766_filterContams_461,21.101156479995232,63.917667609356734
epigenomics_1766_filterContams_462,22.612330518753076,68.51401126787754
epigenomics_1766_filterContams_463,20.922337309742264,51.989335018468914
epigenomics_1766_filterContams_464,16.290536495180625,67.31399751648844
epigenomics_1766_filterContams_465,15.925694765216367,65.98460537116867
epigenomics_1766_filterContams_466,19.323810470241657,71.33226628861654
epigenomics_1766_filterContams_467,24.88748309015007,52.62179854546533
epigenomics_1766_filterContams_468,15.019095149861363,59.10314822972035
epigenomics_1766_filterContams_469,15.341260681968082,48.16654278433158
epigenomics_1766_filterContams_470,19.959997679710824,52.26176040799409
epigenomics_1766_filterContams_471,15.74566459044283,51.419370455256214
epigenomics_1766_filterContams_472,17.841431504664786,69.35612481384548
epigenomics_1766_filterContams_473,17.74493743207694,68.85721334579569
epigenomics_1766_filterContams_474,16.133184048653103,55.92594541785111
epigenomics_1766_filterContams_475,19.53898463333324,59.38150790292294
epigenomics_1766_filterContams_476,25.497749677434093,56.57103207283165
epigenomics_1766_filterContams_477,12.832717213696494,49.71439551535808
epigenomics_1766_filterContams_478,17.636029103460242,64.35150961746623
epigenomics_1766_filterContams_479,17.229867860182782,52.027135098275025
epigenomics_1766_filterContams_480,24.219525813504422,58.40194837585313
epigenomics_1766_filterContams_481,18.788305281781742,69.42792744001486
epigenomics_1766_filterContams_482,23.682286197304812,66.60557782986963
epigenomics_1766_filterContams_483,21.63604543749255,46.97467216397038
epigenomics_1766_filterContams_484,20.973188599061896,65.98538997315585
epigenomics_1766_filterContams_485,22.607651226325274,55.440776033634684
epigenomics_1766_filterContams_486,16.70765568587222,69.14421111586066
epigenomics_1766_filterContams_487,19.637375654698932,71.11000336736495
epigenomics_1766_filterContams_488,17.430827154274688,70.67214787906808
epigenomics_1766_filterContams_489,19.66271752622158,59.51422194999998
epigenomics_1766_filterContams_490,24.328865032236614,73.48103870989307
epigenomics_1766_filterContams_491,21.084122937428866,69.79426989902989
epigenomics_1766_filterContams_492,23.146164794122814,62.989854804363524
epigenomics_1766_filterContams_493,14.107929676537463,62.06324559613914
epigenomics_1766_filterContams_494,18.063807777120417,67.62442419712498
epigenomics_1766_filterContams_495,19.165852646385733,62.81053849696364
epigenomics_1766_filterContams_496,22.863596233384673,57.220112087445195
epigenomics_1766_filterContams_497,22.70732277792546,67.62487857217835
epigenomics_1766_filterContams_498,17.31576961128665,56.4255610478089
epigenomics_1766_filterContams_499,23.984622474653264,55.87770157095001
epigenomics_1766_sol2sanger_0,78.2176005749804,33.22435474600286
epigenomics_1766_sol2sanger_1,78.54717936201068,39.945015607474744
epigenomics_1766_sol2sanger_2,76.42361153052677,37.00369077743838
epigenomics_1766_sol2sanger_3,78.5854254799184,41.33842819959808
epigenomics_1766_sol2sanger_4,79.64916425607579,38.57747195014469
epigenomics_1766_sol2sanger_5,80.22512008714237,63.12789198059279
epigenomics_1766_sol2sanger_6,75.60383484167687,37.41639282747498
epigenomics_1766_sol2sanger_7,81.63750525002193,51.505867491753975
epigenomics_1766_sol2sanger_8,78.27815198661997,44.0371041389554
epigenomics_1766_sol2sanger_9,87.27690313171128,30.489233611878582
epigenomics_1766_sol2sanger_10,80.92186230273659,44.78513878513809
epigenomics_1766_sol2sanger_11,83.22144820648631,44.85036647415612
epigenomics_1766_sol2sanger_12,84.23780200732399,36.10229611959535
epigenomics_1766_sol2sanger_13,78.76411101560394,27.36865147813975
epigenomics_1766_sol2sanger_14,81.4813557149798,61.935446906910364
epigenomics_1766_sol2sanger_15,84.53466125841646,39.455239870377554
epigenomics_1766_sol2sanger_16,71.5782636585847,44.27300970712004
epigenomics_1766_sol2sanger_17,86.88137626752449,50.1775382747849
epigenomics_1766_sol2sanger_18,85.70977451103545,51.68127306087728
epigenomics_1766_sol2sanger_19,80.07527520311534,32.519305693162295
epigenomics_1766_sol2sanger_20,78.33569163654175,51.896935204827244
epigenomics_1766_sol2sanger_21,81.88224413546794,40.14715386486011
epigenomics_1766_sol2sanger_22,79.7557662236618,48.37065590146548
epigenomics_1766_sol2sanger_23,79.61475305905343,34.6521893739238
epigenomics_1766_sol2sanger_24,76.43424063289211,50.23640359653061
epigenomics_1766_sol2sanger_25,80.24708523452453,49.42818827791784
epigenomics_1766_sol2sanger_26,77.66845711434776,41.580170747590294
epigenomics_1766_sol2sanger_27,73.4153709440065,33.019093297331246
epigenomics_1766_sol2sanger_28,79.05113701892874,46.06520299178129
epigenomics_1766_sol2sanger_29,85.57620869843285,47.52886161493577
epigenomics_1766_sol2sanger_30,89.9144809215249,41.692516202087745
epigenomics_1766_sol2sanger_31,83.42482707122383,39.3798998392384
epigenomics_1766_sol2sanger_32,86.21791703179633,38.600335991884094
epigenomics_1766_sol2sanger_33,77.53005584729367,48.706174325737706
epigenomics_1766_sol2sanger_34,75.09985753145881,39.16222766232788
epigenomics_1766_sol2sanger_35,78.64733070422386,38.727051437803844
epigenomics_1766_sol2sanger_36,80.17605915407665,63.26924486512338
epigenomics_1766_sol2sanger_37,77.14877416224563,59.47866924931998
epigenomics_1766_sol2sanger_38,69.2301881943201,52.19495231866484
epigenomics_1766_sol2sanger_39,81.5216573638374,52.77955342933451
epigenomics_1766_sol2sanger_40,78.8886862730211,55.389949686003874
epigenomics_1766_sol2sanger_41,80.84429463027186,43.841772422476225
epigenomics_1766_sol2sanger_42,74.3134729960108,49.51816996418783
epigenomics_1766_sol2sanger_43,83.90403084538345,45.390124409859354
epigenomics_1766_sol2sanger_44,82.6592999687573,41.50353906815307
epigenomics_1766_sol2sanger_45,83.410512347142,46.66740501696077
epigenomics_1766_sol2sanger_46,80.3964383833201,41.15549595114227
epigenomics_1766_sol2sanger_47,86.96774168112233,43.53381499699738
epigenomics_1766_sol2sanger_48,84.98918752618833,41.44069307794504
epigenomics_1766_sol2sanger_49,79.03636984160346,47.02167853083689
epigenomics_1766_sol2sanger_50,80.94344301226253,48.55858449471434
epigenomics_1766_sol2sanger_51,73.27792630786797,43.96178417086435
epigenomics_1766_sol2sanger_52,76.60727278790625,48.641738322888564
epigenomics_1766_sol2sanger_53,82.38104431429392,34.66147479728983
epigenomics_1766_sol2sanger_54,76.06922422976471,32.695074937920985
epigenomics_1766_sol2sanger_55,72.62367995394833,35.38937332050629
epigenomics_1766_sol2sanger_56,81.19013511008622,48.35290117341025
epigenomics_1766_sol2sanger_57,80.59769728087115,49.09105384851337
epigenomics_1766_sol2sanger_58,84.7319079171226,40.74899342799551
epigenomics_1766_sol2sanger_59,66.89700021655881,30.035197591271825
epigenomics_1766_sol2sanger_60,89.6131318466482,53.99509401950307
epigenomics_1766_sol2sanger_61,73.87355905310933,58.0199683844455
epigenomics_1766_sol2sanger_62,81.58633880230768,32.43119437682746
epigenomics_1766_sol2sanger_63,81.62914052604393,32.19674255802734
epigenomics_1766_sol2sanger_64,85.88875336519435,42.780957550682416
epigenomics_1766_sol2sanger_65,76.71672495079429,38.422929383851184
epigenomics_1766_sol2sanger_66,77.5845724355872,45.045250749618525
epigenomics_1766_sol2sanger_67,78.71536467423377,52.60358837475047
epigenomics_1766_sol2sanger_68,76.28804765917172,52.33905175805601
epigenomics_1766_sol2sanger_69,87.60175209301786,51.82002726746816
epigenomics_1766_sol2sanger_70,82.23820768460199,47.601666984460245
epigenomics_1766_sol2sanger_71,78.35419875695698,54.792016469645716
epigenomics_1766_sol2sanger_72,74.60461253091941,55.21844773394226
epigenomics_1766_sol2sanger_73,77.25984800253481,60.07812340912348
epigenomics_1766_sol2sanger_74,82.44092103703196,48.25797197165257
epigenomics_1766_sol2sanger_75,86.05016252365401,49.203366564005435
epigenomics_1766_sol2sanger_76,83.80175134532911,55.78429961167482
epigenomics_1766_sol2sanger_77,84.11662958192635,30.152556563432096
epigenomics_1766_sol2sanger_78,74.01148955622851,46.842788294158495
epigenomics_1766_sol2sanger_79,77.38258263315437,52.555712485164946
epigenomics_1766_sol2sanger_80,79.0283911441658,42.63529329467251
epigenomics_1766_sol2sanger_81,81.16235855223968,45.66213620116935
epigenomics_1766_sol2sanger_82,86.95747567423217,33.343660268845795
epigenomics_1766_sol2sanger_83,76.95131073567643,55.37600890305734
epigenomics_1766_sol2sanger_84,87.8315084176134,47.58954680026159
epigenomics_1766_sol2sanger_85,79.42850945950066,42.05842313041556
epigenomics_1766_sol2sanger_86,83.412067659014,46.32884841625054
epigenomics_1766_sol2sanger_87,83.28664810487487,53.77824648828484
epigenomics_1766_sol2sanger_88,70.6574139653973,55.858754089554445
epigenomics_1766_sol2sanger_89,78.51638289500421,55.121068892983885
epigenomics_1766_sol2sanger_90,89.25182762923487,37.292965045867405
epigenomics_1766_sol2sanger_91,84.44732086964173,50.33774113026367
epigenomics_1766_sol2sanger_92,81.23635650628789,32.8680993819339
epigenomics_1766_sol2sanger_93,88.91121209703678,46.88039085896394
epigenomics_1766_sol2sanger_94,80.64452655797731,40.43126955297192
epigenomics_1766_sol2sanger_95,84.13470643887655,44.17191011279175
epigenomics_1766_sol2sanger_96,77.73652337767545,50.429674204356324
epigenomics_1766_sol2sanger_97,84.69497589131737,39.11633436223495
epigenomics_1766_sol2sanger_98,81.72376621147362,48.35745177157786
epigenomics_1766_sol2sanger_99,78.93068480681467,52.23249254451423
epigenomics_1766_sol2sanger_100,84.59376022824912,46.97733273616331
epigenomics_1766_sol2sanger_101,87.74047652055731,48.14071334692951
epigenomics_1766_sol2sanger_102,80.14691352528502,48.810334532633
epigenomics_1766_sol2sanger_103,79.12663901255597,39.471636385859526
epigenomics_1766_sol2sanger_104,79.24239282032897,46.30868765697956
epigenomics_1766_sol2sanger_105,75.94701574303528,56.84787325413113
epigenomics_1766_sol2sanger_106,79.58995851223196,35.989634882405745
epigenomics_1766_sol2sanger_107,79.67678471592896,48.81038083968153
epigenomics_1766_sol2sanger_108,72.03643904245011,47.49371787275883
epigenomics_1766_sol2sanger_109,89.11412560299189,54.83906235050593
epigenomics_1766_sol2sanger_110,90.69688561562492,39.830086692525995
epigenomics_1766_sol2sanger_111,73.315644510483,40.59325069844802
epigenomics_1766_sol2sanger_112,75.60688287748351,48.621846257851665
epigenomics_1766_sol2sanger_113,77.5374470259813,44.1842565195042
epigenomics_1766_sol2sanger_114,77.5736419069323,53.09261249027253
epigenomics_1766_sol2sanger_115,81.23987387468523,43.712964952892776
epigenomics_1766_sol2sanger_116,71.64325821495348,43.80644571930743
epigenomics_1766_sol2sanger_117,75.5537300291555,44.529892200160326
epigenomics_1766_sol2sanger_118,74.93502894400027,56.0975624501949
epigenomics_1766_sol2sanger_119,79.20253677690111,36.71213905180443
epigenomics_1766_sol2sanger_120,78.64781421488327,54.781710778475755
epigenomics_1766_sol2sanger_121,72.83031348097946,46.977083967879636
epigenomics_1766_sol2sanger_122,72.68953322751292,46.66758474750876
epigenomics_1766_sol2sanger_123,72.52494234943737,50.004661852106025
epigenomics_1766_sol2sanger_124,71.89774853046617,50.96706374248138
epigenomics_1766_sol2sanger_125,81.10678307032342,44.143478106288214
epigenomics_1766_sol2sanger_126,84.5708685716045,42.58088258180426
epigenomics_1766_sol2sanger_127,86.02180222487216,58.0646339612917
epigenomics_1766_sol2sanger_128,81.77394574368577,26.470129091679933
epigenomics_1766_sol2sanger_129,75.99034950167749,45.360428188915186
epigenomics_1766_sol2sanger_130,80.64814507351726,41.188923285054926
epigenomics_1766_sol2sanger_131,72.24016364458012,38.02108380544032
epigenomics_1766_sol2sanger_132,76.66988565259462,37.27486239740831
epigenomics_1766_sol2sanger_133,73.60361195326843,48.67841854826972
epigenomics_1766_sol2sanger_134,76.55103198015334,61.334816510129826
epigenomics_1766_sol2sanger_135,77.0398166417011,56.47469949060262
epigenomics_1766_sol2sanger_136,76.95500855813297,36.370992309329324
epigenomics_1766_sol2sanger_137,82.10373829627879,54.7573779022085
epigenomics_1766_sol2sanger_138,81.13395342361866,41.7112201979019
epigenomics_1766_sol2sanger_139,88.75917944139012,62.83198580301184
epigenomics_1766_sol2sanger_140,79.43479962638392,42.15535684938568
epigenomics_1766_sol2sanger_141,87.7714918145113,49.227884920882126
epigenomics_1766_sol2sanger_142,78.1237035649219,35.505879535446525
epigenomics_1766_sol2sanger_143,84.4136116816272,41.897608852104305
epigenomics_1766_sol2sanger_144,72.68471860525754,57.72439255774444
epigenomics_1766_sol2sanger_145,94.74564990870094,52.25854686171712
epigenomics_1766_sol2sanger_146,71.22145667321743,33.53067619359822
epigenomics_1766_sol2sanger_147,78.68814143988794,44.180539316007064
epigenomics_1766_sol2sanger_148,79.02083046569535,51.77920005909289
epigenomics_1766_sol2sanger_149,77.23704144286366,43.456096749529856
epigenomics_1766_sol2sanger_150,87.07317857944263,54.7804765980281
epigenomics_1766_sol2sanger_151,84.22115041935623,42.36380493041853
epigenomics_1766_sol2sanger_152,78.21246628574559,47.758480932548174
epigenomics_1766_sol2sanger_153,84.15415277944527,41.765113970664025
epigenomics_1766_sol2sanger_154,80.85055044818982,39.053907245737996
epigenomics_1766_sol2sanger_155,71.35280274657055,47.300881973875576
epigenomics_1766_sol2sanger_156,73.42686270731967,37.35201687874535
epigenomics_1766_sol2sanger_157,83.23197498114382,46.72355421429799
epigenomics_1766_sol2sanger_158,93.58047646690804,41.3894007259491
epigenomics_1766_sol2sanger_159,84.72984111595689,51.431285989839516
epigenomics_1766_sol2sanger_160,82.73294110661965,51.157169221964395
epigenomics_1766_sol2sanger_161,83.92984828989634,44.361523282276
epigenomics_1766_sol2sanger_162,75.14850078146345,48.97787347202916
epigenomics_1766_sol2sanger_163,81.01350086858318,36.874579701963995
epigenomics_1766_sol2sanger_164,78.35705477328251,37.25697370659822
epigenomics_1766_sol2sanger_165,84.87118797102912,44.48135995516645
epigenomics_1766_sol2sanger_166,75.19007884007567,56.63182609280866
epigenomics_1766_sol2sanger_167,70.95756939199613,36.284980634535394
epigenomics_1766_sol2sanger_168,81.34132201342345,52.83859551531126
epigenomics_1766_sol2sanger_169,80.49869421590518,40.521253039913276
epigenomics_1766_sol2sanger_170,78.28068234777083,54.09504692496927
epigenomics_1766_sol2sanger_171,87.72342359591678,29.103556465446452
epigenomics_1766_sol2sanger_172,83.92295974905645,42.53400873654656
epigenomics_1766_sol2sanger_173,79.49794028037066,33.610812807493765
epigenomics_1766_sol2sanger_174,77.72057069017866,47.67785814943052
epigenomics_1766_sol2sanger_175,77.33246748623054,54.86124569757209
epigenomics_1766_sol2sanger_176,67.81257573512097,49.368067139234135
epigenomics_1766_sol2sanger_177,78.72890808899675,48.33188283426751
epigenomics_1766_sol2sanger_178,82.86248022647874,57.416978566103694
epigenomics_1766_sol2sanger_179,73.4220089416134,25.319271143623933
epigenomics_1766_sol2sanger_180,79.64713190268418,55.281127832759815
epigenomics_1766_sol2sanger_181,69.40626086843382,48.06852608009276
epigenomics_1766_sol2sanger_182,78.99070192751361,44.89280960053623
epigenomics_1766_sol2sanger_183,89.37705606927744,55.88262262880099
epigenomics_1766_sol2sanger_184,81.54846985275307,45.97810339627335
epigenomics_1766_sol2sanger_185,72.99666853792051,62.11210055243818
epigenomics_1766_sol2sanger_186,87.44789346727562,50.41275441979513
epigenomics_1766_sol2sanger_187,82.23854884565152,34.808589452090345
epigenomics_1766_sol2sanger_188,89.27721936842502,51.23910460679585
epigenomics_1766_sol2sanger_189,70.07593689869404,45.678181072882055
epigenomics_1766_sol2sanger_190,83.76671868718084,45.81756128895522
epigenomics_1766_sol2sanger_191,82.42318053651171,52.15432632715637
epigenomics_1766_sol2sanger_192,93.19416632652961,48.264962670938644
epigenomics_1766_sol2sanger_193,78.80722960234871,53.65212498938838
epigenomics_1766_sol2sanger_194,68.33472390235028,64.05988022016903
epigenomics_1766_sol2sanger_195,83.30303182902003,41.95088424974923
epigenomics_1766_sol2sanger_196,81.96815393169283,48.365112613262895
epigenomics_1766_sol2sanger_197,78.50199950973106,41.74066669247227
epigenomics_1766_sol2sanger_198,75.1963105818715,43.16195384242677
epigenomics_1766_sol2sanger_199,79.8438319964171,39.49824068844126
epigenomics_1766_sol2sanger_200,69.63002811970154,54.07368577544366
epigenomics_1766_sol2sanger_201,79.05182825427686,50.723495838802975
epigenomics_1766_sol2sanger_202,77.76259549258297,46.54168339417019
epigenomics_1766_sol2sanger_203,83.23562650362159,51.16004499887921
epigenomics_1766_sol2sanger_204,83.97452720730575,49.878494929852586
epigenomics_1766_sol2sanger_205,76.73194105894595,48.42813265710949
epigenomics_1766_sol2sanger_206,74.3732727651378,48.72912831860834
epigenomics_1766_sol2sanger_207,87.0653293888766,22.668226885867835
epigenomics_1766_sol2sanger_208,78.76169319363456,33.06709082326836
epigenomics_1766_sol2sanger_209,80.57084232727482,52.05238139303588
epigenomics_1766_sol2sanger_210,80.33675730782961,44.04331385906023
epigenomics_1766_sol2sanger_211,78.26804252812697,45.20979036049579
epigenomics_1766_sol2sanger_212,82.0804683943508,51.521830339532805
epigenomics_1766_sol2sanger_213,87.66347843739126,43.197892743316395
epigenomics_1766_sol2sanger_214,76.35190648444365,31.53838330697978
epigenomics_1766_sol2sanger_215,80.97978171441618,55.41278355427889
epigenomics_1766_sol2sanger_216,74.88176761464602,44.82309119417547
epigenomics_1766_sol2sanger_217,81.98434274981167,48.138834076839814
epigenomics_1766_sol2sanger_218,81.87626194077112,38.54397055316052
epigenomics_1766_sol2sanger_219,73.32188216229642,50.455707991321
epigenomics_1766_sol2sanger_220,77.39173510590496,45.06630543026834
epigenomics_1766_sol2sanger_221,71.96513678492329,41.72039286696708
epigenomics_1766_sol2sanger_222,71.32862865640206,43.61810124599856
epigenomics_1766_sol2sanger_223,72.05831498617205,30.377152056903086
epigenomics_1766_sol2sanger_224,85.1130304909016,35.11217116094233
epigenomics_1766_sol2sanger_225,80.67012997527235,46.58322031127704
epigenomics_1766_sol2sanger_226,85.96687909977958,50.951204226955795
epigenomics_1766_sol2sanger_227,82.79249809856204,38.76443277409145
epigenomics_1766_sol2sanger_228,76.03998110191658,47.63778701721702
epigenomics_1766_sol2sanger_229,78.94323578873355,56.555689948341794
epigenomics_1766_sol2sanger_230,75.59265237496247,32.44725184046831
epigenomics_1766_sol2sanger_231,81.02229731916424,38.256967245948175
epigenomics_1766_sol2sanger_232,79.33141653563403,37.82365649242989
epigenomics_1766_sol2sanger_233,85.03631233942092,35.66313073258702
epigenomics_1766_sol2sanger_234,88.94577390690877,57.05789557873004
epigenomics_1766_sol2sanger_235,84.13451145536403,47.32319569676504
epigenomics_1766_sol2sanger_236,78.03661217732716,57.00467665784958
epigenomics_1766_sol2sanger_237,78.15083391878923,44.47318823114293
epigenomics_1766_sol2sanger_238,81.27254320614995,51.88163914633125
epigenomics_1766_sol2sanger_239,78.87075493300843,35.32963613486085
epigenomics_1766_sol2sanger_240,74.97331200835535,45.12572117702196
epigenomics_1766_sol2sanger_241,83.38884928765837,37.131739474131166
epigenomics_1766_sol2sanger_242,91.07659507406036,52.108360387420305
epigenomics_1766_sol2sanger_243,81.40962035402823,48.28856161574156
epigenomics_1766_sol2sanger_244,88.22077737651395,43.963582615624254
epigenomics_1766_sol2sanger_245,70.6231377776459,43.65253463113202
epigenomics_1766_sol2sanger_246,74.29006923897396,51.839760622701114
epigenomics_1766_sol2sanger_247,78.8000071143432,41.270541780850856
epigenomics_1766_sol2sanger_248,86.32296347397556,39.27621173161586
epigenomics_1766_sol2sanger_249,84.31146789542419,41.32092383117082
epigenomics_1766_sol2sanger_250,73.45376432756858,47.19833862104471
epigenomics_1766_sol2sanger_251,82.68896162409838,51.84360898666857
epigenomics_1766_sol2sanger_252,80.57928755361017,48.32697625289645
epigenomics_1766_sol2sanger_253,73.82755997070043,44.868023406328675
epigenomics_1766_sol2sanger_254,85.29535650310036,44.09890929396408
epigenomics_1766_sol2sanger_255,86.76322125266242,52.496212907224496
epigenomics_1766_sol2sanger_256,82.25755200887096,49.91671314740752
epigenomics_1766_sol2sanger_257,79.95450687178386,40.92236953464384
epigenomics_1766_sol2sanger_258,78.91348258502208,54.14178887031702
epigenomics_1766_sol2sanger_259,78.8204975530999,40.859068047700625
epigenomics_1766_sol2sanger_260,84.07705035505663,47.55349960778121
epigenomics_1766_sol2sanger_261,73.24384606776904,48.89324089673255
epigenomics_1766_sol2sanger_262,74.94851905945873,47.53128793388001
epigenomics_1766_sol2sanger_263,80.97914439547436,50.0336012364801
epigenomics_1766_sol2sanger_264,83.68995399254962,49.503395677699025
epigenomics_1766_sol2sanger_265,80.22910655991343,32.04631492127196
epigenomics_1766_sol2sanger_266,87.64839019982213,30.238925120514885
epigenomics_1766_sol2sanger_267,77.60499939888965,28.16672343577809
epigenomics_1766_sol2sanger_268,75.97006836874924,47.8339224784709
epigenomics_1766_sol2sanger_269,76.98137273268142,41.29794901858101
epigenomics_1766_sol2sanger_270,79.60915901433026,49.76161407887997
epigenomics_1766_sol2sanger_271,78.39248719404874,39.15426751786336
epigenomics_1766_sol2sanger_272,78.70448947288688,51.99405103257653
epigenomics_1766_sol2sanger_273,82.26878754810653,47.59185220502085
epigenomics_1766_sol2sanger_274,78.88538372134897,47.43549978614327
epigenomics_1766_sol2sanger_275,78.94377871153712,32.27026993664994
epigenomics_1766_sol2sanger_276,72.31085394549241,48.382364982260455
epigenomics_1766_sol2sanger_277,75.04361382186299,39.262299876543956
epigenomics_1766_sol2sanger_278,84.29979794808065,48.79120070580681
epigenomics_1766_sol2sanger_279,81.44400507488221,49.1744904699034
epigenomics_1766_sol2sanger_280,73.30080216697053,40.5456665717922
epigenomics_1766_sol2sanger_281,88.84529104222173,36.90030653175469
epigenomics_1766_sol2sanger_282,81.06495217039888,51.15151793468216
epigenomics_1766_sol2sanger_283,80.7592518584346,34.21761646281951
epigenomics_1766_sol2sanger_284,79.00517140765929,30.05118479969516
epigenomics_1766_sol2sanger_285,77.77962772403066,42.397606263127024
epigenomics_1766_sol2sanger_286,81.00805771186715,42.83815398225539
epigenomics_1766_sol2sanger_287,84.40545933210242,36.03091949711079
epigenomics_1766_sol2sanger_288,78.77129853770886,56.54423593922777
epigenomics_1766_sol2sanger_289,81.0172283722113,38.008300544399326
epigenomics_1766_sol2sanger_290,74.96884240654619,54.182338929510735
epigenomics_1766_sol2sanger_291,85.88100876489938,52.44869508558427
epigenomics_1766_sol2sanger_292,70.07252679951053,27.054104307395175
epigenomics_1766_sol2sanger_293,74.27728486140954,49.44196042389641
epigenomics_1766_sol2sanger_294,78.8454982810172,34.29106622812925
epigenomics_1766_sol2sanger_295,83.78882119463907,50.85370733594157
epigenomics_1766_sol2sanger_296,78.8665038825304,54.533620793585825
epigenomics_1766_sol2sanger_297,73.66906066197095,30.41174573196855
epigenomics_1766_sol2sanger_298,75.5024378044602,54.870163071257515
epigenomics_1766_sol2sanger_299,72.50719021503824,34.0979109420784
epigenomics_1766_sol2sanger_300,79.99410370828272,40.07786495952494
epigenomics_1766_sol2sanger_301,76.21818456091727,36.86848845610291
epigenomics_1766_sol2sanger_302,77.38554610399883,34.84269404833321
epigenomics_1766_sol2sanger_303,77.77360584986833,42.91301426406742
epigenomics_1766_sol2sanger_304,85.27395339750299,56.55814989490269
epigenomics_1766_sol2sanger_305,77.67220673968221,61.044395724360236
epigenomics_1766_sol2sanger_306,81.68809401084611,48.34907072467721
epigenomics_1766_sol2sanger_307,79.32351462156265,29.603382775267384
epigenomics_1766_sol2sanger_308,78.08465499178641,45.7541207763927
epigenomics_1766_sol2sanger_309,79.73699910581009,48.44193729808876
epigenomics_1766_sol2sanger_310,83.40890451922098,28.737572059078495
epigenomics_1766_sol2sanger_311,82.98898889138444,39.15155211317072
epigenomics_1766_sol2sanger_312,77.13400380638893,49.99154753661505
epigenomics_1766_sol2sanger_313,79.05106910797466,55.556468475012096
epigenomics_1766_sol2sanger_314,78.04135414827834,59.994367892868944
epigenomics_1766_sol2sanger_315,85.35769458387426,38.837443336793214
epigenomics_1766_sol2sanger_316,80.01964731977438,29.789596989713502
epigenomics_1766_sol2sanger_317,80.6457236151374,39.029220868551974
epigenomics_1766_sol2sanger_318,74.66181724541576,42.21216547688188
epigenomics_1766_sol2sanger_319,76.32425019291105,37.30355651208892
epigenomics_1766_sol2sanger_320,76.90491440319238,46.50927488629044
epigenomics_1766_sol2sanger_321,83.00671969882738,43.14317401128718
epigenomics_1766_sol2sanger_322,81.84005358124094,32.42023806461329
epigenomics_1766_sol2sanger_323,77.93066381052374,29.348697972934424
epigenomics_1766_sol2sanger_324,79.67164045476191,43.801956538280535
epigenomics_1766_sol2sanger_325,82.78702249802447,31.003513063720295
epigenomics_1766_sol2sanger_326,85.92458830372759,45.713606743458364
epigenomics_1766_sol2sanger_327,76.62009075991591,49.95222636634996
epigenomics_1766_sol2sanger_328,83.07300081723187,45.70819007837357
epigenomics_1766_sol2sanger_329,77.81525788196491,44.424419511523574
epigenomics_1766_sol2sanger_330,81.63415788737628,36.58118128514677
epigenomics_1766_sol2sanger_331,89.47797389662887,51.54246467457876
epigenomics_1766_sol2sanger_332,73.72572799294824,44.99242406461945
epigenomics_1766_sol2sanger_333,85.83732857907002,30.01797024971345
epigenomics_1766_sol2sanger_334,75.63022114546479,45.45124954029683
epigenomics_1766_sol2sanger_335,85.06679144949092,41.35461840477478
epigenomics_1766_sol2sanger_336,76.07160700597515,57.94594438219572
epigenomics_1766_sol2sanger_337,81.83573382471417,38.76242842589618
epigenomics_1766_sol2sanger_338,80.05412018208598,57.42613204231371
epigenomics_1766_sol2sanger_339,82.73335534095787,41.108886635577
epigenomics_1766_sol2sanger_340,88.42862376414296,47.7390267968788
epigenomics_1766_sol2sanger_341,82.03522139011196,43.38763055825112
epigenomics_1766_sol2sanger_342,86.43976828253284,60.53093542334732
epigenomics_1766_sol2sanger_343,78.69698481249773,50.329899614944836
epigenomics_1766_sol2sanger_344,81.53863498850214,39.41131498798394
epigenomics_1766_sol2sanger_345,74.42567471031478,52.94009717995333
epigenomics_1766_sol2sanger_346,83.77786946118734,50.484819060334516
epigenomics_1766_sol2sanger_347,80.02307045400849,46.03247398389457
epigenomics_1766_sol2sanger_348,75.15627434668365,23.399829383786926
epigenomics_1766_sol2sanger_349,73.84619272678992,41.2406517099441
epigenomics_1766_sol2sanger_350,74.02842115821728,56.17086312557042
epigenomics_1766_sol2sanger_351,81.52618049204179,34.78106974726394
epigenomics_1766_sol2sanger_352,69.65912675796811,48.34936154244119
epigenomics_1766_sol2sanger_353,78.60373169647661,48.0831918437891
epigenomics_1766_sol2sanger_354,86.73481521901364,44.02242551728632
epigenomics_1766_sol2sanger_355,73.41433032139626,43.597575074455754
epigenomics_1766_sol2sanger_356,85.51718877864704,37.676238627244615
epigenomics_1766_sol2sanger_357,78.6057070947278,40.40507591987805
epigenomics_1766_sol2sanger_358,86.48308862095344,49.6186347956308
epigenomics_1766_sol2sanger_359,80.82905869136381,46.31431545304219
epigenomics_1766_sol2sanger_360,82.40785131539866,47.86009604960412
epigenomics_1766_sol2sanger_361,71.38466666224268,50.73377649875606
epigenomics_1766_sol2sanger_362,74.29026341998647,29.606971292691956
epigenomics_1766_sol2sanger_363,84.47420761530147,35.31480271365595
epigenomics_1766_sol2sanger_364,83.47831514350202,48.161766358803966
epigenomics_1766_sol2sanger_365,82.41595223467581,50.79810677358946
epigenomics_1766_sol2sanger_366,82.27389260940217,49.07289733209302
epigenomics_1766_sol2sanger_367,82.8776783798641,51.91802846375322
epigenomics_1766_sol2sanger_368,79.79968079294977,35.63989071680092
epigenomics_1766_sol2sanger_369,82.29539959475011,47.987389145293925
epigenomics_1766_sol2sanger_370,73.57644699365116,45.70067859553236
epigenomics_1766_sol2sanger_371,82.13207712413751,55.16069945480321
epigenomics_1766_sol2sanger_372,76.11132364903533,45.67450340895295
epigenomics_1766_sol2sanger_373,71.70036982279923,50.1472541009551
epigenomics_1766_sol2sanger_374,78.5381888737479,56.015799609923235
epigenomics_1766_sol2sanger_375,73.07785340860487,45.752606449552154
epigenomics_1766_sol2sanger_376,81.22446308308417,39.88271801201739
epigenomics_1766_sol2sanger_377,77.51749316971515,33.66648980248324
epigenomics_1766_sol2sanger_378,83.37784116071845,52.680898933021794
epigenomics_1766_sol2sanger_379,76.9634551209597,37.43272981965406
epigenomics_1766_sol2sanger_380,77.68429433839088,61.50552401908371
epigenomics_1766_sol2sanger_381,81.84815976919207,35.393267675363425
epigenomics_1766_sol2sanger_382,78.19041510961637,35.20279433307243
epigenomics_1766_sol2sanger_383,69.96776008472673,36.37839676535907
epigenomics_1766_sol2sanger_384,77.73372382267291,53.432166957302314
epigenomics_1766_sol2sanger_385,76.84656215119391,33.725223066100064
epigenomics_1766_sol2sanger_386,78.51639276922387,24.067723737233802
epigenomics_1766_sol2sanger_387,79.59435558916567,48.02768237437037
epigenomics_1766_sol2sanger_388,67.674061462727,40.07746010290186
epigenomics_1766_sol2sanger_389,78.5228889038996,33.22704114974245
epigenomics_1766_sol2sanger_390,75.89887752116888,37.70028391057209
epigenomics_1766_sol2sanger_391,89.62737763919333,52.17426111343135
epigenomics_1766_sol2sanger_392,77.87897754552303,46.16040356616333
epigenomics_1766_sol2sanger_393,79.49468274685691,39.20157488121337
epigenomics_1766_sol2sanger_394,80.75411434458721,51.00903938780648
epigenomics_1766_sol2sanger_395,84.07934173877076,64.27419646990131
epigenomics_1766_sol2sanger_396,83.14956270411648,36.49599359673129
epigenomics_1766_sol2sanger_397,75.745578702188,51.800455065382806
epigenomics_1766_sol2sanger_398,81.79641380800226,45.2826782718461
epigenomics_1766_sol2sanger_399,79.59073747263186,28.717322930018646
epigenomics_1766_sol2sanger_400,81.5268610881983,41.2388133994153
epigenomics_1766_sol2sanger_401,87.69760183818728,55.32185210336293
epigenomics_1766_sol2sanger_402,71.07604238434571,61.07043051702597
epigenomics_1766_sol2sanger_403,81.62040824344541,42.76081807895652
epigenomics_1766_sol2sanger_404,76.97179101280881,33.94813177756224
epigenomics_1766_sol2sanger_405,81.32757414439543,46.28218850108278
epigenomics_1766_sol2sanger_406,75.0955171905192,36.893151319794065
epigenomics_1766_sol2sanger_407,74.41371538700845,40.8559485168895
epigenomics_1766_sol2sanger_408,80.22153422997042,47.68528075269623
epigenomics_1766_sol2sanger_409,75.21895241338282,45.56371068549157
epigenomics_1766_sol2sanger_410,80.98195506411554,51.815986244074644
epigenomics_1766_sol2sanger_411,72.06984392081063,42.417980301305846
epigenomics_1766_sol2sanger_412,88.53658769533997,29.218069536399256
epigenomics_1766_sol2sanger_413,83.72191932708928,44.189725936000734
epigenomics_1766_sol2sanger_414,84.08841993740182,48.018655373425894
epigenomics_1766_sol2sanger_415,81.59109478763222,52.278290986032836
epigenomics_1766_sol2sanger_416,82.43773391960255,46.94978496327712
epigenomics_1766_sol2sanger_417,74.94219462935838,43.08485610573645
epigenomics_1766_sol2sanger_418,75.84085509174973,45.18728997716359
epigenomics_1766_sol2sanger_419,76.37415277971793,62.3347373082339
epigenomics_1766_sol2sanger_420,69.11572061194944,44.65818276138651
epigenomics_1766_sol2sanger_421,79.69638438694965,56.41410789404151
epigenomics_1766_sol2sanger_422,78.21716918994942,45.880854052980425
epigenomics_1766_sol2sanger_423,85.4625070072475,37.43771494867174
epigenomics_1766_sol2sanger_424,77.52092913056049,51.34634781460137
epigenomics_1766_sol2sanger_425,71.50981277540777,61.547577535845164
epigenomics_1766_sol2sanger_426,79.64354573107903,50.56689274816538
epigenomics_1766_sol2sanger_427,83.87630307560444,50.44973794810561
epigenomics_1766_sol2sanger_428,78.934526692324,36.09165628150943
epigenomics_1766_sol2sanger_429,76.7317175420826,46.34455987691808
epigenomics_1766_sol2sanger_430,78.06142677660803,41.44423893476142
epigenomics_1766_sol2sanger_431,87.41866623649342,39.156236323599266
epigenomics_1766_sol2sanger_432,76.4366039053565,39.27102033189837
epigenomics_1766_sol2sanger_433,80.52400828692996,38.139465255730904
epigenomics_1766_sol2sanger_434,80.76269848644615,43.046429305459775
epigenomics_1766_sol2sanger_435,78.04903523313843,45.42526251597888
epigenomics_1766_sol2sanger_436,83.40664443362276,63.14606694554624
epigenomics_1766_sol2sanger_437,73.5084668559134,44.65646982893337
epigenomics_1766_sol2sanger_438,72.25840354094355,48.1732317499921
epigenomics_1766_sol2sanger_439,83.50916488673907,46.23840038015941
epigenomics_1766_sol2sanger_440,76.31355625492219,39.9389764260333
epigenomics_1766_sol2sanger_441,84.67311190996914,48.53105986795354
epigenomics_1766_sol2sanger_442,77.02184619703141,62.72819925536015
epigenomics_1766_sol2sanger_443,79.57997214508728,37.870855645135094
epigenomics_1766_sol2sanger_444,72.86480634026178,38.77916341370353
epigenomics_1766_sol2sanger_445,80.99207605370387,42.38691696735748
epigenomics_1766_sol2sanger_446,82.73486578332677,43.07562935970298
epigenomics_1766_sol2sanger_447,81.94218227005963,51.840780858186285
epigenomics_1766_sol2sanger_448,75.54870707396364,45.52068890874949
epigenomics_1766_sol2sanger_449,81.83306794090977,50.65988692383232
epigenomics_1766_sol2sanger_450,76.06028477855232,52.70849925376599
epigenomics_1766_sol2sanger_451,84.23266648385699,38.8478771977952
epigenomics_1766_sol2sanger_452,79.10294752862553,44.35189320694286
epigenomics_1766_sol2sanger_453,75.2093641613463,37.6604475168377
epigenomics_1766_sol2sanger_454,76.43233627112616,54.70678533232686
epigenomics_1766_sol2sanger_455,77.35069699390439,44.614849594061376
epigenomics_1766_sol2sanger_456,80.3590179398976,47.52065792800245
epigenomics_1766_sol2sanger_457,85.09874224524788,39.702851942135695
epigenomics_1766_sol2sanger_458,87.69830375009163,47.789053402150785
epigenomics_1766_sol2sanger_459,75.0883087615496,41.190502330071425
epigenomics_1766_sol2sanger_460,83.21012613747364,39.180617072113776
epigenomics_1766_sol2sanger_461,79.462352341017,56.84673674861733
epigenomics_1766_sol2sanger_462,77.2198793409469,25.50164590712283
epigenomics_1766_sol2sanger_463,79.84213388466317,48.244905317954014
epigenomics_1766_sol2sanger_464,76.43566386169364,46.46012328809398
epigenomics_1766_sol2sanger_465,82.22247176941332,39.03470121828341
epigenomics_1766_sol2sanger_466,79.55056803484064,46.53414511585847
epigenomics_1766_sol2sanger_467,71.87156169843426,51.617643107012455
epigenomics_1766_sol2sanger_468,77.37917319576906,51.78354423193775
epigenomics_1766_sol2sanger_469,79.31192250120124,44.9734805391732
epigenomics_1766_sol2sanger_470,79.19618600751981,46.816710225766975
epigenomics_1766_sol2sanger_471,87.77628484507271,53.29360498099329
epigenomics_1766_sol2sanger_472,78.47137939156141,44.53152571184322
epigenomics_1766_sol2sanger_473,79.02165956195743,37.49077490545083
epigenomics_1766_sol2sanger_474,82.17066788848082,39.11144066637687
epigenomics_1766_sol2sanger_475,82.7099887429861,31.53488738160307
epigenomics_1766_sol2sanger_476,81.8212314991792,44.24305172843088
epigenomics_1766_sol2sanger_477,76.35770833743199,52.145179169099364
epigenomics_1766_sol2sanger_478,78.38228954160505,42.004153403158575
epigenomics_1766_sol2sanger_479,71.04984924076217,53.52517328608178
epigenomics_1766_sol2sanger_480,82.6720657435691,51.68865166594203
epigenomics_1766_sol2sanger_481,75.11860565682669,31.131299877007528
epigenomics_1766_sol2sanger_482,86.63962917733173,34.90759031633216
epigenomics_1766_sol2sanger_483,77.8854619427008,53.30601688192157
epigenomics_1766_sol2sanger_484,83.64162598062113,43.44667507876696
epigenomics_1766_sol2sanger_485,78.6191237982317,48.58812513645966
epigenomics_1766_sol2sanger_486,81.4446207113519,43.37677145029248
epigenomics_1766_sol2sanger_487,81.98140046933065,39.45281468069099
epigenomics_1766_sol2sanger_488,74.03526965960647,44.59434141861435
epigenomics_1766_sol2sanger_489,85.33668113673026,33.02573730166409
epigenomics_1766_sol2sanger_490,75.59528119218083,46.30892982312932
epigenomics_1766_sol2sanger_491,84.48920960751084,36.9985488537165
epigenomics_1766_sol2sanger_492,84.8028888302325,45.08086341885998
epigenomics_1766_sol2sanger_493,76.32582584814035,47.394713020962115
epigenomics_1766_sol2sanger_494,76.26881933093308,32.82402141197989
epigenomics_1766_sol2sanger_495,77.7033522387911,30.06040481103736
epigenomics_1766_sol2sanger_496,90.1459785150861,42.832544003646746
epigenomics_1766_sol2sanger_497,82.36581359370345,43.76931886875824
epigenomics_1766_sol2sanger_498,76.18101896760811,43.471248477823046
epigenomics_1766_sol2sanger_499,82.6617599510837,40.490680894338645
epigenomics_1766_fast2bfq_0,41.97282481458002,74.55704480268594
epigenomics_1766_fast2bfq_1,42.2261338773305,79.62987989762546
epigenomics_1766_fast2bfq_2,52.354414814473536,77.14756797080146
epigenomics_1766_fast2bfq_3,42.78572575720229,63.877374857629576
epigenomics_1766_fast2bfq_4,32.90105993504123,91.42586230457141
epigenomics_1766_fast2bfq_5,53.49532281377795,80.03308444878793
epigenomics_1766_fast2bfq_6,46.138698682594146,81.38960828975087
epigenomics_1766_fast2bfq_7,37.41082533127244,73.8353813368903
epigenomics_1766_fast2bfq_8,29.301249983753646,87.17244103483189
epigenomics_1766_fast2bfq_9,32.14764802840078,83.29862606644967
epigenomics_1766_fast2bfq_10,36.56692408823537,78.4465989206642
epigenomics_1766_fast2bfq_11,36.678525111671576,69.64463126286245
epigenomics_1766_fast2bfq_12,47.87735868168365,87.0506825999098
epigenomics_1766_fast2bfq_13,28.325061193658787,78.90531616809973
epigenomics_1766_fast2bfq_14,39.60049183966105,65.93726716080826
epigenomics_1766_fast2bfq_15,32.10912289177462,82.66177105925082
epigenomics_1766_fast2bfq_16,42.11393019744317,74.16423892611877
epigenomics_1766_fast2bfq_17,40.10076500789859,82.07322359204957
epigenomics_1766_fast2bfq_18,39.68931384631805,77.02586132312642
epigenomics_1766_fast2bfq_19,54.619111872998246,84.50894069066699
epigenomics_1766_fast2bfq_20,41.75574987342896,78.56711106125266
epigenomics_1766_fast2bfq_21,51.52159415278339,84.44007065395931
epigenomics_1766_fast2bfq_22,42.5040078769963,75.01981530610074
epigenomics_1766_fast2bfq_23,43.53617714254182,88.04988098074507
epigenomics_1766_fast2bfq_24,39.471465401618396,72.04728654927641
epigenomics_1766_fast2bfq_25,44.47136739760229,87.09880196105337
epigenomics_1766_fast2bfq_26,58.373871247388095,78.17561636028354
epigenomics_1766_fast2bfq_27,36.595722462876985,68.29374170834437
epigenomics_1766_fast2bfq_28,46.83896026361244,81.42729990962277
epigenomics_1766_fast2bfq_29,44.60891295731635,88.54042549499005
epigenomics_1766_fast2bfq_30,34.59326041325176,78.87385610022211
epigenomics_1766_fast2bfq_31,40.096000801022704,86.19272427966035
epigenomics_1766_fast2bfq_32,41.25224933042399,83.00219399073876
epigenomics_1766_fast2bfq_33,34.961834026661265,85.70374724992803
epigenomics_1766_fast2bfq_34,42.370998372240045,85.11854301815063
epigenomics_1766_fast2bfq_35,57.47108292818031,83.90165702403402
epigenomics_1766_fast2bfq_36,41.18109538920933,81.27836851696459
epigenomics_1766_fast2bfq_37,44.172761315942225,83.5162738046032
epigenomics_1766_fast2bfq_38,35.46157045922272,78.34253613974005
epigenomics_1766_fast2bfq_39,51.9222620759074,78.16797697315282
epigenomics_1766_fast2bfq_40,45.33274175211493,69.16561796398318
epigenomics_1766_fast2bfq_41,57.88709960529291,79.89489591090135
epigenomics_1766_fast2bfq_42,33.88044848639485,86.27630330685595
epigenomics_1766_fast2bfq_43,43.14214015264621,92.14523915237484
epigenomics_1766_fast2bfq_44,64.3145185452987,72.64269766115262
epigenomics_1766_fast2bfq_45,47.6978691318366,79.59293063262065
epigenomics_1766_fast2bfq_46,47.550393407927146,74.33778203877333
epigenomics_1766_fast2bfq_47,38.113647404634975,86.50430661520977
epigenomics_1766_fast2bfq_48,41.644639899000886,80.31165056535278
epigenomics_1766_fast2bfq_49,46.75483030582195,69.46461787465432
epigenomics_1766_fast2bfq_50,33.11216814859525,84.7069847639418
epigenomics_1766_fast2bfq_51,40.889882100841376,77.06378666236547
epigenomics_1766_fast2bfq_52,46.04374833634129,95.7859619828011
epigenomics_1766_fast2bfq_53,41.55534973274898,93.66153582648765
epigenomics_1766_fast2bfq_54,45.70724338917434,78.99973542157831
epigenomics_1766_fast2bfq_55,39.920745143782355,68.03597803144159
epigenomics_1766_fast2bfq_56,43.80105526627381,78.17901434927478
epigenomics_1766_fast2bfq_57,50.300851201601084,74.73412229282974
epigenomics_1766_fast2bfq_58,47.68423753399713,82.70526820167015
epigenomics_1766_fast2bfq_59,51.880622018209856,88.64491894589574
epigenomics_1766_fast2bfq_60,34.32812306269214,79.36690888448102
epigenomics_1766_fast2bfq_61,51.01274702416211,77.01257476147309
epigenomics_1766_fast2bfq_62,48.20447632037985,77.77411579462228
epigenomics_1766_fast2bfq_63,50.96172156063919,96.39870469306848
epigenomics_1766_fast2bfq_64,56.83868778751594,78.19334594464854
epigenomics_1766_fast2bfq_65,50.28503629294022,91.87444381616561
epigenomics_1766_fast2bfq_66,57.36745833596765,86.57370524134373
epigenomics_1766_fast2bfq_67,51.14164194129415,86.33535568289844
epigenomics_1766_fast2bfq_68,32.459167262505986,80.30695525189323
epigenomics_1766_fast2bfq_69,45.83389392889928,72.826530817322
epigenomics_1766_fast2bfq_70,45.10880287621176,84.8743244149402
epigenomics_1766_fast2bfq_71,45.569493666264194,89.64358229932925
epigenomics_1766_fast2bfq_72,42.96943943642012,76.74722819560857
epigenomics_1766_fast2bfq_73,58.34829828942976,88.20841429501797
epigenomics_1766_fast2bfq_74,52.681714757534195,72.09615253130136
epigenomics_1766_fast2bfq_75,39.49953112317232,77.41305019532805
epigenomics_1766_fast2bfq_76,35.680509260295246,84.66345788660803
epigenomics_1766_fast2bfq_77,36.221642908590745,92.11979183382466
epigenomics_1766_fast2bfq_78,42.722506391223675,75.53498579051092
epigenomics_1766_fast2bfq_79,51.78007330372312,90.01443517146461
epigenomics_1766_fast2bfq_80,40.770952453465206,85.7959282259431
epigenomics_1766_fast2bfq_81,56.3432129888958,74.4037512955898
epigenomics_1766_fast2bfq_82,42.460686731163285,71.08389893956635
epigenomics_1766_fast2bfq_83,42.325473669090854,83.6564478927368
epigenomics_1766_fast2bfq_84,55.04738006933128,82.31682459717494
epigenomics_1766_fast2bfq_85,30.61373738822367,64.3769421688195
epigenomics_1766_fast2bfq_86,44.6343772913817,79.12294078346578
epigenomics_1766_fast2bfq_87,50.890236162004165,76.63482541417395
epigenomics_1766_fast2bfq_88,52.73494671900475,62.05385514640773
epigenomics_1766_fast2bfq_89,35.45967224023177,92.89041588945027
epigenomics_1766_fast2bfq_90,41.653709261778154,78.03085099466915
epigenomics_1766_fast2bfq_91,46.84534835815929,90.37865168316246
epigenomics_1766_fast2bfq_92,57.68547893388629,78.35651104508747
epigenomics_1766_fast2bfq_93,33.499942162291326,86.80705704662398
epigenomics_1766_fast2bfq_94,21.413910011493925,81.53091177640518
epigenomics_1766_fast2bfq_95,38.69015163412268,87.63316106373946
epigenomics_1766_fast2bfq_96,40.56367623053287,67.67174083482467
epigenomics_1766_fast2bfq_97,45.58255890819485,85.03291305923722
epigenomics_1766_fast2bfq_98,47.51747581181126,71.03940154836181
epigenomics_1766_fast2bfq_99,39.473813231233265,83.0517828821363
epigenomics_1766_fast2bfq_100,48.31496542676868,79.6099057191762
epigenomics_1766_fast2bfq_101,42.26682231100177,68.83666404522859
epigenomics_1766_fast2bfq_102,52.80174244268808,85.26937987137444
epigenomics_1766_fast2bfq_103,54.27275256821145,78.91613820567042
epigenomics_1766_fast2bfq_104,47.619180155611915,84.40074935415723
epigenomics_1766_fast2bfq_105,40.221017870414336,91.85526395311973
epigenomics_1766_fast2bfq_106,40.233998717481875,84.3551433546172
epigenomics_1766_fast2bfq_107,41.962718538277684,77.62644392952755
epigenomics_1766_fast2bfq_108,45.59913678579442,80.73459674545614
epigenomics_1766_fast2bfq_109,44.89079515950546,94.62252750306124
epigenomics_1766_fast2bfq_110,49.611423220841665,81.65264305745741
epigenomics_1766_fast2bfq_111,45.81165157059525,80.40061130068958
epigenomics_1766_fast2bfq_112,37.67534330033473,79.08364886074156
epigenomics_1766_fast2bfq_113,47.785532131512724,88.74021091243084
epigenomics_1766_fast2bfq_114,50.143776885314196,77.14900552476
epigenomics_1766_fast2bfq_115,60.573861762762775,70.58053105789391
epigenomics_1766_fast2bfq_116,57.98071558343633,88.93122282084705
epigenomics_1766_fast2bfq_117,39.951869055161175,86.89032762520192
epigenomics_1766_fast2bfq_118,48.70156764787499,70.87616999862303
epigenomics_1766_fast2bfq_119,41.87939059303821,74.93410076525237
epigenomics_1766_fast2bfq_120,51.74657526043446,72.14021367069977
epigenomics_1766_fast2bfq_121,51.856150399853526,77.10966568895994
epigenomics_1766_fast2bfq_122,34.65434074819392,91.41812914361368
epigenomics_1766_fast2bfq_123,43.66436376479404,75.6943367991563
epigenomics_1766_fast2bfq_124,52.228288803582,73.79027422142575
epigenomics_1766_fast2bfq_125,45.33320085826502,66.59994599991501
epigenomics_1766_fast2bfq_126,43.86544706821192,75.29205181737792
epigenomics_1766_fast2bfq_127,45.432055229014104,83.57543449707924
epigenomics_1766_fast2bfq_128,50.30493730160277,76.51638950618485
epigenomics_1766_fast2bfq_129,47.98829873343881,78.43324310646186
epigenomics_1766_fast2bfq_130,49.04612955053131,92.19599646204486
epigenomics_1766_fast2bfq_131,49.377148068125244,85.39901253018495
epigenomics_1766_fast2bfq_132,34.91972579601699,67.61949003706823
epigenomics_1766_fast2bfq_133,38.929453708444974,87.27355425453797
epigenomics_1766_fast2bfq_134,44.41547143751919,77.7893983808891
epigenomics_1766_fast2bfq_135,46.28945116811953,86.39698267540084
epigenomics_1766_fast2bfq_136,54.488324682331545,80.62315867993121
epigenomics_1766_fast2bfq_137,34.75286321643692,73.43511265769966
epigenomics_1766_fast2bfq_138,47.684178173042355,71.17479939754452
epigenomics_1766_fast2bfq_139,62.3646370731435,86.0444674728643
epigenomics_1766_fast2bfq_140,43.9143845370533,79.85911025275963
epigenomics_1766_fast2bfq_141,54.34911132090334,81.27463092868707
epigenomics_1766_fast2bfq_142,49.26964362647335,76.04798806742065
epigenomics_1766_fast2bfq_143,44.707018064425505,78.14476335270491
epigenomics_1766_fast2bfq_144,33.547048462029466,80.84296598667932
epigenomics_1766_fast2bfq_145,43.500410116828235,72.4742104620662
epigenomics_1766_fast2bfq_146,40.45352956296698,65.88396410186822
epigenomics_1766_fast2bfq_147,54.25267577228233,84.01118394222856
epigenomics_1766_fast2bfq_148,45.31943313406711,81.98876302927572
epigenomics_1766_fast2bfq_149,43.93861674447814,77.9598302410862
epigenomics_1766_fast2bfq_150,45.19150777362014,70.68416888486601
epigenomics_1766_fast2bfq_151,43.402721887106246,97.52138195880566
epigenomics_1766_fast2bfq_152,43.34068527134527,78.58094364678108
epigenomics_1766_fast2bfq_153,54.787841756297055,87.51104301692727
epigenomics_1766_fast2bfq_154,55.178456456242515,82.04641020900306
epigenomics_1766_fast2bfq_155,50.59395562891588,65.97860011191915
epigenomics_1766_fast2bfq_156,40.936999838440954,83.8396340018484
epigenomics_1766_fast2bfq_157,39.788520014145384,83.4882427114965
epigenomics_1766_fast2bfq_158,46.35863857176497,87.84913297536077
epigenomics_1766_fast2bfq_159,46.48088055502058,81.8576704876759
epigenomics_1766_fast2bfq_160,42.00751577993299,70.85962806039515
epigenomics_1766_fast2bfq_161,41.90148341768172,88.31204558460753
epigenomics_1766_fast2bfq_162,41.93718131922898,78.49779949178132
epigenomics_1766_fast2bfq_163,46.63684762639078,81.65268825786421
epigenomics_1766_fast2bfq_164,53.15365877960304,87.66523939473501
epigenomics_1766_fast2bfq_165,35.31491619576256,87.96232731360463
epigenomics_1766_fast2bfq_166,44.15127381785377,66.58560232523585
epigenomics_1766_fast2bfq_167,37.35168482170657,91.46458957462941
epigenomics_1766_fast2bfq_168,49.96290394474311,82.65374372873464
epigenomics_1766_fast2bfq_169,46.51139628752221,70.4242956473952
epigenomics_1766_fast2bfq_170,39.26004057286476,77.20483667041691
epigenomics_1766_fast2bfq_171,48.52736419176902,72.44723600693582
epigenomics_1766_fast2bfq_172,54.49010456163209,79.39720646272885
epigenomics_1766_fast2bfq_173,32.073644810023005,84.49578480255097
epigenomics_1766_fast2bfq_174,52.23411186060348,77.57826593660086
epigenomics_1766_fast2bfq_175,39.04908323989758,85.4735317295001
epigenomics_1766_fast2bfq_176,43.10599823897493,83.17946570921679
epigenomics_1766_fast2bfq_177,46.96546767832363,80.10487614460709
epigenomics_1766_fast2bfq_178,39.21007860298311,82.6230071400123
epigenomics_1766_fast2bfq_179,48.57466294147766,83.63493738456866
epigenomics_1766_fast2bfq_180,45.507031682566804,80.53793475837934
epigenomics_1766_fast2bfq_181,32.67733290732864,77.0281289747714
epigenomics_1766_fast2bfq_182,39.82231019144489,68.50060325205236
epigenomics_1766_fast2bfq_183,52.88710342018536,85.60928598034477
epigenomics_1766_fast2bfq_184,45.56386652916211,82.63662404762104
epigenomics_1766_fast2bfq_185,51.051441304060106,72.22903031505605
epigenomics_1766_fast2bfq_186,45.786588986120925,75.09848820995389
epigenomics_1766_fast2bfq_187,40.76266453400109,77.11283621236792
epigenomics_1766_fast2bfq_188,43.55976520693983,81.24886486429821
epigenomics_1766_fast2bfq_189,54.08559248712561,77.06900630697776
epigenomics_1766_fast2bfq_190,54.45942215952328,83.7544046487211
epigenomics_1766_fast2bfq_191,49.109348640180244,86.48531798013207
epigenomics_1766_fast2bfq_192,55.251548308277386,78.28614891533904
epigenomics_1766_fast2bfq_193,49.72793781618172,85.99852870558624
epigenomics_1766_fast2bfq_194,45.298581654526956,77.96486454479677
epigenomics_1766_fast2bfq_195,42.1261648618706,72.10359572656576
epigenomics_1766_fast2bfq_196,42.01418207948885,84.39346029619809
epigenomics_1766_fast2bfq_197,50.85774642035752,75.55179199982493
epigenomics_1766_fast2bfq_198,49.09002660294875,63.0554333814946
epigenomics_1766_fast2bfq_199,42.043857729326255,83.55278174684685
epigenomics_1766_fast2bfq_200,45.13283261324127,69.34256932079255
epigenomics_1766_fast2bfq_201,36.203964860873654,71.33674244969576
epigenomics_1766_fast2bfq_202,33.74958771976359,74.44418927412752
epigenomics_1766_fast2bfq_203,45.893938278438796,67.19549039037761
epigenomics_1766_fast2bfq_204,36.54518090458288,76.9984613952784
epigenomics_1766_fast2bfq_205,50.11473154389915,80.0633117031089
epigenomics_1766_fast2bfq_206,40.96840223344012,87.60262583949358
epigenomics_1766_fast2bfq_207,45.0619694944604,63.73425900189151
epigenomics_1766_fast2bfq_208,37.71186179994683,78.87930032530653
epigenomics_1766_fast2bfq_209,52.293560794378266,89.05368045825867
epigenomics_1766_fast2bfq_210,51.86565142004549,91.29671293466006
epigenomics_1766_fast2bfq_211,40.860284148129054,83.78078304435383
epigenomics_1766_fast2bfq_212,45.99397071628783,90.51620371580924
epigenomics_1766_fast2bfq_213,59.85160138623933,66.04468100336206
epigenomics_1766_fast2bfq_214,51.81485291772383,69.07594661347873
epigenomics_1766_fast2bfq_215,59.497090366692845,82.38590356935235
epigenomics_1766_fast2bfq_216,35.07400540736024,83.34352563905028
epigenomics_1766_fast2bfq_217,32.07184496008829,94.50363415344358
epigenomics_1766_fast2bfq_218,52.96916305956681,74.95503905702579
epigenomics_1766_fast2bfq_219,41.7590597220582,72.74650452343572
epigenomics_1766_fast2bfq_220,38.23554681147276,70.25685476203004
epigenomics_1766_fast2bfq_221,43.08676131657731,80.93075716399176
epigenomics_1766_fast2bfq_222,43.1336969295057,77.11104270327668
epigenomics_1766_fast2bfq_223,50.32392590373292,94.20068981087431
epigenomics_1766_fast2bfq_224,42.61277533469724,83.45673387169568
epigenomics_1766_fast2bfq_225,32.25217707939498,84.34234563156757
epigenomics_1766_fast2bfq_226,40.78685873969373,81.47904372540468
epigenomics_1766_fast2bfq_227,50.56922115190135,91.71127794175149
epigenomics_1766_fast2bfq_228,36.279930376842515,87.00727496520409
epigenomics_1766_fast2bfq_229,48.144213779133416,82.36450696574995
epigenomics_1766_fast2bfq_230,44.92244135609695,80.77288509619626
epigenomics_1766_fast2bfq_231,35.98976276910619,79.94013560959162
epigenomics_1766_fast2bfq_232,46.40750921257028,86.62627963956461
epigenomics_1766_fast2bfq_233,37.85057473931985,82.34798000154832
epigenomics_1766_fast2bfq_234,41.387224792009825,83.54000510096702
epigenomics_1766_fast2bfq_235,51.970823329091026,75.88746828784852
epigenomics_1766_fast2bfq_236,36.585839096679116,67.17487764487191
epigenomics_1766_fast2bfq_237,52.56918321053506,86.3250995237749
epigenomics_1766_fast2bfq_238,43.221789097789475,77.22097696170036
epigenomics_1766_fast2bfq_239,35.92898675952621,80.19514856589862
epigenomics_1766_fast2bfq_240,45.86798772120716,70.14538657808309
epigenomics_1766_fast2bfq_241,37.10864577290776,85.5684431967691
epigenomics_1766_fast2bfq_242,43.295862120952314,79.28369771604909
epigenomics_1766_fast2bfq_243,39.714280226545846,76.77521541165352
epigenomics_1766_fast2bfq_244,35.840483729597665,77.98373016463682
epigenomics_1766_fast2bfq_245,38.90898913991629,76.87602863091307
epigenomics_1766_fast2bfq_246,45.694374058120424,79.87035186603232
epigenomics_1766_fast2bfq_247,49.969849059422884,87.60801090656042
epigenomics_1766_fast2bfq_248,41.840732211795455,94.78893755647184
epigenomics_1766_fast2bfq_249,55.71017930718035,71.02646074577227
epigenomics_1766_fast2bfq_250,37.28248290335507,81.98579155288195
epigenomics_1766_fast2bfq_251,42.104636034996815,82.00960080689602
epigenomics_1766_fast2bfq_252,48.73323150571158,89.56187686604035
epigenomics_1766_fast2bfq_253,38.41550866124573,81.58835381344294
epigenomics_1766_fast2bfq_254,48.520659369415334,82.26017226085975
epigenomics_1766_fast2bfq_255,46.41675036328047,81.70400866776806
epigenomics_1766_fast2bfq_256,35.81016513053493,71.7979984091877
epigenomics_1766_fast2bfq_257,46.34158556056626,89.49398778833901
epigenomics_1766_fast2bfq_258,35.22727649462794,77.71122703782316
epigenomics_1766_fast2bfq_259,46.917319278125156,74.48336772700742
epigenomics_1766_fast2bfq_260,45.443247060234164,74.61365966245323
epigenomics_1766_fast2bfq_261,43.311368302717895,86.40455177410055
epigenomics_1766_fast2bfq_262,47.585194336875915,74.14090282159954
epigenomics_1766_fast2bfq_263,50.82342628361768,68.82632339963946
epigenomics_1766_fast2bfq_264,44.94534934024285,69.13933514908673
epigenomics_1766_fast2bfq_265,46.40971516197997,92.76879319977458
epigenomics_1766_fast2bfq_266,45.58741808178237,73.75318608434598
epigenomics_1766_fast2bfq_267,50.00816249745973,73.70612211978828
epigenomics_1766_fast2bfq_268,59.49195501232305,61.45671028484364
epigenomics_1766_fast2bfq_269,36.32475118862486,78.66291749006817
epigenomics_1766_fast2bfq_270,45.789498908634705,78.86071365086853
epigenomics_1766_fast2bfq_271,28.320784717176647,75.9025301954283
epigenomics_1766_fast2bfq_272,42.48491494577987,76.96806514507111
epigenomics_1766_fast2bfq_273,49.57635914462169,92.20518021276439
epigenomics_1766_fast2bfq_274,52.02984341704038,87.50122619514579
epigenomics_1766_fast2bfq_275,47.76611402756278,81.81946076027549
epigenomics_1766_fast2bfq_276,44.63389689041657,89.15458083265936
epigenomics_1766_fast2bfq_277,32.472394580475985,81.13090130259063
epigenomics_1766_fast2bfq_278,36.945965128926666,75.82119175595345
epigenomics_1766_fast2bfq_279,34.75372541425491,88.74296600325509
epigenomics_1766_fast2bfq_280,38.99107827108364,69.22484363833748
epigenomics_1766_fast2bfq_281,47.83143541945607,81.71830334271198
epigenomics_1766_fast2bfq_282,43.37370870093832,75.65710083613139
epigenomics_1766_fast2bfq_283,44.616404898902005,77.36084635928485
epigenomics_1766_fast2bfq_284,33.31972718199118,79.39888690710697
epigenomics_1766_fast2bfq_285,54.64442239633135,89.16362524171997
epigenomics_1766_fast2bfq_286,40.000417899637476,82.14682959262187
epigenomics_1766_fast2bfq_287,35.06639050493471,81.70486295794139
epigenomics_1766_fast2bfq_288,40.85591970327337,78.70930141796781
epigenomics_1766_fast2bfq_289,41.98465055331199,96.73426913772522
epigenomics_1766_fast2bfq_290,47.57716604120737,88.0738927902929
epigenomics_1766_fast2bfq_291,46.60684537010429,66.8198402270714
epigenomics_1766_fast2bfq_292,58.94393728336887,71.1667058209438
epigenomics_1766_fast2bfq_293,43.28346021282839,86.55168490819507
epigenomics_1766_fast2bfq_294,44.020041235689604,80.13070968987496
epigenomics_1766_fast2bfq_295,47.09324299432353,93.50139270907545
epigenomics_1766_fast2bfq_296,43.29497406549025,91.0340570470645
epigenomics_1766_fast2bfq_297,43.62550219578161,79.36489331748602
epigenomics_1766_fast2bfq_298,38.306341392856524,73.8754963572617
epigenomics_1766_fast2bfq_299,60.45562474586441,80.89130588342958
epigenomics_1766_fast2bfq_300,42.27874923202948,77.81350331771044
epigenomics_1766_fast2bfq_301,53.77647317361919,71.12577388185471
epigenomics_1766_fast2bfq_302,39.16302496559126,74.19191687063277
epigenomics_1766_fast2bfq_303,54.14136060367538,86.23756322344404
epigenomics_1766_fast2bfq_304,42.45365362327613,83.1172577049127
epigenomics_1766_fast2bfq_305,45.1792915232806,75.21287050302985
epigenomics_1766_fast2bfq_306,53.04582472114885,80.28701610438792
epigenomics_1766_fast2bfq_307,40.98462262085778,76.3391007433484
epigenomics_1766_fast2bfq_308,36.02860435800109,84.5348354386467
epigenomics_1766_fast2bfq_309,53.57259299579072,91.28927764643396
epigenomics_1766_fast2bfq_310,40.80342061229258,78.67430955813424
epigenomics_1766_fast2bfq_311,54.778163521540186,76.60859075577068
epigenomics_1766_fast2bfq_312,47.058922015710166,84.1455505605337
epigenomics_1766_fast2bfq_313,52.41325004946304,69.75468960658046
epigenomics_1766_fast2bfq_314,34.842962254244306,85.33597237774495
epigenomics_1766_fast2bfq_315,46.760857697441224,73.91910354860823
epigenomics_1766_fast2bfq_316,53.27424234262102,81.51351349681185
epigenomics_1766_fast2bfq_317,48.69284286424988,88.09200841235128
epigenomics_1766_fast2bfq_318,46.792554968354665,81.81504414644144
epigenomics_1766_fast2bfq_319,44.53102567160999,68.04905884347819
epigenomics_1766_fast2bfq_320,38.80407965492843,85.66839797037977
epigenomics_1766_fast2bfq_321,42.92174528841662,81.46110640711629
epigenomics_1766_fast2bfq_322,48.84007987673207,94.31680376944124
epigenomics_1766_fast2bfq_323,38.79831687967134,78.31916853950172
epigenomics_1766_fast2bfq_324,43.02722373209094,87.81596375405304
epigenomics_1766_fast2bfq_325,42.30679423433852,78.96320587776903
epigenomics_1766_fast2bfq_326,47.79023199885794,86.15641753995888
epigenomics_1766_fast2bfq_327,51.31601947322379,82.77028625028214
epigenomics_1766_fast2bfq_328,40.401888737447116,91.24271933630565
epigenomics_1766_fast2bfq_329,49.27079457930627,93.39759651789403
epigenomics_1766_fast2bfq_330,34.580384120002286,84.00313113868434
epigenomics_1766_fast2bfq_331,41.641950108494,81.41385895663451
epigenomics_1766_fast2bfq_332,48.01648282919202,76.44058409743356
epigenomics_1766_fast2bfq_333,44.62246304320556,83.76766206575336
epigenomics_1766_fast2bfq_334,31.905110189065326,74.91722492071908
epigenomics_1766_fast2bfq_335,48.72698763068321,76.37491213363147
epigenomics_1766_fast2bfq_336,35.85694314832428,67.19711221316815
epigenomics_1766_fast2bfq_337,29.174891194351087,72.20409852531277
epigenomics_1766_fast2bfq_338,42.142502266952455,76.37256587393729
epigenomics_1766_fast2bfq_339,54.715944275361714,81.823334960262
epigenomics_1766_fast2bfq_340,38.39983221160472,86.93172606923926
epigenomics_1766_fast2bfq_341,46.04433791798798,87.91907234519023
epigenomics_1766_fast2bfq_342,48.45748274244944,74.01288108219957
epigenomics_1766_fast2bfq_343,45.885438424629655,74.28193066757467
epigenomics_1766_fast2bfq_344,45.00476789701224,88.40141456385578
epigenomics_1766_fast2bfq_345,45.62145314120775,77.90979464372667
epigenomics_1766_fast2bfq_346,46.54818213089206,75.65711750662418
epigenomics_1766_fast2bfq_347,49.262337352875484,75.80201622339325
epigenomics_1766_fast2bfq_348,62.84248483955004,76.3868484527807
epigenomics_1766_fast2bfq_349,52.43808569459024,88.5136408908144
epigenomics_1766_fast2bfq_350,44.921274150389486,74.09896486587262
epigenomics_1766_fast2bfq_351,56.96620086996647,72.6185739906788
epigenomics_1766_fast2bfq_352,46.85610094420191,83.1817624164172
epigenomics_1766_fast2bfq_353,43.81275420275344,83.211307824496
epigenomics_1766_fast2bfq_354,50.92485023702977,82.21011824519664
epigenomics_1766_fast2bfq_355,42.560208518542375,75.4195578939077
epigenomics_1766_fast2bfq_356,40.323645780053056,86.08658733566791
epigenomics_1766_fast2bfq_357,42.149712095570834,62.14495921590211
epigenomics_1766_fast2bfq_358,37.149442780460255,70.76711856336954
epigenomics_1766_fast2bfq_359,43.04642437570329,75.36477698979672
epigenomics_1766_fast2bfq_360,41.470418623690264,84.44731473926511
epigenomics_1766_fast2bfq_361,43.47988447109716,100.17437270968588
epigenomics_1766_fast2bfq_362,45.863311498339904,88.14914049141224
epigenomics_1766_fast2bfq_363,36.625578749740264,78.84719272090645
epigenomics_1766_fast2bfq_364,37.652373368916685,81.26441998671882
epigenomics_1766_fast2bfq_365,43.817630132647665,66.07030959200847
epigenomics_1766_fast2bfq_366,43.73044175256801,73.50492766081348
epigenomics_1766_fast2bfq_367,47.64980913662646,83.94543620524769
epigenomics_1766_fast2bfq_368,39.591479691688335,84.32986195345545
epigenomics_1766_fast2bfq_369,35.2989778845743,88.84413212134443
epigenomics_1766_fast2bfq_370,44.42042652706339,74.26141129831646
epigenomics_1766_fast2bfq_371,44.148317509748445,87.55296209152266
epigenomics_1766_fast2bfq_372,47.350285093482974,84.71629716880832
epigenomics_1766_fast2bfq_373,50.541540006025336,78.34121233180855
epigenomics_1766_fast2bfq_374,42.75580028961214,76.90387621173636
epigenomics_1766_fast2bfq_375,56.593987238274366,83.55640262238019
epigenomics_1766_fast2bfq_376,52.269815566022274,82.79247587016337
epigenomics_1766_fast2bfq_377,58.297898472998156,70.60461719588695
epigenomics_1766_fast2bfq_378,50.051337974692345,91.40824028202262
epigenomics_1766_fast2bfq_379,40.175056926619675,86.95219322822146
epigenomics_1766_fast2bfq_380,41.37409786424992,83.16119773599229
epigenomics_1766_fast2bfq_381,42.456961154678524,74.97067337478516
epigenomics_1766_fast2bfq_382,38.0569938194721,91.5854601200198
epigenomics_1766_fast2bfq_383,47.76202347867142,86.77759702948539
epigenomics_1766_fast2bfq_384,31.40556693749931,74.14850829803227
epigenomics_1766_fast2bfq_385,45.20804277813626,71.33069845940962
epigenomics_1766_fast2bfq_386,45.45402892605645,81.99836039551909
epigenomics_1766_fast2bfq_387,48.004321650828,72.62783841110726
epigenomics_1766_fast2bfq_388,44.03074125203214,71.90987278025935
epigenomics_1766_fast2bfq_389,45.665065808189794,88.55908901786495
epigenomics_1766_fast2bfq_390,28.03934263917075,79.71704043580567
epigenomics_1766_fast2bfq_391,24.775375659253662,83.28999749620087
epigenomics_1766_fast2bfq_392,57.07345450077103,89.9688784894345
epigenomics_1766_fast2bfq_393,41.41517278228584,86.31436482778743
epigenomics_1766_fast2bfq_394,67.65791902568832,81.03315275678453
epigenomics_1766_fast2bfq_395,45.59085475875785,84.42829738763051
epigenomics_1766_fast2bfq_396,39.631679979941275,91.12654240657194
epigenomics_1766_fast2bfq_397,53.58601870673984,71.33320634210689
epigenomics_1766_fast2bfq_398,37.99041550205148,90.43603168246565
epigenomics_1766_fast2bfq_399,46.984053250730014,83.16625069570306
epigenomics_1766_fast2bfq_400,40.61745752773649,78.54901661856157
epigenomics_1766_fast2bfq_401,52.34771397191952,76.64297319263336
epigenomics_1766_fast2bfq_402,55.96727744308029,67.40574279758981
epigenomics_1766_fast2bfq_403,22.13864767819764,79.6644888335655
epigenomics_1766_fast2bfq_404,35.06260280211022,81.23201388972869
epigenomics_1766_fast2bfq_405,48.65346151540343,75.9472196912129
epigenomics_1766_fast2bfq_406,47.238935475526006,89.14868386325246
epigenomics_1766_fast2bfq_407,37.64720432532809,89.07724938792475
epigenomics_1766_fast2bfq_408,47.27260919188271,66.22028425913491
epigenomics_1766_fast2bfq_409,45.98154090667159,97.3585378985546
epigenomics_1766_fast2bfq_410,45.6066563248625,86.0180647432667
epigenomics_1766_fast2bfq_411,46.422950956046975,82.05971999422536
epigenomics_1766_fast2bfq_412,47.27316048051823,80.11700149862631
epigenomics_1766_fast2bfq_413,51.904245101262376,73.37761020792627
epigenomics_1766_fast2bfq_414,51.28130736196195,86.67570285139354
epigenomics_1766_fast2bfq_415,37.732634496235434,81.690934834871
epigenomics_1766_fast2bfq_416,33.63068464919436,71.03428599851162
epigenomics_1766_fast2bfq_417,44.94133669091641,75.0817446840277
epigenomics_1766_fast2bfq_418,40.88289145953056,86.43975754912906
epigenomics_1766_fast2bfq_419,40.944936276591925,69.61424232670859
epigenomics_1766_fast2bfq_420,50.83481751733615,90.28955726153667
epigenomics_1766_fast2bfq_421,56.901950335872534,76.76201280030634
epigenomics_1766_fast2bfq_422,53.85124306145626,81.85184239410589
epigenomics_1766_fast2bfq_423,43.34318196046355,74.03322942763238
epigenomics_1766_fast2bfq_424,40.88767280795848,76.22442339149299
epigenomics_1766_fast2bfq_425,49.355132496392976,78.48053476169079
epigenomics_1766_fast2bfq_426,52.20181488694095,83.45058367239622
epigenomics_1766_fast2bfq_427,62.64687818461865,73.3807880853756
epigenomics_1766_fast2bfq_428,41.03413646365562,78.9239452486529
epigenomics_1766_fast2bfq_429,50.27620214542086,91.47422974113604
epigenomics_1766_fast2bfq_430,44.8876491563542,80.33780658128231
epigenomics_1766_fast2bfq_431,41.12343925877147,72.54477365312876
epigenomics_1766_fast2bfq_432,45.61077728807496,82.20454838824777
epigenomics_1766_fast2bfq_433,62.2338346442168,74.57481154586064
epigenomics_1766_fast2bfq_434,43.11719105595444,69.38606205353989
epigenomics_1766_fast2bfq_435,46.03364494545823,82.5841564924516
epigenomics_1766_fast2bfq_436,42.03264816956582,76.0205655414613
epigenomics_1766_fast2bfq_437,44.37907298419398,72.24442244267917
epigenomics_1766_fast2bfq_438,51.854018464767485,77.42353949618092
epigenomics_1766_fast2bfq_439,40.896776230789996,73.26604633564027
epigenomics_1766_fast2bfq_440,48.955503446480904,81.2686115965322
epigenomics_1766_fast2bfq_441,56.10803394444721,82.48159722903375
epigenomics_1766_fast2bfq_442,41.55908782491353,76.7647444291321
epigenomics_1766_fast2bfq_443,57.39484485172301,76.88624453352817
epigenomics_1766_fast2bfq_444,54.13975763356948,82.4828045332744
epigenomics_1766_fast2bfq_445,55.06548076348956,82.76184947792684
epigenomics_1766_fast2bfq_446,44.60714289609895,82.10883621100257
epigenomics_1766_fast2bfq_447,57.67095434450441,81.54111159267516
epigenomics_1766_fast2bfq_448,48.454828525577184,91.33094330190839
epigenomics_1766_fast2bfq_449,45.60045247490086,67.30440452225221
epigenomics_1766_fast2bfq_450,58.998260191372026,69.29417969760496
epigenomics_1766_fast2bfq_451,48.54450503488323,74.63165460727991
epigenomics_1766_fast2bfq_452,50.44120279500775,72.64218206097479
epigenomics_1766_fast2bfq_453,59.934783757907475,80.5382542424325
epigenomics_1766_fast2bfq_454,45.821499935257876,77.86204590510567
epigenomics_1766_fast2bfq_455,44.63068024243316,80.32145044962736
epigenomics_1766_fast2bfq_456,32.90477479692754,91.50174687246185
epigenomics_1766_fast2bfq_457,52.53929995052025,73.99148353984417
epigenomics_1766_fast2bfq_458,39.70837031192398,75.2604803309459
epigenomics_1766_fast2bfq_459,43.16648838477236,90.26541058945699
epigenomics_1766_fast2bfq_460,32.18234225537192,81.41341647157363
epigenomics_1766_fast2bfq_461,54.2590137911826,75.78734707279594
epigenomics_1766_fast2bfq_462,43.404223476042944,81.19337104361554
epigenomics_1766_fast2bfq_463,31.064491740991294,73.11211446532059
epigenomics_1766_fast2bfq_464,49.71378406267627,69.82408251438116
epigenomics_1766_fast2bfq_465,50.44548795214186,76.95753138924181
epigenomics_1766_fast2bfq_466,43.062913443783394,75.647626363092
epigenomics_1766_fast2bfq_467,47.80103920691927,77.44176925481139
epigenomics_1766_fast2bfq_468,49.62765167561959,81.42034797718041
epigenomics_1766_fast2bfq_469,42.77898932525215,79.46896128599363
epigenomics_1766_fast2bfq_470,45.264576264352456,85.74486940356722
epigenomics_1766_fast2bfq_471,42.84048875219845,71.4834690594294
epigenomics_1766_fast2bfq_472,49.47278306822393,73.94278412047944
epigenomics_1766_fast2bfq_473,40.90698392439927,84.87700647166537
epigenomics_1766_fast2bfq_474,38.802618579418684,76.23985352456754
epigenomics_1766_fast2bfq_475,39.418947458824604,76.52743622987829
epigenomics_1766_fast2bfq_476,53.12841311623794,69.77399177705249
epigenomics_1766_fast2bfq_477,50.43574588651178,83.05303880744476
epigenomics_1766_fast2bfq_478,44.03746835631312,86.39210696802337
epigenomics_1766_fast2bfq_479,40.4838810387378,84.1310058854852
epigenomics_1766_fast2bfq_480,48.79509687790957,80.19019417992405
epigenomics_1766_fast2bfq_481,37.37616079181649,68.30622950198766
epigenomics_1766_fast2bfq_482,51.498975016246035,75.05097026561617
epigenomics_1766_fast2bfq_483,43.52427115851847,81.9097496135286
epigenomics_1766_fast2bfq_484,46.18820251241924,81.82879833517475
epigenomics_1766_fast2bfq_485,40.16170099406748,90.8261517396548
epigenomics_1766_fast2bfq_486,25.45983897321466,81.0749597194223
epigenomics_1766_fast2bfq_487,31.34788870628384,77.4770901807031
epigenomics_1766_fast2bfq_488,43.046633208098875,80.30593965376832
epigenomics_1766_fast2bfq_489,55.300159340156114,83.66142195751982
epigenomics_1766_fast2bfq_490,44.52271281145647,78.37495855332233
epigenomics_1766_fast2bfq_491,46.71943795559309,81.4965274913028
epigenomics_1766_fast2bfq_492,45.29855950665609,75.85271989888732
epigenomics_1766_fast2bfq_493,38.97170504370155,73.64351980128194
epigenomics_1766_fast2bfq_494,44.01577412179266,82.15998031450411
epigenomics_1766_fast2bfq_495,41.23919788135855,77.7532062395762
epigenomics_1766_fast2bfq_496,59.030687502429814,89.51189854962394
epigenomics_1766_fast2bfq_497,41.87412619201755,76.05008268310036
epigenomics_1766_fast2bfq_498,44.18825762342689,81.12435505657196
epigenomics_1766_fast2bfq_499,45.15809271899216,81.4124883093953
epigenomics_1766_map_0,9522.92661602255,183.67331386901373
epigenomics_1766_map_1,10793.013785986643,185.5892185624886
epigenomics_1766_map_2,9299.567071501822,195.94377088584162
epigenomics_1766_map_3,10707.695348130243,188.6246794373285
epigenomics_1766_map_4,9457.726145705374,185.51622683521768
epigenomics_1766_map_5,10105.729926400525,187.4322788388599
epigenomics_1766_map_6,10123.951457966486,186.6757120763994
epigenomics_1766_map_7,9904.693528157524,178.4069396253484
epigenomics_1766_map_8,10197.140434255307,195.24682908245398
epigenomics_1766_map_9,9074.513190084179,187.92231646229433
epigenomics_1766_map_10,10735.764646512498,189.39654171948678
epigenomics_1766_map_11,10035.492798961308,183.42551601096585
epigenomics_1766_map_12,10264.057919182847,183.15113373095755
epigenomics_1766_map_13,9317.7976006605,185.28975999313744
epigenomics_1766_map_14,10351.087246589177,183.52116295287348
epigenomics_1766_map_15,9559.172053641323,186.15172527582786
epigenomics_1766_map_16,9575.956017152163,191.47318522857628
epigenomics_1766_map_17,9539.70822004634,193.55445596091857
epigenomics_1766_map_18,10623.463263978989,180.8015772886508
epigenomics_1766_map_19,10012.558004533515,191.17329962933277
epigenomics_1766_map_20,10821.618854279108,181.063045023266
epigenomics_1766_map_21,11217.866420543132,187.3213517826943
epigenomics_1766_map_22,9434.716864137003,177.6736592005888
epigenomics_1766_map_23,9962.275754425576,172.57228866456182
epigenomics_1766_map_24,10147.23852636649,184.0957662708448
epigenomics_1766_map_25,9815.19250958076,185.8745282035356
epigenomics_1766_map_26,9338.662111775542,183.4147382411953
epigenomics_1766_map_27,10021.884325144067,183.36689065464313
epigenomics_1766_map_28,10975.2641256104,186.4077724067098
epigenomics_1766_map_29,8974.883613973108,182.5832292217321
epigenomics_1766_map_30,9687.343079131739,194.42733333140046
epigenomics_1766_map_31,9328.243639138123,185.20594335804864
epigenomics_1766_map_32,9880.11777885712,189.78897777836005
epigenomics_1766_map_33,10309.77893043274,192.42808256709773
epigenomics_1766_map_34,9336.378390230448,185.41796750299454
epigenomics_1766_map_35,10286.899741929145,192.96449202044602
epigenomics_1766_map_36,9592.529378279258,180.9731443503168
epigenomics_1766_map_37,10853.862187675819,188.79221502631412
epigenomics_1766_map_38,10441.810734554307,184.09224469478661
epigenomics_1766_map_39,9139.688422072895,183.87417583428496
epigenomics_1766_map_40,10490.53996535619,186.88880146595272
epigenomics_1766_map_41,10359.532856499778,182.5093571430572
epigenomics_1766_map_42,9963.729050819125,185.41637596972936
epigenomics_1766_map_43,10147.223237736314,188.1494399296129
epigenomics_1766_map_44,10739.17275382055,182.67547835743386
epigenomics_1766_map_45,10192.25621160417,188.5874835588796
epigenomics_1766_map_46,10274.782547885941,179.2714837291028
epigenomics_1766_map_47,8827.255674311757,190.12412083961297
epigenomics_1766_map_48,10632.273125237027,184.874832015173
epigenomics_1766_map_49,9538.346322571755,179.6265197715024
epigenomics_1766_map_50,10064.754836825128,187.21304829412193
epigenomics_1766_map_51,9756.668747222911,179.87254928263135
epigenomics_1766_map_52,10142.951411936705,184.90720016856505
epigenomics_1766_map_53,10015.602593382044,187.17824079352678
epigenomics_1766_map_54,9813.94317557962,187.9084031781071
epigenomics_1766_map_55,9800.911916118535,184.66066351748023
epigenomics_1766_map_56,9495.023950522218,191.09092791463314
epigenomics_1766_map_57,9135.667425743173,195.47886893022672
epigenomics_1766_map_58,11221.905147445023,172.99373840195466
epigenomics_1766_map_59,10560.159110127772,193.76135189280276
epigenomics_1766_map_60,10438.990221282791,181.9123539547277
epigenomics_1766_map_61,11193.660463406246,183.03364061736755
epigenomics_1766_map_62,9571.992098328012,177.04676545581273
epigenomics_1766_map_63,9905.692035408862,187.99249056862516
epigenomics_1766_map_64,10437.979976515117,187.88612198299398
epigenomics_1766_map_65,9950.441114602034,183.906896131098
epigenomics_1766_map_66,10261.712452728667,183.19568726482777
epigenomics_1766_map_67,10079.735124640758,183.5936238339705
epigenomics_1766_map_68,9637.730778309262,180.74970656371445
epigenomics_1766_map_69,10168.90859465237,180.86931424983257
epigenomics_1766_map_70,10288.603817624951,182.99080816234212
epigenomics_1766_map_71,9673.046862511272,183.81316973476
epigenomics_1766_map_72,10100.114163066764,179.45911956446494
epigenomics_1766_map_73,10535.035974510629,186.08722500293186
epigenomics_1766_map_74,9557.473262440268,183.45198218965882
epigenomics_1766_map_75,10239.292438839775,190.63843327862187
epigenomics_1766_map_76,10918.062437226587,202.66331835178286
epigenomics_1766_map_77,10221.269071976609,181.85977896147304
epigenomics_1766_map_78,8867.148333228588,180.11712310055
epigenomics_1766_map_79,9848.5155804143,176.04155968589112
epigenomics_1766_map_80,9246.691656666724,186.72506924368454
epigenomics_1766_map_81,10802.502803956733,181.46865264887816
epigenomics_1766_map_82,10640.988148829778,188.95981738996812
epigenomics_1766_map_83,10358.162691361866,182.68690266990126
epigenomics_1766_map_84,10056.121185707547,175.06907350766653
epigenomics_1766_map_85,9834.419857814346,173.4588928868941
epigenomics_1766_map_86,10026.864836905446,176.7148012866783
epigenomics_1766_map_87,10363.592031244538,193.23185742357268
epigenomics_1766_map_88,10415.675136031847,183.9824781055617
epigenomics_1766_map_89,9493.841010870565,188.5646833148032
epigenomics_1766_map_90,10401.86186753133,185.75150650812
epigenomics_1766_map_91,11268.822953910885,172.28927801252303
epigenomics_1766_map_92,10010.444951825164,178.02498829324972
epigenomics_1766_map_93,9182.054694536191,184.27900020411897
epigenomics_1766_map_94,10461.726579971386,185.79444553802264
epigenomics_1766_map_95,9429.951207205268,189.75841231708696
epigenomics_1766_map_96,9977.498563662713,185.18475208445503
epigenomics_1766_map_97,9571.185355818016,186.0901262466954
epigenomics_1766_map_98,9243.376354845961,174.69718107439058
epigenomics_1766_map_99,9712.704876853362,182.46205409912116
epigenomics_1766_map_100,9030.804152435645,184.80989233970485
epigenomics_1766_map_101,10136.690531589276,190.47397317593447
epigenomics_1766_map_102,9513.199734919464,187.0176496539329
epigenomics_1766_map_103,10062.389485824116,190.95715931601632
epigenomics_1766_map_104,11040.585452738253,186.40127935044512
epigenomics_1766_map_105,9907.4181512392,173.97876712590516
epigenomics_1766_map_106,9450.634861974708,189.2403276180899
epigenomics_1766_map_107,10301.584939039009,179.89016242010584
epigenomics_1766_map_108,10286.910941819626,185.7170031619976
epigenomics_1766_map_109,10411.339936699153,185.60746054827686
epigenomics_1766_map_110,9865.956819976636,186.90260193721386
epigenomics_1766_map_111,10241.980427224731,176.46462094229344
epigenomics_1766_map_112,10632.56555511278,190.46126584054986
epigenomics_1766_map_113,9904.33710519631,184.98413229276363
epigenomics_1766_map_114,9529.337605494553,176.55099512660323
epigenomics_1766_map_115,10025.983370184094,180.48742799581944
epigenomics_1766_map_116,9848.11994246101,188.22533714767772
epigenomics_1766_map_117,10747.223300120451,176.86357940400407
epigenomics_1766_map_118,10140.84130516101,184.86511946450335
epigenomics_1766_map_119,9906.873277369485,178.18772914593018
epigenomics_1766_map_120,10171.9236730985,192.31428729095597
epigenomics_1766_map_121,9982.653808401292,182.67784245328113
epigenomics_1766_map_122,9506.4348954612,190.37289353447716
epigenomics_1766_map_123,9744.587572896626,181.22086657729162
epigenomics_1766_map_124,10623.691941213894,193.3491469977129
epigenomics_1766_map_125,10663.474261265976,191.9621019532905
epigenomics_1766_map_126,10589.674418524133,180.2470678722109
epigenomics_1766_map_127,10054.197956887192,183.9748056865939
epigenomics_1766_map_128,10408.391644476884,179.18634124586396
epigenomics_1766_map_129,9602.376053041284,182.95491744673802
epigenomics_1766_map_130,9352.341921093644,187.49777087302925
epigenomics_1766_map_131,9717.234697934486,181.84483265429049
epigenomics_1766_map_132,10351.840901188789,192.94667532775676
epigenomics_1766_map_133,9898.117007994713,182.50379163129517
epigenomics_1766_map_134,10385.455704701912,185.77959396892092
epigenomics_1766_map_135,11004.92619502888,184.51245174450446
epigenomics_1766_map_136,10292.098975181043,191.2287880116736
epigenomics_1766_map_137,10136.202695754926,185.12707110369072
epigenomics_1766_map_138,9199.828635153031,186.91535305712753
epigenomics_1766_map_139,10359.819093516155,183.49462539713497
epigenomics_1766_map_140,10335.544896649983,178.1886056462578
epigenomics_1766_map_141,10466.354915752643,172.65219240406253
epigenomics_1766_map_142,10443.286610576248,187.47137942429637
epigenomics_1766_map_143,10507.258116663104,193.77601502072272
epigenomics_1766_map_144,9200.329292778473,175.08059262848013
epigenomics_1766_map_145,10455.196686672864,183.95414456913227
epigenomics_1766_map_146,9625.083878052941,178.84336893339884
epigenomics_1766_map_147,10173.178260808989,190.70302174284106
epigenomics_1766_map_148,9960.320758859125,185.84363717097563
epigenomics_1766_map_149,10203.95779963603,186.39084971031517
epigenomics_1766_map_150,9781.829832009442,181.01004890518175
epigenomics_1766_map_151,9768.329791574293,184.8084803177097
epigenomics_1766_map_152,9875.5103740212,180.38744009152015
epigenomics_1766_map_153,9810.200148565675,187.40741069939267
epigenomics_1766_map_154,9642.586801198524,188.626423148374
epigenomics_1766_map_155,10092.911523236955,182.67165078331777
epigenomics_1766_map_156,10468.020081167459,174.82450272074598
epigenomics_1766_map_157,9408.77526970221,193.14417742765298
epigenomics_1766_map_158,10225.333590490973,189.20186517233174
epigenomics_1766_map_159,10205.79986234243,187.39308665492413
epigenomics_1766_map_160,9250.273391522147,187.8946181242815
epigenomics_1766_map_161,9749.537859264567,183.3478110297179
epigenomics_1766_map_162,10220.409043006537,201.03072061997176
epigenomics_1766_map_163,10370.749792597693,188.09017716886066
epigenomics_1766_map_164,9096.005123882092,187.66504143044645
epigenomics_1766_map_165,9613.800006619382,183.90934214074156
epigenomics_1766_map_166,9501.467694727338,186.03907723349923
epigenomics_1766_map_167,10314.473629305565,190.44954689270008
epigenomics_1766_map_168,9786.748761228086,196.97654627584936
epigenomics_1766_map_169,10031.630621000966,192.75157784613504
epigenomics_1766_map_170,10300.33469874724,182.56779111857855
epigenomics_1766_map_171,10057.7550936649,177.45625417122756
epigenomics_1766_map_172,10401.447495746756,194.91276759402612
epigenomics_1766_map_173,10148.097638811701,186.50046680595509
epigenomics_1766_map_174,11260.300448515176,189.79178790255855
epigenomics_1766_map_175,9835.114775845188,184.23491432003902
epigenomics_1766_map_176,10312.146421283114,185.26128558543098
epigenomics_1766_map_177,10378.886877840428,192.60357641722587
epigenomics_1766_map_178,9955.222251239813,188.72984642364625
epigenomics_1766_map_179,10677.725947448866,184.75014751416379
epigenomics_1766_map_180,11012.64658930473,198.74123028840845
epigenomics_1766_map_181,9897.737002174263,178.34478615103876
epigenomics_1766_map_182,10080.139312021854,185.7833849798721
epigenomics_1766_map_183,10364.746480449301,181.98714001822174
epigenomics_1766_map_184,10403.75829890586,180.5973531576449
epigenomics_1766_map_185,10569.34136080656,180.05249664338618
epigenomics_1766_map_186,9834.88816783435,190.22421645838116
epigenomics_1766_map_187,10130.516818672693,187.4119718643281
epigenomics_1766_map_188,10758.743041955478,183.5318354663163
epigenomics_1766_map_189,10998.462327817324,190.88375131772315
epigenomics_1766_map_190,9910.515494232188,182.36664183700893
epigenomics_1766_map_191,10187.033319789836,186.76390590530627
epigenomics_1766_map_192,9969.978391384671,183.3117184465787
epigenomics_1766_map_193,9434.724774090957,190.63315743117178
epigenomics_1766_map_194,10072.50245638297,177.69369441649948
epigenomics_1766_map_195,10161.191873199929,192.3639403003282
epigenomics_1766_map_196,9255.636662215598,185.11895132105514
epigenomics_1766_map_197,10167.968000318762,191.83159163160752
epigenomics_1766_map_198,10498.163025770378,188.39682419196666
epigenomics_1766_map_199,10465.900311227386,184.76717003985922
epigenomics_1766_map_200,10320.467170733402,179.9711246670407
epigenomics_1766_map_201,10646.44820293933,182.05686846115108
epigenomics_1766_map_202,10194.37221301333,192.19112781785637
epigenomics_1766_map_203,9800.710754649375,187.2840433740869
epigenomics_1766_map_204,10078.910413175387,184.82051771194944
epigenomics_1766_map_205,10112.629255073969,190.9395842640135
epigenomics_1766_map_206,10126.777297679018,184.5722589577796
epigenomics_1766_map_207,10468.13711519392,187.94873508873388
epigenomics_1766_map_208,10168.659649857933,190.17310667525885
epigenomics_1766_map_209,9897.404452289631,189.81215844742115
epigenomics_1766_map_210,10187.917859270154,177.7526531598365
epigenomics_1766_map_211,9114.59656098865,181.60720055012115
epigenomics_1766_map_212,9627.541677643983,188.18804913057448
epigenomics_1766_map_213,9622.56102592862,195.90497377982993
epigenomics_1766_map_214,9180.161915932676,182.6245286418828
epigenomics_1766_map_215,10256.137677293815,189.02306496272215
epigenomics_1766_map_216,9325.437144914049,180.8416679540338
epigenomics_1766_map_217,8945.781186361146,187.97586556340434
epigenomics_1766_map_218,9944.25867863336,183.9309389867479
epigenomics_1766_map_219,9594.596314619459,184.40217121742705
epigenomics_1766_map_220,9839.988334308946,186.7535061335499
epigenomics_1766_map_221,9301.869610865298,180.64871230643453
epigenomics_1766_map_222,9726.206148022924,182.473247049451
epigenomics_1766_map_223,9442.165498966971,183.41161520317823
epigenomics_1766_map_224,10685.163902309916,177.83385056322598
epigenomics_1766_map_225,10994.967719348555,182.9706955583221
epigenomics_1766_map_226,9974.327817089556,181.12042296487948
epigenomics_1766_map_227,10184.849516935792,177.67207306361118
epigenomics_1766_map_228,9725.634500054412,187.17713995998628
epigenomics_1766_map_229,10342.809362346383,178.08252421435125
epigenomics_1766_map_230,9251.980169497578,186.12233956970312
epigenomics_1766_map_231,9469.765321654246,177.02471484518796
epigenomics_1766_map_232,10566.618251085874,180.16194277703195
epigenomics_1766_map_233,9200.468052349468,182.05292767793665
epigenomics_1766_map_234,9686.029373280358,183.35898956013804
epigenomics_1766_map_235,10281.924637015958,182.20651693697843
epigenomics_1766_map_236,10106.844856315076,181.54718505072955
epigenomics_1766_map_237,10527.735390021098,179.18326920687142
epigenomics_1766_map_238,9981.208870105065,177.2720778128419
epigenomics_1766_map_239,9584.001417644764,185.18775642068118
epigenomics_1766_map_240,9992.918922011515,189.77966710672436
epigenomics_1766_map_241,9612.61147928877,180.08685705192383
epigenomics_1766_map_242,10299.288102064927,184.73713831641936
epigenomics_1766_map_243,9801.01665560775,181.50775693767608
epigenomics_1766_map_244,9433.146367540216,181.97364780811162
epigenomics_1766_map_245,10031.278739401741,181.88921156091968
epigenomics_1766_map_246,10281.734441586772,187.78999609845508
epigenomics_1766_map_247,10326.800119400708,187.21008512902372
epigenomics_1766_map_248,10200.265226156023,175.55543728995033
epigenomics_1766_map_249,10502.356022268743,182.33601425202406
epigenomics_1766_map_250,9791.717100124331,179.59925094931097
epigenomics_1766_map_251,9861.85026945378,177.82880060972178
epigenomics_1766_map_252,10941.828821114423,184.38800417282684
epigenomics_1766_map_253,9653.398390164983,189.72595379031455
epigenomics_1766_map_254,9533.1342180078,188.88687124453605
epigenomics_1766_map_255,10031.990246327825,195.10380814997217
epigenomics_1766_map_256,10016.158838401416,186.6929188141938
epigenomics_1766_map_257,9997.759782610581,184.26226726492658
epigenomics_1766_map_258,9324.806974934996,183.75218050867542
epigenomics_1766_map_259,10835.283380085855,175.15278131369274
epigenomics_1766_map_260,9517.321241984055,184.55746904121972
epigenomics_1766_map_261,9974.31453306642,181.33818034986857
epigenomics_1766_map_262,10347.245285400704,190.4365612307402
epigenomics_1766_map_263,9011.29427521567,177.11881365356626
epigenomics_1766_map_264,10128.539307497258,182.20073204390815
epigenomics_1766_map_265,10056.797218154376,182.62515286080995
epigenomics_1766_map_266,10022.590275763154,185.02455256805794
epigenomics_1766_map_267,10580.22788664921,185.6595320940606
epigenomics_1766_map_268,10811.33542150603,183.80458389830395
epigenomics_1766_map_269,10242.423889945978,182.51423327500498
epigenomics_1766_map_270,9914.059706252237,185.31155938826444
epigenomics_1766_map_271,9373.295433270276,189.24399915619207
epigenomics_1766_map_272,10422.855622862837,195.42353823413723
epigenomics_1766_map_273,10288.806038617846,182.38235039612442
epigenomics_1766_map_274,9625.125773448251,190.14473955671974
epigenomics_1766_map_275,9905.059714301986,191.99379084633446
epigenomics_1766_map_276,10330.791056875963,188.71857324075097
epigenomics_1766_map_277,9728.174345555108,179.18225957492768
epigenomics_1766_map_278,9845.739788864394,190.29808040909535
epigenomics_1766_map_279,9486.681689900608,181.02047585598763
epigenomics_1766_map_280,10714.55203662291,178.9786486635731
epigenomics_1766_map_281,10255.218904242844,182.01624298323193
epigenomics_1766_map_282,10172.224128953485,179.60650972356962
epigenomics_1766_map_283,9965.519945188014,183.97870216411619
epigenomics_1766_map_284,10046.967997507736,184.69686754255463
epigenomics_1766_map_285,9397.234915632933,183.625369589691
epigenomics_1766_map_286,10383.330903639908,182.55221523125044
epigenomics_1766_map_287,10165.285474300848,189.43096922874557
epigenomics_1766_map_288,10240.632461908432,180.24016053203437
epigenomics_1766_map_289,10450.228365662242,181.48269961516075
epigenomics_1766_map_290,10443.506525809791,182.57003527677685
epigenomics_1766_map_291,10269.720598411306,187.04825750133014
epigenomics_1766_map_292,10269.405637693044,180.46546236431797
epigenomics_1766_map_293,9460.409899054262,185.1637222403893
epigenomics_1766_map_294,10004.885031050595,178.85064441701658
epigenomics_1766_map_295,10047.096193780693,193.0861819684033
epigenomics_1766_map_296,10358.748118601045,192.67823773839996
epigenomics_1766_map_297,9049.405362521455,186.44117741297276
epigenomics_1766_map_298,9075.990502856319,186.6018962504832
epigenomics_1766_map_299,10004.460991494758,183.1339762393231
epigenomics_1766_map_300,10206.052350755317,184.81337716752373
epigenomics_1766_map_301,9653.510754449602,178.49592161328576
epigenomics_1766_map_302,10548.711877237673,193.33289006068483
epigenomics_1766_map_303,11106.402437250934,190.96339388912213
epigenomics_1766_map_304,9983.136464256995,184.5034617308758
epigenomics_1766_map_305,10404.061332225387,188.9150428520778
epigenomics_1766_map_306,10180.955396656422,190.04715006019455
epigenomics_1766_map_307,10687.073090654581,187.0186658045364
epigenomics_1766_map_308,9711.886943676149,187.37038559944045
epigenomics_1766_map_309,9343.31776263417,186.7323977238314
epigenomics_1766_map_310,10157.589267100951,175.19189232346181
epigenomics_1766_map_311,10364.546214029528,185.93303342430704
epigenomics_1766_map_312,10273.210407099421,179.54358813448025
epigenomics_1766_map_313,10509.613285935635,184.3750486370532
epigenomics_1766_map_314,9586.302930819333,184.6249083194144
epigenomics_1766_map_315,9277.12929974269,184.48485717465485
epigenomics_1766_map_316,10316.596101634797,186.94203311515759
epigenomics_1766_map_317,9188.491027072469,194.0985993181693
epigenomics_1766_map_318,9942.500027435995,182.73456459353505
epigenomics_1766_map_319,9937.859905872117,190.30347244680615
epigenomics_1766_map_320,9859.035179761608,187.27387508053283
epigenomics_1766_map_321,9941.717475831812,184.30316297324666
epigenomics_1766_map_322,11209.844334684434,181.39141221387987
epigenomics_1766_map_323,10076.472860267304,184.40132900469973
epigenomics_1766_map_324,9824.246604058844,193.4339394799177
epigenomics_1766_map_325,10093.164780744153,188.0974804598738
epigenomics_1766_map_326,10234.878293086038,191.86971659266206
epigenomics_1766_map_327,10363.273536748962,185.19723917412472
epigenomics_1766_map_328,9416.083152708086,180.9614776982472
epigenomics_1766_map_329,9578.489435885356,192.97224545535047
epigenomics_1766_map_330,10492.93291940782,183.21867296704295
epigenomics_1766_map_331,10443.464209882462,186.0546522626809
epigenomics_1766_map_332,9334.4598180194,190.11951985617458
epigenomics_1766_map_333,9985.955239281351,189.41091134564152
epigenomics_1766_map_334,9417.904418929902,184.98300449637853
epigenomics_1766_map_335,9818.472231218113,185.6766653829726
epigenomics_1766_map_336,10098.238082054133,181.70932578556528
epigenomics_1766_map_337,9687.503619576304,189.7384683350249
epigenomics_1766_map_338,10058.026082206008,183.44176800179756
epigenomics_1766_map_339,10239.867545009905,180.08219377526456
epigenomics_1766_map_340,9495.86766640708,189.71884725564527
epigenomics_1766_map_341,10425.353496089587,189.6807952487769
epigenomics_1766_map_342,10167.566218537919,191.20955847928872
epigenomics_1766_map_343,9785.411091860025,177.4578661873962
epigenomics_1766_map_344,10352.160979178532,185.8653900531909
epigenomics_1766_map_345,10443.646897405904,190.78739672983556
epigenomics_1766_map_346,9927.268236378688,190.19284859720125
epigenomics_1766_map_347,9940.541961227345,193.31242608898546
epigenomics_1766_map_348,9801.434069059413,194.49312796833482
epigenomics_1766_map_349,10412.348959422477,180.1703898783122
epigenomics_1766_map_350,10419.463373758357,191.30137768814535
epigenomics_1766_map_351,9994.950636338981,180.61220555790095
epigenomics_1766_map_352,9661.463515707906,198.08740439308846
epigenomics_1766_map_353,9738.29444786175,186.5221411711756
epigenomics_1766_map_354,10144.318331418053,179.86645854572248
epigenomics_1766_map_355,9632.73132819908,181.2186913606378
epigenomics_1766_map_356,10127.63117386585,184.6971554260591
epigenomics_1766_map_357,9806.38569151195,192.49729365974872
epigenomics_1766_map_358,9295.436978127549,182.93314208444127
epigenomics_1766_map_359,10136.284824228549,184.11517635156056
epigenomics_1766_map_360,10368.765728614695,184.84395094164518
epigenomics_1766_map_361,9477.42758415006,182.5044831263383
epigenomics_1766_map_362,10627.930160597589,184.86178412598264
epigenomics_1766_map_363,10489.486765877577,183.7819459390845
epigenomics_1766_map_364,10278.95463076374,191.35837005020534
epigenomics_1766_map_365,10575.100346960338,184.56027636735348
epigenomics_1766_map_366,10307.134112414346,176.1668525265228
epigenomics_1766_map_367,10123.3359718536,194.43579632108037
epigenomics_1766_map_368,9837.512575333674,179.65315771726847
epigenomics_1766_map_369,9776.514765926588,186.06972177710955
epigenomics_1766_map_370,9715.832479400302,179.31625382917665
epigenomics_1766_map_371,10123.413441074974,181.3060080381172
epigenomics_1766_map_372,8588.537269928831,183.07752461090018
epigenomics_1766_map_373,10354.835427699756,181.93268117437282
epigenomics_1766_map_374,10630.652508929217,188.66428051031966
epigenomics_1766_map_375,9655.098895752792,189.46871011742053
epigenomics_1766_map_376,9702.128582447694,185.86150926225068
epigenomics_1766_map_377,9593.866474553279,179.59618109426074
epigenomics_1766_map_378,9715.274365478092,185.8227747848821
epigenomics_1766_map_379,10299.43973011351,183.99561003656763
epigenomics_1766_map_380,9798.982497614566,187.01870469201552
epigenomics_1766_map_381,10008.948714622571,182.66081792156348
epigenomics_1766_map_382,10121.202529538003,182.93158083062886
epigenomics_1766_map_383,10338.58432867621,195.1299137524165
epigenomics_1766_map_384,9355.647589486762,181.65821509908665
epigenomics_1766_map_385,9521.29861910145,191.37964709037357
epigenomics_1766_map_386,9527.787928593005,180.02594345036732
epigenomics_1766_map_387,9220.158602378782,187.15934207927825
epigenomics_1766_map_388,9282.20555973378,183.19795236221822
epigenomics_1766_map_389,9988.0891999001,188.72808309936994
epigenomics_1766_map_390,10313.991154681784,184.829028793343
epigenomics_1766_map_391,10562.763702090604,186.14181645139044
epigenomics_1766_map_392,9491.99099174843,189.05087870599382
epigenomics_1766_map_393,10234.851715501598,191.79160365955713
epigenomics_1766_map_394,8973.204635501823,177.59633126381348
epigenomics_1766_map_395,9719.56831587775,182.36535839831424
epigenomics_1766_map_396,9871.552575399994,179.54084204696923
epigenomics_1766_map_397,11435.633929402899,178.3382957822836
epigenomics_1766_map_398,10089.988261904939,184.8488632005161
epigenomics_1766_map_399,9954.844173676182,186.7732247100832
epigenomics_1766_map_400,11059.092709751047,191.41221900061356
epigenomics_1766_map_401,9753.687736918355,169.5990039113363
epigenomics_1766_map_402,10917.060363619366,186.6507465956132
epigenomics_1766_map_403,10212.960839862197,174.02387570355728
epigenomics_1766_map_404,10488.253794056904,185.7872175075293
epigenomics_1766_map_405,10300.867579081172,182.76736995710908
epigenomics_1766_map_406,10694.723026638494,184.0975366958859
epigenomics_1766_map_407,10301.415125547512,187.38265045520814
epigenomics_1766_map_408,9924.191419729263,192.80542615139845
epigenomics_1766_map_409,10764.883907271227,187.0809781635134
epigenomics_1766_map_410,9688.469272315007,184.56054200517585
epigenomics_1766_map_411,10408.973484004875,186.99498893322544
epigenomics_1766_map_412,10006.430439052425,186.49739409350946
epigenomics_1766_map_413,10171.82327798298,183.13458424634942
epigenomics_1766_map_414,10480.113617889327,179.57277081819126
epigenomics_1766_map_415,9813.542074035147,186.29302384737323
epigenomics_1766_map_416,9552.479017562735,190.39884009392958
epigenomics_1766_map_417,10166.669611946712,175.1672130994019
epigenomics_1766_map_418,9738.35913138329,179.05072487992663
epigenomics_1766_map_419,10687.94761044807,187.80515004150396
epigenomics_1766_map_420,10010.832851348812,192.3969177161627
epigenomics_1766_map_421,9908.884359563493,187.16825490704417
epigenomics_1766_map_422,10251.693143803566,179.91810045450768
epigenomics_1766_map_423,9606.059121844282,181.51806178204916
epigenomics_1766_map_424,9850.3256785815,185.47727324309008
epigenomics_1766_map_425,10229.381685472645,183.5834727273958
epigenomics_1766_map_426,8947.24847268116,186.80666185800712
epigenomics_1766_map_427,9910.433022236932,175.93757073529594
epigenomics_1766_map_428,9755.249378989856,176.3190662503013
epigenomics_1766_map_429,10702.62418963193,187.7208557108791
epigenomics_1766_map_430,9285.475410996518,184.56772274348208
epigenomics_1766_map_431,9306.791248027821,188.17856525681512
epigenomics_1766_map_432,10402.459630900958,182.13145617735015
epigenomics_1766_map_433,9544.561532083982,193.0576325330769
epigenomics_1766_map_434,9643.607861138631,184.05500842241517
epigenomics_1766_map_435,10053.718092887873,176.00253143164693
epigenomics_1766_map_436,9740.017963991082,180.9017458381503
epigenomics_1766_map_437,9962.472784137899,193.69830734312842
epigenomics_1766_map_438,10973.535219148445,189.08117412238468
epigenomics_1766_map_439,9605.136802871819,182.24665708811006
epigenomics_1766_map_440,9974.899894315513,179.45509604320947
epigenomics_1766_map_441,9905.730623701249,189.89655326156213
epigenomics_1766_map_442,9793.567714043711,186.24317638650433
epigenomics_1766_map_443,9909.253379845693,184.27082673631787
epigenomics_1766_map_444,10156.636388134251,186.5213077287773
epigenomics_1766_map_445,9901.605180350063,190.04229031945547
epigenomics_1766_map_446,10338.627178471683,188.4440908699483
epigenomics_1766_map_447,9764.83819828128,189.3320708820455
epigenomics_1766_map_448,9293.732167486814,184.37089633813414
epigenomics_1766_map_449,10205.473972919866,187.83035260986597
epigenomics_1766_map_450,10027.438470119745,179.32669406059279
epigenomics_1766_map_451,10565.503767682354,177.95183675927333
epigenomics_1766_map_452,8594.284851512715,189.0053131453904
epigenomics_1766_map_453,10083.119078562315,176.0803735071549
epigenomics_1766_map_454,10581.776683710206,190.09550977125977
epigenomics_1766_map_455,10140.226038911964,184.13255092312235
epigenomics_1766_map_456,9506.188067125733,186.03885305011482
epigenomics_1766_map_457,9761.616818391338,179.83241680378578
epigenomics_1766_map_458,9934.475004721338,188.05876960027032
epigenomics_1766_map_459,9971.05680583623,193.6555771328358
epigenomics_1766_map_460,10153.78887171283,184.70975548843512
epigenomics_1766_map_461,9748.554864416586,185.23437419573452
epigenomics_1766_map_462,10221.266419603764,192.8256006041256
epigenomics_1766_map_463,9316.506372971928,178.2981288944769
epigenomics_1766_map_464,10372.170000133627,182.70658263137585
epigenomics_1766_map_465,9340.498815667172,189.2096359906
epigenomics_1766_map_466,9551.88230472025,188.94994546058575
epigenomics_1766_map_467,10912.00071117144,185.9739890384624
epigenomics_1766_map_468,10512.383714404363,181.41957113709444
epigenomics_1766_map_469,10012.511768986891,181.17732108332083
epigenomics_1766_map_470,10823.907118584697,179.21653781316968
epigenomics_1766_map_471,10510.413282681095,185.37764052996894
epigenomics_1766_map_472,10524.664437565489,189.33915656623697
epigenomics_1766_map_473,9786.712747690664,188.81425494192436
epigenomics_1766_map_474,10003.409875944328,178.47282750974387
epigenomics_1766_map_475,9894.753523441697,183.48811230489068
epigenomics_1766_map_476,10599.479104515553,180.7399006676935
epigenomics_1766_map_477,9663.87510695292,182.58237305987802
epigenomics_1766_map_478,9941.0366449003,185.16041406744952
epigenomics_1766_map_479,10746.640806665293,189.92236467189292
epigenomics_1766_map_480,10403.042598229098,185.43026197396966
epigenomics_1766_map_481,9407.820604581779,181.85835028229312
epigenomics_1766_map_482,10580.058873581698,197.73994893904958
epigenomics_1766_map_483,9564.832514279162,181.8831001884054
epigenomics_1766_map_484,9698.118679657222,181.0019906627974
epigenomics_1766_map_485,9805.05233886858,186.6107523871994
epigenomics_1766_map_486,10601.232786943787,181.0223427881811
epigenomics_1766_map_487,10881.709013621981,185.95566543338444
epigenomics_1766_map_488,10552.837179994745,184.30672163912212
epigenomics_1766_map_489,9398.148336234513,183.12166228490617
epigenomics_1766_map_490,10636.884332606593,184.87601367107598
epigenomics_1766_map_491,10547.230571595766,192.00907742866013
epigenomics_1766_map_492,10135.945218016,194.37540318231396
epigenomics_1766_map_493,9858.491311761569,178.8664354596767
epigenomics_1766_map_494,10175.804142102214,190.43403388771307
epigenomics_1766_map_495,9668.44885944874,183.11867738446045
epigenomics_1766_map_496,9171.673162336358,177.94607908192174
epigenomics_1766_map_497,9762.961415541213,186.51975391285364
epigenomics_1766_map_498,9885.191373346146,191.7064179076535
epigenomics_1766_map_499,9967.95723170946,183.07430303709538
epigenomics_1766_mapMerge1_0,131.0238012967211,117.20457313709092
epigenomics_1766_mapMerge1_1,116.61269656752052,125.86592307823368
epigenomics_1766_mapMerge2_0,117.72000946925961,117.92435741365111
epigenomics_1766_chr21_0,84.6223168688665,60.91079750920166
epigenomics_1766_pileup_0,232.5466221929352,108.86904283008519
