request,latency,mem
epigenomics_5540_entry_0,1.0,1.0
epigenomics_5540_fastqSplit_0,66.63884175198444,103.71835264288336
epigenomics_5540_fastqSplit_1,61.244659023179246,110.02960008910792
epigenomics_5540_filterContams_0,15.863938108316574,71.06683727135795
epigenomics_5540_filterContams_1,19.117627223311477,74.16539988853829
epigenomics_5540_filterContams_2,19.026706983899608,66.49348758879394
epigenomics_5540_filterContams_3,19.805549060188774,77.49316959790549
epigenomics_5540_filterContams_4,13.505457446163437,58.58488594998783
epigenomics_5540_filterContams_5,18.064848600369235,74.2912056909345
epigenomics_5540_filterContams_6,20.570316247459566,67.63261802021806
epigenomics_5540_filterContams_7,22.037917471697973,63.64936945988272
epigenomics_5540_filterContams_8,17.473209660535794,57.285365364434156
epigenomics_5540_filterContams_9,21.624889102315688,69.15922145863469
epigenomics_5540_filterContams_10,18.541922122156997,66.84872352813544
epigenomics_5540_filterContams_11,17.28580765541414,53.229855944724775
epigenomics_5540_filterContams_12,19.19518078219631,52.61161748243268
epigenomics_5540_filterContams_13,19.742458034110633,74.80433459448402
epigenomics_5540_filterContams_14,19.131949755538244,74.57794939140027
epigenomics_5540_filterContams_15,22.022666945714388,76.01836931754806
epigenomics_5540_filterContams_16,20.775901546342748,61.26171097574114
epigenomics_5540_filterContams_17,20.617100509058986,69.27233205453182
epigenomics_5540_filterContams_18,23.90406845478903,47.4436571565721
epigenomics_5540_filterContams_19,22.978310878154545,71.85950600461713
epigenomics_5540_filterContams_20,15.397518045358185,60.35518899697185
epigenomics_5540_filterContams_21,19.47079595587635,64.04437381551536
epigenomics_5540_filterContams_22,23.108807808752495,64.61874588857928
epigenomics_5540_filterContams_23,21.75605132037446,63.888650719946355
epigenomics_5540_filterContams_24,15.888664579921617,68.73060547467739
epigenomics_5540_filterContams_25,24.0410835941556,57.39592615012881
epigenomics_5540_filterContams_26,19.090367936273772,58.887033788694154
epigenomics_5540_filterContams_27,26.430260813740272,55.64934073580855
epigenomics_5540_filterContams_28,22.142865768281435,65.20213525826203
epigenomics_5540_filterContams_29,21.28233911680001,54.69014011317354
epigenomics_5540_filterContams_30,19.83735281036138,61.83651664879064
epigenomics_5540_filterContams_31,19.31572252468683,70.01014015622447
epigenomics_5540_filterContams_32,18.72626201331485,72.3579916618442
epigenomics_5540_filterContams_33,15.902709686182664,84.40255466472333
epigenomics_5540_filterContams_34,20.480402450027455,73.19947995217743
epigenomics_5540_filterContams_35,20.64389362951687,61.59416398755257
epigenomics_5540_filterContams_36,21.371750935823908,54.69328258993169
epigenomics_5540_filterContams_37,19.145971236353706,67.75470863268201
epigenomics_5540_filterContams_38,21.452149828155363,67.7668035741042
epigenomics_5540_filterContams_39,17.188689915475145,59.76776694104875
epigenomics_5540_filterContams_40,20.159361602941445,73.89169972061099
epigenomics_5540_filterContams_41,18.00939591765623,55.952702572878756
epigenomics_5540_filterContams_42,17.75987689839531,69.18435653343238
epigenomics_5540_filterContams_43,13.378356051105463,63.255281370770795
epigenomics_5540_filterContams_44,19.726717889820012,51.099643112104815
epigenomics_5540_filterContams_45,15.075105312139616,80.83271038976147
epigenomics_5540_filterContams_46,19.776849346784307,58.116948534868165
epigenomics_5540_filterContams_47,19.791734262483835,74.73641236344939
epigenomics_5540_filterContams_48,19.005269609750805,71.58757358431895
epigenomics_5540_filterContams_49,17.26386421162917,62.0327159674987
epigenomics_5540_filterContams_50,18.82067804286728,60.95798072640285
epigenomics_5540_filterContams_51,17.381147942449587,74.09394759744059
epigenomics_5540_filterContams_52,21.035941333825516,67.96910918794747
epigenomics_5540_filterContams_53,18.98934385746568,59.81797471452119
epigenomics_5540_filterContams_54,21.856909321945494,72.13555704376732
epigenomics_5540_filterContams_55,22.924595021502775,73.05836062046716
epigenomics_5540_filterContams_56,16.843776520148577,55.353640921810396
epigenomics_5540_filterContams_57,19.123176978929177,56.595448701516645
epigenomics_5540_filterContams_58,19.425965425485,74.56857919000453
epigenomics_5540_filterContams_59,15.37703676118553,60.046051907123406
epigenomics_5540_filterContams_60,17.232467266973124,73.76363772346953
epigenomics_5540_filterContams_61,25.214670849484442,61.68411178998183
epigenomics_5540_filterContams_62,21.248910312201122,63.220121748963614
epigenomics_5540_filterContams_63,22.75028300062857,59.31346435151314
epigenomics_5540_filterContams_64,21.360885590599658,72.81226386857303
epigenomics_5540_filterContams_65,19.119981391395847,82.06066983336152
epigenomics_5540_filterContams_66,17.223397699328327,70.07393136621224
epigenomics_5540_filterContams_67,21.703167230216405,69.5930108278458
epigenomics_5540_filterContams_68,22.48356981195859,66.80056956576473
epigenomics_5540_filterContams_69,16.2283706178005,70.01384411403856
epigenomics_5540_filterContams_70,14.939024709066505,59.17886549558342
epigenomics_5540_filterContams_71,24.60436181793112,51.73727313482992
epigenomics_5540_filterContams_72,17.26201193164703,59.87894990844477
epigenomics_5540_filterContams_73,20.806897418561707,62.06945355603025
epigenomics_5540_filterContams_74,21.85039764049231,51.177334748613035
epigenomics_5540_filterContams_75,20.755873421922466,67.6876434228346
epigenomics_5540_filterContams_76,16.289443617021156,81.76195471546025
epigenomics_5540_filterContams_77,14.415842454078156,66.99976961714023
epigenomics_5540_filterContams_78,20.561603500560995,55.036472046449894
epigenomics_5540_filterContams_79,20.880494719449793,65.32374237045845
epigenomics_5540_filterContams_80,20.45741369103878,71.1869464900558
epigenomics_5540_filterContams_81,17.343039381238345,72.54809429506606
epigenomics_5540_filterContams_82,16.881699471079564,65.82768271933661
epigenomics_5540_filterContams_83,21.741078512529757,83.8560987003511
epigenomics_5540_filterContams_84,21.134600633612553,74.62181102202531
epigenomics_5540_filterContams_85,15.781680464472306,69.80377948166381
epigenomics_5540_filterContams_86,18.370388421693413,71.38169707191356
epigenomics_5540_filterContams_87,17.32595520859679,70.94875275800818
epigenomics_5540_filterContams_88,15.872370142001696,69.8769198132281
epigenomics_5540_filterContams_89,16.57679312159178,70.91298437078332
epigenomics_5540_filterContams_90,18.941308140194263,56.19678032756529
epigenomics_5540_filterContams_91,18.37626748341824,58.545962742136176
epigenomics_5540_filterContams_92,23.851984838463554,59.9081477819004
epigenomics_5540_filterContams_93,17.374362103853056,77.52292073898536
epigenomics_5540_filterContams_94,18.18718831205061,63.963791950819086
epigenomics_5540_filterContams_95,19.18320970406835,59.90780841786193
epigenomics_5540_filterContams_96,20.271245773688417,65.92894308403285
epigenomics_5540_filterContams_97,18.901670899483356,54.16379723704063
epigenomics_5540_filterContams_98,18.94818180909873,60.75855924295472
epigenomics_5540_filterContams_99,20.60472664313904,61.36707788698643
epigenomics_5540_filterContams_100,22.37142776446355,63.523662333290254
epigenomics_5540_filterContams_101,19.180262177844167,68.23312989110103
epigenomics_5540_filterContams_102,18.27581051936313,72.16893640997175
epigenomics_5540_filterContams_103,17.04325226569358,65.99238931167355
epigenomics_5540_filterContams_104,24.869588965354673,69.04746246909406
epigenomics_5540_filterContams_105,18.588770216832007,61.454583099109605
epigenomics_5540_filterContams_106,19.588838388010426,65.95513025706856
epigenomics_5540_filterContams_107,14.975362808616891,65.3343479600795
epigenomics_5540_filterContams_108,25.33496677310654,78.49905446664968
epigenomics_5540_filterContams_109,17.60650778541448,66.5716470051845
epigenomics_5540_filterContams_110,17.05225180617471,63.85568843910964
epigenomics_5540_filterContams_111,18.48321704647529,60.93927739285318
epigenomics_5540_filterContams_112,23.892243574285164,64.07717864793173
epigenomics_5540_filterContams_113,22.23082673120485,79.34054948197287
epigenomics_5540_filterContams_114,20.685799758683366,54.893247998450434
epigenomics_5540_filterContams_115,19.593961121130036,68.92949727620808
epigenomics_5540_filterContams_116,21.228487229297436,69.65054549019928
epigenomics_5540_filterContams_117,19.540709534052038,60.163639871910775
epigenomics_5540_filterContams_118,19.390955499628,62.49388013117233
epigenomics_5540_filterContams_119,19.900349403756287,60.01531976853752
epigenomics_5540_filterContams_120,17.817615543198997,68.87355277528758
epigenomics_5540_filterContams_121,20.766468519123173,61.736371448530996
epigenomics_5540_filterContams_122,17.56477402354079,68.69669833749049
epigenomics_5540_filterContams_123,16.07728892774242,61.72293561661205
epigenomics_5540_filterContams_124,20.902801375353448,59.803836587195725
epigenomics_5540_filterContams_125,14.609305208837059,60.30972196965679
epigenomics_5540_filterContams_126,24.525484668979153,71.32221065096847
epigenomics_5540_filterContams_127,20.554642567737158,77.93709222661984
epigenomics_5540_filterContams_128,20.359779896226236,65.84393259719138
epigenomics_5540_filterContams_129,17.025562338760892,64.26945646257084
epigenomics_5540_filterContams_130,17.901157662038095,64.54921254172065
epigenomics_5540_filterContams_131,18.344237737632582,64.81702590947123
epigenomics_5540_filterContams_132,17.074647689798685,57.422772652756294
epigenomics_5540_filterContams_133,13.550779922564724,81.30718125768996
epigenomics_5540_filterContams_134,24.211560518682333,64.84222179458216
epigenomics_5540_filterContams_135,19.611105519058984,62.44216834253357
epigenomics_5540_filterContams_136,20.46382526845736,84.10224040674139
epigenomics_5540_filterContams_137,18.718276911964605,63.00340940257793
epigenomics_5540_filterContams_138,23.520930061314722,70.84544238828626
epigenomics_5540_filterContams_139,18.972701913392026,69.54315736552633
epigenomics_5540_filterContams_140,18.512692895691224,72.83635759280668
epigenomics_5540_filterContams_141,21.339962132869367,66.40991783695323
epigenomics_5540_filterContams_142,16.383679058014952,64.62902849175343
epigenomics_5540_filterContams_143,20.630094603057763,64.67365366565816
epigenomics_5540_filterContams_144,17.936992773220545,58.400200869851766
epigenomics_5540_filterContams_145,20.05648774985592,72.48142511210933
epigenomics_5540_filterContams_146,21.65663577105778,77.63018998547469
epigenomics_5540_filterContams_147,21.419271221828197,59.05660916015805
epigenomics_5540_filterContams_148,22.447538985344202,68.31815619033326
epigenomics_5540_filterContams_149,24.39423568268426,81.99169657860367
epigenomics_5540_filterContams_150,19.152598836230386,80.15441858515112
epigenomics_5540_filterContams_151,16.55498614844296,78.09207877028184
epigenomics_5540_filterContams_152,18.512255538965913,66.45889425171788
epigenomics_5540_filterContams_153,23.591976672434285,66.0525022951568
epigenomics_5540_filterContams_154,20.513138520668246,66.57821645941041
epigenomics_5540_filterContams_155,19.982121836994697,65.16409374316191
epigenomics_5540_filterContams_156,22.117318431323657,65.77248831676627
epigenomics_5540_filterContams_157,19.93884470497857,59.785018138382384
epigenomics_5540_filterContams_158,19.49534683396022,71.6893274395452
epigenomics_5540_filterContams_159,20.216461552380373,63.02910269088116
epigenomics_5540_filterContams_160,21.863303285342155,70.4114590330218
epigenomics_5540_filterContams_161,18.439116041646606,76.31874592992774
epigenomics_5540_filterContams_162,19.260544291669472,62.16758690565538
epigenomics_5540_filterContams_163,16.76333709041482,65.57555700210284
epigenomics_5540_filterContams_164,20.57052718189061,54.99430651687761
epigenomics_5540_filterContams_165,23.094047595585423,58.01666886791953
epigenomics_5540_filterContams_166,20.641671006389757,75.85697214528355
epigenomics_5540_filterContams_167,18.312130817430603,70.82125454663598
epigenomics_5540_filterContams_168,21.626177378967316,53.66127191403285
epigenomics_5540_filterContams_169,19.191487271467974,63.13122905213792
epigenomics_5540_filterContams_170,17.637080293297622,68.91652343183928
epigenomics_5540_filterContams_171,16.396512858893516,64.58390530114376
epigenomics_5540_filterContams_172,19.474390954467488,69.06296141239926
epigenomics_5540_filterContams_173,17.283464238439805,71.10692481279924
epigenomics_5540_filterContams_174,23.012535587821166,73.41635077553047
epigenomics_5540_filterContams_175,20.051970735079134,67.60320402322807
epigenomics_5540_filterContams_176,16.38453202403707,59.98774078846391
epigenomics_5540_filterContams_177,15.753233404706172,68.28541616237138
epigenomics_5540_filterContams_178,22.78788329900476,63.07186620546517
epigenomics_5540_filterContams_179,25.440980983054857,66.62835711385789
epigenomics_5540_filterContams_180,19.177883501209294,74.67348896498358
epigenomics_5540_filterContams_181,21.462101896846498,61.62453580129878
epigenomics_5540_filterContams_182,19.272269719217405,69.4606388772549
epigenomics_5540_filterContams_183,21.304517014197536,66.8983668950145
epigenomics_5540_filterContams_184,16.520297373318737,62.50371866355126
epigenomics_5540_filterContams_185,21.699330469175166,58.66853771773091
epigenomics_5540_filterContams_186,17.628573695706475,64.72225124393587
epigenomics_5540_filterContams_187,15.85692371979118,69.3619043417052
epigenomics_5540_filterContams_188,18.353252679515272,51.746161864425574
epigenomics_5540_filterContams_189,19.242722459311842,64.32632292261277
epigenomics_5540_filterContams_190,11.74891866929479,58.71049152457949
epigenomics_5540_filterContams_191,19.4732724986493,77.94539661056083
epigenomics_5540_filterContams_192,17.595422088838955,58.10847797531514
epigenomics_5540_filterContams_193,25.33030178345332,56.09251760327706
epigenomics_5540_filterContams_194,21.957968710103778,72.90037060392712
epigenomics_5540_filterContams_195,23.84052087462839,73.05984102275121
epigenomics_5540_filterContams_196,18.36871950330593,67.80177780491228
epigenomics_5540_filterContams_197,14.568211216886715,60.81688671338203
epigenomics_5540_filterContams_198,17.571764649070264,66.76951919763256
epigenomics_5540_filterContams_199,19.6072003698048,72.31817262852782
epigenomics_5540_filterContams_200,20.163289457554544,76.04364238563326
epigenomics_5540_filterContams_201,21.438724868034456,71.7031980961454
epigenomics_5540_filterContams_202,20.79412360834034,61.317314891831906
epigenomics_5540_filterContams_203,22.635255110582698,66.33548838627014
epigenomics_5540_filterContams_204,21.046674576732162,62.52276774017836
epigenomics_5540_filterContams_205,16.33549130821422,62.99543470038412
epigenomics_5540_filterContams_206,17.60550889773996,78.81308819961846
epigenomics_5540_filterContams_207,21.656402705902174,64.20885624674669
epigenomics_5540_filterContams_208,24.503944255250193,61.99929631008473
epigenomics_5540_filterContams_209,17.264797548677212,65.70649163507336
epigenomics_5540_filterContams_210,20.281775823773703,58.1891467983373
epigenomics_5540_filterContams_211,15.516534371949898,53.13648253693311
epigenomics_5540_filterContams_212,18.107333399598485,76.54872839180264
epigenomics_5540_filterContams_213,19.07071500860856,70.16794973118847
epigenomics_5540_filterContams_214,24.9417167692921,58.57278550534288
epigenomics_5540_filterContams_215,15.647240300149821,62.618716834895636
epigenomics_5540_filterContams_216,22.235075161961355,77.29301380465
epigenomics_5540_filterContams_217,17.9893925141276,54.45829230699286
epigenomics_5540_filterContams_218,17.068161540261478,57.751920178094494
epigenomics_5540_filterContams_219,16.165358615404298,58.67971541853536
epigenomics_5540_filterContams_220,22.94620939614498,54.94658339601011
epigenomics_5540_filterContams_221,21.007797711943965,58.160283853209165
epigenomics_5540_filterContams_222,19.871184489337654,64.07203810366899
epigenomics_5540_filterContams_223,21.6260237384474,53.765292981884414
epigenomics_5540_filterContams_224,23.91562405054909,73.73079010066564
epigenomics_5540_filterContams_225,23.23246809133327,58.42957229042172
epigenomics_5540_filterContams_226,20.88187855895461,39.99486657757203
epigenomics_5540_filterContams_227,20.760495014041606,64.2558704744074
epigenomics_5540_filterContams_228,18.954683623396146,61.51879895530589
epigenomics_5540_filterContams_229,11.583384686002061,62.738314243299044
epigenomics_5540_filterContams_230,22.276131259591338,69.15282785315561
epigenomics_5540_filterContams_231,18.227112917800305,83.09751524246508
epigenomics_5540_filterContams_232,22.98688468563921,63.949851585025975
epigenomics_5540_filterContams_233,18.47520847303381,55.94101465326736
epigenomics_5540_filterContams_234,24.69071023632908,71.76457261216066
epigenomics_5540_filterContams_235,23.72669116280847,70.48376551789238
epigenomics_5540_filterContams_236,17.982940583461787,74.49679965317269
epigenomics_5540_filterContams_237,20.451988579836822,60.877365016792325
epigenomics_5540_filterContams_238,23.350418101370114,58.331738863097975
epigenomics_5540_filterContams_239,23.96249348951504,67.23081624899159
epigenomics_5540_filterContams_240,18.834467872987588,74.9923940551724
epigenomics_5540_filterContams_241,25.29262722616986,75.87663247250472
epigenomics_5540_filterContams_242,21.628194773599226,62.027946205796574
epigenomics_5540_filterContams_243,18.769093731562744,80.08500722733277
epigenomics_5540_filterContams_244,14.234459103195736,57.96376077659246
epigenomics_5540_filterContams_245,18.8907930790034,52.43356578177501
epigenomics_5540_filterContams_246,19.61474675096461,78.66140838187397
epigenomics_5540_filterContams_247,13.521591075504505,57.36662726218182
epigenomics_5540_filterContams_248,16.53011702276685,61.728119364416656
epigenomics_5540_filterContams_249,18.197193864650913,66.44952249454383
epigenomics_5540_filterContams_250,23.85198470144632,65.72145815801603
epigenomics_5540_filterContams_251,22.621790631709462,66.42166612696266
epigenomics_5540_filterContams_252,15.996377800045709,63.72929516157243
epigenomics_5540_filterContams_253,20.487318539057878,67.66799048250478
epigenomics_5540_filterContams_254,23.887054162978448,75.11067085277224
epigenomics_5540_filterContams_255,15.765948971582159,87.37313795102276
epigenomics_5540_filterContams_256,22.774215111727173,62.97720040410879
epigenomics_5540_filterContams_257,21.79783780074952,63.12818173149448
epigenomics_5540_filterContams_258,18.389353494611864,59.82753839677602
epigenomics_5540_filterContams_259,16.214279403701628,64.02955619701241
epigenomics_5540_filterContams_260,17.514832408398163,67.19704165800424
epigenomics_5540_filterContams_261,15.920917240703734,54.575332005833246
epigenomics_5540_filterContams_262,22.497858291728743,81.27369233900176
epigenomics_5540_filterContams_263,19.5019500992858,66.73128512772827
epigenomics_5540_filterContams_264,22.52550464101734,61.56666489379286
epigenomics_5540_filterContams_265,23.726595872086882,77.18442557223945
epigenomics_5540_filterContams_266,19.596934330594816,52.755912587577264
epigenomics_5540_filterContams_267,19.456387194303815,69.25497987965554
epigenomics_5540_filterContams_268,23.72979429436168,57.81571581096954
epigenomics_5540_filterContams_269,19.05338922155766,70.29079019567293
epigenomics_5540_filterContams_270,25.205981515625144,71.82641933028076
epigenomics_5540_filterContams_271,22.801663353159967,65.93349835934214
epigenomics_5540_filterContams_272,25.495424378075626,65.12310359784728
epigenomics_5540_filterContams_273,23.696021822969904,67.83803093253069
epigenomics_5540_filterContams_274,22.67014839226877,59.19969598767591
epigenomics_5540_filterContams_275,16.32402275799671,61.01299876754032
epigenomics_5540_filterContams_276,22.941477101636657,76.24902608654716
epigenomics_5540_filterContams_277,23.718739726831796,66.98552601915011
epigenomics_5540_filterContams_278,15.554042100811369,56.7862069075929
epigenomics_5540_filterContams_279,16.300747844872767,72.37599086474617
epigenomics_5540_filterContams_280,19.154972180249132,64.18744219447163
epigenomics_5540_filterContams_281,22.88452977841989,76.75728919656156
epigenomics_5540_filterContams_282,21.652999387473077,68.26674195764296
epigenomics_5540_filterContams_283,24.60300098237293,62.80681869652699
epigenomics_5540_filterContams_284,15.463801813366791,64.56203908012495
epigenomics_5540_filterContams_285,18.740298701648243,66.592419519722
epigenomics_5540_filterContams_286,22.251196138770446,57.296294014910984
epigenomics_5540_filterContams_287,21.335741656403275,61.19530187163334
epigenomics_5540_filterContams_288,15.645010358652964,66.37473844275527
epigenomics_5540_filterContams_289,9.842667220436164,74.31222551754347
epigenomics_5540_filterContams_290,23.743774802430373,65.81952600257864
epigenomics_5540_filterContams_291,18.00925186546014,78.8382790690437
epigenomics_5540_filterContams_292,19.349378806864447,62.96544028875095
epigenomics_5540_filterContams_293,23.22516987020358,59.96741475891368
epigenomics_5540_filterContams_294,19.474190664435156,52.91879644723044
epigenomics_5540_filterContams_295,23.34401152863012,63.50712111605118
epigenomics_5540_filterContams_296,17.122067018337546,68.17115485323508
epigenomics_5540_filterContams_297,20.349994978620874,62.5182099139194
epigenomics_5540_filterContams_298,18.944341239364682,68.44263992964629
epigenomics_5540_filterContams_299,17.984757446859614,55.05110574201339
epigenomics_5540_filterContams_300,19.053411223144153,73.63703245538501
epigenomics_5540_filterContams_301,19.87744606831602,68.30005846318636
epigenomics_5540_filterContams_302,20.82990368554698,65.17934715314257
epigenomics_5540_filterContams_303,21.30986134219019,58.914997261045514
epigenomics_5540_filterContams_304,18.528017169428548,68.824910815914
epigenomics_5540_filterContams_305,22.91881033660607,50.480998232859264
epigenomics_5540_filterContams_306,23.972607306792543,67.03506521875796
epigenomics_5540_filterContams_307,17.06458180482605,66.95498667014269
epigenomics_5540_filterContams_308,18.02413998328594,72.53611253101334
epigenomics_5540_filterContams_309,20.187954852574908,58.05080317714541
epigenomics_5540_filterContams_310,15.75194204957516,57.84735103222121
epigenomics_5540_filterContams_311,23.96236194845942,57.37470784237472
epigenomics_5540_filterContams_312,22.489574321435867,77.78916377068288
epigenomics_5540_filterContams_313,16.136663755850826,57.88551110051323
epigenomics_5540_filterContams_314,24.05985872487952,53.60177560030361
epigenomics_5540_filterContams_315,21.972819102743316,75.72962395610836
epigenomics_5540_filterContams_316,16.05313017708125,65.5487863965194
epigenomics_5540_filterContams_317,23.094526320774367,65.94742523782504
epigenomics_5540_filterContams_318,21.196523118578295,72.0091023973366
epigenomics_5540_filterContams_319,17.080733869841303,71.55998143438953
epigenomics_5540_filterContams_320,23.346596768454894,69.40410263957897
epigenomics_5540_filterContams_321,18.52995992208798,69.19449782393438
epigenomics_5540_filterContams_322,18.10948821202051,77.90133678086028
epigenomics_5540_filterContams_323,13.156234529773133,81.64756910967736
epigenomics_5540_filterContams_324,15.070469994139502,78.27339829868919
epigenomics_5540_filterContams_325,17.66802002051255,61.06767031751902
epigenomics_5540_filterContams_326,23.51828182967306,55.32069076120925
epigenomics_5540_filterContams_327,23.066350903831186,59.791489399743526
epigenomics_5540_filterContams_328,15.940919779971914,56.770167190397835
epigenomics_5540_filterContams_329,17.03652993610271,63.063433370049445
epigenomics_5540_filterContams_330,19.214501627316142,69.72084632473977
epigenomics_5540_filterContams_331,12.686724935066287,58.704844721468326
epigenomics_5540_filterContams_332,22.401365430356293,62.46889369809318
epigenomics_5540_filterContams_333,19.014653385381354,57.261551112314535
epigenomics_5540_filterContams_334,21.280181345433565,75.4121443418624
epigenomics_5540_filterContams_335,17.86139782214216,63.167011600337325
epigenomics_5540_filterContams_336,23.821638823556917,60.98249887490926
epigenomics_5540_filterContams_337,18.27576337372864,75.05149323107058
epigenomics_5540_filterContams_338,15.284671432105746,56.18615457260507
epigenomics_5540_filterContams_339,15.732347143058716,71.01573039382265
epigenomics_5540_filterContams_340,20.355989185438986,77.1248763592018
epigenomics_5540_filterContams_341,24.206083667863687,54.2039914353179
epigenomics_5540_filterContams_342,18.090473784687106,64.44643515504082
epigenomics_5540_filterContams_343,19.401297759226445,69.38042094975955
epigenomics_5540_filterContams_344,18.009355474655557,66.31529910781842
epigenomics_5540_filterContams_345,19.005711968624976,58.811188598099065
epigenomics_5540_filterContams_346,18.10041584859919,60.71408201225989
epigenomics_5540_filterContams_347,23.682660569486593,82.19563587135957
epigenomics_5540_filterContams_348,18.57526385149243,78.4659473265243
epigenomics_5540_filterContams_349,22.006855716433304,60.5932805699111
epigenomics_5540_filterContams_350,21.274054976669213,48.08415913896111
epigenomics_5540_filterContams_351,17.018056256158555,59.510613814898704
epigenomics_5540_filterContams_352,20.757261961003763,53.19821562318312
epigenomics_5540_filterContams_353,19.613047703841765,58.31840109489955
epigenomics_5540_filterContams_354,20.196515248212066,64.84575328711404
epigenomics_5540_filterContams_355,19.86443356856095,59.859594787503106
epigenomics_5540_filterContams_356,17.178767012494582,69.36213538280344
epigenomics_5540_filterContams_357,16.286112848205516,60.97566133595263
epigenomics_5540_filterContams_358,17.364994829071634,47.97315928236806
epigenomics_5540_filterContams_359,23.246329365657992,53.944388149603675
epigenomics_5540_filterContams_360,20.023002745671857,62.54608927491825
epigenomics_5540_filterContams_361,19.80306679086966,61.45075387518407
epigenomics_5540_filterContams_362,19.223429426757697,65.29439189562879
epigenomics_5540_filterContams_363,18.03609351749586,65.23390418904114
epigenomics_5540_filterContams_364,20.30044526131559,50.7498182864269
epigenomics_5540_filterContams_365,20.128432706804933,64.57229060072304
epigenomics_5540_filterContams_366,20.466283863234356,73.31482935656275
epigenomics_5540_filterContams_367,19.790459872319804,57.69041110690988
epigenomics_5540_filterContams_368,22.3572255982038,53.31836285194181
epigenomics_5540_filterContams_369,18.157526376574815,64.00499523558894
epigenomics_5540_filterContams_370,24.62242717840761,74.42341516136781
epigenomics_5540_filterContams_371,20.75615217321759,58.57374063727857
epigenomics_5540_filterContams_372,23.922364304852973,57.19362065446352
epigenomics_5540_filterContams_373,22.510433576494453,60.650798320013365
epigenomics_5540_filterContams_374,22.16290505767925,68.95853874937461
epigenomics_5540_filterContams_375,23.927108634144325,86.58261218562647
epigenomics_5540_filterContams_376,17.82943853289484,64.16330251273224
epigenomics_5540_filterContams_377,22.054065883598412,60.89066320937572
epigenomics_5540_filterContams_378,14.209168071414949,68.66428849027365
epigenomics_5540_filterContams_379,16.142209413651923,56.66949691199421
epigenomics_5540_filterContams_380,19.771117372362465,68.56870844951943
epigenomics_5540_filterContams_381,17.969611703298202,66.80982647281643
epigenomics_5540_filterContams_382,23.88264786262323,71.48690534801779
epigenomics_5540_filterContams_383,22.69035492963796,63.682447720442035
epigenomics_5540_filterContams_384,20.11456190896316,62.2676458707619
epigenomics_5540_filterContams_385,22.516678981583755,57.97332890072299
epigenomics_5540_filterContams_386,23.894342084828853,61.86744993444321
epigenomics_5540_filterContams_387,20.941508641635625,61.7402226480119
epigenomics_5540_filterContams_388,25.857143817882736,68.9568589166715
epigenomics_5540_filterContams_389,19.513427155273096,50.22704046163585
epigenomics_5540_filterContams_390,18.759787456234708,71.57334230569788
epigenomics_5540_filterContams_391,18.133783283333656,65.13154976514697
epigenomics_5540_filterContams_392,16.63009636288101,68.49143971250157
epigenomics_5540_filterContams_393,24.048058658305894,78.84357109859971
epigenomics_5540_filterContams_394,19.76399560622415,50.757341450818444
epigenomics_5540_filterContams_395,17.553595571345927,73.27153958329224
epigenomics_5540_filterContams_396,13.44837400952056,62.709593869779034
epigenomics_5540_filterContams_397,16.851243675341145,62.73588461162264
epigenomics_5540_filterContams_398,17.396459127869196,43.82237147433914
epigenomics_5540_filterContams_399,15.088616812253008,63.42482957192738
epigenomics_5540_filterContams_400,16.447252108754302,66.55155617307362
epigenomics_5540_filterContams_401,20.276194709218775,55.949393453074094
epigenomics_5540_filterContams_402,21.421263555286544,72.65350046923119
epigenomics_5540_filterContams_403,21.67591088316979,65.85127659908427
epigenomics_5540_filterContams_404,13.058214214320898,67.2795395825746
epigenomics_5540_filterContams_405,25.327619203950093,52.45721602907591
epigenomics_5540_filterContams_406,16.47240718466931,59.25814021743611
epigenomics_5540_filterContams_407,22.121751881979023,56.16441701873646
epigenomics_5540_filterContams_408,23.570288972510873,72.2128818516304
epigenomics_5540_filterContams_409,21.915601008881065,70.8369331824761
epigenomics_5540_filterContams_410,15.192234793353922,73.22786653654978
epigenomics_5540_filterContams_411,22.515859603547156,67.94769924207158
epigenomics_5540_filterContams_412,16.521090615782736,66.17132599673182
epigenomics_5540_filterContams_413,16.42052323823962,60.53362641235673
epigenomics_5540_filterContams_414,26.497784270501676,53.030672816856914
epigenomics_5540_filterContams_415,22.687716763922126,68.28571512991965
epigenomics_5540_filterContams_416,21.935340391383907,54.35285914598595
epigenomics_5540_filterContams_417,17.11398854666874,64.01617235451107
epigenomics_5540_filterContams_418,14.29210724649921,67.9055670907811
epigenomics_5540_filterContams_419,19.458852230294806,64.56143251721886
epigenomics_5540_filterContams_420,18.216738200639302,71.50950761341731
epigenomics_5540_filterContams_421,21.09915600296294,51.47472725983509
epigenomics_5540_filterContams_422,15.805331286899547,72.34366073786846
epigenomics_5540_filterContams_423,23.600752753640066,61.366695815290065
epigenomics_5540_filterContams_424,22.9579534601271,71.97692491756878
epigenomics_5540_filterContams_425,19.20226703247329,74.37492541309815
epigenomics_5540_filterContams_426,24.47497263897555,48.9744118026194
epigenomics_5540_filterContams_427,18.810327887274063,64.82440459890394
epigenomics_5540_filterContams_428,18.604543297674304,62.522284628493956
epigenomics_5540_filterContams_429,21.007286242412995,63.17945665633464
epigenomics_5540_filterContams_430,22.583742901578162,64.09899994131028
epigenomics_5540_filterContams_431,17.96821626813296,70.3975147130197
epigenomics_5540_filterContams_432,17.941187576175402,54.553578054828094
epigenomics_5540_filterContams_433,17.751876065557806,57.57229034760481
epigenomics_5540_filterContams_434,13.54784495042079,71.96773156488624
epigenomics_5540_filterContams_435,23.324437112939783,84.34975622641747
epigenomics_5540_filterContams_436,21.290959063303784,60.004313068550594
epigenomics_5540_filterContams_437,22.393982342679582,59.78351326280307
epigenomics_5540_filterContams_438,19.574155433619808,70.29452285285284
epigenomics_5540_filterContams_439,26.44621333108511,55.954349360422455
epigenomics_5540_filterContams_440,21.42054410775865,50.94666377630512
epigenomics_5540_filterContams_441,24.260580331303505,64.06476377951991
epigenomics_5540_filterContams_442,18.96791194935989,69.72440586832606
epigenomics_5540_filterContams_443,21.213691266771523,65.86915540566017
epigenomics_5540_filterContams_444,18.788225461093703,55.60823590229538
epigenomics_5540_filterContams_445,20.044770757262217,75.95511370458206
epigenomics_5540_filterContams_446,13.0653247747422,56.886003136739916
epigenomics_5540_filterContams_447,21.33746090356651,62.6894259181016
epigenomics_5540_filterContams_448,19.979940997822887,78.81171211924885
epigenomics_5540_filterContams_449,17.68784995567181,76.55253438655605
epigenomics_5540_filterContams_450,24.448271822925754,68.68574935078159
epigenomics_5540_filterContams_451,17.176984157442668,71.85973481844582
epigenomics_5540_filterContams_452,17.490735490256004,74.49974477727396
epigenomics_5540_filterContams_453,18.56540631548458,60.943294408814495
epigenomics_5540_filterContams_454,16.899103646439343,68.07140643664562
epigenomics_5540_filterContams_455,21.988461694021986,79.88541650169273
epigenomics_5540_filterContams_456,23.430671328179784,49.91607281803959
epigenomics_5540_filterContams_457,21.463343462314096,65.53135675793611
epigenomics_5540_filterContams_458,20.71590802363757,51.68830454488268
epigenomics_5540_filterContams_459,18.813148202378006,64.23954887355187
epigenomics_5540_filterContams_460,16.582887387124558,59.647004126178196
epigenomics_5540_filterContams_461,16.978060175324522,87.83325879931745
epigenomics_5540_filterContams_462,20.2506382156096,61.662997313715664
epigenomics_5540_filterContams_463,19.770631395495847,81.11172907205015
epigenomics_5540_filterContams_464,19.267884981017446,56.56378010653452
epigenomics_5540_filterContams_465,23.482774003672194,79.23459896354915
epigenomics_5540_filterContams_466,25.653663749278792,71.87732656809719
epigenomics_5540_filterContams_467,19.46294471911439,59.11123560735403
epigenomics_5540_filterContams_468,20.98203410130062,64.11621892663139
epigenomics_5540_filterContams_469,22.012676864924927,56.83598950862229
epigenomics_5540_filterContams_470,15.838384423939907,68.43355717573809
epigenomics_5540_filterContams_471,18.610277054023403,71.86575945692593
epigenomics_5540_filterContams_472,17.89043936336113,60.07763315091095
epigenomics_5540_filterContams_473,19.658355552490416,60.14362191749973
epigenomics_5540_filterContams_474,22.380928082860187,65.1737739426023
epigenomics_5540_filterContams_475,19.04574077169544,68.52629905279503
epigenomics_5540_filterContams_476,17.561636177598356,75.61901228629075
epigenomics_5540_filterContams_477,17.096646502613122,53.31238978879514
epigenomics_5540_filterContams_478,18.81785592549757,58.37014895697572
epigenomics_5540_filterContams_479,22.576109072881255,73.58049442122051
epigenomics_5540_filterContams_480,14.413285515575113,60.546686297003106
epigenomics_5540_filterContams_481,21.115576609214205,68.27059209197301
epigenomics_5540_filterContams_482,25.527806464426394,62.65290942925743
epigenomics_5540_filterContams_483,22.385037073043396,66.98616349153707
epigenomics_5540_filterContams_484,24.226855522679173,53.802972947539345
epigenomics_5540_filterContams_485,16.232977503141033,67.526657995591
epigenomics_5540_filterContams_486,23.39994889328353,58.74973549373756
epigenomics_5540_filterContams_487,24.07643140263375,66.45697550201699
epigenomics_5540_filterContams_488,21.318250760659225,60.852538294633476
epigenomics_5540_filterContams_489,24.427446104627514,69.15565580930873
epigenomics_5540_filterContams_490,15.675526266712076,63.808561132386295
epigenomics_5540_filterContams_491,14.45391459048678,72.57285875443297
epigenomics_5540_filterContams_492,17.08963092881603,67.37357028818374
epigenomics_5540_filterContams_493,15.798114973581544,50.63382448934068
epigenomics_5540_filterContams_494,20.19465106747724,60.80767601336446
epigenomics_5540_filterContams_495,21.458184670564947,72.2554143028181
epigenomics_5540_filterContams_496,21.416410800349865,64.8954365380382
epigenomics_5540_filterContams_497,21.41167466967776,43.47676709204575
epigenomics_5540_filterContams_498,21.37102078902513,62.909349932082804
epigenomics_5540_filterContams_499,23.193701869866327,69.58114511407088
epigenomics_5540_sol2sanger_0,84.46009696951928,37.50037941354262
epigenomics_5540_sol2sanger_1,90.17540123939851,44.04936539741117
epigenomics_5540_sol2sanger_2,80.57760563808331,52.70594395508846
epigenomics_5540_sol2sanger_3,73.2872182377157,47.10965674057507
epigenomics_5540_sol2sanger_4,78.81916980268694,39.61156254613289
epigenomics_5540_sol2sanger_5,78.14835347550711,45.18337848683304
epigenomics_5540_sol2sanger_6,86.02675983037814,43.24848461626404
epigenomics_5540_sol2sanger_7,79.99198602366727,50.106831575389215
epigenomics_5540_sol2sanger_8,79.62058900988333,43.83632882955249
epigenomics_5540_sol2sanger_9,82.77438286331473,49.361296862386666
epigenomics_5540_sol2sanger_10,81.96715363127859,53.27772090081734
epigenomics_5540_sol2sanger_11,78.13177998042126,36.88450309207818
epigenomics_5540_sol2sanger_12,78.35610329001527,54.818002110081814
epigenomics_5540_sol2sanger_13,82.91363589888432,43.86154316806496
epigenomics_5540_sol2sanger_14,86.88800959531092,42.52701681629264
epigenomics_5540_sol2sanger_15,75.54330979263547,42.11533069066513
epigenomics_5540_sol2sanger_16,69.81694302901546,55.31326244280028
epigenomics_5540_sol2sanger_17,81.92723343147351,51.6545529955732
epigenomics_5540_sol2sanger_18,85.02705803450107,52.14806439127613
epigenomics_5540_sol2sanger_19,79.75305669607317,51.3174017658318
epigenomics_5540_sol2sanger_20,79.74248771287853,44.72252700319668
epigenomics_5540_sol2sanger_21,72.07281497151551,46.69012243819459
epigenomics_5540_sol2sanger_22,86.99153523568857,52.014925159056745
epigenomics_5540_sol2sanger_23,83.38441269227374,56.384767346607006
epigenomics_5540_sol2sanger_24,80.27164778676092,38.423504883651034
epigenomics_5540_sol2sanger_25,79.35278719914453,47.83361877368256
epigenomics_5540_sol2sanger_26,86.9673426280207,48.01290854515799
epigenomics_5540_sol2sanger_27,83.36366591659267,48.59742848974184
epigenomics_5540_sol2sanger_28,73.19590938858643,46.62383565197039
epigenomics_5540_sol2sanger_29,88.31487615791215,38.744712060866085
epigenomics_5540_sol2sanger_30,87.39844705440903,54.07513462535076
epigenomics_5540_sol2sanger_31,75.81476106705561,40.82061077211748
epigenomics_5540_sol2sanger_32,76.56043623940585,35.73940618135413
epigenomics_5540_sol2sanger_33,82.5016442114782,33.28632251814552
epigenomics_5540_sol2sanger_34,76.58983735872054,46.84150263456563
epigenomics_5540_sol2sanger_35,87.16862194183057,39.19967105911136
epigenomics_5540_sol2sanger_36,81.20391855663874,51.820886145467476
epigenomics_5540_sol2sanger_37,78.42291393327696,37.074009493823205
epigenomics_5540_sol2sanger_38,79.60292820536692,32.18455847373776
epigenomics_5540_sol2sanger_39,77.31533931857003,38.130885202502405
epigenomics_5540_sol2sanger_40,79.11364367988774,32.636622654938414
epigenomics_5540_sol2sanger_41,78.96833726169704,49.6548402370784
epigenomics_5540_sol2sanger_42,79.39596986422272,54.22835321690814
epigenomics_5540_sol2sanger_43,69.1891697147142,45.19415522179783
epigenomics_5540_sol2sanger_44,79.41254677035256,46.07314710376258
epigenomics_5540_sol2sanger_45,74.42844533880806,42.66035095708595
epigenomics_5540_sol2sanger_46,77.67963010215868,39.668943036163775
epigenomics_5540_sol2sanger_47,80.0178845937201,47.142813674612555
epigenomics_5540_sol2sanger_48,88.65110867907848,48.508565271757924
epigenomics_5540_sol2sanger_49,76.3658254569827,43.6232175407215
epigenomics_5540_sol2sanger_50,81.16911334821869,46.4823882385771
epigenomics_5540_sol2sanger_51,78.57229565998486,53.577089527780934
epigenomics_5540_sol2sanger_52,81.31659824148561,43.28975487104752
epigenomics_5540_sol2sanger_53,76.25518367682486,51.8544113993092
epigenomics_5540_sol2sanger_54,91.66746867119481,46.87639607100854
epigenomics_5540_sol2sanger_55,75.04721712875758,43.18571015813112
epigenomics_5540_sol2sanger_56,86.23030391981833,49.62338151869603
epigenomics_5540_sol2sanger_57,81.394474490194,41.25208863971286
epigenomics_5540_sol2sanger_58,81.77483618179079,58.31490929152069
epigenomics_5540_sol2sanger_59,70.65621434131779,40.85426836365752
epigenomics_5540_sol2sanger_60,83.66350473430379,45.820151790651934
epigenomics_5540_sol2sanger_61,76.65778393166028,46.55886748781782
epigenomics_5540_sol2sanger_62,85.2891910884426,41.39913373412233
epigenomics_5540_sol2sanger_63,82.19871905078489,64.9862900953932
epigenomics_5540_sol2sanger_64,83.44669963814565,51.844750880599356
epigenomics_5540_sol2sanger_65,75.91350898760555,43.95840195884693
epigenomics_5540_sol2sanger_66,86.10594791080408,43.757921377646014
epigenomics_5540_sol2sanger_67,83.89443989456012,54.31211950538788
epigenomics_5540_sol2sanger_68,72.0969268583122,36.957033252283374
epigenomics_5540_sol2sanger_69,84.07625709217766,33.95889364747594
epigenomics_5540_sol2sanger_70,87.60552469205048,53.13046651657698
epigenomics_5540_sol2sanger_71,83.31566357102297,49.63205958773159
epigenomics_5540_sol2sanger_72,78.55233371682465,46.04129773014966
epigenomics_5540_sol2sanger_73,82.48396442143518,42.06237282742228
epigenomics_5540_sol2sanger_74,81.28896202751469,41.59708934252829
epigenomics_5540_sol2sanger_75,88.43719046576558,45.59525510784329
epigenomics_5540_sol2sanger_76,80.58529084727604,46.20459925090514
epigenomics_5540_sol2sanger_77,79.55642336103845,56.22277689028001
epigenomics_5540_sol2sanger_78,73.35401255852068,54.44249848761552
epigenomics_5540_sol2sanger_79,80.61365051661527,46.337130179542136
epigenomics_5540_sol2sanger_80,80.72058953957503,36.683598411024455
epigenomics_5540_sol2sanger_81,74.6213211960416,49.644046630773694
epigenomics_5540_sol2sanger_82,84.44953335439203,50.63155617248471
epigenomics_5540_sol2sanger_83,84.50605550590424,29.74922127688089
epigenomics_5540_sol2sanger_84,83.01509108395713,44.94307059253545
epigenomics_5540_sol2sanger_85,84.94846720583936,43.064876468728784
epigenomics_5540_sol2sanger_86,74.31782124506216,41.637731216347646
epigenomics_5540_sol2sanger_87,76.51569500042332,34.05331711226222
epigenomics_5540_sol2sanger_88,79.74016782857184,45.88380107843847
epigenomics_5540_sol2sanger_89,82.59427741151065,46.25120177723658
epigenomics_5540_sol2sanger_90,89.07735061902336,40.005916627468196
epigenomics_5540_sol2sanger_91,81.69063170104978,49.2929711494025
epigenomics_5540_sol2sanger_92,78.78039881409953,37.72463180216152
epigenomics_5540_sol2sanger_93,75.21901263607757,47.20447142783628
epigenomics_5540_sol2sanger_94,88.0926289801955,39.609949775920576
epigenomics_5540_sol2sanger_95,83.52433974338656,40.969706896676875
epigenomics_5540_sol2sanger_96,78.92572476128463,33.36772410962563
epigenomics_5540_sol2sanger_97,83.97980616161318,59.622747732037524
epigenomics_5540_sol2sanger_98,72.67741356630489,54.98348145798528
epigenomics_5540_sol2sanger_99,76.73139283710081,42.88625087527171
epigenomics_5540_sol2sanger_100,67.59632165216752,40.45320325875758
epigenomics_5540_sol2sanger_101,79.81999455142507,52.814519716412036
epigenomics_5540_sol2sanger_102,70.31245463109917,57.5225095759027
epigenomics_5540_sol2sanger_103,76.84371942010067,48.44472807326982
epigenomics_5540_sol2sanger_104,79.81908147363907,47.5718718764293
epigenomics_5540_sol2sanger_105,79.67032236058833,39.34890410598822
epigenomics_5540_sol2sanger_106,73.06178415591756,49.52521011259
epigenomics_5540_sol2sanger_107,79.22027233490832,51.055009210439835
epigenomics_5540_sol2sanger_108,73.88426212032134,39.38239630030491
epigenomics_5540_sol2sanger_109,71.09903413884062,40.70398854731894
epigenomics_5540_sol2sanger_110,86.52587236186056,51.987533376655335
epigenomics_5540_sol2sanger_111,78.63120369305129,44.92491903522919
epigenomics_5540_sol2sanger_112,85.52850994794775,42.803583691133284
epigenomics_5540_sol2sanger_113,75.90654653225769,54.182295070429994
epigenomics_5540_sol2sanger_114,69.96539975536534,55.7456160580521
epigenomics_5540_sol2sanger_115,89.26046621813688,35.950742555829194
epigenomics_5540_sol2sanger_116,85.59438256068665,55.17876461853536
epigenomics_5540_sol2sanger_117,77.54866872904378,39.88799939075981
epigenomics_5540_sol2sanger_118,74.02556741474906,29.851492178907744
epigenomics_5540_sol2sanger_119,82.00167972100085,50.78746642716631
epigenomics_5540_sol2sanger_120,84.32499623992946,55.16534587662784
epigenomics_5540_sol2sanger_121,80.365302511869,50.60002306260516
epigenomics_5540_sol2sanger_122,70.3063030224836,52.95960644039566
epigenomics_5540_sol2sanger_123,77.23005730023857,35.95835492579084
epigenomics_5540_sol2sanger_124,72.69058536779362,29.342323287382786
epigenomics_5540_sol2sanger_125,83.85958973627777,43.29101652212846
epigenomics_5540_sol2sanger_126,71.5341746393765,41.39200099691891
epigenomics_5540_sol2sanger_127,83.93151708128644,45.762611689073374
epigenomics_5540_sol2sanger_128,82.27781566869203,43.25864004543882
epigenomics_5540_sol2sanger_129,76.53431104943604,48.09503423252257
epigenomics_5540_sol2sanger_130,71.99425061892249,29.710833907492805
epigenomics_5540_sol2sanger_131,92.01035381857142,57.927536384621874
epigenomics_5540_sol2sanger_132,93.15422035397758,49.01241161184798
epigenomics_5540_sol2sanger_133,76.41788773340575,42.81110638573833
epigenomics_5540_sol2sanger_134,78.9460348533258,55.47982354275726
epigenomics_5540_sol2sanger_135,80.95323988778401,43.076441447970126
epigenomics_5540_sol2sanger_136,78.32327271411722,36.24145916695061
epigenomics_5540_sol2sanger_137,79.96792638406806,39.823849600067604
epigenomics_5540_sol2sanger_138,80.20108363735743,49.69911570377863
epigenomics_5540_sol2sanger_139,80.38831585524451,45.350538086166985
epigenomics_5540_sol2sanger_140,77.23016058868744,41.94423901844631
epigenomics_5540_sol2sanger_141,83.10537170610795,29.561937155112563
epigenomics_5540_sol2sanger_142,80.14276195284633,40.65256183598255
epigenomics_5540_sol2sanger_143,66.24175653237873,46.03862647171498
epigenomics_5540_sol2sanger_144,76.77798804409375,46.626493000305494
epigenomics_5540_sol2sanger_145,80.62053450156986,37.28736739988358
epigenomics_5540_sol2sanger_146,78.41998086700826,42.90843039577315
epigenomics_5540_sol2sanger_147,89.67139061549621,56.66638107079551
epigenomics_5540_sol2sanger_148,84.87833751836631,45.36362856218861
epigenomics_5540_sol2sanger_149,78.5394986802935,46.432290790325865
epigenomics_5540_sol2sanger_150,76.26815114588838,40.98609252392493
epigenomics_5540_sol2sanger_151,76.90329972102768,32.249182302309606
epigenomics_5540_sol2sanger_152,84.89209329421547,43.36808566308277
epigenomics_5540_sol2sanger_153,80.78798354833683,34.10371483476119
epigenomics_5540_sol2sanger_154,84.08433092445242,51.86274530621532
epigenomics_5540_sol2sanger_155,80.38440389993967,40.9825188450629
epigenomics_5540_sol2sanger_156,88.14189102044122,39.376056646375424
epigenomics_5540_sol2sanger_157,79.92439491946952,50.13274540219636
epigenomics_5540_sol2sanger_158,80.07152561003495,55.24850694289032
epigenomics_5540_sol2sanger_159,77.19864626295369,30.676848483245944
epigenomics_5540_sol2sanger_160,78.12582291632866,55.38245697348396
epigenomics_5540_sol2sanger_161,85.51873047519865,38.2250675725315
epigenomics_5540_sol2sanger_162,79.50606817627403,40.41455765784283
epigenomics_5540_sol2sanger_163,90.7774490724167,39.59048917440033
epigenomics_5540_sol2sanger_164,80.41627285401923,43.83315735675641
epigenomics_5540_sol2sanger_165,82.77773039999897,49.13963566675932
epigenomics_5540_sol2sanger_166,76.24683676635298,35.80585080965268
epigenomics_5540_sol2sanger_167,76.6418595202168,43.946579229124865
epigenomics_5540_sol2sanger_168,84.08370386865509,44.00697077004353
epigenomics_5540_sol2sanger_169,69.69104962011671,45.984947069212296
epigenomics_5540_sol2sanger_170,90.39414001284766,49.749064140930486
epigenomics_5540_sol2sanger_171,81.38772323326148,45.487311059048395
epigenomics_5540_sol2sanger_172,82.19931470569637,52.628975363032154
epigenomics_5540_sol2sanger_173,85.26808217418645,40.098813024689136
epigenomics_5540_sol2sanger_174,75.68803857882553,48.50793537301709
epigenomics_5540_sol2sanger_175,82.74357837214623,39.40171834102038
epigenomics_5540_sol2sanger_176,86.75608108733505,40.63348401388333
epigenomics_5540_sol2sanger_177,85.83016763755428,69.75518309078177
epigenomics_5540_sol2sanger_178,78.92966634192308,37.11490986968392
epigenomics_5540_sol2sanger_179,76.0203641454239,48.62333292668999
epigenomics_5540_sol2sanger_180,83.67552079234468,42.31790912109573
epigenomics_5540_sol2sanger_181,78.91680657835086,44.793176512440624
epigenomics_5540_sol2sanger_182,76.44168045053654,49.48373799637211
epigenomics_5540_sol2sanger_183,87.25203315814811,45.19859958744852
epigenomics_5540_sol2sanger_184,82.55787212561943,46.67475701989543
epigenomics_5540_sol2sanger_185,80.30444916819258,43.92725968457488
epigenomics_5540_sol2sanger_186,82.47486597350155,39.62571545022013
epigenomics_5540_sol2sanger_187,74.024977414991,46.53306157720416
epigenomics_5540_sol2sanger_188,77.55042187280704,38.64225555660386
epigenomics_5540_sol2sanger_189,84.3746436440012,42.046901531500694
epigenomics_5540_sol2sanger_190,79.64292707619637,51.81267562654403
epigenomics_5540_sol2sanger_191,71.85314830600059,36.02460268448365
epigenomics_5540_sol2sanger_192,80.58643619101517,55.89930049195029
epigenomics_5540_sol2sanger_193,77.0291503984388,32.933807111808036
epigenomics_5540_sol2sanger_194,79.38611073713412,42.13702116829347
epigenomics_5540_sol2sanger_195,80.18670558452777,45.636106875326654
epigenomics_5540_sol2sanger_196,79.34076718499239,48.61432564954112
epigenomics_5540_sol2sanger_197,86.91322851022404,38.93363553960767
epigenomics_5540_sol2sanger_198,85.35194234717977,46.92890260053154
epigenomics_5540_sol2sanger_199,80.75934436686812,36.939458783587625
epigenomics_5540_sol2sanger_200,81.74312887744296,42.4643767306641
epigenomics_5540_sol2sanger_201,92.66087212863332,44.0863907022091
epigenomics_5540_sol2sanger_202,83.03521090626306,61.30222579668627
epigenomics_5540_sol2sanger_203,79.39663992823837,37.441346568788504
epigenomics_5540_sol2sanger_204,74.51242416890037,48.65555998842562
epigenomics_5540_sol2sanger_205,85.37796094190233,52.44547822735268
epigenomics_5540_sol2sanger_206,74.56373550981161,44.87109523359025
epigenomics_5540_sol2sanger_207,84.38096029126157,42.13416694362994
epigenomics_5540_sol2sanger_208,88.52060467455443,47.9965588741102
epigenomics_5540_sol2sanger_209,83.38970537016435,38.597126881245536
epigenomics_5540_sol2sanger_210,72.7086496983683,39.66467924329564
epigenomics_5540_sol2sanger_211,74.71503057063727,47.67346466891153
epigenomics_5540_sol2sanger_212,84.49435778722498,35.59409840008175
epigenomics_5540_sol2sanger_213,89.22321014056001,40.91172735751674
epigenomics_5540_sol2sanger_214,79.03122703914211,38.447930976452426
epigenomics_5540_sol2sanger_215,85.14034539143252,41.054672747847285
epigenomics_5540_sol2sanger_216,81.5083304757176,47.32499640442091
epigenomics_5540_sol2sanger_217,74.93447465265945,33.18386418211037
epigenomics_5540_sol2sanger_218,84.65928011570907,57.94654550394783
epigenomics_5540_sol2sanger_219,76.77240425832828,53.99684226849773
epigenomics_5540_sol2sanger_220,80.41234521148881,53.65264750282549
epigenomics_5540_sol2sanger_221,75.86059989654922,36.37408785606398
epigenomics_5540_sol2sanger_222,86.15206721654042,32.23047614761634
epigenomics_5540_sol2sanger_223,85.03550805748274,45.524670171053074
epigenomics_5540_sol2sanger_224,79.79438425612334,45.36257044727785
epigenomics_5540_sol2sanger_225,76.12184945712613,49.0807433011368
epigenomics_5540_sol2sanger_226,84.64153092086597,51.17076708237088
epigenomics_5540_sol2sanger_227,84.73060902466294,52.388532599019854
epigenomics_5540_sol2sanger_228,78.9832507388187,46.69974854855925
epigenomics_5540_sol2sanger_229,81.69709735247892,43.548931930644756
epigenomics_5540_sol2sanger_230,75.78612111288956,38.27520723125816
epigenomics_5540_sol2sanger_231,69.76112567009305,37.97100107007233
epigenomics_5540_sol2sanger_232,86.12163272759759,44.66447186078198
epigenomics_5540_sol2sanger_233,81.31896163806098,37.7057446447318
epigenomics_5540_sol2sanger_234,83.80155419647569,53.950207321282114
epigenomics_5540_sol2sanger_235,73.96887138434661,48.62523922488556
epigenomics_5540_sol2sanger_236,87.0626803039024,46.355204626654
epigenomics_5540_sol2sanger_237,92.58026944131088,50.229784536579686
epigenomics_5540_sol2sanger_238,86.64737889136867,37.338042162374656
epigenomics_5540_sol2sanger_239,74.54528923754425,45.0502905048595
epigenomics_5540_sol2sanger_240,76.00657421298834,27.675161339484966
epigenomics_5540_sol2sanger_241,77.1219226575535,44.29367167702822
epigenomics_5540_sol2sanger_242,75.84764418714134,49.7219485122321
epigenomics_5540_sol2sanger_243,67.60772821930975,48.20108421078348
epigenomics_5540_sol2sanger_244,79.07995235552198,41.75394221856266
epigenomics_5540_sol2sanger_245,70.77156891274747,50.77398138075344
epigenomics_5540_sol2sanger_246,71.00057164103137,37.645958777502024
epigenomics_5540_sol2sanger_247,80.39121332633471,39.4855362645547
epigenomics_5540_sol2sanger_248,74.22325419991077,52.565292681568856
epigenomics_5540_sol2sanger_249,81.55890431892935,32.70802820460645
epigenomics_5540_sol2sanger_250,83.8525514088593,53.12817007692569
epigenomics_5540_sol2sanger_251,84.06492342722183,53.85111397075627
epigenomics_5540_sol2sanger_252,70.82768363273975,25.912427406498878
epigenomics_5540_sol2sanger_253,91.45920646830194,45.77353892649269
epigenomics_5540_sol2sanger_254,84.69207547390796,48.86789034047872
epigenomics_5540_sol2sanger_255,78.64435154621917,61.687370666859366
epigenomics_5540_sol2sanger_256,72.95303022190505,59.765256039413664
epigenomics_5540_sol2sanger_257,77.09454540331046,45.33131143080247
epigenomics_5540_sol2sanger_258,75.44213830887772,39.741598318419065
epigenomics_5540_sol2sanger_259,70.53882083597274,56.06772522482842
epigenomics_5540_sol2sanger_260,87.10539765149166,46.36317665916321
epigenomics_5540_sol2sanger_261,77.59034333761394,34.513414352430004
epigenomics_5540_sol2sanger_262,78.17501482573235,34.390879707564906
epigenomics_5540_sol2sanger_263,81.16527815122683,41.45517789438692
epigenomics_5540_sol2sanger_264,77.62618573386952,48.82607663084858
epigenomics_5540_sol2sanger_265,78.39207539638471,46.78259847189233
epigenomics_5540_sol2sanger_266,79.09172487493171,50.505830734204324
epigenomics_5540_sol2sanger_267,89.68766839217247,44.9338342429989
epigenomics_5540_sol2sanger_268,88.74059074420572,31.665338544341964
epigenomics_5540_sol2sanger_269,82.16287177510051,51.08434823558934
epigenomics_5540_sol2sanger_270,76.6005893964745,45.139021125847144
epigenomics_5540_sol2sanger_271,80.13813121025859,35.51373147023718
epigenomics_5540_sol2sanger_272,79.39757887792784,43.19557486149416
epigenomics_5540_sol2sanger_273,85.63266918370797,47.67819667662654
epigenomics_5540_sol2sanger_274,74.26181211875144,44.90485879864053
epigenomics_5540_sol2sanger_275,81.89942188999909,27.997425787966733
epigenomics_5540_sol2sanger_276,79.02051688095324,33.835515046379605
epigenomics_5540_sol2sanger_277,80.1030785843182,39.90653460278029
epigenomics_5540_sol2sanger_278,79.7432196115968,34.703170119454036
epigenomics_5540_sol2sanger_279,73.02224912091916,47.046649141130835
epigenomics_5540_sol2sanger_280,84.98208776227298,42.3001590967073
epigenomics_5540_sol2sanger_281,80.11598382017429,50.01940260571712
epigenomics_5540_sol2sanger_282,83.25002938132918,50.333906500561625
epigenomics_5540_sol2sanger_283,82.12904199316466,44.32830376559633
epigenomics_5540_sol2sanger_284,77.10558934430091,47.54558985288074
epigenomics_5540_sol2sanger_285,81.78993633371589,61.34140263546117
epigenomics_5540_sol2sanger_286,79.1419856787633,42.57454296244596
epigenomics_5540_sol2sanger_287,84.11700836154154,52.14418321391704
epigenomics_5540_sol2sanger_288,84.78993835664295,58.25460785957605
epigenomics_5540_sol2sanger_289,83.52208997101684,43.82419739749655
epigenomics_5540_sol2sanger_290,84.90007410866447,50.25670644556429
epigenomics_5540_sol2sanger_291,87.91093490172452,45.58861176088404
epigenomics_5540_sol2sanger_292,79.63700705058085,40.87933508068552
epigenomics_5540_sol2sanger_293,76.2242366068953,40.105948040815406
epigenomics_5540_sol2sanger_294,73.6968717024484,47.36394683837029
epigenomics_5540_sol2sanger_295,83.46148114634991,51.08483101345233
epigenomics_5540_sol2sanger_296,70.8552815579987,44.83760242337736
epigenomics_5540_sol2sanger_297,77.44528163735482,34.25518165083071
epigenomics_5540_sol2sanger_298,87.6508384523063,47.78819969964478
epigenomics_5540_sol2sanger_299,80.54708610932444,37.94486576126092
epigenomics_5540_sol2sanger_300,80.76344067830989,36.44610431996186
epigenomics_5540_sol2sanger_301,82.25701985317099,44.4378907655523
epigenomics_5540_sol2sanger_302,80.29585571042371,46.47947433392726
epigenomics_5540_sol2sanger_303,80.77554733618797,56.97372000600708
epigenomics_5540_sol2sanger_304,70.18658676195784,65.20282747804916
epigenomics_5540_sol2sanger_305,82.665847600562,36.28950002585532
epigenomics_5540_sol2sanger_306,77.31789641017549,43.56408008268985
epigenomics_5540_sol2sanger_307,82.67052733061357,38.298529525579845
epigenomics_5540_sol2sanger_308,83.8108603117398,57.92695185713907
epigenomics_5540_sol2sanger_309,85.86482757119812,56.6945462351888
epigenomics_5540_sol2sanger_310,76.99082306407058,40.68777419145002
epigenomics_5540_sol2sanger_311,82.99928259324429,47.22823112655971
epigenomics_5540_sol2sanger_312,85.38336690862799,36.751656848503636
epigenomics_5540_sol2sanger_313,85.79132087353665,56.74150283667735
epigenomics_5540_sol2sanger_314,74.06568360608534,30.405439600147865
epigenomics_5540_sol2sanger_315,84.64576381832038,47.57177360920645
epigenomics_5540_sol2sanger_316,73.23946273887535,52.4451644524627
epigenomics_5540_sol2sanger_317,82.2655628803228,37.233732389855646
epigenomics_5540_sol2sanger_318,78.89943341781859,52.02556373342617
epigenomics_5540_sol2sanger_319,78.72987616796742,39.2325861610106
epigenomics_5540_sol2sanger_320,83.77951272043272,46.00592993237943
epigenomics_5540_sol2sanger_321,83.33695929692318,29.612176050043473
epigenomics_5540_sol2sanger_322,77.26850061376342,49.020278292328264
epigenomics_5540_sol2sanger_323,84.11802276686844,52.353544266933696
epigenomics_5540_sol2sanger_324,83.51593872611893,43.48424779082474
epigenomics_5540_sol2sanger_325,78.25258403707898,50.35780411228957
epigenomics_5540_sol2sanger_326,85.0775730637499,49.86930374732371
epigenomics_5540_sol2sanger_327,86.40558375586522,29.129973821299938
epigenomics_5540_sol2sanger_328,80.54610578777176,40.06083589055723
epigenomics_5540_sol2sanger_329,79.05891654446614,40.81659554041954
epigenomics_5540_sol2sanger_330,69.91936397491686,37.56720344506202
epigenomics_5540_sol2sanger_331,77.73803781889511,37.87743191757556
epigenomics_5540_sol2sanger_332,77.18435869339501,49.50248555009589
epigenomics_5540_sol2sanger_333,80.68155962907866,37.398039302558644
epigenomics_5540_sol2sanger_334,79.05987374781547,47.71913886704853
epigenomics_5540_sol2sanger_335,83.20437207171561,37.07893229451163
epigenomics_5540_sol2sanger_336,79.07702472884942,35.58754528864118
epigenomics_5540_sol2sanger_337,82.23914471744553,31.593636856400206
epigenomics_5540_sol2sanger_338,80.57290738747744,38.274575079288375
epigenomics_5540_sol2sanger_339,88.34964779969287,51.0307278806128
epigenomics_5540_sol2sanger_340,88.07936923663118,35.982189930617714
epigenomics_5540_sol2sanger_341,71.23889164112676,34.33284968982886
epigenomics_5540_sol2sanger_342,71.6720927466932,33.6417998887289
epigenomics_5540_sol2sanger_343,80.43250236209938,59.34791097777493
epigenomics_5540_sol2sanger_344,81.95701437320348,48.39585968855921
epigenomics_5540_sol2sanger_345,82.27729887742534,40.54271305869418
epigenomics_5540_sol2sanger_346,69.89504300199614,57.35888551445725
epigenomics_5540_sol2sanger_347,78.6485651176814,32.72062217371416
epigenomics_5540_sol2sanger_348,77.36708717524783,46.506168055302055
epigenomics_5540_sol2sanger_349,82.61382073974741,32.346846988886256
epigenomics_5540_sol2sanger_350,78.13247817328079,50.0128034266253
epigenomics_5540_sol2sanger_351,74.09959030114925,50.66030529791693
epigenomics_5540_sol2sanger_352,77.54162180783871,34.422341743907374
epigenomics_5540_sol2sanger_353,85.7949782420008,41.57659876957593
epigenomics_5540_sol2sanger_354,83.17791397268401,52.57279280144667
epigenomics_5540_sol2sanger_355,68.20777407898812,41.93774987523478
epigenomics_5540_sol2sanger_356,78.85058333375248,45.450354827186345
epigenomics_5540_sol2sanger_357,75.0692822698044,35.71346627508456
epigenomics_5540_sol2sanger_358,70.3036389044357,35.67345249874034
epigenomics_5540_sol2sanger_359,72.9153223464032,37.834509983891174
epigenomics_5540_sol2sanger_360,88.73722536292745,53.47335204853759
epigenomics_5540_sol2sanger_361,73.11060421506454,53.19036660705888
epigenomics_5540_sol2sanger_362,78.12139333025709,45.565796937508395
epigenomics_5540_sol2sanger_363,89.91667824357283,48.01411829857211
epigenomics_5540_sol2sanger_364,79.95603179045257,51.563033769897
epigenomics_5540_sol2sanger_365,77.57625655572204,46.178189797022746
epigenomics_5540_sol2sanger_366,83.53422250051239,35.413286327251534
epigenomics_5540_sol2sanger_367,80.01450456681019,41.03328684673134
epigenomics_5540_sol2sanger_368,72.75333195810259,35.15034640562284
epigenomics_5540_sol2sanger_369,81.01566948780214,58.51654961466848
epigenomics_5540_sol2sanger_370,76.3802634939404,40.16628478470404
epigenomics_5540_sol2sanger_371,82.844358137867,38.67018301575009
epigenomics_5540_sol2sanger_372,83.1622607582354,49.87269570443199
epigenomics_5540_sol2sanger_373,80.3431880486337,42.29813093476073
epigenomics_5540_sol2sanger_374,88.95863979077873,41.114434801022895
epigenomics_5540_sol2sanger_375,80.53891754958092,47.0687697423958
epigenomics_5540_sol2sanger_376,86.43711673188939,47.013120421271
epigenomics_5540_sol2sanger_377,73.39658683309106,45.23225198251367
epigenomics_5540_sol2sanger_378,87.17338549157665,58.024605937112206
epigenomics_5540_sol2sanger_379,88.16146348246167,44.79409683673085
epigenomics_5540_sol2sanger_380,81.53666057117948,53.26373306160662
epigenomics_5540_sol2sanger_381,76.11787629404066,43.222322699254946
epigenomics_5540_sol2sanger_382,79.42898444459573,38.801588833878554
epigenomics_5540_sol2sanger_383,80.25958137126476,47.10260803839131
epigenomics_5540_sol2sanger_384,83.57989301984121,48.24658351406983
epigenomics_5540_sol2sanger_385,84.6206517410343,51.16317361951167
epigenomics_5540_sol2sanger_386,81.11008311822673,49.602429063632066
epigenomics_5540_sol2sanger_387,80.95846249691195,47.028420393808354
epigenomics_5540_sol2sanger_388,77.96116304722841,43.352183572801984
epigenomics_5540_sol2sanger_389,81.99958125841816,42.31162214650972
epigenomics_5540_sol2sanger_390,84.18249798686944,45.0304488780184
epigenomics_5540_sol2sanger_391,73.2475472534992,44.97462385190671
epigenomics_5540_sol2sanger_392,75.73305018015085,45.87539533416531
epigenomics_5540_sol2sanger_393,83.07636264932192,47.666516848508664
epigenomics_5540_sol2sanger_394,78.87752232469143,47.562360578380016
epigenomics_5540_sol2sanger_395,81.05828095410644,38.009600181145295
epigenomics_5540_sol2sanger_396,83.48809347391615,45.37875143335098
epigenomics_5540_sol2sanger_397,79.73200946030192,55.26755495914224
epigenomics_5540_sol2sanger_398,79.17046188683432,34.35341792154705
epigenomics_5540_sol2sanger_399,79.81847559921877,53.50081944399934
epigenomics_5540_sol2sanger_400,84.51752890823738,48.75261736630593
epigenomics_5540_sol2sanger_401,92.36085087399474,53.216553856140564
epigenomics_5540_sol2sanger_402,84.11947148815779,53.51150489472242
epigenomics_5540_sol2sanger_403,70.70899270267422,51.594552481568854
epigenomics_5540_sol2sanger_404,77.7095902025662,46.843596549068046
epigenomics_5540_sol2sanger_405,80.04273683472623,59.59082405803705
epigenomics_5540_sol2sanger_406,82.54387505103055,45.02493356876653
epigenomics_5540_sol2sanger_407,76.38657361633481,43.258843704016286
epigenomics_5540_sol2sanger_408,81.34223880407956,37.34266569118627
epigenomics_5540_sol2sanger_409,81.51241206837375,40.04027274638764
epigenomics_5540_sol2sanger_410,78.13894278522342,58.976674215573546
epigenomics_5540_sol2sanger_411,78.55410499388003,45.763251720193274
epigenomics_5540_sol2sanger_412,80.84098316616081,47.684840678330744
epigenomics_5540_sol2sanger_413,69.4215221088119,62.86281450843252
epigenomics_5540_sol2sanger_414,79.50965904785592,54.1652836030598
epigenomics_5540_sol2sanger_415,81.37739790102658,62.530689522330526
epigenomics_5540_sol2sanger_416,78.59782271889219,60.43558696592948
epigenomics_5540_sol2sanger_417,87.15189906073243,53.9947088155447
epigenomics_5540_sol2sanger_418,75.87614478627583,44.150205476174214
epigenomics_5540_sol2sanger_419,73.74353566504234,38.15152149076995
epigenomics_5540_sol2sanger_420,78.80777857348131,47.78574837928377
epigenomics_5540_sol2sanger_421,78.38680634359089,67.84045717367601
epigenomics_5540_sol2sanger_422,79.07353911803997,53.869941509611046
epigenomics_5540_sol2sanger_423,82.19738017338551,59.20343123739036
epigenomics_5540_sol2sanger_424,74.64814743659728,51.56915191819941
epigenomics_5540_sol2sanger_425,78.58843818055212,46.169234342522394
epigenomics_5540_sol2sanger_426,65.84141016293566,23.487815502446963
epigenomics_5540_sol2sanger_427,84.83714723417181,48.54670875994006
epigenomics_5540_sol2sanger_428,76.69450988574671,41.156410645545584
epigenomics_5540_sol2sanger_429,62.290672171542404,41.3135045031109
epigenomics_5540_sol2sanger_430,89.05434056736222,43.43700245637114
epigenomics_5540_sol2sanger_431,70.01004583224474,48.639096700788
epigenomics_5540_sol2sanger_432,84.36631754641142,44.020856750942556
epigenomics_5540_sol2sanger_433,66.47817657346542,50.10116556274147
epigenomics_5540_sol2sanger_434,77.45651810827509,39.504880312403465
epigenomics_5540_sol2sanger_435,81.44296125209253,51.617497621842034
epigenomics_5540_sol2sanger_436,90.22860686989304,42.01290008262856
epigenomics_5540_sol2sanger_437,78.07238510387057,41.692800784906716
epigenomics_5540_sol2sanger_438,78.53588095497051,40.50518790955645
epigenomics_5540_sol2sanger_439,87.29498358157713,31.303772267879395
epigenomics_5540_sol2sanger_440,83.40883220543876,52.696900157434584
epigenomics_5540_sol2sanger_441,83.4407898449798,50.42004940149166
epigenomics_5540_sol2sanger_442,81.0245971395963,41.77860925630408
epigenomics_5540_sol2sanger_443,88.75777926083578,57.48124017608284
epigenomics_5540_sol2sanger_444,76.52158037190343,50.41652029129673
epigenomics_5540_sol2sanger_445,69.3414756162299,49.757023821681216
epigenomics_5540_sol2sanger_446,79.10530354614278,44.242824457246336
epigenomics_5540_sol2sanger_447,72.27747179334112,27.962111730874007
epigenomics_5540_sol2sanger_448,80.15265878241496,34.846928123411146
epigenomics_5540_sol2sanger_449,80.99287929416305,48.09268606318986
epigenomics_5540_sol2sanger_450,77.98174180595306,42.44758081657773
epigenomics_5540_sol2sanger_451,77.55136023166214,54.55171577987737
epigenomics_5540_sol2sanger_452,78.75139624963916,58.12872679213446
epigenomics_5540_sol2sanger_453,76.27217002167959,50.24027080266535
epigenomics_5540_sol2sanger_454,83.80530721425745,35.30375754930505
epigenomics_5540_sol2sanger_455,77.68026417340384,34.67815292461505
epigenomics_5540_sol2sanger_456,84.14748164585536,59.76866600070589
epigenomics_5540_sol2sanger_457,83.70664941602583,44.12214196011982
epigenomics_5540_sol2sanger_458,76.17567307050732,43.763048591653686
epigenomics_5540_sol2sanger_459,77.91183123189911,36.44180561518364
epigenomics_5540_sol2sanger_460,94.47039802514975,35.55666880094984
epigenomics_5540_sol2sanger_461,78.3504190127933,46.65225619979099
epigenomics_5540_sol2sanger_462,85.55207069772797,50.32141611126592
epigenomics_5540_sol2sanger_463,77.69521421618751,59.25069374594885
epigenomics_5540_sol2sanger_464,82.15416929332021,64.78432292912181
epigenomics_5540_sol2sanger_465,78.11221847439286,46.9640619797667
epigenomics_5540_sol2sanger_466,74.94424673988783,40.0182426019837
epigenomics_5540_sol2sanger_467,75.2660149162111,48.2146713122162
epigenomics_5540_sol2sanger_468,73.15230107762866,51.7341429927883
epigenomics_5540_sol2sanger_469,69.12134768263333,73.03198039321478
epigenomics_5540_sol2sanger_470,74.66147831034105,37.14809650589001
epigenomics_5540_sol2sanger_471,85.12954672404922,43.79976619535558
epigenomics_5540_sol2sanger_472,72.22501139185405,41.283993955195236
epigenomics_5540_sol2sanger_473,81.04808735349133,34.533524818686104
epigenomics_5540_sol2sanger_474,80.65424691376981,29.797376558320337
epigenomics_5540_sol2sanger_475,85.64687474276158,54.54305621744686
epigenomics_5540_sol2sanger_476,81.34967660086132,49.264922510674374
epigenomics_5540_sol2sanger_477,81.54967348227163,48.43010006905203
epigenomics_5540_sol2sanger_478,78.7303369985798,58.42904705411087
epigenomics_5540_sol2sanger_479,84.82450926140983,54.28268610555167
epigenomics_5540_sol2sanger_480,85.31087815471707,49.01768899421293
epigenomics_5540_sol2sanger_481,74.91485828777687,52.324720437100254
epigenomics_5540_sol2sanger_482,78.83899932273789,44.971999251445794
epigenomics_5540_sol2sanger_483,80.08968572384788,41.53912660649609
epigenomics_5540_sol2sanger_484,79.43815115090426,44.40416894492989
epigenomics_5540_sol2sanger_485,79.1070921735205,31.488609073100143
epigenomics_5540_sol2sanger_486,82.29717333620233,46.36550176170922
epigenomics_5540_sol2sanger_487,78.29850242925268,31.819871752095565
epigenomics_5540_sol2sanger_488,78.41325134619113,58.936173035967464
epigenomics_5540_sol2sanger_489,80.17353604856267,48.55063801495654
epigenomics_5540_sol2sanger_490,71.1050415485603,54.80448821921945
epigenomics_5540_sol2sanger_491,79.45205937755703,44.206373541081895
epigenomics_5540_sol2sanger_492,86.97496665104646,35.680748371811454
epigenomics_5540_sol2sanger_493,81.56789900564716,51.80607242290629
epigenomics_5540_sol2sanger_494,87.50570144777026,50.51798670882832
epigenomics_5540_sol2sanger_495,78.19410644319825,45.94530193799312
epigenomics_5540_sol2sanger_496,80.22765720675378,33.96072866486092
epigenomics_5540_sol2sanger_497,85.2984818281336,44.849920454973606
epigenomics_5540_sol2sanger_498,67.46449895735144,46.880031666032174
epigenomics_5540_sol2sanger_499,74.78449851968276,52.73814572744037
epigenomics_5540_fast2bfq_0,32.35871381092204,79.71125017972135
epigenomics_5540_fast2bfq_1,50.848979483069556,65.66524881590058
epigenomics_5540_fast2bfq_2,41.914252668235626,66.5474979970627
epigenomics_5540_fast2bfq_3,32.77246987904563,69.01976949687685
epigenomics_5540_fast2bfq_4,50.600299547229945,76.03021673179644
epigenomics_5540_fast2bfq_5,35.707050041883555,70.6855549318536
epigenomics_5540_fast2bfq_6,34.90063319055335,68.74070223925153
epigenomics_5540_fast2bfq_7,45.535938965688935,86.03909214969016
epigenomics_5540_fast2bfq_8,51.904342017230476,90.75334452995496
epigenomics_5540_fast2bfq_9,27.662647677245314,81.85687644265178
epigenomics_5540_fast2bfq_10,45.86761464727474,75.28545570800318
epigenomics_5540_fast2bfq_11,28.38927424422074,80.98986961518641
epigenomics_5540_fast2bfq_12,38.27134043678204,77.24240909570449
epigenomics_5540_fast2bfq_13,36.35718126241564,85.70950555286157
epigenomics_5540_fast2bfq_14,48.422909252156785,82.0260263177418
epigenomics_5540_fast2bfq_15,41.30230480151416,88.6172207087361
epigenomics_5540_fast2bfq_16,62.03708747869219,81.26955130856068
epigenomics_5540_fast2bfq_17,35.56280044625582,70.65102912439454
epigenomics_5540_fast2bfq_18,40.73420597813906,80.91918346509358
epigenomics_5540_fast2bfq_19,38.30775898340671,91.40765728605615
epigenomics_5540_fast2bfq_20,36.186638121677476,82.26283306447651
epigenomics_5540_fast2bfq_21,43.99523772075751,80.48105861974888
epigenomics_5540_fast2bfq_22,36.5708467874843,64.19265146767424
epigenomics_5540_fast2bfq_23,53.17275956207214,95.49881711587729
epigenomics_5540_fast2bfq_24,33.576159710765594,64.62408411343169
epigenomics_5540_fast2bfq_25,50.448059088448595,74.85979781945294
epigenomics_5540_fast2bfq_26,37.814015657173584,75.56917289494145
epigenomics_5540_fast2bfq_27,43.25404593678793,77.31591133763887
epigenomics_5540_fast2bfq_28,50.42430303899929,77.97727282864456
epigenomics_5540_fast2bfq_29,51.93386685610427,86.30033242368077
epigenomics_5540_fast2bfq_30,53.654956839152035,90.0926797206966
epigenomics_5540_fast2bfq_31,41.900355832846586,86.13461935682624
epigenomics_5540_fast2bfq_32,44.75602870724035,71.33013429310195
epigenomics_5540_fast2bfq_33,38.801055739042944,76.9721449927794
epigenomics_5540_fast2bfq_34,34.775029371059446,82.10134854652716
epigenomics_5540_fast2bfq_35,61.26846880979207,79.43075310980082
epigenomics_5540_fast2bfq_36,43.428705771316494,75.52626390295089
epigenomics_5540_fast2bfq_37,40.83682302795618,74.40309229095217
epigenomics_5540_fast2bfq_38,52.11332104135131,89.70988015152912
epigenomics_5540_fast2bfq_39,50.97079359108813,79.51364245101594
epigenomics_5540_fast2bfq_40,39.29055764404865,76.53532624039194
epigenomics_5540_fast2bfq_41,43.82498984773105,87.06573641105152
epigenomics_5540_fast2bfq_42,50.005142866262226,75.55227801222091
epigenomics_5540_fast2bfq_43,45.75072545364465,86.26587650387826
epigenomics_5540_fast2bfq_44,47.80668689741296,74.33379622261603
epigenomics_5540_fast2bfq_45,47.99867884212013,79.34218664825832
epigenomics_5540_fast2bfq_46,39.07852338808884,78.00863379106814
epigenomics_5540_fast2bfq_47,41.013166781817745,70.00610123199428
epigenomics_5540_fast2bfq_48,33.771069032629086,83.21715934144228
epigenomics_5540_fast2bfq_49,39.85429892291603,88.12455180165448
epigenomics_5540_fast2bfq_50,57.96899138597883,65.20984831554867
epigenomics_5540_fast2bfq_51,50.76651680765026,89.92971278604705
epigenomics_5540_fast2bfq_52,33.32813028438815,79.73300941189252
epigenomics_5540_fast2bfq_53,55.9688757764136,77.15205171743457
epigenomics_5540_fast2bfq_54,38.734668603783106,82.59290857024105
epigenomics_5540_fast2bfq_55,46.08831076645917,76.34876973655706
epigenomics_5540_fast2bfq_56,48.17015348901349,79.03351514277773
epigenomics_5540_fast2bfq_57,47.10230154683801,69.01775588904052
epigenomics_5540_fast2bfq_58,50.95803340300061,80.01320073783518
epigenomics_5540_fast2bfq_59,43.472731859825686,102.36462163961498
epigenomics_5540_fast2bfq_60,43.850188276458205,63.68022298131808
epigenomics_5540_fast2bfq_61,39.61803851349263,81.21979072147393
epigenomics_5540_fast2bfq_62,62.69379539408545,78.93018339965275
epigenomics_5540_fast2bfq_63,44.387681849622325,75.0077609381737
epigenomics_5540_fast2bfq_64,44.67133077627268,82.91118738627489
epigenomics_5540_fast2bfq_65,51.53327189465606,72.97473313825546
epigenomics_5540_fast2bfq_66,42.951932669084016,80.4314506326984
epigenomics_5540_fast2bfq_67,42.18154034746683,81.61249063594533
epigenomics_5540_fast2bfq_68,47.019958923643514,75.92988957551317
epigenomics_5540_fast2bfq_69,44.221517560747735,77.52596252263787
epigenomics_5540_fast2bfq_70,44.74407037947879,78.97025116482587
epigenomics_5540_fast2bfq_71,43.788985514333255,70.19180166789222
epigenomics_5540_fast2bfq_72,40.83723332752246,84.35110428718585
epigenomics_5540_fast2bfq_73,38.70762274787097,87.76851577592518
epigenomics_5540_fast2bfq_74,45.79531455801738,86.26487238517821
epigenomics_5540_fast2bfq_75,41.40713340541619,81.19155608268618
epigenomics_5540_fast2bfq_76,44.36222337180502,85.14478315859479
epigenomics_5540_fast2bfq_77,49.28107815651512,83.22380176088264
epigenomics_5540_fast2bfq_78,29.533242048816234,79.90247382532357
epigenomics_5540_fast2bfq_79,34.93914291696702,83.20937138793632
epigenomics_5540_fast2bfq_80,33.38886771373983,83.33728079640508
epigenomics_5540_fast2bfq_81,50.028762363476886,96.22077720575182
epigenomics_5540_fast2bfq_82,44.8838594571214,85.10249142111692
epigenomics_5540_fast2bfq_83,54.80788720368712,81.84371187798163
epigenomics_5540_fast2bfq_84,39.31977126108354,77.93732576549706
epigenomics_5540_fast2bfq_85,33.759084625338346,81.11092026963547
epigenomics_5540_fast2bfq_86,41.75975201455001,84.69792625176505
epigenomics_5540_fast2bfq_87,53.80298340521583,73.5671764996726
epigenomics_5540_fast2bfq_88,51.060234870924575,81.33440534177485
epigenomics_5540_fast2bfq_89,40.7862404717105,84.66312891785913
epigenomics_5540_fast2bfq_90,40.78420176584555,85.17456501652664
epigenomics_5540_fast2bfq_91,43.86762604648089,71.2223434333615
epigenomics_5540_fast2bfq_92,38.90711881569577,80.04469303787481
epigenomics_5540_fast2bfq_93,39.10759929847626,86.27353177472305
epigenomics_5540_fast2bfq_94,35.28557107518762,81.99879283912416
epigenomics_5540_fast2bfq_95,56.49976961517462,70.13268728213346
epigenomics_5540_fast2bfq_96,45.57598951183075,67.68673740202145
epigenomics_5540_fast2bfq_97,51.25554183097467,75.53302041918981
epigenomics_5540_fast2bfq_98,48.62268730875543,76.02816909131441
epigenomics_5540_fast2bfq_99,55.95375097298522,80.50067802441718
epigenomics_5540_fast2bfq_100,42.351004921007686,85.634661776795
epigenomics_5540_fast2bfq_101,42.21900838788094,73.57422265269285
epigenomics_5540_fast2bfq_102,42.77277351181246,71.85763734372668
epigenomics_5540_fast2bfq_103,41.44436216881976,73.2214630630277
epigenomics_5540_fast2bfq_104,45.185234543738325,86.58431328725656
epigenomics_5540_fast2bfq_105,49.49602836970289,74.94735263715208
epigenomics_5540_fast2bfq_106,48.646446959582995,70.6752562721688
epigenomics_5540_fast2bfq_107,53.53755696491483,81.85064890635033
epigenomics_5540_fast2bfq_108,39.72992157787086,74.90551315496288
epigenomics_5540_fast2bfq_109,30.1906626495161,87.24485067734628
epigenomics_5540_fast2bfq_110,35.486431150620156,78.95850594649036
epigenomics_5540_fast2bfq_111,35.681819904498944,56.386856056961136
epigenomics_5540_fast2bfq_112,52.47992737687899,81.00959285350733
epigenomics_5540_fast2bfq_113,39.94778782399266,79.941794662761
epigenomics_5540_fast2bfq_114,53.509947998662575,85.57680982797001
epigenomics_5540_fast2bfq_115,38.39436766591044,84.86678669383664
epigenomics_5540_fast2bfq_116,50.28906608318826,90.97615449492324
epigenomics_5540_fast2bfq_117,43.230435429480025,77.75828801877107
epigenomics_5540_fast2bfq_118,43.13181825309123,81.03885329659786
epigenomics_5540_fast2bfq_119,43.92601322981218,81.18543810837913
epigenomics_5540_fast2bfq_120,33.13152795772453,77.02924734767879
epigenomics_5540_fast2bfq_121,45.180603476205874,87.92468443615353
epigenomics_5540_fast2bfq_122,51.55315703362749,76.4276341781632
epigenomics_5540_fast2bfq_123,33.398947196607445,70.74116584366071
epigenomics_5540_fast2bfq_124,51.185302320216785,65.70970580304851
epigenomics_5540_fast2bfq_125,53.89283601000754,77.75591727413868
epigenomics_5540_fast2bfq_126,43.37867843199642,84.743442591902
epigenomics_5540_fast2bfq_127,47.04747736969604,78.98453661743865
epigenomics_5540_fast2bfq_128,44.52072502196968,81.99746907632318
epigenomics_5540_fast2bfq_129,44.40773286705949,86.1148923842577
epigenomics_5540_fast2bfq_130,53.911928319522005,88.51400953298052
epigenomics_5540_fast2bfq_131,30.689246654611495,76.14027143744529
epigenomics_5540_fast2bfq_132,45.24041088906181,83.68592242961583
epigenomics_5540_fast2bfq_133,41.65127627553622,77.02442166796308
epigenomics_5540_fast2bfq_134,48.87726117354664,68.36846149574329
epigenomics_5540_fast2bfq_135,40.09601340731502,76.52359974695469
epigenomics_5540_fast2bfq_136,50.264835937503335,76.0714172549494
epigenomics_5540_fast2bfq_137,45.90824727675444,72.15386669037417
epigenomics_5540_fast2bfq_138,43.319219203506535,84.65071726630681
epigenomics_5540_fast2bfq_139,58.79880787885479,78.24692482709145
epigenomics_5540_fast2bfq_140,51.44747942581357,72.93190484358519
epigenomics_5540_fast2bfq_141,47.55200562131837,80.02461498014132
epigenomics_5540_fast2bfq_142,44.26504530372093,72.48241499827246
epigenomics_5540_fast2bfq_143,48.77819480733432,78.3169256430681
epigenomics_5540_fast2bfq_144,54.789426967923305,84.9341683126542
epigenomics_5540_fast2bfq_145,54.5560428560003,78.98041107625049
epigenomics_5540_fast2bfq_146,42.32700037083373,74.13029942782143
epigenomics_5540_fast2bfq_147,44.99762802387259,83.65425750737363
epigenomics_5540_fast2bfq_148,33.45415746360425,87.29214687188986
epigenomics_5540_fast2bfq_149,50.53762377824031,86.93009529551502
epigenomics_5540_fast2bfq_150,41.78353370979813,83.02747104228874
epigenomics_5540_fast2bfq_151,40.34955258098816,85.7313810192596
epigenomics_5540_fast2bfq_152,33.13847606283092,81.10445357074785
epigenomics_5540_fast2bfq_153,34.43914251406923,79.62432905176998
epigenomics_5540_fast2bfq_154,48.65844554813338,84.98087634357009
epigenomics_5540_fast2bfq_155,34.76150739682984,72.99929457736417
epigenomics_5540_fast2bfq_156,52.745713739902186,74.7712481139106
epigenomics_5540_fast2bfq_157,40.30670503263131,77.26081963719064
epigenomics_5540_fast2bfq_158,36.18059422405224,84.52449156545936
epigenomics_5540_fast2bfq_159,39.30410633151286,77.37183963699577
epigenomics_5540_fast2bfq_160,46.630680544367316,96.66639606426033
epigenomics_5540_fast2bfq_161,44.617143482009816,92.3376932372023
epigenomics_5540_fast2bfq_162,54.786457963412545,80.55008486985606
epigenomics_5540_fast2bfq_163,42.87822717875965,82.9541141735303
epigenomics_5540_fast2bfq_164,35.51775928231484,73.23644049404888
epigenomics_5540_fast2bfq_165,38.01828797734837,82.54619817174223
epigenomics_5540_fast2bfq_166,55.524263532199235,75.68674917709197
epigenomics_5540_fast2bfq_167,42.62767360950835,70.38731298038634
epigenomics_5540_fast2bfq_168,43.39904628916755,85.62193290410269
epigenomics_5540_fast2bfq_169,37.45480079091598,76.8769743753329
epigenomics_5540_fast2bfq_170,40.35444309273569,82.32793827507544
epigenomics_5540_fast2bfq_171,42.660855887006,87.14852217244814
epigenomics_5540_fast2bfq_172,54.67458747862842,79.0293284170509
epigenomics_5540_fast2bfq_173,47.28666608253379,87.12888262328316
epigenomics_5540_fast2bfq_174,41.66864983879066,85.36594941146289
epigenomics_5540_fast2bfq_175,55.05916233472445,88.17058038249516
epigenomics_5540_fast2bfq_176,41.21729271833514,84.38645183602839
epigenomics_5540_fast2bfq_177,51.144479943459984,77.90809931475091
epigenomics_5540_fast2bfq_178,43.78234936773643,82.77834238098254
epigenomics_5540_fast2bfq_179,36.443355402470054,83.3580565883774
epigenomics_5540_fast2bfq_180,43.48733651428894,85.5571970913975
epigenomics_5540_fast2bfq_181,42.12845814289576,83.34078166334186
epigenomics_5540_fast2bfq_182,45.2947502279127,71.23368772239938
epigenomics_5540_fast2bfq_183,41.947912361874295,82.38504093448665
epigenomics_5540_fast2bfq_184,45.72413050346697,93.43731673598599
epigenomics_5540_fast2bfq_185,44.37597644816123,75.37960772554192
epigenomics_5540_fast2bfq_186,40.74016299742852,68.96104527045031
epigenomics_5540_fast2bfq_187,41.350686819361286,84.58269371757234
epigenomics_5540_fast2bfq_188,54.95575894000878,81.79412732731667
epigenomics_5540_fast2bfq_189,46.9130011472147,81.84226496231044
epigenomics_5540_fast2bfq_190,45.39879365720897,87.45289199538017
epigenomics_5540_fast2bfq_191,37.78381594938439,81.32335588904758
epigenomics_5540_fast2bfq_192,39.816133894671026,78.2466046053199
epigenomics_5540_fast2bfq_193,50.277681682848396,66.82370617142315
epigenomics_5540_fast2bfq_194,53.81941869605841,89.10831663867988
epigenomics_5540_fast2bfq_195,44.9774164119113,80.98148156261199
epigenomics_5540_fast2bfq_196,40.04956569951308,81.78902148019313
epigenomics_5540_fast2bfq_197,54.58318415249794,90.43983468102346
epigenomics_5540_fast2bfq_198,66.5293388721719,73.4753047098349
epigenomics_5540_fast2bfq_199,47.15750014227336,75.64532718179056
epigenomics_5540_fast2bfq_200,46.863080246058594,71.33722599354242
epigenomics_5540_fast2bfq_201,50.9181938591731,76.62883410863232
epigenomics_5540_fast2bfq_202,41.00775333291241,82.68747057250414
epigenomics_5540_fast2bfq_203,46.868414932867566,77.34292604687143
epigenomics_5540_fast2bfq_204,42.35803605907774,62.19215995285704
epigenomics_5540_fast2bfq_205,36.423554853813684,82.63738738815596
epigenomics_5540_fast2bfq_206,36.984685614957485,89.63264170031243
epigenomics_5540_fast2bfq_207,46.17562186069767,79.43743338277886
epigenomics_5540_fast2bfq_208,41.67665009479733,86.51517922346957
epigenomics_5540_fast2bfq_209,31.51085547843008,87.83696462143787
epigenomics_5540_fast2bfq_210,34.51899274039179,86.89515332189741
epigenomics_5540_fast2bfq_211,49.50229964529684,75.1908635739303
epigenomics_5540_fast2bfq_212,41.24328044607956,75.5353109050513
epigenomics_5540_fast2bfq_213,36.020045083646664,80.1666845804493
epigenomics_5540_fast2bfq_214,43.653040980203315,76.35369237402898
epigenomics_5540_fast2bfq_215,51.795093314795466,90.36526491265111
epigenomics_5540_fast2bfq_216,47.015094264356875,76.2622341960636
epigenomics_5540_fast2bfq_217,57.54785959746026,76.95615374342233
epigenomics_5540_fast2bfq_218,45.14602273614056,84.60968414671696
epigenomics_5540_fast2bfq_219,51.41990451660902,88.05080242993954
epigenomics_5540_fast2bfq_220,44.152449700354595,77.39947523220178
epigenomics_5540_fast2bfq_221,42.54347196882751,86.91410705536273
epigenomics_5540_fast2bfq_222,46.617539375766746,81.82480756194545
epigenomics_5540_fast2bfq_223,51.557224423160505,82.59461816608514
epigenomics_5540_fast2bfq_224,51.533942512639584,86.90529457488984
epigenomics_5540_fast2bfq_225,46.02022707636655,85.80409573024049
epigenomics_5540_fast2bfq_226,28.064135982118987,76.50460949556602
epigenomics_5540_fast2bfq_227,37.60693344567518,73.45091019333866
epigenomics_5540_fast2bfq_228,38.2428274442408,69.8239523054036
epigenomics_5540_fast2bfq_229,41.86178389094414,82.32233421864457
epigenomics_5540_fast2bfq_230,42.7351900066951,82.25247055986206
epigenomics_5540_fast2bfq_231,32.26311415313542,76.51283866788313
epigenomics_5540_fast2bfq_232,54.14515347947397,87.65217461321514
epigenomics_5540_fast2bfq_233,55.10774639366804,81.50064972737808
epigenomics_5540_fast2bfq_234,37.6197422054953,67.7408000870419
epigenomics_5540_fast2bfq_235,39.713094167057676,69.73192909497544
epigenomics_5540_fast2bfq_236,49.81196284246541,83.03464504904959
epigenomics_5540_fast2bfq_237,45.72497025484177,74.84276453393072
epigenomics_5540_fast2bfq_238,45.525407736585485,82.45651784736164
epigenomics_5540_fast2bfq_239,44.494583853084315,79.75027319291738
epigenomics_5540_fast2bfq_240,52.27155663062106,86.98609737407598
epigenomics_5540_fast2bfq_241,53.50915884222077,72.31740034415408
epigenomics_5540_fast2bfq_242,44.50115814689367,80.67396496863059
epigenomics_5540_fast2bfq_243,26.493713074473945,89.07075970716386
epigenomics_5540_fast2bfq_244,54.73879714464726,73.39799006246393
epigenomics_5540_fast2bfq_245,47.96042182474649,80.14573280682158
epigenomics_5540_fast2bfq_246,43.37452886758634,85.76794001635628
epigenomics_5540_fast2bfq_247,43.49006728649522,83.83348731742615
epigenomics_5540_fast2bfq_248,45.089371674148445,87.18669412147912
epigenomics_5540_fast2bfq_249,45.30749106349155,61.9453592194494
epigenomics_5540_fast2bfq_250,35.502836911597164,77.77793284165631
epigenomics_5540_fast2bfq_251,39.408637100416044,68.61932084488595
epigenomics_5540_fast2bfq_252,47.77726349000375,78.61771983907063
epigenomics_5540_fast2bfq_253,42.479954032441306,77.08667014796941
epigenomics_5540_fast2bfq_254,39.879136435696466,78.52585945672749
epigenomics_5540_fast2bfq_255,31.796252656462585,69.10197837216613
epigenomics_5540_fast2bfq_256,22.011187446413476,80.12717238211553
epigenomics_5540_fast2bfq_257,39.770182398283296,90.73369842582268
epigenomics_5540_fast2bfq_258,42.500640440848315,85.0172117929955
epigenomics_5540_fast2bfq_259,31.743567310934566,72.3662862017944
epigenomics_5540_fast2bfq_260,44.27309766301989,79.1875722971148
epigenomics_5540_fast2bfq_261,35.2472041469185,71.2455664823587
epigenomics_5540_fast2bfq_262,42.57966581944709,91.92951841533014
epigenomics_5540_fast2bfq_263,49.12217775227778,79.3599446535268
epigenomics_5540_fast2bfq_264,41.77389101762449,76.87897338921954
epigenomics_5540_fast2bfq_265,32.66284655545641,89.40790093882211
epigenomics_5540_fast2bfq_266,55.101863960577724,72.95696317311386
epigenomics_5540_fast2bfq_267,51.729138317183136,78.46067216399473
epigenomics_5540_fast2bfq_268,41.11770870646321,83.14071821574709
epigenomics_5540_fast2bfq_269,30.749923172933265,69.05725038881675
epigenomics_5540_fast2bfq_270,47.763161308152846,71.96861331220843
epigenomics_5540_fast2bfq_271,37.1165700633305,84.36438187701133
epigenomics_5540_fast2bfq_272,53.91081072540919,71.7243568476446
epigenomics_5540_fast2bfq_273,52.39071210875072,76.75672485042648
epigenomics_5540_fast2bfq_274,34.506312258870366,81.84714617686159
epigenomics_5540_fast2bfq_275,43.30264917530153,76.78672243835678
epigenomics_5540_fast2bfq_276,30.260452850716444,77.99533748906457
epigenomics_5540_fast2bfq_277,35.00471650245883,76.50294006763477
epigenomics_5540_fast2bfq_278,41.02393876134123,82.58315147551961
epigenomics_5540_fast2bfq_279,42.01592696262926,57.34584584290026
epigenomics_5540_fast2bfq_280,39.283643809367774,86.49657064314104
epigenomics_5540_fast2bfq_281,38.50712039483994,84.87664225478987
epigenomics_5540_fast2bfq_282,38.325554118182424,83.74870796126989
epigenomics_5540_fast2bfq_283,32.44069902360167,88.65347006373972
epigenomics_5540_fast2bfq_284,47.67237204640732,80.08507276296857
epigenomics_5540_fast2bfq_285,40.94815759813749,79.08262508481917
epigenomics_5540_fast2bfq_286,41.341709247893434,75.16677465867194
epigenomics_5540_fast2bfq_287,33.75968741861333,79.8493114709457
epigenomics_5540_fast2bfq_288,41.879568351481375,70.69082138636571
epigenomics_5540_fast2bfq_289,46.14854587936684,76.47681893898519
epigenomics_5540_fast2bfq_290,48.756330745666645,77.0177137833356
epigenomics_5540_fast2bfq_291,48.682632584708315,75.73170419728376
epigenomics_5540_fast2bfq_292,39.539983330651374,78.92762435625151
epigenomics_5540_fast2bfq_293,43.47899043397736,80.98637333557504
epigenomics_5540_fast2bfq_294,44.89852453387116,71.27477707034184
epigenomics_5540_fast2bfq_295,28.81417384611413,81.74923928106004
epigenomics_5540_fast2bfq_296,52.60722265376515,86.63968211220215
epigenomics_5540_fast2bfq_297,45.732645770409555,76.54351960470511
epigenomics_5540_fast2bfq_298,40.6164028113992,71.67480203343273
epigenomics_5540_fast2bfq_299,46.57524187948232,84.26652175981944
epigenomics_5540_fast2bfq_300,59.59276855553734,86.16838639993658
epigenomics_5540_fast2bfq_301,45.129133071632836,83.56521666854853
epigenomics_5540_fast2bfq_302,30.76557360708889,83.73822526900038
epigenomics_5540_fast2bfq_303,48.37433783298042,80.63049632779621
epigenomics_5540_fast2bfq_304,43.891947929831936,85.12408226479992
epigenomics_5540_fast2bfq_305,33.74159386988375,78.5510801910068
epigenomics_5540_fast2bfq_306,43.337385131963586,76.26491255709351
epigenomics_5540_fast2bfq_307,60.08680716486933,81.11616526036062
epigenomics_5540_fast2bfq_308,39.733007846302996,83.63619567022494
epigenomics_5540_fast2bfq_309,33.825329483353926,79.62433611228131
epigenomics_5540_fast2bfq_310,51.26493921762618,80.01696674510461
epigenomics_5540_fast2bfq_311,56.2959898173785,77.01682420814372
epigenomics_5540_fast2bfq_312,53.736173327583344,84.9803096663346
epigenomics_5540_fast2bfq_313,50.875656248110644,71.52121456511213
epigenomics_5540_fast2bfq_314,45.48560166220026,93.62737952217117
epigenomics_5540_fast2bfq_315,47.19057457161861,84.3488499085081
epigenomics_5540_fast2bfq_316,48.23069990984023,78.66671388563488
epigenomics_5540_fast2bfq_317,52.25919370194242,84.54994040653739
epigenomics_5540_fast2bfq_318,30.077663259106092,86.30634160738029
epigenomics_5540_fast2bfq_319,36.20726924051101,80.03946258634713
epigenomics_5540_fast2bfq_320,38.95972783594027,94.77350980515757
epigenomics_5540_fast2bfq_321,56.991014646439524,72.71327610864309
epigenomics_5540_fast2bfq_322,63.57555473912016,87.04536145685489
epigenomics_5540_fast2bfq_323,44.688447948062446,72.3978819802661
epigenomics_5540_fast2bfq_324,43.24072900134279,84.72508326927158
epigenomics_5540_fast2bfq_325,45.497463139909975,69.48081897647566
epigenomics_5540_fast2bfq_326,61.34481790145824,76.33976156261808
epigenomics_5540_fast2bfq_327,45.8034131406603,72.69349889307964
epigenomics_5540_fast2bfq_328,34.552602389441915,79.68713713063224
epigenomics_5540_fast2bfq_329,41.364921341765964,78.66979956574043
epigenomics_5540_fast2bfq_330,48.69078957439274,73.40745794503917
epigenomics_5540_fast2bfq_331,31.627354330665298,71.93422526044613
epigenomics_5540_fast2bfq_332,45.08494192807948,91.66418932138401
epigenomics_5540_fast2bfq_333,40.1248658461986,78.14678067048104
epigenomics_5540_fast2bfq_334,54.58179646729518,79.79844929996304
epigenomics_5540_fast2bfq_335,48.04594233287191,87.89827664967021
epigenomics_5540_fast2bfq_336,50.49435995979206,88.08154765354851
epigenomics_5540_fast2bfq_337,48.27887844422466,73.78311704736267
epigenomics_5540_fast2bfq_338,42.24751644582993,90.33652969059536
epigenomics_5540_fast2bfq_339,42.22572080420694,83.428294778284
epigenomics_5540_fast2bfq_340,39.22957831813808,70.27228297196805
epigenomics_5540_fast2bfq_341,47.49231113983674,78.33927982781738
epigenomics_5540_fast2bfq_342,43.85509093191565,74.59350133281332
epigenomics_5540_fast2bfq_343,46.39660923004296,80.60489754382179
epigenomics_5540_fast2bfq_344,45.50984980439671,83.98126937180425
epigenomics_5540_fast2bfq_345,36.82387965170996,71.91862544375206
epigenomics_5540_fast2bfq_346,36.89339042886156,74.06894479100276
epigenomics_5540_fast2bfq_347,35.59259250022463,88.65451905623944
epigenomics_5540_fast2bfq_348,44.730659206225596,77.63132520709925
epigenomics_5540_fast2bfq_349,43.77829790827502,70.58644403105588
epigenomics_5540_fast2bfq_350,43.58567519696804,78.75517870741483
epigenomics_5540_fast2bfq_351,39.91898504514677,74.414525355671
epigenomics_5540_fast2bfq_352,45.09287375206235,75.55901606184236
epigenomics_5540_fast2bfq_353,53.32045222426771,78.69511658513784
epigenomics_5540_fast2bfq_354,45.408588639190526,70.43478637300566
epigenomics_5540_fast2bfq_355,47.795229806232484,86.51738658165107
epigenomics_5540_fast2bfq_356,34.72935769636496,81.79227793764699
epigenomics_5540_fast2bfq_357,36.89600816457631,77.33889315924573
epigenomics_5540_fast2bfq_358,46.037040215594736,87.45150126412874
epigenomics_5540_fast2bfq_359,50.30895445258241,92.91978916627272
epigenomics_5540_fast2bfq_360,54.10202325215772,79.63058638571977
epigenomics_5540_fast2bfq_361,34.389997011463564,74.30596736518496
epigenomics_5540_fast2bfq_362,43.251415306548274,84.77329814843884
epigenomics_5540_fast2bfq_363,48.22446981657189,75.94522449821625
epigenomics_5540_fast2bfq_364,38.39316376873075,80.84129458637014
epigenomics_5540_fast2bfq_365,46.91317665841727,79.9656024916059
epigenomics_5540_fast2bfq_366,41.82966842978994,79.76109876401192
epigenomics_5540_fast2bfq_367,31.803867513203475,86.48728512442851
epigenomics_5540_fast2bfq_368,37.67733082874384,86.18571576019994
epigenomics_5540_fast2bfq_369,50.742610692351846,77.69245982672868
epigenomics_5540_fast2bfq_370,52.54281475715203,78.2165346219887
epigenomics_5540_fast2bfq_371,47.15809650160953,76.44413564587877
epigenomics_5540_fast2bfq_372,55.43843388419923,86.31529916667937
epigenomics_5540_fast2bfq_373,37.44037001776681,92.90895230484567
epigenomics_5540_fast2bfq_374,37.65551913333314,79.51900986945262
epigenomics_5540_fast2bfq_375,54.88298229874243,70.13575289279109
epigenomics_5540_fast2bfq_376,35.645688966492855,71.77699438333484
epigenomics_5540_fast2bfq_377,44.90513608814434,79.28683573071336
epigenomics_5540_fast2bfq_378,49.143251468671195,79.34940430551443
epigenomics_5540_fast2bfq_379,50.732046024436656,82.52639256041802
epigenomics_5540_fast2bfq_380,51.692003376380804,79.05578108247802
epigenomics_5540_fast2bfq_381,58.982562319131155,75.14322451162941
epigenomics_5540_fast2bfq_382,55.43184352083641,81.23090519424196
epigenomics_5540_fast2bfq_383,44.99045867969247,89.60017396430952
epigenomics_5540_fast2bfq_384,40.18738258365739,84.47235810280607
epigenomics_5540_fast2bfq_385,48.89970847604557,75.08703193302932
epigenomics_5540_fast2bfq_386,48.77519365022818,80.48086966377068
epigenomics_5540_fast2bfq_387,34.48852051958215,86.29501262057106
epigenomics_5540_fast2bfq_388,44.120724325297715,85.24558920531706
epigenomics_5540_fast2bfq_389,37.759955092185734,78.95160255784005
epigenomics_5540_fast2bfq_390,42.10359019593439,81.47804547569031
epigenomics_5540_fast2bfq_391,44.658922244006405,77.63775496379992
epigenomics_5540_fast2bfq_392,45.80488853463795,82.07985251767354
epigenomics_5540_fast2bfq_393,41.04851957519104,76.62449493849593
epigenomics_5540_fast2bfq_394,39.54435533406177,82.89901954163349
epigenomics_5540_fast2bfq_395,33.30340495254343,72.25010700855626
epigenomics_5540_fast2bfq_396,43.082439533162855,81.06747072488744
epigenomics_5540_fast2bfq_397,56.740586095951045,82.06719041847089
epigenomics_5540_fast2bfq_398,48.740029449828704,83.25270260250163
epigenomics_5540_fast2bfq_399,44.689050364828624,80.42045349592036
epigenomics_5540_fast2bfq_400,48.37013787926169,69.97694043907198
epigenomics_5540_fast2bfq_401,47.901049623341486,88.71266964986431
epigenomics_5540_fast2bfq_402,39.38861141383232,91.67066142902388
epigenomics_5540_fast2bfq_403,47.07035306688512,71.93373301097729
epigenomics_5540_fast2bfq_404,54.91617251624548,83.93073052212641
epigenomics_5540_fast2bfq_405,48.48404285192989,87.67351277945333
epigenomics_5540_fast2bfq_406,50.69057732235679,80.13402984323851
epigenomics_5540_fast2bfq_407,41.70226988392739,79.59810225894194
epigenomics_5540_fast2bfq_408,35.150184571240516,94.51182796809995
epigenomics_5540_fast2bfq_409,55.45688717074236,81.00339368097625
epigenomics_5540_fast2bfq_410,42.18429503390408,91.50270292953714
epigenomics_5540_fast2bfq_411,39.58348107155026,88.18174828102877
epigenomics_5540_fast2bfq_412,51.154330221358734,79.78251846372609
epigenomics_5540_fast2bfq_413,51.09622319258644,67.39276171425809
epigenomics_5540_fast2bfq_414,36.08273120102096,83.5599246503571
epigenomics_5540_fast2bfq_415,47.91594229791821,83.36426709281304
epigenomics_5540_fast2bfq_416,58.68834667455768,64.6618754768024
epigenomics_5540_fast2bfq_417,57.02787885188013,85.02149623220689
epigenomics_5540_fast2bfq_418,27.650325329770098,67.94717394307236
epigenomics_5540_fast2bfq_419,42.47041855339492,80.5681789636578
epigenomics_5540_fast2bfq_420,42.07681649331244,84.0042372694878
epigenomics_5540_fast2bfq_421,48.469590035395505,84.1782813448107
epigenomics_5540_fast2bfq_422,56.33522282528537,78.32898951632384
epigenomics_5540_fast2bfq_423,43.362455126483056,75.61038489419452
epigenomics_5540_fast2bfq_424,37.11712546084769,74.31869925100334
epigenomics_5540_fast2bfq_425,45.86926798047882,75.66817306997889
epigenomics_5540_fast2bfq_426,47.3211064032259,74.08244263145903
epigenomics_5540_fast2bfq_427,49.43356268067373,73.09233607219909
epigenomics_5540_fast2bfq_428,37.337246923647115,73.25535863571105
epigenomics_5540_fast2bfq_429,47.92286940617141,72.59458711408003
epigenomics_5540_fast2bfq_430,55.833054196229845,76.16774115135074
epigenomics_5540_fast2bfq_431,39.25833105617001,60.38532440018706
epigenomics_5540_fast2bfq_432,43.91348259086006,73.37837661241436
epigenomics_5540_fast2bfq_433,51.131233116511154,80.64409503755441
epigenomics_5540_fast2bfq_434,41.75306978391817,78.2981336101347
epigenomics_5540_fast2bfq_435,46.3984930765536,80.17350608398597
epigenomics_5540_fast2bfq_436,55.19738516567247,72.73535183606799
epigenomics_5540_fast2bfq_437,42.648837588983596,76.54289264055045
epigenomics_5540_fast2bfq_438,41.34082072723235,72.16292160358802
epigenomics_5540_fast2bfq_439,55.062210965497215,87.80081363018144
epigenomics_5540_fast2bfq_440,51.68717424563831,81.21376621933086
epigenomics_5540_fast2bfq_441,29.725137234166105,86.29039472934717
epigenomics_5540_fast2bfq_442,52.062395987114336,84.62843270392163
epigenomics_5540_fast2bfq_443,53.21685431518473,69.10568633292924
epigenomics_5540_fast2bfq_444,39.45704232637403,75.56815019857814
epigenomics_5540_fast2bfq_445,59.63329577893079,80.62994230126594
epigenomics_5540_fast2bfq_446,37.95117823449307,83.75737681839014
epigenomics_5540_fast2bfq_447,41.07839229031528,78.40126157380956
epigenomics_5540_fast2bfq_448,53.17462209615287,82.73824613583794
epigenomics_5540_fast2bfq_449,53.688911240092644,88.3904129961714
epigenomics_5540_fast2bfq_450,42.95954167126915,71.06481987724148
epigenomics_5540_fast2bfq_451,45.67770584193688,86.18257098319276
epigenomics_5540_fast2bfq_452,54.64458972082184,85.07716076395077
epigenomics_5540_fast2bfq_453,48.29645646577636,75.69100483471453
epigenomics_5540_fast2bfq_454,49.588882371787534,93.57275280097781
epigenomics_5540_fast2bfq_455,43.19749481994778,97.08751698393621
epigenomics_5540_fast2bfq_456,49.106721571660685,85.39675427588786
epigenomics_5540_fast2bfq_457,35.71276491772797,63.77688415563942
epigenomics_5540_fast2bfq_458,40.91052533453446,74.76302246637344
epigenomics_5540_fast2bfq_459,53.711555967058295,88.01463253947688
epigenomics_5540_fast2bfq_460,34.83167466997335,87.35124780399478
epigenomics_5540_fast2bfq_461,42.358017954550576,71.84180763382844
epigenomics_5540_fast2bfq_462,39.72026025319866,86.52277769691615
epigenomics_5540_fast2bfq_463,43.364393801740306,72.08539233898051
epigenomics_5540_fast2bfq_464,54.07721131827022,84.19373589267806
epigenomics_5540_fast2bfq_465,40.395615027347816,66.92752923155619
epigenomics_5540_fast2bfq_466,54.70155105662058,74.88543341258446
epigenomics_5540_fast2bfq_467,43.57539281007714,80.52956854046509
epigenomics_5540_fast2bfq_468,43.472478726662715,79.54272697397745
epigenomics_5540_fast2bfq_469,51.18453901682363,75.38200935833409
epigenomics_5540_fast2bfq_470,37.5922453886121,80.76468212521529
epigenomics_5540_fast2bfq_471,38.76462639805326,81.5848400425153
epigenomics_5540_fast2bfq_472,41.9067823772127,85.64800447494119
epigenomics_5540_fast2bfq_473,45.59490861920343,81.19778253364431
epigenomics_5540_fast2bfq_474,35.07665099214917,67.9599626287828
epigenomics_5540_fast2bfq_475,49.29335692631584,70.86577426870896
epigenomics_5540_fast2bfq_476,39.60225127766104,72.41036801984667
epigenomics_5540_fast2bfq_477,42.40196732410536,73.20026867310696
epigenomics_5540_fast2bfq_478,43.70117709675054,74.38662385047861
epigenomics_5540_fast2bfq_479,28.358731631878133,84.85440812598561
epigenomics_5540_fast2bfq_480,32.62221488016767,74.15078888523068
epigenomics_5540_fast2bfq_481,40.15362292936361,82.34505480860825
epigenomics_5540_fast2bfq_482,46.860418865968995,74.51821686571891
epigenomics_5540_fast2bfq_483,37.020582311983155,78.45977110865874
epigenomics_5540_fast2bfq_484,30.124009837002063,80.79747205469653
epigenomics_5540_fast2bfq_485,40.7299941980847,83.18916993467586
epigenomics_5540_fast2bfq_486,41.395915071070945,70.21920314681407
epigenomics_5540_fast2bfq_487,31.498972663571966,82.47977005372445
epigenomics_5540_fast2bfq_488,44.36186055384326,80.19274418285124
epigenomics_5540_fast2bfq_489,46.034326317518804,85.09604703705239
epigenomics_5540_fast2bfq_490,46.53386671544703,78.17690676080721
epigenomics_5540_fast2bfq_491,38.04233505092976,78.96496220534165
epigenomics_5540_fast2bfq_492,50.25876206668261,72.132559701799
epigenomics_5540_fast2bfq_493,60.12162464819382,72.57946312762897
epigenomics_5540_fast2bfq_494,39.62379541871437,84.56989801320141
epigenomics_5540_fast2bfq_495,45.99676627495684,72.16317564309084
epigenomics_5540_fast2bfq_496,41.787108346971536,76.68306293324855
epigenomics_5540_fast2bfq_497,34.55950456102904,83.96438715975926
epigenomics_5540_fast2bfq_498,53.05990263764777,78.87548069043758
epigenomics_5540_fast2bfq_499,37.17005819959142,76.52983410694071
epigenomics_5540_map_0,9391.858992306736,189.6395578879401
epigenomics_5540_map_1,9486.502509360793,181.58172697713434
epigenomics_5540_map_2,9478.689625223047,175.5291074480026
epigenomics_5540_map_3,9736.342998911137,181.29774408425823
epigenomics_5540_map_4,10420.417062371234,185.09712331677733
epigenomics_5540_map_5,11239.897721580137,180.44661845561768
epigenomics_5540_map_6,10301.963147745835,183.39462926295056
epigenomics_5540_map_7,9185.584055990803,180.34264042875498
epigenomics_5540_map_8,9592.086058778288,185.18663069872113
epigenomics_5540_map_9,10241.161717329776,186.65222740968952
epigenomics_5540_map_10,8984.851518753589,189.8343656634758
epigenomics_5540_map_11,10556.175980944807,176.78302275931264
epigenomics_5540_map_12,10129.795821418626,186.3722819422663
epigenomics_5540_map_13,10334.913111273667,179.91638192435292
epigenomics_5540_map_14,9013.124038693404,182.24669335420026
epigenomics_5540_map_15,9864.602050995823,185.0684224989092
epigenomics_5540_map_16,9963.067930068932,183.61232668584995
epigenomics_5540_map_17,11157.880043761194,198.19957883233536
epigenomics_5540_map_18,10186.058109731259,182.67711200592237
epigenomics_5540_map_19,10104.015631666434,184.93244029447166
epigenomics_5540_map_20,10177.92735677628,182.35993649228382
epigenomics_5540_map_21,9949.882869611289,181.80660001423448
epigenomics_5540_map_22,9826.75197811074,181.38103791582643
epigenomics_5540_map_23,9667.60241151798,187.2743106215471
epigenomics_5540_map_24,10623.60523132231,182.18778388095362
epigenomics_5540_map_25,9898.22305894166,185.8658107114067
epigenomics_5540_map_26,10530.496194644487,182.95382295383305
epigenomics_5540_map_27,9688.981214890006,187.18080607353045
epigenomics_5540_map_28,10079.980489452597,184.93031323363843
epigenomics_5540_map_29,10676.66940077408,194.8889065378799
epigenomics_5540_map_30,10451.166952409787,186.76836092234515
epigenomics_5540_map_31,10540.128440323117,185.58635644595765
epigenomics_5540_map_32,10018.008569045813,185.10912160288467
epigenomics_5540_map_33,9692.48259176038,174.29684592279304
epigenomics_5540_map_34,9371.244711493991,178.71857459034496
epigenomics_5540_map_35,9959.081487479898,184.16332676932717
epigenomics_5540_map_36,10192.029748009147,178.95974920260144
epigenomics_5540_map_37,10207.167157504056,183.4645755215863
epigenomics_5540_map_38,9918.77101778435,184.0357960625365
epigenomics_5540_map_39,10112.534983737218,178.9859753164218
epigenomics_5540_map_40,10702.606887914311,191.06987572302964
epigenomics_5540_map_41,10621.46383083991,182.85444396640523
epigenomics_5540_map_42,10349.233441376191,196.99766894366942
epigenomics_5540_map_43,9813.438578280546,186.8049795907207
epigenomics_5540_map_44,10214.982212263692,187.0698019371633
epigenomics_5540_map_45,9749.962257926552,180.59484871125875
epigenomics_5540_map_46,10566.025026029083,184.22699361411495
epigenomics_5540_map_47,9608.427380107889,191.3209418653621
epigenomics_5540_map_48,9516.309894745727,184.14366047666178
epigenomics_5540_map_49,9863.194604058212,182.20229885754065
epigenomics_5540_map_50,10045.331087566829,185.6810806712197
epigenomics_5540_map_51,9858.70924423712,178.65110051955776
epigenomics_5540_map_52,8934.248705752969,189.38547886123905
epigenomics_5540_map_53,10195.525780758164,187.47325352814167
epigenomics_5540_map_54,10507.95690577513,193.09389061331262
epigenomics_5540_map_55,9568.698362394136,177.8247179414229
epigenomics_5540_map_56,9776.376044748558,186.6380815086691
epigenomics_5540_map_57,10898.91469729038,187.1291566117532
epigenomics_5540_map_58,10448.855281935921,194.3705842643569
epigenomics_5540_map_59,10960.333580671444,184.11788264173907
epigenomics_5540_map_60,10421.799986231756,187.67099329911895
epigenomics_5540_map_61,10279.214285506627,190.8710105945638
epigenomics_5540_map_62,9728.675028496395,183.9652460833837
epigenomics_5540_map_63,10961.15159680047,178.94371672077583
epigenomics_5540_map_64,9384.144354541533,180.10779570599007
epigenomics_5540_map_65,10772.932675484808,180.85666210893004
epigenomics_5540_map_66,9741.320427276027,188.0495382432858
epigenomics_5540_map_67,9698.805013162673,182.49428030893716
epigenomics_5540_map_68,10001.477081389408,179.61655119139235
epigenomics_5540_map_69,10282.833181120539,181.14613481224768
epigenomics_5540_map_70,10428.982053053674,179.2447798631382
epigenomics_5540_map_71,11282.86551641699,183.7127204911781
epigenomics_5540_map_72,9737.262304670065,187.0285928281336
epigenomics_5540_map_73,10463.649900243008,183.679774643449
epigenomics_5540_map_74,10043.223897357746,183.97113260642075
epigenomics_5540_map_75,9958.266546401477,186.86037676499268
epigenomics_5540_map_76,10769.80448570799,179.9676051011361
epigenomics_5540_map_77,10382.133439326122,178.0531283952891
epigenomics_5540_map_78,10335.301086106594,186.99096808530956
epigenomics_5540_map_79,10727.00901756466,185.41663067038095
epigenomics_5540_map_80,9969.838201689816,181.91702429769455
epigenomics_5540_map_81,9598.4892611354,186.27778627144264
epigenomics_5540_map_82,10681.509169998313,175.41419012804408
epigenomics_5540_map_83,9797.374581205391,184.4125729180212
epigenomics_5540_map_84,9913.286995269586,182.0840422644175
epigenomics_5540_map_85,8948.653635656083,180.89460316494498
epigenomics_5540_map_86,9890.516560506592,189.48501871837934
epigenomics_5540_map_87,9154.137303296304,194.04970226496812
epigenomics_5540_map_88,10290.170250158113,180.2773268288844
epigenomics_5540_map_89,10343.316594390499,184.1454029439837
epigenomics_5540_map_90,9875.867795036478,183.54798377281048
epigenomics_5540_map_91,10470.234507131843,192.38076138359594
epigenomics_5540_map_92,9010.773310340523,180.00167073233368
epigenomics_5540_map_93,9660.25615015013,184.36193605504357
epigenomics_5540_map_94,9693.805439858283,183.60099538511446
epigenomics_5540_map_95,10079.432393644589,184.9621926856988
epigenomics_5540_map_96,9875.338826429317,188.6541190274963
epigenomics_5540_map_97,9869.581997887139,191.79249749002068
epigenomics_5540_map_98,10231.100487039675,187.7865487940449
epigenomics_5540_map_99,9981.504246908296,183.01517264117646
epigenomics_5540_map_100,10045.437510435675,187.17636355432927
epigenomics_5540_map_101,10247.65161159855,194.021684922668
epigenomics_5540_map_102,10769.616881079195,183.01813317891546
epigenomics_5540_map_103,9260.262133769313,183.6561547045623
epigenomics_5540_map_104,10775.635681469645,180.19964769306785
epigenomics_5540_map_105,10807.650930643124,179.22181483418885
epigenomics_5540_map_106,9694.586197610242,183.3497363130511
epigenomics_5540_map_107,10341.878954064992,176.9937130678189
epigenomics_5540_map_108,10070.289667593444,170.29281490161657
epigenomics_5540_map_109,10392.750989749922,187.58637388601176
epigenomics_5540_map_110,9919.996557929782,182.8873808872726
epigenomics_5540_map_111,9418.509784240136,192.6509806092651
epigenomics_5540_map_112,9463.829064071688,189.13495741109293
epigenomics_5540_map_113,9932.479692904368,188.8950975871343
epigenomics_5540_map_114,9201.580092388462,175.90196720981587
epigenomics_5540_map_115,9764.938721674987,188.5774369821223
epigenomics_5540_map_116,10414.13980965666,178.5974556271516
epigenomics_5540_map_117,10619.286306314429,185.30500557629404
epigenomics_5540_map_118,10345.721829186521,182.29652837609197
epigenomics_5540_map_119,10329.781110879634,183.07807858942397
epigenomics_5540_map_120,10760.175489793919,188.7943922305071
epigenomics_5540_map_121,9968.440445929231,187.4503230402889
epigenomics_5540_map_122,9496.14412237809,182.88985963319212
epigenomics_5540_map_123,9544.189841878153,186.89477703519728
epigenomics_5540_map_124,10067.347768493848,187.1613569924837
epigenomics_5540_map_125,9149.525896603815,179.92888642593584
epigenomics_5540_map_126,9528.661061493507,180.98691329798018
epigenomics_5540_map_127,10134.025764494812,186.1866637274468
epigenomics_5540_map_128,10247.085753647045,184.87809438772143
epigenomics_5540_map_129,10133.497566943592,181.82235469044912
epigenomics_5540_map_130,9841.256012857217,187.95715017212856
epigenomics_5540_map_131,10942.940553297612,183.89549311825627
epigenomics_5540_map_132,9885.851801954605,190.1839212369515
epigenomics_5540_map_133,11070.959632932407,180.8916523757823
epigenomics_5540_map_134,10186.310774940306,189.392592887464
epigenomics_5540_map_135,10214.522973991092,183.14105608654395
epigenomics_5540_map_136,9842.622766474824,183.06987985045822
epigenomics_5540_map_137,10750.402653180621,183.56105947957167
epigenomics_5540_map_138,9468.889593906297,188.96980942759728
epigenomics_5540_map_139,9528.159658559654,193.55986686803766
epigenomics_5540_map_140,9857.953599831408,184.6090477903425
epigenomics_5540_map_141,10482.905841709264,180.9611761284315
epigenomics_5540_map_142,10676.372615034503,184.74453663310643
epigenomics_5540_map_143,10248.66874779458,189.07262208615703
epigenomics_5540_map_144,9394.32312179693,180.4081443204126
epigenomics_5540_map_145,9923.034173790771,176.68952386187127
epigenomics_5540_map_146,9554.312858079214,182.84732990632943
epigenomics_5540_map_147,9915.282083238106,181.45241670020292
epigenomics_5540_map_148,10211.10505070353,174.0442140637278
epigenomics_5540_map_149,10631.968729889504,182.01569962741144
epigenomics_5540_map_150,9601.544720927242,180.2640890098798
epigenomics_5540_map_151,10484.624846414481,186.37674320245324
epigenomics_5540_map_152,10537.549498572485,180.8643264681182
epigenomics_5540_map_153,10617.657287040198,191.59652414643497
epigenomics_5540_map_154,9536.782437554813,186.1830948756635
epigenomics_5540_map_155,10381.676196999055,182.6446174145791
epigenomics_5540_map_156,9727.307924643996,185.1832862893839
epigenomics_5540_map_157,10747.265316628871,181.78359037885687
epigenomics_5540_map_158,10874.420214372285,179.97865516117204
epigenomics_5540_map_159,10021.652424765358,181.42717652499178
epigenomics_5540_map_160,9437.374566384908,191.7138024487943
epigenomics_5540_map_161,10317.526444500863,191.74376453853466
epigenomics_5540_map_162,10023.247064390522,178.06832282645777
epigenomics_5540_map_163,10419.486911767568,179.87132240878248
epigenomics_5540_map_164,9804.277790616869,186.1571473598505
epigenomics_5540_map_165,10742.273665473806,193.60370650049848
epigenomics_5540_map_166,9840.774717870698,188.01243931577193
epigenomics_5540_map_167,10399.250760171044,182.3822748226594
epigenomics_5540_map_168,10231.952652226884,178.88177107241154
epigenomics_5540_map_169,10571.26477571583,185.2532755070548
epigenomics_5540_map_170,10931.650467277219,185.83909645889207
epigenomics_5540_map_171,9237.354372165073,181.8618737835565
epigenomics_5540_map_172,11337.782355665579,194.5043768343192
epigenomics_5540_map_173,9339.718289197419,183.5492321211635
epigenomics_5540_map_174,10802.544033422135,192.46500633404906
epigenomics_5540_map_175,10474.456986213148,177.04367533412795
epigenomics_5540_map_176,10518.661254203795,185.14690869005224
epigenomics_5540_map_177,8962.404211223771,184.7588473864463
epigenomics_5540_map_178,10120.154540178117,177.52019104075262
epigenomics_5540_map_179,9794.146514070098,185.30890843215406
epigenomics_5540_map_180,10071.822489414784,191.83422637431343
epigenomics_5540_map_181,10710.210293713837,196.5161756823918
epigenomics_5540_map_182,9772.296146529168,183.44598738131214
epigenomics_5540_map_183,9461.176354148476,189.45544345535527
epigenomics_5540_map_184,10417.362997425751,178.33343792316086
epigenomics_5540_map_185,9571.856026363468,189.3403211090616
epigenomics_5540_map_186,9435.703264481548,181.10182981685895
epigenomics_5540_map_187,9694.902807993369,182.76079667544735
epigenomics_5540_map_188,10274.461056685825,183.2723346023478
epigenomics_5540_map_189,10555.652605263373,192.67109431943717
epigenomics_5540_map_190,9158.993434405402,185.9819234444345
epigenomics_5540_map_191,10231.629733640553,185.25807461683502
epigenomics_5540_map_192,9840.827795228235,185.67757717543142
epigenomics_5540_map_193,10243.739720774294,186.4408260273037
epigenomics_5540_map_194,10078.10506883969,189.1627271040325
epigenomics_5540_map_195,9452.057108514211,187.02955890748711
epigenomics_5540_map_196,9399.613725416735,181.20461852820821
epigenomics_5540_map_197,9731.904820327514,178.5919002661954
epigenomics_5540_map_198,9677.577555229247,183.62384248933355
epigenomics_5540_map_199,11066.42393438005,190.85168611857372
epigenomics_5540_map_200,8473.310165548997,186.85582717066598
epigenomics_5540_map_201,10587.97171090413,188.39007064856534
epigenomics_5540_map_202,9912.283913119594,183.50573692348684
epigenomics_5540_map_203,10647.875171265014,183.7203600796521
epigenomics_5540_map_204,11005.586964184165,190.14006241202185
epigenomics_5540_map_205,10062.84963847676,188.57074261503658
epigenomics_5540_map_206,9598.547088093406,188.23029598724358
epigenomics_5540_map_207,9968.361812774112,170.27951389371128
epigenomics_5540_map_208,10770.750417430398,182.77134780262682
epigenomics_5540_map_209,9295.16990380761,184.9843066640696
epigenomics_5540_map_210,9878.597355033779,179.30944772258377
epigenomics_5540_map_211,10434.935064267747,185.6255478941929
epigenomics_5540_map_212,10351.132874951292,182.25077138471468
epigenomics_5540_map_213,9686.898161061032,198.74325367084236
epigenomics_5540_map_214,10436.1684160513,191.1447887068404
epigenomics_5540_map_215,9733.540185104648,186.3986016539243
epigenomics_5540_map_216,10436.861482839045,186.7311654234513
epigenomics_5540_map_217,9698.852842265627,182.39466577346514
epigenomics_5540_map_218,10247.712960069835,188.03455213852652
epigenomics_5540_map_219,9369.742479156232,184.90537286487753
epigenomics_5540_map_220,10234.8189080744,188.68550189193496
epigenomics_5540_map_221,11111.562870628932,181.79658643829666
epigenomics_5540_map_222,9751.137556831029,186.84408088875242
epigenomics_5540_map_223,10246.014149932764,188.9171130814205
epigenomics_5540_map_224,10345.689874006704,180.30913165706463
epigenomics_5540_map_225,9871.645756599968,190.94209341633078
epigenomics_5540_map_226,10442.700232289375,187.47852930071076
epigenomics_5540_map_227,10661.29275185107,178.32914687119748
epigenomics_5540_map_228,9266.036255136409,183.9297797210131
epigenomics_5540_map_229,9148.83638071917,190.8597474100378
epigenomics_5540_map_230,10252.768301034188,192.71484284089817
epigenomics_5540_map_231,10594.19773482097,180.13702508813415
epigenomics_5540_map_232,8728.204271593835,181.8783161354156
epigenomics_5540_map_233,9689.888299065728,185.96164476845775
epigenomics_5540_map_234,9771.553338133142,192.08906535671673
epigenomics_5540_map_235,9054.930921776235,193.79577706841084
epigenomics_5540_map_236,10313.520909605368,191.33883886180527
epigenomics_5540_map_237,9961.838763493233,179.66192907340957
epigenomics_5540_map_238,9841.144771964078,187.92767804888652
epigenomics_5540_map_239,11079.420177727916,182.058659658841
epigenomics_5540_map_240,8994.219022510159,184.74502017477403
epigenomics_5540_map_241,10166.775142181139,186.97314888553095
epigenomics_5540_map_242,9744.003402323598,177.90397761120536
epigenomics_5540_map_243,10798.448068171088,179.6351176495724
epigenomics_5540_map_244,10118.266446340256,179.39760853180158
epigenomics_5540_map_245,9734.991432395896,188.778849987121
epigenomics_5540_map_246,10068.1020944203,190.40891668578362
epigenomics_5540_map_247,9656.293044905107,202.19328972750068
epigenomics_5540_map_248,9264.65093728502,186.1080921449641
epigenomics_5540_map_249,9718.475092582987,190.94100296891648
epigenomics_5540_map_250,9314.047456242253,185.95643522104788
epigenomics_5540_map_251,9762.230612360074,191.7089214229794
epigenomics_5540_map_252,10195.601578326037,180.174187539968
epigenomics_5540_map_253,9678.555767928761,174.7466736309936
epigenomics_5540_map_254,9766.010164201647,192.05294110203246
epigenomics_5540_map_255,10182.751558283722,179.51375345727564
epigenomics_5540_map_256,9421.283069273824,194.496524960189
epigenomics_5540_map_257,10165.692841419865,194.612113878442
epigenomics_5540_map_258,10801.127562496498,183.990884773521
epigenomics_5540_map_259,9503.175102482684,186.4662782478569
epigenomics_5540_map_260,8846.237692900842,189.6161309586372
epigenomics_5540_map_261,9432.243943767695,190.22438345848374
epigenomics_5540_map_262,9772.232863484212,181.3134053130332
epigenomics_5540_map_263,9280.41175070268,174.89600549570238
epigenomics_5540_map_264,10560.123746160032,186.6270539853644
epigenomics_5540_map_265,8945.510348729664,179.30474729443796
epigenomics_5540_map_266,10012.826709300987,178.83078415012895
epigenomics_5540_map_267,10060.146358637081,188.15064886701165
epigenomics_5540_map_268,9691.403065167722,187.41278315791624
epigenomics_5540_map_269,9570.492715242124,182.67362606415307
epigenomics_5540_map_270,9834.130213463743,184.59147126512897
epigenomics_5540_map_271,9601.765532154011,192.26974926341722
epigenomics_5540_map_272,9506.979650157004,187.4853152829865
epigenomics_5540_map_273,9136.413679543692,185.38313206822494
epigenomics_5540_map_274,10437.53297848152,191.15924231837903
epigenomics_5540_map_275,10131.115997506391,186.25663227032217
epigenomics_5540_map_276,10726.136131493915,178.2363816435969
epigenomics_5540_map_277,10369.231705524528,176.5201321884908
epigenomics_5540_map_278,9576.985663897512,186.63908914723743
epigenomics_5540_map_279,9498.262072082214,183.94736087119924
epigenomics_5540_map_280,10008.348795297907,189.89468826390504
epigenomics_5540_map_281,9559.885258859267,177.73307640531476
epigenomics_5540_map_282,10123.639035055945,193.5760848669372
epigenomics_5540_map_283,9996.03634009729,182.11107853856305
epigenomics_5540_map_284,9759.330437767594,190.57207617946895
epigenomics_5540_map_285,10249.913538439618,184.7334329020057
epigenomics_5540_map_286,10682.88381598115,182.79955395412793
epigenomics_5540_map_287,11007.54089676462,184.8869245415357
epigenomics_5540_map_288,8455.963237869943,178.03426700620957
epigenomics_5540_map_289,9863.433714946652,192.19717495421406
epigenomics_5540_map_290,10348.01451387482,183.1848880440478
epigenomics_5540_map_291,10209.188371359469,175.28591792151167
epigenomics_5540_map_292,10096.505697490222,196.40929100937774
epigenomics_5540_map_293,9745.089559042188,181.87022884211132
epigenomics_5540_map_294,10160.767399140648,196.53314926365226
epigenomics_5540_map_295,10818.872365423133,190.6855373632413
epigenomics_5540_map_296,10410.66564004912,184.31393574255088
epigenomics_5540_map_297,10251.76754122531,180.5387817321758
epigenomics_5540_map_298,9825.315508244525,185.2063414574099
epigenomics_5540_map_299,10420.274889030408,181.00321441714627
epigenomics_5540_map_300,9428.477333567744,192.97292189175786
epigenomics_5540_map_301,8931.063627847356,181.21242336797752
epigenomics_5540_map_302,10439.15654626068,186.44989670057456
epigenomics_5540_map_303,11109.229074827463,182.157972546687
epigenomics_5540_map_304,9927.209616999524,187.4755740771211
epigenomics_5540_map_305,8852.416839101934,184.1960449003222
epigenomics_5540_map_306,10270.04401906177,188.15387189995474
epigenomics_5540_map_307,10024.969118612998,186.72326072921976
epigenomics_5540_map_308,10708.458156261246,189.70593126018503
epigenomics_5540_map_309,10589.365974666038,178.3043035096071
epigenomics_5540_map_310,9886.242778030888,188.33037983734386
epigenomics_5540_map_311,9606.938369255538,185.34678883771358
epigenomics_5540_map_312,10641.630040080503,180.42186978768245
epigenomics_5540_map_313,9958.649090348988,181.09279237064962
epigenomics_5540_map_314,10070.880690573571,184.99927052164787
epigenomics_5540_map_315,10261.06931180329,184.51800792590325
epigenomics_5540_map_316,9764.686768677006,184.78209331363144
epigenomics_5540_map_317,10771.489834103912,181.64697944209692
epigenomics_5540_map_318,10069.402925555298,187.40683633258155
epigenomics_5540_map_319,9839.667025079105,180.63979756989013
epigenomics_5540_map_320,9986.424839010922,184.17639902911264
epigenomics_5540_map_321,8551.081589414498,193.84621797070847
epigenomics_5540_map_322,10217.243550334057,188.56781551800444
epigenomics_5540_map_323,9550.282285860663,182.73446443971514
epigenomics_5540_map_324,9932.52397306668,192.75017558105822
epigenomics_5540_map_325,9853.292112072639,182.42360647485276
epigenomics_5540_map_326,11003.496244182152,181.01827389121655
epigenomics_5540_map_327,10340.79924972131,187.59498157068714
epigenomics_5540_map_328,10043.867789483693,187.50709894014233
epigenomics_5540_map_329,10020.257305146317,183.09604925759504
epigenomics_5540_map_330,10044.0139833811,184.1784481854393
epigenomics_5540_map_331,9993.905481319664,187.03300291624413
epigenomics_5540_map_332,8955.789277115135,184.2222831909729
epigenomics_5540_map_333,10384.969930309582,195.64893872547526
epigenomics_5540_map_334,9478.955888296989,178.86683468974218
epigenomics_5540_map_335,9462.35301453016,187.83813035688516
epigenomics_5540_map_336,9286.182027875802,180.25697969188758
epigenomics_5540_map_337,9641.752621937088,175.29824480946465
epigenomics_5540_map_338,9689.851215281491,175.66251546605164
epigenomics_5540_map_339,10144.656494691424,179.07248457387243
epigenomics_5540_map_340,9771.979892086554,179.47526301955116
epigenomics_5540_map_341,10212.265855177673,189.8989241167205
epigenomics_5540_map_342,10277.303476277342,193.6848678921697
epigenomics_5540_map_343,10393.080606684,182.69931959701447
epigenomics_5540_map_344,10081.729717322183,181.78772618494116
epigenomics_5540_map_345,9284.964025834166,188.0719120359701
epigenomics_5540_map_346,9576.904773075963,187.8416604733683
epigenomics_5540_map_347,9643.993718298652,185.47300211517862
epigenomics_5540_map_348,9705.005096841911,183.025037446708
epigenomics_5540_map_349,9755.34641314961,187.42579180694412
epigenomics_5540_map_350,9191.818993805507,188.86219869372002
epigenomics_5540_map_351,9610.395185763391,178.57423480178088
epigenomics_5540_map_352,10060.331289091631,187.4151921100358
epigenomics_5540_map_353,9708.199107794808,189.16515214051208
epigenomics_5540_map_354,10167.101545983855,188.74277035167296
epigenomics_5540_map_355,9413.22550002511,189.6211891695569
epigenomics_5540_map_356,9772.245192743063,183.9779816738288
epigenomics_5540_map_357,10047.180615784544,192.77460975502325
epigenomics_5540_map_358,9377.11907010379,188.29577108269007
epigenomics_5540_map_359,9911.476330917973,183.95423475054037
epigenomics_5540_map_360,9439.903825634714,180.4746826076134
epigenomics_5540_map_361,9867.588718193085,184.88559619559675
epigenomics_5540_map_362,10175.355728807885,195.18684446313236
epigenomics_5540_map_363,10311.851052926359,178.5857395698211
epigenomics_5540_map_364,9945.25800812704,186.5119821992594
epigenomics_5540_map_365,10187.553044518309,183.83781973717933
epigenomics_5540_map_366,10656.23566301842,179.455032877883
epigenomics_5540_map_367,10468.471819557384,185.1585559650756
epigenomics_5540_map_368,10318.40157745003,178.21922656523148
epigenomics_5540_map_369,10647.60107067023,191.51207699537395
epigenomics_5540_map_370,10737.120602112209,187.25452205008096
epigenomics_5540_map_371,10473.849105206253,173.38311157115788
epigenomics_5540_map_372,10706.93614413437,184.4322356227388
epigenomics_5540_map_373,10292.046563577267,195.03022204420157
epigenomics_5540_map_374,10467.050144925666,193.06050574102227
epigenomics_5540_map_375,10020.43283054572,186.956120365417
epigenomics_5540_map_376,10266.194836068707,177.06349904189133
epigenomics_5540_map_377,10445.595226762762,183.40682133594711
epigenomics_5540_map_378,10286.951183486637,183.7587576964644
epigenomics_5540_map_379,10123.54278008148,178.20624325870114
epigenomics_5540_map_380,9785.299533047013,191.19362464308492
epigenomics_5540_map_381,9951.907801392757,180.42953433549948
epigenomics_5540_map_382,10232.97754232591,182.88170887200087
epigenomics_5540_map_383,9053.384784455773,187.49743767334078
epigenomics_5540_map_384,10677.125792459548,188.09825499454533
epigenomics_5540_map_385,9671.035703131276,186.37753256840696
epigenomics_5540_map_386,9968.29804813304,182.2143198219889
epigenomics_5540_map_387,9562.208941375153,183.50334803523205
epigenomics_5540_map_388,9417.18820424689,181.8434048698934
epigenomics_5540_map_389,11280.201242478302,181.53146119874688
epigenomics_5540_map_390,9506.121818529906,184.4858255074128
epigenomics_5540_map_391,10324.076357378442,187.8070073855102
epigenomics_5540_map_392,10574.525865021096,191.3555774740682
epigenomics_5540_map_393,9910.719339751091,189.28860597475054
epigenomics_5540_map_394,9995.912689063087,184.90304815320798
epigenomics_5540_map_395,10493.276427242346,197.46284268709633
epigenomics_5540_map_396,10194.692700524734,182.56522229934674
epigenomics_5540_map_397,10338.588678987488,181.68768335902757
epigenomics_5540_map_398,9578.428669593271,182.56073280026578
epigenomics_5540_map_399,9459.385269221275,188.3886058321733
epigenomics_5540_map_400,9443.675716493359,185.13812028994695
epigenomics_5540_map_401,9782.958979999257,190.4436304340292
epigenomics_5540_map_402,9611.160423572808,187.0750088274122
epigenomics_5540_map_403,10843.750057573645,181.49749581047536
epigenomics_5540_map_404,9462.496891076822,181.58371758632634
epigenomics_5540_map_405,10353.974852673713,177.02200673799868
epigenomics_5540_map_406,10579.452635281144,195.5015876313693
epigenomics_5540_map_407,10200.795601270782,187.6669160425617
epigenomics_5540_map_408,9647.298384156951,186.0176984318802
epigenomics_5540_map_409,10093.408371318175,174.25134916520466
epigenomics_5540_map_410,10171.61402923931,184.77317866183714
epigenomics_5540_map_411,10118.644975659883,189.96210088558095
epigenomics_5540_map_412,9454.78864675372,191.64850925259404
epigenomics_5540_map_413,9934.495447467993,182.83407346323025
epigenomics_5540_map_414,9846.00389705524,178.676844638067
epigenomics_5540_map_415,10294.01169903352,188.12144266682873
epigenomics_5540_map_416,10322.527645772694,183.11577274843182
epigenomics_5540_map_417,9979.976905553953,183.46019458210685
epigenomics_5540_map_418,10647.42734297215,186.1399437249583
epigenomics_5540_map_419,10319.6249730127,176.5598816367814
epigenomics_5540_map_420,9995.36222080763,183.03825693261396
epigenomics_5540_map_421,10304.948132675045,184.76764935947406
epigenomics_5540_map_422,10277.927433447227,181.41997597699606
epigenomics_5540_map_423,10136.5161844401,189.90507590993215
epigenomics_5540_map_424,9992.726113872077,183.07599674140974
epigenomics_5540_map_425,10033.418111486657,183.45780572135587
epigenomics_5540_map_426,10500.412849405038,183.00660825672037
epigenomics_5540_map_427,10124.452121227001,192.1177526933422
epigenomics_5540_map_428,9559.75561595895,184.35779052560625
epigenomics_5540_map_429,8964.320892483534,177.65844637685527
epigenomics_5540_map_430,9473.402394487466,185.93118853967553
epigenomics_5540_map_431,9322.345130587371,181.01904949183623
epigenomics_5540_map_432,10730.583572043917,190.42625962675532
epigenomics_5540_map_433,9957.731918109417,190.37794115850963
epigenomics_5540_map_434,10835.903508811518,188.76780685715653
epigenomics_5540_map_435,9114.435519768773,180.510381989488
epigenomics_5540_map_436,9998.580458232618,182.6855461139
epigenomics_5540_map_437,9904.692769436853,186.7517418497292
epigenomics_5540_map_438,9694.995724046725,190.19904066501638
epigenomics_5540_map_439,10980.740242928445,190.66269921009155
epigenomics_5540_map_440,9738.043699219907,189.37520935098146
epigenomics_5540_map_441,9765.281592227106,195.77886069591366
epigenomics_5540_map_442,9293.424435805846,186.9360583400479
epigenomics_5540_map_443,9905.694537921447,190.56507476458722
epigenomics_5540_map_444,10210.937592837112,181.45371935318744
epigenomics_5540_map_445,9839.444625158098,181.44647822369686
epigenomics_5540_map_446,9298.347061803715,186.80074009260323
epigenomics_5540_map_447,10421.528143675667,181.21726244417587
epigenomics_5540_map_448,10715.7227911088,182.4143048328959
epigenomics_5540_map_449,9767.818455866134,185.2607660767612
epigenomics_5540_map_450,10198.67645206201,186.1711193820551
epigenomics_5540_map_451,9216.596038748741,182.19183353772792
epigenomics_5540_map_452,10411.97643747948,191.28432754193236
epigenomics_5540_map_453,9420.288888977415,176.6299356187918
epigenomics_5540_map_454,10197.350785801806,188.25146375046734
epigenomics_5540_map_455,10199.181741671835,192.80563290510258
epigenomics_5540_map_456,10446.90125119517,191.13561087215092
epigenomics_5540_map_457,10244.975775491313,202.35304904409125
epigenomics_5540_map_458,10297.881624647103,184.3422362479519
epigenomics_5540_map_459,10349.10835206016,186.88531041105767
epigenomics_5540_map_460,9593.061241843301,179.1489483206177
epigenomics_5540_map_461,10745.107924868698,180.77953350952293
epigenomics_5540_map_462,10162.706328390139,192.45252159004448
epigenomics_5540_map_463,10057.707397319513,184.8927133003137
epigenomics_5540_map_464,10504.176182311474,172.28219987752706
epigenomics_5540_map_465,10148.062605823994,184.00452419421086
epigenomics_5540_map_466,10128.58548723718,178.46074748183483
epigenomics_5540_map_467,9143.651765024326,189.78433328596373
epigenomics_5540_map_468,9952.984659809183,186.208456142744
epigenomics_5540_map_469,10357.833746090646,187.61424562117097
epigenomics_5540_map_470,9205.42838466362,178.38845938188283
epigenomics_5540_map_471,10189.630813258605,184.71776571308456
epigenomics_5540_map_472,9774.596022166968,176.22207283524855
epigenomics_5540_map_473,9414.716043299419,188.5167100850907
epigenomics_5540_map_474,9345.739807675795,179.79251625644625
epigenomics_5540_map_475,9491.598608248656,180.0832254115441
epigenomics_5540_map_476,10108.249598560176,187.2176562761201
epigenomics_5540_map_477,9791.00923811623,179.58982864648934
epigenomics_5540_map_478,9366.524298709168,185.8189992526725
epigenomics_5540_map_479,9669.468345862633,187.83083924222422
epigenomics_5540_map_480,10327.62628533632,176.3289534392842
epigenomics_5540_map_481,10075.661314964022,185.26532412276242
epigenomics_5540_map_482,10391.115470209756,183.11657756448142
epigenomics_5540_map_483,9656.19662661945,188.93091021341246
epigenomics_5540_map_484,9905.318284965892,184.02386333414378
epigenomics_5540_map_485,10916.967769911977,182.7052312291056
epigenomics_5540_map_486,9107.890538001358,189.00097235058988
epigenomics_5540_map_487,9984.02747063672,187.91436029762235
epigenomics_5540_map_488,9176.36055731237,181.73421922001
epigenomics_5540_map_489,10748.351236013405,188.7746317588007
epigenomics_5540_map_490,9952.729570450068,184.11583063790656
epigenomics_5540_map_491,8949.154183824907,186.7848538614344
epigenomics_5540_map_492,9952.676550122545,192.23143609394293
epigenomics_5540_map_493,9443.694320354463,193.10684464328068
epigenomics_5540_map_494,8770.315110067957,185.27875913987012
epigenomics_5540_map_495,9727.425088050744,179.0709163318033
epigenomics_5540_map_496,10246.477989006638,186.90399303779097
epigenomics_5540_map_497,10713.916893985514,181.17172872474617
epigenomics_5540_map_498,10921.270610509537,187.56481556260536
epigenomics_5540_map_499,10232.389475318842,188.60474989389525
epigenomics_5540_mapMerge1_0,84.53228292157713,117.88158031485949
epigenomics_5540_mapMerge1_1,115.01465853957093,120.86918447629145
epigenomics_5540_mapMerge2_0,105.17487341998327,106.22972959212866
epigenomics_5540_chr21_0,111.79216834185709,58.73487882922249
epigenomics_5540_pileup_0,167.42104305708176,97.93459690909985
