request,latency,mem
epigenomics_8826_entry_0,1.0,1.0
epigenomics_8826_fastqSplit_0,46.85424617269937,76.60273995264235
epigenomics_8826_fastqSplit_1,63.78880369083958,95.38699840925766
epigenomics_8826_filterContams_0,23.237179694014877,69.33669534001328
epigenomics_8826_filterContams_1,18.17786873575123,64.27488784531404
epigenomics_8826_filterContams_2,24.525402051087347,69.12840348657795
epigenomics_8826_filterContams_3,17.540813266084406,71.74653297196697
epigenomics_8826_filterContams_4,22.33348245781544,60.30410160523012
epigenomics_8826_filterContams_5,20.120333943186033,57.90586849670374
epigenomics_8826_filterContams_6,16.859347869869826,70.02077365490061
epigenomics_8826_filterContams_7,16.199482804796876,55.654010707013775
epigenomics_8826_filterContams_8,21.01416728561803,64.9905533818314
epigenomics_8826_filterContams_9,18.4673657461506,65.8109971286802
epigenomics_8826_filterContams_10,25.626733794278334,63.39577465376573
epigenomics_8826_filterContams_11,16.766054072196205,67.55720740870456
epigenomics_8826_filterContams_12,18.25609362389689,77.14129926582257
epigenomics_8826_filterContams_13,21.705472377329194,65.58618595962649
epigenomics_8826_filterContams_14,19.096380476868433,64.11531555282176
epigenomics_8826_filterContams_15,16.906921935387306,78.79189808767683
epigenomics_8826_filterContams_16,21.832819576787355,67.52390978511463
epigenomics_8826_filterContams_17,20.688083888875482,57.70370092771596
epigenomics_8826_filterContams_18,21.40551470164356,49.88679548535126
epigenomics_8826_filterContams_19,17.9095805210601,63.244085306113185
epigenomics_8826_filterContams_20,20.929402986421895,62.13015503424652
epigenomics_8826_filterContams_21,27.1207591405691,68.40222193469519
epigenomics_8826_filterContams_22,22.52755003842994,61.30941961252877
epigenomics_8826_filterContams_23,18.987477889751666,62.136908231986574
epigenomics_8826_filterContams_24,20.482461607016834,63.34318254632369
epigenomics_8826_filterContams_25,21.64342706056422,56.08602901463931
epigenomics_8826_filterContams_26,19.702129117873785,61.16186022360716
epigenomics_8826_filterContams_27,21.513612076796843,65.33791827345514
epigenomics_8826_filterContams_28,21.465784054809067,55.86999431718695
epigenomics_8826_filterContams_29,18.912896704089487,70.10389918101639
epigenomics_8826_filterContams_30,13.262717843316418,66.46931671376026
epigenomics_8826_filterContams_31,17.778932070801932,63.906593117470045
epigenomics_8826_filterContams_32,16.699971150947825,55.79699114236888
epigenomics_8826_filterContams_33,14.282036793083408,71.57464790449094
epigenomics_8826_filterContams_34,23.53110708360826,61.63098511307606
epigenomics_8826_filterContams_35,17.002581472650814,48.577209728662766
epigenomics_8826_filterContams_36,18.68466265534122,58.110841336551736
epigenomics_8826_filterContams_37,17.145456978768024,77.22292108994374
epigenomics_8826_filterContams_38,11.903134912393975,66.25559532805858
epigenomics_8826_filterContams_39,20.263524399522392,67.60670407103792
epigenomics_8826_filterContams_40,24.37260325792095,61.950513744119775
epigenomics_8826_filterContams_41,21.321034257800267,64.89833326878814
epigenomics_8826_filterContams_42,24.346883710396853,54.777664154834824
epigenomics_8826_filterContams_43,17.777490234668008,54.87329879475007
epigenomics_8826_filterContams_44,20.29490933305072,64.22690942161674
epigenomics_8826_filterContams_45,18.153430982221664,75.13415669207181
epigenomics_8826_filterContams_46,23.5048039206765,65.69344916519422
epigenomics_8826_filterContams_47,23.17599008128356,57.33123612530593
epigenomics_8826_filterContams_48,22.507277113996597,52.38542394896314
epigenomics_8826_filterContams_49,22.190271226850385,55.665005338889685
epigenomics_8826_filterContams_50,15.906637672957466,78.36562037321623
epigenomics_8826_filterContams_51,20.712033196473303,60.69383159296528
epigenomics_8826_filterContams_52,21.456806639239538,59.747134145997926
epigenomics_8826_filterContams_53,18.158096612091676,67.63765256688868
epigenomics_8826_filterContams_54,18.048013464139785,73.48356184497021
epigenomics_8826_filterContams_55,13.032501713053698,77.88375323193429
epigenomics_8826_filterContams_56,16.412295276091168,76.64114241493468
epigenomics_8826_filterContams_57,19.53261322334477,70.88878863217656
epigenomics_8826_filterContams_58,22.53541841222835,63.45200772986764
epigenomics_8826_filterContams_59,19.05121868771719,67.8585401185067
epigenomics_8826_filterContams_60,25.72272561582257,59.01117157844917
epigenomics_8826_filterContams_61,20.596296179905796,68.39200732761589
epigenomics_8826_filterContams_62,20.117165271723113,63.05832563900864
epigenomics_8826_filterContams_63,21.741262087934565,51.145732886562215
epigenomics_8826_filterContams_64,21.753527850095686,68.43587793961491
epigenomics_8826_filterContams_65,19.865137550866045,55.97437952199564
epigenomics_8826_filterContams_66,20.339276947168038,62.977960404285916
epigenomics_8826_filterContams_67,19.10355265679172,72.07311305875257
epigenomics_8826_filterContams_68,17.701633389105968,66.73097933692434
epigenomics_8826_filterContams_69,19.087857334164035,59.70936266440536
epigenomics_8826_filterContams_70,28.795506819902137,65.05252090550677
epigenomics_8826_filterContams_71,21.83172032304267,75.32830275085277
epigenomics_8826_filterContams_72,17.019929966708496,72.91414304279122
epigenomics_8826_filterContams_73,19.949824614331966,70.99849809315543
epigenomics_8826_filterContams_74,19.521623193798117,59.899694077735994
epigenomics_8826_filterContams_75,19.12116301905307,61.28797165147749
epigenomics_8826_filterContams_76,19.83621710548556,61.03669299253684
epigenomics_8826_filterContams_77,17.396249708976264,60.74906670314456
epigenomics_8826_filterContams_78,16.4025030567931,61.915669289393215
epigenomics_8826_filterContams_79,13.233143358108443,58.6679022972137
epigenomics_8826_filterContams_80,17.6306158925824,88.14244957129506
epigenomics_8826_filterContams_81,22.512127918384202,62.21124354860509
epigenomics_8826_filterContams_82,25.19151771336142,48.829202755444086
epigenomics_8826_filterContams_83,16.607620855207607,57.54859517841669
epigenomics_8826_filterContams_84,20.679681559520933,66.16804796469556
epigenomics_8826_filterContams_85,13.1059999110574,52.0533218819732
epigenomics_8826_filterContams_86,19.804797229313483,65.80298331277629
epigenomics_8826_filterContams_87,23.060207159385378,69.54730068239456
epigenomics_8826_filterContams_88,19.114704042743455,48.50001547855835
epigenomics_8826_filterContams_89,16.934111719898997,59.69196515206775
epigenomics_8826_filterContams_90,21.004051966271536,59.557597211247774
epigenomics_8826_filterContams_91,21.54561734620816,53.79566989913078
epigenomics_8826_filterContams_92,14.37700751880817,61.49431251799305
epigenomics_8826_filterContams_93,17.452199225007934,62.49442062348297
epigenomics_8826_filterContams_94,19.00297285395635,49.608506079099925
epigenomics_8826_filterContams_95,23.50187697942776,68.62227097638265
epigenomics_8826_filterContams_96,22.289270836382933,53.41799248089585
epigenomics_8826_filterContams_97,20.01276670557523,74.91430189322435
epigenomics_8826_filterContams_98,17.47418897141254,70.8441993873402
epigenomics_8826_filterContams_99,18.819365778720655,72.84329410672481
epigenomics_8826_filterContams_100,19.41776610946961,59.7382734494192
epigenomics_8826_filterContams_101,20.374626299541667,68.75139306590798
epigenomics_8826_filterContams_102,23.38847039182084,65.45200406271594
epigenomics_8826_filterContams_103,19.893521211753683,60.654888102861854
epigenomics_8826_filterContams_104,19.77209249708198,70.27132213807141
epigenomics_8826_filterContams_105,18.486638960563383,72.2069401307793
epigenomics_8826_filterContams_106,21.007271097785654,72.0383432275102
epigenomics_8826_filterContams_107,20.97150195794363,61.09538158127165
epigenomics_8826_filterContams_108,19.48404867130254,55.61867291860204
epigenomics_8826_filterContams_109,20.524965848401962,59.88449119620493
epigenomics_8826_filterContams_110,22.91508804423821,68.59113431663619
epigenomics_8826_filterContams_111,17.891022496593106,79.94770112454758
epigenomics_8826_filterContams_112,25.266163793460237,62.18299578646699
epigenomics_8826_filterContams_113,23.216577755553452,67.56456532694068
epigenomics_8826_filterContams_114,22.05448080822398,57.350049071804044
epigenomics_8826_filterContams_115,14.115263218616326,64.52066991469908
epigenomics_8826_filterContams_116,19.32442644971488,56.292424606849025
epigenomics_8826_filterContams_117,19.367223266216868,77.89410628059562
epigenomics_8826_filterContams_118,18.613294891416366,63.04386871140929
epigenomics_8826_filterContams_119,14.705537080466978,57.5147759175417
epigenomics_8826_filterContams_120,15.77680358048527,75.51753302719278
epigenomics_8826_filterContams_121,16.26073185173317,52.30704912435576
epigenomics_8826_filterContams_122,21.61641489875868,66.55462175304238
epigenomics_8826_filterContams_123,17.465910764304788,61.329600433578186
epigenomics_8826_filterContams_124,19.666340141372817,67.83676029697115
epigenomics_8826_filterContams_125,26.119961307401315,62.486964685463896
epigenomics_8826_filterContams_126,30.60734215958398,58.094741341563186
epigenomics_8826_filterContams_127,18.29186000776747,54.775394701393516
epigenomics_8826_filterContams_128,20.178215286493234,65.24515960336191
epigenomics_8826_filterContams_129,22.24233236800163,66.10384355112006
epigenomics_8826_filterContams_130,24.73058408478269,71.32035072136134
epigenomics_8826_filterContams_131,23.203004680731542,75.13848000014282
epigenomics_8826_filterContams_132,19.37317223627618,62.4051598735565
epigenomics_8826_filterContams_133,20.10506330401034,64.27015246681748
epigenomics_8826_filterContams_134,16.675146766265932,59.9051645074125
epigenomics_8826_filterContams_135,23.963444918580265,73.78555379077977
epigenomics_8826_filterContams_136,13.187362948607278,60.47146339029995
epigenomics_8826_filterContams_137,19.13185062378626,67.43044388559393
epigenomics_8826_filterContams_138,16.485431885863186,68.00229817632095
epigenomics_8826_filterContams_139,15.688455421025173,53.124108771932946
epigenomics_8826_filterContams_140,19.92501567714121,53.37971062402953
epigenomics_8826_filterContams_141,21.993108280493633,57.472987637476756
epigenomics_8826_filterContams_142,20.130426127972,71.2278750637837
epigenomics_8826_filterContams_143,20.973421636714193,70.33660062840097
epigenomics_8826_filterContams_144,16.298742341710476,52.3044016096732
epigenomics_8826_filterContams_145,21.17790668481097,50.50336692981749
epigenomics_8826_filterContams_146,21.068221212195034,73.85526240974522
epigenomics_8826_filterContams_147,16.445794998992984,76.40519268106218
epigenomics_8826_filterContams_148,17.103173688454348,60.02566872544979
epigenomics_8826_filterContams_149,20.369640620919206,65.47315803273781
epigenomics_8826_filterContams_150,20.321167864262616,61.49814938677782
epigenomics_8826_filterContams_151,16.603041947202925,53.908554358718675
epigenomics_8826_filterContams_152,22.213191513487605,62.08029046203595
epigenomics_8826_filterContams_153,17.98218455056633,65.18502945294664
epigenomics_8826_filterContams_154,17.253676979390907,68.04903771434958
epigenomics_8826_filterContams_155,18.469320318295065,68.93636484641787
epigenomics_8826_filterContams_156,20.381660179097114,56.90219772983077
epigenomics_8826_filterContams_157,17.095674317410737,68.81192422832014
epigenomics_8826_filterContams_158,22.21825498624686,68.56980752966535
epigenomics_8826_filterContams_159,13.981417935766583,59.644518043614696
epigenomics_8826_filterContams_160,23.227844315918492,74.87005584697869
epigenomics_8826_filterContams_161,20.67843315439063,77.0130308480796
epigenomics_8826_filterContams_162,16.882806060783885,65.81441566312681
epigenomics_8826_filterContams_163,17.939452433762792,73.59201197864166
epigenomics_8826_filterContams_164,19.161665104347804,69.36201069102533
epigenomics_8826_filterContams_165,15.641117580790155,60.606652700560254
epigenomics_8826_filterContams_166,17.28308625689209,78.95584842862364
epigenomics_8826_filterContams_167,21.323125141305017,77.16288323563755
epigenomics_8826_filterContams_168,23.669164742824428,61.327312176944965
epigenomics_8826_filterContams_169,16.6915247217212,62.45437884684993
epigenomics_8826_filterContams_170,23.897431491860328,71.26757142228699
epigenomics_8826_filterContams_171,23.89732515768915,73.24230395815843
epigenomics_8826_filterContams_172,18.49700290720759,70.03863411965234
epigenomics_8826_filterContams_173,21.737850569991412,77.31213815952314
epigenomics_8826_filterContams_174,20.58413094978703,61.45642089221847
epigenomics_8826_filterContams_175,19.004263129039806,63.94396295710867
epigenomics_8826_filterContams_176,19.384496063106237,67.75394748135655
epigenomics_8826_filterContams_177,22.592129933514418,55.89228193166066
epigenomics_8826_filterContams_178,20.09336576480254,75.97130868588273
epigenomics_8826_filterContams_179,18.403351210489927,48.214213752832954
epigenomics_8826_filterContams_180,18.357168397137077,52.02771333115515
epigenomics_8826_filterContams_181,21.846776985374795,69.21737112622594
epigenomics_8826_filterContams_182,23.329993271912155,64.50383802496911
epigenomics_8826_filterContams_183,20.18143734316066,52.34331485235398
epigenomics_8826_filterContams_184,17.16184391685757,60.14853840021528
epigenomics_8826_filterContams_185,20.781638444872353,60.450218430959225
epigenomics_8826_filterContams_186,30.698614520214868,67.9097090644984
epigenomics_8826_filterContams_187,22.736518238419194,69.58491673233823
epigenomics_8826_filterContams_188,20.053439881507693,63.13887618429984
epigenomics_8826_filterContams_189,12.361729217574887,73.49491641708653
epigenomics_8826_filterContams_190,25.63805474572989,59.79750930842221
epigenomics_8826_filterContams_191,22.261177002946454,54.465531005247385
epigenomics_8826_filterContams_192,26.84768168143225,66.71299014264378
epigenomics_8826_filterContams_193,21.01405907031403,55.8793965123416
epigenomics_8826_filterContams_194,22.163658068187367,69.98269621655535
epigenomics_8826_filterContams_195,21.967096664700122,73.64941048732037
epigenomics_8826_filterContams_196,21.22813641778764,68.70618568922247
epigenomics_8826_filterContams_197,21.57493495159815,66.22377664287197
epigenomics_8826_filterContams_198,19.167228957665568,64.5630096145084
epigenomics_8826_filterContams_199,25.309710607338648,57.45159032981341
epigenomics_8826_filterContams_200,20.191185141211434,73.48861748785164
epigenomics_8826_filterContams_201,20.842852361425216,72.63123119423244
epigenomics_8826_filterContams_202,14.084445566335278,71.32906845917579
epigenomics_8826_filterContams_203,17.704924869634223,59.82038374219967
epigenomics_8826_filterContams_204,19.86336743837876,70.88317859056497
epigenomics_8826_filterContams_205,18.392778186957713,62.36972096056569
epigenomics_8826_filterContams_206,22.962473628008233,67.15524243972818
epigenomics_8826_filterContams_207,22.097319313120003,68.08759268784688
epigenomics_8826_filterContams_208,20.8590048587829,58.33128771089303
epigenomics_8826_filterContams_209,23.144995257062998,65.50824409591165
epigenomics_8826_filterContams_210,22.239202730124845,85.65335770623786
epigenomics_8826_filterContams_211,23.211128136400724,69.92217437874844
epigenomics_8826_filterContams_212,21.50173908982672,50.05352602162314
epigenomics_8826_filterContams_213,19.13311783885787,66.1533090053604
epigenomics_8826_filterContams_214,21.081128972968813,62.91344171801364
epigenomics_8826_filterContams_215,20.589077537879422,59.55986632415906
epigenomics_8826_filterContams_216,24.000382229879644,60.526381890149125
epigenomics_8826_filterContams_217,20.69902887194697,70.80059387301712
epigenomics_8826_filterContams_218,21.34482756959267,59.272572250808025
epigenomics_8826_filterContams_219,20.370048032781156,63.26519859740017
epigenomics_8826_filterContams_220,22.379650486832425,70.49531294922552
epigenomics_8826_filterContams_221,23.162266909385487,68.37336065680779
epigenomics_8826_filterContams_222,23.53677097553014,73.1357361555472
epigenomics_8826_filterContams_223,18.865794829202358,53.15981350551397
epigenomics_8826_filterContams_224,20.155010364029273,55.15510396187572
epigenomics_8826_filterContams_225,20.298881818237174,60.78942658931975
epigenomics_8826_filterContams_226,18.10922959161652,75.21369197781901
epigenomics_8826_filterContams_227,23.770272979353123,75.32309835549046
epigenomics_8826_filterContams_228,21.918168878464023,77.354137809787
epigenomics_8826_filterContams_229,22.098093412539164,65.20832661906792
epigenomics_8826_filterContams_230,10.334330437276957,61.02413892102069
epigenomics_8826_filterContams_231,23.470872583801956,52.41158004610913
epigenomics_8826_filterContams_232,20.72217127778645,59.672122296689864
epigenomics_8826_filterContams_233,18.661011858318883,63.19318805182619
epigenomics_8826_filterContams_234,21.527141057662902,55.22171444742973
epigenomics_8826_filterContams_235,21.36156363135398,64.36951648305616
epigenomics_8826_filterContams_236,23.7908402930743,58.731643362673886
epigenomics_8826_filterContams_237,21.358015110027594,69.37591476206916
epigenomics_8826_filterContams_238,24.417231102834627,66.99935687829273
epigenomics_8826_filterContams_239,18.295494623591924,74.74130077450735
epigenomics_8826_filterContams_240,16.68431480519923,76.62556779825384
epigenomics_8826_filterContams_241,22.597635956201888,66.63061723793746
epigenomics_8826_filterContams_242,20.063759687631705,81.36634798502462
epigenomics_8826_filterContams_243,22.54330938932251,73.0980023528681
epigenomics_8826_filterContams_244,23.57268263530358,66.41429733938456
epigenomics_8826_filterContams_245,22.556740132777627,76.74629172257727
epigenomics_8826_filterContams_246,17.345566277783206,82.39760344906068
epigenomics_8826_filterContams_247,16.614016970741705,68.37239997532174
epigenomics_8826_filterContams_248,14.038018175854399,73.32454463822069
epigenomics_8826_filterContams_249,18.72991224789536,70.39217531949848
epigenomics_8826_filterContams_250,17.639181606372393,57.814239462082874
epigenomics_8826_filterContams_251,24.072816952390287,56.843873768070004
epigenomics_8826_filterContams_252,23.11692679902293,53.92061430194387
epigenomics_8826_filterContams_253,23.946111099611592,55.59232707607486
epigenomics_8826_filterContams_254,20.189442704388753,62.64009113929608
epigenomics_8826_filterContams_255,20.75827999996377,62.008476349413144
epigenomics_8826_filterContams_256,20.54218116567142,56.26813529450506
epigenomics_8826_filterContams_257,14.954322561935584,73.58290118691654
epigenomics_8826_filterContams_258,23.868313893892072,55.82559051000675
epigenomics_8826_filterContams_259,20.129843189842468,74.01116868585834
epigenomics_8826_filterContams_260,24.440489050214325,67.93746501280893
epigenomics_8826_filterContams_261,17.05909977573438,66.27189784021763
epigenomics_8826_filterContams_262,28.048309742236768,43.032715503952346
epigenomics_8826_filterContams_263,17.100787084108767,56.77565322734234
epigenomics_8826_filterContams_264,16.857877651623568,69.7967058132233
epigenomics_8826_filterContams_265,21.891871357124366,77.47459407361015
epigenomics_8826_filterContams_266,21.988412536439643,70.65553016916189
epigenomics_8826_filterContams_267,21.160021489885178,71.3725369178078
epigenomics_8826_filterContams_268,17.794270646987474,47.47301697567208
epigenomics_8826_filterContams_269,19.636502092942173,57.06390115013596
epigenomics_8826_filterContams_270,20.578799575437237,71.74002885357672
epigenomics_8826_filterContams_271,19.999893093092723,65.36884862273457
epigenomics_8826_filterContams_272,12.011988909845275,72.28231969319303
epigenomics_8826_filterContams_273,21.367518596808427,56.53187701517582
epigenomics_8826_filterContams_274,18.405288608434322,72.69215560639661
epigenomics_8826_filterContams_275,21.3528743655458,70.22738308137558
epigenomics_8826_filterContams_276,15.522558485973175,64.99644310025458
epigenomics_8826_filterContams_277,21.283208345819904,59.19305072875716
epigenomics_8826_filterContams_278,19.302055046488142,53.56885646420531
epigenomics_8826_filterContams_279,21.478018162293953,59.988150762753435
epigenomics_8826_filterContams_280,23.784433085099664,63.51157199764528
epigenomics_8826_filterContams_281,21.157298913614614,69.03435770188891
epigenomics_8826_filterContams_282,22.067864224705687,77.83580382402243
epigenomics_8826_filterContams_283,22.119444532720863,60.79025102423509
epigenomics_8826_filterContams_284,16.906104302414484,64.33364494946957
epigenomics_8826_filterContams_285,18.592559968677257,65.84988810597291
epigenomics_8826_filterContams_286,17.366791585516403,70.1350675032772
epigenomics_8826_filterContams_287,12.345691559949326,81.00734418095861
epigenomics_8826_filterContams_288,22.87598724462154,65.99939936806962
epigenomics_8826_filterContams_289,20.286195794225254,60.081971698812644
epigenomics_8826_filterContams_290,19.86859575374792,60.92113329728607
epigenomics_8826_filterContams_291,20.159732057233207,61.620149716961336
epigenomics_8826_filterContams_292,17.286025044521335,72.66007575111763
epigenomics_8826_filterContams_293,17.037131409686094,64.07626211527173
epigenomics_8826_filterContams_294,24.76551520691875,70.74189517104041
epigenomics_8826_filterContams_295,17.547145874929697,63.90072637283983
epigenomics_8826_filterContams_296,16.834881128785366,69.19776604418831
epigenomics_8826_filterContams_297,21.68502709359321,64.67190536568876
epigenomics_8826_filterContams_298,13.298600573872339,66.28992944168964
epigenomics_8826_filterContams_299,23.942627017530057,72.07392301696204
epigenomics_8826_filterContams_300,24.931364531157318,68.6917960922193
epigenomics_8826_filterContams_301,19.69535192489307,60.04181215345895
epigenomics_8826_filterContams_302,22.70272415240333,56.17007256533031
epigenomics_8826_filterContams_303,18.10206921277529,54.4474471754341
epigenomics_8826_filterContams_304,22.947394212238535,60.65619619516142
epigenomics_8826_filterContams_305,19.165552948578302,50.89913150243785
epigenomics_8826_filterContams_306,20.47104336786142,61.92621722438879
epigenomics_8826_filterContams_307,16.882721197874417,60.057463976244534
epigenomics_8826_filterContams_308,17.803678574980133,67.96466997418001
epigenomics_8826_filterContams_309,21.724493706524918,50.12169726064596
epigenomics_8826_filterContams_310,21.395412316133417,75.92194217361083
epigenomics_8826_filterContams_311,19.789872923406136,62.319533529216685
epigenomics_8826_filterContams_312,24.566632577083627,49.09588099562459
epigenomics_8826_filterContams_313,19.985059989532925,76.87054466657655
epigenomics_8826_filterContams_314,23.428044849005715,64.5075659912024
epigenomics_8826_filterContams_315,26.08081703156858,66.9196810928784
epigenomics_8826_filterContams_316,16.255680017264392,56.28324600624694
epigenomics_8826_filterContams_317,20.886188386696173,76.72812650490714
epigenomics_8826_filterContams_318,16.619697844664046,56.451641466633134
epigenomics_8826_filterContams_319,19.977369592174796,58.93715365866111
epigenomics_8826_filterContams_320,20.11573040899047,58.756934358631234
epigenomics_8826_filterContams_321,19.83998223430532,62.17270671002383
epigenomics_8826_filterContams_322,23.635715785186072,71.37067922703781
epigenomics_8826_filterContams_323,19.260948524609404,61.62728887965934
epigenomics_8826_filterContams_324,17.816400512048155,75.52198978638587
epigenomics_8826_filterContams_325,20.901066598435392,55.353215683863944
epigenomics_8826_filterContams_326,22.773349284255833,59.7943742046707
epigenomics_8826_filterContams_327,17.30949580157939,56.18085895925892
epigenomics_8826_filterContams_328,25.335480354940476,65.7736636945297
epigenomics_8826_filterContams_329,13.824967605477834,62.979617204328065
epigenomics_8826_filterContams_330,24.134660906761773,49.16738759089871
epigenomics_8826_filterContams_331,19.947415882007064,50.994908169883246
epigenomics_8826_filterContams_332,21.718635061090165,64.63936770267323
epigenomics_8826_filterContams_333,22.105994789392682,68.7154174329035
epigenomics_8826_filterContams_334,19.35886166443296,74.42443179059282
epigenomics_8826_filterContams_335,24.476705501580213,73.23952457670012
epigenomics_8826_filterContams_336,22.11952867757091,64.31368442323044
epigenomics_8826_filterContams_337,21.494572644211512,67.86365711639779
epigenomics_8826_filterContams_338,18.573161604562003,65.75666615824687
epigenomics_8826_filterContams_339,19.712391237372323,58.64849314855199
epigenomics_8826_filterContams_340,20.79220420427537,69.52641138272439
epigenomics_8826_filterContams_341,19.10784765255837,67.05364353427265
epigenomics_8826_filterContams_342,20.992213113098927,58.244644804513186
epigenomics_8826_filterContams_343,27.71362981344798,58.27930094817636
epigenomics_8826_filterContams_344,18.157510919374346,68.07201810399356
epigenomics_8826_filterContams_345,19.467383083347194,61.204801807796166
epigenomics_8826_filterContams_346,18.995876245338057,72.76220225771857
epigenomics_8826_filterContams_347,22.431545799341766,61.27351872095283
epigenomics_8826_filterContams_348,12.926490492774253,70.96705735218023
epigenomics_8826_filterContams_349,14.725171678799825,56.91783971148105
epigenomics_8826_filterContams_350,15.836721721542197,54.81599451105309
epigenomics_8826_filterContams_351,26.41776646146154,61.680901980352125
epigenomics_8826_filterContams_352,18.768847502781675,64.23397684704796
epigenomics_8826_filterContams_353,18.608459223749627,54.746844945035015
epigenomics_8826_filterContams_354,19.855025269454384,59.07653921453808
epigenomics_8826_filterContams_355,19.66668627169125,59.96228922593161
epigenomics_8826_filterContams_356,22.684011137528525,76.7390466245531
epigenomics_8826_filterContams_357,20.439165415757454,65.7908921041355
epigenomics_8826_filterContams_358,17.009973682258043,83.50288833221167
epigenomics_8826_filterContams_359,24.07618400609002,67.84287564284737
epigenomics_8826_filterContams_360,17.43556099047581,62.44086119170347
epigenomics_8826_filterContams_361,21.803022768391155,63.22369165929982
epigenomics_8826_filterContams_362,17.09287901088105,53.152091910141465
epigenomics_8826_filterContams_363,22.62636708780589,53.22115300729119
epigenomics_8826_filterContams_364,22.341395602103386,71.52985601646165
epigenomics_8826_filterContams_365,20.07605198786343,71.94150539781772
epigenomics_8826_filterContams_366,24.879046962281624,62.53329962973062
epigenomics_8826_filterContams_367,20.135444474364288,60.970751645441915
epigenomics_8826_filterContams_368,22.52592840195295,63.167600344052126
epigenomics_8826_filterContams_369,17.577962760161853,66.61892732910566
epigenomics_8826_filterContams_370,17.149112876790284,70.1935747469559
epigenomics_8826_filterContams_371,15.570554294007941,54.618619896599995
epigenomics_8826_filterContams_372,16.564898943368732,69.43436272264626
epigenomics_8826_filterContams_373,16.521064173432094,71.98401847441632
epigenomics_8826_filterContams_374,19.27948876622628,82.82104734246116
epigenomics_8826_filterContams_375,21.875002273385498,75.52560263476518
epigenomics_8826_filterContams_376,20.683041166398723,58.29197631698442
epigenomics_8826_filterContams_377,18.66273027064318,70.03937303983
epigenomics_8826_filterContams_378,17.31011332245919,77.01260502114025
epigenomics_8826_filterContams_379,20.091373082982763,68.51326236801538
epigenomics_8826_filterContams_380,26.001091191787406,58.901364490985614
epigenomics_8826_filterContams_381,24.013757320729063,59.23786616308864
epigenomics_8826_filterContams_382,23.677371430432235,81.81160669245666
epigenomics_8826_filterContams_383,19.799861656178592,62.116290787869616
epigenomics_8826_filterContams_384,21.90125059069841,64.17985311613099
epigenomics_8826_filterContams_385,20.98837322465005,68.87636842073834
epigenomics_8826_filterContams_386,23.357855521344707,64.68277425453212
epigenomics_8826_filterContams_387,24.65594855964239,41.969561401133014
epigenomics_8826_filterContams_388,14.232399763443789,49.36190778805808
epigenomics_8826_filterContams_389,15.766804604207099,64.57939019737513
epigenomics_8826_filterContams_390,25.867693198629375,67.21957124770192
epigenomics_8826_filterContams_391,16.365609381224495,82.65033321717723
epigenomics_8826_filterContams_392,21.32966014376806,75.00045908238866
epigenomics_8826_filterContams_393,23.357412724124476,53.52529480023808
epigenomics_8826_filterContams_394,18.61753572259019,69.4408457317097
epigenomics_8826_filterContams_395,19.078068298557653,62.25363854974094
epigenomics_8826_filterContams_396,20.896165589905383,63.519496929601175
epigenomics_8826_filterContams_397,17.723080541080975,68.08136788515884
epigenomics_8826_filterContams_398,19.154736203558134,74.30365237080795
epigenomics_8826_filterContams_399,21.82468035414317,78.01879280073572
epigenomics_8826_filterContams_400,16.69302641972798,70.54395543975858
epigenomics_8826_filterContams_401,12.849106596791305,73.1516779827794
epigenomics_8826_filterContams_402,23.901523979038473,75.53557286043527
epigenomics_8826_filterContams_403,21.44977132179511,75.23663039745162
epigenomics_8826_filterContams_404,17.86803315289723,75.56525010160695
epigenomics_8826_filterContams_405,22.74422885088697,72.87640171173388
epigenomics_8826_filterContams_406,19.631157202090417,66.14636667045096
epigenomics_8826_filterContams_407,21.898918634294226,69.51690398504842
epigenomics_8826_filterContams_408,20.296270998472416,60.112882637944935
epigenomics_8826_filterContams_409,20.914907143271606,83.24978616766188
epigenomics_8826_filterContams_410,23.720511931900557,63.19635249534113
epigenomics_8826_filterContams_411,21.698503124132493,58.620953731414524
epigenomics_8826_filterContams_412,18.77207525501267,67.37591090896639
epigenomics_8826_filterContams_413,24.452171161888977,67.64809587084136
epigenomics_8826_filterContams_414,20.108456382718234,53.26308702602941
epigenomics_8826_filterContams_415,26.615132853506346,65.06057490986821
epigenomics_8826_filterContams_416,19.45991487952937,69.50430366544664
epigenomics_8826_filterContams_417,19.057662557307562,71.6688829308834
epigenomics_8826_filterContams_418,20.508790425532702,79.97616247753486
epigenomics_8826_filterContams_419,21.617657704257468,66.33307244193793
epigenomics_8826_filterContams_420,22.580690407063983,69.11743242196499
epigenomics_8826_filterContams_421,23.427072072467066,77.18327132401919
epigenomics_8826_filterContams_422,20.25424496923621,51.68071884260892
epigenomics_8826_filterContams_423,20.970390732869998,60.766616900887335
epigenomics_8826_filterContams_424,13.017527203128056,66.63892364238951
epigenomics_8826_filterContams_425,14.606759262223369,70.99789715969301
epigenomics_8826_filterContams_426,17.506399446797932,51.62587381450974
epigenomics_8826_filterContams_427,17.279895248991014,85.13455857133923
epigenomics_8826_filterContams_428,22.300243421776834,56.42510454640639
epigenomics_8826_filterContams_429,26.823445837314058,58.516946032502474
epigenomics_8826_filterContams_430,25.2513020871836,65.28797496117623
epigenomics_8826_filterContams_431,27.004954085337182,75.75329145894757
epigenomics_8826_filterContams_432,17.482583785469313,60.360734395658326
epigenomics_8826_filterContams_433,16.71173143567008,64.69036223949614
epigenomics_8826_filterContams_434,24.837225597192223,50.95401730915543
epigenomics_8826_filterContams_435,23.443687541005907,59.16850465693433
epigenomics_8826_filterContams_436,26.05938410728494,74.30300049751028
epigenomics_8826_filterContams_437,20.85015555655936,66.24857158072345
epigenomics_8826_filterContams_438,20.839337766856783,66.68909268333651
epigenomics_8826_filterContams_439,20.501114593006942,71.8759449641963
epigenomics_8826_filterContams_440,14.765872573187027,62.266318734719974
epigenomics_8826_filterContams_441,19.086217322398205,68.54067459927296
epigenomics_8826_filterContams_442,17.34360645009034,47.05955185085045
epigenomics_8826_filterContams_443,16.177982402867887,60.85019461205577
epigenomics_8826_filterContams_444,22.08610747347047,55.98090297970839
epigenomics_8826_filterContams_445,20.506700401118536,75.24516565536764
epigenomics_8826_filterContams_446,14.06730212038497,69.20714399109345
epigenomics_8826_filterContams_447,14.238935997841118,79.5269080190353
epigenomics_8826_filterContams_448,20.516854806462078,66.46016504065778
epigenomics_8826_filterContams_449,20.784974330632352,53.22636345375217
epigenomics_8826_filterContams_450,22.14027695206292,60.48784711291534
epigenomics_8826_filterContams_451,15.10572594825696,61.348317739714176
epigenomics_8826_filterContams_452,20.246669382878746,62.81005808424571
epigenomics_8826_filterContams_453,15.977064315210539,57.481123108554556
epigenomics_8826_filterContams_454,23.51985721637583,57.3268908234908
epigenomics_8826_filterContams_455,15.629385711928606,66.72253165910021
epigenomics_8826_filterContams_456,16.17633835781711,55.32449777280319
epigenomics_8826_filterContams_457,22.465649420995476,74.52982027509184
epigenomics_8826_filterContams_458,20.357475435634978,54.400140360580814
epigenomics_8826_filterContams_459,19.053269900972452,64.50758727863816
epigenomics_8826_filterContams_460,21.922039555677216,60.5527325362973
epigenomics_8826_filterContams_461,17.782207061215324,63.291372024815914
epigenomics_8826_filterContams_462,18.092839328337806,68.20397250616932
epigenomics_8826_filterContams_463,18.724227634411687,74.39735379891457
epigenomics_8826_filterContams_464,18.079044532453295,59.94676774517795
epigenomics_8826_filterContams_465,13.878064709595844,66.11491175040575
epigenomics_8826_filterContams_466,17.6835842323898,67.66932469869
epigenomics_8826_filterContams_467,19.971975062648223,67.54997237150828
epigenomics_8826_filterContams_468,23.551046154016163,64.54583725146263
epigenomics_8826_filterContams_469,18.77496074841712,70.71168739503022
epigenomics_8826_filterContams_470,23.027007997628637,46.0843970202515
epigenomics_8826_filterContams_471,22.695452916778926,72.98517276543852
epigenomics_8826_filterContams_472,19.63158410794685,59.59262660258912
epigenomics_8826_filterContams_473,22.709935917454178,68.36431155002532
epigenomics_8826_filterContams_474,15.860452662806532,67.71751080783851
epigenomics_8826_filterContams_475,18.19279773003644,71.53439938648147
epigenomics_8826_filterContams_476,14.714762470776137,52.76741921863441
epigenomics_8826_filterContams_477,18.780307532130365,74.14443084890186
epigenomics_8826_filterContams_478,18.129504427133604,67.33479795759591
epigenomics_8826_filterContams_479,21.60754390813264,64.65869651032487
epigenomics_8826_filterContams_480,16.627038509761622,79.29302679370994
epigenomics_8826_filterContams_481,20.277911860646967,70.26805721812497
epigenomics_8826_filterContams_482,14.443764634823587,51.083822827126994
epigenomics_8826_filterContams_483,19.96548887355215,62.913609859430615
epigenomics_8826_filterContams_484,18.389073558436834,62.722149759517286
epigenomics_8826_filterContams_485,20.723593522195355,58.34369539129841
epigenomics_8826_filterContams_486,16.505088579519054,70.0394928601003
epigenomics_8826_filterContams_487,22.726286967442146,63.42695156911352
epigenomics_8826_filterContams_488,21.482464229051693,67.26556163663406
epigenomics_8826_filterContams_489,27.757423842176262,74.1658031077953
epigenomics_8826_filterContams_490,20.551761289438257,79.72806890473086
epigenomics_8826_filterContams_491,17.337456714158247,68.10849076514435
epigenomics_8826_filterContams_492,16.968599367851663,53.642709946320835
epigenomics_8826_filterContams_493,20.31399665260508,62.790808379601955
epigenomics_8826_filterContams_494,17.90055571419701,72.65590733902324
epigenomics_8826_filterContams_495,19.881738958684412,66.6814710958588
epigenomics_8826_filterContams_496,20.544909005237805,50.20882557416844
epigenomics_8826_filterContams_497,13.603555169050317,60.05979364546413
epigenomics_8826_filterContams_498,22.804665956740255,75.92679340468459
epigenomics_8826_filterContams_499,20.255989813940726,56.3966575929592
epigenomics_8826_sol2sanger_0,86.43443124063698,50.059102868996376
epigenomics_8826_sol2sanger_1,78.28966534541155,47.77640610816073
epigenomics_8826_sol2sanger_2,80.09219854478945,26.742033753323582
epigenomics_8826_sol2sanger_3,68.87503780362192,49.10734853857598
epigenomics_8826_sol2sanger_4,82.1493853575389,44.21778290733313
epigenomics_8826_sol2sanger_5,85.49463685416835,46.05757834009945
epigenomics_8826_sol2sanger_6,78.06784562253885,29.86277975621602
epigenomics_8826_sol2sanger_7,76.68006929401982,45.517098389097605
epigenomics_8826_sol2sanger_8,68.3575674176548,37.27420173607692
epigenomics_8826_sol2sanger_9,81.76712826116902,36.7950019194232
epigenomics_8826_sol2sanger_10,80.93995396138368,58.21675381300297
epigenomics_8826_sol2sanger_11,86.40943207880724,34.50086634298597
epigenomics_8826_sol2sanger_12,83.64338226201383,39.47835073064455
epigenomics_8826_sol2sanger_13,70.38438301351638,40.290764778481936
epigenomics_8826_sol2sanger_14,75.47878524033693,53.71245448000746
epigenomics_8826_sol2sanger_15,86.9132112911123,56.46682392545152
epigenomics_8826_sol2sanger_16,74.49197226857338,49.832679631583716
epigenomics_8826_sol2sanger_17,77.05002106399071,27.916864895468947
epigenomics_8826_sol2sanger_18,79.85118910012234,44.15769997740216
epigenomics_8826_sol2sanger_19,83.07232841021045,46.93564467358145
epigenomics_8826_sol2sanger_20,74.21388630166882,40.69692287729567
epigenomics_8826_sol2sanger_21,74.89953251889722,47.95375117291973
epigenomics_8826_sol2sanger_22,78.14175012012517,47.49912611649127
epigenomics_8826_sol2sanger_23,92.12025938656667,47.58781508312558
epigenomics_8826_sol2sanger_24,84.98829546360257,45.05657603161444
epigenomics_8826_sol2sanger_25,75.18342816042102,49.46500649641774
epigenomics_8826_sol2sanger_26,90.14710159694624,55.865641833717675
epigenomics_8826_sol2sanger_27,89.8016766336406,26.30221357160755
epigenomics_8826_sol2sanger_28,83.3505177097217,43.68610726376098
epigenomics_8826_sol2sanger_29,79.773066569993,48.54696743727099
epigenomics_8826_sol2sanger_30,88.04460094807936,32.296014926741094
epigenomics_8826_sol2sanger_31,87.06283496929314,43.18321284447981
epigenomics_8826_sol2sanger_32,82.258402181421,55.79392413907665
epigenomics_8826_sol2sanger_33,73.18549119029088,45.68276142643932
epigenomics_8826_sol2sanger_34,80.43797803433269,37.971353074726146
epigenomics_8826_sol2sanger_35,83.42487192268392,38.54783338675795
epigenomics_8826_sol2sanger_36,81.23659529876257,34.79027547130875
epigenomics_8826_sol2sanger_37,79.89913348451067,47.89082394579878
epigenomics_8826_sol2sanger_38,76.07547577491763,56.3795101191936
epigenomics_8826_sol2sanger_39,82.01639018376152,44.854001873119905
epigenomics_8826_sol2sanger_40,74.67265349733869,54.24239529304319
epigenomics_8826_sol2sanger_41,81.20883477752167,40.50541604959191
epigenomics_8826_sol2sanger_42,87.80683193149412,31.946506145772965
epigenomics_8826_sol2sanger_43,78.00332196457488,53.29100140936424
epigenomics_8826_sol2sanger_44,76.45794912062372,41.47558830758152
epigenomics_8826_sol2sanger_45,84.92688324428573,55.40712345641326
epigenomics_8826_sol2sanger_46,76.2217090845487,38.528219258977764
epigenomics_8826_sol2sanger_47,77.9887586493928,41.99777276892562
epigenomics_8826_sol2sanger_48,82.00487932646999,52.81066941078485
epigenomics_8826_sol2sanger_49,71.45503757613695,48.44426012484122
epigenomics_8826_sol2sanger_50,85.57797945454256,51.18790893529812
epigenomics_8826_sol2sanger_51,80.3953498063306,47.05321130728147
epigenomics_8826_sol2sanger_52,84.93919731574137,34.98954327865423
epigenomics_8826_sol2sanger_53,77.03109780510746,39.99625405902859
epigenomics_8826_sol2sanger_54,68.98962828313732,51.15884244970859
epigenomics_8826_sol2sanger_55,73.75935392363084,59.21833591741329
epigenomics_8826_sol2sanger_56,85.39056457713161,52.305346832464444
epigenomics_8826_sol2sanger_57,92.49257221741054,48.71972719749802
epigenomics_8826_sol2sanger_58,78.28606171135424,56.921119968977536
epigenomics_8826_sol2sanger_59,79.25560124775974,35.90161557737805
epigenomics_8826_sol2sanger_60,88.25553216406286,47.11965047753531
epigenomics_8826_sol2sanger_61,79.12122487062518,40.96286233014225
epigenomics_8826_sol2sanger_62,79.70662250774194,52.1670960810297
epigenomics_8826_sol2sanger_63,74.92277020481944,43.157982255379935
epigenomics_8826_sol2sanger_64,78.13833834528697,40.682050392134
epigenomics_8826_sol2sanger_65,76.09772843722239,34.576286425482465
epigenomics_8826_sol2sanger_66,77.6490541984874,25.307684897791134
epigenomics_8826_sol2sanger_67,85.41623160467788,45.563907610180514
epigenomics_8826_sol2sanger_68,72.52050518586525,40.216132737019834
epigenomics_8826_sol2sanger_69,83.40148843839123,48.89574830920556
epigenomics_8826_sol2sanger_70,82.68065728877085,44.16041509051828
epigenomics_8826_sol2sanger_71,80.50387797515043,44.939496990482276
epigenomics_8826_sol2sanger_72,82.2256687825587,44.48252232360907
epigenomics_8826_sol2sanger_73,79.53388156181757,52.62649750997493
epigenomics_8826_sol2sanger_74,82.12253944923974,34.87220203468934
epigenomics_8826_sol2sanger_75,77.93204256147698,47.55678097508394
epigenomics_8826_sol2sanger_76,81.61675774755471,50.76717161940581
epigenomics_8826_sol2sanger_77,84.72209161838254,37.261144554541744
epigenomics_8826_sol2sanger_78,84.18800185823355,42.33864807244107
epigenomics_8826_sol2sanger_79,75.24644104952756,42.93544478803325
epigenomics_8826_sol2sanger_80,81.40769135644074,39.58473336074197
epigenomics_8826_sol2sanger_81,76.17990929810951,52.56831551435799
epigenomics_8826_sol2sanger_82,74.0052533689421,54.23731953371655
epigenomics_8826_sol2sanger_83,79.85553776514436,39.16222906185465
epigenomics_8826_sol2sanger_84,77.22242947100085,56.87761425111316
epigenomics_8826_sol2sanger_85,77.18596479543547,59.929479879750865
epigenomics_8826_sol2sanger_86,81.38562833562364,43.32155085232475
epigenomics_8826_sol2sanger_87,78.26308519329571,28.38387999171695
epigenomics_8826_sol2sanger_88,82.82377447227378,58.54943804525643
epigenomics_8826_sol2sanger_89,80.47703773290867,35.99953816192194
epigenomics_8826_sol2sanger_90,77.31005270188946,42.462174623677406
epigenomics_8826_sol2sanger_91,79.42868898723458,32.67555529432238
epigenomics_8826_sol2sanger_92,83.44644718635232,35.31839034934643
epigenomics_8826_sol2sanger_93,83.87991710215829,35.405808902473005
epigenomics_8826_sol2sanger_94,75.44074357419018,50.92855933443899
epigenomics_8826_sol2sanger_95,77.00156294709865,38.95101398626882
epigenomics_8826_sol2sanger_96,76.02043678767245,41.919258036628186
epigenomics_8826_sol2sanger_97,83.7919327005395,57.009191160433176
epigenomics_8826_sol2sanger_98,80.7822588524263,33.781278600377576
epigenomics_8826_sol2sanger_99,85.03952264189294,52.597080370655945
epigenomics_8826_sol2sanger_100,87.90065863031774,45.65328935537335
epigenomics_8826_sol2sanger_101,82.65088725531676,48.74186589091837
epigenomics_8826_sol2sanger_102,70.99841526385296,36.29825811263919
epigenomics_8826_sol2sanger_103,81.97810005885191,52.81952854874672
epigenomics_8826_sol2sanger_104,92.95409896621754,26.336058464621015
epigenomics_8826_sol2sanger_105,78.7572910265811,41.74507155546515
epigenomics_8826_sol2sanger_106,84.72176158234801,50.595031765433355
epigenomics_8826_sol2sanger_107,76.103530556804,42.44986577213815
epigenomics_8826_sol2sanger_108,80.90407440119951,34.84339322161085
epigenomics_8826_sol2sanger_109,84.23427132659751,41.932854656615696
epigenomics_8826_sol2sanger_110,81.41773796981147,32.338598449111664
epigenomics_8826_sol2sanger_111,81.93319692662345,35.581802366479714
epigenomics_8826_sol2sanger_112,81.29803851664329,42.659860591635024
epigenomics_8826_sol2sanger_113,77.59716625096041,36.71006372295466
epigenomics_8826_sol2sanger_114,77.4503381082406,40.44031707170816
epigenomics_8826_sol2sanger_115,72.46581439469674,39.76267939453743
epigenomics_8826_sol2sanger_116,87.96134551385514,42.943265874399295
epigenomics_8826_sol2sanger_117,77.0335755125085,43.29426023746379
epigenomics_8826_sol2sanger_118,83.48468183927945,42.498585074975665
epigenomics_8826_sol2sanger_119,79.4229488057232,38.41583974122592
epigenomics_8826_sol2sanger_120,77.54076962668972,48.01372534794941
epigenomics_8826_sol2sanger_121,82.83593913027912,46.88741249746948
epigenomics_8826_sol2sanger_122,70.94794466873451,33.78084334105178
epigenomics_8826_sol2sanger_123,86.70545870470289,33.301119621733044
epigenomics_8826_sol2sanger_124,81.18309895797779,45.830180884505715
epigenomics_8826_sol2sanger_125,77.23151440178458,52.03666583742375
epigenomics_8826_sol2sanger_126,91.5397902130626,45.031597480238766
epigenomics_8826_sol2sanger_127,77.74496648697331,44.87369173057697
epigenomics_8826_sol2sanger_128,79.99893550648889,50.60642501689876
epigenomics_8826_sol2sanger_129,76.39364877441751,33.08309718629572
epigenomics_8826_sol2sanger_130,77.19039981117285,52.33019164521123
epigenomics_8826_sol2sanger_131,80.54312937005827,53.98796687281289
epigenomics_8826_sol2sanger_132,90.60917093142527,32.846994338586
epigenomics_8826_sol2sanger_133,83.35487637278568,55.28410646840426
epigenomics_8826_sol2sanger_134,81.9578728935424,59.67519213953095
epigenomics_8826_sol2sanger_135,85.31179534667967,35.838536662364945
epigenomics_8826_sol2sanger_136,84.270328928476,46.69045717645599
epigenomics_8826_sol2sanger_137,83.19683024993365,38.99563143730019
epigenomics_8826_sol2sanger_138,80.2101829211637,48.826523455440224
epigenomics_8826_sol2sanger_139,80.24615028353351,47.756330774581585
epigenomics_8826_sol2sanger_140,91.13262736655359,40.92815858310341
epigenomics_8826_sol2sanger_141,75.01779779706256,52.44926330161788
epigenomics_8826_sol2sanger_142,85.5216058374216,39.32815239276288
epigenomics_8826_sol2sanger_143,85.66917218269928,42.68761824128191
epigenomics_8826_sol2sanger_144,83.20059830288193,31.590587133513402
epigenomics_8826_sol2sanger_145,78.1344509797817,44.8462957349741
epigenomics_8826_sol2sanger_146,89.27937057492286,59.234523085544666
epigenomics_8826_sol2sanger_147,81.86300941305393,48.61030542528331
epigenomics_8826_sol2sanger_148,82.64635349847083,49.90697167193585
epigenomics_8826_sol2sanger_149,86.05491664439107,53.105749105850656
epigenomics_8826_sol2sanger_150,81.70017760756437,55.89282471578865
epigenomics_8826_sol2sanger_151,80.3157884938882,42.93021134633462
epigenomics_8826_sol2sanger_152,84.32549689226741,53.10689229252211
epigenomics_8826_sol2sanger_153,78.91122281597534,36.09966023985371
epigenomics_8826_sol2sanger_154,78.68353145660053,51.074947526147355
epigenomics_8826_sol2sanger_155,82.01544466369306,51.75834692610906
epigenomics_8826_sol2sanger_156,82.29588931820052,44.34737270205207
epigenomics_8826_sol2sanger_157,82.19959278662198,36.31906817393789
epigenomics_8826_sol2sanger_158,74.7149932314852,48.7453654850849
epigenomics_8826_sol2sanger_159,76.40122707750157,52.194481608401645
epigenomics_8826_sol2sanger_160,81.97056562492108,42.07604028064906
epigenomics_8826_sol2sanger_161,77.03206197073824,48.06376545990128
epigenomics_8826_sol2sanger_162,81.27791263301813,45.87168435031535
epigenomics_8826_sol2sanger_163,85.63259345532293,45.78919020868938
epigenomics_8826_sol2sanger_164,80.49990659941425,41.182202775144525
epigenomics_8826_sol2sanger_165,77.53494687530761,34.69625727858349
epigenomics_8826_sol2sanger_166,79.67652095318769,62.79269853742663
epigenomics_8826_sol2sanger_167,82.48506653073655,42.09705958014639
epigenomics_8826_sol2sanger_168,82.46412183240692,45.342961366350735
epigenomics_8826_sol2sanger_169,74.00756983406755,38.084956589909545
epigenomics_8826_sol2sanger_170,77.74764904518037,49.766740711047284
epigenomics_8826_sol2sanger_171,79.67473124763526,46.734759409103994
epigenomics_8826_sol2sanger_172,90.35662993325364,41.27261052805581
epigenomics_8826_sol2sanger_173,81.4348963198066,49.922269926035064
epigenomics_8826_sol2sanger_174,81.69792679493018,40.68942202193831
epigenomics_8826_sol2sanger_175,81.14074182008807,35.06931768024894
epigenomics_8826_sol2sanger_176,73.11489356773346,48.23033031343974
epigenomics_8826_sol2sanger_177,81.09885887294905,59.907762913011936
epigenomics_8826_sol2sanger_178,84.17935101451377,37.1052591276668
epigenomics_8826_sol2sanger_179,83.36098696955206,26.994844887622218
epigenomics_8826_sol2sanger_180,84.32642663322845,46.58681173663934
epigenomics_8826_sol2sanger_181,75.90915163527677,43.80523215922581
epigenomics_8826_sol2sanger_182,84.41788956920445,41.83152054938308
epigenomics_8826_sol2sanger_183,77.49767713255278,43.74110538973429
epigenomics_8826_sol2sanger_184,82.20793077375114,27.669628329314225
epigenomics_8826_sol2sanger_185,82.8261050947429,51.45097245701961
epigenomics_8826_sol2sanger_186,75.07714795988257,53.925965437805736
epigenomics_8826_sol2sanger_187,81.81744536483279,61.7128543903857
epigenomics_8826_sol2sanger_188,80.07517549903069,46.28419307877488
epigenomics_8826_sol2sanger_189,79.78201773149965,43.07140375648254
epigenomics_8826_sol2sanger_190,82.33779122736284,59.84571218365967
epigenomics_8826_sol2sanger_191,75.85486670959055,45.000407673434545
epigenomics_8826_sol2sanger_192,83.98537819170056,33.59547108920894
epigenomics_8826_sol2sanger_193,85.22626478258195,34.857246508829036
epigenomics_8826_sol2sanger_194,78.65394556611865,35.16660837722988
epigenomics_8826_sol2sanger_195,79.0415901798753,34.86920443764619
epigenomics_8826_sol2sanger_196,88.45911723210071,45.439057343481025
epigenomics_8826_sol2sanger_197,78.66247042703729,39.55566406363007
epigenomics_8826_sol2sanger_198,86.23527306781205,58.43176389960675
epigenomics_8826_sol2sanger_199,85.19043973939397,33.73343728772612
epigenomics_8826_sol2sanger_200,79.98018599163946,47.04174784045412
epigenomics_8826_sol2sanger_201,78.51223993399459,29.606234432064955
epigenomics_8826_sol2sanger_202,86.56652381708494,56.177381510894826
epigenomics_8826_sol2sanger_203,74.1310984139713,35.08655608125567
epigenomics_8826_sol2sanger_204,87.300487859644,53.42649405506979
epigenomics_8826_sol2sanger_205,81.41497301351687,54.768506748160384
epigenomics_8826_sol2sanger_206,81.89798491036997,53.7029024622945
epigenomics_8826_sol2sanger_207,65.37483205400052,45.258304149233645
epigenomics_8826_sol2sanger_208,82.2074186095429,43.26616544712502
epigenomics_8826_sol2sanger_209,90.75035311846669,37.82830452451314
epigenomics_8826_sol2sanger_210,79.5295533666014,40.53797684073936
epigenomics_8826_sol2sanger_211,86.60484271189618,44.84203797479152
epigenomics_8826_sol2sanger_212,74.74853604669222,45.215312976161286
epigenomics_8826_sol2sanger_213,74.45055191262063,31.472188525691834
epigenomics_8826_sol2sanger_214,84.67605278929418,51.67560966594013
epigenomics_8826_sol2sanger_215,84.78646277602974,47.53081967236304
epigenomics_8826_sol2sanger_216,67.40642640896644,53.4266952517929
epigenomics_8826_sol2sanger_217,85.05916151890207,48.61009445274915
epigenomics_8826_sol2sanger_218,90.76762928121312,46.853556203096595
epigenomics_8826_sol2sanger_219,77.67947010805223,49.97237278094244
epigenomics_8826_sol2sanger_220,77.51554067560305,42.004206783808726
epigenomics_8826_sol2sanger_221,81.11477794541194,47.60422959184873
epigenomics_8826_sol2sanger_222,79.26727774559245,39.99616678835326
epigenomics_8826_sol2sanger_223,82.41957123807933,58.945371361307764
epigenomics_8826_sol2sanger_224,80.19877030243808,46.01849720054039
epigenomics_8826_sol2sanger_225,84.32665103058905,45.94335387663371
epigenomics_8826_sol2sanger_226,72.67896291977878,46.24338843170956
epigenomics_8826_sol2sanger_227,86.75649900337281,27.9127522619897
epigenomics_8826_sol2sanger_228,78.42658794630714,38.644535785933904
epigenomics_8826_sol2sanger_229,77.72294670539175,52.478691304917746
epigenomics_8826_sol2sanger_230,74.72636807818192,46.103099204406575
epigenomics_8826_sol2sanger_231,80.78336677203016,31.182648145450067
epigenomics_8826_sol2sanger_232,89.90369216726607,33.75847612879958
epigenomics_8826_sol2sanger_233,77.57083149363139,46.563933826685584
epigenomics_8826_sol2sanger_234,78.45957210828108,41.55906122206787
epigenomics_8826_sol2sanger_235,88.97667860438702,44.483543026404696
epigenomics_8826_sol2sanger_236,85.19350518422003,38.33945920028275
epigenomics_8826_sol2sanger_237,78.03485172304592,48.276250934300286
epigenomics_8826_sol2sanger_238,84.2616038441829,44.144401361522505
epigenomics_8826_sol2sanger_239,75.5751657780864,65.14281906303731
epigenomics_8826_sol2sanger_240,81.26209915276148,49.846660945115715
epigenomics_8826_sol2sanger_241,78.71417144761054,53.19740187424132
epigenomics_8826_sol2sanger_242,75.50940551032679,41.8708299523656
epigenomics_8826_sol2sanger_243,85.5177072111666,49.90518123997363
epigenomics_8826_sol2sanger_244,83.54895926094582,46.133182147030226
epigenomics_8826_sol2sanger_245,78.23350178040434,39.113685973211595
epigenomics_8826_sol2sanger_246,81.70719500675108,52.05640133616945
epigenomics_8826_sol2sanger_247,67.26433394439667,49.43789736775664
epigenomics_8826_sol2sanger_248,83.82887403153045,43.992185440571134
epigenomics_8826_sol2sanger_249,84.11533889049407,40.64261311491574
epigenomics_8826_sol2sanger_250,81.09479414058451,50.30125864141989
epigenomics_8826_sol2sanger_251,82.13798659392205,40.92195668551107
epigenomics_8826_sol2sanger_252,81.12630328331907,48.63332352253168
epigenomics_8826_sol2sanger_253,77.48773773511871,53.04166383413752
epigenomics_8826_sol2sanger_254,82.83888895380412,37.835341313948
epigenomics_8826_sol2sanger_255,70.97729883253842,44.68331800882075
epigenomics_8826_sol2sanger_256,79.0610077341043,46.54170028405636
epigenomics_8826_sol2sanger_257,79.18326969207423,39.384367997170884
epigenomics_8826_sol2sanger_258,80.56696208903557,63.83315631137339
epigenomics_8826_sol2sanger_259,76.38823783441198,57.549187882170195
epigenomics_8826_sol2sanger_260,81.84146227195123,33.02286709300654
epigenomics_8826_sol2sanger_261,75.53034795233616,49.26315500712629
epigenomics_8826_sol2sanger_262,76.17688972091247,60.04703643636182
epigenomics_8826_sol2sanger_263,83.41769417983832,47.531209781455914
epigenomics_8826_sol2sanger_264,69.73054089463056,41.755497281317204
epigenomics_8826_sol2sanger_265,77.3392391279904,29.571733050815872
epigenomics_8826_sol2sanger_266,76.78022570998884,42.472798659850376
epigenomics_8826_sol2sanger_267,86.08333471823117,44.38761014817531
epigenomics_8826_sol2sanger_268,81.96026418557808,39.04054746086051
epigenomics_8826_sol2sanger_269,80.97406999091703,60.30141498659458
epigenomics_8826_sol2sanger_270,77.37939578304388,38.50322355816079
epigenomics_8826_sol2sanger_271,87.7790534648644,47.59694421332775
epigenomics_8826_sol2sanger_272,81.06923880340564,36.10702602062791
epigenomics_8826_sol2sanger_273,83.74676426765124,51.3122180461666
epigenomics_8826_sol2sanger_274,91.14642963438153,44.795889587992214
epigenomics_8826_sol2sanger_275,73.3607173044483,42.35488898917797
epigenomics_8826_sol2sanger_276,73.47668794156311,57.96498637010083
epigenomics_8826_sol2sanger_277,72.04422440431028,24.895494719880073
epigenomics_8826_sol2sanger_278,82.16474115433823,44.21992935742668
epigenomics_8826_sol2sanger_279,72.01636241599108,44.12382037125318
epigenomics_8826_sol2sanger_280,75.39668505763252,46.75392384349844
epigenomics_8826_sol2sanger_281,79.50931045236659,49.19044034189294
epigenomics_8826_sol2sanger_282,79.29465287263821,46.48415405554964
epigenomics_8826_sol2sanger_283,81.191650815669,47.5049599734659
epigenomics_8826_sol2sanger_284,81.68857675922128,48.70993461551569
epigenomics_8826_sol2sanger_285,81.02293096572933,38.76287694648718
epigenomics_8826_sol2sanger_286,74.58886479077505,36.45198341442533
epigenomics_8826_sol2sanger_287,73.37679649280565,43.19068032623991
epigenomics_8826_sol2sanger_288,75.34236467712444,50.02663526963306
epigenomics_8826_sol2sanger_289,85.5557428784436,45.62092749646349
epigenomics_8826_sol2sanger_290,87.69595377322469,30.03932161919419
epigenomics_8826_sol2sanger_291,84.2367515203363,43.99093915936572
epigenomics_8826_sol2sanger_292,82.10521241983326,52.03955716061701
epigenomics_8826_sol2sanger_293,88.1047160043577,37.282016400000906
epigenomics_8826_sol2sanger_294,72.17773524692214,52.39512793330049
epigenomics_8826_sol2sanger_295,81.0589043687396,33.92326151870704
epigenomics_8826_sol2sanger_296,77.09417414672082,44.82472754130281
epigenomics_8826_sol2sanger_297,78.03001515047826,39.920832118459984
epigenomics_8826_sol2sanger_298,85.69669524286243,53.90311021472953
epigenomics_8826_sol2sanger_299,76.82377106599776,37.93538655667317
epigenomics_8826_sol2sanger_300,80.24130521712172,58.39216025390342
epigenomics_8826_sol2sanger_301,77.93868868880574,53.28596650353821
epigenomics_8826_sol2sanger_302,77.2016934378,54.06345913217193
epigenomics_8826_sol2sanger_303,75.682383315053,55.02869109645071
epigenomics_8826_sol2sanger_304,75.5878256277022,55.01419054483907
epigenomics_8826_sol2sanger_305,74.15228278060249,70.61104062638887
epigenomics_8826_sol2sanger_306,79.27335878333503,35.85775116762118
epigenomics_8826_sol2sanger_307,83.68660053877966,40.31468694375563
epigenomics_8826_sol2sanger_308,80.73105235610801,22.078127210105507
epigenomics_8826_sol2sanger_309,88.15885815068233,52.30264794696063
epigenomics_8826_sol2sanger_310,75.54297180457561,25.585355428218076
epigenomics_8826_sol2sanger_311,79.91246260321849,54.02698763023
epigenomics_8826_sol2sanger_312,79.91090391638777,39.42746497614429
epigenomics_8826_sol2sanger_313,81.1895901333032,41.05037128981897
epigenomics_8826_sol2sanger_314,80.30074389898432,42.978274865531844
epigenomics_8826_sol2sanger_315,82.5144728446145,53.2977143044683
epigenomics_8826_sol2sanger_316,88.82932862005944,45.698704108464014
epigenomics_8826_sol2sanger_317,81.52124021663683,51.59325118709607
epigenomics_8826_sol2sanger_318,78.14322616643003,39.460546942625605
epigenomics_8826_sol2sanger_319,84.97070721293852,38.691720934902264
epigenomics_8826_sol2sanger_320,80.0962322470098,38.09080512165298
epigenomics_8826_sol2sanger_321,81.37530117060153,46.826543560891956
epigenomics_8826_sol2sanger_322,90.37020295913385,40.43715224520976
epigenomics_8826_sol2sanger_323,83.65135846887483,49.72998950626525
epigenomics_8826_sol2sanger_324,86.51518495788193,39.03871041315385
epigenomics_8826_sol2sanger_325,72.19112438806384,41.79250018093107
epigenomics_8826_sol2sanger_326,86.54665204730597,33.653704294979036
epigenomics_8826_sol2sanger_327,81.20245438460947,36.78057016898805
epigenomics_8826_sol2sanger_328,73.41477442133507,45.544569451533285
epigenomics_8826_sol2sanger_329,79.38808928765744,55.746057640685095
epigenomics_8826_sol2sanger_330,83.3773799572644,39.524842665152676
epigenomics_8826_sol2sanger_331,76.1517924691724,32.675709130987926
epigenomics_8826_sol2sanger_332,82.79979396055967,51.03809724784588
epigenomics_8826_sol2sanger_333,77.7494817838155,32.01844122925431
epigenomics_8826_sol2sanger_334,87.92321481251942,43.614616175261325
epigenomics_8826_sol2sanger_335,86.45629193560337,51.493137745756556
epigenomics_8826_sol2sanger_336,86.05108886959408,41.126576234417286
epigenomics_8826_sol2sanger_337,81.0611831380013,44.244605127452125
epigenomics_8826_sol2sanger_338,75.77859035070085,50.87809438646182
epigenomics_8826_sol2sanger_339,76.03048924695345,53.57249978808038
epigenomics_8826_sol2sanger_340,85.29373337404122,47.28844313936362
epigenomics_8826_sol2sanger_341,76.15109036982864,58.853928860001226
epigenomics_8826_sol2sanger_342,84.17699639759883,38.26243659559551
epigenomics_8826_sol2sanger_343,76.1048944300755,42.31133102623985
epigenomics_8826_sol2sanger_344,80.19615083176933,46.583200273008245
epigenomics_8826_sol2sanger_345,82.81087781275336,35.67967918564243
epigenomics_8826_sol2sanger_346,80.98982952364678,49.88052553405945
epigenomics_8826_sol2sanger_347,94.13488575165785,38.371213400680915
epigenomics_8826_sol2sanger_348,74.5619389045818,47.51247500576088
epigenomics_8826_sol2sanger_349,75.70094800080037,47.3321633699674
epigenomics_8826_sol2sanger_350,82.52665521615641,52.56619963119904
epigenomics_8826_sol2sanger_351,81.10864342285191,49.66800127012264
epigenomics_8826_sol2sanger_352,82.94728418375453,45.53781243543754
epigenomics_8826_sol2sanger_353,78.03281182850758,52.76522882578823
epigenomics_8826_sol2sanger_354,75.12129977257547,43.18091292169999
epigenomics_8826_sol2sanger_355,80.63400489448364,35.43089624364704
epigenomics_8826_sol2sanger_356,84.77737185430468,48.77146039852982
epigenomics_8826_sol2sanger_357,86.18499437339875,51.71347058793771
epigenomics_8826_sol2sanger_358,79.53126256577885,31.067607206306455
epigenomics_8826_sol2sanger_359,81.07614101828236,51.8989998770563
epigenomics_8826_sol2sanger_360,79.77033362093592,31.691244579525325
epigenomics_8826_sol2sanger_361,70.73463021578971,42.32882011042906
epigenomics_8826_sol2sanger_362,80.00269858745278,35.09136819207386
epigenomics_8826_sol2sanger_363,77.88734148479422,42.5970691082194
epigenomics_8826_sol2sanger_364,73.98039130527697,41.93290692211271
epigenomics_8826_sol2sanger_365,83.73631973095777,48.748697963039554
epigenomics_8826_sol2sanger_366,77.5976833579329,34.45053200007355
epigenomics_8826_sol2sanger_367,89.77104034393004,54.08007623673193
epigenomics_8826_sol2sanger_368,73.94648021772078,52.439172326354154
epigenomics_8826_sol2sanger_369,76.77684094107545,55.0648340242866
epigenomics_8826_sol2sanger_370,82.4066190670214,57.12876107778297
epigenomics_8826_sol2sanger_371,80.74527577429804,52.78390035391257
epigenomics_8826_sol2sanger_372,85.5416029330516,36.95657545849166
epigenomics_8826_sol2sanger_373,74.97336748542052,58.504888788784754
epigenomics_8826_sol2sanger_374,80.01497725387532,40.61989621205021
epigenomics_8826_sol2sanger_375,78.90488777283453,42.41864065353028
epigenomics_8826_sol2sanger_376,84.90739055435739,47.02038948320699
epigenomics_8826_sol2sanger_377,87.36070727062061,61.37282830190683
epigenomics_8826_sol2sanger_378,84.41987089054565,40.702369378486594
epigenomics_8826_sol2sanger_379,80.83675093181837,46.47789456263951
epigenomics_8826_sol2sanger_380,85.09043897366395,45.979394037214924
epigenomics_8826_sol2sanger_381,74.93414142749894,46.84592268318045
epigenomics_8826_sol2sanger_382,75.98622994218175,51.20528175867334
epigenomics_8826_sol2sanger_383,74.77716069279901,38.165365814490464
epigenomics_8826_sol2sanger_384,76.90903000342611,45.767541987133725
epigenomics_8826_sol2sanger_385,82.30980366261996,50.09263345318873
epigenomics_8826_sol2sanger_386,85.66373599613235,38.17167338664912
epigenomics_8826_sol2sanger_387,81.76552066770296,42.49440021041354
epigenomics_8826_sol2sanger_388,74.54397434755718,26.16352340216552
epigenomics_8826_sol2sanger_389,84.06514604017703,44.037647798937705
epigenomics_8826_sol2sanger_390,75.32987695364531,33.82821468457311
epigenomics_8826_sol2sanger_391,77.7052446978314,58.78304487064386
epigenomics_8826_sol2sanger_392,79.78273272341343,51.73915860527255
epigenomics_8826_sol2sanger_393,86.02593846264932,42.74283567271513
epigenomics_8826_sol2sanger_394,76.48329594668398,40.97731893727493
epigenomics_8826_sol2sanger_395,72.00034525000542,46.15518818814186
epigenomics_8826_sol2sanger_396,73.32401588411105,40.63849462886047
epigenomics_8826_sol2sanger_397,70.81077659418753,48.499236710355824
epigenomics_8826_sol2sanger_398,82.09932055554046,64.96352572204381
epigenomics_8826_sol2sanger_399,74.8640885670955,38.86927423697505
epigenomics_8826_sol2sanger_400,70.66559162950612,56.670465406625496
epigenomics_8826_sol2sanger_401,75.27242934417737,52.43995421611143
epigenomics_8826_sol2sanger_402,81.31300016592483,50.14393122456047
epigenomics_8826_sol2sanger_403,82.3419811207462,32.930080791562844
epigenomics_8826_sol2sanger_404,77.45749557269531,46.55584742003319
epigenomics_8826_sol2sanger_405,72.84474661901477,61.47733777734363
epigenomics_8826_sol2sanger_406,74.5800576920507,53.29357822406406
epigenomics_8826_sol2sanger_407,78.21727838821579,51.41493185765906
epigenomics_8826_sol2sanger_408,87.55560379640633,46.792431426015185
epigenomics_8826_sol2sanger_409,86.30527961276431,45.83805311989724
epigenomics_8826_sol2sanger_410,79.49112444101343,57.82998808784811
epigenomics_8826_sol2sanger_411,77.91574632525833,39.444794039142735
epigenomics_8826_sol2sanger_412,82.53104619871532,37.96370531893079
epigenomics_8826_sol2sanger_413,78.31876829612635,40.83027439582922
epigenomics_8826_sol2sanger_414,75.43922696288675,50.92553603502091
epigenomics_8826_sol2sanger_415,78.1672321795875,40.899647837799705
epigenomics_8826_sol2sanger_416,88.54548074284715,56.81027520910999
epigenomics_8826_sol2sanger_417,79.6959513092541,59.47874559098569
epigenomics_8826_sol2sanger_418,80.02848818770256,39.815978733900224
epigenomics_8826_sol2sanger_419,74.96660140510096,46.07107816270896
epigenomics_8826_sol2sanger_420,70.83572698951251,29.19322295701926
epigenomics_8826_sol2sanger_421,79.63470387692733,37.16173539653616
epigenomics_8826_sol2sanger_422,77.6494835593472,40.801666447711746
epigenomics_8826_sol2sanger_423,83.30505890793584,47.792951357797534
epigenomics_8826_sol2sanger_424,81.70218860987738,33.337797367040324
epigenomics_8826_sol2sanger_425,78.17728085168025,52.322475533866665
epigenomics_8826_sol2sanger_426,78.10866296570636,54.67239200900922
epigenomics_8826_sol2sanger_427,85.85427069045332,50.03110216013996
epigenomics_8826_sol2sanger_428,80.23440323544303,46.44660171506094
epigenomics_8826_sol2sanger_429,91.502917424921,38.434497811588315
epigenomics_8826_sol2sanger_430,78.13940815344233,55.73496005081589
epigenomics_8826_sol2sanger_431,78.08506476208325,35.2369381234195
epigenomics_8826_sol2sanger_432,78.83086859532625,40.16517708700627
epigenomics_8826_sol2sanger_433,83.88311631714919,60.25431817782783
epigenomics_8826_sol2sanger_434,83.16508068388013,47.39926285226911
epigenomics_8826_sol2sanger_435,75.25586878198621,47.18663594748924
epigenomics_8826_sol2sanger_436,70.94298929332085,42.87567448764374
epigenomics_8826_sol2sanger_437,80.4246694406002,46.56762512169351
epigenomics_8826_sol2sanger_438,81.08251146969337,45.81804523068331
epigenomics_8826_sol2sanger_439,79.77517523770358,50.84531984311075
epigenomics_8826_sol2sanger_440,75.69770481165338,41.518914049039694
epigenomics_8826_sol2sanger_441,82.47986839948621,39.708948149702415
epigenomics_8826_sol2sanger_442,81.50471396153095,54.71932286617924
epigenomics_8826_sol2sanger_443,78.29579482056322,47.379076425959795
epigenomics_8826_sol2sanger_444,69.89471002263072,43.57066036286067
epigenomics_8826_sol2sanger_445,88.2471646843644,52.52163708456344
epigenomics_8826_sol2sanger_446,86.29306711821194,42.108518252232464
epigenomics_8826_sol2sanger_447,80.96502193489863,45.07979894387423
epigenomics_8826_sol2sanger_448,80.97271699961642,55.78838834086531
epigenomics_8826_sol2sanger_449,81.5722634735344,48.84454863315983
epigenomics_8826_sol2sanger_450,74.60454225589527,37.66831190460092
epigenomics_8826_sol2sanger_451,84.11270090064245,41.76102875747187
epigenomics_8826_sol2sanger_452,73.38765110024741,43.79235197424605
epigenomics_8826_sol2sanger_453,77.62517048706837,51.533390680224066
epigenomics_8826_sol2sanger_454,80.83503002713924,45.51239319312817
epigenomics_8826_sol2sanger_455,82.06889519422735,61.30467131472213
epigenomics_8826_sol2sanger_456,82.85255116534567,33.10560671394731
epigenomics_8826_sol2sanger_457,74.56336781122313,43.881119672968225
epigenomics_8826_sol2sanger_458,75.27107311669171,33.02235145317295
epigenomics_8826_sol2sanger_459,86.276725031527,31.99681899131059
epigenomics_8826_sol2sanger_460,83.62303400974987,44.81186117020025
epigenomics_8826_sol2sanger_461,79.24869179844339,46.025361646120025
epigenomics_8826_sol2sanger_462,82.00370929589353,47.5875808043733
epigenomics_8826_sol2sanger_463,72.03879989840178,48.25491322977385
epigenomics_8826_sol2sanger_464,84.88096074460826,26.395459536432064
epigenomics_8826_sol2sanger_465,78.03538994613558,36.87591043351354
epigenomics_8826_sol2sanger_466,76.31647054089275,41.739994368183574
epigenomics_8826_sol2sanger_467,79.95792751397306,52.47675538383419
epigenomics_8826_sol2sanger_468,80.6031366090124,39.90512971307697
epigenomics_8826_sol2sanger_469,79.01866803481408,57.70151663361434
epigenomics_8826_sol2sanger_470,73.0137987704324,53.24946150338923
epigenomics_8826_sol2sanger_471,82.26955272409323,45.17887823742179
epigenomics_8826_sol2sanger_472,84.40472706630335,35.99113149502786
epigenomics_8826_sol2sanger_473,69.32649802600292,44.79037253313441
epigenomics_8826_sol2sanger_474,75.68349017843462,52.26360934651126
epigenomics_8826_sol2sanger_475,74.92256002364468,44.37136959223231
epigenomics_8826_sol2sanger_476,80.67987008278365,39.12042733631359
epigenomics_8826_sol2sanger_477,85.32393539541691,38.792971067189235
epigenomics_8826_sol2sanger_478,82.24727402130418,48.85191201846532
epigenomics_8826_sol2sanger_479,77.9494274064837,52.32353242122132
epigenomics_8826_sol2sanger_480,82.39404012645831,36.17038435113332
epigenomics_8826_sol2sanger_481,82.9483147100141,45.63764542514413
epigenomics_8826_sol2sanger_482,74.06803201098438,44.69398659441746
epigenomics_8826_sol2sanger_483,80.04690026629564,65.29255210644793
epigenomics_8826_sol2sanger_484,74.5207221090423,45.73036169587526
epigenomics_8826_sol2sanger_485,83.73916138614814,36.622468592615135
epigenomics_8826_sol2sanger_486,76.56643779923154,53.38774642678839
epigenomics_8826_sol2sanger_487,76.3389119120058,45.22097642144625
epigenomics_8826_sol2sanger_488,80.74175280465235,44.329718001270294
epigenomics_8826_sol2sanger_489,88.31719698794609,44.05404133984353
epigenomics_8826_sol2sanger_490,80.74509563478767,41.866175044247804
epigenomics_8826_sol2sanger_491,76.31484397234865,45.97001087318095
epigenomics_8826_sol2sanger_492,79.67417456662572,39.192992614733626
epigenomics_8826_sol2sanger_493,78.42918353316274,43.637606612106865
epigenomics_8826_sol2sanger_494,79.93006104188537,45.40433718411677
epigenomics_8826_sol2sanger_495,73.8306310342667,45.403354233997945
epigenomics_8826_sol2sanger_496,80.23248591193783,55.427382362086
epigenomics_8826_sol2sanger_497,73.3032547080756,41.25124910015777
epigenomics_8826_sol2sanger_498,73.96462314858243,33.8105774888619
epigenomics_8826_sol2sanger_499,78.53308256648641,46.551335338076605
epigenomics_8826_fast2bfq_0,43.90175463569291,77.61559041405839
epigenomics_8826_fast2bfq_1,39.56543573548361,85.78814423983381
epigenomics_8826_fast2bfq_2,44.75794461953198,72.34200930170081
epigenomics_8826_fast2bfq_3,51.213408060016874,77.51597406543355
epigenomics_8826_fast2bfq_4,42.11699630460348,74.11338202337512
epigenomics_8826_fast2bfq_5,36.45394954177015,77.42404731431598
epigenomics_8826_fast2bfq_6,41.18886068061391,82.79157314299418
epigenomics_8826_fast2bfq_7,38.62794967433979,80.18096915901133
epigenomics_8826_fast2bfq_8,39.207590516703895,90.66712262868059
epigenomics_8826_fast2bfq_9,44.10143530835178,83.50673631853486
epigenomics_8826_fast2bfq_10,45.4042256127672,82.63030550175698
epigenomics_8826_fast2bfq_11,47.20559744471099,73.45477907965383
epigenomics_8826_fast2bfq_12,56.2126905937279,91.08356891517761
epigenomics_8826_fast2bfq_13,52.34986566785609,80.91185359000933
epigenomics_8826_fast2bfq_14,40.68533218344021,72.80452636814834
epigenomics_8826_fast2bfq_15,47.67796213301895,80.15737163146042
epigenomics_8826_fast2bfq_16,38.510313562872376,70.8708557099113
epigenomics_8826_fast2bfq_17,37.21665863693999,73.6267860356083
epigenomics_8826_fast2bfq_18,43.436428761098824,85.14048720074464
epigenomics_8826_fast2bfq_19,41.88147470342446,77.96722379158865
epigenomics_8826_fast2bfq_20,54.546254944567984,88.15784101427617
epigenomics_8826_fast2bfq_21,51.10884061134611,83.92185376367259
epigenomics_8826_fast2bfq_22,37.225053104992924,90.89943904052106
epigenomics_8826_fast2bfq_23,48.97260607893639,78.99114597005439
epigenomics_8826_fast2bfq_24,36.847373425084825,66.60698375810327
epigenomics_8826_fast2bfq_25,52.12558412338248,91.33855269019006
epigenomics_8826_fast2bfq_26,51.416011765687095,86.46206060487944
epigenomics_8826_fast2bfq_27,48.76633179531834,81.94446212553594
epigenomics_8826_fast2bfq_28,45.14256767942153,82.63289775459926
epigenomics_8826_fast2bfq_29,42.6921650023811,84.85354966996185
epigenomics_8826_fast2bfq_30,51.564034011390426,81.9589102038855
epigenomics_8826_fast2bfq_31,48.09347689966505,81.00850616766479
epigenomics_8826_fast2bfq_32,50.11060382687471,70.1345817452511
epigenomics_8826_fast2bfq_33,42.39356728646038,77.17320920900549
epigenomics_8826_fast2bfq_34,54.60402549567188,68.41045619701156
epigenomics_8826_fast2bfq_35,51.43830661977212,75.25534018363903
epigenomics_8826_fast2bfq_36,34.852116761761266,84.60703443740044
epigenomics_8826_fast2bfq_37,43.01660235225624,75.15612171740352
epigenomics_8826_fast2bfq_38,33.663027754729335,78.96083516671858
epigenomics_8826_fast2bfq_39,39.86089595926132,76.22938895614472
epigenomics_8826_fast2bfq_40,40.268957766659,75.37723925776241
epigenomics_8826_fast2bfq_41,48.64825248997562,66.95883503269681
epigenomics_8826_fast2bfq_42,58.98551355934654,78.47850937500492
epigenomics_8826_fast2bfq_43,45.860084430661644,71.90081938977235
epigenomics_8826_fast2bfq_44,48.11501425162456,73.1948504925766
epigenomics_8826_fast2bfq_45,53.89973959124248,72.76798075644398
epigenomics_8826_fast2bfq_46,30.79899792535526,81.30174948149715
epigenomics_8826_fast2bfq_47,43.8763920719606,87.09640207440485
epigenomics_8826_fast2bfq_48,36.084124464258394,84.90806247785814
epigenomics_8826_fast2bfq_49,46.90550133424986,71.97080123832325
epigenomics_8826_fast2bfq_50,47.65340866134441,91.55709735160134
epigenomics_8826_fast2bfq_51,50.822858552118916,82.81228645203926
epigenomics_8826_fast2bfq_52,55.37331278996282,89.75336701372568
epigenomics_8826_fast2bfq_53,45.31269701586783,83.32768786010718
epigenomics_8826_fast2bfq_54,43.3313114535857,74.17098974199332
epigenomics_8826_fast2bfq_55,42.886256652222556,84.93295130517566
epigenomics_8826_fast2bfq_56,48.5877607475913,93.42615497850157
epigenomics_8826_fast2bfq_57,42.49263847504841,80.658620733033
epigenomics_8826_fast2bfq_58,52.472934339468964,92.02421618573075
epigenomics_8826_fast2bfq_59,24.738407127875114,74.7080366968903
epigenomics_8826_fast2bfq_60,44.756434034512324,87.50003073950722
epigenomics_8826_fast2bfq_61,48.88803662474183,89.29320397925957
epigenomics_8826_fast2bfq_62,55.966337015314025,85.48245717811763
epigenomics_8826_fast2bfq_63,45.7353322549768,63.655132798590586
epigenomics_8826_fast2bfq_64,58.196680680027896,74.6808924498966
epigenomics_8826_fast2bfq_65,39.88996585583799,89.51810461443539
epigenomics_8826_fast2bfq_66,42.36018625081384,79.52767886863666
epigenomics_8826_fast2bfq_67,50.80500317095995,74.45931016811082
epigenomics_8826_fast2bfq_68,45.03849777645282,84.77010744688542
epigenomics_8826_fast2bfq_69,37.38997980866459,76.1132700668292
epigenomics_8826_fast2bfq_70,41.35480968951206,75.91354333690127
epigenomics_8826_fast2bfq_71,38.9974027233932,90.88176265483698
epigenomics_8826_fast2bfq_72,42.6546235373038,88.74475122975387
epigenomics_8826_fast2bfq_73,44.336960984593205,89.52407836562706
epigenomics_8826_fast2bfq_74,46.59156879414124,85.10904503620411
epigenomics_8826_fast2bfq_75,45.40760250372991,71.47615529145035
epigenomics_8826_fast2bfq_76,39.09129718445704,90.19325143863978
epigenomics_8826_fast2bfq_77,50.68081184244204,69.98224105861617
epigenomics_8826_fast2bfq_78,49.18514419844943,89.36470133022944
epigenomics_8826_fast2bfq_79,34.332026992945714,65.03429133940928
epigenomics_8826_fast2bfq_80,47.78808720609462,67.3234177886299
epigenomics_8826_fast2bfq_81,43.56468168501965,71.31919638166718
epigenomics_8826_fast2bfq_82,48.64367751685305,80.71613216609032
epigenomics_8826_fast2bfq_83,49.10276570839524,77.55923991543683
epigenomics_8826_fast2bfq_84,61.838547033385055,96.58020249623289
epigenomics_8826_fast2bfq_85,45.84633634473908,76.7305016476046
epigenomics_8826_fast2bfq_86,48.40747359712894,82.0140335109889
epigenomics_8826_fast2bfq_87,48.15950027513215,75.10286490130267
epigenomics_8826_fast2bfq_88,34.18118647565591,81.73792317029712
epigenomics_8826_fast2bfq_89,49.90428666783525,85.47258593026199
epigenomics_8826_fast2bfq_90,35.42266096664775,76.674266032616
epigenomics_8826_fast2bfq_91,45.250092595289566,84.87832912448182
epigenomics_8826_fast2bfq_92,48.22849615930193,81.72789799854333
epigenomics_8826_fast2bfq_93,26.620815056660344,87.82017791212428
epigenomics_8826_fast2bfq_94,44.53288561387293,80.7514415971745
epigenomics_8826_fast2bfq_95,46.18097490556718,72.26276167106353
epigenomics_8826_fast2bfq_96,48.9396730077679,71.67929984411553
epigenomics_8826_fast2bfq_97,40.92097867856566,84.0033737448214
epigenomics_8826_fast2bfq_98,51.22304624821847,81.33888795762073
epigenomics_8826_fast2bfq_99,36.29222872349223,76.7204186040294
epigenomics_8826_fast2bfq_100,36.536422821955,75.49951627543705
epigenomics_8826_fast2bfq_101,48.41288076518977,78.46693783552738
epigenomics_8826_fast2bfq_102,55.72387206758782,90.60388345225664
epigenomics_8826_fast2bfq_103,40.8631309357136,80.98543148702167
epigenomics_8826_fast2bfq_104,32.74948049796667,83.56487098782598
epigenomics_8826_fast2bfq_105,36.075339630695815,76.0886898747027
epigenomics_8826_fast2bfq_106,51.433663154286506,67.57217354888299
epigenomics_8826_fast2bfq_107,51.604028857045975,82.60324992928241
epigenomics_8826_fast2bfq_108,36.60012025199731,73.01456973876073
epigenomics_8826_fast2bfq_109,50.119650026720066,73.49713005688838
epigenomics_8826_fast2bfq_110,45.33325307941531,80.3709383052638
epigenomics_8826_fast2bfq_111,47.97740537381472,82.64234715260282
epigenomics_8826_fast2bfq_112,54.28184994085303,81.40134567736219
epigenomics_8826_fast2bfq_113,53.72558829998698,79.72088068779826
epigenomics_8826_fast2bfq_114,46.10604407909559,92.84395997114544
epigenomics_8826_fast2bfq_115,49.454855813428885,79.56940752695432
epigenomics_8826_fast2bfq_116,48.30500542687628,92.39857729071707
epigenomics_8826_fast2bfq_117,43.985041517763904,90.42954691540902
epigenomics_8826_fast2bfq_118,48.329121964647626,79.17207109541079
epigenomics_8826_fast2bfq_119,40.8851561519095,87.09979635595562
epigenomics_8826_fast2bfq_120,41.52860299336612,82.24632971442134
epigenomics_8826_fast2bfq_121,51.443704770794845,78.1293583216246
epigenomics_8826_fast2bfq_122,51.714263813429454,80.31546130482933
epigenomics_8826_fast2bfq_123,45.5328130762583,83.95698769180778
epigenomics_8826_fast2bfq_124,47.197466876844594,81.69316426917723
epigenomics_8826_fast2bfq_125,46.807778699422414,67.50286894233604
epigenomics_8826_fast2bfq_126,42.93462837482406,88.48458158233127
epigenomics_8826_fast2bfq_127,36.05272713275541,79.8150107077199
epigenomics_8826_fast2bfq_128,46.13416963151017,72.16624630229126
epigenomics_8826_fast2bfq_129,42.93307768937265,83.48694259863908
epigenomics_8826_fast2bfq_130,50.99389293097219,73.50430099182788
epigenomics_8826_fast2bfq_131,69.32576847852735,73.5552840029244
epigenomics_8826_fast2bfq_132,45.69979010583622,91.91681569382024
epigenomics_8826_fast2bfq_133,38.82216658710535,82.53447074107959
epigenomics_8826_fast2bfq_134,42.57775405515221,82.05097222277209
epigenomics_8826_fast2bfq_135,41.20485561308437,70.96931514822465
epigenomics_8826_fast2bfq_136,34.11254164180201,87.78962246062122
epigenomics_8826_fast2bfq_137,42.066847860894555,90.80471167130912
epigenomics_8826_fast2bfq_138,48.83246635209166,84.8884244711423
epigenomics_8826_fast2bfq_139,44.82095033334243,81.70016478184765
epigenomics_8826_fast2bfq_140,43.93514345779964,83.65536882104531
epigenomics_8826_fast2bfq_141,50.74536878377612,82.65900603646566
epigenomics_8826_fast2bfq_142,46.955009754076436,75.53161748838102
epigenomics_8826_fast2bfq_143,40.42553715340135,77.42232274772705
epigenomics_8826_fast2bfq_144,51.08114259651622,75.76268297926174
epigenomics_8826_fast2bfq_145,34.49739312885506,77.1723524767152
epigenomics_8826_fast2bfq_146,40.83893100599785,78.97886922353686
epigenomics_8826_fast2bfq_147,42.67283141191167,79.77928253140412
epigenomics_8826_fast2bfq_148,34.4716997920819,77.8119184116046
epigenomics_8826_fast2bfq_149,40.44095121800894,73.4676468526445
epigenomics_8826_fast2bfq_150,41.299195480340224,78.40228588001176
epigenomics_8826_fast2bfq_151,40.549830801602525,91.56776396996676
epigenomics_8826_fast2bfq_152,54.263428824875334,80.69329866495714
epigenomics_8826_fast2bfq_153,46.394279090832185,81.93989680905976
epigenomics_8826_fast2bfq_154,42.82138138555787,75.30627391007873
epigenomics_8826_fast2bfq_155,47.17267204197103,77.93317003931278
epigenomics_8826_fast2bfq_156,33.102992959399295,86.1712673481941
epigenomics_8826_fast2bfq_157,38.568254972696884,85.56973210215213
epigenomics_8826_fast2bfq_158,46.89198570443327,83.40741022610264
epigenomics_8826_fast2bfq_159,46.372894265371144,70.73440535167984
epigenomics_8826_fast2bfq_160,45.736572335717284,84.29835123222529
epigenomics_8826_fast2bfq_161,42.49122057285011,90.01034710353112
epigenomics_8826_fast2bfq_162,34.989080601255026,70.91291589744648
epigenomics_8826_fast2bfq_163,37.11774274105145,84.34030541545712
epigenomics_8826_fast2bfq_164,36.87057762386879,78.30221334347351
epigenomics_8826_fast2bfq_165,37.80395905484046,71.15293292259504
epigenomics_8826_fast2bfq_166,30.49960013582814,79.4127472017635
epigenomics_8826_fast2bfq_167,50.176529974296294,70.61428055434872
epigenomics_8826_fast2bfq_168,47.24808766521525,81.30413910674075
epigenomics_8826_fast2bfq_169,34.85084368688508,62.76567687294295
epigenomics_8826_fast2bfq_170,55.139924555368054,88.3641597163447
epigenomics_8826_fast2bfq_171,35.40043330229814,81.91572543352716
epigenomics_8826_fast2bfq_172,30.96073637653177,81.282754047379
epigenomics_8826_fast2bfq_173,45.6602514853831,94.43555219467343
epigenomics_8826_fast2bfq_174,31.953753133575695,69.69286877096532
epigenomics_8826_fast2bfq_175,43.63180465289274,70.62397480186468
epigenomics_8826_fast2bfq_176,56.52571064018575,76.16932578466528
epigenomics_8826_fast2bfq_177,38.935787729429116,93.76280891907429
epigenomics_8826_fast2bfq_178,36.99516967411388,84.8821500758183
epigenomics_8826_fast2bfq_179,39.621134028769404,81.1635516764239
epigenomics_8826_fast2bfq_180,50.65356188755108,81.30309458619571
epigenomics_8826_fast2bfq_181,50.12472669876009,83.14310442137977
epigenomics_8826_fast2bfq_182,30.247188446662694,88.36682370089467
epigenomics_8826_fast2bfq_183,40.50809928259234,76.65276644025552
epigenomics_8826_fast2bfq_184,43.96057023385307,80.46183213213061
epigenomics_8826_fast2bfq_185,38.16072384188536,60.28853875747987
epigenomics_8826_fast2bfq_186,49.290944242655726,78.85553100629693
epigenomics_8826_fast2bfq_187,51.62415439707171,75.14099421676706
epigenomics_8826_fast2bfq_188,44.20373412173324,87.28488607819486
epigenomics_8826_fast2bfq_189,49.927294111808486,76.47666363205524
epigenomics_8826_fast2bfq_190,38.450778646147086,73.49364571247274
epigenomics_8826_fast2bfq_191,43.4259626296748,88.30026864675337
epigenomics_8826_fast2bfq_192,50.873354974880826,82.6170443745233
epigenomics_8826_fast2bfq_193,55.91890270440882,82.82633498301567
epigenomics_8826_fast2bfq_194,43.62579356566455,83.0023795818165
epigenomics_8826_fast2bfq_195,31.766560112300272,95.05777624522877
epigenomics_8826_fast2bfq_196,38.05455495803613,79.86786835970524
epigenomics_8826_fast2bfq_197,49.23474283358987,85.71382670638157
epigenomics_8826_fast2bfq_198,39.702249408125276,85.28556937779277
epigenomics_8826_fast2bfq_199,44.55959179929067,78.3834871781739
epigenomics_8826_fast2bfq_200,37.847369067111515,82.47714350200357
epigenomics_8826_fast2bfq_201,41.973493323423604,75.82583718584779
epigenomics_8826_fast2bfq_202,49.76234281934051,84.8915991143581
epigenomics_8826_fast2bfq_203,55.93434709047161,89.76042608384786
epigenomics_8826_fast2bfq_204,37.80341155663392,75.69727829624753
epigenomics_8826_fast2bfq_205,43.361895403987816,73.61888857043897
epigenomics_8826_fast2bfq_206,41.67714323264937,73.09128612913776
epigenomics_8826_fast2bfq_207,53.95448533135317,75.36916678573142
epigenomics_8826_fast2bfq_208,44.43151572987062,96.02608250086121
epigenomics_8826_fast2bfq_209,40.21593065498051,83.29583264660155
epigenomics_8826_fast2bfq_210,53.26012448682197,89.06862431428635
epigenomics_8826_fast2bfq_211,41.407111362970284,83.41564854847589
epigenomics_8826_fast2bfq_212,33.82566219799244,86.54154796308184
epigenomics_8826_fast2bfq_213,38.03970397113242,85.60628884864606
epigenomics_8826_fast2bfq_214,51.53947074020483,92.54572788025634
epigenomics_8826_fast2bfq_215,47.46583410019703,89.28521861053704
epigenomics_8826_fast2bfq_216,45.21461304518322,81.0293721541406
epigenomics_8826_fast2bfq_217,46.612407810989666,83.05145182008931
epigenomics_8826_fast2bfq_218,41.105685152774114,85.7153602849025
epigenomics_8826_fast2bfq_219,46.72220859400399,80.07386133024038
epigenomics_8826_fast2bfq_220,41.73603489721011,76.01904822034435
epigenomics_8826_fast2bfq_221,40.332200142885945,72.18791808672282
epigenomics_8826_fast2bfq_222,49.589224252824096,86.24235638162384
epigenomics_8826_fast2bfq_223,50.14998582826068,74.4308185446479
epigenomics_8826_fast2bfq_224,56.39900690174745,79.13038637906925
epigenomics_8826_fast2bfq_225,57.18104518801009,70.73376733903508
epigenomics_8826_fast2bfq_226,39.508812435934736,80.69199964666235
epigenomics_8826_fast2bfq_227,43.16451016495937,82.6827627803375
epigenomics_8826_fast2bfq_228,42.30867500961418,73.21862218049007
epigenomics_8826_fast2bfq_229,46.56915106347622,81.73809815114254
epigenomics_8826_fast2bfq_230,42.51729576903113,85.91349296538019
epigenomics_8826_fast2bfq_231,38.80384137606982,76.23698050924048
epigenomics_8826_fast2bfq_232,51.804498039126315,87.44957663531812
epigenomics_8826_fast2bfq_233,50.902840399012874,79.69833413421121
epigenomics_8826_fast2bfq_234,58.431922257866546,73.73640476501657
epigenomics_8826_fast2bfq_235,50.95561498322155,79.87471806283065
epigenomics_8826_fast2bfq_236,47.05637552876145,79.02003676934778
epigenomics_8826_fast2bfq_237,52.27799973810584,81.94974522686515
epigenomics_8826_fast2bfq_238,41.70919018834514,65.23572781751423
epigenomics_8826_fast2bfq_239,51.83689363883964,73.73911465831424
epigenomics_8826_fast2bfq_240,51.98621393125043,84.89483102685585
epigenomics_8826_fast2bfq_241,52.67116880713293,80.70261964947228
epigenomics_8826_fast2bfq_242,50.08398691366108,90.19883048411313
epigenomics_8826_fast2bfq_243,43.15778914871137,83.43069181105518
epigenomics_8826_fast2bfq_244,29.691001844781567,87.8127119589622
epigenomics_8826_fast2bfq_245,33.32814340906963,80.01940186064772
epigenomics_8826_fast2bfq_246,51.70455603753659,75.96934554806188
epigenomics_8826_fast2bfq_247,43.35899810829691,69.2225248799373
epigenomics_8826_fast2bfq_248,42.62943848129556,79.96853445417325
epigenomics_8826_fast2bfq_249,45.984799079938824,82.08211885686939
epigenomics_8826_fast2bfq_250,31.634924946941354,81.25977160646258
epigenomics_8826_fast2bfq_251,48.432389132483266,66.0255308094593
epigenomics_8826_fast2bfq_252,50.38066839758268,70.04052348905267
epigenomics_8826_fast2bfq_253,65.80117317918115,80.88505536081045
epigenomics_8826_fast2bfq_254,44.91225359195006,80.0541692683493
epigenomics_8826_fast2bfq_255,48.677341358369375,79.28088764881737
epigenomics_8826_fast2bfq_256,41.68310675373778,79.81961804498033
epigenomics_8826_fast2bfq_257,47.302471738111,70.41864286269066
epigenomics_8826_fast2bfq_258,38.246848704950295,69.02930142843408
epigenomics_8826_fast2bfq_259,59.68482034494753,82.5320044782098
epigenomics_8826_fast2bfq_260,56.41309648554327,69.31102421566209
epigenomics_8826_fast2bfq_261,38.03081199306787,79.0852642824059
epigenomics_8826_fast2bfq_262,40.84887335143299,81.59261054081374
epigenomics_8826_fast2bfq_263,38.65583144965616,81.29516445904461
epigenomics_8826_fast2bfq_264,43.04849011515307,79.92998981932516
epigenomics_8826_fast2bfq_265,37.91342344811115,78.94635961799847
epigenomics_8826_fast2bfq_266,51.46874594943747,77.46106066631799
epigenomics_8826_fast2bfq_267,46.92378924759658,73.29004333698155
epigenomics_8826_fast2bfq_268,43.88955721574506,71.9643153497639
epigenomics_8826_fast2bfq_269,42.56704796273645,82.5289720290056
epigenomics_8826_fast2bfq_270,38.98373003326478,83.23495501874754
epigenomics_8826_fast2bfq_271,46.347693597400074,69.45572650254391
epigenomics_8826_fast2bfq_272,47.53243903775932,78.50222605933132
epigenomics_8826_fast2bfq_273,41.71484243108713,76.68962097886623
epigenomics_8826_fast2bfq_274,52.520706933889294,86.0896063739141
epigenomics_8826_fast2bfq_275,33.46652156322375,71.94845850387703
epigenomics_8826_fast2bfq_276,44.38278939082716,55.06445372561784
epigenomics_8826_fast2bfq_277,41.29440354884412,87.95123566983075
epigenomics_8826_fast2bfq_278,41.63484143112546,81.781083359356
epigenomics_8826_fast2bfq_279,32.79191598320193,78.29875268945763
epigenomics_8826_fast2bfq_280,44.11431567364696,85.00631119088655
epigenomics_8826_fast2bfq_281,50.960385657024304,87.09391326690024
epigenomics_8826_fast2bfq_282,47.24740028135642,61.16041894460404
epigenomics_8826_fast2bfq_283,40.011050717189114,80.67495137834477
epigenomics_8826_fast2bfq_284,50.768929246472915,87.22206214630137
epigenomics_8826_fast2bfq_285,53.517625273092726,81.32583302467762
epigenomics_8826_fast2bfq_286,43.377551693460646,84.77231797072048
epigenomics_8826_fast2bfq_287,56.965208277331364,62.28054346209464
epigenomics_8826_fast2bfq_288,43.37130427603576,83.00767534845531
epigenomics_8826_fast2bfq_289,57.830455333836305,67.43915260406723
epigenomics_8826_fast2bfq_290,46.153980803332416,73.34023014803833
epigenomics_8826_fast2bfq_291,45.120986484153136,75.30331871299974
epigenomics_8826_fast2bfq_292,47.232980833616416,73.54516105874816
epigenomics_8826_fast2bfq_293,53.22529104459224,74.00123406072542
epigenomics_8826_fast2bfq_294,50.72796771886971,78.48879722278217
epigenomics_8826_fast2bfq_295,43.40621323773043,75.4588820103686
epigenomics_8826_fast2bfq_296,44.62771105803908,75.7038094952713
epigenomics_8826_fast2bfq_297,38.12358366712725,84.61940259667935
epigenomics_8826_fast2bfq_298,46.39797982913278,80.38270239333258
epigenomics_8826_fast2bfq_299,43.62734846886422,73.63000382464955
epigenomics_8826_fast2bfq_300,43.173370897941865,70.13880971212656
epigenomics_8826_fast2bfq_301,32.848910610680186,88.11728687437846
epigenomics_8826_fast2bfq_302,40.746859986944585,66.24953028511281
epigenomics_8826_fast2bfq_303,40.01336806303601,72.76854157999142
epigenomics_8826_fast2bfq_304,51.9357787608302,87.56951558151786
epigenomics_8826_fast2bfq_305,45.38301132833613,91.91376036950581
epigenomics_8826_fast2bfq_306,50.140173319811424,90.04240721405434
epigenomics_8826_fast2bfq_307,48.18548350746852,79.10970694991903
epigenomics_8826_fast2bfq_308,48.25303494164803,79.9016307112639
epigenomics_8826_fast2bfq_309,47.70621904664965,80.02856728199671
epigenomics_8826_fast2bfq_310,56.808675728802655,59.33898265905692
epigenomics_8826_fast2bfq_311,48.08983542186028,80.98646328816733
epigenomics_8826_fast2bfq_312,51.93040280343132,88.60478007652947
epigenomics_8826_fast2bfq_313,51.828530070101664,102.76057117690414
epigenomics_8826_fast2bfq_314,40.742183976187135,82.76599498062704
epigenomics_8826_fast2bfq_315,34.2883866076138,78.73055760844909
epigenomics_8826_fast2bfq_316,44.39430644064888,79.02263802134873
epigenomics_8826_fast2bfq_317,40.48455254565342,71.5293361877843
epigenomics_8826_fast2bfq_318,43.13636489928963,66.74544709914365
epigenomics_8826_fast2bfq_319,44.05162522078429,78.7812426892347
epigenomics_8826_fast2bfq_320,31.976074878799672,78.65627068789648
epigenomics_8826_fast2bfq_321,53.479599897130996,78.05606564495402
epigenomics_8826_fast2bfq_322,48.34521550494826,83.87232716182186
epigenomics_8826_fast2bfq_323,47.28660909085728,72.43909624410216
epigenomics_8826_fast2bfq_324,57.89671048531297,85.40338364114922
epigenomics_8826_fast2bfq_325,43.60093710247429,76.29008913423057
epigenomics_8826_fast2bfq_326,43.013839629800316,85.49426537107003
epigenomics_8826_fast2bfq_327,30.31439594496255,76.87249618959771
epigenomics_8826_fast2bfq_328,37.514969843939966,74.31510905988935
epigenomics_8826_fast2bfq_329,38.69987794084791,85.1001616256991
epigenomics_8826_fast2bfq_330,50.184807108683614,84.96543525476886
epigenomics_8826_fast2bfq_331,51.903417731169334,80.12119849488064
epigenomics_8826_fast2bfq_332,33.26816245159142,85.71062670219985
epigenomics_8826_fast2bfq_333,33.383057682877,84.98462770438323
epigenomics_8826_fast2bfq_334,39.25591672279026,77.89088448848321
epigenomics_8826_fast2bfq_335,43.76223272866199,72.40341265488584
epigenomics_8826_fast2bfq_336,47.998396051786486,91.84933679247233
epigenomics_8826_fast2bfq_337,42.749399710928245,87.64574929857685
epigenomics_8826_fast2bfq_338,58.39160916024747,82.26355288917944
epigenomics_8826_fast2bfq_339,34.860201419971546,74.52031489312768
epigenomics_8826_fast2bfq_340,51.74530783387695,88.82922388227414
epigenomics_8826_fast2bfq_341,45.76215666712835,77.3028464906064
epigenomics_8826_fast2bfq_342,43.90672896260645,78.5180379640953
epigenomics_8826_fast2bfq_343,48.61286316521152,85.60674117973605
epigenomics_8826_fast2bfq_344,38.123032014008615,84.49390157345465
epigenomics_8826_fast2bfq_345,51.97730170785477,74.65865698387093
epigenomics_8826_fast2bfq_346,47.57293017436954,89.07868159276347
epigenomics_8826_fast2bfq_347,47.58343606323463,98.50225328153172
epigenomics_8826_fast2bfq_348,40.63046132597641,74.95254051729445
epigenomics_8826_fast2bfq_349,44.900235676882666,76.05323502264456
epigenomics_8826_fast2bfq_350,51.96216716233974,89.0363037713211
epigenomics_8826_fast2bfq_351,35.35268228899409,79.72030507190964
epigenomics_8826_fast2bfq_352,40.04515988481183,84.22624290664942
epigenomics_8826_fast2bfq_353,46.03734941449557,80.34414117465748
epigenomics_8826_fast2bfq_354,51.91360873953967,83.36496034614859
epigenomics_8826_fast2bfq_355,35.18704592321219,83.32819719746861
epigenomics_8826_fast2bfq_356,55.652538189010315,84.47051064599505
epigenomics_8826_fast2bfq_357,39.1445967392701,67.72098171284412
epigenomics_8826_fast2bfq_358,61.91726790541834,79.586666193717
epigenomics_8826_fast2bfq_359,38.01800850532873,73.1709567148147
epigenomics_8826_fast2bfq_360,48.00981745215979,77.34837523398738
epigenomics_8826_fast2bfq_361,44.87763514252175,84.8734787330012
epigenomics_8826_fast2bfq_362,40.77133002139602,87.13454520819847
epigenomics_8826_fast2bfq_363,45.75099425566058,75.77702216921215
epigenomics_8826_fast2bfq_364,45.37237923177751,86.80760048938365
epigenomics_8826_fast2bfq_365,43.39083632877904,74.67684379572631
epigenomics_8826_fast2bfq_366,49.09557880018291,82.20125650046074
epigenomics_8826_fast2bfq_367,53.2021394908944,76.24436314555788
epigenomics_8826_fast2bfq_368,47.722824035345496,84.55508718077938
epigenomics_8826_fast2bfq_369,41.79528466218628,80.88466831719379
epigenomics_8826_fast2bfq_370,40.93003817666927,81.41941497280972
epigenomics_8826_fast2bfq_371,40.47447296694199,76.83128535758425
epigenomics_8826_fast2bfq_372,56.169158764692035,84.50765829199946
epigenomics_8826_fast2bfq_373,43.723947708370694,77.09765223246367
epigenomics_8826_fast2bfq_374,42.882890775285134,83.75797419286786
epigenomics_8826_fast2bfq_375,35.47405532350973,75.85028448593665
epigenomics_8826_fast2bfq_376,55.07524813550982,88.57633949217822
epigenomics_8826_fast2bfq_377,46.62285991577745,69.80830270111626
epigenomics_8826_fast2bfq_378,42.89336943400003,90.1511141916051
epigenomics_8826_fast2bfq_379,35.168564754513866,80.07364709907988
epigenomics_8826_fast2bfq_380,46.18284027292561,91.99311732088607
epigenomics_8826_fast2bfq_381,54.85011235039959,85.27671211782872
epigenomics_8826_fast2bfq_382,39.521329299705904,77.35438712036407
epigenomics_8826_fast2bfq_383,55.17179399437609,80.39142465479526
epigenomics_8826_fast2bfq_384,58.10803367587363,79.59034207303539
epigenomics_8826_fast2bfq_385,48.98517042872511,75.73289641623685
epigenomics_8826_fast2bfq_386,57.263250408017356,74.66703086185188
epigenomics_8826_fast2bfq_387,43.21211949940106,86.77064098281686
epigenomics_8826_fast2bfq_388,47.64033742813385,77.58678480037848
epigenomics_8826_fast2bfq_389,37.79447115220935,77.3349980898682
epigenomics_8826_fast2bfq_390,49.148949314979575,86.49453747546889
epigenomics_8826_fast2bfq_391,51.53211760141801,87.21400443298279
epigenomics_8826_fast2bfq_392,34.880641313933104,74.7902357487666
epigenomics_8826_fast2bfq_393,50.05323951351606,80.40685923870255
epigenomics_8826_fast2bfq_394,49.33337815000244,81.51661966004966
epigenomics_8826_fast2bfq_395,44.119249026264505,84.54532264753387
epigenomics_8826_fast2bfq_396,43.22421790805232,89.03488816733955
epigenomics_8826_fast2bfq_397,38.928097705945035,76.58137902191683
epigenomics_8826_fast2bfq_398,42.16307283801653,83.37365837377402
epigenomics_8826_fast2bfq_399,49.53873701481885,79.0107899014278
epigenomics_8826_fast2bfq_400,52.45946659120522,82.9934668749183
epigenomics_8826_fast2bfq_401,42.199646263590544,64.15811243062197
epigenomics_8826_fast2bfq_402,48.02004654585373,83.53885946682354
epigenomics_8826_fast2bfq_403,53.96129191444728,66.17190755088865
epigenomics_8826_fast2bfq_404,46.94443782018878,76.30085019306514
epigenomics_8826_fast2bfq_405,48.983978832023205,89.98423283125238
epigenomics_8826_fast2bfq_406,32.7713036584662,82.98094814727988
epigenomics_8826_fast2bfq_407,44.6220991544593,77.75194214883314
epigenomics_8826_fast2bfq_408,52.5925911671796,85.66216221063476
epigenomics_8826_fast2bfq_409,41.71470469865734,85.13594963263208
epigenomics_8826_fast2bfq_410,51.69737891380312,70.81136036244587
epigenomics_8826_fast2bfq_411,48.24835409093796,72.27322997457641
epigenomics_8826_fast2bfq_412,32.03082998378494,73.41832760865852
epigenomics_8826_fast2bfq_413,34.33235726369584,86.03567548885992
epigenomics_8826_fast2bfq_414,44.04953158313162,77.98323469479355
epigenomics_8826_fast2bfq_415,48.69695250391412,83.28549510963121
epigenomics_8826_fast2bfq_416,42.106970550138975,82.80605116203145
epigenomics_8826_fast2bfq_417,37.59457782919877,79.34991429091211
epigenomics_8826_fast2bfq_418,33.650134752035655,83.73170259943629
epigenomics_8826_fast2bfq_419,45.656465089383246,81.46722241174476
epigenomics_8826_fast2bfq_420,50.11934090894793,76.7901612044605
epigenomics_8826_fast2bfq_421,31.188882268516235,68.32389557277305
epigenomics_8826_fast2bfq_422,47.32066151076947,70.61835320204602
epigenomics_8826_fast2bfq_423,54.976420811648076,73.46564100064018
epigenomics_8826_fast2bfq_424,56.890898065098,80.8448698453967
epigenomics_8826_fast2bfq_425,41.593618943270904,88.20800756967546
epigenomics_8826_fast2bfq_426,46.179467823401325,91.16610051190776
epigenomics_8826_fast2bfq_427,43.72989696986311,90.85404768998959
epigenomics_8826_fast2bfq_428,45.13319745638065,84.95539441907358
epigenomics_8826_fast2bfq_429,46.18562686882112,80.73268718599823
epigenomics_8826_fast2bfq_430,43.52157683236933,79.14174242611494
epigenomics_8826_fast2bfq_431,43.12183664062844,57.178097537672976
epigenomics_8826_fast2bfq_432,43.543798320392085,69.32647993590552
epigenomics_8826_fast2bfq_433,34.703316350494475,80.74299846908248
epigenomics_8826_fast2bfq_434,56.464589488081195,81.74383304339965
epigenomics_8826_fast2bfq_435,59.00559016306055,85.70337167105902
epigenomics_8826_fast2bfq_436,49.23905834981469,69.79477431896763
epigenomics_8826_fast2bfq_437,37.88944406806803,83.6023483353821
epigenomics_8826_fast2bfq_438,44.87354680200344,80.70753922897048
epigenomics_8826_fast2bfq_439,47.95605949473659,80.87093085855933
epigenomics_8826_fast2bfq_440,42.24879134058404,70.915028085744
epigenomics_8826_fast2bfq_441,41.03915319420961,83.72777217243893
epigenomics_8826_fast2bfq_442,38.625382161243294,84.39451366816787
epigenomics_8826_fast2bfq_443,51.09393714414115,95.58693198740995
epigenomics_8826_fast2bfq_444,31.456243779818188,79.27591746251908
epigenomics_8826_fast2bfq_445,43.94840186413788,89.73708175650275
epigenomics_8826_fast2bfq_446,38.745439269153756,67.7246216130682
epigenomics_8826_fast2bfq_447,44.56037694427974,86.58623122139885
epigenomics_8826_fast2bfq_448,48.21258913963671,94.75045872067034
epigenomics_8826_fast2bfq_449,35.06780030913513,78.2827861323664
epigenomics_8826_fast2bfq_450,52.53424713420628,85.59762735503679
epigenomics_8826_fast2bfq_451,48.496466806549364,79.42696821138496
epigenomics_8826_fast2bfq_452,44.15330202301519,72.3593536288028
epigenomics_8826_fast2bfq_453,37.82452718794586,83.29909299851843
epigenomics_8826_fast2bfq_454,44.24395784266286,71.73679446965896
epigenomics_8826_fast2bfq_455,29.161117576415048,74.307296211207
epigenomics_8826_fast2bfq_456,47.801788277057526,76.21234967600819
epigenomics_8826_fast2bfq_457,42.203342648290814,74.91500196218996
epigenomics_8826_fast2bfq_458,43.75672105602033,78.32864953816959
epigenomics_8826_fast2bfq_459,51.64641842875756,74.9512683741026
epigenomics_8826_fast2bfq_460,47.116578648924154,78.21118698155279
epigenomics_8826_fast2bfq_461,52.11160637860083,84.57389923933208
epigenomics_8826_fast2bfq_462,60.62815378493566,80.6283563950787
epigenomics_8826_fast2bfq_463,44.981105539406514,92.76805039333928
epigenomics_8826_fast2bfq_464,52.07612343950073,81.82022607949203
epigenomics_8826_fast2bfq_465,51.77876080251489,67.74569167108831
epigenomics_8826_fast2bfq_466,45.117592185061504,89.92322777555583
epigenomics_8826_fast2bfq_467,37.8550040571318,82.459624310333
epigenomics_8826_fast2bfq_468,47.436670289559885,72.75235011738546
epigenomics_8826_fast2bfq_469,48.300772822213574,84.02597314944424
epigenomics_8826_fast2bfq_470,36.57210348070276,85.69817538811206
epigenomics_8826_fast2bfq_471,42.65398273657165,87.75346367096988
epigenomics_8826_fast2bfq_472,49.05181675178902,74.30832502951631
epigenomics_8826_fast2bfq_473,37.71162812454891,78.66081599188611
epigenomics_8826_fast2bfq_474,47.948038022439874,76.87438279840276
epigenomics_8826_fast2bfq_475,42.77903649280242,80.5715227213208
epigenomics_8826_fast2bfq_476,46.719782567531404,73.48797656285059
epigenomics_8826_fast2bfq_477,40.25503860129032,86.25528615711791
epigenomics_8826_fast2bfq_478,46.26499899437012,74.2234836077577
epigenomics_8826_fast2bfq_479,46.02279821681246,79.33491774381626
epigenomics_8826_fast2bfq_480,34.44993364941084,75.75890309188304
epigenomics_8826_fast2bfq_481,45.480068762917796,74.90453726382206
epigenomics_8826_fast2bfq_482,48.06914011106101,89.4057935079281
epigenomics_8826_fast2bfq_483,44.61615052960411,82.26589555177202
epigenomics_8826_fast2bfq_484,43.650005571391205,67.62694326232892
epigenomics_8826_fast2bfq_485,57.98402157298473,90.06060542423015
epigenomics_8826_fast2bfq_486,45.48634660144079,65.06958856630052
epigenomics_8826_fast2bfq_487,37.27166178936137,84.3697586327353
epigenomics_8826_fast2bfq_488,52.9899462766171,75.20883074429993
epigenomics_8826_fast2bfq_489,52.31781736904944,77.95484014184166
epigenomics_8826_fast2bfq_490,47.071775852648024,75.35682492526624
epigenomics_8826_fast2bfq_491,40.94759504653626,80.73917470975898
epigenomics_8826_fast2bfq_492,44.46014051584542,81.54459665465566
epigenomics_8826_fast2bfq_493,43.17163159162623,76.11680958658233
epigenomics_8826_fast2bfq_494,55.538507226105004,85.56348193567322
epigenomics_8826_fast2bfq_495,40.20221391105026,85.75975553672676
epigenomics_8826_fast2bfq_496,51.640863735719925,84.49115608164222
epigenomics_8826_fast2bfq_497,55.39163659418118,78.59661754308421
epigenomics_8826_fast2bfq_498,38.04518635090177,84.95294715612594
epigenomics_8826_fast2bfq_499,49.85713990033668,66.19794399302853
epigenomics_8826_map_0,9999.500278020856,197.55668706763322
epigenomics_8826_map_1,9939.241031622969,181.9487215316149
epigenomics_8826_map_2,10930.342494434693,181.7169935835234
epigenomics_8826_map_3,9801.119742365248,180.42665882060248
epigenomics_8826_map_4,10433.798005000102,184.28230583561162
epigenomics_8826_map_5,9775.97257274932,179.59752617322053
epigenomics_8826_map_6,10072.423957294923,186.23797559573464
epigenomics_8826_map_7,10030.181246928178,184.40945439164437
epigenomics_8826_map_8,9834.420595586373,186.3468818107159
epigenomics_8826_map_9,10821.395065964078,183.3350723744987
epigenomics_8826_map_10,10102.485808367814,179.8882163756969
epigenomics_8826_map_11,9867.609490210734,181.95973935250004
epigenomics_8826_map_12,10683.993169620704,179.61050105091945
epigenomics_8826_map_13,9787.800612914474,185.23947963618699
epigenomics_8826_map_14,9381.336656245423,180.547464510203
epigenomics_8826_map_15,10187.707776600233,182.0502409860198
epigenomics_8826_map_16,10788.06306336624,185.6036058495472
epigenomics_8826_map_17,10404.764429176554,189.16896925529795
epigenomics_8826_map_18,9145.395660284448,180.81137747445794
epigenomics_8826_map_19,9334.104596608722,183.58005587868396
epigenomics_8826_map_20,9484.919215965818,181.90783650119982
epigenomics_8826_map_21,10461.200501686913,190.84710302605848
epigenomics_8826_map_22,9416.478013150874,193.20322730610337
epigenomics_8826_map_23,11279.14081635005,177.49432819898104
epigenomics_8826_map_24,9876.334425295772,187.10773529583687
epigenomics_8826_map_25,10246.955121903637,181.02910580222238
epigenomics_8826_map_26,10524.81400591386,182.43188279296646
epigenomics_8826_map_27,10555.397769210249,186.01716883763174
epigenomics_8826_map_28,9681.069926775568,187.3640688196729
epigenomics_8826_map_29,10017.163076227303,190.09904944662856
epigenomics_8826_map_30,10546.18425398865,186.98555814343663
epigenomics_8826_map_31,10947.025434760386,196.80939317907732
epigenomics_8826_map_32,9784.345963080916,183.83541167663503
epigenomics_8826_map_33,10507.748256119201,178.39880866526843
epigenomics_8826_map_34,10030.778712031333,187.29822160605923
epigenomics_8826_map_35,9192.44045094817,192.74423305646783
epigenomics_8826_map_36,9750.644302895545,177.3444931951433
epigenomics_8826_map_37,10276.962518123546,185.08480188978604
epigenomics_8826_map_38,10114.714925294518,189.89310388924468
epigenomics_8826_map_39,10112.76800476327,193.0019777313541
epigenomics_8826_map_40,10146.233928384223,181.28474084254955
epigenomics_8826_map_41,9983.001651176537,190.89714929667176
epigenomics_8826_map_42,10447.175721468395,176.42993681045326
epigenomics_8826_map_43,9691.817677216746,191.52909568595283
epigenomics_8826_map_44,10272.41869559602,192.14155696042798
epigenomics_8826_map_45,10564.126829313249,176.29259994942598
epigenomics_8826_map_46,9677.594089249193,180.20821534163946
epigenomics_8826_map_47,9834.701394310834,184.18597671395452
epigenomics_8826_map_48,10817.468410277088,183.73138309504046
epigenomics_8826_map_49,9604.834660826822,180.6241344082363
epigenomics_8826_map_50,8944.235853320817,184.09709317459416
epigenomics_8826_map_51,10188.210774531392,175.77393775090846
epigenomics_8826_map_52,10829.258261370138,181.69881437547545
epigenomics_8826_map_53,10022.679382003782,185.40493299946914
epigenomics_8826_map_54,9639.079744445848,183.8297582499113
epigenomics_8826_map_55,9582.175430261972,181.65984436215027
epigenomics_8826_map_56,10006.54930675532,189.59499921308213
epigenomics_8826_map_57,10008.11847452205,191.09249755950367
epigenomics_8826_map_58,9822.444373228222,183.07487348393695
epigenomics_8826_map_59,9907.584591107352,185.2097696329511
epigenomics_8826_map_60,10225.130472465013,184.4328069990579
epigenomics_8826_map_61,9508.34495824222,186.1696218297928
epigenomics_8826_map_62,10060.497866327389,186.12069882769586
epigenomics_8826_map_63,10514.764190414116,181.49909081937827
epigenomics_8826_map_64,10337.57264983465,182.65397914710633
epigenomics_8826_map_65,9870.977393010658,180.82216106667423
epigenomics_8826_map_66,9591.471040564446,186.07477887091636
epigenomics_8826_map_67,8891.12084859798,188.17418599441797
epigenomics_8826_map_68,10508.749250160494,187.50067301613583
epigenomics_8826_map_69,9881.80841780717,180.9204634273196
epigenomics_8826_map_70,9847.76566394661,188.82264233841303
epigenomics_8826_map_71,9586.008242980832,187.4280907279057
epigenomics_8826_map_72,9824.434064722825,178.6571197232113
epigenomics_8826_map_73,10229.07745714398,180.6300230715473
epigenomics_8826_map_74,9227.596972122328,187.391106974437
epigenomics_8826_map_75,9113.922190185665,191.3440309971799
epigenomics_8826_map_76,10613.088845072532,185.95504056237024
epigenomics_8826_map_77,9392.947806870225,180.4019719817704
epigenomics_8826_map_78,9925.3480814344,183.28101973745407
epigenomics_8826_map_79,9831.87317966551,186.9668238387719
epigenomics_8826_map_80,9552.450023602145,185.946976752355
epigenomics_8826_map_81,10364.770541674157,186.85527416161617
epigenomics_8826_map_82,10254.4892089994,184.47336482905104
epigenomics_8826_map_83,9753.254206970974,189.9377525651557
epigenomics_8826_map_84,10460.841261041072,178.82205546715585
epigenomics_8826_map_85,9542.516813099513,181.12342420563496
epigenomics_8826_map_86,9397.728804885233,185.94843857196227
epigenomics_8826_map_87,9501.405066628,176.07335125531995
epigenomics_8826_map_88,10202.798340425763,178.5022285341762
epigenomics_8826_map_89,9854.015136474372,188.70225334075602
epigenomics_8826_map_90,9577.049021065317,191.6604938158219
epigenomics_8826_map_91,10020.959957078589,187.95380045934488
epigenomics_8826_map_92,9944.475086200438,176.10233053970265
epigenomics_8826_map_93,10276.353856118207,186.77237143513497
epigenomics_8826_map_94,9820.849559174576,183.7792313111821
epigenomics_8826_map_95,10455.53520338979,177.580965106523
epigenomics_8826_map_96,10746.571376767524,179.33820187493018
epigenomics_8826_map_97,9904.016404597302,187.64869221511734
epigenomics_8826_map_98,10335.381451088988,185.93854777605281
epigenomics_8826_map_99,10163.460212289683,186.5061434248567
epigenomics_8826_map_100,10407.24353934797,190.81496505164247
epigenomics_8826_map_101,10111.035351598124,186.0718398674962
epigenomics_8826_map_102,10233.655883662226,189.02055990705858
epigenomics_8826_map_103,10639.578380874418,186.21916407615885
epigenomics_8826_map_104,9746.280114980906,178.40781494669076
epigenomics_8826_map_105,10005.30176893588,188.51265578965294
epigenomics_8826_map_106,10028.739490595015,179.6307390430387
epigenomics_8826_map_107,10732.964528274979,184.93461763007517
epigenomics_8826_map_108,9779.471257553369,188.75506245183178
epigenomics_8826_map_109,10510.17556633426,195.35146639762286
epigenomics_8826_map_110,9437.682965444676,183.60666566244015
epigenomics_8826_map_111,10499.143223240972,184.84384035531315
epigenomics_8826_map_112,10043.009404747496,194.13401964929056
epigenomics_8826_map_113,9772.133105679903,177.9118132717613
epigenomics_8826_map_114,9767.75760236,191.75518910354774
epigenomics_8826_map_115,9868.608460423075,178.2468294710036
epigenomics_8826_map_116,10585.096167649986,182.293614657573
epigenomics_8826_map_117,10978.56972342132,191.20967122143588
epigenomics_8826_map_118,10230.312665235651,177.89761104592725
epigenomics_8826_map_119,9840.669026794232,177.11534741010945
epigenomics_8826_map_120,9917.00461901133,186.7142596955526
epigenomics_8826_map_121,9591.945784163552,177.88612806376062
epigenomics_8826_map_122,10220.300493117653,180.61168629092296
epigenomics_8826_map_123,8869.143415973327,189.53471859837484
epigenomics_8826_map_124,10529.414768259285,192.01044449450276
epigenomics_8826_map_125,10019.663765225556,184.33909886145472
epigenomics_8826_map_126,9797.204867105303,180.0394524774826
epigenomics_8826_map_127,10172.339807058612,180.58566944865458
epigenomics_8826_map_128,10606.75881295355,190.42849135292306
epigenomics_8826_map_129,10170.427338680076,183.24012813847446
epigenomics_8826_map_130,9598.421338558963,184.66557988731452
epigenomics_8826_map_131,9557.871318024743,183.13007580318683
epigenomics_8826_map_132,10469.77736808605,182.7768699725138
epigenomics_8826_map_133,10335.681554338946,184.79163246808335
epigenomics_8826_map_134,10085.599916046067,191.14688176390555
epigenomics_8826_map_135,10470.171374467056,181.3653533500152
epigenomics_8826_map_136,9024.81634198452,175.5173049374921
epigenomics_8826_map_137,9284.26393349241,187.05785353132447
epigenomics_8826_map_138,10343.604393404374,189.71725663587307
epigenomics_8826_map_139,9724.489893055113,183.28315633983232
epigenomics_8826_map_140,10139.752962268254,183.94296605462705
epigenomics_8826_map_141,9969.734730487577,183.9604182044894
epigenomics_8826_map_142,10104.283475173988,178.74244523092818
epigenomics_8826_map_143,10563.45249000715,190.2472686126623
epigenomics_8826_map_144,9271.921697585696,182.67647736846365
epigenomics_8826_map_145,9452.76800897011,187.05351229801562
epigenomics_8826_map_146,9644.594598735413,185.1767479213813
epigenomics_8826_map_147,9279.489642053222,191.25478601469936
epigenomics_8826_map_148,10311.835586442692,179.61608138871958
epigenomics_8826_map_149,9361.609025233518,184.47678811017843
epigenomics_8826_map_150,9916.71374450503,191.207717949198
epigenomics_8826_map_151,10234.56516853685,177.2161834667045
epigenomics_8826_map_152,10335.930524130312,185.52962705193093
epigenomics_8826_map_153,10338.847349869036,188.37888959332082
epigenomics_8826_map_154,9557.015619525184,182.31019174243184
epigenomics_8826_map_155,9742.720453030224,186.22845110472173
epigenomics_8826_map_156,10807.89990841954,179.2534988018931
epigenomics_8826_map_157,9922.406348480354,178.67864671480916
epigenomics_8826_map_158,10590.977144609826,195.8492964366098
epigenomics_8826_map_159,9950.590277107167,183.2572495641872
epigenomics_8826_map_160,10376.676695997794,185.49505735545875
epigenomics_8826_map_161,9803.417001947508,183.07418533408762
epigenomics_8826_map_162,9792.124606515099,179.33658933946327
epigenomics_8826_map_163,10951.563596403656,186.61108546712558
epigenomics_8826_map_164,10542.62649929249,183.05852875489623
epigenomics_8826_map_165,10753.851436051333,180.15544647707287
epigenomics_8826_map_166,9133.546759521943,190.9039716719091
epigenomics_8826_map_167,10218.158100840754,180.8793527172881
epigenomics_8826_map_168,10521.823147488829,187.56927260789578
epigenomics_8826_map_169,10050.24355007898,186.51080136934146
epigenomics_8826_map_170,10213.499567032923,186.0334030919003
epigenomics_8826_map_171,10209.09811982563,179.676541246192
epigenomics_8826_map_172,9572.229731752952,190.6746310906094
epigenomics_8826_map_173,10848.6198678924,174.47751768606815
epigenomics_8826_map_174,9237.27190581489,186.03367101211524
epigenomics_8826_map_175,9700.618538288903,183.44683569396773
epigenomics_8826_map_176,9823.518505935403,180.97991560183402
epigenomics_8826_map_177,10084.48844380852,189.07154967922455
epigenomics_8826_map_178,9922.747865259113,192.28374789908636
epigenomics_8826_map_179,10099.633160945112,180.14978630573992
epigenomics_8826_map_180,9917.016661521024,188.23309245161067
epigenomics_8826_map_181,9477.928121278877,186.71897113121227
epigenomics_8826_map_182,9754.687460905114,187.32464827614484
epigenomics_8826_map_183,10511.310660953734,183.2807053282607
epigenomics_8826_map_184,10155.326724633813,187.43231728824892
epigenomics_8826_map_185,10126.899658366765,185.5563920301765
epigenomics_8826_map_186,10300.074084019436,175.87068469109278
epigenomics_8826_map_187,9600.64449425355,178.3547728094611
epigenomics_8826_map_188,9725.43999642468,185.5384969679621
epigenomics_8826_map_189,9885.532648125369,174.26845311004678
epigenomics_8826_map_190,10262.083122919901,188.53467550897992
epigenomics_8826_map_191,9301.017721633762,178.90551088370117
epigenomics_8826_map_192,10872.187665292362,182.65335519328252
epigenomics_8826_map_193,10375.668902810952,181.97596043345425
epigenomics_8826_map_194,9990.544912475272,191.974614708029
epigenomics_8826_map_195,9693.640366728514,183.09077029387456
epigenomics_8826_map_196,10058.772361626228,182.57692123300552
epigenomics_8826_map_197,9982.308200520549,191.3101543931043
epigenomics_8826_map_198,9980.747100417908,186.54340629833388
epigenomics_8826_map_199,10406.363676465939,184.14104789822207
epigenomics_8826_map_200,9624.633743022076,187.63447525479182
epigenomics_8826_map_201,10239.8931970179,185.87565598921907
epigenomics_8826_map_202,9962.56186068031,183.81360494656573
epigenomics_8826_map_203,10019.077345211646,180.17422520871696
epigenomics_8826_map_204,9865.939711009203,193.3726755564364
epigenomics_8826_map_205,9909.746883460091,182.6475952536497
epigenomics_8826_map_206,10247.990542783798,183.69257881053574
epigenomics_8826_map_207,10871.808795453,183.99879747183934
epigenomics_8826_map_208,10266.889569646328,188.94813270025566
epigenomics_8826_map_209,10321.014631122114,173.39549436174158
epigenomics_8826_map_210,9693.736079272272,183.13646265719723
epigenomics_8826_map_211,9763.194836615912,183.2806562603709
epigenomics_8826_map_212,9757.448033637618,181.85718113568097
epigenomics_8826_map_213,10410.769780790957,187.30328852123353
epigenomics_8826_map_214,9817.232049143753,188.59214675667678
epigenomics_8826_map_215,9469.347923651907,192.15527370937141
epigenomics_8826_map_216,9884.423495399105,187.31065294970355
epigenomics_8826_map_217,9898.618749408328,188.5924885978943
epigenomics_8826_map_218,10421.216873507386,179.78911755412088
epigenomics_8826_map_219,9826.85848204092,185.99072426686197
epigenomics_8826_map_220,10135.287534293353,192.0197764809093
epigenomics_8826_map_221,10690.867952156403,186.54707192577314
epigenomics_8826_map_222,10488.264864818648,181.00739786269355
epigenomics_8826_map_223,9739.267597872711,185.56829282276755
epigenomics_8826_map_224,10341.037963226121,187.78284288580483
epigenomics_8826_map_225,9429.504373310481,186.51049152918517
epigenomics_8826_map_226,10167.81068218016,179.02403612616527
epigenomics_8826_map_227,11181.938930700373,177.77114514532283
epigenomics_8826_map_228,10014.724959868985,185.98802181093947
epigenomics_8826_map_229,9122.282275969837,186.526008344201
epigenomics_8826_map_230,9851.289777777598,179.14944839894343
epigenomics_8826_map_231,10963.097310149007,192.72437065933406
epigenomics_8826_map_232,9388.36484693371,192.4275388292863
epigenomics_8826_map_233,10137.466669101948,178.76335768612637
epigenomics_8826_map_234,10394.474416128507,193.14371683035446
epigenomics_8826_map_235,9885.36203685637,183.28464682540525
epigenomics_8826_map_236,10096.203130476337,180.7504225975106
epigenomics_8826_map_237,9113.949946084173,186.6245227238565
epigenomics_8826_map_238,11119.693693603505,179.18797648698697
epigenomics_8826_map_239,9022.264422400938,181.87435611500513
epigenomics_8826_map_240,10132.360298630303,177.08666047741292
epigenomics_8826_map_241,10368.280775782145,189.9989501599491
epigenomics_8826_map_242,10146.335284032166,192.39623653502704
epigenomics_8826_map_243,10385.59563618229,179.92988538269884
epigenomics_8826_map_244,9843.414398100265,179.7317110177062
epigenomics_8826_map_245,10419.69402086876,174.86564233305998
epigenomics_8826_map_246,10227.913864701582,187.64793142006533
epigenomics_8826_map_247,9971.569959414719,171.99519493621713
epigenomics_8826_map_248,10661.679032580598,183.00809153258925
epigenomics_8826_map_249,10215.847623659334,189.08162026981464
epigenomics_8826_map_250,10013.105637423245,177.20783506170775
epigenomics_8826_map_251,10726.941876170069,190.17453167463057
epigenomics_8826_map_252,8566.530219559972,188.8412570960087
epigenomics_8826_map_253,10330.158319763832,180.57157969704275
epigenomics_8826_map_254,10211.291017306905,186.66311754750362
epigenomics_8826_map_255,9529.609781278543,188.01983740054007
epigenomics_8826_map_256,10222.472788736794,183.02954992655975
epigenomics_8826_map_257,10336.989947705184,179.6143909765937
epigenomics_8826_map_258,9833.981034311013,180.28787280854723
epigenomics_8826_map_259,10323.75048933494,187.25685502902567
epigenomics_8826_map_260,9889.713626542323,176.24812593139924
epigenomics_8826_map_261,10025.97596184719,191.48073795619086
epigenomics_8826_map_262,10589.67378884388,187.14810086848792
epigenomics_8826_map_263,9410.945548935355,187.67306952786168
epigenomics_8826_map_264,10666.601535563696,185.66522593066867
epigenomics_8826_map_265,10048.015607411631,197.51597356607147
epigenomics_8826_map_266,10435.595154862389,176.789166730398
epigenomics_8826_map_267,11165.909178080137,192.32635721095946
epigenomics_8826_map_268,10101.324540330832,188.88650610637626
epigenomics_8826_map_269,9795.261448076239,181.2863694737461
epigenomics_8826_map_270,9237.376085243819,185.3080952921633
epigenomics_8826_map_271,10203.49968728561,186.1732213511081
epigenomics_8826_map_272,10886.176972749858,189.83419027545287
epigenomics_8826_map_273,10105.358594084353,184.38740165583778
epigenomics_8826_map_274,9416.174497518992,190.94752998669188
epigenomics_8826_map_275,9518.907348178642,188.56681625259372
epigenomics_8826_map_276,9407.914166082608,186.10616046504057
epigenomics_8826_map_277,10425.98005015776,187.42068038296298
epigenomics_8826_map_278,9952.589551514153,192.90531563134883
epigenomics_8826_map_279,10414.432448700736,178.83935354401476
epigenomics_8826_map_280,10463.818298117383,184.0402911925396
epigenomics_8826_map_281,9269.144687072105,180.54596726754235
epigenomics_8826_map_282,10056.372286189186,184.0813064309927
epigenomics_8826_map_283,10037.457187194457,175.05966638027
epigenomics_8826_map_284,10588.100570114944,184.88351808814267
epigenomics_8826_map_285,10181.86846416235,182.53161728013478
epigenomics_8826_map_286,10216.223542341639,185.75241690183415
epigenomics_8826_map_287,9566.017261789044,181.96320620387473
epigenomics_8826_map_288,9613.778686517251,186.54338793177138
epigenomics_8826_map_289,9197.628005870383,190.4465563107961
epigenomics_8826_map_290,9660.013815704451,190.818028400923
epigenomics_8826_map_291,9963.062272933448,181.17864112256555
epigenomics_8826_map_292,10617.835902645169,190.16447064573612
epigenomics_8826_map_293,9554.713779324626,197.73262030676187
epigenomics_8826_map_294,10200.122432452175,182.01164968620316
epigenomics_8826_map_295,9627.383846630237,181.07547339203015
epigenomics_8826_map_296,10525.166266806886,192.62316848904774
epigenomics_8826_map_297,9038.198857841904,179.9744541472125
epigenomics_8826_map_298,9980.495974683392,183.06787708854333
epigenomics_8826_map_299,10009.067604008964,187.14150997143196
epigenomics_8826_map_300,10357.636006658018,181.99279728809344
epigenomics_8826_map_301,10388.447894121122,186.46242832142138
epigenomics_8826_map_302,10755.658997599496,190.75241629757733
epigenomics_8826_map_303,9648.184653986063,184.7159620195999
epigenomics_8826_map_304,9620.000432599505,191.4336273334812
epigenomics_8826_map_305,9759.409290538095,183.7007174480233
epigenomics_8826_map_306,10376.11675594433,189.7733589648296
epigenomics_8826_map_307,9895.992392896853,187.1931929480852
epigenomics_8826_map_308,10031.530346019708,187.53697744255183
epigenomics_8826_map_309,9847.645945813209,186.21067202848891
epigenomics_8826_map_310,10281.90760378901,185.85235426006986
epigenomics_8826_map_311,10558.415166728995,198.31015089340806
epigenomics_8826_map_312,10068.862434965895,191.4902932686856
epigenomics_8826_map_313,9298.694471991143,178.68037532326224
epigenomics_8826_map_314,10062.824003161559,177.66308967204733
epigenomics_8826_map_315,8975.73650589341,183.65900860931794
epigenomics_8826_map_316,10049.0842321013,184.6912184421241
epigenomics_8826_map_317,9548.948170890339,182.82908549120998
epigenomics_8826_map_318,10357.004101333281,182.86288518254776
epigenomics_8826_map_319,9955.692945367173,187.79903628335754
epigenomics_8826_map_320,10493.27102450825,186.4136862928386
epigenomics_8826_map_321,11332.645184398956,178.20596520559505
epigenomics_8826_map_322,10892.042312429427,176.64542828257362
epigenomics_8826_map_323,9945.70370084084,185.6019860335404
epigenomics_8826_map_324,10052.390130508416,183.35320797231105
epigenomics_8826_map_325,9735.79915322263,186.2377226851426
epigenomics_8826_map_326,10029.858114527011,176.74626538871206
epigenomics_8826_map_327,10055.385304802887,179.44668241235678
epigenomics_8826_map_328,9747.007169529137,183.99305544786554
epigenomics_8826_map_329,10691.760807676701,180.08008067933642
epigenomics_8826_map_330,10298.032726560046,189.2885620566289
epigenomics_8826_map_331,10435.94759460955,187.70050362914824
epigenomics_8826_map_332,9646.54675282388,191.8944614143577
epigenomics_8826_map_333,10008.568457657466,187.59442449466314
epigenomics_8826_map_334,10139.888539892487,189.16717416429628
epigenomics_8826_map_335,10723.671931446714,187.51206573294024
epigenomics_8826_map_336,10497.095606435083,191.11018162573637
epigenomics_8826_map_337,10208.791127875806,185.33482975816432
epigenomics_8826_map_338,10379.376632923357,188.4478850444183
epigenomics_8826_map_339,10143.749525006822,196.44733689452067
epigenomics_8826_map_340,10288.418380553572,182.8758254619484
epigenomics_8826_map_341,9415.310736417467,193.40145778376385
epigenomics_8826_map_342,9641.757484145357,182.3551706091352
epigenomics_8826_map_343,9653.829093908978,181.68931780163584
epigenomics_8826_map_344,10291.260288320665,182.8653896373279
epigenomics_8826_map_345,10401.748181200066,180.13774473076626
epigenomics_8826_map_346,9369.1006806296,190.2280235917904
epigenomics_8826_map_347,10349.681631980304,189.32231386646095
epigenomics_8826_map_348,10444.53110614331,179.28273297311085
epigenomics_8826_map_349,9805.817818381045,189.29933361610966
epigenomics_8826_map_350,10195.783753100764,195.9721399266193
epigenomics_8826_map_351,9602.465562824835,192.51922845427885
epigenomics_8826_map_352,9781.83448286199,188.3616605143654
epigenomics_8826_map_353,9485.269469215435,184.30717764041478
epigenomics_8826_map_354,10460.55194620009,184.5528327935357
epigenomics_8826_map_355,8872.512784177126,196.52682100276562
epigenomics_8826_map_356,10397.993213188753,184.23069158449732
epigenomics_8826_map_357,10046.043224876335,182.5494669136552
epigenomics_8826_map_358,9748.47444746172,180.53416087864335
epigenomics_8826_map_359,8775.541116168448,180.04827330594713
epigenomics_8826_map_360,9663.66214584891,192.31377966498366
epigenomics_8826_map_361,9307.657884746153,180.34550178064063
epigenomics_8826_map_362,9715.072087063436,187.65450099875437
epigenomics_8826_map_363,10193.07934868413,184.80327464900276
epigenomics_8826_map_364,9829.302147825658,182.79866927214906
epigenomics_8826_map_365,9773.06925344897,184.71948125439286
epigenomics_8826_map_366,9993.36691154997,180.10134385334862
epigenomics_8826_map_367,9797.351542809713,189.30902093289836
epigenomics_8826_map_368,10591.857514685013,181.8396468640351
epigenomics_8826_map_369,10877.608235781368,178.55938221408707
epigenomics_8826_map_370,10054.970231935527,189.345150682902
epigenomics_8826_map_371,10021.821857484218,179.82503675710333
epigenomics_8826_map_372,9991.822737393397,183.4843285871999
epigenomics_8826_map_373,10228.355103236372,185.83105259362912
epigenomics_8826_map_374,9538.443903501704,185.69739948724185
epigenomics_8826_map_375,10568.219607151896,183.27243581362012
epigenomics_8826_map_376,9673.5277482178,178.13301885053218
epigenomics_8826_map_377,10047.811926005686,189.1633103103015
epigenomics_8826_map_378,10021.414221528474,186.54488745984202
epigenomics_8826_map_379,10905.158458117798,182.44187296935323
epigenomics_8826_map_380,9726.652774102547,181.9064994124414
epigenomics_8826_map_381,10378.412999258197,182.4883225110733
epigenomics_8826_map_382,10065.35690291146,189.74006412422523
epigenomics_8826_map_383,9067.265016569043,188.92933202535866
epigenomics_8826_map_384,9996.575482691782,189.88223966909246
epigenomics_8826_map_385,9882.041340819698,185.92965747050238
epigenomics_8826_map_386,9488.768374595784,185.33381559248699
epigenomics_8826_map_387,9835.196134746326,184.90386446709175
epigenomics_8826_map_388,9702.7143114643,184.97697824841345
epigenomics_8826_map_389,10495.086311305318,183.35469511800665
epigenomics_8826_map_390,10619.16838126717,184.62416728655987
epigenomics_8826_map_391,10514.477489767214,182.36738535900597
epigenomics_8826_map_392,9801.321852400428,170.9479067114023
epigenomics_8826_map_393,10192.281671381561,185.9563887164936
epigenomics_8826_map_394,10251.632223156921,182.07771553897902
epigenomics_8826_map_395,9491.047770293033,187.14745922264015
epigenomics_8826_map_396,10303.453099955033,183.94969328016765
epigenomics_8826_map_397,10833.962201482123,190.58301961729052
epigenomics_8826_map_398,9474.071751223539,195.11269646941565
epigenomics_8826_map_399,9148.529898013046,179.43189015161997
epigenomics_8826_map_400,10563.852924710613,191.06834117771044
epigenomics_8826_map_401,10228.145242072304,185.41149208355282
epigenomics_8826_map_402,11060.937277297544,181.1380758959181
epigenomics_8826_map_403,10627.9234390672,187.56575017660055
epigenomics_8826_map_404,9581.688351259325,177.0503371844152
epigenomics_8826_map_405,10740.343402041693,183.53676311581725
epigenomics_8826_map_406,9448.55748986457,184.3946762306297
epigenomics_8826_map_407,9865.11306975398,192.56631842657453
epigenomics_8826_map_408,9996.915170655771,191.64221783233867
epigenomics_8826_map_409,9208.904579139307,190.27880635008458
epigenomics_8826_map_410,10596.858090517695,186.25482172192577
epigenomics_8826_map_411,10583.601940532903,189.80094623834057
epigenomics_8826_map_412,9633.19419550296,190.36239047975155
epigenomics_8826_map_413,10518.659531248966,180.92122049626124
epigenomics_8826_map_414,9474.782365484965,184.60252991041995
epigenomics_8826_map_415,10394.049656027955,190.9297306077375
epigenomics_8826_map_416,9840.64426496865,184.55478563468128
epigenomics_8826_map_417,10189.246609786593,192.88380714696552
epigenomics_8826_map_418,9843.408404790112,183.7716491198425
epigenomics_8826_map_419,9365.47447746255,185.86981152180888
epigenomics_8826_map_420,9230.979586810201,188.5307969734031
epigenomics_8826_map_421,9896.939544988407,186.05732327651427
epigenomics_8826_map_422,9435.141067176071,186.40969079011472
epigenomics_8826_map_423,9070.25629681487,185.37562782095046
epigenomics_8826_map_424,9627.981994169291,181.17347050531134
epigenomics_8826_map_425,10500.352901854214,186.71943727495278
epigenomics_8826_map_426,11247.70484299494,190.83893523653163
epigenomics_8826_map_427,9779.278338784688,182.67037988021565
epigenomics_8826_map_428,10029.955507540195,179.7696509185934
epigenomics_8826_map_429,9899.070481765415,172.92283523328894
epigenomics_8826_map_430,9870.36955443812,180.29802533793622
epigenomics_8826_map_431,10469.638772683507,182.82450278126998
epigenomics_8826_map_432,10415.508369795056,183.99576925104816
epigenomics_8826_map_433,10625.901569975415,181.80499527668567
epigenomics_8826_map_434,8847.25713932838,181.8436439363927
epigenomics_8826_map_435,9722.79913026742,190.77571161076298
epigenomics_8826_map_436,9712.448587533416,179.42282631631312
epigenomics_8826_map_437,10542.041958227457,186.29227654262797
epigenomics_8826_map_438,9343.913684403891,176.9603538384968
epigenomics_8826_map_439,10303.21108167302,179.45410585748584
epigenomics_8826_map_440,10043.489414866146,183.5839530499248
epigenomics_8826_map_441,9852.214618547087,185.7715576901883
epigenomics_8826_map_442,9697.460898713502,180.15081779911725
epigenomics_8826_map_443,9783.331731886157,186.51980128340543
epigenomics_8826_map_444,9137.369515341594,179.834542239118
epigenomics_8826_map_445,9955.765488691415,179.01368515530677
epigenomics_8826_map_446,9947.888763055425,177.35634672868414
epigenomics_8826_map_447,10084.729584401195,188.65886013125123
epigenomics_8826_map_448,9963.485492528662,184.96597137065186
epigenomics_8826_map_449,9201.248061014245,185.28936164114742
epigenomics_8826_map_450,9711.933684183268,180.23951590414987
epigenomics_8826_map_451,9886.665379272992,188.29483499060606
epigenomics_8826_map_452,9515.297343154583,186.23421831089163
epigenomics_8826_map_453,9801.464221472563,193.2935140444617
epigenomics_8826_map_454,9850.341051071739,185.06192315919262
epigenomics_8826_map_455,9707.28833337851,186.6172080104091
epigenomics_8826_map_456,9455.230906369214,186.7401236219555
epigenomics_8826_map_457,9893.047721703042,190.5833414112833
epigenomics_8826_map_458,9938.444302334681,178.4890002635157
epigenomics_8826_map_459,9655.079766451032,179.82052153514454
epigenomics_8826_map_460,9678.941416417267,186.07490358259062
epigenomics_8826_map_461,10454.290289973407,191.16293276003438
epigenomics_8826_map_462,10901.179631311537,193.5729021739807
epigenomics_8826_map_463,10679.044779143773,193.12738055369311
epigenomics_8826_map_464,10669.06697428647,179.88847568012176
epigenomics_8826_map_465,10126.290756980463,190.07384188286187
epigenomics_8826_map_466,10975.498901870584,194.34628422278678
epigenomics_8826_map_467,9631.325040448808,195.64305403671412
epigenomics_8826_map_468,9606.283762869,189.2844587015182
epigenomics_8826_map_469,10005.133765378789,191.22965651994048
epigenomics_8826_map_470,9871.570844551516,191.53311957751438
epigenomics_8826_map_471,10881.933395890512,185.59685013711126
epigenomics_8826_map_472,9883.758802860772,183.4128792985442
epigenomics_8826_map_473,10076.30759361175,188.55480472049152
epigenomics_8826_map_474,9990.742063534719,179.137715324131
epigenomics_8826_map_475,9641.991419491209,178.29224103004623
epigenomics_8826_map_476,9904.390886048639,186.50551021732207
epigenomics_8826_map_477,10109.743813158188,188.7760068280942
epigenomics_8826_map_478,9412.183839311825,190.89132109426532
epigenomics_8826_map_479,9634.457855098732,183.28803042618608
epigenomics_8826_map_480,9590.75516462617,191.80219982295174
epigenomics_8826_map_481,9870.01162179334,182.8076442745649
epigenomics_8826_map_482,9681.244150378268,181.82999164585485
epigenomics_8826_map_483,9301.406871591955,180.533773266668
epigenomics_8826_map_484,9842.24814186027,184.6495902570231
epigenomics_8826_map_485,10187.34209455655,185.05249722162628
epigenomics_8826_map_486,10443.133088495015,182.5360584966337
epigenomics_8826_map_487,8935.747263392564,175.6929731436461
epigenomics_8826_map_488,9738.504001270485,190.8511126880092
epigenomics_8826_map_489,9994.209870838595,184.68863066124177
epigenomics_8826_map_490,9311.13255009054,180.13984102704646
epigenomics_8826_map_491,9880.665902153132,187.06475239508742
epigenomics_8826_map_492,10156.021604262825,181.0043909946194
epigenomics_8826_map_493,9809.13295955035,190.35903799456776
epigenomics_8826_map_494,10535.906207740176,187.1117401183687
epigenomics_8826_map_495,11058.819976212144,184.2161108305315
epigenomics_8826_map_496,9683.656742928251,182.37467329986384
epigenomics_8826_map_497,9576.75528569741,187.4651339604832
epigenomics_8826_map_498,10208.606153267527,187.30108307203207
epigenomics_8826_map_499,9806.830113679576,177.0623659863041
epigenomics_8826_mapMerge1_0,102.48014027039221,129.9141409507776
epigenomics_8826_mapMerge1_1,196.11015625182188,119.9561037458702
epigenomics_8826_mapMerge2_0,128.7437874585986,129.0193179802895
epigenomics_8826_chr21_0,195.69050561208752,47.916897425768234
epigenomics_8826_pileup_0,207.3701754946279,90.64117540836959
