request,latency,mem
epigenomics_752_entry_0,1.0,1.0
epigenomics_752_fastqSplit_0,46.627850363588664,101.60929262342793
epigenomics_752_fastqSplit_1,60.16271623190911,113.2973098577013
epigenomics_752_filterContams_0,23.07219941008271,67.23773941127902
epigenomics_752_filterContams_1,20.22210772507168,69.11392551346337
epigenomics_752_filterContams_2,20.79623099404261,60.96551736331473
epigenomics_752_filterContams_3,24.209501464831064,77.7103948763714
epigenomics_752_filterContams_4,19.00225039174805,66.8352828086862
epigenomics_752_filterContams_5,21.480539148998933,78.32886225048823
epigenomics_752_filterContams_6,19.077791899047238,62.720031771240926
epigenomics_752_filterContams_7,19.71989569921947,71.41888252151195
epigenomics_752_filterContams_8,20.526062251919534,68.23444853587785
epigenomics_752_filterContams_9,19.216866693434724,72.66886777088983
epigenomics_752_filterContams_10,17.034039999187087,67.54741963360067
epigenomics_752_filterContams_11,16.315445103917117,64.02919383659173
epigenomics_752_filterContams_12,24.178385885397887,74.05768275675884
epigenomics_752_filterContams_13,21.07514259058716,63.173564348932274
epigenomics_752_filterContams_14,22.733478259817808,65.35254547761826
epigenomics_752_filterContams_15,20.471546939585977,70.59171024879738
epigenomics_752_filterContams_16,21.656967398786986,64.7666394139029
epigenomics_752_filterContams_17,19.955567650951544,68.97309171299337
epigenomics_752_filterContams_18,17.938370127652256,58.40466172322123
epigenomics_752_filterContams_19,20.77872422673939,77.86610675851777
epigenomics_752_filterContams_20,20.67340798766046,78.7576742462274
epigenomics_752_filterContams_21,18.985553778425405,63.39135801792909
epigenomics_752_filterContams_22,18.763301451772556,56.637644555048475
epigenomics_752_filterContams_23,23.765541314815902,61.041382469967054
epigenomics_752_filterContams_24,22.339372644139573,58.59402569871757
epigenomics_752_filterContams_25,19.902813341608883,68.10001420976731
epigenomics_752_filterContams_26,21.13402651553683,72.85025814177769
epigenomics_752_filterContams_27,24.10542144006375,56.476694669645404
epigenomics_752_filterContams_28,18.085896183152958,63.39755977727276
epigenomics_752_filterContams_29,18.344578230564245,63.96843496798021
epigenomics_752_filterContams_30,15.455369792190126,68.78824153113919
epigenomics_752_filterContams_31,17.702148753658776,56.42647357896429
epigenomics_752_filterContams_32,16.583713794403963,61.63928278923246
epigenomics_752_filterContams_33,23.577389136323994,75.35252996254367
epigenomics_752_filterContams_34,24.03025881748335,69.09609189618656
epigenomics_752_filterContams_35,19.46840662199876,57.155840814766655
epigenomics_752_filterContams_36,24.970895326067254,68.5150641296635
epigenomics_752_filterContams_37,23.25939698863182,61.05868368511009
epigenomics_752_filterContams_38,21.68448547580138,63.070565631657686
epigenomics_752_filterContams_39,18.32803358845116,60.407721161586096
epigenomics_752_filterContams_40,21.097098695556372,79.1128849535639
epigenomics_752_filterContams_41,23.202416670524563,74.16711541565415
epigenomics_752_filterContams_42,17.995922877873838,60.96511000134486
epigenomics_752_filterContams_43,24.898117789558494,72.52240787336399
epigenomics_752_filterContams_44,19.55687605477174,71.31351754380854
epigenomics_752_filterContams_45,22.671137130093793,60.29457599090481
epigenomics_752_filterContams_46,23.755987128942216,75.02574665476263
epigenomics_752_filterContams_47,12.910082489410923,56.41707169982608
epigenomics_752_filterContams_48,21.85895229488871,71.5693470756056
epigenomics_752_filterContams_49,17.609422317225867,51.80664144372888
epigenomics_752_filterContams_50,22.11997079919722,50.134966260737365
epigenomics_752_filterContams_51,20.007168616382376,57.864214314153635
epigenomics_752_filterContams_52,22.49269256171951,71.18910516468819
epigenomics_752_filterContams_53,18.03449885647199,62.06293010588339
epigenomics_752_filterContams_54,28.00827369985224,56.18393330405281
epigenomics_752_filterContams_55,19.018397741993486,59.401280639459394
epigenomics_752_filterContams_56,19.189601231706476,79.8886573954795
epigenomics_752_filterContams_57,19.4705583259342,75.51338584492626
epigenomics_752_filterContams_58,18.930894782142136,78.90874891010749
epigenomics_752_filterContams_59,21.967807933624414,65.96279704554598
epigenomics_752_filterContams_60,20.04321594757708,70.58965461817449
epigenomics_752_filterContams_61,21.918758291012743,57.620987429804416
epigenomics_752_filterContams_62,17.76433254461285,49.694162424959394
epigenomics_752_filterContams_63,18.09000043936826,63.48130924165779
epigenomics_752_filterContams_64,22.297499227230805,51.360992247255446
epigenomics_752_filterContams_65,27.45847291732031,58.77932121971175
epigenomics_752_filterContams_66,19.962935031412446,62.01902127636835
epigenomics_752_filterContams_67,15.474822095112255,57.45761257542419
epigenomics_752_filterContams_68,16.06138678813231,71.4652167418567
epigenomics_752_filterContams_69,22.42227439462753,60.786241153140125
epigenomics_752_filterContams_70,17.474031425070866,71.19696449959518
epigenomics_752_filterContams_71,18.46233994380825,52.36830941672191
epigenomics_752_filterContams_72,17.27430546014289,76.02034733344459
epigenomics_752_filterContams_73,21.634349818478466,79.65677372687405
epigenomics_752_filterContams_74,19.84886367686054,57.37210570286509
epigenomics_752_filterContams_75,27.687269708709252,58.04530226084941
epigenomics_752_filterContams_76,22.472431887600905,50.83968695300287
epigenomics_752_filterContams_77,15.651544136007846,70.71485815723877
epigenomics_752_filterContams_78,23.64017652636687,74.4275726652478
epigenomics_752_filterContams_79,20.22029514337926,78.04047607351487
epigenomics_752_filterContams_80,16.26618105247574,60.25500814010411
epigenomics_752_filterContams_81,25.354705058614623,58.01592077746102
epigenomics_752_filterContams_82,20.118192907222355,66.20316668273513
epigenomics_752_filterContams_83,13.522105336349664,49.26750290698138
epigenomics_752_filterContams_84,22.503626664771385,73.48460329135426
epigenomics_752_filterContams_85,20.79867894183019,69.96036488162028
epigenomics_752_filterContams_86,21.20999161386724,62.47268074437154
epigenomics_752_filterContams_87,18.26144256337009,55.32941717702032
epigenomics_752_filterContams_88,22.914688916719285,54.7721407547079
epigenomics_752_filterContams_89,21.434817485441858,67.80644910057003
epigenomics_752_filterContams_90,23.937872449850897,66.94703641940426
epigenomics_752_filterContams_91,23.077544513070908,66.02707773061566
epigenomics_752_filterContams_92,14.02546485991314,67.52569766637575
epigenomics_752_filterContams_93,18.913511267274064,65.63841971920664
epigenomics_752_filterContams_94,19.752154102307713,72.11826243623837
epigenomics_752_filterContams_95,24.339757405334613,68.14966504350134
epigenomics_752_filterContams_96,22.607894660642973,56.21290781520374
epigenomics_752_filterContams_97,16.981561262481485,53.872501479811646
epigenomics_752_filterContams_98,18.772272496661927,82.3087525571955
epigenomics_752_filterContams_99,21.876471693668826,52.77614671630504
epigenomics_752_filterContams_100,16.55241840992332,69.11260550221316
epigenomics_752_filterContams_101,18.6303194414352,76.02895921838181
epigenomics_752_filterContams_102,24.857666668618542,66.75562641243816
epigenomics_752_filterContams_103,17.638419104055757,78.9407321892998
epigenomics_752_filterContams_104,19.342168013249186,83.20643670557237
epigenomics_752_filterContams_105,15.6658077535435,71.87257953744648
epigenomics_752_filterContams_106,20.81421635045036,62.04078234697046
epigenomics_752_filterContams_107,17.17406544081447,66.22477752228382
epigenomics_752_filterContams_108,22.202188661052464,53.96960401292943
epigenomics_752_filterContams_109,22.313863608854103,70.33821147788464
epigenomics_752_filterContams_110,18.65505267641166,76.71857257155148
epigenomics_752_filterContams_111,21.435677229725226,52.12385824517207
epigenomics_752_filterContams_112,17.029652310090597,68.47579995094432
epigenomics_752_filterContams_113,21.029873931047263,59.32072006662662
epigenomics_752_filterContams_114,18.822174463010967,77.92820467108824
epigenomics_752_filterContams_115,19.111283257341174,68.93716859011437
epigenomics_752_filterContams_116,23.74257313596461,76.32714773042318
epigenomics_752_filterContams_117,19.626287138490294,51.07477927965113
epigenomics_752_filterContams_118,21.464041501718658,73.10290213194041
epigenomics_752_filterContams_119,19.172360200819007,47.27106405869216
epigenomics_752_filterContams_120,15.65572930939026,68.43498769601091
epigenomics_752_filterContams_121,22.130431867852565,75.34817960163225
epigenomics_752_filterContams_122,21.178418733890414,71.86248643398307
epigenomics_752_filterContams_123,18.97443071512075,63.88433499737795
epigenomics_752_filterContams_124,18.492107493843847,64.12858201377291
epigenomics_752_filterContams_125,19.151448728704377,59.350774848018425
epigenomics_752_filterContams_126,16.893254716288624,73.84851168901932
epigenomics_752_filterContams_127,20.234506876059424,63.30334355111197
epigenomics_752_filterContams_128,21.428835604495344,65.42273391513288
epigenomics_752_filterContams_129,18.523041917334403,64.53886134704493
epigenomics_752_filterContams_130,21.99815860163464,74.34683263149202
epigenomics_752_filterContams_131,18.521639759873676,87.1800835462185
epigenomics_752_filterContams_132,25.27773839400987,68.17318166935962
epigenomics_752_filterContams_133,25.95241695988695,64.72454314587587
epigenomics_752_filterContams_134,16.841433976510384,56.069198563979725
epigenomics_752_filterContams_135,22.293607433390708,62.737552720481304
epigenomics_752_filterContams_136,18.069686648297555,55.873069952624704
epigenomics_752_filterContams_137,23.800097437414735,61.91825365319202
epigenomics_752_filterContams_138,17.804984678549296,74.54445286161521
epigenomics_752_filterContams_139,20.213103504311867,51.089754214388115
epigenomics_752_filterContams_140,20.372467126700577,68.6895693023188
epigenomics_752_filterContams_141,22.14319078675937,52.472781889744994
epigenomics_752_filterContams_142,21.759634692493698,67.84957395892157
epigenomics_752_filterContams_143,11.862086164749817,64.12782906682041
epigenomics_752_filterContams_144,17.757672181556536,79.60162553658135
epigenomics_752_filterContams_145,20.498594848342897,61.59769736257313
epigenomics_752_filterContams_146,14.72612795898797,74.12052543397243
epigenomics_752_filterContams_147,21.003069816928367,64.44778469566569
epigenomics_752_filterContams_148,18.159904013024715,56.05956083600435
epigenomics_752_filterContams_149,20.98756956118875,54.80274290816471
epigenomics_752_filterContams_150,16.51901005447779,78.89647572886263
epigenomics_752_filterContams_151,16.5205485919957,68.30590981399955
epigenomics_752_filterContams_152,15.386953455660047,70.4942156345962
epigenomics_752_filterContams_153,18.761960402522575,66.10955601032558
epigenomics_752_filterContams_154,18.718381974315925,76.3738003155217
epigenomics_752_filterContams_155,17.66833169513378,64.4982376808957
epigenomics_752_filterContams_156,12.769099273565963,63.59406004043793
epigenomics_752_filterContams_157,14.755921017595718,63.278128974290034
epigenomics_752_filterContams_158,22.4030450303199,70.57519998956568
epigenomics_752_filterContams_159,21.107889592915175,66.19353290691704
epigenomics_752_filterContams_160,24.225910845443714,63.2932977608707
epigenomics_752_filterContams_161,23.823237044691204,65.16871525398139
epigenomics_752_filterContams_162,18.29718872699934,51.81623858132323
epigenomics_752_filterContams_163,16.694892407606055,80.16847768706512
epigenomics_752_filterContams_164,25.819889750662778,62.58675171863064
epigenomics_752_filterContams_165,19.189869356180992,75.59963899243297
epigenomics_752_filterContams_166,17.812591311897947,68.53070378265292
epigenomics_752_filterContams_167,17.6448216697558,66.21878973600559
epigenomics_752_filterContams_168,21.1977106177536,74.861503636498
epigenomics_752_filterContams_169,22.39765192625957,53.75685662997399
epigenomics_752_filterContams_170,19.466525123539768,59.40392291850722
epigenomics_752_filterContams_171,22.100492815536523,76.75115539199217
epigenomics_752_filterContams_172,22.635073989379528,61.31865534638621
epigenomics_752_filterContams_173,24.069741646351858,64.94397149145313
epigenomics_752_filterContams_174,19.19952613864978,81.96924957325544
epigenomics_752_filterContams_175,24.08326924334819,74.07223868253348
epigenomics_752_filterContams_176,18.9610040070566,54.90396377749548
epigenomics_752_filterContams_177,16.068335844453077,63.200079250974994
epigenomics_752_filterContams_178,17.02950804425442,57.66181085339947
epigenomics_752_filterContams_179,18.525879431586382,69.59097732128464
epigenomics_752_filterContams_180,18.085406092079218,65.42867839240354
epigenomics_752_filterContams_181,19.831328375824704,79.98505623109463
epigenomics_752_filterContams_182,23.174476250607626,78.4253876452873
epigenomics_752_filterContams_183,18.084592996624345,62.65513655986008
epigenomics_752_filterContams_184,20.570893781999867,73.15364073851275
epigenomics_752_filterContams_185,20.192725107842676,61.570135546905945
epigenomics_752_filterContams_186,12.852882900427607,64.62387566081665
epigenomics_752_filterContams_187,20.8142974617942,75.22452332468735
epigenomics_752_filterContams_188,19.07561190716341,63.588741924954874
epigenomics_752_filterContams_189,16.851666115653593,66.68540481637189
epigenomics_752_filterContams_190,18.067415008515617,77.52438927182392
epigenomics_752_filterContams_191,22.159226066459112,65.39851787207189
epigenomics_752_filterContams_192,14.861707633281924,51.99246494379062
epigenomics_752_filterContams_193,21.538021455951366,74.40943010482249
epigenomics_752_filterContams_194,21.97638519387203,77.78488040827386
epigenomics_752_filterContams_195,20.217822472826676,70.36880533301128
epigenomics_752_filterContams_196,20.137238504113704,73.57907764036243
epigenomics_752_filterContams_197,20.253529058632637,59.71825205544853
epigenomics_752_filterContams_198,13.741911544755906,55.062163927059096
epigenomics_752_filterContams_199,16.793903087013575,78.30172392085964
epigenomics_752_filterContams_200,19.582135721427303,70.81077040008532
epigenomics_752_filterContams_201,22.893922587351515,67.4510298244546
epigenomics_752_filterContams_202,19.146513254735556,60.684573325131225
epigenomics_752_filterContams_203,16.253779722192778,63.38990698498188
epigenomics_752_filterContams_204,21.309334011400157,53.54253328407338
epigenomics_752_filterContams_205,21.45016007415015,73.03578481150218
epigenomics_752_filterContams_206,17.46436108539725,76.44189202518632
epigenomics_752_filterContams_207,28.429785809492977,60.646056517353095
epigenomics_752_filterContams_208,17.815708718127585,58.54792945824296
epigenomics_752_filterContams_209,21.68363405945814,55.859326918723696
epigenomics_752_filterContams_210,23.192687705677365,45.015397902171955
epigenomics_752_filterContams_211,21.13891323667383,49.231485253032105
epigenomics_752_filterContams_212,20.079901417789692,55.97268588100922
epigenomics_752_filterContams_213,17.544553708082006,69.90338273748112
epigenomics_752_filterContams_214,20.2066856579396,70.26619166245096
epigenomics_752_filterContams_215,18.7669561034672,70.94664461529487
epigenomics_752_filterContams_216,20.794048516573444,67.75043641950654
epigenomics_752_filterContams_217,20.91271874026098,66.73276333801566
epigenomics_752_filterContams_218,13.386391310413545,64.87596554820907
epigenomics_752_filterContams_219,17.549201768600106,71.04410055336193
epigenomics_752_filterContams_220,21.102196518702765,79.40828941097377
epigenomics_752_filterContams_221,20.92893680551444,57.059705171455406
epigenomics_752_filterContams_222,20.964737332871586,69.0148364385189
epigenomics_752_filterContams_223,19.890667707331293,70.68841586890706
epigenomics_752_filterContams_224,18.928729544191985,59.70899829347512
epigenomics_752_filterContams_225,20.890976729376206,74.86773675383188
epigenomics_752_filterContams_226,22.464299626933688,83.89746118290311
epigenomics_752_filterContams_227,17.48723343932112,55.145621033627975
epigenomics_752_filterContams_228,13.795811402308237,61.117340912634475
epigenomics_752_filterContams_229,16.042017048643203,46.43135118623964
epigenomics_752_filterContams_230,21.345011711073045,85.35616088928764
epigenomics_752_filterContams_231,17.312755646221426,73.15765644708524
epigenomics_752_filterContams_232,21.037196387828903,71.51114798818632
epigenomics_752_filterContams_233,20.697442952025416,61.92390994367852
epigenomics_752_filterContams_234,20.30719123905393,73.68114741222034
epigenomics_752_filterContams_235,20.77965205748084,70.39520846600472
epigenomics_752_filterContams_236,18.22454230167737,72.8816868289431
epigenomics_752_filterContams_237,19.44902820303348,72.92905597446543
epigenomics_752_filterContams_238,25.482958078517903,58.77865238901033
epigenomics_752_filterContams_239,20.01818163278681,66.6198240584121
epigenomics_752_filterContams_240,23.251608619460754,55.16769636747892
epigenomics_752_filterContams_241,18.030307916399753,60.010147947238195
epigenomics_752_filterContams_242,17.957805168045986,84.21860342243608
epigenomics_752_filterContams_243,15.268289108151698,74.54674178527209
epigenomics_752_filterContams_244,22.67885807001424,61.76205830310807
epigenomics_752_filterContams_245,21.046470283963938,56.1485543843781
epigenomics_752_filterContams_246,18.27348329253832,61.35750592845329
epigenomics_752_filterContams_247,23.590834772031428,63.140720828032954
epigenomics_752_filterContams_248,21.586227596488204,60.4450737053593
epigenomics_752_filterContams_249,27.74538156301268,66.86896957247139
epigenomics_752_filterContams_250,16.652061764826136,64.1271459035647
epigenomics_752_filterContams_251,15.905041020364642,73.48922518971972
epigenomics_752_filterContams_252,21.204810274140257,59.32076852945783
epigenomics_752_filterContams_253,17.575612675407992,65.23698497622827
epigenomics_752_filterContams_254,17.75000636636908,67.51363329377554
epigenomics_752_filterContams_255,22.339371072035767,72.89033828512987
epigenomics_752_filterContams_256,19.956509815961464,66.31781520122054
epigenomics_752_filterContams_257,18.21892543843115,60.41877350070381
epigenomics_752_filterContams_258,20.58066818511701,68.101671372717
epigenomics_752_filterContams_259,23.847836058628165,57.99798149022832
epigenomics_752_filterContams_260,28.559874466173625,72.03855012982578
epigenomics_752_filterContams_261,22.887843717842326,52.92246835344373
epigenomics_752_filterContams_262,21.512856905936857,62.89546476844909
epigenomics_752_filterContams_263,25.921469261776004,73.88551717227082
epigenomics_752_filterContams_264,18.40540571320732,66.33627918722806
epigenomics_752_filterContams_265,20.637614236630753,63.87102556789865
epigenomics_752_filterContams_266,17.744337700172892,68.15338361338303
epigenomics_752_filterContams_267,17.714311431589188,56.16380383064826
epigenomics_752_filterContams_268,21.672200980557662,65.8763348220717
epigenomics_752_filterContams_269,18.81693662169111,64.65700678771125
epigenomics_752_filterContams_270,24.3914453048102,66.01326567390726
epigenomics_752_filterContams_271,19.904789450054306,75.78196731107536
epigenomics_752_filterContams_272,19.412141043787475,74.22756071896703
epigenomics_752_filterContams_273,19.13317163519204,70.70144721491393
epigenomics_752_filterContams_274,24.90441572273787,62.29345218602066
epigenomics_752_filterContams_275,23.51048478433571,55.40097093410243
epigenomics_752_filterContams_276,18.289439443666197,64.56930662293
epigenomics_752_filterContams_277,15.531466882763667,67.23647796303086
epigenomics_752_filterContams_278,16.78199169705837,65.21933942506907
epigenomics_752_filterContams_279,18.278320511754202,62.029942219475615
epigenomics_752_filterContams_280,17.73699630435906,70.8194560822474
epigenomics_752_filterContams_281,18.89266618928651,53.92539343176955
epigenomics_752_filterContams_282,19.946641964426753,62.20479593365379
epigenomics_752_filterContams_283,22.41216757516906,56.76359495443634
epigenomics_752_filterContams_284,20.05323001629341,46.68442272923798
epigenomics_752_filterContams_285,19.531282673338527,70.13703826407944
epigenomics_752_filterContams_286,16.117228764669804,62.10630466013929
epigenomics_752_filterContams_287,26.137424647556685,58.73227387529169
epigenomics_752_filterContams_288,22.06462263381797,58.69031031310247
epigenomics_752_filterContams_289,16.533837305461628,64.4737771356818
epigenomics_752_filterContams_290,24.25388663004201,60.79126681351688
epigenomics_752_filterContams_291,13.827883627978881,67.13285004579208
epigenomics_752_filterContams_292,19.959344808007693,65.73192681971932
epigenomics_752_filterContams_293,14.19067360179925,63.98177324876363
epigenomics_752_filterContams_294,16.698242533390165,69.94631579633717
epigenomics_752_filterContams_295,12.138612263644404,75.51248032851488
epigenomics_752_filterContams_296,21.788857912219907,62.62696492435261
epigenomics_752_filterContams_297,14.604863283535241,55.6245671487862
epigenomics_752_filterContams_298,23.356807109888436,69.28911292399557
epigenomics_752_filterContams_299,20.07135660661283,56.957841069529415
epigenomics_752_filterContams_300,21.00750782416954,69.46432750864919
epigenomics_752_filterContams_301,14.811461573095487,59.20058827372001
epigenomics_752_filterContams_302,17.228489771005393,75.04157831422633
epigenomics_752_filterContams_303,26.658423091728743,69.03862923067119
epigenomics_752_filterContams_304,19.11867591752261,62.57772940057186
epigenomics_752_filterContams_305,23.778581328108412,79.66693954234557
epigenomics_752_filterContams_306,23.065793121781702,69.22504441415097
epigenomics_752_filterContams_307,19.621589236399856,51.50822470022487
epigenomics_752_filterContams_308,22.761698665498912,66.13668872523468
epigenomics_752_filterContams_309,17.54508368547456,62.77555194000392
epigenomics_752_filterContams_310,14.175681569720574,66.86441192618273
epigenomics_752_filterContams_311,19.81676921985124,62.270401401982326
epigenomics_752_filterContams_312,22.301741230679074,67.84416211884808
epigenomics_752_filterContams_313,17.251690514480185,76.39491478860556
epigenomics_752_filterContams_314,19.274144635247247,71.80893110441298
epigenomics_752_filterContams_315,17.73630950448733,59.88195356716813
epigenomics_752_filterContams_316,18.933611036126475,59.69747598888932
epigenomics_752_filterContams_317,24.55531115202717,68.82141868647338
epigenomics_752_filterContams_318,21.846897966121738,70.1679280611759
epigenomics_752_filterContams_319,20.468835337086553,47.37513562069741
epigenomics_752_filterContams_320,18.62281605752333,56.632477499416034
epigenomics_752_filterContams_321,18.115883253258396,68.64023480749573
epigenomics_752_filterContams_322,24.061065760934863,61.9928699289182
epigenomics_752_filterContams_323,18.326065863672543,66.20177977083206
epigenomics_752_filterContams_324,20.872084150872993,63.27502517105802
epigenomics_752_filterContams_325,15.47331307792323,74.55011254273086
epigenomics_752_filterContams_326,17.90075416588171,60.59469068598508
epigenomics_752_filterContams_327,17.786669467714567,69.06173212502577
epigenomics_752_filterContams_328,16.887914272968548,54.92628165560794
epigenomics_752_filterContams_329,18.490815741144086,67.54478669043147
epigenomics_752_filterContams_330,19.47580272624249,61.434874387466294
epigenomics_752_filterContams_331,20.834263029165907,67.19654720459224
epigenomics_752_filterContams_332,17.975192202219215,63.91260561197161
epigenomics_752_filterContams_333,17.04184019811277,61.426293706811045
epigenomics_752_filterContams_334,19.978537855619408,80.0266462305093
epigenomics_752_filterContams_335,20.915156328578522,62.6922156628888
epigenomics_752_filterContams_336,18.940952015377484,64.39729101393549
epigenomics_752_filterContams_337,20.752577485369905,58.6086309314473
epigenomics_752_filterContams_338,21.703272476651907,67.25529346512589
epigenomics_752_filterContams_339,21.037261441018817,55.135733010880166
epigenomics_752_filterContams_340,21.320865867059474,68.31806822496664
epigenomics_752_filterContams_341,20.925018210853217,53.62781613362612
epigenomics_752_filterContams_342,18.579909167256506,56.55399191032891
epigenomics_752_filterContams_343,23.700283177909764,59.08314793232364
epigenomics_752_filterContams_344,12.07296499874771,71.42281598833651
epigenomics_752_filterContams_345,26.61823845550869,58.393454048683104
epigenomics_752_filterContams_346,18.915972483629663,69.46788059179974
epigenomics_752_filterContams_347,16.29211130119228,69.08213293122165
epigenomics_752_filterContams_348,23.504558994881073,82.46606968679613
epigenomics_752_filterContams_349,21.253194849075932,58.428884534370766
epigenomics_752_filterContams_350,18.532399507533334,62.18267769533858
epigenomics_752_filterContams_351,16.838856192029013,63.08390408098578
epigenomics_752_filterContams_352,23.332117953331103,62.13487413413014
epigenomics_752_filterContams_353,19.500543693980458,75.34787849056062
epigenomics_752_filterContams_354,22.10346446143554,53.09847564576162
epigenomics_752_filterContams_355,16.240128361246303,58.82762035401116
epigenomics_752_filterContams_356,16.52474070310783,66.73551737945066
epigenomics_752_filterContams_357,18.796647944289003,80.69952212232602
epigenomics_752_filterContams_358,21.55695466903651,54.406720843744495
epigenomics_752_filterContams_359,23.37142724814125,72.22096726444636
epigenomics_752_filterContams_360,23.00052249786508,80.87212861690107
epigenomics_752_filterContams_361,22.483412166767256,63.70738900282909
epigenomics_752_filterContams_362,20.106661685936963,62.939092786785736
epigenomics_752_filterContams_363,18.680881460529033,74.73365420729486
epigenomics_752_filterContams_364,19.307525368805962,56.72502257416813
epigenomics_752_filterContams_365,17.060039759929058,57.43107760475694
epigenomics_752_filterContams_366,24.573093220613224,59.03196604783165
epigenomics_752_filterContams_367,17.24608309023708,63.803464026008015
epigenomics_752_filterContams_368,15.81825682196092,53.41857432719716
epigenomics_752_filterContams_369,24.021099810341386,71.7969508782886
epigenomics_752_filterContams_370,16.519520503135254,57.20753296588639
epigenomics_752_filterContams_371,19.188697831331034,59.845448578230645
epigenomics_752_filterContams_372,19.937371446691877,46.43699570532441
epigenomics_752_filterContams_373,26.912589074252388,68.91812356822389
epigenomics_752_filterContams_374,21.269912993239075,79.43338154974127
epigenomics_752_filterContams_375,16.58800015119459,75.91808519872966
epigenomics_752_filterContams_376,22.310481188124353,62.2115071243541
epigenomics_752_filterContams_377,22.73579593269106,54.68575484828763
epigenomics_752_filterContams_378,18.505636638592794,44.23304148075334
epigenomics_752_filterContams_379,19.68327962343488,71.31086209839776
epigenomics_752_filterContams_380,17.395936495572162,64.39297616157111
epigenomics_752_filterContams_381,19.139665044968503,71.55090645548374
epigenomics_752_filterContams_382,16.427846600969495,58.766915481046915
epigenomics_752_filterContams_383,20.63196460196416,61.6852668718097
epigenomics_752_filterContams_384,20.279712206322287,55.30379820533767
epigenomics_752_filterContams_385,18.27673982821227,79.57055010981462
epigenomics_752_filterContams_386,20.551608378354366,81.57215611754535
epigenomics_752_filterContams_387,21.753973160135917,73.80814020142179
epigenomics_752_filterContams_388,20.286276590990195,55.6572391732093
epigenomics_752_filterContams_389,20.936972578945227,54.77418323099131
epigenomics_752_filterContams_390,21.071680565042715,76.36011984688687
epigenomics_752_filterContams_391,24.406564318174365,67.58239047411136
epigenomics_752_filterContams_392,15.240120186766935,67.961524872608
epigenomics_752_filterContams_393,20.295258664369833,69.62683482761459
epigenomics_752_filterContams_394,18.021406174955104,59.28196796276277
epigenomics_752_filterContams_395,17.657403780647787,69.51746986992869
epigenomics_752_filterContams_396,17.304704244568466,67.93255750738783
epigenomics_752_filterContams_397,18.15684746068277,69.35561375542979
epigenomics_752_filterContams_398,14.545420904978371,70.80709939911773
epigenomics_752_filterContams_399,20.184807420032907,53.15634377623535
epigenomics_752_filterContams_400,20.303421200061983,62.66682141480154
epigenomics_752_filterContams_401,16.87698303438944,70.3434918386443
epigenomics_752_filterContams_402,17.229517460843017,65.73650352386028
epigenomics_752_filterContams_403,19.35760022320594,57.22565264089525
epigenomics_752_filterContams_404,20.986937827468502,73.05464716782437
epigenomics_752_filterContams_405,18.871510334479723,82.92617050228999
epigenomics_752_filterContams_406,17.544628496614543,61.48698242293144
epigenomics_752_filterContams_407,18.162567517347213,77.1389589247679
epigenomics_752_filterContams_408,19.74804294491399,63.752000006283076
epigenomics_752_filterContams_409,16.157620360770544,70.88199563324909
epigenomics_752_filterContams_410,16.818855007333802,62.20892900608956
epigenomics_752_filterContams_411,21.28639735515645,76.23958146143943
epigenomics_752_filterContams_412,16.30425485854977,58.47062774926422
epigenomics_752_filterContams_413,20.36379917461123,64.59728006022833
epigenomics_752_filterContams_414,20.982640288837146,66.2746571898601
epigenomics_752_filterContams_415,23.672541597373655,63.35865996671924
epigenomics_752_filterContams_416,22.448095053679552,68.98852868148781
epigenomics_752_filterContams_417,16.4152733300913,74.12069731431872
epigenomics_752_filterContams_418,13.7945182332827,63.92000769522357
epigenomics_752_filterContams_419,19.36970889510087,50.9946873394707
epigenomics_752_filterContams_420,22.77816840143375,67.57448081093433
epigenomics_752_filterContams_421,22.9383080391857,62.07642928979282
epigenomics_752_filterContams_422,16.967057024861944,65.15762119672412
epigenomics_752_filterContams_423,19.339813279332585,58.3284901792294
epigenomics_752_filterContams_424,21.739252772383857,64.71309127506872
epigenomics_752_filterContams_425,20.045008163144065,72.3033100797789
epigenomics_752_filterContams_426,21.456005305375697,60.93906696516125
epigenomics_752_filterContams_427,19.555925811641917,59.502360949165066
epigenomics_752_filterContams_428,23.26677637756197,57.99824293143909
epigenomics_752_filterContams_429,18.70227064162717,60.502513801025145
epigenomics_752_filterContams_430,18.35987322200936,69.11153998952084
epigenomics_752_filterContams_431,21.254410743747023,57.13466471278106
epigenomics_752_filterContams_432,19.5846337953191,71.25619009426806
epigenomics_752_filterContams_433,18.017321879326,59.56678531147064
epigenomics_752_filterContams_434,23.990012875012766,57.150195563925124
epigenomics_752_filterContams_435,24.54623443692038,60.13846769630473
epigenomics_752_filterContams_436,23.44224643344943,63.33532855284755
epigenomics_752_filterContams_437,17.61392778473748,58.85969357147541
epigenomics_752_filterContams_438,20.93841686551653,64.07616113004539
epigenomics_752_filterContams_439,23.41987813958474,66.41828662282269
epigenomics_752_filterContams_440,22.452426172534434,53.98642381396729
epigenomics_752_filterContams_441,17.23962428219042,71.01896659178422
epigenomics_752_filterContams_442,23.64760623506281,79.1809383045842
epigenomics_752_filterContams_443,16.74345840844426,57.68086402021432
epigenomics_752_filterContams_444,17.5032801007295,64.70424067555624
epigenomics_752_filterContams_445,21.91872629766858,64.96749776068206
epigenomics_752_filterContams_446,19.700279484568092,72.37425120760666
epigenomics_752_filterContams_447,20.859299727777373,57.16627026924703
epigenomics_752_filterContams_448,23.982976807112387,56.12417030472055
epigenomics_752_filterContams_449,22.305211408606226,65.21361551967195
epigenomics_752_filterContams_450,17.81287449885934,71.60354122872334
epigenomics_752_filterContams_451,25.377692381553732,71.46493403800216
epigenomics_752_filterContams_452,15.764141417348135,60.101022207552504
epigenomics_752_filterContams_453,19.920418836210388,62.09298707778825
epigenomics_752_filterContams_454,16.00832571923562,64.72381615472929
epigenomics_752_filterContams_455,21.86561548997407,60.639427221631
epigenomics_752_filterContams_456,22.261833023220245,71.20785790905242
epigenomics_752_filterContams_457,20.96271001925641,78.0268187636733
epigenomics_752_filterContams_458,16.980307670031355,69.71377357702877
epigenomics_752_filterContams_459,16.445732435719982,72.00138370493718
epigenomics_752_filterContams_460,18.664604866165615,70.1203527242377
epigenomics_752_filterContams_461,17.183417488192863,68.4274917387111
epigenomics_752_filterContams_462,21.862981112173888,72.83190728097864
epigenomics_752_filterContams_463,22.35450577861336,68.04627671808102
epigenomics_752_filterContams_464,23.291891913486623,58.75361277190898
epigenomics_752_filterContams_465,20.2572628877768,55.41054186354875
epigenomics_752_filterContams_466,18.18077263824745,72.99133411676995
epigenomics_752_filterContams_467,24.291965675873502,62.615386466601045
epigenomics_752_filterContams_468,22.95155426435214,57.448085210723995
epigenomics_752_filterContams_469,23.576704619821932,60.245447570716685
epigenomics_752_filterContams_470,23.295861267620747,70.82254135441592
epigenomics_752_filterContams_471,17.523686344019602,65.53448098866927
epigenomics_752_filterContams_472,18.562609978487984,71.4398566814693
epigenomics_752_filterContams_473,18.27855866377654,50.218910233848334
epigenomics_752_filterContams_474,26.96161147666568,65.4780280865861
epigenomics_752_filterContams_475,14.567677682605353,62.078893252788596
epigenomics_752_filterContams_476,23.890360388557983,64.5199668469974
epigenomics_752_filterContams_477,18.791953470092693,53.30058783921178
epigenomics_752_filterContams_478,28.91985662912843,62.416771217835276
epigenomics_752_filterContams_479,14.1682965160006,75.78407478510306
epigenomics_752_filterContams_480,15.228902344533381,63.70144664349379
epigenomics_752_filterContams_481,20.657842695004977,55.70736213142708
epigenomics_752_filterContams_482,17.61354997056376,88.98153170442798
epigenomics_752_filterContams_483,16.760119718512716,65.35347214318024
epigenomics_752_filterContams_484,22.8962591572579,66.83386568682654
epigenomics_752_filterContams_485,15.927035745119937,59.65147651596737
epigenomics_752_filterContams_486,19.71377565332255,70.49053090014854
epigenomics_752_filterContams_487,22.318702908972543,61.557964979679525
epigenomics_752_filterContams_488,16.963048061470637,59.63820212519034
epigenomics_752_filterContams_489,17.776684922315432,64.71973033284283
epigenomics_752_filterContams_490,19.488921180109124,67.76492329320274
epigenomics_752_filterContams_491,22.574797970842873,75.987579582784
epigenomics_752_filterContams_492,20.27491408311216,61.659281895296516
epigenomics_752_filterContams_493,19.527504344477144,59.08187745521069
epigenomics_752_filterContams_494,20.85123416027134,56.66665816540322
epigenomics_752_filterContams_495,20.45482909494991,57.181142067934296
epigenomics_752_filterContams_496,23.69598077140619,54.80241149204047
epigenomics_752_filterContams_497,14.435309894764492,62.111287778274296
epigenomics_752_filterContams_498,24.51345054967225,68.92118666618356
epigenomics_752_filterContams_499,18.1140687461921,68.21949928645152
epigenomics_752_sol2sanger_0,85.9865236361226,56.63754736351756
epigenomics_752_sol2sanger_1,75.54660224156785,48.026140979692016
epigenomics_752_sol2sanger_2,82.78590590428075,53.325600773104604
epigenomics_752_sol2sanger_3,83.39046812236755,42.699824782144866
epigenomics_752_sol2sanger_4,82.01688022474528,59.28169706093182
epigenomics_752_sol2sanger_5,78.30119660853906,50.4445286014361
epigenomics_752_sol2sanger_6,77.53057291796574,52.08623980242495
epigenomics_752_sol2sanger_7,87.65771199391035,44.62123049379741
epigenomics_752_sol2sanger_8,78.1160441661177,36.8950975182748
epigenomics_752_sol2sanger_9,81.52271644767396,55.540189378773064
epigenomics_752_sol2sanger_10,83.51896849978533,46.50605984764784
epigenomics_752_sol2sanger_11,76.69408677237566,45.31858871358824
epigenomics_752_sol2sanger_12,80.80539900301999,43.035604816326426
epigenomics_752_sol2sanger_13,72.36559943857446,37.766712994652295
epigenomics_752_sol2sanger_14,82.29607098260828,56.43351212095752
epigenomics_752_sol2sanger_15,90.95602337287994,37.22742998465325
epigenomics_752_sol2sanger_16,71.97152116910107,39.0204591699003
epigenomics_752_sol2sanger_17,88.94663912037085,49.50087403567961
epigenomics_752_sol2sanger_18,74.60303770303433,42.098254305018855
epigenomics_752_sol2sanger_19,72.38962662518097,32.51418691856233
epigenomics_752_sol2sanger_20,75.16871563662222,51.99030190707287
epigenomics_752_sol2sanger_21,66.8845881538753,66.42374632466549
epigenomics_752_sol2sanger_22,85.87393780289206,33.80411288464176
epigenomics_752_sol2sanger_23,76.23961661297211,41.695036087351426
epigenomics_752_sol2sanger_24,76.84067495614153,45.87403106076181
epigenomics_752_sol2sanger_25,80.41735916490146,40.388899323361215
epigenomics_752_sol2sanger_26,75.37073270990274,50.49581989608764
epigenomics_752_sol2sanger_27,79.95414979263411,43.23663140199029
epigenomics_752_sol2sanger_28,83.7062976071975,50.87868084228585
epigenomics_752_sol2sanger_29,76.22482238972609,58.44571513405167
epigenomics_752_sol2sanger_30,80.58061227257495,39.29439619217886
epigenomics_752_sol2sanger_31,77.83379885423166,34.59179330663726
epigenomics_752_sol2sanger_32,81.16682676684519,55.337986715109466
epigenomics_752_sol2sanger_33,78.10151953520975,56.57539525231811
epigenomics_752_sol2sanger_34,76.64813261956515,52.225277306455446
epigenomics_752_sol2sanger_35,81.05198298670868,40.82915753118768
epigenomics_752_sol2sanger_36,76.33638232562834,37.67752506858573
epigenomics_752_sol2sanger_37,79.56887799905917,39.39256959689188
epigenomics_752_sol2sanger_38,78.86993829017038,52.062217653701985
epigenomics_752_sol2sanger_39,85.33125201086975,34.33019018778691
epigenomics_752_sol2sanger_40,91.64218559232556,33.50523672901678
epigenomics_752_sol2sanger_41,74.84002405691416,49.23909465504255
epigenomics_752_sol2sanger_42,75.57603245618172,48.94399618968478
epigenomics_752_sol2sanger_43,82.87616836639423,58.30639677292869
epigenomics_752_sol2sanger_44,73.2083818019358,40.57004158245981
epigenomics_752_sol2sanger_45,76.19596143284514,35.64334159987236
epigenomics_752_sol2sanger_46,80.00067485232991,58.2333887836209
epigenomics_752_sol2sanger_47,74.7685164539805,41.68800351308079
epigenomics_752_sol2sanger_48,82.27728478165547,43.22405503889766
epigenomics_752_sol2sanger_49,80.10060149585209,35.16773710353955
epigenomics_752_sol2sanger_50,84.89265530961771,40.87440715450931
epigenomics_752_sol2sanger_51,90.80376335555425,50.84785682773103
epigenomics_752_sol2sanger_52,82.7091110771721,48.68859711365092
epigenomics_752_sol2sanger_53,77.58561928353956,43.356627367617556
epigenomics_752_sol2sanger_54,81.13327058655155,63.84718614997679
epigenomics_752_sol2sanger_55,87.23376446023131,51.80573337541023
epigenomics_752_sol2sanger_56,83.43347407988587,43.272970795742914
epigenomics_752_sol2sanger_57,80.87984466114482,35.42618144265113
epigenomics_752_sol2sanger_58,77.91408635478491,52.64705763961463
epigenomics_752_sol2sanger_59,84.52041435361116,35.39444964451772
epigenomics_752_sol2sanger_60,76.94842680532624,52.09039383532959
epigenomics_752_sol2sanger_61,79.5290631480338,41.46014559811431
epigenomics_752_sol2sanger_62,80.75099501572488,46.100257229364075
epigenomics_752_sol2sanger_63,76.58345289266015,50.40351923048611
epigenomics_752_sol2sanger_64,75.74684515553133,36.362968532056584
epigenomics_752_sol2sanger_65,80.62249857733516,48.77602054634633
epigenomics_752_sol2sanger_66,83.35301044608741,35.90219396197188
epigenomics_752_sol2sanger_67,80.57107570329023,53.13772418602554
epigenomics_752_sol2sanger_68,73.84155523386177,35.655636003592036
epigenomics_752_sol2sanger_69,76.4419413118177,34.94679419963915
epigenomics_752_sol2sanger_70,79.91947534257785,31.82627593048612
epigenomics_752_sol2sanger_71,80.07393345802271,36.4744288246128
epigenomics_752_sol2sanger_72,78.02405337123034,54.04882880936103
epigenomics_752_sol2sanger_73,91.84513214599805,41.8692385398382
epigenomics_752_sol2sanger_74,77.25959502395439,28.505933540592956
epigenomics_752_sol2sanger_75,80.81224830295484,57.14696495489602
epigenomics_752_sol2sanger_76,73.68741029277186,45.95269819081949
epigenomics_752_sol2sanger_77,76.29237241645585,41.04029894566127
epigenomics_752_sol2sanger_78,72.44234115616676,44.78663148125766
epigenomics_752_sol2sanger_79,79.63895670904904,45.77459522411487
epigenomics_752_sol2sanger_80,72.39099769044746,50.08603880206462
epigenomics_752_sol2sanger_81,82.35754571671463,40.83214410405869
epigenomics_752_sol2sanger_82,89.38872084078888,46.58966095837704
epigenomics_752_sol2sanger_83,85.0339170616444,45.29400001833292
epigenomics_752_sol2sanger_84,86.11574454846858,49.89735294762349
epigenomics_752_sol2sanger_85,83.92882975479793,45.12718379975322
epigenomics_752_sol2sanger_86,82.14988694173891,48.18113732263691
epigenomics_752_sol2sanger_87,82.31530882883527,53.7865178348121
epigenomics_752_sol2sanger_88,75.07971637874053,60.75913369134864
epigenomics_752_sol2sanger_89,77.18680912848183,54.480416490307405
epigenomics_752_sol2sanger_90,84.94657949534286,40.518720477503535
epigenomics_752_sol2sanger_91,76.10879309126516,48.764536495774216
epigenomics_752_sol2sanger_92,83.8662515377153,65.81050970376515
epigenomics_752_sol2sanger_93,72.90318959440897,63.334272655620836
epigenomics_752_sol2sanger_94,77.4038674206424,44.17057828789275
epigenomics_752_sol2sanger_95,76.82046984146578,42.49700444840835
epigenomics_752_sol2sanger_96,78.20167805038355,59.021408236702
epigenomics_752_sol2sanger_97,82.84180266582976,43.456726617789975
epigenomics_752_sol2sanger_98,75.46533634949246,45.41421133638947
epigenomics_752_sol2sanger_99,76.48695367056065,40.89012965826552
epigenomics_752_sol2sanger_100,78.61389604211939,41.42998805808827
epigenomics_752_sol2sanger_101,71.91741586289798,49.92050211455258
epigenomics_752_sol2sanger_102,75.39245901154918,53.446813875202295
epigenomics_752_sol2sanger_103,81.9230943435749,46.97559269426697
epigenomics_752_sol2sanger_104,74.45571245186335,43.570828661783274
epigenomics_752_sol2sanger_105,89.4672945319522,40.74921646297194
epigenomics_752_sol2sanger_106,81.35341402271696,34.54091105365413
epigenomics_752_sol2sanger_107,78.41403362705903,50.135585157507265
epigenomics_752_sol2sanger_108,77.96294114312992,46.90484276165602
epigenomics_752_sol2sanger_109,77.35111857324596,51.63413597264235
epigenomics_752_sol2sanger_110,78.17470498896581,51.66117657784039
epigenomics_752_sol2sanger_111,81.81973725692134,39.20823757407584
epigenomics_752_sol2sanger_112,70.50992895421203,28.367373149185404
epigenomics_752_sol2sanger_113,80.97627646563086,57.08221652544103
epigenomics_752_sol2sanger_114,78.42934454684399,37.677371327791604
epigenomics_752_sol2sanger_115,72.02716819693326,47.4177401107929
epigenomics_752_sol2sanger_116,83.63698894841069,40.51228691549898
epigenomics_752_sol2sanger_117,85.51538216014276,44.753608832299584
epigenomics_752_sol2sanger_118,83.35349595786579,51.396556779653324
epigenomics_752_sol2sanger_119,74.05039309239902,41.60054548545747
epigenomics_752_sol2sanger_120,82.7092284082579,40.86293554883102
epigenomics_752_sol2sanger_121,79.72280549454169,36.171838237279104
epigenomics_752_sol2sanger_122,80.73028891914568,27.66461821599879
epigenomics_752_sol2sanger_123,73.10935455429413,37.02482148416706
epigenomics_752_sol2sanger_124,78.87841613927877,53.410028197906634
epigenomics_752_sol2sanger_125,82.0318871497327,52.27077520944291
epigenomics_752_sol2sanger_126,79.83806947067418,42.67538078268256
epigenomics_752_sol2sanger_127,81.37797050357351,44.14735111172991
epigenomics_752_sol2sanger_128,76.17178659968145,52.58873619733342
epigenomics_752_sol2sanger_129,72.64953546511714,49.79057260226271
epigenomics_752_sol2sanger_130,79.81902240874929,41.52483564894718
epigenomics_752_sol2sanger_131,76.59370102855277,48.333291113974916
epigenomics_752_sol2sanger_132,85.54974844648707,49.221104211520654
epigenomics_752_sol2sanger_133,83.22581822299765,34.78882328272927
epigenomics_752_sol2sanger_134,82.7424694883704,52.73641215503014
epigenomics_752_sol2sanger_135,78.0813702340376,45.99709999786377
epigenomics_752_sol2sanger_136,76.78514434574033,46.87006836738558
epigenomics_752_sol2sanger_137,88.63124594541631,30.01444570862965
epigenomics_752_sol2sanger_138,77.92693173110503,45.046461470099445
epigenomics_752_sol2sanger_139,72.27280230150915,25.113072843372276
epigenomics_752_sol2sanger_140,75.1937955475852,47.55134367903014
epigenomics_752_sol2sanger_141,85.58269073776458,48.8785531367011
epigenomics_752_sol2sanger_142,88.83381713891887,47.08267159270285
epigenomics_752_sol2sanger_143,65.5825236981145,57.50278383650566
epigenomics_752_sol2sanger_144,84.03799266185032,32.36353032637314
epigenomics_752_sol2sanger_145,78.88595727856496,41.62983837576872
epigenomics_752_sol2sanger_146,81.6892906877301,45.671117201073294
epigenomics_752_sol2sanger_147,80.65848281410297,42.474302434430236
epigenomics_752_sol2sanger_148,83.4791895160024,43.99587339295622
epigenomics_752_sol2sanger_149,73.03163770745567,32.53213633142835
epigenomics_752_sol2sanger_150,81.58756699202829,50.23437204290981
epigenomics_752_sol2sanger_151,80.2441621954079,50.05430838667416
epigenomics_752_sol2sanger_152,83.24501021772215,36.48379351385981
epigenomics_752_sol2sanger_153,82.8388640550748,42.61756128972199
epigenomics_752_sol2sanger_154,79.75623965364507,40.11934610841626
epigenomics_752_sol2sanger_155,72.3999443730153,56.04947968272642
epigenomics_752_sol2sanger_156,81.85890832087742,42.1640904011985
epigenomics_752_sol2sanger_157,89.16782197108027,42.105748376246865
epigenomics_752_sol2sanger_158,83.02215774674461,36.62091346948521
epigenomics_752_sol2sanger_159,77.60583209115313,47.166975291615856
epigenomics_752_sol2sanger_160,83.40826275490379,39.367673892784296
epigenomics_752_sol2sanger_161,82.25627477087212,37.61452929356196
epigenomics_752_sol2sanger_162,69.7658102446434,35.55707662089479
epigenomics_752_sol2sanger_163,88.48676654768643,39.748930954327925
epigenomics_752_sol2sanger_164,80.03488159581508,49.977067681657566
epigenomics_752_sol2sanger_165,81.98152623588197,47.38609682996815
epigenomics_752_sol2sanger_166,73.66659017424995,34.91711496186339
epigenomics_752_sol2sanger_167,86.1928357929321,34.56837756724407
epigenomics_752_sol2sanger_168,86.28007008581152,43.940794846712286
epigenomics_752_sol2sanger_169,78.84025945969591,46.72450648724505
epigenomics_752_sol2sanger_170,75.34920300492904,60.34048880485658
epigenomics_752_sol2sanger_171,75.8999513540459,43.62643152288126
epigenomics_752_sol2sanger_172,87.25137781841414,50.80425534568676
epigenomics_752_sol2sanger_173,89.7007552602442,47.29502117126339
epigenomics_752_sol2sanger_174,75.37582465147264,50.1639888199626
epigenomics_752_sol2sanger_175,73.73588001568103,46.34573024693262
epigenomics_752_sol2sanger_176,82.78384286743672,45.36053851269693
epigenomics_752_sol2sanger_177,80.99679170722779,50.65368769592515
epigenomics_752_sol2sanger_178,80.67068675717145,48.23967326485174
epigenomics_752_sol2sanger_179,78.54499824059744,49.573906532410135
epigenomics_752_sol2sanger_180,75.51923044948478,37.95438651308323
epigenomics_752_sol2sanger_181,79.3211764071097,58.866929513115124
epigenomics_752_sol2sanger_182,77.35125330412329,48.14328802752654
epigenomics_752_sol2sanger_183,78.4368490589716,52.44771690087172
epigenomics_752_sol2sanger_184,80.60963621815428,55.56816337134355
epigenomics_752_sol2sanger_185,87.54026413806952,44.94040997829328
epigenomics_752_sol2sanger_186,78.24786641223442,48.45760996219157
epigenomics_752_sol2sanger_187,79.13273465234262,49.19524829235201
epigenomics_752_sol2sanger_188,86.4488281817811,41.6635930193159
epigenomics_752_sol2sanger_189,81.66717531025294,42.103461703653416
epigenomics_752_sol2sanger_190,73.37686993145965,47.17321121814737
epigenomics_752_sol2sanger_191,76.30597052167525,39.31075966788767
epigenomics_752_sol2sanger_192,81.51943977250411,45.39027914056498
epigenomics_752_sol2sanger_193,72.77599926037023,43.627445667448065
epigenomics_752_sol2sanger_194,76.0358892185952,46.62286286166429
epigenomics_752_sol2sanger_195,81.98168110345871,47.97774645651872
epigenomics_752_sol2sanger_196,81.24746022469984,52.496995530196216
epigenomics_752_sol2sanger_197,74.22505887405356,40.26407622090322
epigenomics_752_sol2sanger_198,78.07017999318425,53.91611705539668
epigenomics_752_sol2sanger_199,77.14418509129312,46.33020627747148
epigenomics_752_sol2sanger_200,74.81636189610649,37.81293653467569
epigenomics_752_sol2sanger_201,81.22275965675009,48.23944553763869
epigenomics_752_sol2sanger_202,81.98548503755306,57.153390749746485
epigenomics_752_sol2sanger_203,70.48103386761062,50.0148870917338
epigenomics_752_sol2sanger_204,84.09642555963296,46.47755503959128
epigenomics_752_sol2sanger_205,85.45105230039584,61.1718178817107
epigenomics_752_sol2sanger_206,79.35729190818293,48.41322027729073
epigenomics_752_sol2sanger_207,77.61569761976173,41.03529936635405
epigenomics_752_sol2sanger_208,74.6422635443656,45.992831087829416
epigenomics_752_sol2sanger_209,75.31131186084261,39.26500535558308
epigenomics_752_sol2sanger_210,79.15284037551812,62.60524711298727
epigenomics_752_sol2sanger_211,73.08488845837563,47.951404054677795
epigenomics_752_sol2sanger_212,78.41490240454944,31.112451761530735
epigenomics_752_sol2sanger_213,83.78309622397653,57.66972669551632
epigenomics_752_sol2sanger_214,74.8444438768006,44.711548661533705
epigenomics_752_sol2sanger_215,63.11726438198675,48.86402967888051
epigenomics_752_sol2sanger_216,83.77536166911203,46.858950335682216
epigenomics_752_sol2sanger_217,84.4707180318326,47.715155242426064
epigenomics_752_sol2sanger_218,72.25541242799396,54.44310902387576
epigenomics_752_sol2sanger_219,69.46940188493403,49.688197930890915
epigenomics_752_sol2sanger_220,79.78959602806641,48.16596086837519
epigenomics_752_sol2sanger_221,82.95310861760014,50.91855866747117
epigenomics_752_sol2sanger_222,89.05218581783171,49.03440522691299
epigenomics_752_sol2sanger_223,73.48786724371286,50.43613550172354
epigenomics_752_sol2sanger_224,82.5618992256808,35.05078366279487
epigenomics_752_sol2sanger_225,79.5481908908449,56.54078819979079
epigenomics_752_sol2sanger_226,84.88164603167566,41.327969178131326
epigenomics_752_sol2sanger_227,73.7966907403126,57.06707566889327
epigenomics_752_sol2sanger_228,78.5766112794949,30.853496307128957
epigenomics_752_sol2sanger_229,78.08821009690797,55.761694965697416
epigenomics_752_sol2sanger_230,78.87032074522621,40.42704090393386
epigenomics_752_sol2sanger_231,74.02042089382769,37.99726621661564
epigenomics_752_sol2sanger_232,81.33829611799288,42.96012113275747
epigenomics_752_sol2sanger_233,78.57118994670672,46.34426139587221
epigenomics_752_sol2sanger_234,78.82607587282769,27.274630800667378
epigenomics_752_sol2sanger_235,74.15624095225486,47.073342892993644
epigenomics_752_sol2sanger_236,71.67447909378936,33.532200222842704
epigenomics_752_sol2sanger_237,74.98303875737105,41.91491840125316
epigenomics_752_sol2sanger_238,73.22683032329222,48.00294687860942
epigenomics_752_sol2sanger_239,85.7829718708469,44.58338116724019
epigenomics_752_sol2sanger_240,81.2111857904243,33.736640217464085
epigenomics_752_sol2sanger_241,83.26246884626359,48.64107542948929
epigenomics_752_sol2sanger_242,76.51367939826227,41.911342032846676
epigenomics_752_sol2sanger_243,83.22583760674976,35.63154329872273
epigenomics_752_sol2sanger_244,77.35421870426043,45.25298796232308
epigenomics_752_sol2sanger_245,80.54902322823217,53.99821957199795
epigenomics_752_sol2sanger_246,79.8843171327349,47.225358741383545
epigenomics_752_sol2sanger_247,73.65089435040915,47.30317502588327
epigenomics_752_sol2sanger_248,72.43962893956129,37.556695085432494
epigenomics_752_sol2sanger_249,78.91310414973869,46.619238468522525
epigenomics_752_sol2sanger_250,83.23590662804303,46.38245506255894
epigenomics_752_sol2sanger_251,81.81913504717839,48.24673900227139
epigenomics_752_sol2sanger_252,75.20951701092153,56.432789528859786
epigenomics_752_sol2sanger_253,85.57153299715037,51.227189551563775
epigenomics_752_sol2sanger_254,75.4921932260637,36.65015973817629
epigenomics_752_sol2sanger_255,79.33453996047103,52.443483611034424
epigenomics_752_sol2sanger_256,78.11064459581682,45.545475537649686
epigenomics_752_sol2sanger_257,77.09591415849724,56.33043750861134
epigenomics_752_sol2sanger_258,79.16738588220993,63.99253262545315
epigenomics_752_sol2sanger_259,63.43555241817171,37.24952137604028
epigenomics_752_sol2sanger_260,74.61254642487683,23.95759854581045
epigenomics_752_sol2sanger_261,74.11818970201628,33.09376248536584
epigenomics_752_sol2sanger_262,85.96515466700616,35.527157076018874
epigenomics_752_sol2sanger_263,86.91959542445223,46.46896301366289
epigenomics_752_sol2sanger_264,90.9202224081181,71.4097349613287
epigenomics_752_sol2sanger_265,65.38956911763069,45.401331232696485
epigenomics_752_sol2sanger_266,77.35760219341589,46.813415847676254
epigenomics_752_sol2sanger_267,82.99807197028845,35.32891778850313
epigenomics_752_sol2sanger_268,85.78033045870255,34.43754113864017
epigenomics_752_sol2sanger_269,82.58506858332667,49.36665078513738
epigenomics_752_sol2sanger_270,81.32770028325596,31.13042255886115
epigenomics_752_sol2sanger_271,85.90341813274117,50.927674415216984
epigenomics_752_sol2sanger_272,75.60408542357006,58.8796972692228
epigenomics_752_sol2sanger_273,83.20755366503391,58.61695296996031
epigenomics_752_sol2sanger_274,85.56333757793254,50.07493919225047
epigenomics_752_sol2sanger_275,80.75538988759853,43.82176156271421
epigenomics_752_sol2sanger_276,76.73325653020717,52.18967478891542
epigenomics_752_sol2sanger_277,85.38998481179068,47.16828359495674
epigenomics_752_sol2sanger_278,79.62204316650465,50.28420360230224
epigenomics_752_sol2sanger_279,81.54771429328977,48.42002966945179
epigenomics_752_sol2sanger_280,78.90395848773801,57.44164474810311
epigenomics_752_sol2sanger_281,81.77390080943886,40.963762964732474
epigenomics_752_sol2sanger_282,82.10981027329738,36.06276397223088
epigenomics_752_sol2sanger_283,86.29618081879909,40.79897689955127
epigenomics_752_sol2sanger_284,81.28558362727456,46.53523030766556
epigenomics_752_sol2sanger_285,83.9417354749121,54.877663916770736
epigenomics_752_sol2sanger_286,79.94290661063467,31.978464994539387
epigenomics_752_sol2sanger_287,82.1065801210343,55.71148871606901
epigenomics_752_sol2sanger_288,80.5206480091671,31.475645488678232
epigenomics_752_sol2sanger_289,78.14695612851231,48.33376128829528
epigenomics_752_sol2sanger_290,79.01998142984407,54.948481962557814
epigenomics_752_sol2sanger_291,80.81429590441854,42.94437953613768
epigenomics_752_sol2sanger_292,77.53495181346071,34.578261928674976
epigenomics_752_sol2sanger_293,79.36566906610757,31.722639453168156
epigenomics_752_sol2sanger_294,83.64480247880572,52.899568396193146
epigenomics_752_sol2sanger_295,82.34047969568498,52.18460170365049
epigenomics_752_sol2sanger_296,83.03850971451793,44.91225368077476
epigenomics_752_sol2sanger_297,76.5900250632793,41.211740324349456
epigenomics_752_sol2sanger_298,76.57584589892444,29.108849520761787
epigenomics_752_sol2sanger_299,73.17764377413805,40.540636407483525
epigenomics_752_sol2sanger_300,83.09071760833474,51.315615734181364
epigenomics_752_sol2sanger_301,78.75618493424454,56.26859584545012
epigenomics_752_sol2sanger_302,79.22435087565991,40.914765198609594
epigenomics_752_sol2sanger_303,82.65434528128309,54.54029768545629
epigenomics_752_sol2sanger_304,81.06371220447154,52.91015607850353
epigenomics_752_sol2sanger_305,78.19417057617234,41.635415276987494
epigenomics_752_sol2sanger_306,80.08987101892855,40.30065797257148
epigenomics_752_sol2sanger_307,85.85357625915756,41.86709207152393
epigenomics_752_sol2sanger_308,86.97845504294153,38.40505573656534
epigenomics_752_sol2sanger_309,73.26111693644539,46.600307002499065
epigenomics_752_sol2sanger_310,84.47689752985535,49.25764351699139
epigenomics_752_sol2sanger_311,82.6409180344687,46.364761729836545
epigenomics_752_sol2sanger_312,77.99966359639019,36.1119253980939
epigenomics_752_sol2sanger_313,85.8871468351976,53.79428987783065
epigenomics_752_sol2sanger_314,91.16265422359606,57.057782362080374
epigenomics_752_sol2sanger_315,73.09336353227187,36.615014137659834
epigenomics_752_sol2sanger_316,79.64516198624943,59.49060773759665
epigenomics_752_sol2sanger_317,76.96402134752417,48.83587433755037
epigenomics_752_sol2sanger_318,77.52124923372693,49.98211170198418
epigenomics_752_sol2sanger_319,77.12236086084522,45.52554495011516
epigenomics_752_sol2sanger_320,79.12789028456069,45.2268164165104
epigenomics_752_sol2sanger_321,73.7480559158496,42.31307608688474
epigenomics_752_sol2sanger_322,75.37815537185362,49.993869682891564
epigenomics_752_sol2sanger_323,81.45189224587678,50.53574011133923
epigenomics_752_sol2sanger_324,85.87825864748972,57.10681472369679
epigenomics_752_sol2sanger_325,84.78229284482238,47.67085594221152
epigenomics_752_sol2sanger_326,90.62223044819744,49.90315160820706
epigenomics_752_sol2sanger_327,82.7034968494079,32.66035646473175
epigenomics_752_sol2sanger_328,84.79626530601112,51.70744083874565
epigenomics_752_sol2sanger_329,75.64331995790096,48.181444278976535
epigenomics_752_sol2sanger_330,74.54501300592626,45.40249547174502
epigenomics_752_sol2sanger_331,71.86751408220627,40.73048764251817
epigenomics_752_sol2sanger_332,83.98413514672242,41.48453060165631
epigenomics_752_sol2sanger_333,79.65125764628658,40.70337516852686
epigenomics_752_sol2sanger_334,78.92895727446293,45.67942538458625
epigenomics_752_sol2sanger_335,73.57231209867604,35.337344759388564
epigenomics_752_sol2sanger_336,82.92072444705653,32.45043960708003
epigenomics_752_sol2sanger_337,75.4277655109205,40.82287150658864
epigenomics_752_sol2sanger_338,79.61667817580047,40.63265757659805
epigenomics_752_sol2sanger_339,77.94577251898885,51.83513965623409
epigenomics_752_sol2sanger_340,81.2911619630691,61.30895323484394
epigenomics_752_sol2sanger_341,86.9133824169584,37.69640545476794
epigenomics_752_sol2sanger_342,83.05481839837124,42.0058125415073
epigenomics_752_sol2sanger_343,76.94886053660743,38.2372830921523
epigenomics_752_sol2sanger_344,83.49888380419293,49.677837861345985
epigenomics_752_sol2sanger_345,84.12875954407868,44.47404783827466
epigenomics_752_sol2sanger_346,81.00395990382896,39.596067959549906
epigenomics_752_sol2sanger_347,81.97241935252981,55.94944555901541
epigenomics_752_sol2sanger_348,73.47038241134337,39.44525591121932
epigenomics_752_sol2sanger_349,83.61416499878663,38.47571435420167
epigenomics_752_sol2sanger_350,80.77182594212033,32.613451030689674
epigenomics_752_sol2sanger_351,86.45064232325656,37.06545184393961
epigenomics_752_sol2sanger_352,73.42573345213066,47.362266049559025
epigenomics_752_sol2sanger_353,77.58042796335259,50.04803827840163
epigenomics_752_sol2sanger_354,92.73183364850567,45.86961836169253
epigenomics_752_sol2sanger_355,81.96079196087106,51.84802260915505
epigenomics_752_sol2sanger_356,82.012791652007,47.242248125584574
epigenomics_752_sol2sanger_357,87.23134430137952,39.146003075119445
epigenomics_752_sol2sanger_358,77.62838971389624,24.949219347557104
epigenomics_752_sol2sanger_359,89.18083140247747,29.79597784146076
epigenomics_752_sol2sanger_360,75.68897034147845,38.36011352809054
epigenomics_752_sol2sanger_361,84.32193440062339,39.19867004683444
epigenomics_752_sol2sanger_362,82.51876832429467,44.57465567664561
epigenomics_752_sol2sanger_363,77.9056891250491,39.60207668787997
epigenomics_752_sol2sanger_364,77.6273456450337,48.55634994869091
epigenomics_752_sol2sanger_365,86.64194918416455,48.918683310369886
epigenomics_752_sol2sanger_366,81.79043184274829,28.658825362707606
epigenomics_752_sol2sanger_367,92.67283669470112,55.80830617939175
epigenomics_752_sol2sanger_368,87.07288170200765,49.9837560868159
epigenomics_752_sol2sanger_369,80.40753646190345,46.87963556948653
epigenomics_752_sol2sanger_370,80.52434144051574,44.930603887734584
epigenomics_752_sol2sanger_371,93.696729325986,61.9304590271711
epigenomics_752_sol2sanger_372,78.7792305648083,45.8338042021697
epigenomics_752_sol2sanger_373,74.9047459805612,58.79091576861958
epigenomics_752_sol2sanger_374,82.01654166237363,45.68280795955096
epigenomics_752_sol2sanger_375,92.73671680171428,74.22251321651667
epigenomics_752_sol2sanger_376,71.80878613274018,42.7876890702355
epigenomics_752_sol2sanger_377,79.77428815591232,60.192588718951086
epigenomics_752_sol2sanger_378,85.00761630637948,46.63835635481867
epigenomics_752_sol2sanger_379,79.01162069276513,28.532311070707003
epigenomics_752_sol2sanger_380,86.43534363800504,47.57115758411194
epigenomics_752_sol2sanger_381,84.4185531630521,36.61796464666625
epigenomics_752_sol2sanger_382,74.35254029228784,57.22681818997056
epigenomics_752_sol2sanger_383,89.87224587253505,49.97990711315555
epigenomics_752_sol2sanger_384,78.63145016374484,56.21972279433963
epigenomics_752_sol2sanger_385,78.76627677663765,45.952827984191856
epigenomics_752_sol2sanger_386,72.59094093336603,43.65480833078277
epigenomics_752_sol2sanger_387,87.55670506112092,50.56252073595435
epigenomics_752_sol2sanger_388,81.70650291356809,39.42741941610553
epigenomics_752_sol2sanger_389,81.98443116320428,48.78044351920546
epigenomics_752_sol2sanger_390,77.61893214366997,53.10460673537607
epigenomics_752_sol2sanger_391,68.84143651156978,49.77581219305944
epigenomics_752_sol2sanger_392,85.43269309825956,46.78683755488053
epigenomics_752_sol2sanger_393,80.81113075274173,45.09059705616096
epigenomics_752_sol2sanger_394,87.48637819796063,45.061724611159555
epigenomics_752_sol2sanger_395,82.5182772728942,44.99494759333416
epigenomics_752_sol2sanger_396,75.41243614029555,51.69310774122468
epigenomics_752_sol2sanger_397,81.67514696545634,34.773913534076314
epigenomics_752_sol2sanger_398,85.30368675979331,45.67949088410398
epigenomics_752_sol2sanger_399,76.49957956283036,46.647195702596534
epigenomics_752_sol2sanger_400,82.9093692698562,42.08188356126723
epigenomics_752_sol2sanger_401,76.51976449374793,38.301113666966124
epigenomics_752_sol2sanger_402,71.99874189531738,52.124064580086085
epigenomics_752_sol2sanger_403,81.47464236041681,53.44204066575951
epigenomics_752_sol2sanger_404,73.25570662447946,49.795560702854516
epigenomics_752_sol2sanger_405,88.39534300492937,40.97622952621734
epigenomics_752_sol2sanger_406,76.16899340254881,44.70423099881012
epigenomics_752_sol2sanger_407,85.77630875329729,43.56839304791664
epigenomics_752_sol2sanger_408,80.46276085030284,52.16322343824169
epigenomics_752_sol2sanger_409,88.00413312760669,49.35861893465778
epigenomics_752_sol2sanger_410,86.26002824205426,33.21154053348644
epigenomics_752_sol2sanger_411,85.66149838568779,36.11275240656641
epigenomics_752_sol2sanger_412,75.55737649241881,49.00027866502316
epigenomics_752_sol2sanger_413,80.96797429130109,51.74154672439274
epigenomics_752_sol2sanger_414,80.20419182440051,43.25121192997607
epigenomics_752_sol2sanger_415,74.46236374321668,41.026087292893834
epigenomics_752_sol2sanger_416,76.91037988512197,42.91377050591937
epigenomics_752_sol2sanger_417,71.56250502145542,55.32066502085182
epigenomics_752_sol2sanger_418,84.9092144029138,32.737419346733525
epigenomics_752_sol2sanger_419,83.39674377402939,52.52608211267249
epigenomics_752_sol2sanger_420,74.99180459650113,36.467533273291835
epigenomics_752_sol2sanger_421,80.26606837415622,47.047209578994746
epigenomics_752_sol2sanger_422,84.55105032176986,53.27017444673773
epigenomics_752_sol2sanger_423,86.69563231133827,34.18605573265198
epigenomics_752_sol2sanger_424,88.58037878165904,39.847753320465614
epigenomics_752_sol2sanger_425,83.82557800107688,50.863033899892756
epigenomics_752_sol2sanger_426,82.75026659313886,43.40303139282065
epigenomics_752_sol2sanger_427,88.01118300825269,46.57253920197693
epigenomics_752_sol2sanger_428,73.03422813311786,45.35835346696343
epigenomics_752_sol2sanger_429,80.65389083500348,58.349106980111294
epigenomics_752_sol2sanger_430,79.43003791223128,46.187882291517646
epigenomics_752_sol2sanger_431,79.63022149542623,58.19529519222663
epigenomics_752_sol2sanger_432,79.21215352642358,55.71738616496125
epigenomics_752_sol2sanger_433,77.91505380867665,51.55121414182466
epigenomics_752_sol2sanger_434,80.48433965098427,30.321705158200352
epigenomics_752_sol2sanger_435,90.83838696597763,44.170729365600366
epigenomics_752_sol2sanger_436,78.92856756901293,60.3663968702797
epigenomics_752_sol2sanger_437,88.96185198595568,48.02531197125863
epigenomics_752_sol2sanger_438,66.94346321407934,30.97598403825979
epigenomics_752_sol2sanger_439,76.6573870905888,38.11108058711209
epigenomics_752_sol2sanger_440,82.45832060149088,55.625033739275466
epigenomics_752_sol2sanger_441,91.11393916618866,54.45083424826713
epigenomics_752_sol2sanger_442,80.10586332354688,47.71196528850444
epigenomics_752_sol2sanger_443,87.12991101715558,36.01469573175215
epigenomics_752_sol2sanger_444,78.55034726128541,47.363511009964164
epigenomics_752_sol2sanger_445,79.14089224086408,39.05652207213418
epigenomics_752_sol2sanger_446,74.92317632650308,49.29998806958816
epigenomics_752_sol2sanger_447,74.93341959811244,34.68466627977675
epigenomics_752_sol2sanger_448,82.66330264442266,32.78382209721259
epigenomics_752_sol2sanger_449,86.40423100210667,37.76240761830177
epigenomics_752_sol2sanger_450,78.18356535078743,45.11876428272598
epigenomics_752_sol2sanger_451,75.93920724183084,38.62914746565591
epigenomics_752_sol2sanger_452,71.00153945374548,52.45171594495318
epigenomics_752_sol2sanger_453,78.76532874056771,39.12125059643742
epigenomics_752_sol2sanger_454,81.4038868131059,48.31794090265122
epigenomics_752_sol2sanger_455,81.3773479649476,43.177080971078524
epigenomics_752_sol2sanger_456,85.64420103971442,28.47243552383534
epigenomics_752_sol2sanger_457,82.57378198678794,41.69179252426586
epigenomics_752_sol2sanger_458,80.26901149205378,52.323697696271466
epigenomics_752_sol2sanger_459,82.40517977198505,34.80573204144004
epigenomics_752_sol2sanger_460,81.00497690983059,44.466118470938625
epigenomics_752_sol2sanger_461,87.3766403709652,30.18223077901468
epigenomics_752_sol2sanger_462,83.19558332232899,40.425096903608605
epigenomics_752_sol2sanger_463,81.62024760898078,33.72735280415717
epigenomics_752_sol2sanger_464,90.55436288292653,46.079996787270794
epigenomics_752_sol2sanger_465,77.98321522255429,44.97013926050752
epigenomics_752_sol2sanger_466,81.99614395576585,43.10583956440289
epigenomics_752_sol2sanger_467,80.41842766067434,37.397250569781065
epigenomics_752_sol2sanger_468,75.72701391156716,40.482168829590364
epigenomics_752_sol2sanger_469,71.20702345186798,44.88151639402724
epigenomics_752_sol2sanger_470,79.47263357021714,43.78883196688264
epigenomics_752_sol2sanger_471,83.97424040684668,60.82349253050032
epigenomics_752_sol2sanger_472,81.986063605643,32.5053246193136
epigenomics_752_sol2sanger_473,74.68763732379631,42.868789201093236
epigenomics_752_sol2sanger_474,78.86423895272816,36.11191466082242
epigenomics_752_sol2sanger_475,81.71561554979593,41.65045598121564
epigenomics_752_sol2sanger_476,81.11150185404493,49.87693623089141
epigenomics_752_sol2sanger_477,84.97113771545531,41.779348720644045
epigenomics_752_sol2sanger_478,83.19617165005411,35.490922352815204
epigenomics_752_sol2sanger_479,79.93984201554252,46.95627645513369
epigenomics_752_sol2sanger_480,81.39630761167214,30.23821970080958
epigenomics_752_sol2sanger_481,74.73965766780574,31.622853473244255
epigenomics_752_sol2sanger_482,82.85423099158483,44.23014808283344
epigenomics_752_sol2sanger_483,80.71733627487147,39.33951178588284
epigenomics_752_sol2sanger_484,77.52126581481718,29.57647360361707
epigenomics_752_sol2sanger_485,85.76482834089815,41.29836532340719
epigenomics_752_sol2sanger_486,81.26842666948684,45.4488769633144
epigenomics_752_sol2sanger_487,79.03837886934036,58.86961557558867
epigenomics_752_sol2sanger_488,79.58517279895925,38.12583214234011
epigenomics_752_sol2sanger_489,80.91391229096777,41.166720844230504
epigenomics_752_sol2sanger_490,77.47294716810904,43.173997871296045
epigenomics_752_sol2sanger_491,80.74210080679589,48.70467198371356
epigenomics_752_sol2sanger_492,82.90549153155509,38.020241442901174
epigenomics_752_sol2sanger_493,78.48819129091018,42.56543195520518
epigenomics_752_sol2sanger_494,76.70270849978426,41.58941036319803
epigenomics_752_sol2sanger_495,75.71135322917713,50.212691056425335
epigenomics_752_sol2sanger_496,83.41105833103651,40.50449045192418
epigenomics_752_sol2sanger_497,75.93552642556658,49.90386452762466
epigenomics_752_sol2sanger_498,77.80095752815222,47.01995191674192
epigenomics_752_sol2sanger_499,69.46767796052129,47.823821947875416
epigenomics_752_fast2bfq_0,59.303371185523616,90.65996946049917
epigenomics_752_fast2bfq_1,44.21090161536715,87.28351207811325
epigenomics_752_fast2bfq_2,44.4832014544531,78.8881583380335
epigenomics_752_fast2bfq_3,50.28280680986964,72.68886138519287
epigenomics_752_fast2bfq_4,42.083390876777614,73.65822346059397
epigenomics_752_fast2bfq_5,45.7626812345382,78.70292746915706
epigenomics_752_fast2bfq_6,44.260031988125135,76.55240780424329
epigenomics_752_fast2bfq_7,45.34410478943566,84.28749812566812
epigenomics_752_fast2bfq_8,29.964634453998645,71.32530023197721
epigenomics_752_fast2bfq_9,60.154029466128435,88.98763352889162
epigenomics_752_fast2bfq_10,57.61517729499303,74.96037249090334
epigenomics_752_fast2bfq_11,42.13628988661219,89.29048719589741
epigenomics_752_fast2bfq_12,36.63487165101621,72.2720490849799
epigenomics_752_fast2bfq_13,37.30573871262667,78.95104162147166
epigenomics_752_fast2bfq_14,34.51687996092766,83.7596731797812
epigenomics_752_fast2bfq_15,49.43133641703482,60.94096610687744
epigenomics_752_fast2bfq_16,46.27307498636108,82.2558825389662
epigenomics_752_fast2bfq_17,38.10254828410186,75.96226851567067
epigenomics_752_fast2bfq_18,49.57372857309628,58.92769827413865
epigenomics_752_fast2bfq_19,33.28594627402655,74.63969752249255
epigenomics_752_fast2bfq_20,44.37500489728192,77.74493222091844
epigenomics_752_fast2bfq_21,46.25155935581333,79.307390559916
epigenomics_752_fast2bfq_22,36.06207250735505,82.3556030747857
epigenomics_752_fast2bfq_23,42.99059479087455,78.70295171027036
epigenomics_752_fast2bfq_24,53.106722201755105,76.97761547583957
epigenomics_752_fast2bfq_25,42.85997759766199,75.12573074079938
epigenomics_752_fast2bfq_26,40.58679759278687,86.01214948391898
epigenomics_752_fast2bfq_27,48.76492883626474,86.92208258939093
epigenomics_752_fast2bfq_28,40.74351207613825,93.0919299060055
epigenomics_752_fast2bfq_29,44.006162032358006,86.25215115451162
epigenomics_752_fast2bfq_30,33.5516142866159,77.23691024616654
epigenomics_752_fast2bfq_31,31.204128357160094,71.14260637243426
epigenomics_752_fast2bfq_32,30.085466917713237,92.07242672300004
epigenomics_752_fast2bfq_33,37.315263578275236,65.17518477407991
epigenomics_752_fast2bfq_34,51.932099281024506,77.29210485806635
epigenomics_752_fast2bfq_35,54.66647903822156,81.5138105498808
epigenomics_752_fast2bfq_36,46.0280657114235,84.46991643800423
epigenomics_752_fast2bfq_37,47.98375509306967,71.46625567225374
epigenomics_752_fast2bfq_38,52.998969873964064,76.97641877914408
epigenomics_752_fast2bfq_39,39.354158589867524,73.85750810030618
epigenomics_752_fast2bfq_40,54.13145348327902,74.43243308636391
epigenomics_752_fast2bfq_41,34.785955971582695,78.20312242993147
epigenomics_752_fast2bfq_42,49.49339542639648,72.27361857938214
epigenomics_752_fast2bfq_43,31.864142971454708,80.28680755835455
epigenomics_752_fast2bfq_44,46.43301823315184,85.14456307881969
epigenomics_752_fast2bfq_45,39.332855311365286,89.63179935348698
epigenomics_752_fast2bfq_46,37.723618600658114,95.11501436321954
epigenomics_752_fast2bfq_47,52.41941657527369,73.3226325121745
epigenomics_752_fast2bfq_48,50.928622125024354,78.31000694325417
epigenomics_752_fast2bfq_49,49.73246613404527,78.9143954211228
epigenomics_752_fast2bfq_50,62.705617451519785,90.60586957490501
epigenomics_752_fast2bfq_51,48.21743431770232,73.82097570612787
epigenomics_752_fast2bfq_52,41.85718272077587,78.1973653001593
epigenomics_752_fast2bfq_53,53.089623987782865,79.80601406002478
epigenomics_752_fast2bfq_54,45.248765204228285,80.15698499793346
epigenomics_752_fast2bfq_55,34.44151665691044,91.49643396766459
epigenomics_752_fast2bfq_56,43.64958132094408,80.70289576799263
epigenomics_752_fast2bfq_57,43.61036205314741,81.72951696132996
epigenomics_752_fast2bfq_58,45.44816733668285,89.16255802096074
epigenomics_752_fast2bfq_59,46.005018798268985,83.54148501580714
epigenomics_752_fast2bfq_60,48.4448639589499,72.05408367069917
epigenomics_752_fast2bfq_61,36.99264449699557,77.54868381137439
epigenomics_752_fast2bfq_62,43.19655161563659,83.43626755770691
epigenomics_752_fast2bfq_63,40.35565083070978,78.10691252427236
epigenomics_752_fast2bfq_64,40.440887091003816,74.39595151917702
epigenomics_752_fast2bfq_65,48.153158582964565,80.30265198736316
epigenomics_752_fast2bfq_66,48.23661992596227,74.06334991329014
epigenomics_752_fast2bfq_67,38.00880586652707,73.28316706310862
epigenomics_752_fast2bfq_68,44.01171857728644,75.65362103609073
epigenomics_752_fast2bfq_69,49.73856539694559,77.42287177456501
epigenomics_752_fast2bfq_70,50.52121003604342,85.00299864339624
epigenomics_752_fast2bfq_71,42.17043518883032,83.43576566078917
epigenomics_752_fast2bfq_72,31.756811190779608,78.95278372055141
epigenomics_752_fast2bfq_73,32.18117370534287,77.89321279078445
epigenomics_752_fast2bfq_74,52.98365039624905,79.09700910409758
epigenomics_752_fast2bfq_75,48.482955538533,79.4993973945656
epigenomics_752_fast2bfq_76,45.17191408186926,80.31775182621527
epigenomics_752_fast2bfq_77,38.77771199010097,78.57487863663334
epigenomics_752_fast2bfq_78,40.06116629793144,78.07092223350213
epigenomics_752_fast2bfq_79,45.8020428359489,72.79471916923778
epigenomics_752_fast2bfq_80,35.985412933084575,72.91229023024526
epigenomics_752_fast2bfq_81,45.5087536889115,67.93046590662061
epigenomics_752_fast2bfq_82,33.865377409613785,83.24772921705731
epigenomics_752_fast2bfq_83,35.66115367474603,70.60659602536236
epigenomics_752_fast2bfq_84,39.521684667116844,82.58619355009293
epigenomics_752_fast2bfq_85,45.37718625229155,81.98315709961332
epigenomics_752_fast2bfq_86,49.34442097793261,80.86772558330497
epigenomics_752_fast2bfq_87,40.736730806544195,72.9475540450273
epigenomics_752_fast2bfq_88,37.6969196888152,80.66623433980308
epigenomics_752_fast2bfq_89,28.939232857180993,84.72261256436006
epigenomics_752_fast2bfq_90,52.7586209935878,76.79030897105642
epigenomics_752_fast2bfq_91,58.94705363707389,78.3488933313743
epigenomics_752_fast2bfq_92,47.25202943952765,98.54634763129809
epigenomics_752_fast2bfq_93,36.46830772153199,90.24728608370684
epigenomics_752_fast2bfq_94,48.0845214189512,75.69044453390485
epigenomics_752_fast2bfq_95,39.44842407241211,66.63874292308289
epigenomics_752_fast2bfq_96,40.027522558809586,80.13009609889492
epigenomics_752_fast2bfq_97,28.827724091345974,79.71775979966985
epigenomics_752_fast2bfq_98,39.05543597299214,78.00452539944484
epigenomics_752_fast2bfq_99,36.98638949551024,87.33803905894177
epigenomics_752_fast2bfq_100,34.31480940932557,88.21125919766334
epigenomics_752_fast2bfq_101,44.56325961603252,76.23371407495534
epigenomics_752_fast2bfq_102,44.36497730933948,84.76595319374367
epigenomics_752_fast2bfq_103,51.12702815987517,65.70891740940824
epigenomics_752_fast2bfq_104,64.60363604536883,77.65466166358334
epigenomics_752_fast2bfq_105,42.52851597558114,74.51926003607008
epigenomics_752_fast2bfq_106,47.491627828688,87.20051557980521
epigenomics_752_fast2bfq_107,70.1237392860806,83.48687017499486
epigenomics_752_fast2bfq_108,46.80948504693967,80.97961082631983
epigenomics_752_fast2bfq_109,36.405051808078134,76.81708653621484
epigenomics_752_fast2bfq_110,51.109733074038424,75.11970013865485
epigenomics_752_fast2bfq_111,50.501326788653635,79.96035750635961
epigenomics_752_fast2bfq_112,44.223554682504336,69.18609411792634
epigenomics_752_fast2bfq_113,41.500971660970116,89.29667809573684
epigenomics_752_fast2bfq_114,52.66937873070591,86.28709605408456
epigenomics_752_fast2bfq_115,52.43781620206256,74.73233825727968
epigenomics_752_fast2bfq_116,41.04663442204505,76.42626941875658
epigenomics_752_fast2bfq_117,46.48526653793683,73.06024117957394
epigenomics_752_fast2bfq_118,49.711429796823175,86.90419937144722
epigenomics_752_fast2bfq_119,45.13044678600468,73.99336575276288
epigenomics_752_fast2bfq_120,48.03655209483764,72.02901535239383
epigenomics_752_fast2bfq_121,42.04372502317939,83.34523597917646
epigenomics_752_fast2bfq_122,37.64708922304886,77.58589921992981
epigenomics_752_fast2bfq_123,39.87218980585021,81.1924157278926
epigenomics_752_fast2bfq_124,45.40489417161014,82.76675928734883
epigenomics_752_fast2bfq_125,40.35008003529473,82.7125768934204
epigenomics_752_fast2bfq_126,51.19271236874925,77.11365295404327
epigenomics_752_fast2bfq_127,47.80926179971453,72.42239778436812
epigenomics_752_fast2bfq_128,48.08897438952252,74.30165086175474
epigenomics_752_fast2bfq_129,43.107244057592105,91.87869305045258
epigenomics_752_fast2bfq_130,48.55633011875384,75.05750269512343
epigenomics_752_fast2bfq_131,42.44620208230443,74.2726643405051
epigenomics_752_fast2bfq_132,43.398694462450926,81.0965087191932
epigenomics_752_fast2bfq_133,46.61614400529384,72.91572767471948
epigenomics_752_fast2bfq_134,31.03587331303493,76.89450772689048
epigenomics_752_fast2bfq_135,39.56626462440603,83.55266171769891
epigenomics_752_fast2bfq_136,38.77181204928221,77.50995871173019
epigenomics_752_fast2bfq_137,28.766549435099108,75.48045971819508
epigenomics_752_fast2bfq_138,35.02028418391801,90.33907383026032
epigenomics_752_fast2bfq_139,56.74302703836657,86.91773735765017
epigenomics_752_fast2bfq_140,46.363629737400316,75.18400091186554
epigenomics_752_fast2bfq_141,43.82716460626788,77.68769558316293
epigenomics_752_fast2bfq_142,39.486228298110646,86.88935601640135
epigenomics_752_fast2bfq_143,42.445398277081786,74.83409447662359
epigenomics_752_fast2bfq_144,47.355932260355786,83.69139759347121
epigenomics_752_fast2bfq_145,47.39564297510469,75.33906374932592
epigenomics_752_fast2bfq_146,51.75263887064934,90.67099109219473
epigenomics_752_fast2bfq_147,47.56330772231139,69.55090394087233
epigenomics_752_fast2bfq_148,49.853231768397855,95.14670843650462
epigenomics_752_fast2bfq_149,47.4043439034064,83.10436344679395
epigenomics_752_fast2bfq_150,46.07394071292434,78.17780312794497
epigenomics_752_fast2bfq_151,53.3777202772281,84.1399743861449
epigenomics_752_fast2bfq_152,35.11164563387237,71.9555444878459
epigenomics_752_fast2bfq_153,44.885786019326126,84.61391396792297
epigenomics_752_fast2bfq_154,50.41964626882451,86.42468038989989
epigenomics_752_fast2bfq_155,44.61912229337058,87.94340693372823
epigenomics_752_fast2bfq_156,41.92713064569945,76.26535224384703
epigenomics_752_fast2bfq_157,51.55147286450111,85.90169461070977
epigenomics_752_fast2bfq_158,42.13585143216034,73.04159720526951
epigenomics_752_fast2bfq_159,41.6888544505451,67.42285078806408
epigenomics_752_fast2bfq_160,50.6005521484016,73.74242832210732
epigenomics_752_fast2bfq_161,44.46016998513085,78.95404893866812
epigenomics_752_fast2bfq_162,38.093186776061685,72.67440378193714
epigenomics_752_fast2bfq_163,51.09360206447799,75.59062085266457
epigenomics_752_fast2bfq_164,47.29185141969079,91.71681775910679
epigenomics_752_fast2bfq_165,37.3098278464511,71.71406118240286
epigenomics_752_fast2bfq_166,43.33391309543904,69.37831584587104
epigenomics_752_fast2bfq_167,42.348551338226684,72.52129672445687
epigenomics_752_fast2bfq_168,28.965692768567774,73.3910419607089
epigenomics_752_fast2bfq_169,48.32278436371999,80.1333919781752
epigenomics_752_fast2bfq_170,47.82249533528267,77.27520323258042
epigenomics_752_fast2bfq_171,35.52256048748417,82.28022603798165
epigenomics_752_fast2bfq_172,49.43253020110618,87.9425433917829
epigenomics_752_fast2bfq_173,48.529599978135636,86.7428748247893
epigenomics_752_fast2bfq_174,36.87320776087293,71.13324010368177
epigenomics_752_fast2bfq_175,44.49548244831953,81.08760932132866
epigenomics_752_fast2bfq_176,48.81168013199767,75.62819496492311
epigenomics_752_fast2bfq_177,46.86787891847901,67.94269343212986
epigenomics_752_fast2bfq_178,48.03913078903434,84.17439382200106
epigenomics_752_fast2bfq_179,49.89925305585659,85.81848788678313
epigenomics_752_fast2bfq_180,40.699494437512996,73.20265038075284
epigenomics_752_fast2bfq_181,41.08024189345642,88.67169380514878
epigenomics_752_fast2bfq_182,46.66580494647568,88.34727323852394
epigenomics_752_fast2bfq_183,35.60357120957275,74.51629567083887
epigenomics_752_fast2bfq_184,37.77123911515105,85.62320193358288
epigenomics_752_fast2bfq_185,39.46490708318801,75.02153709388855
epigenomics_752_fast2bfq_186,41.98111759763057,70.66920048349652
epigenomics_752_fast2bfq_187,33.97885584089957,85.63014526131428
epigenomics_752_fast2bfq_188,53.6597513534512,84.39715167302079
epigenomics_752_fast2bfq_189,39.15742056486755,86.48435352809474
epigenomics_752_fast2bfq_190,44.28603876944178,78.14300635072283
epigenomics_752_fast2bfq_191,49.165963282532935,80.91806895694126
epigenomics_752_fast2bfq_192,52.029182079865535,84.01059408397944
epigenomics_752_fast2bfq_193,61.86015868631084,85.31020809058971
epigenomics_752_fast2bfq_194,42.95251831634602,82.66683496059748
epigenomics_752_fast2bfq_195,41.66097139299062,71.56297376052356
epigenomics_752_fast2bfq_196,35.577211822353235,80.66555417448077
epigenomics_752_fast2bfq_197,56.99577563211164,80.44247970133658
epigenomics_752_fast2bfq_198,33.776834932238145,71.90292351629674
epigenomics_752_fast2bfq_199,41.63687049363549,83.23229746089388
epigenomics_752_fast2bfq_200,47.65426073343159,70.4969498787467
epigenomics_752_fast2bfq_201,52.0276714532567,79.44244357431445
epigenomics_752_fast2bfq_202,58.01273229862446,86.77749888895099
epigenomics_752_fast2bfq_203,46.139538916543316,68.2440772056423
epigenomics_752_fast2bfq_204,47.99172583946709,80.36336182785168
epigenomics_752_fast2bfq_205,36.63786251992245,71.91000922216756
epigenomics_752_fast2bfq_206,47.4238789269154,87.11357304493441
epigenomics_752_fast2bfq_207,46.97679217455407,73.07981491985049
epigenomics_752_fast2bfq_208,36.464350209277995,70.18837859337464
epigenomics_752_fast2bfq_209,41.51397893185752,78.60267244731996
epigenomics_752_fast2bfq_210,36.440253018859366,73.97769317695136
epigenomics_752_fast2bfq_211,39.75907943605253,79.83495862886168
epigenomics_752_fast2bfq_212,48.69220298389608,82.74143985821037
epigenomics_752_fast2bfq_213,42.698894040273125,72.03824485235677
epigenomics_752_fast2bfq_214,37.996646959862034,79.65943361642779
epigenomics_752_fast2bfq_215,35.43008509538943,85.39842823760763
epigenomics_752_fast2bfq_216,53.07185390551819,81.17373759252176
epigenomics_752_fast2bfq_217,43.675491273023354,84.6980361708008
epigenomics_752_fast2bfq_218,45.631022372632046,80.03961771477907
epigenomics_752_fast2bfq_219,41.54165348347911,79.11383402652385
epigenomics_752_fast2bfq_220,43.677405859068074,79.21246813747398
epigenomics_752_fast2bfq_221,35.633938353513955,90.79967037942683
epigenomics_752_fast2bfq_222,53.64822388670445,87.00225894295987
epigenomics_752_fast2bfq_223,54.113595658679756,83.36891702034731
epigenomics_752_fast2bfq_224,40.995675957906116,85.97449944156186
epigenomics_752_fast2bfq_225,44.399365884443526,90.44714397239247
epigenomics_752_fast2bfq_226,41.886221799716054,77.80654509128858
epigenomics_752_fast2bfq_227,47.12035852837459,78.91576203323973
epigenomics_752_fast2bfq_228,46.83927866164014,78.17261227685673
epigenomics_752_fast2bfq_229,44.93270150465914,77.50609736992531
epigenomics_752_fast2bfq_230,47.7027153438122,89.54927756620971
epigenomics_752_fast2bfq_231,47.070211998595845,77.00590737523419
epigenomics_752_fast2bfq_232,34.488078460165895,77.51476761578198
epigenomics_752_fast2bfq_233,38.45169989021448,80.16143645849668
epigenomics_752_fast2bfq_234,38.12579632985032,71.08573166635044
epigenomics_752_fast2bfq_235,37.658467186308755,78.17212108092065
epigenomics_752_fast2bfq_236,42.20600188372173,92.09330521722661
epigenomics_752_fast2bfq_237,49.638840857269074,78.0414167640932
epigenomics_752_fast2bfq_238,31.88383195499983,87.12165556968942
epigenomics_752_fast2bfq_239,41.25019460789766,78.25578748003488
epigenomics_752_fast2bfq_240,49.46944270513037,69.3077411939061
epigenomics_752_fast2bfq_241,39.635257967420564,90.593868565673
epigenomics_752_fast2bfq_242,44.48421598796105,77.7266847812044
epigenomics_752_fast2bfq_243,48.39909309674818,73.89188410742729
epigenomics_752_fast2bfq_244,40.74665924078477,95.86952974512302
epigenomics_752_fast2bfq_245,49.34785355614117,76.80308231183713
epigenomics_752_fast2bfq_246,34.220535099211034,84.00132887858028
epigenomics_752_fast2bfq_247,40.66991640651907,92.5403792982118
epigenomics_752_fast2bfq_248,42.06025880575275,96.4357294074016
epigenomics_752_fast2bfq_249,58.536629259395404,72.37950408612615
epigenomics_752_fast2bfq_250,34.45291885960009,57.3723679071781
epigenomics_752_fast2bfq_251,45.23575506933368,66.08770613105973
epigenomics_752_fast2bfq_252,38.12078793948978,95.1329147542712
epigenomics_752_fast2bfq_253,52.5285634189516,82.83969415187391
epigenomics_752_fast2bfq_254,44.03642935942393,97.3569042848537
epigenomics_752_fast2bfq_255,52.368080819081584,71.16391817002999
epigenomics_752_fast2bfq_256,52.72922684963878,76.58830680103274
epigenomics_752_fast2bfq_257,45.321050059766215,81.47266294587342
epigenomics_752_fast2bfq_258,48.81516121248462,75.5107671422493
epigenomics_752_fast2bfq_259,40.474184843446295,82.44099564619583
epigenomics_752_fast2bfq_260,48.033273625276756,67.79046118810699
epigenomics_752_fast2bfq_261,37.7162762135602,75.41549187885256
epigenomics_752_fast2bfq_262,39.070628107455576,77.12777791528322
epigenomics_752_fast2bfq_263,46.36490703393433,77.59363169718631
epigenomics_752_fast2bfq_264,45.72662454307688,76.04074090126527
epigenomics_752_fast2bfq_265,43.67017295724899,79.7937541086337
epigenomics_752_fast2bfq_266,43.81761220938098,72.00082574899906
epigenomics_752_fast2bfq_267,50.85919753957799,85.75281837027038
epigenomics_752_fast2bfq_268,45.55740802431768,98.16109798557939
epigenomics_752_fast2bfq_269,38.88019974037181,75.58213639962088
epigenomics_752_fast2bfq_270,39.67122158926523,71.2472491569283
epigenomics_752_fast2bfq_271,32.993414184711,84.5431324716418
epigenomics_752_fast2bfq_272,42.83330772533347,87.7170177176376
epigenomics_752_fast2bfq_273,43.84690313437403,80.0805060228931
epigenomics_752_fast2bfq_274,46.75209071564913,82.4005221927732
epigenomics_752_fast2bfq_275,57.0493584185957,70.99293939881255
epigenomics_752_fast2bfq_276,28.452496362630203,84.79607503858192
epigenomics_752_fast2bfq_277,44.35033076340797,82.96744586686458
epigenomics_752_fast2bfq_278,66.88948217638051,81.74145491956095
epigenomics_752_fast2bfq_279,38.234320335893585,79.34524216397752
epigenomics_752_fast2bfq_280,43.3861150621533,79.20305543665069
epigenomics_752_fast2bfq_281,37.43511953846722,80.55475061927872
epigenomics_752_fast2bfq_282,46.27429747563456,86.58014435708753
epigenomics_752_fast2bfq_283,48.75298000467164,91.66271514900816
epigenomics_752_fast2bfq_284,34.46652772115649,67.50896216087929
epigenomics_752_fast2bfq_285,41.93557537468149,68.86743182961493
epigenomics_752_fast2bfq_286,28.6352060873935,68.41334811323415
epigenomics_752_fast2bfq_287,50.08740565525246,70.66397642956476
epigenomics_752_fast2bfq_288,49.38188796721823,79.88964466048742
epigenomics_752_fast2bfq_289,40.78676599116382,82.14071401089619
epigenomics_752_fast2bfq_290,37.07819821854052,93.99004782207263
epigenomics_752_fast2bfq_291,54.75604715020852,91.4243736503606
epigenomics_752_fast2bfq_292,40.55791042465589,79.23727476922664
epigenomics_752_fast2bfq_293,48.05721028118422,94.75206658219977
epigenomics_752_fast2bfq_294,37.03327450660112,82.28109241447545
epigenomics_752_fast2bfq_295,42.20651685308262,79.45854041546623
epigenomics_752_fast2bfq_296,54.12971822330057,85.1620825996258
epigenomics_752_fast2bfq_297,55.55039873472675,73.23910595825696
epigenomics_752_fast2bfq_298,45.25029523587467,65.94598256775114
epigenomics_752_fast2bfq_299,34.69625984748504,80.34766144860114
epigenomics_752_fast2bfq_300,40.273905226329106,80.18045263300289
epigenomics_752_fast2bfq_301,39.91202027265416,78.72572815973045
epigenomics_752_fast2bfq_302,37.704505092650415,72.21903874731582
epigenomics_752_fast2bfq_303,31.112343906383444,86.85540852224881
epigenomics_752_fast2bfq_304,35.22006188375366,82.96447911382293
epigenomics_752_fast2bfq_305,58.74595025845976,75.49852633244687
epigenomics_752_fast2bfq_306,48.00442128242925,82.25265690189225
epigenomics_752_fast2bfq_307,49.28606582086077,82.4495750488925
epigenomics_752_fast2bfq_308,45.459746306166956,75.54368550824194
epigenomics_752_fast2bfq_309,39.3987834353697,90.78694468308248
epigenomics_752_fast2bfq_310,45.47067970572103,80.89845235381246
epigenomics_752_fast2bfq_311,55.97101254608695,92.41353115719879
epigenomics_752_fast2bfq_312,47.53614222718623,75.98608332229807
epigenomics_752_fast2bfq_313,31.623441838156886,76.68787254382211
epigenomics_752_fast2bfq_314,43.94056789250503,74.74192438408889
epigenomics_752_fast2bfq_315,51.34432896224912,75.64865072000897
epigenomics_752_fast2bfq_316,55.64530886571741,70.67981818298604
epigenomics_752_fast2bfq_317,61.82695634490406,67.6420913403281
epigenomics_752_fast2bfq_318,52.424999468022236,77.19927746864316
epigenomics_752_fast2bfq_319,47.56891919702438,73.8736460956058
epigenomics_752_fast2bfq_320,51.36688746024849,65.87181302304938
epigenomics_752_fast2bfq_321,50.048497946217495,74.62686412118659
epigenomics_752_fast2bfq_322,60.96785113020447,73.63154392472147
epigenomics_752_fast2bfq_323,43.865873436166424,81.74437022770226
epigenomics_752_fast2bfq_324,41.57169743988707,81.22558277752894
epigenomics_752_fast2bfq_325,50.80415579576541,76.37080484620331
epigenomics_752_fast2bfq_326,31.787003083934753,86.43385308759028
epigenomics_752_fast2bfq_327,47.36733828317747,79.11264012468294
epigenomics_752_fast2bfq_328,48.489205174463606,70.79035227676427
epigenomics_752_fast2bfq_329,51.217089178837114,75.7553562877412
epigenomics_752_fast2bfq_330,51.55186117405059,75.73444590365025
epigenomics_752_fast2bfq_331,59.92497067088505,83.23621605286024
epigenomics_752_fast2bfq_332,50.35300378350802,79.75831099924913
epigenomics_752_fast2bfq_333,35.85115528647487,83.24503217864047
epigenomics_752_fast2bfq_334,48.643155396611505,90.71164819262061
epigenomics_752_fast2bfq_335,56.00090728898555,85.13636602459135
epigenomics_752_fast2bfq_336,44.95007409485838,79.63925093472635
epigenomics_752_fast2bfq_337,45.414770819809384,73.69180034155653
epigenomics_752_fast2bfq_338,47.64082510520904,84.20467289827123
epigenomics_752_fast2bfq_339,50.60335563867455,77.30767388945992
epigenomics_752_fast2bfq_340,51.62895492743093,71.48007739430905
epigenomics_752_fast2bfq_341,46.86600621032917,84.72503837390298
epigenomics_752_fast2bfq_342,41.177373709490524,70.37937231364208
epigenomics_752_fast2bfq_343,49.514232997276686,76.63259994405175
epigenomics_752_fast2bfq_344,40.07579150699575,83.56170172009965
epigenomics_752_fast2bfq_345,42.05912368217504,88.09435891181093
epigenomics_752_fast2bfq_346,44.9022670308279,74.63695596361084
epigenomics_752_fast2bfq_347,55.91328497947514,83.46156997999
epigenomics_752_fast2bfq_348,36.670452741890145,76.91623417527373
epigenomics_752_fast2bfq_349,25.195635372149827,86.65124464384058
epigenomics_752_fast2bfq_350,30.701424884196527,80.77297868646988
epigenomics_752_fast2bfq_351,41.217986310609234,90.31505599772744
epigenomics_752_fast2bfq_352,43.813472804918746,83.64599303612594
epigenomics_752_fast2bfq_353,50.60799316045962,77.17000594291709
epigenomics_752_fast2bfq_354,49.5507251566309,89.1559266284417
epigenomics_752_fast2bfq_355,43.73751902733494,81.75865635344192
epigenomics_752_fast2bfq_356,48.58078552548288,87.55061488760838
epigenomics_752_fast2bfq_357,37.66385862259721,76.05500102681486
epigenomics_752_fast2bfq_358,42.486439711212896,81.4163122044386
epigenomics_752_fast2bfq_359,47.06723149743802,81.71434870163428
epigenomics_752_fast2bfq_360,37.444785059802946,82.63896034982129
epigenomics_752_fast2bfq_361,53.82063730473604,78.50405358655092
epigenomics_752_fast2bfq_362,50.73648662549127,81.77568276481387
epigenomics_752_fast2bfq_363,47.59552883133711,83.02661006516422
epigenomics_752_fast2bfq_364,41.08072732372627,90.06159167774685
epigenomics_752_fast2bfq_365,58.23383710883313,89.66493323700911
epigenomics_752_fast2bfq_366,49.01098141505149,83.64806582253644
epigenomics_752_fast2bfq_367,48.44707326374659,74.18382023558257
epigenomics_752_fast2bfq_368,55.695306113304824,67.01098972132095
epigenomics_752_fast2bfq_369,35.43390230349222,76.28398615213175
epigenomics_752_fast2bfq_370,43.607695683006845,79.33830629658758
epigenomics_752_fast2bfq_371,38.47145233010538,75.9099767308788
epigenomics_752_fast2bfq_372,43.93986409092956,87.33926788904452
epigenomics_752_fast2bfq_373,42.507351334460495,74.81519451137771
epigenomics_752_fast2bfq_374,50.212938182519196,77.93956600942268
epigenomics_752_fast2bfq_375,35.912732406333724,84.69836222688308
epigenomics_752_fast2bfq_376,42.87799574636551,75.97173160163418
epigenomics_752_fast2bfq_377,46.20170981447633,73.09640302480554
epigenomics_752_fast2bfq_378,46.52024134941937,78.51627162360286
epigenomics_752_fast2bfq_379,42.41193766263855,74.60581854838017
epigenomics_752_fast2bfq_380,37.29665183700305,82.44849371640157
epigenomics_752_fast2bfq_381,49.80576987899989,71.22680144102229
epigenomics_752_fast2bfq_382,54.01125847466814,62.14168254859447
epigenomics_752_fast2bfq_383,35.48844878887897,88.50485936385589
epigenomics_752_fast2bfq_384,39.33853084460551,81.52867756493465
epigenomics_752_fast2bfq_385,37.07009025563132,82.8483855094647
epigenomics_752_fast2bfq_386,51.576769901148836,84.43046538331089
epigenomics_752_fast2bfq_387,59.51761114296484,82.2451299451277
epigenomics_752_fast2bfq_388,34.777426086289694,80.35025864848984
epigenomics_752_fast2bfq_389,48.29502442927755,70.78674526293406
epigenomics_752_fast2bfq_390,57.288195988186374,91.18210796505554
epigenomics_752_fast2bfq_391,42.78339237242621,88.30794501842541
epigenomics_752_fast2bfq_392,60.414536512040506,80.47064186389153
epigenomics_752_fast2bfq_393,52.55927588050296,81.70572584099915
epigenomics_752_fast2bfq_394,44.139261441176636,85.33999086642669
epigenomics_752_fast2bfq_395,53.479921112097024,84.97696636321783
epigenomics_752_fast2bfq_396,45.84821501830851,74.26549719308343
epigenomics_752_fast2bfq_397,48.129246645630694,82.15873781759893
epigenomics_752_fast2bfq_398,39.44082225246246,73.8221419828101
epigenomics_752_fast2bfq_399,38.12660686673387,87.92388814201811
epigenomics_752_fast2bfq_400,48.949418400024435,92.74032872287891
epigenomics_752_fast2bfq_401,47.411819587427054,70.18664338141905
epigenomics_752_fast2bfq_402,54.734537869894815,84.92508613650622
epigenomics_752_fast2bfq_403,36.97733048967705,90.10128992388674
epigenomics_752_fast2bfq_404,44.14784534882387,81.24885891682435
epigenomics_752_fast2bfq_405,48.48662922022483,74.94695513727191
epigenomics_752_fast2bfq_406,48.1215065092238,84.2815260595455
epigenomics_752_fast2bfq_407,46.79664082142968,83.05498537695411
epigenomics_752_fast2bfq_408,49.90131884515781,78.73902497779943
epigenomics_752_fast2bfq_409,38.964132115415275,87.10228083754097
epigenomics_752_fast2bfq_410,45.32352132598805,80.75685447993705
epigenomics_752_fast2bfq_411,38.95625411763838,83.9451079617169
epigenomics_752_fast2bfq_412,51.24203609593314,69.66063898165582
epigenomics_752_fast2bfq_413,40.159713074735244,84.06767201838241
epigenomics_752_fast2bfq_414,44.20618055977945,83.27374108608554
epigenomics_752_fast2bfq_415,44.796518109455306,88.22997358733588
epigenomics_752_fast2bfq_416,70.35875702309238,79.93338395287903
epigenomics_752_fast2bfq_417,53.673485356825765,76.18437631954673
epigenomics_752_fast2bfq_418,37.58088489046632,81.37348829833246
epigenomics_752_fast2bfq_419,53.31303420905293,73.19221072199367
epigenomics_752_fast2bfq_420,45.23122572453121,71.7004140127078
epigenomics_752_fast2bfq_421,36.96711921920072,90.40688526406312
epigenomics_752_fast2bfq_422,35.35064982719621,76.5246182433742
epigenomics_752_fast2bfq_423,50.802493090014174,70.4902051182742
epigenomics_752_fast2bfq_424,33.64117820035109,81.3680870668101
epigenomics_752_fast2bfq_425,55.24979919118481,83.6725345884721
epigenomics_752_fast2bfq_426,43.772891577661824,65.29148229501082
epigenomics_752_fast2bfq_427,38.34663385984019,77.13851190500823
epigenomics_752_fast2bfq_428,57.075535690500125,84.83047088053878
epigenomics_752_fast2bfq_429,33.96430929298648,82.76730333002064
epigenomics_752_fast2bfq_430,46.683029958510424,78.64232794223058
epigenomics_752_fast2bfq_431,35.6700993493473,74.56365794228053
epigenomics_752_fast2bfq_432,56.171306730620806,90.8136024354756
epigenomics_752_fast2bfq_433,54.48240956929435,74.22728820155702
epigenomics_752_fast2bfq_434,40.126336293583776,80.44742400148682
epigenomics_752_fast2bfq_435,58.13146462900573,74.15479815519913
epigenomics_752_fast2bfq_436,39.161107975399176,80.96255746852017
epigenomics_752_fast2bfq_437,43.087455947860136,90.6817876885324
epigenomics_752_fast2bfq_438,48.06639771551775,79.16113963154872
epigenomics_752_fast2bfq_439,48.6519097373485,81.81155842894067
epigenomics_752_fast2bfq_440,45.45015563767844,85.36582617982376
epigenomics_752_fast2bfq_441,38.29467961435555,77.20954089919765
epigenomics_752_fast2bfq_442,34.916640169817896,70.07635430548433
epigenomics_752_fast2bfq_443,42.09877479580328,73.89452882702352
epigenomics_752_fast2bfq_444,30.627778805008578,73.22750041265365
epigenomics_752_fast2bfq_445,35.066355080181694,86.77782672600912
epigenomics_752_fast2bfq_446,32.26636773146221,69.23183906205071
epigenomics_752_fast2bfq_447,59.56193065367198,82.51212709644199
epigenomics_752_fast2bfq_448,53.579589440085925,82.68148540459681
epigenomics_752_fast2bfq_449,43.54738454699912,76.33762848449473
epigenomics_752_fast2bfq_450,32.64982894604648,70.95204696953107
epigenomics_752_fast2bfq_451,51.71438441492249,77.3191133594693
epigenomics_752_fast2bfq_452,49.030367821272336,81.33352085305118
epigenomics_752_fast2bfq_453,52.09119592273166,76.66185941318516
epigenomics_752_fast2bfq_454,42.90850652381334,79.62509131167708
epigenomics_752_fast2bfq_455,36.38007856101766,73.77060881464993
epigenomics_752_fast2bfq_456,47.849026448637986,79.27371867528271
epigenomics_752_fast2bfq_457,54.45089509799147,71.82542094725828
epigenomics_752_fast2bfq_458,38.637985817521454,67.69853560561003
epigenomics_752_fast2bfq_459,35.76389968572157,88.83577894772155
epigenomics_752_fast2bfq_460,39.25774335602438,83.54258364574156
epigenomics_752_fast2bfq_461,37.37384571971157,74.51441219046356
epigenomics_752_fast2bfq_462,42.417917303182335,82.92542549338812
epigenomics_752_fast2bfq_463,44.78039649950345,83.87980132532971
epigenomics_752_fast2bfq_464,43.92594258995908,85.40682571608444
epigenomics_752_fast2bfq_465,39.992722335000764,75.19685341267218
epigenomics_752_fast2bfq_466,37.31096515461965,86.75941507840702
epigenomics_752_fast2bfq_467,43.80132701847647,78.25067044586903
epigenomics_752_fast2bfq_468,47.95211611379994,76.41287946307583
epigenomics_752_fast2bfq_469,35.10821789210971,89.93786519341255
epigenomics_752_fast2bfq_470,43.859779814081364,87.00399109522702
epigenomics_752_fast2bfq_471,38.85648011474667,74.38645551409653
epigenomics_752_fast2bfq_472,41.61323899271404,67.64377329738598
epigenomics_752_fast2bfq_473,41.1765649203591,79.55682169403974
epigenomics_752_fast2bfq_474,40.220742088698735,78.1968521653719
epigenomics_752_fast2bfq_475,43.56986857626808,87.05311232139088
epigenomics_752_fast2bfq_476,48.377802848882844,89.24220902172026
epigenomics_752_fast2bfq_477,49.07385743376387,76.95990977446499
epigenomics_752_fast2bfq_478,42.80333601985569,85.97966064230371
epigenomics_752_fast2bfq_479,47.283838924903094,72.72413873616777
epigenomics_752_fast2bfq_480,46.89283490127368,73.95221849464745
epigenomics_752_fast2bfq_481,43.19273165545949,89.44163394061266
epigenomics_752_fast2bfq_482,47.534022666977215,83.87767357672263
epigenomics_752_fast2bfq_483,38.35174616140148,74.62150506082409
epigenomics_752_fast2bfq_484,48.44771514770379,89.49258229842293
epigenomics_752_fast2bfq_485,51.537065506535576,78.02453111699101
epigenomics_752_fast2bfq_486,36.66098234415625,88.89536042617856
epigenomics_752_fast2bfq_487,43.783702975442175,83.08101169620107
epigenomics_752_fast2bfq_488,55.075215280884166,88.85710345611109
epigenomics_752_fast2bfq_489,46.13430318488607,80.35630370321357
epigenomics_752_fast2bfq_490,50.53900990801529,83.43903496149926
epigenomics_752_fast2bfq_491,45.48573266350411,76.34982639741102
epigenomics_752_fast2bfq_492,40.56796636504062,81.79421054810773
epigenomics_752_fast2bfq_493,38.643470973087595,78.17526293462659
epigenomics_752_fast2bfq_494,42.76228682571073,57.285922032817055
epigenomics_752_fast2bfq_495,41.21255555164986,87.96411037192391
epigenomics_752_fast2bfq_496,41.62960433432675,71.30433146978733
epigenomics_752_fast2bfq_497,32.00725467527261,74.58218791229326
epigenomics_752_fast2bfq_498,47.17048873924216,87.30681302805355
epigenomics_752_fast2bfq_499,26.3559321823538,77.86416294182312
epigenomics_752_map_0,9859.709450219987,177.99276394299943
epigenomics_752_map_1,9754.50182226035,181.67866888549963
epigenomics_752_map_2,9011.35820362113,198.88091396613703
epigenomics_752_map_3,10303.33968093673,176.80889068133902
epigenomics_752_map_4,10381.294443825182,183.12654993572644
epigenomics_752_map_5,10609.282747874975,187.01400457959954
epigenomics_752_map_6,10816.913021128434,187.14098614057093
epigenomics_752_map_7,10255.399415055932,191.8434250991579
epigenomics_752_map_8,10343.982633000542,184.24351338549184
epigenomics_752_map_9,10487.30635827659,185.64300924863605
epigenomics_752_map_10,9940.888192674227,183.54914412544508
epigenomics_752_map_11,9786.642345781102,185.89563634993763
epigenomics_752_map_12,9384.512754892992,187.75733984183495
epigenomics_752_map_13,9843.058470767448,183.09750766043726
epigenomics_752_map_14,10415.089541346484,181.9379919442148
epigenomics_752_map_15,9666.65369239172,188.56811892576604
epigenomics_752_map_16,9550.457764226012,182.0859659333504
epigenomics_752_map_17,8827.354177801719,183.0752677237234
epigenomics_752_map_18,10162.750680333245,187.52919132155012
epigenomics_752_map_19,11032.924456548091,188.700030933212
epigenomics_752_map_20,10415.047674606296,186.62944549169615
epigenomics_752_map_21,8863.685734467152,179.6964792929583
epigenomics_752_map_22,10873.858524607029,180.51247357174503
epigenomics_752_map_23,10328.983207140926,193.4290349277251
epigenomics_752_map_24,9837.040660982462,188.89746192002164
epigenomics_752_map_25,9754.521401223119,175.67713100762148
epigenomics_752_map_26,10335.716382977089,175.78768289146464
epigenomics_752_map_27,10192.60823460135,183.61471349174093
epigenomics_752_map_28,10039.941950268383,183.4946119178922
epigenomics_752_map_29,10268.077519777065,188.94801043387793
epigenomics_752_map_30,9892.013822574127,187.02588550470077
epigenomics_752_map_31,10292.851050512523,180.02937063331248
epigenomics_752_map_32,10724.143175409172,189.36023653310752
epigenomics_752_map_33,9033.164713422942,185.55428110291086
epigenomics_752_map_34,10371.476410051546,189.9182327412594
epigenomics_752_map_35,9728.307988204442,181.28314774053405
epigenomics_752_map_36,10715.60454044362,186.7122811694163
epigenomics_752_map_37,10736.562478141017,196.7679883599825
epigenomics_752_map_38,9982.398215652765,183.58462283424782
epigenomics_752_map_39,9670.813950742488,179.0766357356924
epigenomics_752_map_40,10688.747337500714,184.89057290680603
epigenomics_752_map_41,9705.858485749468,177.44795835288377
epigenomics_752_map_42,10038.35243937218,178.74387339548466
epigenomics_752_map_43,10449.73754371666,177.49112354726444
epigenomics_752_map_44,10758.955232676188,185.1647258167251
epigenomics_752_map_45,10726.272949572507,179.60051973146605
epigenomics_752_map_46,10205.165092574724,187.26531549685308
epigenomics_752_map_47,8762.272828950918,192.89332891272497
epigenomics_752_map_48,11057.744309006677,196.20366723717646
epigenomics_752_map_49,9758.693883788326,185.94905013314875
epigenomics_752_map_50,9494.52937535949,184.98341232118284
epigenomics_752_map_51,9645.094587599031,175.39228094035275
epigenomics_752_map_52,9617.755240084976,193.90859133678916
epigenomics_752_map_53,9300.747809604352,181.44487742717368
epigenomics_752_map_54,10374.391373314327,191.0832959287311
epigenomics_752_map_55,9452.670782486715,182.50111862537838
epigenomics_752_map_56,9151.60748377827,170.58223911541913
epigenomics_752_map_57,9478.614845720354,176.66174860119463
epigenomics_752_map_58,10260.949423939119,190.18794242811197
epigenomics_752_map_59,10046.577903519552,191.57786098510564
epigenomics_752_map_60,10053.868595781172,181.33898782791016
epigenomics_752_map_61,9796.127843905084,190.803400731292
epigenomics_752_map_62,9630.831793378095,183.81591752106837
epigenomics_752_map_63,8980.041540035587,188.1639989219606
epigenomics_752_map_64,9678.809056394406,192.45468604350432
epigenomics_752_map_65,9809.723688890275,194.41293441580436
epigenomics_752_map_66,10215.73260865344,183.0257187498583
epigenomics_752_map_67,10275.697553946013,181.3780831484298
epigenomics_752_map_68,10375.698153050047,182.86917397928082
epigenomics_752_map_69,9021.38022998291,181.04405537672852
epigenomics_752_map_70,10390.469559652951,190.6691554798897
epigenomics_752_map_71,9584.58610638949,188.73865723089105
epigenomics_752_map_72,8909.346365456835,188.99593514465397
epigenomics_752_map_73,10046.100562926957,179.78029487579235
epigenomics_752_map_74,10011.928282348996,183.146842971872
epigenomics_752_map_75,10517.139580198791,177.9061456117883
epigenomics_752_map_76,10178.991956603317,192.04262920014472
epigenomics_752_map_77,10707.430683582026,185.36556210440452
epigenomics_752_map_78,9712.079630685663,176.29954633916608
epigenomics_752_map_79,10633.562818677357,182.40059258476995
epigenomics_752_map_80,10178.548106690265,176.9598995118804
epigenomics_752_map_81,10159.388986338618,178.1299013866719
epigenomics_752_map_82,9336.067246942892,190.2363499461555
epigenomics_752_map_83,10182.337657685805,186.32242227599968
epigenomics_752_map_84,10050.011121711092,186.62944942417786
epigenomics_752_map_85,10200.653696593836,179.12381929842198
epigenomics_752_map_86,9525.887668525951,187.43387754986733
epigenomics_752_map_87,10134.480613350455,187.83409874877165
epigenomics_752_map_88,10145.271322546752,186.76517272647266
epigenomics_752_map_89,9631.754806964515,183.38119721023403
epigenomics_752_map_90,9838.27529374935,191.72460274287778
epigenomics_752_map_91,10346.59128802022,186.98670896708379
epigenomics_752_map_92,10100.552497243283,195.09100006353083
epigenomics_752_map_93,9413.526528397491,179.07975150205536
epigenomics_752_map_94,9814.302608188415,180.20991940163182
epigenomics_752_map_95,9229.347661031672,177.93418049508094
epigenomics_752_map_96,9653.119682721912,183.63334628178018
epigenomics_752_map_97,9468.741488756703,185.477936917671
epigenomics_752_map_98,9823.454319556422,180.8233097328515
epigenomics_752_map_99,10071.606460703384,194.34240944671708
epigenomics_752_map_100,9773.177036266516,175.7196176593382
epigenomics_752_map_101,9902.562672016613,181.77777360472635
epigenomics_752_map_102,10373.243574102895,178.56438010518167
epigenomics_752_map_103,9884.417870439,188.29277493636778
epigenomics_752_map_104,9732.07798719088,190.3044829303066
epigenomics_752_map_105,9924.009814636658,185.47874403245723
epigenomics_752_map_106,9842.801603650598,181.2067368009399
epigenomics_752_map_107,9784.352207190212,190.94574024910722
epigenomics_752_map_108,10481.261999998209,187.74353385560158
epigenomics_752_map_109,10249.52535088316,185.7255020399586
epigenomics_752_map_110,10394.776452682217,187.45335659492068
epigenomics_752_map_111,10037.58850599309,193.97724329352562
epigenomics_752_map_112,10199.12967000084,188.09026194269478
epigenomics_752_map_113,9909.03026713659,187.1705599967573
epigenomics_752_map_114,8847.66346978197,183.45435087591207
epigenomics_752_map_115,10645.45552731277,180.03249455873868
epigenomics_752_map_116,10826.561417776249,186.36524742934148
epigenomics_752_map_117,10029.952578200828,174.1469990928366
epigenomics_752_map_118,8788.652556509522,178.3385240968592
epigenomics_752_map_119,9938.287950645585,185.60483679420705
epigenomics_752_map_120,10534.342994946828,191.42496601965354
epigenomics_752_map_121,10133.261810609163,181.9409762139424
epigenomics_752_map_122,9980.78006038366,184.8365728991535
epigenomics_752_map_123,10533.266729208446,176.88031271485255
epigenomics_752_map_124,10792.672541635864,193.04144877989359
epigenomics_752_map_125,10754.986072229904,179.61102314295042
epigenomics_752_map_126,9617.28945473276,179.30073509574663
epigenomics_752_map_127,9196.817648900058,183.85490642671795
epigenomics_752_map_128,9464.376087463519,181.93056734239195
epigenomics_752_map_129,10605.105311069798,171.66866420116816
epigenomics_752_map_130,9766.232613154783,193.4534194291689
epigenomics_752_map_131,10923.719548854442,185.88577479582017
epigenomics_752_map_132,10045.30375745207,193.61773755934462
epigenomics_752_map_133,10358.460095676193,190.23238549143116
epigenomics_752_map_134,9556.554401273466,172.11146252400135
epigenomics_752_map_135,10122.640017058617,179.59316141870246
epigenomics_752_map_136,9431.614183756245,180.55366524055302
epigenomics_752_map_137,9697.143458607363,191.99487712467055
epigenomics_752_map_138,9795.344385112174,189.79228575094177
epigenomics_752_map_139,10417.343859942735,184.57486601603827
epigenomics_752_map_140,8526.069816300143,194.40667810118399
epigenomics_752_map_141,9253.863198413563,177.24098393870457
epigenomics_752_map_142,9075.676085587735,181.56825957498606
epigenomics_752_map_143,10216.335028305872,193.1306101888569
epigenomics_752_map_144,10243.648775496324,175.575486280181
epigenomics_752_map_145,9850.355216800166,188.0616471250271
epigenomics_752_map_146,10611.271488752587,185.84459640662
epigenomics_752_map_147,9514.030787562935,190.49806124179352
epigenomics_752_map_148,10171.99616739114,182.35848814650404
epigenomics_752_map_149,9942.74585684764,183.62820811124286
epigenomics_752_map_150,10077.208633720023,184.41694109322728
epigenomics_752_map_151,9500.172440884053,181.68980479047593
epigenomics_752_map_152,9168.69707204859,185.6702738573427
epigenomics_752_map_153,9562.721374464658,188.3892035818406
epigenomics_752_map_154,10309.60861970693,179.31171720607486
epigenomics_752_map_155,10399.534697918463,183.22921620618808
epigenomics_752_map_156,10674.2776041629,183.61748147604357
epigenomics_752_map_157,10001.70228839168,181.19880455630428
epigenomics_752_map_158,9776.885671365695,184.82875352821532
epigenomics_752_map_159,9712.317336151213,190.90287358065828
epigenomics_752_map_160,10371.387668208059,192.65694650425485
epigenomics_752_map_161,9965.424604431608,184.13652664900778
epigenomics_752_map_162,10264.933973698324,188.10818288409783
epigenomics_752_map_163,10676.594530477256,190.46018100972032
epigenomics_752_map_164,9978.090124728044,176.73054781556823
epigenomics_752_map_165,10283.56987417685,177.36519847298126
epigenomics_752_map_166,9360.998656195501,177.99511659194664
epigenomics_752_map_167,11073.770773609078,176.97312700577356
epigenomics_752_map_168,9759.100112264154,184.00789762688763
epigenomics_752_map_169,9460.268019673333,192.9618172823963
epigenomics_752_map_170,9809.206986497504,179.45831778481775
epigenomics_752_map_171,10497.61298541152,187.54324245376137
epigenomics_752_map_172,9605.61835926049,181.09739534840492
epigenomics_752_map_173,9537.558612539791,184.47875243239898
epigenomics_752_map_174,9731.00503661501,183.81543365770156
epigenomics_752_map_175,10972.671763820505,182.91686250438192
epigenomics_752_map_176,11106.801743236865,178.78325467065088
epigenomics_752_map_177,10327.743191655214,182.17866317155384
epigenomics_752_map_178,10250.28992353078,195.8612755391191
epigenomics_752_map_179,9283.851321619946,182.84039594830426
epigenomics_752_map_180,10497.491456649552,181.48945648787185
epigenomics_752_map_181,10120.932168740535,190.38994508099984
epigenomics_752_map_182,9315.214076844492,184.78919079659735
epigenomics_752_map_183,9534.540355974748,183.702824678239
epigenomics_752_map_184,10219.783148916611,185.2670241474092
epigenomics_752_map_185,10546.54626463837,191.25425267535923
epigenomics_752_map_186,10383.417133569732,183.84877682066772
epigenomics_752_map_187,10483.943533141934,188.26378990632594
epigenomics_752_map_188,10605.170293841104,172.3559266608924
epigenomics_752_map_189,9877.880640035133,191.4253422965693
epigenomics_752_map_190,9687.243187166068,179.14510790973608
epigenomics_752_map_191,10075.037526609458,191.0024954517398
epigenomics_752_map_192,9396.092723262402,189.110544436304
epigenomics_752_map_193,10732.032355809657,184.1375661595491
epigenomics_752_map_194,9503.004322964583,185.9958270770433
epigenomics_752_map_195,10124.142077070574,192.0090242373636
epigenomics_752_map_196,9970.693530141969,179.88481521660785
epigenomics_752_map_197,10627.434128052337,173.34303310592253
epigenomics_752_map_198,9978.216778699742,188.35297679430056
epigenomics_752_map_199,10380.585573793755,182.56230229915727
epigenomics_752_map_200,9664.06987634938,182.58162954800687
epigenomics_752_map_201,9990.318340099491,180.69812886266152
epigenomics_752_map_202,9123.254122713002,188.4703920781104
epigenomics_752_map_203,9675.124456791993,181.60152335518163
epigenomics_752_map_204,9760.23105396124,178.66783219354912
epigenomics_752_map_205,10180.930071364064,184.31723489459
epigenomics_752_map_206,9915.385979838995,188.71530967547608
epigenomics_752_map_207,9986.851803105428,183.56767590389327
epigenomics_752_map_208,9723.171567380346,180.5227249268738
epigenomics_752_map_209,10153.395423751843,187.04317263125233
epigenomics_752_map_210,9991.470058590307,186.0404087336163
epigenomics_752_map_211,10040.440242693725,184.7256473514726
epigenomics_752_map_212,9362.566810244625,182.5103259690327
epigenomics_752_map_213,10590.369960376109,181.08502511317303
epigenomics_752_map_214,9729.72492114075,184.67813393837295
epigenomics_752_map_215,9791.756268510973,187.36112204127195
epigenomics_752_map_216,9989.166564288967,183.68010532079754
epigenomics_752_map_217,10371.276148314566,184.11289010473067
epigenomics_752_map_218,9893.873675226796,184.9363625953761
epigenomics_752_map_219,10360.233889586887,184.5423037988353
epigenomics_752_map_220,9950.141813853052,183.11541601904722
epigenomics_752_map_221,10455.704834954251,187.86768486975035
epigenomics_752_map_222,10241.79595820947,184.09762608856775
epigenomics_752_map_223,9996.965559724673,183.39814894764433
epigenomics_752_map_224,9677.350398570426,186.7756545241444
epigenomics_752_map_225,9687.097982166208,184.40268374664768
epigenomics_752_map_226,10272.26565536871,190.19063171683234
epigenomics_752_map_227,9179.643321212108,182.03473606870438
epigenomics_752_map_228,9628.427468108212,188.41339066245962
epigenomics_752_map_229,10477.991780934986,174.74216937505778
epigenomics_752_map_230,10019.38450643067,191.68466233985512
epigenomics_752_map_231,9556.826822109442,188.2536191151113
epigenomics_752_map_232,10171.717721654675,187.88267228895685
epigenomics_752_map_233,9721.245851462258,175.92569042244943
epigenomics_752_map_234,9711.96803945489,181.38109128130347
epigenomics_752_map_235,9544.343384849173,187.9486307553662
epigenomics_752_map_236,9484.407347833305,175.33771634129846
epigenomics_752_map_237,9622.938224042868,188.36741552487564
epigenomics_752_map_238,10788.71164888498,187.4058713249394
epigenomics_752_map_239,10506.78090881499,184.3491100623801
epigenomics_752_map_240,10229.780427695556,188.4837137868259
epigenomics_752_map_241,9789.042158025759,185.98866312192135
epigenomics_752_map_242,10105.16698130473,181.89174076830986
epigenomics_752_map_243,9388.301357435197,182.7243363560203
epigenomics_752_map_244,11184.881740783325,185.15249452982715
epigenomics_752_map_245,9684.267871169666,181.45665187567639
epigenomics_752_map_246,9685.490839257574,186.48943438516017
epigenomics_752_map_247,10020.670153170007,182.37471647902683
epigenomics_752_map_248,10121.457764681469,182.6276461270418
epigenomics_752_map_249,10372.303433111645,184.71464025205808
epigenomics_752_map_250,10705.277924258657,177.6510745312128
epigenomics_752_map_251,11190.730152052553,177.79271655433357
epigenomics_752_map_252,10001.254303042415,178.53423631310588
epigenomics_752_map_253,9692.48029827576,194.5859196402264
epigenomics_752_map_254,9026.234020307022,187.61884421559708
epigenomics_752_map_255,10398.819405695152,181.7513506437115
epigenomics_752_map_256,9890.856880959009,191.15515192795382
epigenomics_752_map_257,11065.365263306412,190.62957713348226
epigenomics_752_map_258,10529.980996351345,187.11120346491793
epigenomics_752_map_259,10138.420520218999,181.42078008436118
epigenomics_752_map_260,9843.491564745065,189.32722393627665
epigenomics_752_map_261,10388.205188041575,193.89212737277012
epigenomics_752_map_262,10320.158607835021,191.09199537002067
epigenomics_752_map_263,9768.37448596607,188.2019199345353
epigenomics_752_map_264,9723.078072461023,191.7724088766938
epigenomics_752_map_265,10891.682169425818,185.7149095104326
epigenomics_752_map_266,10070.409103221342,190.03442253308933
epigenomics_752_map_267,9848.824533712124,187.22105157847227
epigenomics_752_map_268,9889.123843956833,191.82949998796266
epigenomics_752_map_269,10256.52922341401,179.8807494139694
epigenomics_752_map_270,9562.831681680533,191.03651451077036
epigenomics_752_map_271,9866.650765346467,184.40728870748418
epigenomics_752_map_272,9968.573074663795,194.52785947799012
epigenomics_752_map_273,10062.330332642256,186.56253623255543
epigenomics_752_map_274,10101.458409262994,183.97193409781747
epigenomics_752_map_275,10006.94334312819,180.8578610161673
epigenomics_752_map_276,10704.30124637777,187.06850862530698
epigenomics_752_map_277,9987.483698838074,188.95580841815612
epigenomics_752_map_278,10394.701417936392,179.78106153263911
epigenomics_752_map_279,9369.29262548089,188.53989436955254
epigenomics_752_map_280,9967.31667896784,182.8885608793638
epigenomics_752_map_281,10353.893353160647,192.12477873872916
epigenomics_752_map_282,9996.56086029049,190.00374880725676
epigenomics_752_map_283,10112.692639624009,182.70734325796298
epigenomics_752_map_284,10094.432083501428,193.8032463651476
epigenomics_752_map_285,9452.391907984284,186.53483395423228
epigenomics_752_map_286,10712.919239816785,184.14529750771993
epigenomics_752_map_287,9341.769501264776,187.26751044578342
epigenomics_752_map_288,9508.698687433596,185.80436939983963
epigenomics_752_map_289,9985.853561824157,182.5670674350738
epigenomics_752_map_290,10036.683704610708,185.4539374549735
epigenomics_752_map_291,9422.353832832585,190.34692348909581
epigenomics_752_map_292,9544.854917690192,190.37379872225293
epigenomics_752_map_293,10188.139989781563,188.24912255754225
epigenomics_752_map_294,8816.700135000898,186.8910158263703
epigenomics_752_map_295,9933.003415437885,184.24316839350922
epigenomics_752_map_296,10070.404753172501,189.68044521519093
epigenomics_752_map_297,9206.43001491959,185.55105196233737
epigenomics_752_map_298,9587.676770762042,179.70437678069172
epigenomics_752_map_299,9419.0315680378,185.01086652795445
epigenomics_752_map_300,10814.608910984492,182.36169432313014
epigenomics_752_map_301,10193.807593356358,193.26100077810383
epigenomics_752_map_302,11072.543363632216,173.56052781096892
epigenomics_752_map_303,9700.432861764923,187.37454294459536
epigenomics_752_map_304,10229.440340892996,186.54878691096053
epigenomics_752_map_305,10084.967529697104,195.00396414586027
epigenomics_752_map_306,10936.51973579217,184.2826541921138
epigenomics_752_map_307,8712.106263302496,183.86452042129565
epigenomics_752_map_308,9715.06396857277,187.1665196324492
epigenomics_752_map_309,10066.21960016105,179.1291821992454
epigenomics_752_map_310,10690.623613205164,175.69632868418253
epigenomics_752_map_311,10144.40898933489,188.0793036760854
epigenomics_752_map_312,10988.41882301303,191.37418192699582
epigenomics_752_map_313,10366.33317601841,183.25494925506243
epigenomics_752_map_314,11184.93978015955,189.23211636429997
epigenomics_752_map_315,10045.338423373982,184.0583886717968
epigenomics_752_map_316,10164.927192011331,180.00269505937024
epigenomics_752_map_317,9772.077097946034,181.87271060409833
epigenomics_752_map_318,10150.19345772548,183.9988179407908
epigenomics_752_map_319,10148.447048964266,190.04800713310175
epigenomics_752_map_320,9680.356211098397,183.02615619944837
epigenomics_752_map_321,10273.34326144657,182.21806144489761
epigenomics_752_map_322,10211.705755377609,189.96264942748473
epigenomics_752_map_323,9181.380594333083,183.33006135938987
epigenomics_752_map_324,10244.142702247851,188.84410753288154
epigenomics_752_map_325,9552.072003187395,179.52198970005173
epigenomics_752_map_326,9333.675597696974,190.24033508116165
epigenomics_752_map_327,10303.630478209561,184.64177460032977
epigenomics_752_map_328,9940.844365603769,188.17866043198046
epigenomics_752_map_329,9974.784102074938,182.44747914356844
epigenomics_752_map_330,9975.38613962451,184.92454340181195
epigenomics_752_map_331,10720.345134455787,171.92612267763394
epigenomics_752_map_332,10034.71153283055,188.17036375685066
epigenomics_752_map_333,10564.404232299383,189.762153074917
epigenomics_752_map_334,9754.429415391374,187.27461924340426
epigenomics_752_map_335,10152.878015465438,187.48513624699936
epigenomics_752_map_336,10182.555438206688,194.25721336620128
epigenomics_752_map_337,10043.439481061034,188.18904317810396
epigenomics_752_map_338,9943.919492252398,191.36954304770387
epigenomics_752_map_339,10230.60603910957,182.86369250438875
epigenomics_752_map_340,9205.247523754377,176.47977360030842
epigenomics_752_map_341,10434.521135175451,183.50383977063765
epigenomics_752_map_342,9556.079261017227,187.68018522715215
epigenomics_752_map_343,11439.56588713533,183.10398783339244
epigenomics_752_map_344,10282.05660201039,186.5272254908177
epigenomics_752_map_345,9831.95870657583,185.51731534269152
epigenomics_752_map_346,10538.819075475194,182.94384606966537
epigenomics_752_map_347,10279.015825651071,188.23872950767304
epigenomics_752_map_348,9143.768065645221,177.71503659784952
epigenomics_752_map_349,10167.437277089017,185.69926917849588
epigenomics_752_map_350,8849.647579486173,189.11040271220244
epigenomics_752_map_351,10194.657344165242,200.3929376263967
epigenomics_752_map_352,10500.806378036814,179.7846742489864
epigenomics_752_map_353,9741.709381623274,188.99670851186835
epigenomics_752_map_354,9412.708787464237,182.17655888129028
epigenomics_752_map_355,9515.388531973236,188.32912670095158
epigenomics_752_map_356,10348.101885225715,182.16506005808606
epigenomics_752_map_357,9808.951350742183,194.81140084376955
epigenomics_752_map_358,9635.996840145837,186.8176391454091
epigenomics_752_map_359,9671.872504675363,183.7090429139774
epigenomics_752_map_360,9761.656823744546,188.04501997755386
epigenomics_752_map_361,10093.22146887638,196.80271229824427
epigenomics_752_map_362,10752.742679195644,184.2600401051066
epigenomics_752_map_363,10329.677662337275,181.45677784788904
epigenomics_752_map_364,9272.421180194842,183.92394919546086
epigenomics_752_map_365,10088.808150333174,186.6485299728091
epigenomics_752_map_366,9077.480595395875,181.75082898190632
epigenomics_752_map_367,10617.165432778595,184.9367989690141
epigenomics_752_map_368,9434.201281169911,194.80980885478036
epigenomics_752_map_369,10425.489254107104,181.30972691501623
epigenomics_752_map_370,10223.317561524294,191.59802248760732
epigenomics_752_map_371,9585.65645637302,184.80924401632527
epigenomics_752_map_372,10231.224840182684,183.22543672908506
epigenomics_752_map_373,10371.861220712755,185.01087975558184
epigenomics_752_map_374,10026.120866221276,190.84280376106076
epigenomics_752_map_375,10735.775034021086,189.57257126534378
epigenomics_752_map_376,9594.16039525783,188.93885527730146
epigenomics_752_map_377,9780.515646585582,181.05947742576598
epigenomics_752_map_378,10345.80083798329,190.16735117716038
epigenomics_752_map_379,10089.136399506988,183.49006600218368
epigenomics_752_map_380,9780.061197053012,189.27881243382907
epigenomics_752_map_381,9697.302167509311,175.58611323472664
epigenomics_752_map_382,9361.532040783704,182.85270944506541
epigenomics_752_map_383,9789.251799829699,190.5955551787519
epigenomics_752_map_384,9619.712485078218,184.4516212922084
epigenomics_752_map_385,10438.931773919614,178.4976463706123
epigenomics_752_map_386,10283.69051484665,187.19049719363906
epigenomics_752_map_387,10069.56972486982,182.00161300484734
epigenomics_752_map_388,10585.271248645058,192.9805489233361
epigenomics_752_map_389,10017.46069238893,192.62553766505187
epigenomics_752_map_390,9449.325123112318,182.01210208064546
epigenomics_752_map_391,10202.999320983943,192.93670940662457
epigenomics_752_map_392,10272.399292651464,186.41269556060368
epigenomics_752_map_393,10267.70274837723,185.73911789235635
epigenomics_752_map_394,9162.979517265063,188.61550918956394
epigenomics_752_map_395,10432.402048951662,186.90178497764498
epigenomics_752_map_396,9814.698863570042,181.30874522966008
epigenomics_752_map_397,9458.04343244771,178.61353306794962
epigenomics_752_map_398,9638.96429913497,186.68928753742696
epigenomics_752_map_399,9913.043483036636,173.6900552325247
epigenomics_752_map_400,9981.705419395747,189.35109068447548
epigenomics_752_map_401,10531.573705611921,192.3124812631731
epigenomics_752_map_402,10087.867537057391,178.6159455954872
epigenomics_752_map_403,9933.029727072944,188.2828460189255
epigenomics_752_map_404,8987.307378948813,189.41070461937784
epigenomics_752_map_405,11296.206210633292,178.99204354143674
epigenomics_752_map_406,9803.469551196493,186.92873424428038
epigenomics_752_map_407,9955.649672399635,181.4816488189351
epigenomics_752_map_408,9983.912075461034,178.31048602721918
epigenomics_752_map_409,10816.612833732392,189.39997451914707
epigenomics_752_map_410,10298.035952584738,181.48309245762684
epigenomics_752_map_411,10135.448254796453,193.20859056858674
epigenomics_752_map_412,9729.489437750633,188.48583791395922
epigenomics_752_map_413,9727.964927965419,177.11878849837672
epigenomics_752_map_414,10901.693935657437,174.97639576573135
epigenomics_752_map_415,10232.530659081718,184.42244048399553
epigenomics_752_map_416,9889.831140710594,183.0203791224228
epigenomics_752_map_417,10863.973080428277,182.5534177915029
epigenomics_752_map_418,10417.91273809957,176.05323292584865
epigenomics_752_map_419,10843.4875351459,177.80412742657626
epigenomics_752_map_420,10565.37122590537,184.7175769282022
epigenomics_752_map_421,9813.278270946099,179.561826666071
epigenomics_752_map_422,8551.193847356162,181.96996466828628
epigenomics_752_map_423,10977.040541237706,183.56044911106613
epigenomics_752_map_424,10153.220148521288,183.06846564846103
epigenomics_752_map_425,9603.304548254191,193.3932623774423
epigenomics_752_map_426,10225.324726160561,194.3452859034468
epigenomics_752_map_427,9763.757695425038,188.05922993342395
epigenomics_752_map_428,9624.37391346743,184.2268344278455
epigenomics_752_map_429,9170.516985051645,183.85573119447108
epigenomics_752_map_430,9320.767515034317,181.35954587243447
epigenomics_752_map_431,10633.126799161377,191.43497123383375
epigenomics_752_map_432,10716.277755385563,183.9421729805969
epigenomics_752_map_433,10572.289557642589,188.61200901143962
epigenomics_752_map_434,10020.982294516012,188.65220881089584
epigenomics_752_map_435,9771.540857592634,177.77767790592046
epigenomics_752_map_436,9658.285110202974,186.81773102705642
epigenomics_752_map_437,9895.432006908848,191.65038653624387
epigenomics_752_map_438,10245.28020672099,187.98414971556224
epigenomics_752_map_439,10965.454832918393,181.54560142557256
epigenomics_752_map_440,10060.415166977356,172.9446665142967
epigenomics_752_map_441,9600.913741884879,184.61729613743788
epigenomics_752_map_442,10705.608896151894,181.85828197634083
epigenomics_752_map_443,9154.87927765406,185.33318623064423
epigenomics_752_map_444,9490.897661535008,194.72926317603793
epigenomics_752_map_445,9874.78231748671,185.33167841115738
epigenomics_752_map_446,9222.455335502651,176.50028003324567
epigenomics_752_map_447,10146.216878764462,178.95072852686081
epigenomics_752_map_448,8688.138419696397,186.40251051759395
epigenomics_752_map_449,9436.014179523905,188.352124332131
epigenomics_752_map_450,9446.574183707224,192.84129942996566
epigenomics_752_map_451,10096.906966054241,190.44991169565128
epigenomics_752_map_452,10206.263570576491,185.15060279961682
epigenomics_752_map_453,10284.431590793742,180.38494794267694
epigenomics_752_map_454,9756.955424026388,187.77817898592193
epigenomics_752_map_455,9552.049590673545,178.49987125539954
epigenomics_752_map_456,9947.515282060303,186.61469846044798
epigenomics_752_map_457,10547.601316167898,177.63831228086724
epigenomics_752_map_458,10135.773790858479,188.94391640015235
epigenomics_752_map_459,9976.67096530485,188.62030212379858
epigenomics_752_map_460,9422.877480304602,174.64400637042695
epigenomics_752_map_461,9305.062531334648,183.7515663144704
epigenomics_752_map_462,9484.593395479666,179.69724245635123
epigenomics_752_map_463,10181.362715894164,183.8883379313686
epigenomics_752_map_464,8958.393632746036,188.51695338145075
epigenomics_752_map_465,9998.816209561319,184.25547361229496
epigenomics_752_map_466,10669.977484799772,180.42184812313678
epigenomics_752_map_467,8913.176009621042,192.08845779441435
epigenomics_752_map_468,9934.00378230886,183.55943774346946
epigenomics_752_map_469,9719.427672837304,182.50045588662007
epigenomics_752_map_470,10113.027252732787,180.0276118390021
epigenomics_752_map_471,9369.983669958086,186.36419994243295
epigenomics_752_map_472,9424.62983993738,180.19017640689958
epigenomics_752_map_473,9726.735544946981,179.9839627203255
epigenomics_752_map_474,9667.457055884466,191.24176905595027
epigenomics_752_map_475,9089.24574526292,182.67110426911756
epigenomics_752_map_476,9964.085941238407,174.55297271631687
epigenomics_752_map_477,9260.10362732481,178.2160102239114
epigenomics_752_map_478,9290.318565371732,184.32444928046053
epigenomics_752_map_479,10457.628857598284,190.0908376303411
epigenomics_752_map_480,9837.23799853582,186.6094830967504
epigenomics_752_map_481,9258.761262628861,180.49207260372515
epigenomics_752_map_482,10313.355818696462,191.48785588047897
epigenomics_752_map_483,9807.847969805405,178.86399661059292
epigenomics_752_map_484,9339.914192712642,181.14692890596658
epigenomics_752_map_485,10349.25581619816,186.77277814220517
epigenomics_752_map_486,9886.417607593092,195.56363009184233
epigenomics_752_map_487,9207.131080780096,181.87750937039092
epigenomics_752_map_488,10028.155707272093,178.17910736549277
epigenomics_752_map_489,10023.052411179793,181.9763002488726
epigenomics_752_map_490,10393.83497353249,184.83015698117694
epigenomics_752_map_491,10053.33180410755,187.77117067533024
epigenomics_752_map_492,9516.770571052853,185.9181168106485
epigenomics_752_map_493,10725.210600667537,183.5964990628184
epigenomics_752_map_494,9315.82835898367,183.94503055769272
epigenomics_752_map_495,8574.609846388337,191.9028826422022
epigenomics_752_map_496,10154.732537943903,177.61045714998485
epigenomics_752_map_497,9920.884704157648,187.2639181306162
epigenomics_752_map_498,9887.415787191678,186.76966335454907
epigenomics_752_map_499,9572.959180060527,185.34888874829576
epigenomics_752_mapMerge1_0,77.93792504029904,122.33440748461051
epigenomics_752_mapMerge1_1,121.34669533226007,115.8693489087539
epigenomics_752_mapMerge2_0,96.39415412190696,134.4254461304527
epigenomics_752_chr21_0,168.90180780311002,54.94589006865944
epigenomics_752_pileup_0,117.40103618380553,92.2959533640804
