request,latency,mem
epigenomics_4628_entry_0,1.0,1.0
epigenomics_4628_fastqSplit_0,67.18624440089548,104.86621455256318
epigenomics_4628_fastqSplit_1,69.61478772903291,97.83907691998967
epigenomics_4628_filterContams_0,14.464047705150811,71.74994937051498
epigenomics_4628_filterContams_1,21.880156684274336,67.76057903630598
epigenomics_4628_filterContams_2,19.114527383590108,68.68658227875332
epigenomics_4628_filterContams_3,17.01866163581513,63.425212082986974
epigenomics_4628_filterContams_4,26.23692573713102,67.28123065124856
epigenomics_4628_filterContams_5,20.681573738395745,58.647615053400465
epigenomics_4628_filterContams_6,16.993061087713617,62.73824272170438
epigenomics_4628_filterContams_7,16.60087990301609,57.841234567742724
epigenomics_4628_filterContams_8,17.636125834467272,52.79054957386109
epigenomics_4628_filterContams_9,23.626594241728625,68.32607510267437
epigenomics_4628_filterContams_10,16.57684212455664,73.69697153774453
epigenomics_4628_filterContams_11,22.99833365506583,72.69051208580129
epigenomics_4628_filterContams_12,21.504986864990336,57.655557475994854
epigenomics_4628_filterContams_13,20.18048261682634,69.03198604644962
epigenomics_4628_filterContams_14,19.324423742738944,57.12819874172853
epigenomics_4628_filterContams_15,17.76246831011815,61.26627437954708
epigenomics_4628_filterContams_16,24.188999969540923,35.54544479643089
epigenomics_4628_filterContams_17,22.355453805631186,69.19664851000272
epigenomics_4628_filterContams_18,13.477519284483822,56.16897518416049
epigenomics_4628_filterContams_19,19.454109455684623,55.70131157369787
epigenomics_4628_filterContams_20,19.36277864326354,52.679903455808955
epigenomics_4628_filterContams_21,12.782060814783348,55.79901912202505
epigenomics_4628_filterContams_22,18.10508099207682,66.62231980700385
epigenomics_4628_filterContams_23,20.587283396803723,71.8389113003809
epigenomics_4628_filterContams_24,22.121545710990425,63.42093266397592
epigenomics_4628_filterContams_25,15.114664023925531,71.36021943952694
epigenomics_4628_filterContams_26,21.65418862164692,46.6148343012311
epigenomics_4628_filterContams_27,23.895381905989325,74.7323198402472
epigenomics_4628_filterContams_28,17.329584293454722,80.29026209339617
epigenomics_4628_filterContams_29,26.36189630998619,50.460048061482915
epigenomics_4628_filterContams_30,19.58030094064295,64.98944954652984
epigenomics_4628_filterContams_31,20.21794513438376,68.74177046628245
epigenomics_4628_filterContams_32,23.518138722770075,54.01973958767199
epigenomics_4628_filterContams_33,16.923478110945606,70.66976173265407
epigenomics_4628_filterContams_34,21.353894082982972,53.61902352521533
epigenomics_4628_filterContams_35,20.434792518756968,57.74641757843756
epigenomics_4628_filterContams_36,19.94885162754057,69.3811153677187
epigenomics_4628_filterContams_37,14.860302697405004,78.37071516986911
epigenomics_4628_filterContams_38,21.97474798130114,54.37755530477846
epigenomics_4628_filterContams_39,19.989037844217815,56.70745587867347
epigenomics_4628_filterContams_40,22.028932687198882,59.152791728863825
epigenomics_4628_filterContams_41,22.500493806300536,48.86181745661581
epigenomics_4628_filterContams_42,20.600171281378696,70.2686107934952
epigenomics_4628_filterContams_43,21.008127180774334,58.4878014912872
epigenomics_4628_filterContams_44,26.532207378017393,64.25268119135039
epigenomics_4628_filterContams_45,26.872448687750797,67.63543852492715
epigenomics_4628_filterContams_46,17.774439028742904,63.125997178314705
epigenomics_4628_filterContams_47,17.206768685401684,53.728826059288465
epigenomics_4628_filterContams_48,18.77796361459365,59.655775836644494
epigenomics_4628_filterContams_49,19.432092781702035,63.37085012100205
epigenomics_4628_filterContams_50,17.088083567475692,59.557040097174784
epigenomics_4628_filterContams_51,16.815660601712818,61.635643771550136
epigenomics_4628_filterContams_52,18.014283306504563,66.77300097911943
epigenomics_4628_filterContams_53,21.549741674958504,56.850847466575345
epigenomics_4628_filterContams_54,19.53287494084252,57.80248099467802
epigenomics_4628_filterContams_55,14.446661071280428,72.96975972029357
epigenomics_4628_filterContams_56,21.023532896935283,65.11855917052526
epigenomics_4628_filterContams_57,17.040136114512382,72.4808866261813
epigenomics_4628_filterContams_58,21.67175888196457,50.684097606439465
epigenomics_4628_filterContams_59,22.509056659437356,80.70530998127303
epigenomics_4628_filterContams_60,19.311334089340953,63.06617051273551
epigenomics_4628_filterContams_61,19.770378215112675,75.50399547212146
epigenomics_4628_filterContams_62,23.60971340227197,60.48659100216221
epigenomics_4628_filterContams_63,16.583469665569954,59.81875100118992
epigenomics_4628_filterContams_64,19.801257682172512,72.05207930885179
epigenomics_4628_filterContams_65,20.212251068162786,56.23158581437054
epigenomics_4628_filterContams_66,21.45149183671967,67.28872833568019
epigenomics_4628_filterContams_67,19.936009625545985,79.13224335795655
epigenomics_4628_filterContams_68,19.598607125469915,65.52184165779751
epigenomics_4628_filterContams_69,24.51879434695456,72.77025903522585
epigenomics_4628_filterContams_70,21.561790487595196,85.89482469523833
epigenomics_4628_filterContams_71,15.819489281870826,72.8137582399571
epigenomics_4628_filterContams_72,12.811210126148918,63.14050478760206
epigenomics_4628_filterContams_73,17.463079138903495,56.43490552995702
epigenomics_4628_filterContams_74,22.71654219661755,47.479073379637256
epigenomics_4628_filterContams_75,21.399616618003908,64.55892520383448
epigenomics_4628_filterContams_76,21.523474673223316,77.28431442744062
epigenomics_4628_filterContams_77,20.00819718702167,46.002017068774094
epigenomics_4628_filterContams_78,17.73593647411037,56.100238456381014
epigenomics_4628_filterContams_79,19.191127608711845,84.40428845550967
epigenomics_4628_filterContams_80,19.26722186936841,65.65845149290455
epigenomics_4628_filterContams_81,19.651682274955252,54.067416290708955
epigenomics_4628_filterContams_82,14.831115302349957,66.54814072510385
epigenomics_4628_filterContams_83,17.27355474099982,60.28775793285837
epigenomics_4628_filterContams_84,24.142223412838618,67.6226397651809
epigenomics_4628_filterContams_85,17.915420817166968,82.46695507859879
epigenomics_4628_filterContams_86,21.89749143564206,44.38303088048372
epigenomics_4628_filterContams_87,22.89531071040588,54.90873139934009
epigenomics_4628_filterContams_88,20.04554853074701,65.9524100990699
epigenomics_4628_filterContams_89,18.404617456365948,53.00756080416948
epigenomics_4628_filterContams_90,18.031782472453987,68.60029673388718
epigenomics_4628_filterContams_91,16.94624300132557,63.48323849159179
epigenomics_4628_filterContams_92,25.06275813865559,71.7886861453797
epigenomics_4628_filterContams_93,18.912379896918953,60.950921232933524
epigenomics_4628_filterContams_94,19.085850841153587,63.05740606291437
epigenomics_4628_filterContams_95,17.487347934553828,74.85699030604395
epigenomics_4628_filterContams_96,20.43980912807715,67.42611766541906
epigenomics_4628_filterContams_97,21.81184278381301,59.91047957729367
epigenomics_4628_filterContams_98,21.750865140516076,82.35614365968168
epigenomics_4628_filterContams_99,18.308795419141386,60.06393176466916
epigenomics_4628_filterContams_100,22.600919577274116,69.84948211808934
epigenomics_4628_filterContams_101,14.561327733153146,55.89935249624702
epigenomics_4628_filterContams_102,20.631308296037332,56.49384181259092
epigenomics_4628_filterContams_103,15.201020906490879,61.87883446156918
epigenomics_4628_filterContams_104,22.253582175404034,76.06831683377351
epigenomics_4628_filterContams_105,18.32223541729296,57.511161842187306
epigenomics_4628_filterContams_106,20.783788996352616,71.29903599178665
epigenomics_4628_filterContams_107,20.92203558085823,58.911975333592146
epigenomics_4628_filterContams_108,19.915606028807407,62.92654252489996
epigenomics_4628_filterContams_109,16.507865341034435,57.75793053080344
epigenomics_4628_filterContams_110,20.50772387088552,66.35957297799398
epigenomics_4628_filterContams_111,18.95195650747761,74.09315776683789
epigenomics_4628_filterContams_112,24.42131629261962,57.02475215488536
epigenomics_4628_filterContams_113,17.805366364746245,61.78942351959793
epigenomics_4628_filterContams_114,18.61214383919348,69.7494862504427
epigenomics_4628_filterContams_115,18.922206204779123,71.63067512134984
epigenomics_4628_filterContams_116,21.593876581586457,75.18658775034203
epigenomics_4628_filterContams_117,14.773658104684205,67.75694584721224
epigenomics_4628_filterContams_118,18.413211017705027,48.52657071936335
epigenomics_4628_filterContams_119,21.373589448324164,75.11249504568804
epigenomics_4628_filterContams_120,21.679893886405075,62.06515921699059
epigenomics_4628_filterContams_121,20.21548900626046,53.25840822058086
epigenomics_4628_filterContams_122,20.890366494934046,73.87177117042074
epigenomics_4628_filterContams_123,18.348315145064536,57.21502678739121
epigenomics_4628_filterContams_124,21.437187763412823,57.32241186371531
epigenomics_4628_filterContams_125,15.359371316961335,57.24451837854942
epigenomics_4628_filterContams_126,19.128427557690785,67.3813739454834
epigenomics_4628_filterContams_127,16.933943040291528,54.11665805333928
epigenomics_4628_filterContams_128,17.809529197519648,61.29431008183301
epigenomics_4628_filterContams_129,17.318298402055664,64.93216699018976
epigenomics_4628_filterContams_130,20.300970987968633,65.91685226621586
epigenomics_4628_filterContams_131,18.39115028867597,67.05790685851936
epigenomics_4628_filterContams_132,15.079925031467106,70.24759696769135
epigenomics_4628_filterContams_133,13.674834398303911,55.93401514315416
epigenomics_4628_filterContams_134,19.423204385405086,68.4468468778895
epigenomics_4628_filterContams_135,17.92609387347056,42.08152099329678
epigenomics_4628_filterContams_136,19.05931046448598,75.44928882713874
epigenomics_4628_filterContams_137,21.24716838847845,60.111401650523604
epigenomics_4628_filterContams_138,15.020262718356719,64.50227421406657
epigenomics_4628_filterContams_139,18.212955301742824,60.41292490045173
epigenomics_4628_filterContams_140,21.063903899882504,64.59771987195131
epigenomics_4628_filterContams_141,18.053071851962628,73.25789007896043
epigenomics_4628_filterContams_142,17.677541667300932,62.56674905749607
epigenomics_4628_filterContams_143,19.916141612906603,55.89716573445348
epigenomics_4628_filterContams_144,22.5852281543482,81.89388996586365
epigenomics_4628_filterContams_145,18.77671614732907,82.94482739526904
epigenomics_4628_filterContams_146,26.65900792215755,62.57132078237392
epigenomics_4628_filterContams_147,19.104160655185026,56.12539792741553
epigenomics_4628_filterContams_148,19.123858167150285,63.61785512419019
epigenomics_4628_filterContams_149,18.36734756089188,74.7990167575248
epigenomics_4628_filterContams_150,23.358188190844317,73.7553078900391
epigenomics_4628_filterContams_151,19.441327396121146,63.46554729758812
epigenomics_4628_filterContams_152,17.21478718603747,62.581453844044525
epigenomics_4628_filterContams_153,16.67489663879239,69.20473565931735
epigenomics_4628_filterContams_154,22.097860919150015,70.21018204996814
epigenomics_4628_filterContams_155,20.3563430515857,48.846284216024635
epigenomics_4628_filterContams_156,18.228463468697186,65.90025258019973
epigenomics_4628_filterContams_157,22.24382156911504,73.88766291568146
epigenomics_4628_filterContams_158,18.876063375040637,70.30115887017661
epigenomics_4628_filterContams_159,18.854664491791425,68.02050772077202
epigenomics_4628_filterContams_160,17.744701821388112,68.97552725729972
epigenomics_4628_filterContams_161,18.045597899816705,65.24756331325123
epigenomics_4628_filterContams_162,17.019976245669,62.653684156546234
epigenomics_4628_filterContams_163,18.731449054956215,63.255340273065
epigenomics_4628_filterContams_164,22.329752337192467,49.823540379933306
epigenomics_4628_filterContams_165,20.007017637092613,72.07273604165394
epigenomics_4628_filterContams_166,23.628626553880792,61.60379194647018
epigenomics_4628_filterContams_167,22.202478756616458,69.81377316464045
epigenomics_4628_filterContams_168,17.599832055402953,63.62098599151815
epigenomics_4628_filterContams_169,20.705036164126305,53.11876030961942
epigenomics_4628_filterContams_170,20.874060877325544,48.739349423566374
epigenomics_4628_filterContams_171,19.556169641726683,60.592826377110036
epigenomics_4628_filterContams_172,21.84170508365684,57.03141018339219
epigenomics_4628_filterContams_173,19.676784051608937,89.89247067800723
epigenomics_4628_filterContams_174,25.79537247257429,61.90348499534948
epigenomics_4628_filterContams_175,19.397746500822123,64.604796218975
epigenomics_4628_filterContams_176,20.92430096505857,56.88420810826536
epigenomics_4628_filterContams_177,18.595480693040155,61.70998204556187
epigenomics_4628_filterContams_178,21.271908491141065,63.46327842145889
epigenomics_4628_filterContams_179,17.11933182993637,71.01058584505977
epigenomics_4628_filterContams_180,20.396563346282377,57.617781568077454
epigenomics_4628_filterContams_181,20.873413893713327,65.77296039362821
epigenomics_4628_filterContams_182,19.189482157908817,47.64972069825606
epigenomics_4628_filterContams_183,18.28070033361745,69.36373494268632
epigenomics_4628_filterContams_184,20.699470423771967,59.19437027289579
epigenomics_4628_filterContams_185,23.840658706637875,74.14238771027077
epigenomics_4628_filterContams_186,12.138183672865997,63.40093351076142
epigenomics_4628_filterContams_187,20.38791855081969,70.31703848714153
epigenomics_4628_filterContams_188,23.378986544049674,80.27050258443926
epigenomics_4628_filterContams_189,20.009685497246284,58.42959325387992
epigenomics_4628_filterContams_190,23.63879159368659,62.186643471786105
epigenomics_4628_filterContams_191,18.223956432722378,77.09103091550276
epigenomics_4628_filterContams_192,19.847834503715095,75.32171131905059
epigenomics_4628_filterContams_193,21.93145806125448,69.56817715688395
epigenomics_4628_filterContams_194,22.248484581547327,52.33781964171793
epigenomics_4628_filterContams_195,21.801797083298755,58.820714560503454
epigenomics_4628_filterContams_196,25.766713772001186,52.579015296531395
epigenomics_4628_filterContams_197,16.192368252911212,63.066915951081306
epigenomics_4628_filterContams_198,25.355888039019828,70.10437995687295
epigenomics_4628_filterContams_199,21.76400965071877,47.31911120336427
epigenomics_4628_filterContams_200,24.23410241920015,74.52593294179725
epigenomics_4628_filterContams_201,18.512850451042123,56.10624001819228
epigenomics_4628_filterContams_202,12.697012318764754,57.94280565831272
epigenomics_4628_filterContams_203,13.693668287762424,73.65761959856943
epigenomics_4628_filterContams_204,22.937282078342818,67.10009925380737
epigenomics_4628_filterContams_205,18.100623415736408,68.14522113937076
epigenomics_4628_filterContams_206,20.48767093645209,71.34096574104842
epigenomics_4628_filterContams_207,19.35010151079498,76.34581708965487
epigenomics_4628_filterContams_208,19.644627489219097,75.02026420634219
epigenomics_4628_filterContams_209,21.00341454303162,68.83759677763398
epigenomics_4628_filterContams_210,22.199947979377242,63.04375009043419
epigenomics_4628_filterContams_211,19.695718053793524,60.99204558075004
epigenomics_4628_filterContams_212,17.84264532618853,64.55908300365132
epigenomics_4628_filterContams_213,24.248506687724582,49.19107834962751
epigenomics_4628_filterContams_214,19.30552834967726,59.05238106114017
epigenomics_4628_filterContams_215,18.250005489898953,78.51740505452823
epigenomics_4628_filterContams_216,17.246356879870987,55.95158381287013
epigenomics_4628_filterContams_217,19.282256520356526,59.77367599360025
epigenomics_4628_filterContams_218,22.142153975107888,70.89869421519893
epigenomics_4628_filterContams_219,18.53477589325891,60.61031581329195
epigenomics_4628_filterContams_220,16.848841516056613,68.45164776035205
epigenomics_4628_filterContams_221,22.876017183205235,79.3462723253171
epigenomics_4628_filterContams_222,24.59554488737444,64.2016936812088
epigenomics_4628_filterContams_223,19.458735243738616,67.70342854266318
epigenomics_4628_filterContams_224,20.957459605176066,77.79177520420659
epigenomics_4628_filterContams_225,21.688136068009904,53.54998230928201
epigenomics_4628_filterContams_226,19.199302392306574,61.62452371481252
epigenomics_4628_filterContams_227,14.521079076172628,71.49777834733626
epigenomics_4628_filterContams_228,16.808906103678627,61.45755129676895
epigenomics_4628_filterContams_229,21.1216641553206,58.837769496852026
epigenomics_4628_filterContams_230,24.028109862613697,68.1092250261235
epigenomics_4628_filterContams_231,17.74453194042804,71.8644563913782
epigenomics_4628_filterContams_232,16.943979070538134,70.72801723532228
epigenomics_4628_filterContams_233,23.611415162915012,70.4113302874472
epigenomics_4628_filterContams_234,14.047430324482846,71.21647337495763
epigenomics_4628_filterContams_235,24.954923296975245,58.59353521424579
epigenomics_4628_filterContams_236,21.35224074700209,62.687141138654816
epigenomics_4628_filterContams_237,19.101365021163815,66.25434851407434
epigenomics_4628_filterContams_238,13.665324637568247,57.87255537566092
epigenomics_4628_filterContams_239,23.03954773610074,74.93775616461294
epigenomics_4628_filterContams_240,17.93094502811227,76.92218720625293
epigenomics_4628_filterContams_241,20.5053514046987,70.6039111818874
epigenomics_4628_filterContams_242,17.3387521770242,70.90941951543961
epigenomics_4628_filterContams_243,18.245190123672796,72.56776973914128
epigenomics_4628_filterContams_244,21.85337104356268,69.44869098536469
epigenomics_4628_filterContams_245,16.069843944180842,77.00709634565445
epigenomics_4628_filterContams_246,20.524587017957984,70.04391034964323
epigenomics_4628_filterContams_247,21.054330312179882,58.94466299430562
epigenomics_4628_filterContams_248,15.920297726693452,73.13718571700295
epigenomics_4628_filterContams_249,20.191540264465115,60.66935440514712
epigenomics_4628_filterContams_250,18.333448584097557,65.91000634944797
epigenomics_4628_filterContams_251,21.902955689377777,75.46504091647931
epigenomics_4628_filterContams_252,19.248749224885014,71.73407941689221
epigenomics_4628_filterContams_253,20.062277674279333,60.11263870523316
epigenomics_4628_filterContams_254,18.86503101805855,60.14885193319079
epigenomics_4628_filterContams_255,18.14499106682709,73.98812113867945
epigenomics_4628_filterContams_256,21.094243007278074,60.89734047235702
epigenomics_4628_filterContams_257,18.301032801482553,64.63765522583162
epigenomics_4628_filterContams_258,16.933680691649062,43.789636455235936
epigenomics_4628_filterContams_259,10.670839636875321,59.462725829182524
epigenomics_4628_filterContams_260,20.14537500107771,66.5480919428566
epigenomics_4628_filterContams_261,20.780369925516904,63.89052055400694
epigenomics_4628_filterContams_262,20.13588641232087,76.06274725707272
epigenomics_4628_filterContams_263,17.969545024469806,63.83259526663232
epigenomics_4628_filterContams_264,21.462298667168586,57.76267077642563
epigenomics_4628_filterContams_265,18.76657726796974,74.96895788789426
epigenomics_4628_filterContams_266,17.901020819854477,63.95506283740542
epigenomics_4628_filterContams_267,20.912899990048786,61.90699130034299
epigenomics_4628_filterContams_268,20.413897673332496,56.69249783654264
epigenomics_4628_filterContams_269,16.7332815230564,54.33602893090859
epigenomics_4628_filterContams_270,24.60030540686741,66.12430461467149
epigenomics_4628_filterContams_271,24.98706913336495,62.04740349615401
epigenomics_4628_filterContams_272,20.626180590487156,61.33355940375168
epigenomics_4628_filterContams_273,19.043955832645512,64.44132590726574
epigenomics_4628_filterContams_274,14.629470722695057,68.23391202153083
epigenomics_4628_filterContams_275,21.355455555147422,67.93121763875294
epigenomics_4628_filterContams_276,15.027966719362968,51.97878885254663
epigenomics_4628_filterContams_277,17.63313298289503,51.30603988888477
epigenomics_4628_filterContams_278,22.425679112104472,69.20676794006035
epigenomics_4628_filterContams_279,18.607359463790022,64.34613227676216
epigenomics_4628_filterContams_280,20.445051745172627,60.53811980884743
epigenomics_4628_filterContams_281,22.146906360994045,70.39501874310824
epigenomics_4628_filterContams_282,18.7563717877699,61.56184854584928
epigenomics_4628_filterContams_283,15.978066127978737,59.4127534239389
epigenomics_4628_filterContams_284,22.690310855621,60.53565378901255
epigenomics_4628_filterContams_285,19.350355439532027,71.23886157831129
epigenomics_4628_filterContams_286,22.86065130078996,76.47241394509922
epigenomics_4628_filterContams_287,23.327350823813916,72.7436607408715
epigenomics_4628_filterContams_288,21.64744498231233,73.13301145465441
epigenomics_4628_filterContams_289,18.619855795767585,60.246420482648766
epigenomics_4628_filterContams_290,19.956462324571813,67.83610274661882
epigenomics_4628_filterContams_291,13.356493543198056,78.15807047490975
epigenomics_4628_filterContams_292,19.189621762734898,63.510619666141636
epigenomics_4628_filterContams_293,13.004859129734172,71.50938920111788
epigenomics_4628_filterContams_294,13.43376630662892,72.35938898301758
epigenomics_4628_filterContams_295,18.91646982262499,62.365140892491915
epigenomics_4628_filterContams_296,18.42031771460382,82.1822927878512
epigenomics_4628_filterContams_297,20.1058732669031,71.59688201386597
epigenomics_4628_filterContams_298,18.878546535747905,64.89039146188425
epigenomics_4628_filterContams_299,18.719554147490054,66.8771633841602
epigenomics_4628_filterContams_300,22.02079696733485,66.49943776149662
epigenomics_4628_filterContams_301,20.979925271033142,55.3741739558118
epigenomics_4628_filterContams_302,28.1623394295818,71.78118014098636
epigenomics_4628_filterContams_303,19.335903588756405,71.3004399752772
epigenomics_4628_filterContams_304,15.140021183586393,60.00259287945116
epigenomics_4628_filterContams_305,19.329544830245457,60.99418851245818
epigenomics_4628_filterContams_306,17.76589002411928,75.12509853350286
epigenomics_4628_filterContams_307,16.10581248585147,71.90666218515025
epigenomics_4628_filterContams_308,20.941261922189497,60.044577391483
epigenomics_4628_filterContams_309,19.95732134976466,66.01669481234269
epigenomics_4628_filterContams_310,22.057868586667258,86.08926509503559
epigenomics_4628_filterContams_311,16.335680850858342,61.958864706481116
epigenomics_4628_filterContams_312,17.62549513378228,66.96411404889598
epigenomics_4628_filterContams_313,17.783581263959473,74.13200641898133
epigenomics_4628_filterContams_314,20.93539955476595,65.48231209385006
epigenomics_4628_filterContams_315,18.52707820068352,54.27737627610928
epigenomics_4628_filterContams_316,23.816230006934774,50.32389289711726
epigenomics_4628_filterContams_317,23.841823936436924,61.68149169458336
epigenomics_4628_filterContams_318,22.059261649957254,60.55084096112164
epigenomics_4628_filterContams_319,24.66553414604099,74.88318644569875
epigenomics_4628_filterContams_320,19.46418549512525,63.014350028053634
epigenomics_4628_filterContams_321,20.95432221178747,55.960457360906666
epigenomics_4628_filterContams_322,17.564164618055464,66.27475263482985
epigenomics_4628_filterContams_323,19.1584998676727,50.50685709395255
epigenomics_4628_filterContams_324,24.303957667628254,70.19691079653643
epigenomics_4628_filterContams_325,17.71084456381333,60.99341544327237
epigenomics_4628_filterContams_326,18.243588973765654,63.01932877495994
epigenomics_4628_filterContams_327,17.139840323339183,81.19954907305375
epigenomics_4628_filterContams_328,23.46089939816748,63.25448828907413
epigenomics_4628_filterContams_329,21.758343178435226,72.3985794315375
epigenomics_4628_filterContams_330,21.787327281131134,61.49640650216237
epigenomics_4628_filterContams_331,19.37717253494184,64.99724230537778
epigenomics_4628_filterContams_332,16.514514332035674,68.80808940505113
epigenomics_4628_filterContams_333,16.93018077936216,56.33376262762931
epigenomics_4628_filterContams_334,19.320073671470443,64.21866752197803
epigenomics_4628_filterContams_335,20.99236965538242,60.61237261590993
epigenomics_4628_filterContams_336,14.956221821730214,65.16980970739331
epigenomics_4628_filterContams_337,27.368698965714877,65.4004929107904
epigenomics_4628_filterContams_338,23.124012964579997,73.96705600135117
epigenomics_4628_filterContams_339,21.049738286407983,65.74818789793503
epigenomics_4628_filterContams_340,18.232215341567876,59.314448921359265
epigenomics_4628_filterContams_341,21.88458349876243,68.24512248451005
epigenomics_4628_filterContams_342,18.470901780039494,65.41576790978095
epigenomics_4628_filterContams_343,22.036697533571903,54.51316750877591
epigenomics_4628_filterContams_344,17.988851319341798,59.032845241215554
epigenomics_4628_filterContams_345,19.067597489587733,60.46901613521651
epigenomics_4628_filterContams_346,16.299386921420037,76.69554738165402
epigenomics_4628_filterContams_347,17.60706017822411,59.15609712484091
epigenomics_4628_filterContams_348,16.94810899483798,54.92702282675316
epigenomics_4628_filterContams_349,21.44782500143003,65.0722961464714
epigenomics_4628_filterContams_350,14.136311409537523,73.57602036801681
epigenomics_4628_filterContams_351,22.068438210020513,85.03139232755325
epigenomics_4628_filterContams_352,16.698284186728582,77.13099930713366
epigenomics_4628_filterContams_353,20.27985795774801,63.48415845971646
epigenomics_4628_filterContams_354,22.733146907225624,65.70304968770454
epigenomics_4628_filterContams_355,17.771333435098978,40.88684411731229
epigenomics_4628_filterContams_356,24.248495497529248,45.97212042832396
epigenomics_4628_filterContams_357,19.749117026276362,70.20489717951492
epigenomics_4628_filterContams_358,23.622725616175366,54.26169461581846
epigenomics_4628_filterContams_359,22.669158423094466,60.37047856257396
epigenomics_4628_filterContams_360,19.89416973749978,65.43365933189162
epigenomics_4628_filterContams_361,21.653689879538998,61.767631063855795
epigenomics_4628_filterContams_362,22.939982375419053,68.78223585464976
epigenomics_4628_filterContams_363,24.831069638021518,69.57936210312204
epigenomics_4628_filterContams_364,19.292502671616315,63.1515028785087
epigenomics_4628_filterContams_365,16.318609026215192,60.29744026056711
epigenomics_4628_filterContams_366,19.143211428934134,57.0511684280972
epigenomics_4628_filterContams_367,23.254915103001142,61.18194202525063
epigenomics_4628_filterContams_368,21.963627817095915,76.03666712600425
epigenomics_4628_filterContams_369,22.87521230811175,55.33826277146506
epigenomics_4628_filterContams_370,18.74015523161773,79.6254322782333
epigenomics_4628_filterContams_371,19.928429287783526,67.40444421660827
epigenomics_4628_filterContams_372,20.727653125040092,74.0762225996044
epigenomics_4628_filterContams_373,17.871731424630973,65.86578943445069
epigenomics_4628_filterContams_374,21.562146284689927,81.07860627372983
epigenomics_4628_filterContams_375,18.92128232114172,64.19415741873834
epigenomics_4628_filterContams_376,21.925844312662147,51.694175827744964
epigenomics_4628_filterContams_377,15.930449925165721,67.49903897595982
epigenomics_4628_filterContams_378,23.250941522232125,61.66132106532649
epigenomics_4628_filterContams_379,19.41356259643537,55.244311847007125
epigenomics_4628_filterContams_380,15.009953292327697,67.46038129593528
epigenomics_4628_filterContams_381,20.741277658941378,63.59329082115307
epigenomics_4628_filterContams_382,23.360902876802324,81.1607042893703
epigenomics_4628_filterContams_383,25.85141229075886,67.21621487427294
epigenomics_4628_filterContams_384,19.429640006581742,61.547876535223025
epigenomics_4628_filterContams_385,26.625080351163696,65.52890031442298
epigenomics_4628_filterContams_386,15.005952557549852,59.46386013787421
epigenomics_4628_filterContams_387,17.583789063223275,66.98366471842512
epigenomics_4628_filterContams_388,16.433313155693632,68.0185407462699
epigenomics_4628_filterContams_389,21.52145535024456,65.99830293026002
epigenomics_4628_filterContams_390,19.780823297087323,59.85191724090099
epigenomics_4628_filterContams_391,20.532873886764634,64.60261881445413
epigenomics_4628_filterContams_392,18.689125981078227,51.26226589074534
epigenomics_4628_filterContams_393,21.133087490463385,71.25357712563232
epigenomics_4628_filterContams_394,19.408389857982513,70.61290279917019
epigenomics_4628_filterContams_395,22.905308341517284,42.32229001785296
epigenomics_4628_filterContams_396,17.70275463240671,69.36502969792302
epigenomics_4628_filterContams_397,21.445425226903037,50.469946213332655
epigenomics_4628_filterContams_398,19.522094069570745,76.0600369008986
epigenomics_4628_filterContams_399,20.60064612849477,65.29588832273303
epigenomics_4628_filterContams_400,17.59739286738477,75.07163418667882
epigenomics_4628_filterContams_401,14.473222935006744,58.55975344304884
epigenomics_4628_filterContams_402,16.501207918478592,63.860419203446746
epigenomics_4628_filterContams_403,22.00781278901524,60.99024007035799
epigenomics_4628_filterContams_404,18.63335735191654,66.98999862347489
epigenomics_4628_filterContams_405,23.18969075814195,60.0645783715128
epigenomics_4628_filterContams_406,18.20334556226862,57.66511359841545
epigenomics_4628_filterContams_407,15.341741730153165,61.03896949078866
epigenomics_4628_filterContams_408,20.31815310441783,69.23803929121456
epigenomics_4628_filterContams_409,26.867439625888835,66.84094737752842
epigenomics_4628_filterContams_410,19.46807632246898,75.43957647181551
epigenomics_4628_filterContams_411,20.196397836869476,68.04151329588463
epigenomics_4628_filterContams_412,14.909917445215877,59.67927181253954
epigenomics_4628_filterContams_413,18.655499461147325,59.03577075602823
epigenomics_4628_filterContams_414,18.047703252289836,68.58075673709693
epigenomics_4628_filterContams_415,18.070638015297497,60.146713811593166
epigenomics_4628_filterContams_416,20.506187145103127,63.816631079609245
epigenomics_4628_filterContams_417,19.76310543632553,63.292842748848486
epigenomics_4628_filterContams_418,18.368641552293468,58.24133925967937
epigenomics_4628_filterContams_419,21.610050901361447,72.1524378816821
epigenomics_4628_filterContams_420,21.79573343875858,81.24298951790391
epigenomics_4628_filterContams_421,18.53885737459231,59.77423276951967
epigenomics_4628_filterContams_422,28.29816975093323,54.47471235147242
epigenomics_4628_filterContams_423,20.825833385435736,68.50964427526152
epigenomics_4628_filterContams_424,17.945013087405908,62.48884546946339
epigenomics_4628_filterContams_425,20.164949768040852,68.3058804350083
epigenomics_4628_filterContams_426,19.145566223715754,55.60556929720882
epigenomics_4628_filterContams_427,18.180321173413006,60.565208118109226
epigenomics_4628_filterContams_428,20.212258753212936,77.69607522441535
epigenomics_4628_filterContams_429,20.74970258225284,63.43941489941834
epigenomics_4628_filterContams_430,18.13716641059075,65.34871947155752
epigenomics_4628_filterContams_431,24.363682067943763,66.84125040342934
epigenomics_4628_filterContams_432,20.416203829020674,50.7503238804187
epigenomics_4628_filterContams_433,24.01538334302375,64.37605719466103
epigenomics_4628_filterContams_434,24.52983525557597,48.82498521785129
epigenomics_4628_filterContams_435,16.631409441866538,67.86182910241146
epigenomics_4628_filterContams_436,24.561425507852206,51.337229013336525
epigenomics_4628_filterContams_437,15.185860583821702,62.45850547167158
epigenomics_4628_filterContams_438,19.188173454347858,73.51265125861005
epigenomics_4628_filterContams_439,17.432878283826113,66.57868352823617
epigenomics_4628_filterContams_440,20.886782126088455,62.759844279117445
epigenomics_4628_filterContams_441,21.099473408444958,70.80472889482218
epigenomics_4628_filterContams_442,19.514317753415042,64.864773193083
epigenomics_4628_filterContams_443,22.13507807494133,55.25108328565459
epigenomics_4628_filterContams_444,20.548904036122373,70.32146646194388
epigenomics_4628_filterContams_445,21.119353604172918,74.09272733746892
epigenomics_4628_filterContams_446,23.29761700565591,69.01657163448445
epigenomics_4628_filterContams_447,16.187861091766138,74.01442166109479
epigenomics_4628_filterContams_448,25.120337205321803,57.68080591259613
epigenomics_4628_filterContams_449,22.34048223709865,55.624118015605255
epigenomics_4628_filterContams_450,21.313327053913284,82.49860848023721
epigenomics_4628_filterContams_451,22.155816321163545,76.52993143777718
epigenomics_4628_filterContams_452,18.42324214213432,52.04812707423659
epigenomics_4628_filterContams_453,15.007158130118032,72.7659485015194
epigenomics_4628_filterContams_454,17.33169271905657,65.31789714676746
epigenomics_4628_filterContams_455,18.707171214061127,69.74661266993884
epigenomics_4628_filterContams_456,17.95684413288935,69.95589735538876
epigenomics_4628_filterContams_457,20.96797872624457,52.23824555798706
epigenomics_4628_filterContams_458,13.415730675757633,82.66676111034448
epigenomics_4628_filterContams_459,21.62204204892931,64.52053628157883
epigenomics_4628_filterContams_460,20.341881233200034,54.764624769425595
epigenomics_4628_filterContams_461,25.47454013384047,58.841664839338264
epigenomics_4628_filterContams_462,21.655165484962556,69.41535285063887
epigenomics_4628_filterContams_463,18.568683672678883,72.31652946867939
epigenomics_4628_filterContams_464,21.423617920158186,65.50788687768137
epigenomics_4628_filterContams_465,21.64959995274756,63.19289998572986
epigenomics_4628_filterContams_466,16.48093766032816,58.354675141889956
epigenomics_4628_filterContams_467,18.681992949179488,64.75895358557452
epigenomics_4628_filterContams_468,22.465042692493814,69.0145737225336
epigenomics_4628_filterContams_469,17.000107706773854,50.97862266299242
epigenomics_4628_filterContams_470,17.13243079781312,55.0662166193586
epigenomics_4628_filterContams_471,20.748773805819354,73.68318747942375
epigenomics_4628_filterContams_472,21.975321631025004,57.256872277592834
epigenomics_4628_filterContams_473,18.31027189122461,69.7827653651015
epigenomics_4628_filterContams_474,23.63810084464196,65.65617707018409
epigenomics_4628_filterContams_475,20.52320672661371,59.0454921571056
epigenomics_4628_filterContams_476,20.400878814053936,58.48137613984799
epigenomics_4628_filterContams_477,20.502441789636055,64.14027804733281
epigenomics_4628_filterContams_478,26.120465291906843,63.7959136836546
epigenomics_4628_filterContams_479,19.55379772491614,54.95182093094603
epigenomics_4628_filterContams_480,18.06089706950393,45.50557400025222
epigenomics_4628_filterContams_481,27.31827034599392,60.04138495812601
epigenomics_4628_filterContams_482,19.15374933697389,78.0926311326481
epigenomics_4628_filterContams_483,22.043821849592003,60.774421599270426
epigenomics_4628_filterContams_484,18.856477772197234,85.03692871032837
epigenomics_4628_filterContams_485,24.324991438911816,58.21294877135768
epigenomics_4628_filterContams_486,23.61763409748137,65.59543723400839
epigenomics_4628_filterContams_487,25.02939749090995,60.93274032946856
epigenomics_4628_filterContams_488,17.47048023579271,72.16884331618351
epigenomics_4628_filterContams_489,21.073668609256288,73.4465091521059
epigenomics_4628_filterContams_490,21.46077679720676,61.67633292633951
epigenomics_4628_filterContams_491,16.25529518993586,56.0366152820901
epigenomics_4628_filterContams_492,17.88327660741179,68.45244791908941
epigenomics_4628_filterContams_493,18.289638845527236,66.09907079169318
epigenomics_4628_filterContams_494,15.907377538207935,60.42104224847232
epigenomics_4628_filterContams_495,15.597973943611102,66.03077822891177
epigenomics_4628_filterContams_496,15.01181276223823,70.50106416425011
epigenomics_4628_filterContams_497,21.409637482246403,63.02067183372617
epigenomics_4628_filterContams_498,18.64269752300089,63.708585735087894
epigenomics_4628_filterContams_499,21.975416312745153,68.97009965611396
epigenomics_4628_sol2sanger_0,77.77978791103924,43.058860545200716
epigenomics_4628_sol2sanger_1,82.48795453199264,31.89858699008534
epigenomics_4628_sol2sanger_2,85.94422119904436,53.32374794062478
epigenomics_4628_sol2sanger_3,73.00616005560393,38.520401427908425
epigenomics_4628_sol2sanger_4,85.52990669578273,54.97195281846336
epigenomics_4628_sol2sanger_5,76.24087834181077,49.95334198024775
epigenomics_4628_sol2sanger_6,84.41456028354497,45.05104001937831
epigenomics_4628_sol2sanger_7,72.82011658722654,38.69054869238208
epigenomics_4628_sol2sanger_8,83.22694908242423,43.692618628368685
epigenomics_4628_sol2sanger_9,82.02811790064293,40.41164970440503
epigenomics_4628_sol2sanger_10,84.2888017454571,43.38484120308059
epigenomics_4628_sol2sanger_11,87.01858889748883,66.16693899531847
epigenomics_4628_sol2sanger_12,76.89980456466779,50.69634287144074
epigenomics_4628_sol2sanger_13,73.17909639621723,30.782239758278745
epigenomics_4628_sol2sanger_14,74.83682675795956,43.33011991895923
epigenomics_4628_sol2sanger_15,81.89515449912912,41.58343107173517
epigenomics_4628_sol2sanger_16,80.68833279306355,35.76051392401544
epigenomics_4628_sol2sanger_17,70.70416923735186,49.063526892499056
epigenomics_4628_sol2sanger_18,80.77923784402203,47.14500596437195
epigenomics_4628_sol2sanger_19,82.75232316215171,44.51514790143057
epigenomics_4628_sol2sanger_20,81.30574296846216,41.25039837723325
epigenomics_4628_sol2sanger_21,83.30168400034259,49.36523227327713
epigenomics_4628_sol2sanger_22,82.02000133271154,45.44108039929295
epigenomics_4628_sol2sanger_23,75.30896902371646,54.02852786100088
epigenomics_4628_sol2sanger_24,77.23561759743546,39.85085814918873
epigenomics_4628_sol2sanger_25,86.81879066464379,49.82057334372642
epigenomics_4628_sol2sanger_26,91.13714865885746,64.1332029509907
epigenomics_4628_sol2sanger_27,78.26149757603034,29.746256890663464
epigenomics_4628_sol2sanger_28,76.95156253761563,36.513771590296514
epigenomics_4628_sol2sanger_29,90.00084353903377,39.566763927211184
epigenomics_4628_sol2sanger_30,84.5886832161093,56.70280239526501
epigenomics_4628_sol2sanger_31,81.22577721603206,33.8192836138191
epigenomics_4628_sol2sanger_32,82.97718807916253,58.03853851042361
epigenomics_4628_sol2sanger_33,86.39965488678398,37.64330726290796
epigenomics_4628_sol2sanger_34,73.1903024641084,44.533977943557765
epigenomics_4628_sol2sanger_35,75.37062422111603,45.37868673877248
epigenomics_4628_sol2sanger_36,82.71199118311137,43.88626284423885
epigenomics_4628_sol2sanger_37,82.39554195752591,58.149683611425196
epigenomics_4628_sol2sanger_38,82.80959370169845,32.77779490720456
epigenomics_4628_sol2sanger_39,79.8069332331251,24.75487959793728
epigenomics_4628_sol2sanger_40,75.07556480701766,41.29229756808066
epigenomics_4628_sol2sanger_41,76.39703068754763,43.59187120131881
epigenomics_4628_sol2sanger_42,73.29337864573377,46.77636999001996
epigenomics_4628_sol2sanger_43,83.18039082784904,51.028404227584794
epigenomics_4628_sol2sanger_44,85.41269399037006,40.40982634421317
epigenomics_4628_sol2sanger_45,77.44838807586389,57.111209004563264
epigenomics_4628_sol2sanger_46,83.90058194470497,38.40287465867368
epigenomics_4628_sol2sanger_47,77.9791716137386,42.18138677354716
epigenomics_4628_sol2sanger_48,78.1861089512709,46.754676702267275
epigenomics_4628_sol2sanger_49,82.53682901159806,30.90138969975015
epigenomics_4628_sol2sanger_50,76.62984854887937,45.42502197854977
epigenomics_4628_sol2sanger_51,83.22231551642037,47.27849602305777
epigenomics_4628_sol2sanger_52,73.1885499695984,51.85892420089202
epigenomics_4628_sol2sanger_53,84.90745676898875,46.21944965066029
epigenomics_4628_sol2sanger_54,80.70797636511271,42.32138912741147
epigenomics_4628_sol2sanger_55,75.44054515077981,50.78808583238392
epigenomics_4628_sol2sanger_56,84.45538386862648,39.114286066118055
epigenomics_4628_sol2sanger_57,75.28746065283926,47.599810173755955
epigenomics_4628_sol2sanger_58,80.69765998094418,55.14427192884139
epigenomics_4628_sol2sanger_59,76.20728047251694,41.301529469002
epigenomics_4628_sol2sanger_60,79.83362042176566,29.666000246230638
epigenomics_4628_sol2sanger_61,76.06567181855961,41.79447633213576
epigenomics_4628_sol2sanger_62,87.68729962021348,42.26488619435479
epigenomics_4628_sol2sanger_63,83.57732335313055,41.15154101477246
epigenomics_4628_sol2sanger_64,81.43431645933323,52.0104615129705
epigenomics_4628_sol2sanger_65,81.90122385379232,44.16099155882786
epigenomics_4628_sol2sanger_66,76.59872723559074,41.48808118090327
epigenomics_4628_sol2sanger_67,73.45168407097377,52.31441671753839
epigenomics_4628_sol2sanger_68,77.11817130816408,42.50159493273335
epigenomics_4628_sol2sanger_69,74.80661577980504,61.24448466885181
epigenomics_4628_sol2sanger_70,81.84059219777322,53.716479241708065
epigenomics_4628_sol2sanger_71,76.2122772275163,44.235637551735735
epigenomics_4628_sol2sanger_72,84.37183550311521,37.1042876343019
epigenomics_4628_sol2sanger_73,79.00445154750483,38.77811973493913
epigenomics_4628_sol2sanger_74,83.12710978247654,36.04287761024884
epigenomics_4628_sol2sanger_75,78.68084425422413,33.02324155627268
epigenomics_4628_sol2sanger_76,82.67641352612506,45.47805832938735
epigenomics_4628_sol2sanger_77,84.4031256105089,58.207059511977654
epigenomics_4628_sol2sanger_78,73.72669286843592,48.36355107596326
epigenomics_4628_sol2sanger_79,72.18422910515918,29.574401263692174
epigenomics_4628_sol2sanger_80,79.82527014106665,49.51000599385107
epigenomics_4628_sol2sanger_81,72.57335719022771,34.66815025183331
epigenomics_4628_sol2sanger_82,85.63534380648346,46.37321196892674
epigenomics_4628_sol2sanger_83,83.96219193397569,56.69525888499726
epigenomics_4628_sol2sanger_84,80.82297517257422,35.1068307465013
epigenomics_4628_sol2sanger_85,79.91808860477325,38.452429141583345
epigenomics_4628_sol2sanger_86,85.66601587479968,49.78109309560026
epigenomics_4628_sol2sanger_87,78.69771991349289,46.75343590476255
epigenomics_4628_sol2sanger_88,75.02910376457781,46.75344114482681
epigenomics_4628_sol2sanger_89,72.89414413443022,49.61350732238844
epigenomics_4628_sol2sanger_90,81.67530782616905,51.33542654798511
epigenomics_4628_sol2sanger_91,79.12599764339781,34.55874465699405
epigenomics_4628_sol2sanger_92,78.87925470584162,46.27688867505041
epigenomics_4628_sol2sanger_93,81.14565188200724,54.305703502494964
epigenomics_4628_sol2sanger_94,91.16255434892399,37.4943372862252
epigenomics_4628_sol2sanger_95,93.77889889475549,44.628541200564435
epigenomics_4628_sol2sanger_96,81.45241386429842,35.656184904783615
epigenomics_4628_sol2sanger_97,67.88954605769719,35.726020269102456
epigenomics_4628_sol2sanger_98,78.3159407501265,30.534090680778625
epigenomics_4628_sol2sanger_99,85.05752441424147,57.960678190387846
epigenomics_4628_sol2sanger_100,78.97080908713174,46.74176618858968
epigenomics_4628_sol2sanger_101,81.84040058035124,51.57824810325376
epigenomics_4628_sol2sanger_102,81.98641746094152,44.1547424790031
epigenomics_4628_sol2sanger_103,74.37926964312632,46.81749133650262
epigenomics_4628_sol2sanger_104,79.0798548647995,43.01556586004559
epigenomics_4628_sol2sanger_105,71.87790813214025,51.505407253951155
epigenomics_4628_sol2sanger_106,77.51107593214574,42.984762615566424
epigenomics_4628_sol2sanger_107,75.58606111044628,39.41904423799788
epigenomics_4628_sol2sanger_108,81.67274656374269,42.21245744418002
epigenomics_4628_sol2sanger_109,81.62907398357386,34.31334423279063
epigenomics_4628_sol2sanger_110,75.31570828371918,57.20883225937018
epigenomics_4628_sol2sanger_111,82.28461682239373,42.583392822073115
epigenomics_4628_sol2sanger_112,78.91838215428598,55.13243470545048
epigenomics_4628_sol2sanger_113,79.08510057493045,35.8358602589723
epigenomics_4628_sol2sanger_114,81.59948494824624,50.01649775426392
epigenomics_4628_sol2sanger_115,85.1076803787174,53.05861375243708
epigenomics_4628_sol2sanger_116,85.75166704557664,43.97735476591825
epigenomics_4628_sol2sanger_117,77.62997402971504,48.957705722333294
epigenomics_4628_sol2sanger_118,82.26242483812176,40.614103543311096
epigenomics_4628_sol2sanger_119,76.61867802815804,34.19631368689975
epigenomics_4628_sol2sanger_120,80.71332638619802,47.30651007419481
epigenomics_4628_sol2sanger_121,75.61661035792818,44.40708630012795
epigenomics_4628_sol2sanger_122,76.95272718256058,39.87348585910768
epigenomics_4628_sol2sanger_123,85.02102413852408,49.05942840400271
epigenomics_4628_sol2sanger_124,82.1944642839319,53.33566060891432
epigenomics_4628_sol2sanger_125,84.4605776348193,35.883176393378236
epigenomics_4628_sol2sanger_126,83.47134075077366,46.71586656863204
epigenomics_4628_sol2sanger_127,82.98310667933474,45.48150944488933
epigenomics_4628_sol2sanger_128,70.02796331245055,58.7655573988649
epigenomics_4628_sol2sanger_129,79.79688723444221,60.000175328547755
epigenomics_4628_sol2sanger_130,86.62460870282115,33.13008976885957
epigenomics_4628_sol2sanger_131,81.20510741093479,45.74507096207634
epigenomics_4628_sol2sanger_132,84.38342176677868,47.737163739002284
epigenomics_4628_sol2sanger_133,81.28944403747523,49.90459844526033
epigenomics_4628_sol2sanger_134,77.98577689265936,53.13457106498864
epigenomics_4628_sol2sanger_135,81.08503294700911,44.8049508675066
epigenomics_4628_sol2sanger_136,76.81817997846865,51.196678601299226
epigenomics_4628_sol2sanger_137,74.96059680525678,44.10157407151198
epigenomics_4628_sol2sanger_138,87.27375430970045,31.36100927454634
epigenomics_4628_sol2sanger_139,78.53909910572402,44.24574269620261
epigenomics_4628_sol2sanger_140,80.1748350179134,51.926930971697736
epigenomics_4628_sol2sanger_141,76.6963860610313,43.059326775510236
epigenomics_4628_sol2sanger_142,81.64848883280503,59.54521104388989
epigenomics_4628_sol2sanger_143,79.69882334622532,51.990100935803824
epigenomics_4628_sol2sanger_144,86.89316024529364,48.9188651153852
epigenomics_4628_sol2sanger_145,87.02647318915305,42.56814111686813
epigenomics_4628_sol2sanger_146,76.32720550042136,46.22321323334487
epigenomics_4628_sol2sanger_147,84.71329672631019,41.54453941202245
epigenomics_4628_sol2sanger_148,91.758339837562,45.047826020889275
epigenomics_4628_sol2sanger_149,85.1077662424048,45.49422284825996
epigenomics_4628_sol2sanger_150,68.25524402642196,42.44010763013819
epigenomics_4628_sol2sanger_151,86.95378737942482,30.067310196310835
epigenomics_4628_sol2sanger_152,73.34431968412999,38.991847529388245
epigenomics_4628_sol2sanger_153,79.40307916909659,57.26583272312863
epigenomics_4628_sol2sanger_154,75.67965745394973,44.258437767560345
epigenomics_4628_sol2sanger_155,84.80180428528867,52.349021111362894
epigenomics_4628_sol2sanger_156,81.89178330544124,41.56182667124749
epigenomics_4628_sol2sanger_157,84.21254968076373,49.53441144865299
epigenomics_4628_sol2sanger_158,72.32242903017087,54.6272511465137
epigenomics_4628_sol2sanger_159,72.64899171340566,37.02807229886339
epigenomics_4628_sol2sanger_160,74.71500231265674,42.30583900107585
epigenomics_4628_sol2sanger_161,73.48432959905884,48.95188518712045
epigenomics_4628_sol2sanger_162,78.92442914893539,54.13270314433851
epigenomics_4628_sol2sanger_163,84.43100568588531,34.66400394844311
epigenomics_4628_sol2sanger_164,83.63489075042956,47.29760358340292
epigenomics_4628_sol2sanger_165,72.55682824711491,42.32737193536316
epigenomics_4628_sol2sanger_166,83.049767199392,47.41962113056432
epigenomics_4628_sol2sanger_167,73.60380330425951,43.40221370969712
epigenomics_4628_sol2sanger_168,83.721989563923,49.77480716845639
epigenomics_4628_sol2sanger_169,82.31305051464808,45.21270517212474
epigenomics_4628_sol2sanger_170,86.02739070912223,37.44862508699899
epigenomics_4628_sol2sanger_171,80.28430991147127,68.07472721566633
epigenomics_4628_sol2sanger_172,79.49291869615163,45.707458001729385
epigenomics_4628_sol2sanger_173,81.22774890682706,47.94520592119038
epigenomics_4628_sol2sanger_174,78.925062497887,46.22249907301575
epigenomics_4628_sol2sanger_175,73.50314718838248,48.21773828694712
epigenomics_4628_sol2sanger_176,73.16390929132892,43.476353750688496
epigenomics_4628_sol2sanger_177,82.42559279804455,39.73379952925914
epigenomics_4628_sol2sanger_178,81.98330193733574,37.70454646149919
epigenomics_4628_sol2sanger_179,73.32591890863904,31.738013023518644
epigenomics_4628_sol2sanger_180,82.35660518600363,54.708869849629906
epigenomics_4628_sol2sanger_181,80.02778543011426,41.06231010508566
epigenomics_4628_sol2sanger_182,81.6180557964629,46.88039314276562
epigenomics_4628_sol2sanger_183,78.18007106098506,45.63944510675285
epigenomics_4628_sol2sanger_184,77.90551593588029,42.79052542410912
epigenomics_4628_sol2sanger_185,80.81255507692126,30.22854126546492
epigenomics_4628_sol2sanger_186,83.67476468466587,46.013299981828894
epigenomics_4628_sol2sanger_187,82.69737953535028,52.172737643705425
epigenomics_4628_sol2sanger_188,79.13381739905896,33.48883955853042
epigenomics_4628_sol2sanger_189,72.71738055192591,47.01728187532039
epigenomics_4628_sol2sanger_190,70.7257603094046,28.778869841934732
epigenomics_4628_sol2sanger_191,77.31001879762455,44.34576501241092
epigenomics_4628_sol2sanger_192,69.4832418632174,41.100067083114986
epigenomics_4628_sol2sanger_193,84.23543410216881,41.912875502358844
epigenomics_4628_sol2sanger_194,85.70687660959345,48.54818856639491
epigenomics_4628_sol2sanger_195,77.11704991708916,49.26414734244001
epigenomics_4628_sol2sanger_196,71.73742946038884,34.732763790209944
epigenomics_4628_sol2sanger_197,85.70081832898198,53.3511110202336
epigenomics_4628_sol2sanger_198,83.5113922283999,43.33147697377866
epigenomics_4628_sol2sanger_199,75.30532302548585,42.43918823615728
epigenomics_4628_sol2sanger_200,80.2765541302208,40.47583574773437
epigenomics_4628_sol2sanger_201,75.97721120720959,51.28947155872885
epigenomics_4628_sol2sanger_202,70.38558332155353,52.2811402006922
epigenomics_4628_sol2sanger_203,74.62299214086514,47.332814087159925
epigenomics_4628_sol2sanger_204,78.79789978145705,39.1452749763379
epigenomics_4628_sol2sanger_205,82.99248302013588,45.94274028109792
epigenomics_4628_sol2sanger_206,77.08602242382163,56.86498467346952
epigenomics_4628_sol2sanger_207,80.67654529138746,54.19446772396127
epigenomics_4628_sol2sanger_208,77.28749386222067,40.772694463764
epigenomics_4628_sol2sanger_209,79.3709986651026,44.73450210348839
epigenomics_4628_sol2sanger_210,86.45738752679554,41.56082694013021
epigenomics_4628_sol2sanger_211,79.79896577951494,39.20583464042691
epigenomics_4628_sol2sanger_212,78.87638664220793,39.681834248037646
epigenomics_4628_sol2sanger_213,87.04913846213692,48.880592271012645
epigenomics_4628_sol2sanger_214,86.01355818164699,43.41155444016742
epigenomics_4628_sol2sanger_215,77.1155447829327,52.87608769844035
epigenomics_4628_sol2sanger_216,78.76002843072264,47.99481677130973
epigenomics_4628_sol2sanger_217,76.23481690528654,41.879833129694994
epigenomics_4628_sol2sanger_218,76.18831737401696,47.69334375387804
epigenomics_4628_sol2sanger_219,73.73043947516025,47.351074259151076
epigenomics_4628_sol2sanger_220,81.53942227809335,34.08966361687085
epigenomics_4628_sol2sanger_221,79.7034968556014,37.74443338255931
epigenomics_4628_sol2sanger_222,81.00519261190362,43.48835468266413
epigenomics_4628_sol2sanger_223,80.46708433195788,38.740412115827176
epigenomics_4628_sol2sanger_224,75.61104137757306,51.486924044767335
epigenomics_4628_sol2sanger_225,73.73233768414596,43.33281821334862
epigenomics_4628_sol2sanger_226,80.50112208436954,43.440484205718874
epigenomics_4628_sol2sanger_227,75.85518605975963,37.86132319915883
epigenomics_4628_sol2sanger_228,76.62417492037495,52.84434774954637
epigenomics_4628_sol2sanger_229,77.21737476436107,39.93180919349887
epigenomics_4628_sol2sanger_230,74.54375508806442,39.25037784705478
epigenomics_4628_sol2sanger_231,82.43937949191356,52.32274531837641
epigenomics_4628_sol2sanger_232,84.92602364245471,41.984981159427775
epigenomics_4628_sol2sanger_233,75.6492605555123,34.426161899763365
epigenomics_4628_sol2sanger_234,74.17822625001125,55.862331213453324
epigenomics_4628_sol2sanger_235,85.11774508873143,47.65780259359299
epigenomics_4628_sol2sanger_236,75.76047013201365,48.58711929538766
epigenomics_4628_sol2sanger_237,77.34388278105298,50.07889387004631
epigenomics_4628_sol2sanger_238,79.26638403426706,49.582663942590074
epigenomics_4628_sol2sanger_239,86.22724975834663,55.83109456057145
epigenomics_4628_sol2sanger_240,85.10205968549836,55.43805397127363
epigenomics_4628_sol2sanger_241,83.48071853039994,52.21953369911354
epigenomics_4628_sol2sanger_242,80.33654342334138,46.97343511440917
epigenomics_4628_sol2sanger_243,77.26848384812871,50.038066612098646
epigenomics_4628_sol2sanger_244,84.6688548753456,45.85129946713556
epigenomics_4628_sol2sanger_245,82.26443816639357,31.69340440562587
epigenomics_4628_sol2sanger_246,90.97961390569962,39.689643137120186
epigenomics_4628_sol2sanger_247,82.09579471735553,49.706597966938745
epigenomics_4628_sol2sanger_248,84.00581425720569,57.9221780445441
epigenomics_4628_sol2sanger_249,84.24452424375889,49.08622613589674
epigenomics_4628_sol2sanger_250,80.66879843338577,33.01442601470352
epigenomics_4628_sol2sanger_251,86.32610985675564,50.10101658203361
epigenomics_4628_sol2sanger_252,86.19498695278726,38.976760294661794
epigenomics_4628_sol2sanger_253,77.70553837353737,39.5213892199878
epigenomics_4628_sol2sanger_254,79.52024117039944,59.04057394280772
epigenomics_4628_sol2sanger_255,78.70065479377185,58.363741557967025
epigenomics_4628_sol2sanger_256,80.79846879482652,51.61590684331165
epigenomics_4628_sol2sanger_257,75.05075353092485,49.36819969282383
epigenomics_4628_sol2sanger_258,83.61424534243977,48.113509003885326
epigenomics_4628_sol2sanger_259,84.38760120459303,52.26307926908644
epigenomics_4628_sol2sanger_260,74.9522252809917,44.49169080564063
epigenomics_4628_sol2sanger_261,75.84598988566292,41.345511121771146
epigenomics_4628_sol2sanger_262,79.51154206517207,43.81049607784593
epigenomics_4628_sol2sanger_263,82.21336056104352,56.749900289956365
epigenomics_4628_sol2sanger_264,89.13831650659424,53.280311456773504
epigenomics_4628_sol2sanger_265,87.69560869256163,24.868728996152853
epigenomics_4628_sol2sanger_266,90.34555577012428,51.44529884226769
epigenomics_4628_sol2sanger_267,77.24737310488814,30.210977882025496
epigenomics_4628_sol2sanger_268,81.94447075867463,38.90316569539303
epigenomics_4628_sol2sanger_269,86.4159011188049,58.29000908768619
epigenomics_4628_sol2sanger_270,76.41197202571789,48.207876184226585
epigenomics_4628_sol2sanger_271,82.67090617875358,52.70613948361222
epigenomics_4628_sol2sanger_272,83.12390348663631,43.97304664998417
epigenomics_4628_sol2sanger_273,75.98367789383376,49.52215772958735
epigenomics_4628_sol2sanger_274,84.0658493977223,54.95708245708976
epigenomics_4628_sol2sanger_275,79.28678419873883,38.49041197630412
epigenomics_4628_sol2sanger_276,73.2972448782331,39.74101517615528
epigenomics_4628_sol2sanger_277,83.36911241144799,38.079373516611916
epigenomics_4628_sol2sanger_278,83.21393003238883,56.615088133530755
epigenomics_4628_sol2sanger_279,72.4146201493521,54.445739765257116
epigenomics_4628_sol2sanger_280,77.29727267995946,43.603645836848806
epigenomics_4628_sol2sanger_281,82.50509407380707,43.583830694352336
epigenomics_4628_sol2sanger_282,75.51386351374644,46.37259609553232
epigenomics_4628_sol2sanger_283,80.30761453564139,42.37964016167132
epigenomics_4628_sol2sanger_284,80.64368801214152,36.05781092485326
epigenomics_4628_sol2sanger_285,80.57744917332063,51.59858432293717
epigenomics_4628_sol2sanger_286,75.54345246105453,59.450261939889906
epigenomics_4628_sol2sanger_287,73.5219310178964,47.63767714400194
epigenomics_4628_sol2sanger_288,83.142373541984,43.01508389982512
epigenomics_4628_sol2sanger_289,86.98651403403778,52.51502322429098
epigenomics_4628_sol2sanger_290,79.15630432762288,52.48739361643747
epigenomics_4628_sol2sanger_291,82.1997900327153,46.73624066850433
epigenomics_4628_sol2sanger_292,81.47872547339242,46.10300628948797
epigenomics_4628_sol2sanger_293,75.5356150768681,38.41544653864842
epigenomics_4628_sol2sanger_294,95.32988434357951,49.11999600089447
epigenomics_4628_sol2sanger_295,85.67720672108952,39.950696054817314
epigenomics_4628_sol2sanger_296,92.20982345363961,41.52936847582088
epigenomics_4628_sol2sanger_297,83.34842863029691,50.83142095502935
epigenomics_4628_sol2sanger_298,82.59519197713362,65.5593704524301
epigenomics_4628_sol2sanger_299,81.36778077701194,45.32427172118099
epigenomics_4628_sol2sanger_300,90.05908227932852,45.2663526290317
epigenomics_4628_sol2sanger_301,81.90899012393729,47.36777942657695
epigenomics_4628_sol2sanger_302,81.84576853986272,48.167083224621635
epigenomics_4628_sol2sanger_303,73.62166966086102,59.84472971850187
epigenomics_4628_sol2sanger_304,75.22398148895522,50.64621652133121
epigenomics_4628_sol2sanger_305,78.32350893661824,41.59528369707042
epigenomics_4628_sol2sanger_306,90.82986228977688,41.9507951500068
epigenomics_4628_sol2sanger_307,80.08022144388815,44.188912939055015
epigenomics_4628_sol2sanger_308,84.16452933023386,28.88348893798162
epigenomics_4628_sol2sanger_309,88.59330175036663,55.12057821924125
epigenomics_4628_sol2sanger_310,78.87872020545265,63.96280415847386
epigenomics_4628_sol2sanger_311,75.86028071562241,40.18747887154956
epigenomics_4628_sol2sanger_312,79.88124952625652,49.16170521693399
epigenomics_4628_sol2sanger_313,79.92868088368562,43.2901398624301
epigenomics_4628_sol2sanger_314,70.93623472076303,50.249585607038576
epigenomics_4628_sol2sanger_315,76.3500334856207,49.24212075073254
epigenomics_4628_sol2sanger_316,75.72535393050717,63.16798754694875
epigenomics_4628_sol2sanger_317,82.73618339149827,39.39324971606338
epigenomics_4628_sol2sanger_318,82.20432710702084,29.53716829812915
epigenomics_4628_sol2sanger_319,83.34247925623913,31.802644939520675
epigenomics_4628_sol2sanger_320,79.37255616781302,43.18581024612441
epigenomics_4628_sol2sanger_321,84.00345481992024,48.95356648588719
epigenomics_4628_sol2sanger_322,85.44685873350186,40.54551680857905
epigenomics_4628_sol2sanger_323,81.6190102335738,44.348639793080245
epigenomics_4628_sol2sanger_324,81.30999790760616,55.9962390899866
epigenomics_4628_sol2sanger_325,73.18980364177223,44.00882162587835
epigenomics_4628_sol2sanger_326,86.51899626110405,38.80517078699284
epigenomics_4628_sol2sanger_327,80.60405629982696,46.237007359070375
epigenomics_4628_sol2sanger_328,85.37892141331461,37.37924593517444
epigenomics_4628_sol2sanger_329,75.2016181217933,38.17225793526687
epigenomics_4628_sol2sanger_330,78.86726893203512,29.041673017061562
epigenomics_4628_sol2sanger_331,78.68950598668506,45.04930586929558
epigenomics_4628_sol2sanger_332,77.04173958907388,49.533402398098495
epigenomics_4628_sol2sanger_333,75.290347833395,37.824048912547056
epigenomics_4628_sol2sanger_334,78.5452451504047,38.78978492908443
epigenomics_4628_sol2sanger_335,76.1198830346758,39.310913196156825
epigenomics_4628_sol2sanger_336,83.3160359785132,40.67305834256504
epigenomics_4628_sol2sanger_337,73.67156276128179,36.67647673833652
epigenomics_4628_sol2sanger_338,79.8941374724017,39.825699755022555
epigenomics_4628_sol2sanger_339,82.40349037972862,27.278810696611366
epigenomics_4628_sol2sanger_340,84.55045789766348,50.01632159955962
epigenomics_4628_sol2sanger_341,86.46728861528287,44.736086723231736
epigenomics_4628_sol2sanger_342,83.21485364009355,36.20436560658384
epigenomics_4628_sol2sanger_343,80.26737355932221,46.322781785895195
epigenomics_4628_sol2sanger_344,78.76072772658483,43.842651992046676
epigenomics_4628_sol2sanger_345,72.43189037608889,45.697587620942166
epigenomics_4628_sol2sanger_346,85.35903810568296,43.897330054810816
epigenomics_4628_sol2sanger_347,75.51550296323117,32.2902897110216
epigenomics_4628_sol2sanger_348,72.0982396056934,65.72822385105209
epigenomics_4628_sol2sanger_349,78.83962877780152,44.960159223921494
epigenomics_4628_sol2sanger_350,86.07415794772739,43.27270709301063
epigenomics_4628_sol2sanger_351,77.46886766048732,39.2111595395453
epigenomics_4628_sol2sanger_352,79.2893613387314,41.98643593731632
epigenomics_4628_sol2sanger_353,79.53139394856893,61.08633214427219
epigenomics_4628_sol2sanger_354,81.78228900566424,46.75257235011869
epigenomics_4628_sol2sanger_355,87.92387539419859,42.36088876940087
epigenomics_4628_sol2sanger_356,75.84721129640907,46.784495378889694
epigenomics_4628_sol2sanger_357,74.92948989540702,55.57553003893388
epigenomics_4628_sol2sanger_358,79.94692287831327,51.69367899052121
epigenomics_4628_sol2sanger_359,84.25054312589283,27.423694184233366
epigenomics_4628_sol2sanger_360,83.91287677682057,47.6747410863476
epigenomics_4628_sol2sanger_361,83.31439694890936,50.34366540214222
epigenomics_4628_sol2sanger_362,78.5867455032593,40.09925947153501
epigenomics_4628_sol2sanger_363,75.82923528639355,37.188722071480974
epigenomics_4628_sol2sanger_364,76.4620874336475,40.33261591869061
epigenomics_4628_sol2sanger_365,84.81600350990796,38.21187190797553
epigenomics_4628_sol2sanger_366,83.56995949778461,43.88190182024207
epigenomics_4628_sol2sanger_367,77.98768535799672,33.70551708094287
epigenomics_4628_sol2sanger_368,85.23133026371531,56.70235634280601
epigenomics_4628_sol2sanger_369,77.66536197437512,45.64970583748559
epigenomics_4628_sol2sanger_370,82.40032091543608,47.270226463903214
epigenomics_4628_sol2sanger_371,85.00605400912802,47.06491532118733
epigenomics_4628_sol2sanger_372,81.43975961629901,48.7537883564773
epigenomics_4628_sol2sanger_373,80.6013878063356,50.795673227594236
epigenomics_4628_sol2sanger_374,75.73836607867453,54.39214659447566
epigenomics_4628_sol2sanger_375,82.58577399399314,47.735033330135806
epigenomics_4628_sol2sanger_376,81.05004648630351,51.081078095675316
epigenomics_4628_sol2sanger_377,82.19644234695926,34.274852927088
epigenomics_4628_sol2sanger_378,81.73689363592487,42.95801541882696
epigenomics_4628_sol2sanger_379,74.58294038638911,39.31166158616266
epigenomics_4628_sol2sanger_380,78.93424236750555,42.844411590086004
epigenomics_4628_sol2sanger_381,76.31359996488767,69.10068531544519
epigenomics_4628_sol2sanger_382,78.59912148968661,43.92114025319596
epigenomics_4628_sol2sanger_383,89.25918142155544,52.09209149804506
epigenomics_4628_sol2sanger_384,82.173556048899,34.962835223234286
epigenomics_4628_sol2sanger_385,79.14695153491992,42.31179805556681
epigenomics_4628_sol2sanger_386,75.88561331347903,60.024307819504045
epigenomics_4628_sol2sanger_387,87.72750523724979,37.46816411447381
epigenomics_4628_sol2sanger_388,76.16067152373037,60.84242078836813
epigenomics_4628_sol2sanger_389,80.38147377649103,45.163131383096925
epigenomics_4628_sol2sanger_390,76.06634222728118,32.804370032686165
epigenomics_4628_sol2sanger_391,76.8773769335873,35.03562381919102
epigenomics_4628_sol2sanger_392,73.84558837884515,31.121093066788625
epigenomics_4628_sol2sanger_393,76.4764395561368,34.833333225051284
epigenomics_4628_sol2sanger_394,70.49129789098934,31.077700781062465
epigenomics_4628_sol2sanger_395,80.19362053176091,49.25223007312651
epigenomics_4628_sol2sanger_396,84.89020327691986,48.65028987164671
epigenomics_4628_sol2sanger_397,75.89164955752048,50.797698074088736
epigenomics_4628_sol2sanger_398,78.93121780762142,47.71683080406012
epigenomics_4628_sol2sanger_399,89.16009427657332,31.63004091408696
epigenomics_4628_sol2sanger_400,79.56134141599975,30.74254208281608
epigenomics_4628_sol2sanger_401,81.97473574534948,49.37445652954278
epigenomics_4628_sol2sanger_402,75.04677727264094,43.369829689621234
epigenomics_4628_sol2sanger_403,75.59959361169729,45.02793402006257
epigenomics_4628_sol2sanger_404,83.59854591148623,55.023523939541704
epigenomics_4628_sol2sanger_405,80.03070769270212,45.59312935515783
epigenomics_4628_sol2sanger_406,79.0571674633376,54.472345155003985
epigenomics_4628_sol2sanger_407,82.73316551333767,58.23577572688231
epigenomics_4628_sol2sanger_408,83.95472590295435,51.95938629886886
epigenomics_4628_sol2sanger_409,86.65905226465699,49.64416681910249
epigenomics_4628_sol2sanger_410,77.11768459496241,51.005001018775936
epigenomics_4628_sol2sanger_411,76.11409059827774,45.97366455630449
epigenomics_4628_sol2sanger_412,78.26487778054872,42.89950768478407
epigenomics_4628_sol2sanger_413,84.77269505585988,46.62434389891112
epigenomics_4628_sol2sanger_414,86.73974031390404,28.47569704199252
epigenomics_4628_sol2sanger_415,70.93058186323239,31.013205743560775
epigenomics_4628_sol2sanger_416,80.22293960998637,37.355983879611756
epigenomics_4628_sol2sanger_417,89.51935411163598,49.79106504084194
epigenomics_4628_sol2sanger_418,81.51599808583616,38.6166880548312
epigenomics_4628_sol2sanger_419,90.96586800267738,44.19315385227009
epigenomics_4628_sol2sanger_420,81.65533387781579,38.88759312777802
epigenomics_4628_sol2sanger_421,76.39685902630161,29.21864786249634
epigenomics_4628_sol2sanger_422,87.63806187404415,48.180990956046685
epigenomics_4628_sol2sanger_423,71.86683390812334,46.605552198404915
epigenomics_4628_sol2sanger_424,87.49754269111052,46.42127375408459
epigenomics_4628_sol2sanger_425,73.89546643737926,37.150820795017154
epigenomics_4628_sol2sanger_426,82.58361099992983,33.21574552494589
epigenomics_4628_sol2sanger_427,89.62606723383291,37.09560826423999
epigenomics_4628_sol2sanger_428,76.76437559020005,45.07981662357704
epigenomics_4628_sol2sanger_429,79.43923514642374,41.205850928485496
epigenomics_4628_sol2sanger_430,85.65134256273068,29.148120914407393
epigenomics_4628_sol2sanger_431,70.41618869525794,32.82886233259356
epigenomics_4628_sol2sanger_432,79.78141514756304,38.953459442855255
epigenomics_4628_sol2sanger_433,80.94596766525108,42.71669547786594
epigenomics_4628_sol2sanger_434,76.28203327783991,57.1045979265982
epigenomics_4628_sol2sanger_435,71.52821959605396,31.856487452465565
epigenomics_4628_sol2sanger_436,82.82656054141904,35.82938016586614
epigenomics_4628_sol2sanger_437,69.03085227165907,45.94156297839459
epigenomics_4628_sol2sanger_438,84.87207087290831,38.75211879561613
epigenomics_4628_sol2sanger_439,83.57679301228839,44.90006968331368
epigenomics_4628_sol2sanger_440,82.74908859106208,43.183675476933026
epigenomics_4628_sol2sanger_441,74.87780530765937,52.60603736303003
epigenomics_4628_sol2sanger_442,79.7173475791166,42.23681148887411
epigenomics_4628_sol2sanger_443,84.22958977423427,38.65820408307992
epigenomics_4628_sol2sanger_444,90.25541936386173,56.80747046131016
epigenomics_4628_sol2sanger_445,81.13126563556389,58.60885610857455
epigenomics_4628_sol2sanger_446,77.3086509922893,46.941060846785426
epigenomics_4628_sol2sanger_447,78.30879545245456,39.267621494387264
epigenomics_4628_sol2sanger_448,77.92016577201849,46.32326761199212
epigenomics_4628_sol2sanger_449,75.67069829325759,36.58041494487433
epigenomics_4628_sol2sanger_450,91.18852124263155,36.966240865146005
epigenomics_4628_sol2sanger_451,73.74775877736482,27.46552825106969
epigenomics_4628_sol2sanger_452,77.05028238146683,37.52642631127539
epigenomics_4628_sol2sanger_453,85.39480753521865,29.479123471785503
epigenomics_4628_sol2sanger_454,73.98746597212731,51.14241977324804
epigenomics_4628_sol2sanger_455,80.32522473951201,51.40021072029403
epigenomics_4628_sol2sanger_456,80.7254615579768,43.27009707497286
epigenomics_4628_sol2sanger_457,82.91961571216245,45.785238791788494
epigenomics_4628_sol2sanger_458,84.11626969415374,50.81161739265747
epigenomics_4628_sol2sanger_459,80.69319295394033,56.59449997539472
epigenomics_4628_sol2sanger_460,78.12092918525795,41.63244413582206
epigenomics_4628_sol2sanger_461,84.43650602656788,49.85608895296278
epigenomics_4628_sol2sanger_462,85.53200776530429,34.24401201667221
epigenomics_4628_sol2sanger_463,76.93185317214602,37.95966786067004
epigenomics_4628_sol2sanger_464,79.44844290085786,32.50501450373912
epigenomics_4628_sol2sanger_465,81.92847324911115,43.214494970612286
epigenomics_4628_sol2sanger_466,78.38703478714515,39.52753432053068
epigenomics_4628_sol2sanger_467,75.999496927923,35.9694889316579
epigenomics_4628_sol2sanger_468,78.16234039288587,57.81775679263981
epigenomics_4628_sol2sanger_469,81.76824327865974,51.970606146625684
epigenomics_4628_sol2sanger_470,75.17943433165881,52.18033028593399
epigenomics_4628_sol2sanger_471,76.99598664868887,51.47589640171642
epigenomics_4628_sol2sanger_472,77.80007506595139,41.59273428162345
epigenomics_4628_sol2sanger_473,79.70605976790563,43.2663031375143
epigenomics_4628_sol2sanger_474,75.18249832211453,35.72531374214395
epigenomics_4628_sol2sanger_475,81.20997312931271,42.68364518150189
epigenomics_4628_sol2sanger_476,85.77434476833199,43.0568430101916
epigenomics_4628_sol2sanger_477,82.16086687166668,46.88742636304572
epigenomics_4628_sol2sanger_478,82.87197790948389,47.83429578074154
epigenomics_4628_sol2sanger_479,91.5020969761978,50.78336790791794
epigenomics_4628_sol2sanger_480,80.84138345955739,44.491965147656536
epigenomics_4628_sol2sanger_481,81.54334681250569,42.86687334681328
epigenomics_4628_sol2sanger_482,80.8949528822023,44.88829214637866
epigenomics_4628_sol2sanger_483,72.82294957046274,45.29283130670729
epigenomics_4628_sol2sanger_484,78.22764019273255,40.861734646397686
epigenomics_4628_sol2sanger_485,82.91333943406183,31.7660958819216
epigenomics_4628_sol2sanger_486,76.52913898981198,39.679368499506516
epigenomics_4628_sol2sanger_487,72.72420719441074,47.18132642467437
epigenomics_4628_sol2sanger_488,82.96360269321734,36.50757165623694
epigenomics_4628_sol2sanger_489,81.3949108163011,46.259104785271596
epigenomics_4628_sol2sanger_490,88.44421293874099,39.041004392304764
epigenomics_4628_sol2sanger_491,76.57285170655221,47.042970615871624
epigenomics_4628_sol2sanger_492,71.0397033589759,61.42666236026696
epigenomics_4628_sol2sanger_493,73.3456355144526,54.739682987835174
epigenomics_4628_sol2sanger_494,72.90048845922914,47.40094319870266
epigenomics_4628_sol2sanger_495,82.00482645339761,57.283252104234464
epigenomics_4628_sol2sanger_496,83.66094254360026,43.51353200842519
epigenomics_4628_sol2sanger_497,77.94249770794474,44.638030387939565
epigenomics_4628_sol2sanger_498,86.35469954140363,42.53447766223312
epigenomics_4628_sol2sanger_499,77.71570109603684,50.07474123446878
epigenomics_4628_fast2bfq_0,45.21183920852718,80.69155107757156
epigenomics_4628_fast2bfq_1,46.0998595316151,77.1675510254239
epigenomics_4628_fast2bfq_2,51.742750746074535,80.93619291528033
epigenomics_4628_fast2bfq_3,56.59978320396603,79.40566381388861
epigenomics_4628_fast2bfq_4,41.30159647560252,75.77376871417022
epigenomics_4628_fast2bfq_5,48.70449601477455,77.0485745346585
epigenomics_4628_fast2bfq_6,40.34179128658719,80.32234023581387
epigenomics_4628_fast2bfq_7,47.913286578134496,81.39761588665021
epigenomics_4628_fast2bfq_8,48.6029900775587,93.31840784436157
epigenomics_4628_fast2bfq_9,42.492961872095414,58.73623359581958
epigenomics_4628_fast2bfq_10,46.21757989325574,88.5523217966768
epigenomics_4628_fast2bfq_11,47.19401767367314,73.95540006757122
epigenomics_4628_fast2bfq_12,46.31483766794028,74.36778922796962
epigenomics_4628_fast2bfq_13,49.182575838078066,86.56521966631438
epigenomics_4628_fast2bfq_14,35.075875581945965,80.28631570852465
epigenomics_4628_fast2bfq_15,41.84037902150001,81.86228658882872
epigenomics_4628_fast2bfq_16,43.997523803590695,74.39779923902199
epigenomics_4628_fast2bfq_17,48.51957649995832,77.3123962739759
epigenomics_4628_fast2bfq_18,51.3158098951782,78.43314434212459
epigenomics_4628_fast2bfq_19,43.104039845135524,77.58913378432803
epigenomics_4628_fast2bfq_20,43.96226799117069,83.75224672451415
epigenomics_4628_fast2bfq_21,41.587227896376874,81.20017368156728
epigenomics_4628_fast2bfq_22,47.54732729413513,79.21995823665232
epigenomics_4628_fast2bfq_23,34.512301591282835,72.91491417716317
epigenomics_4628_fast2bfq_24,44.44596531986482,83.01189989197704
epigenomics_4628_fast2bfq_25,43.52708973499476,83.6863762754833
epigenomics_4628_fast2bfq_26,61.33501014799678,89.56895480651842
epigenomics_4628_fast2bfq_27,51.6179354368397,78.7399754868701
epigenomics_4628_fast2bfq_28,49.92337399818883,72.42442365702843
epigenomics_4628_fast2bfq_29,35.65249738172364,84.88140779903354
epigenomics_4628_fast2bfq_30,52.268474581265586,71.80538572043281
epigenomics_4628_fast2bfq_31,38.976829998990056,77.52112070889793
epigenomics_4628_fast2bfq_32,48.08363554992927,79.05264303461891
epigenomics_4628_fast2bfq_33,33.98516806634308,67.50292624326806
epigenomics_4628_fast2bfq_34,48.419286633474336,75.94903973702523
epigenomics_4628_fast2bfq_35,46.58319956168953,84.46428163247738
epigenomics_4628_fast2bfq_36,44.200607875084366,82.10772081417034
epigenomics_4628_fast2bfq_37,54.206038817890786,83.39068355006386
epigenomics_4628_fast2bfq_38,49.276586580614136,78.69523096927954
epigenomics_4628_fast2bfq_39,51.35182234626885,81.19042345415671
epigenomics_4628_fast2bfq_40,40.1893751445632,69.13571025538161
epigenomics_4628_fast2bfq_41,53.91973487433287,77.95063156612142
epigenomics_4628_fast2bfq_42,45.37527405056047,74.92183615515857
epigenomics_4628_fast2bfq_43,32.280546948977964,83.87270367620671
epigenomics_4628_fast2bfq_44,45.239123102178,79.18865695458258
epigenomics_4628_fast2bfq_45,59.8241610373079,85.84591664060082
epigenomics_4628_fast2bfq_46,39.347707385319424,92.11426240089983
epigenomics_4628_fast2bfq_47,42.0240257604432,79.18807437991578
epigenomics_4628_fast2bfq_48,48.550304353769185,87.2168537432934
epigenomics_4628_fast2bfq_49,49.28623610874946,80.4534741300855
epigenomics_4628_fast2bfq_50,51.99989760079059,87.64684230280423
epigenomics_4628_fast2bfq_51,29.299131596085104,64.06698664589146
epigenomics_4628_fast2bfq_52,41.245058533243515,90.248015562129
epigenomics_4628_fast2bfq_53,56.16172280717347,92.22168041418087
epigenomics_4628_fast2bfq_54,44.64206072850375,83.19371347572657
epigenomics_4628_fast2bfq_55,59.16788260196211,107.62447154187662
epigenomics_4628_fast2bfq_56,37.5008465568028,84.36161280889861
epigenomics_4628_fast2bfq_57,58.93984203158993,75.0999693253854
epigenomics_4628_fast2bfq_58,38.960415823242464,72.2350712462961
epigenomics_4628_fast2bfq_59,53.47691457703794,90.44503671424965
epigenomics_4628_fast2bfq_60,51.478842176742155,71.9225815531457
epigenomics_4628_fast2bfq_61,47.0573969865921,71.18674795949505
epigenomics_4628_fast2bfq_62,52.638710865608736,89.42885704987032
epigenomics_4628_fast2bfq_63,42.86543314469417,78.37343230103477
epigenomics_4628_fast2bfq_64,40.535303783543576,73.42330514064108
epigenomics_4628_fast2bfq_65,36.595165440237324,79.62040848470537
epigenomics_4628_fast2bfq_66,51.271994915175405,74.72578011696258
epigenomics_4628_fast2bfq_67,46.28692118709986,86.1538530516039
epigenomics_4628_fast2bfq_68,33.914630424262356,77.8681096786818
epigenomics_4628_fast2bfq_69,42.92879034218135,78.7163875367253
epigenomics_4628_fast2bfq_70,46.71053512843261,82.24274521496987
epigenomics_4628_fast2bfq_71,49.90689096220364,81.4149687620595
epigenomics_4628_fast2bfq_72,47.85476945057603,77.01264098958642
epigenomics_4628_fast2bfq_73,47.709953579749126,87.01859267201598
epigenomics_4628_fast2bfq_74,55.441704020559825,71.9864921681492
epigenomics_4628_fast2bfq_75,41.920664677197685,74.98957101063388
epigenomics_4628_fast2bfq_76,44.35886991857543,83.02817748721843
epigenomics_4628_fast2bfq_77,50.93841092746696,81.42084385202482
epigenomics_4628_fast2bfq_78,45.53715273598869,81.32594658656753
epigenomics_4628_fast2bfq_79,67.18558166750557,67.0488318025401
epigenomics_4628_fast2bfq_80,51.84863219716255,82.39289482481418
epigenomics_4628_fast2bfq_81,46.37562971130822,83.12953075600588
epigenomics_4628_fast2bfq_82,44.07781096142867,72.46753158104923
epigenomics_4628_fast2bfq_83,36.361102345790115,78.63644838628532
epigenomics_4628_fast2bfq_84,33.85858323861332,82.44149333324691
epigenomics_4628_fast2bfq_85,46.692086366196655,80.08110780229298
epigenomics_4628_fast2bfq_86,45.72528131940373,72.46885406361477
epigenomics_4628_fast2bfq_87,46.97879446346689,84.45783642198057
epigenomics_4628_fast2bfq_88,44.54847890151169,72.30333769450574
epigenomics_4628_fast2bfq_89,41.716950419449546,73.7039826752864
epigenomics_4628_fast2bfq_90,50.014620705391714,72.33245866897481
epigenomics_4628_fast2bfq_91,41.12955790823259,84.17798883311862
epigenomics_4628_fast2bfq_92,38.87677245316981,81.45380992301345
epigenomics_4628_fast2bfq_93,45.91965861906867,78.07882482082283
epigenomics_4628_fast2bfq_94,39.106477999176455,92.50651781982555
epigenomics_4628_fast2bfq_95,45.45216776678041,83.05263261719963
epigenomics_4628_fast2bfq_96,44.3787100520477,86.58994415109429
epigenomics_4628_fast2bfq_97,40.594760172862316,88.64291048974802
epigenomics_4628_fast2bfq_98,35.614074877880746,84.4423074809875
epigenomics_4628_fast2bfq_99,49.4023859892624,71.7413955889806
epigenomics_4628_fast2bfq_100,66.8463793284641,83.17775902864652
epigenomics_4628_fast2bfq_101,45.334767984173766,64.19683292499755
epigenomics_4628_fast2bfq_102,45.00218291123681,93.44521902187205
epigenomics_4628_fast2bfq_103,43.28963723799535,75.37835602689185
epigenomics_4628_fast2bfq_104,46.47358196376468,85.95916678186003
epigenomics_4628_fast2bfq_105,38.436034038223525,79.65340632404867
epigenomics_4628_fast2bfq_106,40.33543702337975,84.45724360804854
epigenomics_4628_fast2bfq_107,47.58777929318936,82.81270191086378
epigenomics_4628_fast2bfq_108,48.0146774957119,87.18582698636196
epigenomics_4628_fast2bfq_109,58.79394586145881,89.03700637428048
epigenomics_4628_fast2bfq_110,53.567124538321266,79.45067193432915
epigenomics_4628_fast2bfq_111,49.94619777154936,79.21305013869627
epigenomics_4628_fast2bfq_112,39.993943957487744,85.35092896200969
epigenomics_4628_fast2bfq_113,44.44655084641287,66.39947604944751
epigenomics_4628_fast2bfq_114,43.867385181128405,80.14676376433486
epigenomics_4628_fast2bfq_115,45.66148682131552,88.55563913888035
epigenomics_4628_fast2bfq_116,47.75340276487329,80.19094077120842
epigenomics_4628_fast2bfq_117,47.54018812683272,79.0795948152117
epigenomics_4628_fast2bfq_118,45.940072863801575,76.92996651096833
epigenomics_4628_fast2bfq_119,54.99890188843787,86.77067048875662
epigenomics_4628_fast2bfq_120,49.06185731875743,86.0005505599365
epigenomics_4628_fast2bfq_121,50.041666893650856,87.8546488110115
epigenomics_4628_fast2bfq_122,45.43326905026276,71.65466029019541
epigenomics_4628_fast2bfq_123,40.134169022158645,88.4847074240431
epigenomics_4628_fast2bfq_124,54.895340634255916,85.02961247535045
epigenomics_4628_fast2bfq_125,33.88149850466127,90.4886036271367
epigenomics_4628_fast2bfq_126,41.881465469345194,69.04124364048758
epigenomics_4628_fast2bfq_127,45.328000436286125,83.32809992582655
epigenomics_4628_fast2bfq_128,51.64682245947719,93.41279369430657
epigenomics_4628_fast2bfq_129,37.96179399486451,80.35268722547245
epigenomics_4628_fast2bfq_130,39.38558853060875,74.58350665675678
epigenomics_4628_fast2bfq_131,43.95989271270913,71.0815566065868
epigenomics_4628_fast2bfq_132,38.6045643187509,87.52583789904843
epigenomics_4628_fast2bfq_133,45.771954714520966,78.47572144891197
epigenomics_4628_fast2bfq_134,46.38853724170189,70.32485176870914
epigenomics_4628_fast2bfq_135,41.58842239894475,86.89185958642325
epigenomics_4628_fast2bfq_136,55.49479716111752,84.30026662379215
epigenomics_4628_fast2bfq_137,35.21868548956651,68.90568379462921
epigenomics_4628_fast2bfq_138,43.4980780074138,85.83904565361105
epigenomics_4628_fast2bfq_139,50.20470946462315,89.73241174027447
epigenomics_4628_fast2bfq_140,50.36898509435562,77.07874216862422
epigenomics_4628_fast2bfq_141,27.244345638748122,75.11082868568197
epigenomics_4628_fast2bfq_142,42.88160650286767,73.28270798820334
epigenomics_4628_fast2bfq_143,39.073900695787486,82.06583081605675
epigenomics_4628_fast2bfq_144,34.675799618899276,69.89443562604656
epigenomics_4628_fast2bfq_145,41.05556674105017,91.87708252599975
epigenomics_4628_fast2bfq_146,44.94942000504612,75.98516155364524
epigenomics_4628_fast2bfq_147,42.14265928028183,72.94978637221324
epigenomics_4628_fast2bfq_148,62.7486820306942,76.96334204524702
epigenomics_4628_fast2bfq_149,48.06300348241554,69.31741703218076
epigenomics_4628_fast2bfq_150,56.443101841694634,76.55799246061068
epigenomics_4628_fast2bfq_151,47.89987096972888,79.33876084873226
epigenomics_4628_fast2bfq_152,46.067000313993326,83.06486191275765
epigenomics_4628_fast2bfq_153,37.20853094345591,75.95290830938038
epigenomics_4628_fast2bfq_154,48.67733992720403,82.9487861734317
epigenomics_4628_fast2bfq_155,45.12939499240774,80.17923815416133
epigenomics_4628_fast2bfq_156,45.90626870854223,81.3181635908233
epigenomics_4628_fast2bfq_157,39.3532000201367,91.89373591921353
epigenomics_4628_fast2bfq_158,31.808158319021288,70.69728253893052
epigenomics_4628_fast2bfq_159,53.24485149208776,75.09594249544814
epigenomics_4628_fast2bfq_160,49.327034651106,70.25530133590716
epigenomics_4628_fast2bfq_161,44.67671416764773,73.58425773055865
epigenomics_4628_fast2bfq_162,49.422479939908285,75.15612998111251
epigenomics_4628_fast2bfq_163,34.39768737342843,84.03019116007778
epigenomics_4628_fast2bfq_164,40.44502154651087,69.37890953909992
epigenomics_4628_fast2bfq_165,47.705297082403796,80.84025842530852
epigenomics_4628_fast2bfq_166,41.38438679252004,81.48708173916482
epigenomics_4628_fast2bfq_167,39.483135732000044,72.39639265488768
epigenomics_4628_fast2bfq_168,44.92460722020378,84.0434205228461
epigenomics_4628_fast2bfq_169,47.68385523188619,77.00538352249269
epigenomics_4628_fast2bfq_170,45.79836115539378,83.00575177230625
epigenomics_4628_fast2bfq_171,38.85764999965832,88.12905401034062
epigenomics_4628_fast2bfq_172,51.15324270682687,84.64700342200788
epigenomics_4628_fast2bfq_173,39.808175046213364,83.67127681664138
epigenomics_4628_fast2bfq_174,47.69276456860113,65.71555451240698
epigenomics_4628_fast2bfq_175,24.18195513786212,81.81111056580022
epigenomics_4628_fast2bfq_176,52.52316596412987,80.66117539365068
epigenomics_4628_fast2bfq_177,44.30886660308423,71.44403089037972
epigenomics_4628_fast2bfq_178,36.544202461097576,78.4018911900831
epigenomics_4628_fast2bfq_179,46.370923374092634,83.8910881786889
epigenomics_4628_fast2bfq_180,46.415428432656604,72.01922831581633
epigenomics_4628_fast2bfq_181,49.18089830942385,82.98299997733776
epigenomics_4628_fast2bfq_182,38.145244571309554,83.54865254209932
epigenomics_4628_fast2bfq_183,50.547670072894945,77.12643458221818
epigenomics_4628_fast2bfq_184,38.99279742799482,79.1440931234434
epigenomics_4628_fast2bfq_185,61.230639080727684,69.8340356191563
epigenomics_4628_fast2bfq_186,49.43219171859629,80.01259013185295
epigenomics_4628_fast2bfq_187,53.357551705074414,84.4961944464261
epigenomics_4628_fast2bfq_188,53.74328246346371,81.57378530723787
epigenomics_4628_fast2bfq_189,49.667985903112665,78.98551909578069
epigenomics_4628_fast2bfq_190,33.66273865864852,83.74583520383348
epigenomics_4628_fast2bfq_191,39.09035795934944,86.86626895681715
epigenomics_4628_fast2bfq_192,38.720194502054795,71.82507970659327
epigenomics_4628_fast2bfq_193,46.70100369043949,87.11924522314455
epigenomics_4628_fast2bfq_194,51.960610672856056,92.72210380163419
epigenomics_4628_fast2bfq_195,28.762531924425556,84.61292393890731
epigenomics_4628_fast2bfq_196,54.07414148278765,84.92106732266946
epigenomics_4628_fast2bfq_197,52.45836275815979,83.77661228169595
epigenomics_4628_fast2bfq_198,41.709456744835876,75.88487420308182
epigenomics_4628_fast2bfq_199,52.4177142698618,74.81625149141712
epigenomics_4628_fast2bfq_200,36.48482693585177,68.79049171722767
epigenomics_4628_fast2bfq_201,44.8297488727204,72.15555846554487
epigenomics_4628_fast2bfq_202,37.048614256622514,80.56692916910674
epigenomics_4628_fast2bfq_203,43.34024286156815,85.2762523912091
epigenomics_4628_fast2bfq_204,51.93252541843765,91.17308148673791
epigenomics_4628_fast2bfq_205,52.76308209603695,86.73708881867711
epigenomics_4628_fast2bfq_206,45.3775738645018,100.12698112289323
epigenomics_4628_fast2bfq_207,60.676013552772766,84.34949633942733
epigenomics_4628_fast2bfq_208,57.543817659592165,75.59587265863946
epigenomics_4628_fast2bfq_209,33.22521750965814,75.32244367298959
epigenomics_4628_fast2bfq_210,46.12188216585265,74.94903107006415
epigenomics_4628_fast2bfq_211,55.50719801142161,80.12652972901832
epigenomics_4628_fast2bfq_212,38.244486438839694,77.38152234061377
epigenomics_4628_fast2bfq_213,42.17591433629481,69.72972875232041
epigenomics_4628_fast2bfq_214,49.092609468683094,68.04900331590196
epigenomics_4628_fast2bfq_215,44.61275060892499,80.34807294210006
epigenomics_4628_fast2bfq_216,55.27751305871859,92.38093543398264
epigenomics_4628_fast2bfq_217,48.64611827455154,93.42442543426048
epigenomics_4628_fast2bfq_218,31.68767028271462,84.78271338019616
epigenomics_4628_fast2bfq_219,41.46320097987224,69.75184243504427
epigenomics_4628_fast2bfq_220,42.514070482728116,65.22748393268978
epigenomics_4628_fast2bfq_221,52.66197572341486,84.61151447598107
epigenomics_4628_fast2bfq_222,46.7139814436226,78.80434507456626
epigenomics_4628_fast2bfq_223,51.79885542618802,78.61634852574879
epigenomics_4628_fast2bfq_224,45.20810383914938,77.43754535146671
epigenomics_4628_fast2bfq_225,52.16282031373789,83.54164480065788
epigenomics_4628_fast2bfq_226,42.93599043173561,70.12565834326
epigenomics_4628_fast2bfq_227,32.58581749211769,89.2437247549954
epigenomics_4628_fast2bfq_228,50.73155288760311,84.57426168013009
epigenomics_4628_fast2bfq_229,31.851403794210057,86.21818199450259
epigenomics_4628_fast2bfq_230,47.83121037052051,80.88363731997393
epigenomics_4628_fast2bfq_231,49.39538091785674,79.04795529045539
epigenomics_4628_fast2bfq_232,46.08867317395941,73.91413072831351
epigenomics_4628_fast2bfq_233,60.39216847933143,73.97031770491714
epigenomics_4628_fast2bfq_234,37.775010986058,77.5011109867733
epigenomics_4628_fast2bfq_235,62.26098456339207,87.52679274660572
epigenomics_4628_fast2bfq_236,44.30995251428703,90.88808896403751
epigenomics_4628_fast2bfq_237,49.266540595841505,71.36214090500803
epigenomics_4628_fast2bfq_238,36.78100809411289,73.7678868700383
epigenomics_4628_fast2bfq_239,37.18384430246317,69.94425564134413
epigenomics_4628_fast2bfq_240,41.648192058224154,80.60068670733042
epigenomics_4628_fast2bfq_241,44.102074636236736,79.00508545884234
epigenomics_4628_fast2bfq_242,47.1670639046848,68.35608755724697
epigenomics_4628_fast2bfq_243,42.68006845037589,88.00873287502968
epigenomics_4628_fast2bfq_244,42.87536037013155,81.27301851280069
epigenomics_4628_fast2bfq_245,41.21840247268433,78.79774793247948
epigenomics_4628_fast2bfq_246,31.309697849078788,84.98037431092366
epigenomics_4628_fast2bfq_247,46.191470385627525,80.62073881494206
epigenomics_4628_fast2bfq_248,48.588908569159905,80.37612181223146
epigenomics_4628_fast2bfq_249,25.764100309280874,61.47764224224812
epigenomics_4628_fast2bfq_250,59.13089107491125,82.68569063178666
epigenomics_4628_fast2bfq_251,30.39028017252121,83.49496660664698
epigenomics_4628_fast2bfq_252,47.959343116564035,71.37925557023972
epigenomics_4628_fast2bfq_253,52.58408715323209,83.02046742921016
epigenomics_4628_fast2bfq_254,36.84277921753561,78.33860288512001
epigenomics_4628_fast2bfq_255,46.41268098829542,78.92687970380467
epigenomics_4628_fast2bfq_256,39.78111353297818,80.64297097510163
epigenomics_4628_fast2bfq_257,41.34880223634142,71.69135065154354
epigenomics_4628_fast2bfq_258,46.64819952670739,88.48497960532539
epigenomics_4628_fast2bfq_259,44.58871652348766,82.31022801243948
epigenomics_4628_fast2bfq_260,45.137617607227625,82.52228893481839
epigenomics_4628_fast2bfq_261,43.854861608499355,82.73663630271946
epigenomics_4628_fast2bfq_262,48.59060022826421,89.72083385355185
epigenomics_4628_fast2bfq_263,41.7874549506946,72.00468283535682
epigenomics_4628_fast2bfq_264,38.35484487946709,68.99987457871146
epigenomics_4628_fast2bfq_265,39.688203413814556,77.34613168939684
epigenomics_4628_fast2bfq_266,47.92368090606753,80.60918489454154
epigenomics_4628_fast2bfq_267,38.627372008799384,83.57201925232086
epigenomics_4628_fast2bfq_268,51.66120114163375,84.58735938578488
epigenomics_4628_fast2bfq_269,41.276305160203364,89.7452074281333
epigenomics_4628_fast2bfq_270,47.39066974607692,90.50365943827238
epigenomics_4628_fast2bfq_271,49.631982694824494,84.0335666127085
epigenomics_4628_fast2bfq_272,35.77592939046865,91.45343792897485
epigenomics_4628_fast2bfq_273,60.286766895031924,78.22768293713771
epigenomics_4628_fast2bfq_274,49.62752474178057,88.82479269916129
epigenomics_4628_fast2bfq_275,46.7249545352234,84.23689288467031
epigenomics_4628_fast2bfq_276,42.85047900427876,87.17688712384233
epigenomics_4628_fast2bfq_277,46.082632102053324,82.18974728200838
epigenomics_4628_fast2bfq_278,45.86377283094773,82.17611049103284
epigenomics_4628_fast2bfq_279,49.754581872106854,75.66072860504715
epigenomics_4628_fast2bfq_280,43.51792558847912,82.66038692970234
epigenomics_4628_fast2bfq_281,48.69993729385277,77.27134075790708
epigenomics_4628_fast2bfq_282,46.0325806135779,74.8273884686533
epigenomics_4628_fast2bfq_283,52.66292733459286,65.48342223225781
epigenomics_4628_fast2bfq_284,39.220771151807234,78.17596768574595
epigenomics_4628_fast2bfq_285,45.595087936703294,81.62067997534662
epigenomics_4628_fast2bfq_286,51.419887297422214,81.95586248279419
epigenomics_4628_fast2bfq_287,49.302506166217626,66.1561535808738
epigenomics_4628_fast2bfq_288,36.021958665831036,79.00821946319786
epigenomics_4628_fast2bfq_289,52.7275766883583,83.14686478327951
epigenomics_4628_fast2bfq_290,40.511748204093074,66.34317506427195
epigenomics_4628_fast2bfq_291,33.50759498479946,76.13077611794873
epigenomics_4628_fast2bfq_292,52.325198678916706,78.1179982385845
epigenomics_4628_fast2bfq_293,42.11066319522085,77.62225769361515
epigenomics_4628_fast2bfq_294,53.4554181970304,80.32724232783133
epigenomics_4628_fast2bfq_295,45.18776265495824,89.18634547292663
epigenomics_4628_fast2bfq_296,59.559018855644226,83.97778215600779
epigenomics_4628_fast2bfq_297,34.499376290330865,76.31474514826861
epigenomics_4628_fast2bfq_298,62.014457735853796,84.00045998170312
epigenomics_4628_fast2bfq_299,45.539470191134384,84.49600035157411
epigenomics_4628_fast2bfq_300,45.89553536452423,76.46544496194126
epigenomics_4628_fast2bfq_301,34.63118976597599,75.68683938817416
epigenomics_4628_fast2bfq_302,41.03564044688585,79.41449478257314
epigenomics_4628_fast2bfq_303,34.80118134161375,100.05804838585264
epigenomics_4628_fast2bfq_304,58.04193774949865,83.96505771904422
epigenomics_4628_fast2bfq_305,50.00094373371621,82.07435332542657
epigenomics_4628_fast2bfq_306,52.70367482595332,77.22977731461532
epigenomics_4628_fast2bfq_307,45.40437285934462,73.77467610141598
epigenomics_4628_fast2bfq_308,61.51769825866334,75.94987502402245
epigenomics_4628_fast2bfq_309,36.42041621750691,77.84190929369659
epigenomics_4628_fast2bfq_310,42.77292112848479,75.53715098490932
epigenomics_4628_fast2bfq_311,47.40958293810511,74.42863407793881
epigenomics_4628_fast2bfq_312,40.50355630289271,95.4685629610577
epigenomics_4628_fast2bfq_313,54.979254631711264,72.96459770412201
epigenomics_4628_fast2bfq_314,40.34869383403305,76.41980810704571
epigenomics_4628_fast2bfq_315,51.974199845460724,76.41437827968045
epigenomics_4628_fast2bfq_316,50.281882854102236,75.47289426736367
epigenomics_4628_fast2bfq_317,36.22113789251205,77.80362731614522
epigenomics_4628_fast2bfq_318,42.72227764662833,81.99856065857773
epigenomics_4628_fast2bfq_319,40.49954153146331,76.72985135534347
epigenomics_4628_fast2bfq_320,39.957664466020375,85.63569210558693
epigenomics_4628_fast2bfq_321,45.863491893377216,97.2734877642386
epigenomics_4628_fast2bfq_322,54.36545338057917,74.72742816630071
epigenomics_4628_fast2bfq_323,34.51927066445046,86.01913923006312
epigenomics_4628_fast2bfq_324,54.46890407347222,67.8818336578045
epigenomics_4628_fast2bfq_325,39.61845973497924,88.78144208427433
epigenomics_4628_fast2bfq_326,47.09585842011438,77.27044152114797
epigenomics_4628_fast2bfq_327,44.60510819270832,73.62087497707802
epigenomics_4628_fast2bfq_328,38.63575901631006,79.66492298702065
epigenomics_4628_fast2bfq_329,49.59923801431248,103.38406979231195
epigenomics_4628_fast2bfq_330,47.74867983874554,72.6255468401252
epigenomics_4628_fast2bfq_331,53.17009327904747,76.9619270118913
epigenomics_4628_fast2bfq_332,41.2137508712046,87.93505665890231
epigenomics_4628_fast2bfq_333,52.893572792687024,80.21532124972414
epigenomics_4628_fast2bfq_334,48.2318586668959,97.12516744539485
epigenomics_4628_fast2bfq_335,40.179932733408855,79.98230919309881
epigenomics_4628_fast2bfq_336,48.02161936439391,78.96925233753655
epigenomics_4628_fast2bfq_337,42.354709447800936,87.62650194580421
epigenomics_4628_fast2bfq_338,44.72343316176775,80.31705521365312
epigenomics_4628_fast2bfq_339,55.366000722203,86.80374599418688
epigenomics_4628_fast2bfq_340,53.5082026550929,88.57262821222021
epigenomics_4628_fast2bfq_341,39.90514773641834,80.65586892029386
epigenomics_4628_fast2bfq_342,42.45952233417748,83.70799772713345
epigenomics_4628_fast2bfq_343,49.11200578979563,80.58642229623759
epigenomics_4628_fast2bfq_344,42.034053541998084,77.34243695807915
epigenomics_4628_fast2bfq_345,51.84942639194588,88.62248575381405
epigenomics_4628_fast2bfq_346,47.918682098601266,81.1950769183552
epigenomics_4628_fast2bfq_347,55.8245595698232,74.07092844761904
epigenomics_4628_fast2bfq_348,55.963469421009,84.15413833340071
epigenomics_4628_fast2bfq_349,37.90368011404643,83.68127381798357
epigenomics_4628_fast2bfq_350,49.31737182954138,89.191917084377
epigenomics_4628_fast2bfq_351,40.5999627460768,86.51255266360822
epigenomics_4628_fast2bfq_352,45.24028372861346,78.58874593801693
epigenomics_4628_fast2bfq_353,51.809446982034686,80.0397660522031
epigenomics_4628_fast2bfq_354,34.090957223525976,87.65487920792116
epigenomics_4628_fast2bfq_355,38.58311377971181,87.1085952242477
epigenomics_4628_fast2bfq_356,40.539831167996375,94.90964491481475
epigenomics_4628_fast2bfq_357,38.41487706040473,81.34533462343377
epigenomics_4628_fast2bfq_358,45.04650317306915,74.38965579397588
epigenomics_4628_fast2bfq_359,34.79546653810773,82.80385706833626
epigenomics_4628_fast2bfq_360,50.858870717828594,78.77799038684344
epigenomics_4628_fast2bfq_361,31.684986780464996,70.51809599666511
epigenomics_4628_fast2bfq_362,52.44657734501652,69.4104074068104
epigenomics_4628_fast2bfq_363,29.06645883154296,72.26420302872747
epigenomics_4628_fast2bfq_364,37.63521390377046,78.1687237954386
epigenomics_4628_fast2bfq_365,40.56579956643966,88.45987971769921
epigenomics_4628_fast2bfq_366,54.36455142926919,85.40551246322333
epigenomics_4628_fast2bfq_367,48.314486970323706,66.96662208959776
epigenomics_4628_fast2bfq_368,47.46585703329528,83.83879715310081
epigenomics_4628_fast2bfq_369,41.64659723289146,90.30532143740365
epigenomics_4628_fast2bfq_370,39.78319728781484,90.10668142876028
epigenomics_4628_fast2bfq_371,53.32837094678861,80.54731994917607
epigenomics_4628_fast2bfq_372,41.414404541451106,75.5484800589769
epigenomics_4628_fast2bfq_373,39.16689726836745,78.89590803929445
epigenomics_4628_fast2bfq_374,36.42643534418367,80.08681725069698
epigenomics_4628_fast2bfq_375,48.716146805362555,85.77304944022795
epigenomics_4628_fast2bfq_376,53.30880944540495,93.34859330444826
epigenomics_4628_fast2bfq_377,42.021803794976606,80.81950141461999
epigenomics_4628_fast2bfq_378,40.37015881598803,79.85333250453259
epigenomics_4628_fast2bfq_379,46.45946225947432,80.76642386219382
epigenomics_4628_fast2bfq_380,35.590586725070175,84.30966271361814
epigenomics_4628_fast2bfq_381,34.387268284193986,76.72845888424155
epigenomics_4628_fast2bfq_382,44.889194888059585,77.67509739588695
epigenomics_4628_fast2bfq_383,47.89132907764012,89.65047891958197
epigenomics_4628_fast2bfq_384,48.63417408925839,76.4078200410333
epigenomics_4628_fast2bfq_385,46.49318166307317,78.41803327651483
epigenomics_4628_fast2bfq_386,44.17217239414951,76.78541468128154
epigenomics_4628_fast2bfq_387,43.68096843136422,81.30293996389133
epigenomics_4628_fast2bfq_388,47.07276711306473,75.90978788252036
epigenomics_4628_fast2bfq_389,44.49638103605211,91.61759331486375
epigenomics_4628_fast2bfq_390,52.90047467214811,76.34811070976069
epigenomics_4628_fast2bfq_391,41.154753720352225,73.48679747139559
epigenomics_4628_fast2bfq_392,43.367261194919536,78.7527855761028
epigenomics_4628_fast2bfq_393,39.29257180935272,76.48503105451819
epigenomics_4628_fast2bfq_394,28.09652301545435,77.57265788312827
epigenomics_4628_fast2bfq_395,43.50491368222309,82.3232745528031
epigenomics_4628_fast2bfq_396,37.94333194147841,79.1176963372425
epigenomics_4628_fast2bfq_397,48.877579823561355,88.07039404099478
epigenomics_4628_fast2bfq_398,42.458913210303095,79.87775872167678
epigenomics_4628_fast2bfq_399,35.052480834887504,62.02324679745711
epigenomics_4628_fast2bfq_400,53.6632474591985,78.7559146031418
epigenomics_4628_fast2bfq_401,53.8342311147225,79.40097057687863
epigenomics_4628_fast2bfq_402,33.07734966124834,72.51229886789505
epigenomics_4628_fast2bfq_403,55.940613864666226,80.57239969951326
epigenomics_4628_fast2bfq_404,45.0803982024943,77.47875412207101
epigenomics_4628_fast2bfq_405,34.680827590399055,69.82904346166384
epigenomics_4628_fast2bfq_406,44.067505790498615,92.48918409863076
epigenomics_4628_fast2bfq_407,48.956775384723684,84.87510708709016
epigenomics_4628_fast2bfq_408,36.91735227380162,87.06658284842058
epigenomics_4628_fast2bfq_409,49.58459014476765,87.71683187246137
epigenomics_4628_fast2bfq_410,34.655869716502515,86.29313686229914
epigenomics_4628_fast2bfq_411,47.32812280442297,82.13339944273567
epigenomics_4628_fast2bfq_412,50.43485019171863,90.04835380784642
epigenomics_4628_fast2bfq_413,42.86555074231103,88.7032845604099
epigenomics_4628_fast2bfq_414,49.64156640232135,78.61717818649582
epigenomics_4628_fast2bfq_415,44.302192257249864,79.64675964223126
epigenomics_4628_fast2bfq_416,45.32452244713551,76.44417006534219
epigenomics_4628_fast2bfq_417,37.483692067289375,87.4000322080019
epigenomics_4628_fast2bfq_418,47.783462597631775,69.79909009844259
epigenomics_4628_fast2bfq_419,47.0284750693443,70.01980568461121
epigenomics_4628_fast2bfq_420,38.4080188268857,87.01818079048107
epigenomics_4628_fast2bfq_421,59.183708840472036,79.45282395724605
epigenomics_4628_fast2bfq_422,51.76965416200311,72.86748720229365
epigenomics_4628_fast2bfq_423,44.68721443024678,79.01634155947771
epigenomics_4628_fast2bfq_424,40.50684681047174,70.16462608668894
epigenomics_4628_fast2bfq_425,41.66679790608545,73.89730297215344
epigenomics_4628_fast2bfq_426,48.500314274409675,89.18868341898539
epigenomics_4628_fast2bfq_427,56.31913110464242,73.7516063502142
epigenomics_4628_fast2bfq_428,29.99601387478667,89.61542187893733
epigenomics_4628_fast2bfq_429,45.53330037720407,65.13896231931216
epigenomics_4628_fast2bfq_430,40.488215837462974,89.65307180795473
epigenomics_4628_fast2bfq_431,38.66082054236357,76.4076667190086
epigenomics_4628_fast2bfq_432,64.04272615493525,71.96402068463286
epigenomics_4628_fast2bfq_433,35.35051063352725,80.22611299282948
epigenomics_4628_fast2bfq_434,44.34654863889209,85.26812802815685
epigenomics_4628_fast2bfq_435,33.18694073474509,81.79582961667306
epigenomics_4628_fast2bfq_436,31.221719702377833,80.27219259014623
epigenomics_4628_fast2bfq_437,28.813059690009784,79.95273965866113
epigenomics_4628_fast2bfq_438,43.36463304955814,79.77276694600688
epigenomics_4628_fast2bfq_439,39.629565685183934,87.33101175359721
epigenomics_4628_fast2bfq_440,48.244350047922524,71.95382174995792
epigenomics_4628_fast2bfq_441,62.3470949860413,79.3644578724882
epigenomics_4628_fast2bfq_442,51.1584834723436,66.71617464170888
epigenomics_4628_fast2bfq_443,41.71266536474491,91.36883919635679
epigenomics_4628_fast2bfq_444,38.329107980885574,84.48611350294941
epigenomics_4628_fast2bfq_445,32.46784045970414,76.12776424183635
epigenomics_4628_fast2bfq_446,53.713930471224906,59.83443308168296
epigenomics_4628_fast2bfq_447,57.27041311176819,64.8422450212361
epigenomics_4628_fast2bfq_448,33.68376201355761,76.88314237752394
epigenomics_4628_fast2bfq_449,43.68494378983334,77.25375052683904
epigenomics_4628_fast2bfq_450,39.91661998353996,85.3001388995304
epigenomics_4628_fast2bfq_451,38.25248193952791,82.73863588301471
epigenomics_4628_fast2bfq_452,36.37412618287835,84.76629499494562
epigenomics_4628_fast2bfq_453,34.069464301365706,89.13332943957141
epigenomics_4628_fast2bfq_454,41.11765261695027,78.15121246594781
epigenomics_4628_fast2bfq_455,42.53769171292923,81.80357255699568
epigenomics_4628_fast2bfq_456,46.51471377989301,71.50352421266074
epigenomics_4628_fast2bfq_457,38.28087389402562,88.17844511711128
epigenomics_4628_fast2bfq_458,44.11892442905683,67.22996259074174
epigenomics_4628_fast2bfq_459,51.36397214631754,77.09829317147302
epigenomics_4628_fast2bfq_460,46.424152361580795,85.19796142324174
epigenomics_4628_fast2bfq_461,46.384710077120246,83.89984739710998
epigenomics_4628_fast2bfq_462,42.512364002093165,76.68360518767186
epigenomics_4628_fast2bfq_463,47.76611909553374,73.13195316531723
epigenomics_4628_fast2bfq_464,44.16425198698569,87.97625119447187
epigenomics_4628_fast2bfq_465,43.78141504390113,75.02035615435346
epigenomics_4628_fast2bfq_466,28.717203584191108,97.45876955096873
epigenomics_4628_fast2bfq_467,37.644912692924194,74.83008420559791
epigenomics_4628_fast2bfq_468,46.37854759623072,83.54346673755342
epigenomics_4628_fast2bfq_469,34.364684761903504,69.25390502165362
epigenomics_4628_fast2bfq_470,40.41560183255042,75.60457983448202
epigenomics_4628_fast2bfq_471,59.24132497719634,72.86527712955936
epigenomics_4628_fast2bfq_472,47.27551184144145,72.6943629774301
epigenomics_4628_fast2bfq_473,42.076102345497894,69.12523052918216
epigenomics_4628_fast2bfq_474,41.04172556325415,71.19185633097031
epigenomics_4628_fast2bfq_475,60.27597219320636,90.08430727814226
epigenomics_4628_fast2bfq_476,40.52287528054071,80.63741711788565
epigenomics_4628_fast2bfq_477,40.50260463376901,81.76773011226167
epigenomics_4628_fast2bfq_478,55.52972930137148,77.8691277178864
epigenomics_4628_fast2bfq_479,56.14437766422745,84.7980696412779
epigenomics_4628_fast2bfq_480,61.085621263750284,75.33399583374168
epigenomics_4628_fast2bfq_481,38.02810204200263,84.13769465794975
epigenomics_4628_fast2bfq_482,43.49002505139966,72.60218896013085
epigenomics_4628_fast2bfq_483,59.79534538642133,84.65107557077717
epigenomics_4628_fast2bfq_484,46.62673943646882,79.93005745219624
epigenomics_4628_fast2bfq_485,46.744573370024725,83.48721700879958
epigenomics_4628_fast2bfq_486,33.403991306382686,77.25522796344694
epigenomics_4628_fast2bfq_487,45.119181624655646,84.4648177856997
epigenomics_4628_fast2bfq_488,48.676144899040935,91.18403470338728
epigenomics_4628_fast2bfq_489,38.17619280762814,86.8468283451775
epigenomics_4628_fast2bfq_490,46.27115475999913,77.38561231444463
epigenomics_4628_fast2bfq_491,49.544347277682434,80.32890945610706
epigenomics_4628_fast2bfq_492,34.49016033585834,76.57491453403877
epigenomics_4628_fast2bfq_493,47.64710374650112,76.4741972273075
epigenomics_4628_fast2bfq_494,45.21404339314893,74.4204625475723
epigenomics_4628_fast2bfq_495,43.579222010130806,80.89156063682478
epigenomics_4628_fast2bfq_496,45.33104464362602,82.6949408195226
epigenomics_4628_fast2bfq_497,44.1100122477497,80.26603636280606
epigenomics_4628_fast2bfq_498,46.265667784092,71.22980259995069
epigenomics_4628_fast2bfq_499,43.633029049304,68.4664794438802
epigenomics_4628_map_0,10663.202530867344,185.33269583710376
epigenomics_4628_map_1,10303.6510852379,188.7756114518732
epigenomics_4628_map_2,10119.871940599482,190.97979441842776
epigenomics_4628_map_3,9340.313869249776,182.04980349362376
epigenomics_4628_map_4,8594.94643780476,183.32829828080236
epigenomics_4628_map_5,9413.886452241077,188.53862908678144
epigenomics_4628_map_6,10001.33880342875,187.04847402157796
epigenomics_4628_map_7,10098.191126699105,176.19465007579856
epigenomics_4628_map_8,9635.354826981804,179.6589488881381
epigenomics_4628_map_9,10478.41999349796,177.35796123869767
epigenomics_4628_map_10,10203.932388829586,179.50601032505224
epigenomics_4628_map_11,9684.714284579275,189.2579529788626
epigenomics_4628_map_12,10310.695437295653,181.40785604607805
epigenomics_4628_map_13,9516.187930530046,185.0415132945348
epigenomics_4628_map_14,9297.440515149092,181.97380972072344
epigenomics_4628_map_15,10214.565794980252,183.7648965412241
epigenomics_4628_map_16,9440.50560267288,189.93255357288533
epigenomics_4628_map_17,10477.991092794005,180.28745894908715
epigenomics_4628_map_18,10841.948474948385,179.48011702565432
epigenomics_4628_map_19,10216.025198900208,182.65294615997064
epigenomics_4628_map_20,9650.081888238397,182.5912215925922
epigenomics_4628_map_21,9062.2169910982,183.93902704945154
epigenomics_4628_map_22,9267.056104023288,181.87697689725067
epigenomics_4628_map_23,9822.103412123774,180.56561402875462
epigenomics_4628_map_24,10180.06886294337,188.82027591154292
epigenomics_4628_map_25,9959.534862175746,185.48688964099935
epigenomics_4628_map_26,10330.854552045836,189.32248740083097
epigenomics_4628_map_27,9867.789326861777,194.56405894705549
epigenomics_4628_map_28,10925.506370328365,192.51690140493398
epigenomics_4628_map_29,10361.160136761504,185.47933446186914
epigenomics_4628_map_30,9151.009580834036,188.6208450102574
epigenomics_4628_map_31,10140.215890861406,189.58177612743873
epigenomics_4628_map_32,10163.471248977123,177.5841021526378
epigenomics_4628_map_33,9656.26897271322,186.3890441093658
epigenomics_4628_map_34,9042.161126578818,193.22313424218936
epigenomics_4628_map_35,9815.392909853546,182.0195460906126
epigenomics_4628_map_36,9606.78696702924,185.09176675291002
epigenomics_4628_map_37,9511.115183492751,190.34421225487833
epigenomics_4628_map_38,9626.433253988103,196.02956628575427
epigenomics_4628_map_39,9444.227482110857,179.55658133193873
epigenomics_4628_map_40,10284.01646678546,182.90103866187846
epigenomics_4628_map_41,10082.488566163123,185.32138039429677
epigenomics_4628_map_42,9947.024733543396,185.11240913087158
epigenomics_4628_map_43,9636.585345060517,181.733107149653
epigenomics_4628_map_44,10086.879026419258,181.9350344349152
epigenomics_4628_map_45,9868.310636934397,183.31407981254245
epigenomics_4628_map_46,10868.605936567057,182.47861272023303
epigenomics_4628_map_47,10274.934988104882,187.52423308901592
epigenomics_4628_map_48,10959.469440677994,192.40955543852138
epigenomics_4628_map_49,9866.47538190869,179.52509581038655
epigenomics_4628_map_50,10576.96431169066,188.58019420676362
epigenomics_4628_map_51,10453.703602210071,184.9439696890767
epigenomics_4628_map_52,10225.49002287818,195.34787577502425
epigenomics_4628_map_53,9952.393614179882,176.7921253961383
epigenomics_4628_map_54,9067.700195397474,179.85283207926037
epigenomics_4628_map_55,9651.273249710606,189.83381227492706
epigenomics_4628_map_56,10086.095241592731,192.35069306583145
epigenomics_4628_map_57,9667.942476126205,185.45858626392987
epigenomics_4628_map_58,10146.602573133221,186.39318112109797
epigenomics_4628_map_59,10305.05853243198,191.32090763797024
epigenomics_4628_map_60,9925.056708376507,182.02067520494342
epigenomics_4628_map_61,9742.598229756342,186.45900701928272
epigenomics_4628_map_62,9952.69312619829,188.6705524622879
epigenomics_4628_map_63,9498.232889714935,181.2488717509877
epigenomics_4628_map_64,10269.221139744966,182.24762901904472
epigenomics_4628_map_65,9634.435672913427,180.56802461090373
epigenomics_4628_map_66,9994.857051452884,186.2131169261106
epigenomics_4628_map_67,9801.647487673397,179.29187593588136
epigenomics_4628_map_68,9639.25503512802,182.29749150929413
epigenomics_4628_map_69,9602.081356895675,184.6147154489009
epigenomics_4628_map_70,9944.485818727968,185.46397940324172
epigenomics_4628_map_71,9603.40675704713,192.23385693223423
epigenomics_4628_map_72,10324.34246198521,180.58666465510882
epigenomics_4628_map_73,9289.333752176595,190.11107762044898
epigenomics_4628_map_74,9693.338465051578,180.29528351446166
epigenomics_4628_map_75,9694.616684645229,177.072648049035
epigenomics_4628_map_76,10015.381097508702,187.0710932576922
epigenomics_4628_map_77,9526.624208143934,186.47925610406787
epigenomics_4628_map_78,9844.161567764568,177.20090927190415
epigenomics_4628_map_79,10769.629227989772,176.82491439170101
epigenomics_4628_map_80,9840.130965567982,190.23071293751775
epigenomics_4628_map_81,9792.896467799132,181.23273878048388
epigenomics_4628_map_82,9836.144691684392,184.421127265208
epigenomics_4628_map_83,8620.655741298244,188.12994821617366
epigenomics_4628_map_84,10165.00629125949,185.68403143011165
epigenomics_4628_map_85,9032.967437581798,178.6123516650629
epigenomics_4628_map_86,9738.481845392034,184.99632404712145
epigenomics_4628_map_87,9879.192675217042,190.0437463133196
epigenomics_4628_map_88,10394.762386000839,171.6707649354624
epigenomics_4628_map_89,10204.621630642574,188.8977977268697
epigenomics_4628_map_90,9663.636962524359,185.2157063953442
epigenomics_4628_map_91,9489.363498209284,185.29797901028397
epigenomics_4628_map_92,9134.506911345597,188.5206339013533
epigenomics_4628_map_93,9748.599580590422,187.4002141186348
epigenomics_4628_map_94,10568.45065547766,184.1480532823979
epigenomics_4628_map_95,9752.535590163743,187.59495626597064
epigenomics_4628_map_96,10134.757372434313,189.6702939735826
epigenomics_4628_map_97,10058.958399442947,193.79516290041465
epigenomics_4628_map_98,10168.92107116376,189.89366233570297
epigenomics_4628_map_99,10589.028067724648,180.63118963934812
epigenomics_4628_map_100,10458.683910559012,185.75916861045758
epigenomics_4628_map_101,10152.57408586891,175.360926161887
epigenomics_4628_map_102,9420.712091178226,186.13115109046552
epigenomics_4628_map_103,10405.87674887463,192.17729470305548
epigenomics_4628_map_104,9971.5665040752,183.04231679729483
epigenomics_4628_map_105,9472.841131378735,174.3046866882128
epigenomics_4628_map_106,10288.30877301446,190.98881207023007
epigenomics_4628_map_107,10132.53894561352,193.02395165572932
epigenomics_4628_map_108,9745.917253665897,188.3202485907587
epigenomics_4628_map_109,10317.073623567607,182.11746879499958
epigenomics_4628_map_110,9002.417956768928,194.14643518630285
epigenomics_4628_map_111,9106.240014194373,183.32050460135036
epigenomics_4628_map_112,9290.226825421718,183.90225357576244
epigenomics_4628_map_113,9239.663608663423,188.3680224747324
epigenomics_4628_map_114,9526.916154720142,187.24851827932378
epigenomics_4628_map_115,10427.329327946401,184.2584901700817
epigenomics_4628_map_116,9897.626424936881,190.74797342699034
epigenomics_4628_map_117,10384.401471116906,190.47439423813674
epigenomics_4628_map_118,9550.762808695596,173.18970976972545
epigenomics_4628_map_119,10588.446542353875,183.33576475171995
epigenomics_4628_map_120,9963.18742331797,192.02069244460074
epigenomics_4628_map_121,10918.17814152648,179.7672195079152
epigenomics_4628_map_122,9809.279506240959,192.79932205302572
epigenomics_4628_map_123,10261.378746330389,184.77805584375778
epigenomics_4628_map_124,9882.05075136137,184.91331630386986
epigenomics_4628_map_125,10110.662886981017,173.98045316534512
epigenomics_4628_map_126,9999.351457587536,180.44953240956193
epigenomics_4628_map_127,9758.924462378902,183.788084073246
epigenomics_4628_map_128,9913.919295439675,175.4735830763487
epigenomics_4628_map_129,10499.178124386206,191.73526126865494
epigenomics_4628_map_130,9774.789626575412,181.32157481718897
epigenomics_4628_map_131,9851.478089629634,191.58594304501668
epigenomics_4628_map_132,10235.08486395681,186.1308068533873
epigenomics_4628_map_133,9881.261609247887,172.1100841076827
epigenomics_4628_map_134,10642.625398447792,183.2015933288992
epigenomics_4628_map_135,9900.487172897285,181.50438754898673
epigenomics_4628_map_136,10567.128175353151,183.01934042636378
epigenomics_4628_map_137,10326.974869753449,186.2952605592541
epigenomics_4628_map_138,10659.436313369375,182.29293696929682
epigenomics_4628_map_139,10071.441353760767,182.9675420908665
epigenomics_4628_map_140,10327.763633951898,183.1999563818394
epigenomics_4628_map_141,9742.945014998262,181.62073588445662
epigenomics_4628_map_142,10081.532103889022,184.36454422481836
epigenomics_4628_map_143,9240.216465891313,181.53491307790048
epigenomics_4628_map_144,9892.003818163124,182.15155885681128
epigenomics_4628_map_145,9523.960656995592,197.20429840901693
epigenomics_4628_map_146,9603.03618545799,177.24633597962602
epigenomics_4628_map_147,9748.926474872538,192.1540802553766
epigenomics_4628_map_148,9548.455636402761,183.1326068530879
epigenomics_4628_map_149,9952.140734614975,186.0791656499499
epigenomics_4628_map_150,10226.750825225201,178.95004984410457
epigenomics_4628_map_151,10394.146815441421,174.8274721569249
epigenomics_4628_map_152,9499.89630515479,196.54400245844724
epigenomics_4628_map_153,9719.215827226813,187.56843334588075
epigenomics_4628_map_154,10115.818618569987,195.28000301505685
epigenomics_4628_map_155,10180.693136358766,189.92035628100558
epigenomics_4628_map_156,10420.222145504717,187.8992935454043
epigenomics_4628_map_157,9152.37052652651,188.4830162717901
epigenomics_4628_map_158,10102.864014085117,189.31974267666558
epigenomics_4628_map_159,9896.482988295384,181.81864883144522
epigenomics_4628_map_160,10789.15477446935,184.81234202602232
epigenomics_4628_map_161,9330.108387838467,189.8973381580966
epigenomics_4628_map_162,9701.002974993187,191.14754868676846
epigenomics_4628_map_163,9843.750674088993,188.49430884643488
epigenomics_4628_map_164,9722.233093463918,183.19387490674876
epigenomics_4628_map_165,9694.06653513753,187.53515928658248
epigenomics_4628_map_166,9131.752075904082,178.99820636547128
epigenomics_4628_map_167,10166.499727604956,184.54462879677126
epigenomics_4628_map_168,9862.237603492493,183.9796154064177
epigenomics_4628_map_169,10030.485233463814,186.18777549045106
epigenomics_4628_map_170,9944.546163107094,184.44553257523702
epigenomics_4628_map_171,10537.462788653678,187.4149993989815
epigenomics_4628_map_172,10427.136310825139,178.99793306219297
epigenomics_4628_map_173,9983.73905580626,186.07588732726032
epigenomics_4628_map_174,9750.453797637601,186.1581235288771
epigenomics_4628_map_175,10090.625319904937,188.7395464528075
epigenomics_4628_map_176,10573.787581593479,188.16199866351013
epigenomics_4628_map_177,10645.282928458182,187.92191987140785
epigenomics_4628_map_178,9306.358496746969,191.033057719132
epigenomics_4628_map_179,9418.97808966329,184.87677518147672
epigenomics_4628_map_180,8974.496919211764,182.74993369258615
epigenomics_4628_map_181,10254.235389599131,186.39979016555031
epigenomics_4628_map_182,9681.509287558896,189.02398816515685
epigenomics_4628_map_183,9312.78717922931,183.39310134743354
epigenomics_4628_map_184,9877.651452172444,178.08326113626225
epigenomics_4628_map_185,9507.113289724104,182.27567962718595
epigenomics_4628_map_186,9357.454825596773,179.07454864561674
epigenomics_4628_map_187,9779.320768361931,183.26418361577058
epigenomics_4628_map_188,10299.945424506821,187.75210041879112
epigenomics_4628_map_189,9948.277197611622,179.9220993561717
epigenomics_4628_map_190,9979.788605537122,183.91132051319454
epigenomics_4628_map_191,10081.740925928563,183.67826794948934
epigenomics_4628_map_192,10234.202666748104,188.35536479681087
epigenomics_4628_map_193,10137.29695230742,191.39650627428136
epigenomics_4628_map_194,10572.724320550245,182.3527288691126
epigenomics_4628_map_195,8968.978951681123,183.4945925723743
epigenomics_4628_map_196,9578.120849413346,184.55291169014666
epigenomics_4628_map_197,9939.458471489346,182.22744498644505
epigenomics_4628_map_198,9903.590254543467,187.7678126642103
epigenomics_4628_map_199,9806.631217420043,174.45031900909922
epigenomics_4628_map_200,9668.424524989163,181.1251100324109
epigenomics_4628_map_201,9851.40724391367,181.3760528442599
epigenomics_4628_map_202,10777.421577734322,187.86499302985052
epigenomics_4628_map_203,10584.583360034754,186.5248132203486
epigenomics_4628_map_204,10022.70764047673,178.85432855196106
epigenomics_4628_map_205,10235.479205356494,192.63965985062546
epigenomics_4628_map_206,9131.899998343279,178.9776569749538
epigenomics_4628_map_207,9823.504780346144,178.65864725566541
epigenomics_4628_map_208,10211.816158099931,182.7641874404846
epigenomics_4628_map_209,9969.111016002795,192.56347235236154
epigenomics_4628_map_210,8829.07688189222,188.68788176853067
epigenomics_4628_map_211,9284.09773350377,185.34542122620468
epigenomics_4628_map_212,9782.267596830397,187.27076414962673
epigenomics_4628_map_213,10243.158084065552,194.3358567470657
epigenomics_4628_map_214,10089.879511147314,182.00981923776166
epigenomics_4628_map_215,9761.6384989791,188.93763481556746
epigenomics_4628_map_216,9927.752801055858,188.31243086635163
epigenomics_4628_map_217,9320.009752154554,177.6304810481901
epigenomics_4628_map_218,9507.673338886161,178.32964985769888
epigenomics_4628_map_219,9258.221806187907,190.6036061322888
epigenomics_4628_map_220,11184.336266950235,185.75694673359283
epigenomics_4628_map_221,10271.42317297031,187.6127670042288
epigenomics_4628_map_222,10346.812595488555,187.48936014237492
epigenomics_4628_map_223,9493.710506603715,179.24041085548706
epigenomics_4628_map_224,9869.061880970203,184.04511411129278
epigenomics_4628_map_225,9649.088683994569,191.79143679965267
epigenomics_4628_map_226,9234.58080752289,189.18750045612362
epigenomics_4628_map_227,10000.689068673288,188.99205611710374
epigenomics_4628_map_228,10387.72970245434,187.15870656129556
epigenomics_4628_map_229,10775.439651446952,187.88732538485502
epigenomics_4628_map_230,10230.513697902976,178.33520835187934
epigenomics_4628_map_231,9976.421834396786,188.36174247772843
epigenomics_4628_map_232,9507.863382997339,185.5445544872341
epigenomics_4628_map_233,8620.821356380016,183.65217266766192
epigenomics_4628_map_234,9404.840876143666,189.10887455499994
epigenomics_4628_map_235,10553.956918507012,185.30552293417668
epigenomics_4628_map_236,9973.089640523593,192.53922913101616
epigenomics_4628_map_237,11108.379444202576,181.3967344095813
epigenomics_4628_map_238,10115.14325784129,186.55486263961492
epigenomics_4628_map_239,10089.36378506204,185.72191719417725
epigenomics_4628_map_240,10267.992623850909,187.48475728261408
epigenomics_4628_map_241,10184.365370895799,184.24037900197334
epigenomics_4628_map_242,10053.130201416008,186.15918197397792
epigenomics_4628_map_243,9770.433516643101,187.60591079836206
epigenomics_4628_map_244,9423.861673989384,179.79925968979754
epigenomics_4628_map_245,9611.906329158133,180.023418060922
epigenomics_4628_map_246,10101.91496868249,183.82525867444113
epigenomics_4628_map_247,9501.85880260385,180.99215864089595
epigenomics_4628_map_248,9866.989886527945,182.62179292026747
epigenomics_4628_map_249,9302.230633715422,191.31154910841917
epigenomics_4628_map_250,10600.55398658218,187.77785784200188
epigenomics_4628_map_251,10470.948688607532,181.2801552774459
epigenomics_4628_map_252,9569.166228335165,184.16058658156095
epigenomics_4628_map_253,9569.37975253313,195.60469948016282
epigenomics_4628_map_254,10219.973471468595,185.87827943072568
epigenomics_4628_map_255,9278.63769322974,185.36426489700568
epigenomics_4628_map_256,10993.158589396215,188.85408850897286
epigenomics_4628_map_257,10676.557380428314,181.3547146422189
epigenomics_4628_map_258,10452.119088076957,173.75366305028112
epigenomics_4628_map_259,9593.591794257303,183.12295736839636
epigenomics_4628_map_260,9531.756129458254,195.24074577060028
epigenomics_4628_map_261,9601.817529797156,188.03519783608374
epigenomics_4628_map_262,10269.156901710207,188.46433759716123
epigenomics_4628_map_263,10243.002908893326,189.8394991584327
epigenomics_4628_map_264,9507.907941365018,183.35520449482954
epigenomics_4628_map_265,10601.254587473692,177.14572129505967
epigenomics_4628_map_266,9765.098331684001,194.44652981429235
epigenomics_4628_map_267,9659.68290222739,182.33022477372387
epigenomics_4628_map_268,9994.892594959145,186.03371520010143
epigenomics_4628_map_269,10307.131390730254,183.56870267591813
epigenomics_4628_map_270,10295.286040477322,181.71698575569616
epigenomics_4628_map_271,9897.737213385495,187.71759731225822
epigenomics_4628_map_272,9589.294727020264,182.69541798582324
epigenomics_4628_map_273,9974.061060968565,184.83051962463273
epigenomics_4628_map_274,10011.998997277746,184.84293451857485
epigenomics_4628_map_275,10071.305868974854,188.66936847776694
epigenomics_4628_map_276,9924.153635495322,175.17366851167918
epigenomics_4628_map_277,9948.5453930072,182.06298418599985
epigenomics_4628_map_278,10294.665793048021,188.45499070207023
epigenomics_4628_map_279,10473.147263698229,180.01352626258748
epigenomics_4628_map_280,10112.336064131901,183.4385429081466
epigenomics_4628_map_281,10684.885550291783,176.0921764121792
epigenomics_4628_map_282,10138.667680295059,185.14238534454717
epigenomics_4628_map_283,8790.198602453913,180.88850785769185
epigenomics_4628_map_284,9325.618093732299,181.2076619315348
epigenomics_4628_map_285,9970.317886050114,186.84690780125914
epigenomics_4628_map_286,9885.512821410895,191.81955167474973
epigenomics_4628_map_287,10202.063349333865,185.00721858131627
epigenomics_4628_map_288,9980.129974913178,193.75341103671198
epigenomics_4628_map_289,10372.039313113793,186.48413728406925
epigenomics_4628_map_290,9690.08784579751,178.90931294348587
epigenomics_4628_map_291,9700.656425653982,181.6446893504015
epigenomics_4628_map_292,9680.21347091196,191.77947562053976
epigenomics_4628_map_293,9877.860109629786,187.61278350075034
epigenomics_4628_map_294,9136.04573644655,177.56375980241316
epigenomics_4628_map_295,9958.03316686904,190.87420091031956
epigenomics_4628_map_296,10002.397638344339,179.73873624905315
epigenomics_4628_map_297,9874.650201396975,186.79220266908462
epigenomics_4628_map_298,10605.543500626503,186.91169179054597
epigenomics_4628_map_299,9485.881750546503,193.53560802761197
epigenomics_4628_map_300,9477.77016329939,191.30953634495475
epigenomics_4628_map_301,10323.777128769336,183.90253779775082
epigenomics_4628_map_302,9600.051190520388,179.80418479306618
epigenomics_4628_map_303,8679.014857045724,184.7741600226734
epigenomics_4628_map_304,10155.312059518674,181.14257174705367
epigenomics_4628_map_305,10932.94445027758,180.26305370166338
epigenomics_4628_map_306,10777.187327289223,183.81793185853684
epigenomics_4628_map_307,9236.874867254892,187.78631715332943
epigenomics_4628_map_308,10688.71912419262,186.9531244586338
epigenomics_4628_map_309,10760.747558352148,182.7881160777976
epigenomics_4628_map_310,9312.663013112347,181.41412642443748
epigenomics_4628_map_311,9236.913474474535,185.84860833114945
epigenomics_4628_map_312,9848.867286927656,177.62921739738812
epigenomics_4628_map_313,9783.948295768705,182.0558067379515
epigenomics_4628_map_314,9920.474043215205,185.10598086769733
epigenomics_4628_map_315,9690.567674982542,168.11701768076006
epigenomics_4628_map_316,10985.517462600417,175.4189210123436
epigenomics_4628_map_317,10205.884515783913,178.57834407867838
epigenomics_4628_map_318,9133.316826241798,187.78606372674903
epigenomics_4628_map_319,9941.009790982975,179.7652037345244
epigenomics_4628_map_320,10742.692319871405,190.52612915720056
epigenomics_4628_map_321,9929.886351073757,190.28851681309624
epigenomics_4628_map_322,9871.586236187302,188.48780115406208
epigenomics_4628_map_323,10046.198022540799,184.0075564097918
epigenomics_4628_map_324,10179.871841063732,179.0640578762263
epigenomics_4628_map_325,10458.985742013128,181.33149175960858
epigenomics_4628_map_326,9750.035015797346,180.2023743908038
epigenomics_4628_map_327,10686.861005365554,190.35416193188598
epigenomics_4628_map_328,9733.100332421433,189.82622601214027
epigenomics_4628_map_329,10723.432246628041,184.53149193539676
epigenomics_4628_map_330,9897.180284388289,176.76716291679412
epigenomics_4628_map_331,10303.174487075727,194.87740259305127
epigenomics_4628_map_332,10724.891412706771,180.7689635112486
epigenomics_4628_map_333,9473.659719138688,190.15862727808
epigenomics_4628_map_334,9063.155538959125,185.673062092317
epigenomics_4628_map_335,9647.131863209139,183.192854594286
epigenomics_4628_map_336,9636.002391314036,186.3854542393609
epigenomics_4628_map_337,10146.057264283832,180.8223932835059
epigenomics_4628_map_338,10371.941684754365,192.48310030230328
epigenomics_4628_map_339,10137.236853557182,197.9019651624154
epigenomics_4628_map_340,9905.532413946334,196.03774228415895
epigenomics_4628_map_341,11062.02876543179,180.8232459788017
epigenomics_4628_map_342,10266.638910487689,191.9347373114701
epigenomics_4628_map_343,10499.164639073166,192.44181848084276
epigenomics_4628_map_344,10656.208942296926,177.34104338031213
epigenomics_4628_map_345,10035.609023697076,187.94398419238945
epigenomics_4628_map_346,10268.923049481735,185.77472071081493
epigenomics_4628_map_347,9801.145678533161,181.83548217628436
epigenomics_4628_map_348,10497.487246742256,180.70749588476363
epigenomics_4628_map_349,10428.522724620665,179.96288227851213
epigenomics_4628_map_350,9445.397918732064,180.31016576373872
epigenomics_4628_map_351,10566.845087828993,183.48257920387684
epigenomics_4628_map_352,9038.672843297301,179.70588378717835
epigenomics_4628_map_353,9798.964436601982,182.16373507274733
epigenomics_4628_map_354,11201.682788801805,185.3029843202159
epigenomics_4628_map_355,11239.502139925791,180.53960202069575
epigenomics_4628_map_356,9891.584444207403,177.93290733215454
epigenomics_4628_map_357,10042.336154627956,182.00862834287707
epigenomics_4628_map_358,9954.507315235149,181.58739856983013
epigenomics_4628_map_359,10056.45737198635,186.04610080009675
epigenomics_4628_map_360,10070.438504831107,191.02286773723796
epigenomics_4628_map_361,9997.285316542326,187.41452433646597
epigenomics_4628_map_362,9694.065007560435,188.1569597286677
epigenomics_4628_map_363,9946.649019525541,187.48232428157354
epigenomics_4628_map_364,9663.922310498676,189.53684572046512
epigenomics_4628_map_365,10551.469996862697,178.24314420814605
epigenomics_4628_map_366,10177.40669150656,174.6437787619189
epigenomics_4628_map_367,9773.923480489942,190.93346140546853
epigenomics_4628_map_368,8609.919144368385,179.21161742239866
epigenomics_4628_map_369,9597.191996655449,176.14786772110853
epigenomics_4628_map_370,9798.289820511189,180.81683713628644
epigenomics_4628_map_371,10402.920431241786,181.50071367654144
epigenomics_4628_map_372,10664.211645792937,177.27354276342635
epigenomics_4628_map_373,9541.829697845791,183.8644232228674
epigenomics_4628_map_374,10682.17791331666,190.24491650063524
epigenomics_4628_map_375,10546.028028089433,181.82711024475685
epigenomics_4628_map_376,9546.608923511068,188.36301842996133
epigenomics_4628_map_377,9925.40962094326,181.28002763067803
epigenomics_4628_map_378,9735.004426040377,186.69793232849642
epigenomics_4628_map_379,10441.282821255485,188.42632862235686
epigenomics_4628_map_380,10268.984358813927,185.46257732966367
epigenomics_4628_map_381,9601.345990895226,179.94995266268404
epigenomics_4628_map_382,9953.229191069007,183.06346975606579
epigenomics_4628_map_383,9254.925321367562,190.29873822740623
epigenomics_4628_map_384,10815.328768841411,182.22520048217814
epigenomics_4628_map_385,10046.681429872295,188.83838353925668
epigenomics_4628_map_386,9721.599800179183,192.85604006432075
epigenomics_4628_map_387,10497.682050644838,193.3164977199214
epigenomics_4628_map_388,9176.741022311948,179.4754460096837
epigenomics_4628_map_389,9705.176525974817,180.59319369211818
epigenomics_4628_map_390,10571.281617619115,188.77185492000777
epigenomics_4628_map_391,10143.805494930837,186.26541517659902
epigenomics_4628_map_392,8775.122321416846,182.9494941835478
epigenomics_4628_map_393,9980.409778885949,189.14674678225626
epigenomics_4628_map_394,10455.737321189326,184.01901856912983
epigenomics_4628_map_395,9863.372706664213,188.0445451289066
epigenomics_4628_map_396,9637.702069976538,178.20246505361493
epigenomics_4628_map_397,9990.224514738615,180.73847955647796
epigenomics_4628_map_398,9203.199051309008,173.7312157133139
epigenomics_4628_map_399,9330.325668594702,182.8672409922393
epigenomics_4628_map_400,9880.839734746502,185.94817467170063
epigenomics_4628_map_401,10366.301366199563,183.07603490407084
epigenomics_4628_map_402,10153.795972331534,179.31947487603134
epigenomics_4628_map_403,8827.74311612031,180.3831276006018
epigenomics_4628_map_404,10979.426792660503,188.806466845341
epigenomics_4628_map_405,10477.020804613112,183.99586159506174
epigenomics_4628_map_406,9271.503919509243,183.24178295301746
epigenomics_4628_map_407,9032.00785297841,182.7261992856352
epigenomics_4628_map_408,9098.083976254335,174.89884485218326
epigenomics_4628_map_409,9281.956084100244,181.19293543578183
epigenomics_4628_map_410,9708.626423261961,183.8982659027805
epigenomics_4628_map_411,10001.485451968252,185.82500688459226
epigenomics_4628_map_412,9207.144810189771,191.9800769145867
epigenomics_4628_map_413,9907.890729507195,183.83192443973206
epigenomics_4628_map_414,10305.989820496581,188.65597310961388
epigenomics_4628_map_415,9308.536965922567,181.35981525929256
epigenomics_4628_map_416,9812.761052313434,190.49774015774287
epigenomics_4628_map_417,9990.950934789369,184.72465547599117
epigenomics_4628_map_418,10463.610170070757,183.9262496956338
epigenomics_4628_map_419,10070.182615289643,193.1340597586324
epigenomics_4628_map_420,8867.91130960897,174.95068713521204
epigenomics_4628_map_421,9795.689526504388,182.93813234644597
epigenomics_4628_map_422,10509.281675852993,177.6453600432153
epigenomics_4628_map_423,10568.655199921019,186.35224739271192
epigenomics_4628_map_424,9750.637879556776,184.7194683352878
epigenomics_4628_map_425,10252.53778903991,188.46440116342663
epigenomics_4628_map_426,9748.065448449088,185.5155284092011
epigenomics_4628_map_427,10749.139581489793,181.5087887905649
epigenomics_4628_map_428,10536.02258828236,186.2206702606213
epigenomics_4628_map_429,9558.297879624688,185.86128964006676
epigenomics_4628_map_430,10039.606164201428,188.2377844217281
epigenomics_4628_map_431,9789.202253195941,191.7965987331691
epigenomics_4628_map_432,9828.12588301127,177.18743521899884
epigenomics_4628_map_433,9650.533617449939,178.98567453730152
epigenomics_4628_map_434,9556.576302401962,172.64771790996764
epigenomics_4628_map_435,10210.755090122577,189.01887786631278
epigenomics_4628_map_436,8678.949244613086,189.9511706691781
epigenomics_4628_map_437,9912.616624087475,184.08521707035942
epigenomics_4628_map_438,10448.101969075504,183.73787004992332
epigenomics_4628_map_439,9806.650450894369,194.39062055446567
epigenomics_4628_map_440,9496.484713598355,176.53368507373455
epigenomics_4628_map_441,9045.075552367676,190.96619123853682
epigenomics_4628_map_442,9692.390723238275,188.96513568960629
epigenomics_4628_map_443,10699.806986137046,184.6847463807791
epigenomics_4628_map_444,10303.943884566173,174.19154308499938
epigenomics_4628_map_445,10099.939018858937,189.71320778234696
epigenomics_4628_map_446,10348.940328707364,177.14585821598553
epigenomics_4628_map_447,9681.380025158644,187.56487250048798
epigenomics_4628_map_448,9415.339920539871,182.76050321785985
epigenomics_4628_map_449,9944.80313901447,190.4594418690178
epigenomics_4628_map_450,9398.093966256667,182.81900194163165
epigenomics_4628_map_451,10104.73104102555,188.59570927476355
epigenomics_4628_map_452,9901.840766939475,183.55094088814363
epigenomics_4628_map_453,9984.66375250645,180.90191905076227
epigenomics_4628_map_454,10150.368078221121,185.0864511200096
epigenomics_4628_map_455,9883.701032942447,178.38218395237368
epigenomics_4628_map_456,10130.861110623964,186.87220494307215
epigenomics_4628_map_457,9858.274912550192,180.40298988920182
epigenomics_4628_map_458,9449.219838838233,188.81902853680322
epigenomics_4628_map_459,10225.306012902985,190.24529858432942
epigenomics_4628_map_460,10134.6235294444,182.89510116239407
epigenomics_4628_map_461,9490.82436448466,197.8377657496729
epigenomics_4628_map_462,10912.151535735758,181.02833506214313
epigenomics_4628_map_463,9726.864807843995,184.69034858937283
epigenomics_4628_map_464,10373.703747150095,190.1442063372744
epigenomics_4628_map_465,10057.192310716575,181.16743257080032
epigenomics_4628_map_466,8113.334588541634,177.4707794672296
epigenomics_4628_map_467,9908.892592753165,184.15769337728352
epigenomics_4628_map_468,9815.2427653616,182.96778333900164
epigenomics_4628_map_469,10451.804492595707,185.83301298564962
epigenomics_4628_map_470,10260.944549530328,195.01837450584037
epigenomics_4628_map_471,10326.954980711216,185.0542604889357
epigenomics_4628_map_472,10683.346577047188,183.49065526204097
epigenomics_4628_map_473,9822.02520544664,184.6592569830229
epigenomics_4628_map_474,10218.484029600964,176.5730944478241
epigenomics_4628_map_475,9857.728824727612,182.2522976825241
epigenomics_4628_map_476,9269.819316401796,176.50192739353528
epigenomics_4628_map_477,10220.504672033661,182.9203447101462
epigenomics_4628_map_478,10039.66234985118,180.49329702803288
epigenomics_4628_map_479,9641.412361464267,183.69406467548933
epigenomics_4628_map_480,10438.743430149834,188.484734603417
epigenomics_4628_map_481,9949.509668313489,182.33783299987732
epigenomics_4628_map_482,9370.33985979361,191.8945840312207
epigenomics_4628_map_483,10033.026947473973,176.17496490288062
epigenomics_4628_map_484,10261.557064056266,187.4316424149116
epigenomics_4628_map_485,10245.727416802072,188.2189448343875
epigenomics_4628_map_486,9485.240890613564,181.84060548269625
epigenomics_4628_map_487,10280.878292482612,178.2164302991309
epigenomics_4628_map_488,9670.104629198046,185.62701313530118
epigenomics_4628_map_489,9860.828438963805,186.4654530821239
epigenomics_4628_map_490,9587.544051118568,188.69860017645544
epigenomics_4628_map_491,9982.5173469296,186.94841859350865
epigenomics_4628_map_492,9733.010650282062,181.89145303082543
epigenomics_4628_map_493,9472.528316504737,186.65696850880994
epigenomics_4628_map_494,9302.703527398085,187.84587112717804
epigenomics_4628_map_495,9627.911117492731,189.21066655813542
epigenomics_4628_map_496,9649.655482000417,179.32955756817722
epigenomics_4628_map_497,9676.148490754955,185.85431175575906
epigenomics_4628_map_498,8977.891356496539,191.19344263406063
epigenomics_4628_map_499,9953.665652909654,182.7453236408157
epigenomics_4628_mapMerge1_0,105.31095922615725,121.28025294502972
epigenomics_4628_mapMerge1_1,106.38983955744348,113.59196402257595
epigenomics_4628_mapMerge2_0,120.41480003379873,118.70310409755295
epigenomics_4628_chr21_0,123.0571005349913,51.10810541266703
epigenomics_4628_pileup_0,185.21730001284007,97.98244459640806
